-0.0029560266050527384,0.02149772384778212,0.8854758369684406,-0.001282681133892591,0.02354588665748535,-0.6650914258011389,0.7463895372233115,0.023448160975517142,-0.013351362374041983,0.1924526244557552,-0.040265133614054024,0.08698209612514253,-0.4553593291925101,1.3479027480683208,0.2254028133096803,-0.2602094907712158,-0.11811167222310083,-0.24336662735690556,0.21270516559753985,0.32520105611155065,1.3108771446816134,-0.15410286289587177,-0.27450406884810774,0.22392788413085205,-0.047209351400835986,-0.06708346747763752,-0.030030343753083506,0.07033837414109373,0.2320635772476206,0.23543780515955015,-0.24127524200353792,-0.0611626049618718,0.0359253478722282,-0.008528703525397441,-0.330798091761281,0.2018997388259254,-0.23210195139183531,0.06588324813054722
-0.002876750213429279,0.020448711463108914,0.9027107252513618,-0.007531002315775628,0.0010921085062063193,-0.6744105214112721,0.7383173707240712,-0.01895461614110344,-0.0004278513123278271,0.2472691725131992,-0.11850368584766105,0.1512019733169543,-0.6243827750727873,1.2061703273346116,0.025512740827490783,-0.0556063442780715,-0.09824100422341121,-0.09426416695105101,-0.013385112648971029,0.41174215237025763,1.0735427955924146,-0.05024921891409148,-0.3057283075054996,0.22523849864300108,-0.0008575474220045057,-0.10908414415114843,0.011944517838160244,0.05381414846455828,0.27996324108780635,0.2492122239994593,-0.27253739907243657,-0.07980222500264551,0.02414516419963548,-0.04462170283698906,-0.29366422099841205,0.30172899024263444,-0.2880493620925392,0.07990350678197305
-0.0027977588397133627,0.020440616600207576,0.9032796625357082,-0.013312987710387155,-0.00686883210720031,-0.6748489745743149,0.737803798458439,-0.02205096402980649,-0.0006363874501997323,0.29075546819492204,-0.1549390291605367,0.1681908316798358,-0.5987788176321869,1.1143527062310445,-0.21957771003445328,0.03179858249097108,-0.05766850734300016,-0.049308925708303704,-0.10677704126859987,0.36459241050432867,1.0035800303921598,0.035374782479945494,-0.2796084683571568,0.20178354464860176,0.006319444272370401,-0.14063167712902652,0.035235274212106954,0.05066055255006892,0.28275546716893707,0.24209205026269612,-0.2695997567410072,-0.08134344524082537,0.03829611407202801,-0.048394852269820675,-0.29129644924700737,0.3126468516342541,-0.2965743857921418,0.08067445050739004
-0.0027112640245752296,0.020406358601689392,0.9034419230657175,-0.01581937968919788,-0.010171111155266982,-0.6747555326161285,0.7378016447040762,-0.02450249935427937,-0.0015182756571321609,0.3089802651253321,-0.1764959800852256,0.17414206595241113,-0.5801193470503909,1.103531076738914,-0.3287555656529626,0.019424426679334732,-0.029634930548713405,-0.04290968340394504,-0.14343996391098124,0.3385100826007769,0.9972923255970235,0.05241496690105454,-0.21834127701257056,0.17295540141979748,0.008620921034614792,-0.15199665240893936,0.044683729247887695,0.049503373197788796,0.28280750232335744,0.23952388403005723,-0.26803339567532775,-0.0813393898066989,0.047023110109140856,-0.049083295806772224,-0.29145282883588614,0.31181842468166937,-0.29628513154183184,0.08094505698187796
-0.0027324381221145,0.02035743045078637,0.9034342063519858,-0.01720311414437541,-0.011824004334980218,-0.6747042446471303,0.7377929438808466,-0.025547959664872253,-0.0015862474366755317,0.31866525284244374,-0.18933026122069882,0.17812105358475439,-0.5708996338668921,1.1024839506518738,-0.37492258214789215,0.001493155634576194,-0.007787339112308753,-0.04441550139652242,-0.16069941161190165,0.32668538617091475,0.9963395855768801,0.05055905032381206,-0.1563035909293145,0.14712267177663552,0.009546280621281494,-0.15786967593055093,0.04931111669841765,0.049200025529551265,0.28287668288000034,0.23890794830841347,-0.2677473941748496,-0.0811491407896674,0.051554950666562196,-0.049252697936409816,-0.29146519475584376,0.3114725172534807,-0.2961431397933281,0.08139963238793456
-0.0026830364651367067,0.020270370493881636,0.9034244216571411,-0.017863372391365217,-0.012537615441335423,-0.6746839027266208,0.7377840737827207,-0.02612764825418656,-0.001219617659875744,0.3229398692103024,-0.19635633299452385,0.18025122253136291,-0.5669363932046861,1.1014623023786165,-0.3866685950591847,-0.007245585332781038,0.0033810833819884886,-0.04596052360764571,-0.170309636678838,0.3204921968257158,0.9987597178845884,0.04798053232739533,-0.1177899592503135,0.13235231157156596,0.009993461310895567,-0.1603435438694665,0.05134619625440438,0.04916459128526772,0.28290930075856024,0.23888419357951785,-0.26781419996762756,-0.08114604582761448,0.053668169765262154,-0.04925104501181603,-0.2913952874529653,0.31124141268475713,-0.29593661359362533,0.08162928483260465
-0.0026304478480915537,0.020196057272981325,0.9033842245246211,-0.01833413741957965,-0.013040527299575076,-0.6746727411436134,0.7377740144587575,-0.026450784529631365,-0.0009593233312874989,0.3258403363398283,-0.20036648777902966,0.18148790521694622,-0.5646893005500848,1.100798114423405,-0.39198836738250425,-0.0133567492775105,0.011398699033390176,-0.047094987982101294,-0.1756071012688204,0.31724712921885895,0.9990274215013948,0.04669620822671116,-0.09000150261846725,0.12136061494670267,0.010221663851259572,-0.16200883993089957,0.052810478411598305,0.04913153159963385,0.28292463894553266,0.23890516863906258,-0.26801521023657915,-0.08119818345353018,0.055162251409721974,-0.0492618397985174,-0.29127607682980017,0.31111078783294277,-0.29576773958810576,0.08182603572417782
-0.002589338141904611,0.02014645000318185,0.9033415671986526,-0.018568173084693523,-0.013262910335389977,-0.6746698669030604,0.7377668255287291,-0.026683443964281958,-0.0007048509063856197,0.32701331124737854,-0.20246300311677307,0.18211607658802953,-0.5635437961362625,1.100136561948955,-0.39331713360589027,-0.015976961973017484,0.01464846046627569,-0.047135149405944814,-0.17897140524089436,0.31535414458134703,1.0003448506544161,0.046489836887591555,-0.0773575173105589,0.11674906116949751,0.010364262009485186,-0.16263057133283348,0.05350085090416514,0.04911752639887143,0.28293873942370457,0.23899945436863884,-0.2682753623381374,-0.08120436057403879,0.05584766965695666,-0.04928710083426893,-0.2911449768984038,0.31112357544780844,-0.29568510342599713,0.08202978503283627
-0.0025396955796062114,0.02011407514968161,0.9033439326669879,-0.018748520938109706,-0.01345141071464865,-0.6746656949400417,0.7377626668404201,-0.02681436490961088,-0.0005631762591314259,0.3279474007341174,-0.20367137843249256,0.18247790104777925,-0.562803447720343,1.0998591389829488,-0.39420130219398314,-0.018194549442816482,0.017384995345361073,-0.047348002890026046,-0.18071349491071978,0.31423097066692646,1.0004597302089535,0.04651063433959006,-0.0668875352831188,0.11290319682880366,0.010453683512226681,-0.16313761923168435,0.054105874095657244,0.04906967572527611,0.28293408204807713,0.23897932508680386,-0.2684209747702873,-0.08125653684606668,0.05645443876818232,-0.04932016504492091,-0.29108578570996885,0.3110546673515339,-0.29564923660939546,0.08211929510519993
-0.0024957997847120748,0.020097002357327767,0.9033868296312884,-0.018883542932418337,-0.013608042451754001,-0.6746655912148025,0.7377564455955168,-0.02698474997289376,-0.0004245576790212049,0.32867253224873355,-0.2043122044859219,0.182674284691207,-0.5622814713125404,1.0997396422328243,-0.39468923787412413,-0.0198475591979944,0.019548793267046203,-0.0476184306983167,-0.1816883199799906,0.3136663447352961,1.000264159844302,0.04671229916887349,-0.05916734379258528,0.11003443001870107,0.010488798205682097,-0.16352860081713805,0.05462299455743509,0.0489994001252002,0.28292781157517843,0.23887949565077193,-0.2684200557261051,-0.08130080743759749,0.05696940683232009,-0.049368419999005736,-0.29110697671143004,0.3109693745687592,-0.2957159874191511,0.08207842152339909
-0.0024554840659842905,0.020047998311240184,0.9034212933171706,-0.018988492489722918,-0.013717300813274278,-0.6746679537745572,0.7377495679165234,-0.02708645737278655,-0.0003196210241773729,0.32918057619432484,-0.20464136715980066,0.18279940436103673,-0.5620386866267995,1.099702914457564,-0.39483248727314024,-0.021040274332008817,0.021208732389758053,-0.04775838394806605,-0.1822131484653073,0.31334991324614947,1.0000311495095144,0.04697566526199861,-0.05371901655553596,0.10800714856395362,0.010507262361096458,-0.16379930609005047,0.05504269767039259,0.04893977665839143,0.2829217084433661,0.23877383735618277,-0.26834847427515396,-0.08128931761074719,0.05737391274070612,-0.049416080402690764,-0.2911750727118238,0.3109337427896725,-0.2958484870279373,0.08194740518500683
-0.00237176372665005,0.01999297578936315,0.9034129144776804,-0.019068356370295716,-0.013811191395044475,-0.6746652327072286,0.7377482446971223,-0.027216425112592087,-0.00022552407809452618,0.3295128868464008,-0.20469741079034726,0.18286088184077723,-0.561927533675051,1.0996233011906205,-0.39472615686171064,-0.021970624080319325,0.02249983994568945,-0.0478307646552883,-0.18255546152019328,0.31313938647949,0.9998505709544946,0.0472523113875491,-0.050027579847798286,0.10663148626215761,0.010508058736768322,-0.16398073323201448,0.05536005855896964,0.04886098671773614,0.2828893700797815,0.23875427080114148,-0.26830690506205707,-0.08133805291235803,0.05766834974427925,-0.04951752135341076,-0.2912826824241312,0.3110361730241554,-0.29609725717576835,0.08172835555061438
-0.002327468788114245,0.019936087176972126,0.9034030450147522,-0.019132234523559458,-0.01386658620505878,-0.6746512632642627,0.7377583265305019,-0.027300974981634696,-0.0001039162599220007,0.3297282983758021,-0.20470342848245224,0.18291283312816073,-0.5618919564976612,1.0995805607535323,-0.39458259316021743,-0.02257179433652354,0.023424883013221084,-0.04786723582867236,-0.18272513824978265,0.31301380471702855,0.9997175515568582,0.04751044538900539,-0.04747371977751476,0.10572799926217057,0.010509865158345875,-0.1641283582681729,0.05557225345251195,0.048837864720407256,0.2828337484306007,0.23874772277679965,-0.26828752452650173,-0.08134219180923308,0.05789958890189783,-0.049552192580244965,-0.2913986444736176,0.31107039621711935,-0.29624202910645536,0.08160004098310937
-0.002295561033740873,0.01994465196417835,0.9033568594140544,-0.01917760114156237,-0.013874036989089218,-0.6746150391156139,0.7377901325655678,-0.027373343616675105,4.955721721892739e-05,0.32984271875121246,-0.20476839549401205,0.18296145615776296,-0.5618548272029202,1.0995321027075977,-0.3945946377635262,-0.02304710353618122,0.02398361262954495,-0.047850193389277366,-0.1828470513111807,0.3128812449687187,0.9994624643042723,0.04775744024575496,-0.04574817132165705,0.10508963139577468,0.010519082298695016,-0.1642664870741257,0.05559540328865384,0.04889442522984595,0.2827207994593906,0.23882982114183093,-0.2684067519398892,-0.08143304296816388,0.058016076655875354,-0.049510433517246696,-0.2915558242618535,0.3110626868387705,-0.2963606742827732,0.08155523942521092
-0.0022919314049767974,0.019979968919840448,0.9033492448763739,-0.019226835821811162,-0.013841793198808062,-0.6745640413411959,0.7378360845572375,-0.027459505571277323,0.00021129370270263597,0.3299288917361313,-0.20491201250382635,0.18299640267195283,-0.5617743747599118,1.099577192571211,-0.39482012131373107,-0.023330167147156546,0.024204745004346315,-0.04788759993855842,-0.18286905396800127,0.3127911396824072,0.9992460539024725,0.04801126705366954,-0.04443190035998753,0.10459530845853152,0.010529587677630337,-0.16442448759375503,0.055534400402437185,0.049019674552556534,0.2825735466798141,0.23889899146494165,-0.26853049200774737,-0.0814976827154932,0.05813034122587192,-0.04937543177558991,-0.2917421852721685,0.31088811097707925,-0.29632376543803746,0.0816202578686963
-0.0023099275872692513,0.01999297536669361,0.903367590067683,-0.019263183601334548,-0.013815201868286634,-0.6745130976566358,0.7378822067542545,-0.027565364714503587,0.00036274036700075884,0.33000421566893906,-0.20504357580319668,0.18302749196017248,-0.5616745428694041,1.0996537213003834,-0.3951913894494322,-0.023435061528040483,0.024197304430188936,-0.04790743599854668,-0.18284943926466626,0.3127468705392454,0.9990200265680157,0.048252721958971234,-0.043435399591348206,0.10422752548773348,0.010539658724182235,-0.16457092075366453,0.05549340452475921,0.04912677653524001,0.2824374663101454,0.23891699832782182,-0.2685823286298395,-0.08150675303441374,0.05826529920585354,-0.04924028400080904,-0.2919116607560425,0.3106581656888119,-0.29619306488560004,0.08171218263796942
-0.0022727998012044143,0.019967444624247262,0.9033767814800772,-0.019296237302333475,-0.013810399586643119,-0.6744761220063267,0.7379152315358011,-0.027697037264443804,0.00047094576926632107,0.33007008593781967,-0.20506536953538645,0.18302591308444324,-0.5615539877648392,1.099664297401199,-0.39558664907764945,-0.023518910417269136,0.02409038233187257,-0.04786295895307374,-0.1828711438196103,0.3126874084138004,0.998767456210129,0.048460855828231716,-0.04269755850548848,0.10393598704297398,0.010543967555362927,-0.1646691281899817,0.05551047722654063,0.049148540240863195,0.2823461457066655,0.23894096677350216,-0.268578403934444,-0.08146850562054843,0.058411245537026354,-0.049199743329001545,-0.29201796173856986,0.31050229659968426,-0.296068253647828,0.08174070416404047
-0.0022058901855320345,0.019936223895234133,0.9034043016057864,-0.019302884637096184,-0.013858705057439767,-0.6744644330843459,0.7379248359033789,-0.02783161145715831,0.000506471438599316,0.33012260187909565,-0.20503478449584756,0.18299901035958424,-0.5614980325272134,1.0996935111379857,-0.39586394543900055,-0.023522618453700867,0.024052749437034334,-0.047842339382781374,-0.18289591976381817,0.31267036266296905,0.9986038622928787,0.048583168221590124,-0.042217482570204384,0.10372959684228254,0.010543021951424723,-0.1646854180381445,0.05564294526207325,0.049012398110757784,0.2823363467865877,0.23889343934797808,-0.2685034982553731,-0.08133749639289076,0.05854008999589755,-0.049324096984686955,-0.29200490232008086,0.3104894046062337,-0.29602148384944144,0.08171074369397481
-0.0020947212324154414,0.01987709944266997,0.9034172828919442,-0.019297190519533568,-0.013942217201120249,-0.6744712937694036,0.737917140943748,-0.02795298883715807,0.0004872058339902354,0.3301570427069269,-0.204912460396649,0.18295890155772054,-0.5615537679543997,1.0996791775344035,-0.3959760625093737,-0.023514314057588248,0.024126632894120703,-0.04779514451023269,-0.18295261665946527,0.3126802165570863,0.9985070366505719,0.048602027105159026,-0.04193564176516804,0.10360060977428695,0.010536302656623208,-0.1646415053926683,0.05585136355900866,0.04876037238227043,0.2823874452348075,0.23883325656903226,-0.2683838789779298,-0.08112773528381642,0.05863935135447715,-0.049579380800619244,-0.29190552537344655,0.3106417192792252,-0.2960410523559698,0.08161948638725645
-0.0020091664125335864,0.019797933907013315,0.9034065095731001,-0.01928751235882343,-0.014023001602807481,-0.6744780251772041,0.7379097104972353,-0.028037104638589883,0.00046498567850204595,0.3301585762563607,-0.204778080111018,0.18294371226268,-0.5616943911877113,1.0996591002594982,-0.39595960552125925,-0.023449873371787028,0.024303212435624496,-0.04770193175466281,-0.18298613582331133,0.31272181499871676,0.9984330773239224,0.0485436389524801,-0.041800653645111686,0.10355913600522965,0.010532360642476531,-0.1645748922596969,0.05604630103337248,0.04851525463640443,0.28245249344175855,0.2387980050412639,-0.26828183586023724,-0.08085878806313967,0.058718231182765875,-0.049838080151267505,-0.29179105904552816,0.31083414917240443,-0.29607532093848293,0.08159317285713867
-0.001960807245194384,0.019799389799025156,0.9034056072640179,-0.019274005908078026,-0.014069437082767974,-0.6744675845191124,0.7379187225361492,-0.028111967399582917,0.00047524756748599487,0.33013741246656225,-0.2047707674410636,0.1829290272819707,-0.5618117037274167,1.0996702258192101,-0.3959185402860472,-0.0233809618399273,0.024523622568864964,-0.047690287330295095,-0.18299114784005416,0.3127676971650838,0.9983989123172496,0.04847523775466765,-0.041780583267682844,0.10353866976511858,0.010533034073020264,-0.16453544146026747,0.056132753090616536,0.04835420046589127,0.28247363930193814,0.2387562576036351,-0.2682501881754926,-0.08071559507980013,0.05876144005517851,-0.05000003231742896,-0.2917504002105383,0.3109159500150141,-0.2961347992001991,0.08166103208185146
-0.0019352842214033397,0.01985796120422038,0.9033825210433898,-0.01926926884262272,-0.014069910958860083,-0.6744250779532567,0.7379576865319739,-0.028164323965194873,0.0005230042052725386,0.3300837360765681,-0.204842990164413,0.18293696840592769,-0.5619757550074281,1.0996672781084007,-0.39590977137728167,-0.023394603771426818,0.02474822240295621,-0.047673992308852234,-0.18300269281151813,0.3128335963163299,0.9983594440998438,0.0484417554334674,-0.04182560672307751,0.10350619365032948,0.01054004418677364,-0.16455016762879887,0.05607828473912123,0.04831263986718227,0.2824153194770718,0.23878149765368786,-0.26832970646431203,-0.08075095543045077,0.05879248956578834,-0.050042625704583864,-0.2918285192632854,0.3108661960737501,-0.29618727539118567,0.08187913797534957
-0.0019360770775472755,0.019935614890227948,0.9033534238313239,-0.019261693790199926,-0.014047310868958031,-0.6743657982753578,0.7380124865651814,-0.028227043673133917,0.0005852041142732885,0.33004150819249956,-0.20496830160518859,0.18295455748054343,-0.5620807289257881,1.0997000156709487,-0.39595910289138136,-0.02342022139846919,0.024918484750429765,-0.047686835669425436,-0.18298928603687925,0.3128973275599102,0.9983354438357663,0.04847538565301677,-0.04186216943446977,0.10347622449504827,0.010547615815713202,-0.16460174559359175,0.055931891037290855,0.04834819678807338,0.28231515685570513,0.23885166261398544,-0.2684434980585313,-0.08091388964671827,0.05881844211912484,-0.050009328671252525,-0.29197878653119436,0.31072898451930586,-0.29621662032676865,0.08218770824244881
-0.00194163691101025,0.019909549819365744,0.9033518071601523,-0.01929826460658562,-0.014018184156621219,-0.6742963095673831,0.7380755749921091,-0.028258025368405444,0.0006656117029705715,0.3300253140797471,-0.20509905568743547,0.1829487913053161,-0.5623561249789737,1.0998582944931339,-0.3960199646180228,-0.023358655284958608,0.02499875136708569,-0.04760298057066157,-0.18296581830414557,0.31303845733142405,0.9983397687860041,0.048520912317205574,-0.04171626555008868,0.10343341333541317,0.010564824443971228,-0.16471324657754569,0.05586883947422928,0.04844298705170321,0.28219269977463846,0.23890640580342185,-0.26845789650713403,-0.08098862045034279,0.05901039319561631,-0.04988977311687641,-0.2921712754671129,0.3104241568522475,-0.2960292321182398,0.08249405958714207
-0.0019015891480455962,0.019840134100743614,0.9033710979578156,-0.019316464069879257,-0.014018176918169221,-0.6742546889499167,0.7381131209786059,-0.02825631122868979,0.0007320287573493794,0.3300461690115705,-0.20518298634378573,0.18288501126995563,-0.5625442388553121,1.0999971528780936,-0.39609762389639436,-0.023287900200335863,0.025004926847256963,-0.04754845706189353,-0.18297879126182973,0.3131174856966499,0.9983456445444518,0.04854546807660361,-0.04151481695400655,0.10339634888508012,0.010575845065083671,-0.16480400995440783,0.055889797718650984,0.0484670937759719,0.28208785924630014,0.23889638398446847,-0.2683752483678843,-0.08110668976801833,0.059184759746408376,-0.04984162272828851,-0.29233407824739277,0.3102057711364098,-0.29584874866759436,0.082541791239094
-0.001866998329561941,0.01981306551791169,0.9033451488196113,-0.01933628884898984,-0.014012137125864023,-0.6742520445896601,0.738115132153092,-0.028195149179013473,0.0007783044107241108,0.33004842638058085,-0.20519454811401586,0.18288772906567546,-0.5625689456850881,1.099976651237422,-0.3961895654709911,-0.02334301267145793,0.025044183680786945,-0.04751252041846484,-0.18298792081792442,0.3131242497026081,0.9983030828828744,0.04851382231707633,-0.041513924361810214,0.10338046192812202,0.010577049873070532,-0.1648352779715433,0.05590389981319356,0.04847586998869306,0.2820320473808828,0.2389343121684151,-0.26846248728724975,-0.08112445285747041,0.05921291863925057,-0.04984599575702289,-0.2924203007352768,0.310236437160702,-0.29586441985874645,0.0824855983933066
-0.0018092151016309735,0.019778869194012897,0.903338364826942,-0.01936071653215674,-0.014025922070981254,-0.6742736579428299,0.7380944860719493,-0.028095565879244857,0.0008182643326034094,0.33008047770462806,-0.20515354405670638,0.18284197059337967,-0.5624537283812969,1.0999765555817758,-0.39633377515199725,-0.02342455963780075,0.025067020980605686,-0.04750754648481604,-0.183015917519756,0.313121183399011,0.9983603992343703,0.04840496139162712,-0.04160558844069721,0.10337901079775191,0.01057387092173284,-0.16486553656200634,0.05598107334021458,0.048453584028559774,0.28199000635522264,0.23895108387610642,-0.26854699366742724,-0.0811345654313926,0.05921503988829291,-0.04989151349013744,-0.2924707176485319,0.31037441795547244,-0.2959283038565948,0.08225043742207963
-0.0017943225681394093,0.019765711109238488,0.9033633925112485,-0.019380396584354247,-0.014037978859775773,-0.6742994599978644,0.738070168496433,-0.028071630774458945,0.000871158387184855,0.33011357094880817,-0.2050988107394805,0.18279106420625446,-0.5621816969390886,1.1000070508767836,-0.39651534987746734,-0.02341658514487852,0.025090192816809534,-0.047579652931990804,-0.18302935193818884,0.313191295692031,0.9984734876322564,0.04823545328625737,-0.04178759984401958,0.10342826379422439,0.010563226915312732,-0.16487364544992705,0.056074329900895246,0.04842897022200133,0.28197294058122707,0.23890586680195672,-0.2686122127303808,-0.08105822214486777,0.05921200339217795,-0.04991843034814103,-0.29250015640012167,0.31048220110366703,-0.2959796234367053,0.08204275645778565
-0.0017648602733559959,0.01981715336518248,0.9033521633343874,-0.019392707608135232,-0.014058836782086808,-0.6743046601343342,0.7380646972461689,-0.028051054706519887,0.0008873142455912212,0.33010144029016036,-0.20506006508421187,0.18277625001149905,-0.5620127400599958,1.0999666982083554,-0.39668926372300023,-0.02353804963584395,0.0251510812229283,-0.047590525910654935,-0.1830757620110372,0.3131921866078459,0.9985167033242324,0.04799268093772051,-0.04207429555366242,0.1034565396776187,0.010561000123765615,-0.16485926613673363,0.05612157609780854,0.048383596208082566,0.28194516943642567,0.2389111419368736,-0.2687450594260666,-0.081047492246808,0.059196743190955234,-0.04997687052189529,-0.2925516096022341,0.31061509356228717,-0.29614488858945553,0.08189362812260131
-0.0016731106178309112,0.019825819786078253,0.9034022627073361,-0.019412275038393254,-0.014106715496496367,-0.674281532342101,0.7380843984925585,-0.028108199122194814,0.0008831228238940754,0.3301262371707959,-0.20502637730144704,0.18268616588048467,-0.5619704498525702,1.1000545073669241,-0.3968048323431266,-0.023627949523791287,0.025145588268657072,-0.047603336401960565,-0.18312459542106604,0.3131691403143046,0.9986597365845369,0.047661051488064654,-0.04213234983381918,0.10344329314460732,0.010560623061105449,-0.16485376070028934,0.05625914114309038,0.048265361870802166,0.2819127697148068,0.23883283449525436,-0.26866825048394644,-0.0810591619595117,0.05934275321490656,-0.05006231547424849,-0.2926559878681219,0.3105919146867812,-0.2961846138412585,0.08171605749323792
-0.0016891476676495665,0.019823332860301267,0.9033723472248907,-0.01942468184275342,-0.014170279673153393,-0.6742380615019671,0.7381225652500816,-0.028220334172658283,0.0008490544182263676,0.3300855493455463,-0.2049246761127614,0.18274760954944913,-0.5619315125982892,1.1000686042029173,-0.3968466784641255,-0.023668208586165994,0.025215306454588773,-0.047444299304511044,-0.18310651337788567,0.31320042743932275,0.9986079269692586,0.04722342074557449,-0.042322017829526354,0.10351481178001481,0.010560971023434904,-0.16480918475424758,0.056371661848961925,0.0481717194381454,0.2819020903912861,0.23885198528267318,-0.26868784813857843,-0.0809023398829986,0.05948352600164968,-0.05014361603954956,-0.29277217866241934,0.31066844667753457,-0.2963165788477804,0.08175312031430908
-0.0016764397225830353,0.019783816883640268,0.9033618127112369,-0.01943565584043362,-0.014237837958143078,-0.6741918775319131,0.7381631605020144,-0.028313603445971117,0.0008097918824914897,0.33007008403660587,-0.2048584108401196,0.18272621148447898,-0.56199101357923,1.100156389454319,-0.39682841491156423,-0.023641438950419653,0.025253976685638158,-0.047302981607933794,-0.183108190318845,0.31321159374630425,0.9986273063699133,0.04673546781173444,-0.04232468128029628,0.10357539097125751,0.010566980590491168,-0.1647786436739521,0.0564975178724488,0.048063609967839184,0.28188149728196704,0.2388599283660111,-0.26862685354743154,-0.08076925939704357,0.0596494738810092,-0.05023971588019871,-0.29288544702353436,0.3107145866097815,-0.2963839515601337,0.08176042938056655
-0.0016356262267368004,0.019753052084214018,0.9033321779297209,-0.019436861008013076,-0.014286330931150257,-0.674156470694509,0.7381945287005339,-0.028351719662700045,0.0007801183440120056,0.330057480325399,-0.20481168697830573,0.18269428476953398,-0.5620777537531683,1.1001801823958675,-0.3967923327136996,-0.02366431134610436,0.025283674359574376,-0.047192291565040304,-0.1831418119113768,0.31321272489976026,0.9986166156259464,0.04629465363484088,-0.042257606275486366,0.10360436554038119,0.01057149529264461,-0.16476944671240312,0.0565594662494129,0.047974468663198044,0.2818244116021742,0.23888869394829979,-0.2685820420559453,-0.08073818267774689,0.05972540399844329,-0.050344797655463666,-0.29297075143111656,0.3108123687263525,-0.2964559018827295,0.08173434968445913
-0.0016046741491016227,0.019738460958395074,0.9033357723045,-0.019437028857054686,-0.0142957190766734,-0.6741357030561466,0.7382133080555273,-0.02831732495865138,0.0007699128274979053,0.3300585111361582,-0.20484397133364962,0.18264176807331736,-0.5621774236994801,1.1002224594777656,-0.3967795379387894,-0.02361358086653399,0.025322232703915558,-0.0472027109256967,-0.18314702262947724,0.3132880709194273,0.9986708051776041,0.045986105086767724,-0.04208313098181061,0.10359120332759253,0.010574083429634751,-0.16481633949105207,0.05655386820354554,0.047933608967023554,0.28172737483615073,0.23887801498134487,-0.26851999641009,-0.08072282335737022,0.059703503872263794,-0.050414735358413815,-0.2929933370330982,0.3108736120270046,-0.29639747593418747,0.08176954936964047
-0.0015939473606389376,0.019769863036700242,0.9033284172180548,-0.019420396715309957,-0.014272304606935508,-0.6741231085532841,0.7382256999231895,-0.02825811667294257,0.0007619954352517321,0.33005655300268555,-0.20490107988021936,0.18263136726802007,-0.5622049166570654,1.100170995814746,-0.3968206759837476,-0.023580010432749123,0.025388642698418354,-0.04728295314618011,-0.18314538325518268,0.3133728625990689,0.9986773713007602,0.04584294742425689,-0.04196851503468611,0.10355762277853436,0.010571625591589114,-0.16487493071504822,0.0564370077968712,0.04793371250249642,0.2816007672207714,0.2388859209122295,-0.2685109343865115,-0.0807504833915283,0.059561920583964936,-0.05046643597436051,-0.2929715119347262,0.3109488141434971,-0.29633439773532666,0.08187448453802296
-0.0015705461921876785,0.019799116210666462,0.9033444863498813,-0.01941249269773711,-0.01425238559467551,-0.6741160174670986,0.7382327679170158,-0.02821659499721709,0.0007706427298715716,0.3300644869588961,-0.20492936703931303,0.1825848539729789,-0.5621957023737985,1.100116816467696,-0.39689341425809643,-0.023508422328818872,0.02544622835490001,-0.047424172021106964,-0.18315615880447825,0.3135144647191442,0.9987410828239071,0.04581081169625692,-0.04184041641429677,0.10348658576977342,0.010563900512730954,-0.1649562448754935,0.05635232884654858,0.04792927339793086,0.28148109053330206,0.2388708878422026,-0.268485481306946,-0.08079049667187606,0.059442571911748794,-0.050518167341005664,-0.2929292112817114,0.31100338424299595,-0.2962358805475332,0.08198776494524085
-0.0015353004896734895,0.019837352304597492,0.9033461890648729,-0.019424077270754545,-0.014263778136705407,-0.6741079702478737,0.738239591395461,-0.028214759906151802,0.0007781440279770079,0.3300381811272678,-0.20490121764798344,0.18253802388592616,-0.562128677874008,1.1000778691959523,-0.39696218499676145,-0.023504255365042664,0.02549339393503106,-0.04752406159600583,-0.1831836746648488,0.3136513478065744,0.9987897979811866,0.04580816179983286,-0.041811106266793005,0.10340133607327254,0.01055446999276125,-0.1649982155386029,0.05634365912514908,0.047915762706675885,0.28139970036901213,0.23888158176782662,-0.2685123612513241,-0.08086711645496561,0.0594432131120669,-0.050561018528899236,-0.29290792451481656,0.3110147820444651,-0.2962166694969266,0.08207269085989866
-0.0015297750737446123,0.01983151327450646,0.9033398995047071,-0.019464604848592006,-0.0143089098336856,-0.6740993915716232,0.7382454839280941,-0.02818163403168577,0.0008015287385093837,0.33001968762233175,-0.20483293683030399,0.18252858387664658,-0.5620700267579978,1.1000832381193686,-0.39698876817411344,-0.023506559293847748,0.02549920983192824,-0.04748305904514834,-0.18317124468389115,0.3136983351778324,0.9987928505677661,0.045767973317491634,-0.041837812927098705,0.10337531214450875,0.010554913087920639,-0.16498378328830363,0.0564822216701061,0.04789918300674913,0.28139782964467175,0.23888632089903267,-0.26859732995968216,-0.08085097212203879,0.059617742485842125,-0.05057497663554952,-0.2928965321513528,0.3109800365634463,-0.29625229141615245,0.08223201531571507
-0.001531358737476386,0.01977696303310354,0.9033249846514565,-0.019544199683873227,-0.014394167494815509,-0.6740922898182273,0.7382482082663431,-0.02816519169833098,0.0008391673140996957,0.3300040179130676,-0.20467618571535912,0.18251575266145822,-0.5619523987137868,1.1001190044875686,-0.39697572508674517,-0.023521161938928108,0.025455223272388635,-0.047341458950019996,-0.18316046313988876,0.3137140199913073,0.9987867412212823,0.045678937235408064,-0.041896438505455706,0.10340516442970121,0.010554112107512776,-0.16493036624773,0.05676836002189223,0.047890720940539526,0.2814522417389886,0.2389118443696648,-0.2687157906263623,-0.08079505808141915,0.059997263877759714,-0.05055968513823324,-0.2928881674332322,0.31085417048857367,-0.29629090185830265,0.0824248848735744
-0.001498478648115995,0.019740570436522022,0.9033197345376645,-0.01962401848990054,-0.014480247555921736,-0.6740864171531378,0.7382497697518583,-0.028145480354645955,0.0008764237552835472,0.3299976822550154,-0.20455576438273035,0.1824715905761494,-0.5618389668722593,1.1001730206134994,-0.39692862513923044,-0.02358760257544813,0.025369755572690365,-0.04722920048029902,-0.18318043441262932,0.3136923530549237,0.9987983662908189,0.04557776296742728,-0.0419345021119919,0.10343426903664525,0.010554695334759409,-0.16487841356536728,0.05706654755625257,0.04786657327032249,0.2815062647242463,0.23890597661352772,-0.2688184037342432,-0.08080503948953173,0.060381652759189886,-0.050550412603173264,-0.2928926523406698,0.31070624841450356,-0.2963391861440011,0.0825409802893709
-0.0014740025472006644,0.019708853909030336,0.9033165763484831,-0.019690154764662966,-0.01454012820205276,-0.6740770785790307,0.7382553586744693,-0.028114817701028243,0.000895434637952816,0.33000258518195774,-0.20448215255971156,0.18246243485053107,-0.5617681728330111,1.1002009067871479,-0.3968537151144914,-0.023631711619350213,0.025287976513427436,-0.04716071279672038,-0.1831837089781677,0.31369857363345377,0.9988149830411256,0.04552679461583083,-0.041936913368321685,0.10346936518540498,0.010554257521965944,-0.1648604733527641,0.057282558754606,0.047854655695265785,0.28152483115045107,0.23890587403208285,-0.26888088729161697,-0.08078027773154978,0.060643773208095796,-0.050545869447046324,-0.29290295076054434,0.3106377896914086,-0.2963446429383724,0.08261483377948897
-0.0014687031293317485,0.019691452261456514,0.9033352016296462,-0.01973760060431188,-0.014584380591896772,-0.6740650237971914,0.7382642255035969,-0.028096377080995227,0.0009148107047209728,0.33002664452706854,-0.2044636609602379,0.18245316681635637,-0.5617066302381851,1.1002075645942266,-0.3967477004347018,-0.023567169715702465,0.02524222925938742,-0.04714300753113825,-0.18317396920191825,0.3137622332296841,0.9988090019220367,0.04561252280288436,-0.04194113124298914,0.10346808512290469,0.010554530818538119,-0.16488657157651823,0.057429932606307695,0.047862348262854855,0.2814845505395438,0.23887793266429483,-0.2688507572566604,-0.08077102515604002,0.06079843684999171,-0.050532328566488594,-0.29291959503245796,0.3106069675204619,-0.2962767955086415,0.08256008096519718
-0.0014591166277584864,0.019738861957304166,0.903332566226263,-0.01977129723984033,-0.014602734603592902,-0.6740505090211691,0.7382762133753548,-0.02808526622885462,0.0009116443970911564,0.33001646022923053,-0.2044838139876768,0.18246197853727372,-0.5616717192411014,1.1001245761217369,-0.3966036776681897,-0.023527036306721264,0.0252753024395436,-0.04717413312966872,-0.18318556430900526,0.31384960528736144,0.9987690173271697,0.04584241693381865,-0.042039798825175154,0.10339952407182192,0.01055292293859218,-0.16493579630427085,0.057466386210916806,0.047881951357197014,0.2814075142213716,0.23888381343165538,-0.26886439999590295,-0.0807955339992586,0.06079464270717826,-0.05053123713978603,-0.29294180897415095,0.3106988108412524,-0.296273746933075,0.08243475551178736
-0.0014583515209018615,0.019740959473066717,0.903353938445297,-0.019802211804580916,-0.014621755208220817,-0.6740339818836757,0.7382900974199185,-0.028065364140522492,0.0009051288128740409,0.33002887628424155,-0.20450592768898457,0.18245413429100946,-0.5616746181019235,1.1000969903722397,-0.39644718604070717,-0.023405573160379948,0.02530829454132074,-0.04719934166542107,-0.18317285067860392,0.3139632337664782,0.9987623867160631,0.04614014653098441,-0.042055196470912985,0.10331855708686741,0.010553709590089213,-0.165003225257104,0.057516395585272995,0.04789839985807756,0.28131714146144543,0.2388683373978271,-0.268791329054993,-0.08076760485000173,0.06081228001045784,-0.05052614662994215,-0.2929724830138319,0.310760200026267,-0.296188060845684,0.08229430636360555
-0.0014369923207380978,0.019729817758621277,0.9033724862534486,-0.019827653804212628,-0.014654137019963582,-0.6740147665367583,0.7383063150909779,-0.028077394645344853,0.0008983005029661814,0.3300211141414505,-0.2044990711912543,0.18242793449738232,-0.5616878995281896,1.1000742173728635,-0.39630482467408007,-0.023311151892649262,0.02532858243682851,-0.04719268386978085,-0.18318693852503803,0.3140662319832347,0.9987283249109161,0.046398965887198364,-0.042058952497041856,0.10322123179549768,0.010554089530872165,-0.16507422105155684,0.057592647681084935,0.047880769204325886,0.28121739579612587,0.2388348219444758,-0.2686933109804296,-0.08075690978525732,0.06086278141251122,-0.05054301509875042,-0.2930340142653321,0.31080554274486666,-0.2961299427039111,0.08216392055111657
-0.0013592714893018872,0.019728134961935546,0.9034121135073716,-0.019849907645705805,-0.014684677032527585,-0.6739924497825577,0.7383254831461612,-0.02808270384839538,0.000890043983595492,0.32999654327128036,-0.20451929073227604,0.18236347023313695,-0.5617096964669948,1.100117682978077,-0.39623732360979363,-0.023345100599925287,0.02529654869906043,-0.04721137404450488,-0.18321670772297233,0.3140676364657942,0.9987355952952158,0.04651310677680212,-0.041937175573056595,0.10311352877068096,0.010556340308419395,-0.16513312809684352,0.0576759660450328,0.04781805411353056,0.28108578931545075,0.23875950385134864,-0.26856476002487517,-0.08078234082182992,0.06098047160591517,-0.050571091117147776,-0.2931481782384686,0.3107166445659923,-0.2960848712002977,0.08206866373729922
-0.001369687066338189,0.019741062599673842,0.9033859011232823,-0.019850309754140746,-0.014716573497332602,-0.673966685009206,0.7383483562417287,-0.028086836936842025,0.0008888811718912768,0.32993239913057576,-0.20452364373375925,0.1824214876302025,-0.5616655183034309,1.1001218567253834,-0.3962611950006231,-0.02341452983167338,0.025307501342797124,-0.04714056199954346,-0.18319304356968533,0.31406592159546687,0.9986039976856789,0.04647182685687552,-0.04195424629216769,0.10310680903924581,0.010559541045699302,-0.16516466593168075,0.057677007435348635,0.04778318307740996,0.28094760193199486,0.23878269604365437,-0.2685635994209447,-0.08070430376065935,0.06103125459858683,-0.05058943214706708,-0.2932842989186031,0.3107182471490742,-0.29617999266019746,0.08215202193435456
-0.0014127819259766377,0.01979603310804835,0.9033383414444738,-0.019857939087913293,-0.01475888374867891,-0.673935183697605,0.7383760598639069,-0.02811080037524689,0.0008754558812867999,0.3298602621606388,-0.2045768498296001,0.1824592972883571,-0.5615283343058114,1.1002024681502438,-0.3963841426385481,-0.023507535295276875,0.02532940969131889,-0.047067630536591916,-0.18317214983805505,0.3140216779385232,0.9984594283708814,0.046300332228170545,-0.042011866361937995,0.10316189158268443,0.010566085739456957,-0.16519958421337388,0.05765811440786964,0.04775843676119665,0.28081818500081657,0.23886897211261388,-0.26867324327622427,-0.08059650727296151,0.06105721860460457,-0.05062307621321179,-0.29342193414163587,0.3108095333174679,-0.296384968828194,0.0823587848989271
-0.0014369138744380915,0.019831713615746534,0.903313274166095,-0.019879789015666442,-0.014806238291155915,-0.673911751078553,0.7383959107786251,-0.02811033187797103,0.0008716651735525963,0.3298367435988373,-0.20462741617984123,0.18245783281549996,-0.5614930042893757,1.1002771659062376,-0.3964987214606836,-0.02355285672820622,0.025311674690672036,-0.047053940018822585,-0.18317101886315473,0.3139924324236872,0.9984660413870783,0.04606953174820599,-0.04199600318016087,0.10323364199869618,0.010570877364132564,-0.16521962442555543,0.05769603418118443,0.04773607101332522,0.28075277995501774,0.23893363184041358,-0.268749065745278,-0.08054286652043013,0.06113005671145166,-0.050655749935095896,-0.2935174770457615,0.3108747088748102,-0.29652698741427325,0.08252685441210805
-0.0014404837529679785,0.019833236273961267,0.9033124803051825,-0.019938083224150544,-0.014872653673185392,-0.6738962216670178,0.7384071772626405,-0.028089922554647224,0.0008683029348383888,0.32984017272842586,-0.2046537909049198,0.18242758259967673,-0.561552310066668,1.1003204001267428,-0.3965191049808881,-0.023520547902799786,0.02523695327709062,-0.047037506517583184,-0.18318668103953112,0.3139820726740929,0.9985811199406831,0.04581175475924352,-0.04195630635546049,0.10332346307118379,0.010574324841511452,-0.16521818238434477,0.05786628707090343,0.047714586612816495,0.2807862159137317,0.23894477487448848,-0.2687695922233206,-0.08054358242772108,0.06130996833164531,-0.0506939644383738,-0.29355179971888,0.31091210303566924,-0.2965622230547629,0.08267896514092445
-0.0014403213791420253,0.019802033388571207,0.9033230764737783,-0.020001472534317947,-0.014963461894040004,-0.6738873794558587,0.7384116979806853,-0.02807350045046203,0.0008662062403440935,0.3298586870279351,-0.20465285241294953,0.182400671920915,-0.5616554049672713,1.1003155409439096,-0.39642006301327226,-0.023417036431915388,0.025105431314639937,-0.04698324495024642,-0.18320618243518894,0.31398877109441303,0.9987230899946703,0.0455278927736733,-0.04196471815604049,0.10344368102028785,0.010577920802842084,-0.16519000354285032,0.05812104994140074,0.047688721047088434,0.28088504375241086,0.23891704215875706,-0.2687243941421194,-0.08064233928322243,0.06155585356573788,-0.0507373012841985,-0.2935557470094513,0.3109339037120663,-0.2965454859209774,0.08275679737552512
-0.0014176054007168201,0.019755369753000324,0.9033282274425327,-0.02007135226250138,-0.015052794677561328,-0.6738787579612983,0.7384158542171793,-0.028004546116757123,0.0008634877094035726,0.3298670462533104,-0.20465999079235656,0.1823755832266101,-0.5618905144844573,1.1002673687844202,-0.3962333567278385,-0.023336581528208892,0.024963828266108733,-0.04689767200987034,-0.18325316238006395,0.3140052781265064,0.9988799345729282,0.04522225962057452,-0.04197106016637373,0.10357075735262809,0.010585352345133843,-0.16516086335831134,0.05839629123722902,0.04765957145082232,0.28098841133484753,0.2388743899607795,-0.26865401550251744,-0.08076546146419618,0.061804566318370925,-0.050786093131080325,-0.2935547311057921,0.31096629289006456,-0.2964999701090244,0.0827891667026587
-0.001413731297401089,0.019731172166721947,0.9033569735784867,-0.020122436009529125,-0.015108936038318888,-0.6738668085771496,0.7384242221913351,-0.02794322203671455,0.0008450083637598976,0.32988081459032714,-0.20472651116483082,0.18236047094763463,-0.5620458396442304,1.1002642995638052,-0.3960884425418455,-0.0232648856712755,0.02484556707754188,-0.04688111549034219,-0.18326453857847355,0.31403843021806355,0.9990147088303202,0.04496120673870563,-0.04192765753551046,0.10369341896322799,0.010590186546982086,-0.16515463823543694,0.058577091582480416,0.047649874760326776,0.2810420375435545,0.2388040806200101,-0.26853853471442596,-0.08081546519230719,0.061973031686247806,-0.05079376731486053,-0.2935711244809992,0.3109546598476094,-0.2964116504084898,0.08281017565984915
-0.001387793554169172,0.019759509164427147,0.9033442706581444,-0.020141177216171133,-0.01512151261241736,-0.6738481327456977,0.7384404964733413,-0.027875968097515604,0.0008291277559181746,0.3298751495612851,-0.20482835906863248,0.18236251092341138,-0.562174328925725,1.1002341261073498,-0.39610470770383166,-0.02336836712942605,0.02479215061348141,-0.04686871172530896,-0.18332241594947202,0.3140604338623256,0.9989775886768553,0.044786522832247655,-0.04190451027413195,0.10376650756382326,0.0105972884983432,-0.16517666244157178,0.05856674679645589,0.047665392979911694,0.2809877061858624,0.23880910528178367,-0.2684689203754441,-0.08088315858433621,0.06195329375655363,-0.05078381076187786,-0.2936303680431414,0.3110241731389582,-0.2964055138487983,0.08272015607831772
-0.0013832619712813214,0.01984187741453043,0.9033461790757555,-0.020147353092709507,-0.015098954487638844,-0.6738237124007955,0.7384630731073468,-0.0277914814057088,0.0007791675585594582,0.32986469466341456,-0.20506995140936576,0.1823682700349215,-0.5622951962215031,1.1003839561100517,-0.39631385610097236,-0.023506845760735754,0.024804293572221487,-0.04690596199659046,-0.18334627322968433,0.3141395113763693,0.9988809695846985,0.04469286822561556,-0.04184890309156248,0.10378412571926109,0.010610833391033135,-0.16524079851445353,0.05843549451928375,0.04771712290486848,0.28087224069040934,0.23883603648426538,-0.2684274651726066,-0.08089002646988587,0.06181119901195693,-0.050738260157739704,-0.2937030080137768,0.31112108192548005,-0.29640880589042584,0.0826428379297165
-0.0014282001834917638,0.019920474666921005,0.9033625623570294,-0.020149586735830362,-0.01508099658238699,-0.6737967522619118,0.7384879784652935,-0.027745125632777486,0.0007131755275927044,0.329871700150994,-0.2052988191004417,0.1823817456295939,-0.5623043456136015,1.1005947372458402,-0.39664412859805837,-0.023553378645809912,0.02486780241738848,-0.04693890808204353,-0.18333721247388332,0.31429117979074106,0.998735214604718,0.044659350917978596,-0.04181006575979077,0.1038043254053662,0.010621385975601064,-0.16531421018999037,0.0583098018535689,0.04776841630076986,0.2807587984712178,0.23884422334961541,-0.26837145455029365,-0.08078330043597157,0.06167139200489645,-0.05068504584752885,-0.29377255666195934,0.3112157435998997,-0.2963947205479401,0.0826374649955796
-0.0014832193079365498,0.01996733036910817,0.9033660257547008,-0.020148168181330337,-0.015103569901299603,-0.6737715586508468,0.7385105417313828,-0.027715024327795514,0.0006216731077255018,0.32986779174685105,-0.20541182435564906,0.1823875018115207,-0.5622369523326053,1.1007377656127437,-0.39696130004481583,-0.02354778086622657,0.024948294315062278,-0.0469381021298769,-0.18333250376695023,0.31442162006481766,0.9986140675823284,0.044641429889216364,-0.041795758384062916,0.10385617407353724,0.010626158878714221,-0.16535464862004065,0.05826957267514638,0.04776193555981787,0.28068973208056114,0.23884831330154319,-0.26831972426912437,-0.08065195529294142,0.06160244289893516,-0.050696826955265895,-0.2938392450926941,0.3113443022372521,-0.2964297819940717,0.08266477015625898
-0.0014600482727626682,0.019971090153868463,0.9033599826678324,-0.020143205354465496,-0.015194569926183855,-0.673752308335522,0.7385263728096378,-0.027660391589746095,0.0004652635097439473,0.3298669837402251,-0.20540315071711837,0.18232305664387866,-0.5621411150894361,1.1007906541558212,-0.39711635752810454,-0.02357898146682196,0.024999799778105247,-0.046893610436464304,-0.18338890177410977,0.31446549858277373,0.9985620467781942,0.04458562180232346,-0.04172830248506638,0.10390638402835725,0.01062589912134403,-0.16535611040597442,0.05837802030520433,0.04760266083447516,0.2806915862952595,0.238838592330605,-0.26824307873220943,-0.08057693122975514,0.061634564904003555,-0.05086773809944955,-0.29392330198212946,0.31156259094303296,-0.2965768426199876,0.08260662109142056
-0.001437369986154468,0.019931194561653043,0.9033687706474035,-0.02013714914228088,-0.015329108971082687,-0.6737324027014374,0.7385419170180665,-0.027600704861178358,0.0002587241623395353,0.3298708079659609,-0.20532588587101736,0.18226450624316354,-0.5620042194426252,1.1008172996343866,-0.3970803850404253,-0.023553683519858596,0.025043269679148463,-0.04685262433595617,-0.18341141995581164,0.3145048346387562,0.9985989683874403,0.04448862845771876,-0.04159252618463058,0.10399498649350064,0.010619615848717307,-0.1653360822206159,0.058605467327382636,0.04735999169414437,0.28074227068315816,0.238764509137001,-0.2681019400015233,-0.08043991635068817,0.06174975523461034,-0.05111826104638568,-0.29401786500336147,0.31180459240076935,-0.2967388771449874,0.08257396858062137
-0.001409168388906897,0.01994684146932039,0.9033395048473918,-0.020127595927093747,-0.015458231666633898,-0.6737144992122011,0.738555818139149,-0.027652594410677828,5.363298728469171e-05,0.3298385707148738,-0.20517485332478472,0.1822199244812394,-0.5616704245357856,1.100725284035082,-0.3969377176207436,-0.023599554984777244,0.025112093954459715,-0.04689492970944148,-0.18347212899136187,0.3146375127981735,0.9986340151352108,0.04437344255624159,-0.04158135348204457,0.10407961933177136,0.01059695836292164,-0.16528576581884896,0.05879059628448384,0.0471202831903865,0.28079013223087185,0.23872839239998836,-0.2680764084826617,-0.08036481128808898,0.06179960776633035,-0.05138891250960808,-0.2940947763152721,0.3121294423124608,-0.297025737073877,0.0825839689234672
-0.0013927651446426455,0.019959573614833873,0.9033288591269731,-0.02014664143250819,-0.015545368597308942,-0.6736925788454806,0.7385734652441068,-0.027637798126638198,-8.63072050540458e-05,0.3298311814133437,-0.20511082079451812,0.18218620555396353,-0.5614742904022972,1.1006964662280583,-0.3968001392491321,-0.023645300408645504,0.025145208409772305,-0.04694703443209753,-0.18349921960142576,0.3147475972249,0.9987338461377863,0.04427480219309802,-0.041501959159337375,0.10414245632278832,0.010589616294557614,-0.16525617830674663,0.05893116255240589,0.04701228871002508,0.28076714278852627,0.23870536196374725,-0.26804607621977977,-0.08036467037175758,0.061869759322381875,-0.0515253300688048,-0.2941418556716622,0.3123246704644661,-0.2971732597042359,0.08260309628216328
-0.0014362841312046178,0.0200095796431063,0.9033052946998643,-0.020187394981594005,-0.015571585717086884,-0.6736648349409593,0.7385971059827413,-0.02764901293419868,-0.00010752750231018131,0.3298223901139998,-0.20512843874465092,0.18220565452309992,-0.5613248959195879,1.100695335007912,-0.39677769020293346,-0.023671180056066103,0.025156894462392013,-0.04700647480988081,-0.18349843453463227,0.3149134222036633,0.9987511823059259,0.044237814923781246,-0.04149926533184178,0.10418353555201926,0.010587768593153513,-0.16523761216503405,0.05895174944815151,0.047109969252555645,0.2806350159057578,0.23873878970385634,-0.2681040276559141,-0.0804955736496217,0.06189936408142063,-0.05146989539044993,-0.2941243679092247,0.31239132696456356,-0.29719527479208874,0.08270440366567255
-0.0014953056440026554,0.02009170885887221,0.9032975343120779,-0.020263883096065607,-0.015546398357273773,-0.6736319737511067,0.7386255130173695,-0.027663775395309127,-5.660229680317334e-05,0.32981417644548794,-0.20520982063644727,0.18222733650939765,-0.5612327476765729,1.1007427144056996,-0.3968887531083812,-0.02370245673692457,0.02513319709602219,-0.04712913722239888,-0.1834804216994794,0.3151032534683984,0.9988286163081163,0.044270017612669944,-0.041479882180412854,0.10418150327046259,0.010587397001600891,-0.16523026492976547,0.058912978378574225,0.0473457192367361,0.28043282734061087,0.23879176146087777,-0.2682227150361858,-0.08069504933517824,0.061943970495199084,-0.051271239774319036,-0.29405751766880733,0.31230910978468057,-0.29708432332778045,0.0828912459673847
-0.0015767215342736504,0.020117609870528894,0.9033199955245177,-0.020352497459986386,-0.015518632453742952,-0.6735980761241724,0.738654574030188,-0.027676341395550044,5.795935421117045e-06,0.32984339676851293,-0.20528694696480376,0.18224709158333507,-0.5611620169706555,1.100849861880345,-0.3970816418789831,-0.02363253879113607,0.025040024200724556,-0.04722471492859704,-0.18343142440260835,0.3153199519554195,0.9989168514112946,0.044353243710092465,-0.04137822048421191,0.10418166799405498,0.010588875532050826,-0.16524364730449267,0.05891299434751353,0.04761703027026242,0.28022741177236726,0.23882327354560454,-0.26826571226884205,-0.08084307349131875,0.06206079843453383,-0.05102112107985938,-0.2939954831719495,0.3121323637722948,-0.29682849575564185,0.08306222899919144
-0.001605987779700468,0.020096917322454628,0.9033402123608005,-0.02042421697009529,-0.015519941679294469,-0.6735701020714698,0.7386780762733232,-0.027713196447942443,8.830886611731498e-06,0.32986834724243597,-0.2052947701379439,0.18222857844864396,-0.5610262894062333,1.1009237327208643,-0.3972768857128374,-0.023574781837700603,0.02487004725916692,-0.0472822555756187,-0.18342894987489528,0.31554784761006716,0.9989566348462664,0.044447729530370406,-0.04121102198992704,0.10415379966820394,0.010584663732785916,-0.16525796960683262,0.05896799149772254,0.04779339634278636,0.28007259934431805,0.23883225336255803,-0.2682207031848454,-0.08098014612350893,0.06220370310407754,-0.05085051508806044,-0.2940128988879551,0.3120029882298423,-0.29661222027291273,0.08302212241144172
-0.0015972388383309563,0.020060343004890353,0.9033402181190971,-0.020471199915969785,-0.015553118865117376,-0.6735453660122902,0.7386986329965258,-0.02770522721101347,-6.116541673300259e-05,0.32988420440466804,-0.20527366892461155,0.18220984991772302,-0.5608304005354796,1.1009198820685855,-0.39741567985834836,-0.023571093382128608,0.024657312399014076,-0.04726742862870423,-0.1834346959203064,0.31567604796226445,0.9989095133057473,0.04451043128354136,-0.04104037115050539,0.10411299371794432,0.01058386341309676,-0.1652676010040462,0.05904609588816109,0.04785195597008909,0.2799869464982351,0.23885107895964688,-0.26815817187225927,-0.08104418261313877,0.06231033302902112,-0.050799903047999376,-0.2941590427947236,0.3120398784455714,-0.2965636765410584,0.08277531315227335
-0.0016364996035606939,0.020029682812229145,0.9033733715246449,-0.02049298529214242,-0.01560951607382149,-0.673519558090229,0.7387203702563628,-0.027753831013107355,-0.00019087178958394736,0.3299015710833584,-0.20525241125923008,0.18222050464865913,-0.5604484741767756,1.1009347299129952,-0.3975144053322748,-0.02346838315329832,0.0244208876720916,-0.047327780097452976,-0.18336356688953773,0.3158597960160509,0.998894669948516,0.044547867014940616,-0.04087799691938069,0.10409497441853259,0.010574345660535042,-0.16527969202426843,0.05916055553430557,0.047855053170105945,0.27994694582052665,0.23878543901706933,-0.2680380327646614,-0.08099885494649438,0.06240640956159394,-0.05078193042056656,-0.2943894178279576,0.3121138502465793,-0.29657639944399306,0.0824518979770324
-0.0016619981060196104,0.02009150415736624,0.9033835405441871,-0.020517208640026995,-0.015657203890083488,-0.6734984066530799,0.7387379727289823,-0.02765816884644751,-0.0003187070684879464,0.3298732422368479,-0.20531886862832283,0.1822446116276235,-0.5602649814130493,1.1008731368320235,-0.3975399995737499,-0.023498618920481006,0.024255836585040123,-0.047350253823987054,-0.18334546525828863,0.3159018771447129,0.9988389673970998,0.044573706235821006,-0.0408643136257368,0.10405664293325967,0.010581321934007992,-0.16527665588789403,0.059231858213440916,0.04783111172122761,0.27993487734319117,0.2387365018495743,-0.26802829260374,-0.08094644635983349,0.06243871767426575,-0.05079459471755639,-0.294610619013102,0.31223566436818334,-0.2967234717397978,0.08218626927025381
-0.0016942811403592843,0.020192154624891292,0.9033930737883196,-0.020528292144821537,-0.01572398284995809,-0.6734829973297758,0.7387502946819382,-0.027608331942351377,-0.0004595834515733339,0.3298575638470369,-0.20537743719208984,0.1822700483345079,-0.5600677164149518,1.1008494017305364,-0.3975267416831713,-0.02355797869233616,0.024123010768442837,-0.04736562164571465,-0.18333539225464782,0.3159659489588577,0.9987550139593215,0.04467582162935662,-0.040963517196547325,0.10398383817157754,0.010582891046197161,-0.16526902855562642,0.05929610342911394,0.04777659124091311,0.27992209263833356,0.2387026651145565,-0.26804165278404285,-0.0809526667474526,0.062425065050883834,-0.050853587378716404,-0.294748992794944,0.3124310952871623,-0.2969390552739981,0.08201095816596231
-0.0016953622243629117,0.020270069089494875,0.9034103617821622,-0.020548933747274706,-0.015793311230029368,-0.6734792498940502,0.73875165827522,-0.027525028650095717,-0.0005762926950152913,0.3298445932405932,-0.20539499133552264,0.1822692013600398,-0.5600298662738366,1.100862510699733,-0.3974576959738692,-0.0236524419163544,0.024019075100314757,-0.047384720997469355,-0.18335416721977713,0.3160758574199982,0.9987837774720776,0.044929110119229884,-0.04101139003373423,0.10387307450727502,0.010582999035059762,-0.16524724291626347,0.059412504550521474,0.04770050196050413,0.2799148140114163,0.23865035323960362,-0.2680165384467713,-0.08101978558806962,0.06246274215945762,-0.05092069012923256,-0.29475433486747166,0.3125504197885289,-0.2970894736240019,0.08195991588626002
-0.0016829863563749194,0.020316214441188047,0.9034232013217992,-0.020570633169174762,-0.01587546275269352,-0.6734841017922175,0.7387448702810299,-0.02742942890861664,-0.0007010311849452935,0.32982462388300715,-0.20537151957847488,0.182272991367639,-0.5601037844631453,1.1008987618730777,-0.39732059719341595,-0.023751050697342155,0.023946957408491624,-0.04740032014725373,-0.18337704273495212,0.3162514178142605,0.9988712801850246,0.04535389709363741,-0.041008802829228856,0.10373461371192093,0.0105789281062877,-0.1652129084193045,0.059561459769206154,0.04759428334232672,0.27992506149764995,0.23860902167774647,-0.2679471882012049,-0.08109909574178352,0.0625243533169839,-0.051021196627523954,-0.294674225262671,0.3126718189187537,-0.2972093632226661,0.08199884929141192
-0.0016845098484075055,0.02029608688796044,0.9034006552300688,-0.020593903638619272,-0.015965285720447815,-0.673490239330105,0.7387366907849267,-0.02734978446377329,-0.0008281120190090831,0.32978477791956223,-0.20527413267679193,0.1823101069263238,-0.5602876827318978,1.1009196663711156,-0.39708767759660557,-0.023802356734335246,0.023920763793459712,-0.04738924974238403,-0.18338633507593705,0.31652556988163144,0.9989959704262446,0.045851711709007495,-0.040969488116003344,0.10359933644399887,0.010569670691465723,-0.16518506972177718,0.05972877916570077,0.04748297857846223,0.27995171558508986,0.23860870575109744,-0.2678628543926877,-0.08108619762524155,0.06256187381832942,-0.05114905172919588,-0.2945643650932097,0.3129088820074424,-0.2973040162890156,0.08206745274456895
-0.0016986010034560875,0.02025107415118756,0.9033824524777252,-0.0206123967006896,-0.016018802273268518,-0.6734861397383821,0.7387387539964819,-0.027259241044766905,-0.0009246996309406014,0.3297763792097851,-0.20524731529384035,0.18231619890233458,-0.5603952952590119,1.1009365400388422,-0.39689746572319873,-0.02376144285322242,0.023877212394948496,-0.04738707062738213,-0.18336185508029515,0.31665334130855344,0.99907885726669,0.04631915018253784,-0.04082100399707458,0.10351926380644992,0.01056774057535453,-0.16518255924459663,0.059819265943330625,0.047439732310069926,0.27995916083566647,0.23861714845217621,-0.26773918853774975,-0.0810144843174178,0.06255729683706009,-0.051207017586713,-0.2945207892563618,0.31311017234876026,-0.297311011876953,0.08201066049434066
-0.0017254417472744852,0.020270059561760277,0.9033738482049677,-0.020619693740173747,-0.016050571926989554,-0.6734689632014591,0.7387535197718036,-0.027179671103084148,-0.0010385514007111856,0.3297618584920789,-0.20537187503331916,0.1823318367945726,-0.560566128590641,1.1009523551160005,-0.39676339653417986,-0.023659245435481605,0.02386531067788391,-0.04744392875239209,-0.18333508780033533,0.31676516657478593,0.9990908329665281,0.04662163791706626,-0.04066647392592855,0.1034628314118144,0.010572443599946864,-0.16524906997797484,0.05980221556771162,0.04742820590647282,0.2799360758152923,0.23862204413054577,-0.2676066812385134,-0.0808643474481265,0.062391833321316176,-0.05125920069240735,-0.2945661909835227,0.3134580708981391,-0.29732666729568064,0.08177425825259106
-0.0017810504716069453,0.02033478588539881,0.9033538326314432,-0.020610624130335577,-0.016053698208933823,-0.6734400695815641,0.7387800441462611,-0.02711096902309258,-0.0011256085194797274,0.3297617880030245,-0.20556752386100413,0.18236437372975103,-0.5606499273433502,1.1009000910608544,-0.39674764442544747,-0.02351885675248253,0.02388054946110691,-0.04747442757926471,-0.18330336395996852,0.31676563692985626,0.9989579721915256,0.04673631466708347,-0.04057059054634601,0.10348102189747027,0.010583381471830368,-0.16534702889603725,0.059651800312380474,0.04747160089011075,0.2798805186610148,0.23867758641007317,-0.26750286861076256,-0.08065762286079271,0.06210251084040147,-0.05127167685958895,-0.2946765468618615,0.3138706867473773,-0.2973566954541205,0.08140842232003036
-0.0018299122676127223,0.02041937525363899,0.9033750494851015,-0.02061339141410157,-0.01604634524102862,-0.6734120437891226,0.7388056728115794,-0.027063414781505018,-0.001204886720224203,0.3297718293250624,-0.20580000231745152,0.1823647375150305,-0.5607201976136535,1.1008968358692237,-0.39680940786912444,-0.023343954186835,0.023887064754322097,-0.04756844686526783,-0.18327073986707706,0.3167338164454733,0.9988969408235392,0.04674095466514109,-0.04043157276909086,0.10353698920352616,0.010593134946355933,-0.16545466919316273,0.059523463548553444,0.04752701555341183,0.2798296088030777,0.2386813143546076,-0.2673868558193471,-0.08046071776084139,0.061863110320466284,-0.05125420076069774,-0.2947796863654844,0.3141670440179276,-0.29732618383377524,0.08108452677764258
-0.001855616489495285,0.020496119480613535,0.9033973033282701,-0.020625701840043083,-0.016063698979360785,-0.6733970770909804,0.7388185938131425,-0.027038709708812246,-0.001269729584523171,0.32976464336950856,-0.20596747551901545,0.1823616014208053,-0.5608326192618371,1.1009168392996076,-0.396861306706661,-0.023242413744109586,0.02388286585904429,-0.04761538092140114,-0.18328155351599465,0.31672329623526224,0.9988292022302662,0.04674290947406039,-0.04036710897986566,0.1035915529077858,0.010601409069418378,-0.16551876872766275,0.05949382004162015,0.047559191691103765,0.2798027801467335,0.2386564200257963,-0.2672988933111464,-0.08042968378074061,0.06173911043124248,-0.051249753528250244,-0.2948270473411562,0.31437108306034917,-0.29733402983580126,0.08089245179583084
-0.0018872523549744963,0.02051117261589876,0.9034489701885182,-0.020675977713768764,-0.016107592315480136,-0.6734044171119947,0.7388095427303517,-0.027055575302155157,-0.0013104849599716135,0.32973806010525253,-0.20603166415389113,0.1823713574257632,-0.5610464009702887,1.1010498586304414,-0.39678727675815184,-0.023150355240290566,0.02385933049399746,-0.047664112423734896,-0.18327624481183125,0.31684128116059085,0.9989087945240119,0.04684986059188039,-0.040320650687452574,0.10362904355329676,0.010601977711978555,-0.16552494744360186,0.059658698237370966,0.047596378163612736,0.27984130975818833,0.23855974456866808,-0.26721325056987305,-0.0805349318113252,0.06187029365377545,-0.05120790114759551,-0.2947606094517711,0.31431605670620555,-0.2972587290457733,0.08102557937167588
-0.0018577326131605262,0.020517336946334532,0.9034412359886069,-0.020739148818020834,-0.01616059737907313,-0.6734266757137449,0.7387863258316227,-0.02712758101676662,-0.0013314030899940514,0.32966836774320923,-0.20596738765572045,0.1823747023779096,-0.5612530381591937,1.101125900718099,-0.3965818423807658,-0.023275680682286016,0.023833125778510343,-0.047672487560849956,-0.18334749615017423,0.3169554570484869,0.998986526457568,0.04709153603250323,-0.04041916302388547,0.10361708102423521,0.010594231000093667,-0.165465304153743,0.05986052354112367,0.04762770248593713,0.27990647856283474,0.23854318543313024,-0.2672605672277333,-0.08088180401094776,0.062068957480575455,-0.05119011459312232,-0.2946346412991208,0.3142444106949364,-0.2973012258626989,0.08128663275490601
-0.0018285247226300094,0.020511803020465617,0.9034331753521542,-0.02080908139856682,-0.016229626004997423,-0.6734519196148885,0.7387598346811407,-0.02719340333862603,-0.0013561455050723212,0.32960625205914684,-0.2059256653464964,0.18238769186379258,-0.5615306226712171,1.101286590856831,-0.39629289181624866,-0.023424935937715715,0.023805243565480496,-0.04771871676040946,-0.18338942649887902,0.3171513510065681,0.9991694057335614,0.047393531492907294,-0.04053244153766117,0.10357891854335116,0.01058746261619928,-0.16539823407909565,0.060103864675192305,0.04765194856607933,0.27998337287178726,0.23853782470526988,-0.26733178412373415,-0.08125125306912877,0.06231839519638467,-0.0511824702798273,-0.2945023857732768,0.314164581736437,-0.2973724377223656,0.08160194769264008
-0.0018948025561345654,0.020485863744493522,0.9034159752922006,-0.020872487356298184,-0.016316383648434084,-0.6734666849919632,0.7387426744828898,-0.027192932364777492,-0.0014059728921202276,0.3295537133436499,-0.20592753122335422,0.1824693898121088,-0.5618548586497712,1.1014590548787082,-0.3959835565351127,-0.023435284044189774,0.02382975703634386,-0.047735272855710664,-0.18334836803506535,0.3174471440081526,0.999372801025041,0.047609394917795755,-0.04068502651788913,0.10359853568666115,0.010585419583762284,-0.1653547376156675,0.06034766423448372,0.047677933882028886,0.28007499294052773,0.23854883616068903,-0.26739797587753006,-0.08133781923232714,0.06255353723506875,-0.0511721524326386,-0.2944011859233022,0.31415883201886957,-0.2974316110522191,0.08195416515590719
-0.0019625398823527123,0.020490972614895308,0.903385131590167,-0.020919299846642373,-0.016413050954812308,-0.6734706430589814,0.7387356005974004,-0.027090062144776158,-0.0015144078532630893,0.3295319007015369,-0.20600250040930015,0.1825280018037548,-0.5621893720928863,1.1015646531268997,-0.3958020179779172,-0.023447720082292862,0.023871794856951685,-0.04769574225233746,-0.18333494036898257,0.3176624186679063,0.9994880024340188,0.04763638927404468,-0.04083264372868795,0.1036255276225606,0.010593006791037947,-0.1653377033736352,0.060551424916233214,0.047633367269876555,0.28017850983258963,0.23858639324117561,-0.26749671087234655,-0.0811667355384886,0.06271195876438003,-0.05123503466896323,-0.2943635413324807,0.31429297212085056,-0.2975862601723236,0.08222331229121503
-0.001971429420442502,0.020485575448681192,0.9033626585482805,-0.020947663417056988,-0.01653474648903427,-0.6734699961776653,0.7387326727608328,-0.026920248335787867,-0.0016639423293343743,0.3295546324192478,-0.20609691720145434,0.18251385587735455,-0.5625073042186752,1.1016698055456928,-0.39578604960808644,-0.023503639770360137,0.02385187343723586,-0.04759674808539176,-0.18337568683968966,0.31777258039653267,0.9995464045340356,0.047464270611819376,-0.04087538352183749,0.10363248471808953,0.010605758894314955,-0.16534043052653505,0.060777218775514535,0.0475053270698335,0.2802695521151448,0.2385977708675311,-0.2675117869252459,-0.08095394244444223,0.06286768739824866,-0.051375723535425764,-0.2943834304841676,0.31448088095852156,-0.297778412247393,0.08229326633772929
-0.0019514942189003252,0.02042903450180429,0.903355612789213,-0.0209803677190444,-0.016653171702725286,-0.6734663556115581,0.7387324034465381,-0.02674342476030963,-0.0018091992976897095,0.32960005152782457,-0.20617182833125045,0.1824845793298702,-0.5628421109805726,1.1017837846337575,-0.39587738678746986,-0.023537268758436574,0.023759691745368433,-0.047462195800693184,-0.1834222853822546,0.31787334286916674,0.9995785832934632,0.04718048399520106,-0.04077405978328761,0.10364198238054538,0.010618057491726734,-0.16536365290002927,0.06103021263110125,0.047370648485050765,0.28033092466591975,0.23857947041043162,-0.2674331725149675,-0.08071803946867825,0.06303967188700858,-0.05151548740691922,-0.294426625353946,0.31466549292754337,-0.2978870683277641,0.08223161298621079
-0.001944535642433093,0.020404146616201897,0.9033849629086349,-0.021020768079816027,-0.016735804171311448,-0.6734624173327834,0.7387329778806121,-0.026625245868901054,-0.0019084805128991515,0.32962751597267714,-0.20630909153016366,0.18247477536367987,-0.5631994343939414,1.1019292236378453,-0.39597160004567156,-0.023518891969270178,0.02365275008135556,-0.04743129732094851,-0.18344894274327783,0.3180173440992062,0.9996322030243456,0.04693621335300368,-0.04064037290031965,0.10364947103800118,0.010628084449534824,-0.16539764570922016,0.06125025915753533,0.047305192206099266,0.2803399655962292,0.23849242056388448,-0.26731664966016105,-0.08058769407685747,0.06317497988394076,-0.05157604544727267,-0.29445224340489434,0.3147714354209711,-0.2979027573468412,0.08212139511566732
-0.0019710982746578344,0.020377189997516233,0.9034229480979616,-0.02106361523222265,-0.016760721626420415,-0.6734535565421096,0.7387392703144277,-0.026653103643118282,-0.0019327183203045792,0.3296415953672896,-0.2064282882681162,0.18250542572371617,-0.5634884111317765,1.1020382319795439,-0.3960170011814352,-0.023438688840582606,0.02353880644753641,-0.04751159587507561,-0.18345373368116494,0.31820091374795434,0.9997071632540444,0.04691142703518878,-0.04052241215486707,0.10369582078620221,0.010627627168485986,-0.16543832506258152,0.06136711883182059,0.04736383217383918,0.28025434842931496,0.23840381164611676,-0.26716242428684933,-0.08058914042487311,0.06319437513160289,-0.051526595672382824,-0.2944507289904868,0.3148821528265757,-0.2977900052979485,0.08191144352415289
-0.0019937803082332043,0.020454818499907844,0.9033848814667323,-0.021088569691484205,-0.016751762355986622,-0.6734410941985817,0.7387501223898052,-0.02674640085547058,-0.0019211007327275135,0.3295709229764963,-0.20660033142241355,0.18257692663689426,-0.5638197013776968,1.1020563944949235,-0.3959647051238046,-0.023492743889406698,0.02349744967124586,-0.04764728429015565,-0.18351227059100078,0.3183843964096162,0.9997126766643768,0.04709606758737459,-0.04063045956074172,0.1037175270051101,0.010628762845659686,-0.16547144595417485,0.06129204113885267,0.047494646472503635,0.28008020864926025,0.23845935450695463,-0.26718947651150177,-0.08082525716975594,0.06299555208209986,-0.05146358329135442,-0.2944473701021869,0.31519146364571676,-0.29786283639998823,0.08157243611276016
-0.0020468711732616824,0.02050642238133638,0.9033880248728261,-0.021136914315718677,-0.016736247147687434,-0.6734317284231889,0.7387576301044727,-0.02685616290614037,-0.0018831154994105549,0.32955187040909256,-0.20678469201686273,0.18261881786064424,-0.5640679930540675,1.1021635038246715,-0.39585559632134776,-0.023443106235129473,0.02346200969493958,-0.04785239689536999,-0.18349603675116183,0.31856763793282017,0.9998552384499544,0.047440294317517104,-0.04066424058563513,0.10375354361555271,0.010628245742294679,-0.1655158369315935,0.061252407546181345,0.04766569811455104,0.2799202061602279,0.23851041521248434,-0.26720619377159655,-0.08100673136857646,0.0628631179933243,-0.05134672939877544,-0.29442125407735226,0.31541989060148024,-0.29784705623097096,0.08129974483858159
-0.00209743448524124,0.020526566699854268,0.903391901094966,-0.02120253792541814,-0.016752158081189843,-0.6734362462657295,0.7387512705915753,-0.026881300971018707,-0.0018651053654262716,0.3295295295608841,-0.20690876760825822,0.18264594558161096,-0.5642864580241781,1.1022529946911257,-0.3956872922806875,-0.023401830578263498,0.023446745724360573,-0.04798141330666026,-0.18348559654966548,0.3187225600367441,1.0000096180814426,0.047777855100578775,-0.040692505299190294,0.10381814655380875,0.010629996956150686,-0.16553980609953328,0.06134114212139602,0.047801522594306534,0.2798546766896097,0.23854009596275982,-0.2672589073313854,-0.08114555471703024,0.06288260775638481,-0.051245602531102344,-0.29437507103010124,0.31555337657180005,-0.29785061439207955,0.08115892151502609
-0.0021700279427325792,0.020510201346139983,0.9034031881371021,-0.021294382519389463,-0.016822303679726203,-0.6734593222170896,0.738725998385682,-0.026762220290524226,-0.0018699041698966674,0.329513031969469,-0.2069528781330112,0.1826699386188194,-0.5644366455050809,1.1023326596835283,-0.395449929487388,-0.023364268007820658,0.023478021159592702,-0.04798726598090383,-0.18346388707525976,0.31884453842212873,1.0001638679559797,0.04794844016881542,-0.04075244987218742,0.10393765193673826,0.010634720611605244,-0.16552713589451834,0.06163891610832478,0.04788595633571539,0.27993565234648765,0.2385214197339999,-0.26739641070588105,-0.08119930849508403,0.06313901870600956,-0.05115605489339178,-0.29430810464433754,0.31554236262135194,-0.2979083099462493,0.08124815859797178
-0.002166782287232975,0.02044938294916206,0.9033827201283003,-0.02139752335187267,-0.01693380235934586,-0.6735014575169576,0.738682055457281,-0.02655993743278026,-0.0018850611310851327,0.3295058208542861,-0.2068601371050458,0.18264235472701187,-0.5645171812227748,1.1023377942593913,-0.39513723293031267,-0.023479851163868252,0.023505535852139006,-0.04785946792624102,-0.18352502244725988,0.3188568117292225,1.0002587411287027,0.04792337857492096,-0.040824556878541286,0.10407021147432076,0.010637417677509014,-0.1654790500261117,0.06206036327744252,0.04791398973480104,0.2800977991471389,0.23852204441855995,-0.26757306638490297,-0.0813824773382411,0.0635313284861905,-0.05112109456953722,-0.2942379202383732,0.315498708307112,-0.29805685502108803,0.08131364393360128
-0.0021821681913300867,0.020381036247336594,0.9033605685222819,-0.021510661936435204,-0.01705093929708119,-0.6735472846089906,0.738634288594835,-0.02636314363943692,-0.0018970088890382182,0.3295022952158376,-0.2067380432233392,0.18264640111511357,-0.5645449464636082,1.1023503224545796,-0.39480814117432084,-0.0235867458897069,0.02354671888951341,-0.04773870333587684,-0.18356174252246693,0.31892689173273653,1.0003605613601658,0.04777582410183859,-0.04090665766413244,0.10423353754222643,0.010635160654255474,-0.16542757553003437,0.0625103634995678,0.04794719463429977,0.28028948485279703,0.2385300294033302,-0.2677707197390756,-0.08151384803847271,0.06396749461641041,-0.051077905140465535,-0.2941511580987038,0.3154209279086951,-0.29820018792136793,0.08147076569481641
-0.0021556655228632256,0.02029104029577937,0.9033413176119023,-0.021609089850666965,-0.017146768944385993,-0.6735860079637602,0.7385938839619767,-0.026240002407239088,-0.0019115845471730142,0.32952048308923404,-0.20662360302926183,0.18262747268540294,-0.5646002852812928,1.1023678337261031,-0.39455171226552715,-0.02368718580485215,0.023535019626738016,-0.04768304783602444,-0.1836203523323443,0.31900349264237127,1.0004623002334554,0.0476520072212712,-0.04087887418089098,0.10438633302339476,0.01062954859201714,-0.16540131931818192,0.06289040720455967,0.04795780045958097,0.2804289503337951,0.23854378711141946,-0.26786205735917507,-0.08162630429055981,0.06431715482894336,-0.05106721872778305,-0.2940595561034638,0.31538688313458024,-0.2982531951300257,0.08153746076103455
-0.0021496191330448366,0.020245064940538918,0.9033546841243585,-0.02167168883139759,-0.01722604589440205,-0.6736151299491457,0.7385636451583801,-0.026230957424765135,-0.001923056224346596,0.32952286785462936,-0.2066321835631531,0.1826273575270137,-0.5647450694663032,1.1024683447806962,-0.39443239091015375,-0.023678986403487562,0.023500929070178183,-0.0478153140566188,-0.18366553476479455,0.31924481096906604,1.0006110031504325,0.0476559411487776,-0.040817798561891314,0.10450751866840713,0.010619820946551855,-0.1654144916351626,0.06316827060426275,0.04794886193655007,0.2804862340980701,0.23849694974158026,-0.2678034209347657,-0.0817000736372663,0.06453955763897869,-0.05107370194894284,-0.2939474381406726,0.3153552236365928,-0.29821013725896584,0.08155792811012731
-0.0021095205089539664,0.020180492578648557,0.9033922395014848,-0.02171587539245702,-0.017299858539441267,-0.6736390949431117,0.7385387636506828,-0.026263305437984975,-0.0019399803094366462,0.3295354176257457,-0.20666674358669082,0.18260570330410214,-0.5649779906679641,1.10256851805717,-0.39445680006903056,-0.02363763158443917,0.02342850620986918,-0.04800919343723371,-0.18372851557545197,0.3195216940425486,1.0007720014636563,0.047799511601828826,-0.040658264063452916,0.10456761012429922,0.010609242221200068,-0.16546392541752955,0.06340907310826556,0.04790456253757423,0.28048462612753744,0.23841469505695925,-0.2675737748505131,-0.08177242286667646,0.06470603741939576,-0.05111863161386449,-0.29382639002187666,0.31533733888657667,-0.2980576232981534,0.08148238411615058
-0.0021280147579498705,0.020213172953750858,0.9034105445495458,-0.021758000460370977,-0.017347630461262017,-0.6736580704862547,0.7385190946766923,-0.026310766019288775,-0.001949045353235653,0.3294989324901025,-0.20677913739389958,0.18265390084591873,-0.5651631432781198,1.1026286881282885,-0.394604239778519,-0.023631916164296708,0.0234263667902585,-0.04823496445500283,-0.18374578050364204,0.3197703521851798,1.0008495013144574,0.04806836382379037,-0.04067137980589905,0.10460847226333,0.010601060205588979,-0.16549010854211194,0.0635606197665436,0.04789692128653525,0.2804851003863424,0.23836182482142065,-0.26749213091900176,-0.08177086682456493,0.06479458170663704,-0.05113032015177663,-0.2936998195757524,0.3153376178949307,-0.2980081113109018,0.08154799200581661
-0.0022070056503129274,0.020194049547336935,0.9034041081964984,-0.021818904737329795,-0.017414121454382134,-0.6736707079648508,0.7385042051337087,-0.026360687661853278,-0.0019477894802166734,0.3294756906327295,-0.2067959387413913,0.18273331884876332,-0.5653048657658652,1.1026794401097968,-0.3947855108529864,-0.023583467554660297,0.023459348755885307,-0.048328216285302254,-0.1837281967373131,0.3199896942079227,1.000877615685915,0.048370256036688146,-0.0407540170441892,0.10471225819910082,0.010595230564126255,-0.16549440643492314,0.0637724838007135,0.04794421722136033,0.2805185862010576,0.23836533506779856,-0.26748777637999993,-0.08171328353322099,0.06497410390649237,-0.05109106646910383,-0.29360255056911644,0.31536080647007136,-0.29800479250638523,0.08163049542315877
-0.0022239089141214093,0.020132577557847336,0.9033778452403979,-0.021923954755691973,-0.01750261711113838,-0.6736787965245833,0.7384916233210228,-0.026424462581912722,-0.0019152245740021985,0.3294540753763701,-0.2066874052508222,0.1827451063922972,-0.5654577267182227,1.102731989605297,-0.3949194714180208,-0.02366745364267305,0.023474929363202373,-0.048340659661511826,-0.18377915031542413,0.32009762214788307,1.0009315719334866,0.04866725901718786,-0.04077016485766844,0.10483386541510281,0.0105886193506097,-0.16545100495481904,0.06412659982314278,0.04802397906780594,0.28059413291273677,0.23839860185786688,-0.2676030055194726,-0.08181867292887547,0.06534707770502232,-0.051001989550791514,-0.29357357368086556,0.3153183019147984,-0.2980962434193311,0.08152030409086723
-0.0022591397044615614,0.02003798010506513,0.9033833973976024,-0.02206594237776932,-0.01759093439904292,-0.6736803571559566,0.7384838722654485,-0.02650567813685541,-0.0018565035381315359,0.329471358043463,-0.20654590871295966,0.1827548389991137,-0.5655538429393149,1.102846654904615,-0.3950122310088792,-0.02372889820320567,0.023465963802560566,-0.048324766878265236,-0.18378661669645174,0.32014103911682634,1.0009992175822948,0.04897532382845987,-0.040681205376662546,0.10501581943409716,0.010582725156002481,-0.1653846107059467,0.06457952920987703,0.04815167115699498,0.28070974930582226,0.23839047824987705,-0.2677412793527549,-0.08188935919126929,0.06585919913182237,-0.05083993198115487,-0.29357950559942664,0.315174454232908,-0.2981464531583391,0.0814101740119123
-0.0022904002515131004,0.01991519562812575,0.9033587357846199,-0.022202190114432134,-0.01767836474439735,-0.6736773207960438,0.7384804707093817,-0.026571029891359774,-0.0017888675301535567,0.32948867086572825,-0.20635660001665282,0.18277841504438772,-0.565642758653483,1.1029062632821214,-0.3950824315315649,-0.02382250621374127,0.023433280649284204,-0.04820280211103174,-0.18381868567872306,0.3201204225511339,1.0009502578200926,0.04926011784130851,-0.0405862209640944,0.1052491029223358,0.010579910974310039,-0.1653138499759314,0.0650134312992385,0.04828707821209309,0.28080585029269156,0.23842484007075906,-0.2678996011931838,-0.08197188224577863,0.06638423797225136,-0.05067052405825759,-0.29361409380113335,0.31501325088837945,-0.2981898501984012,0.08124856683536968
-0.0023141539807429337,0.019887816761360182,0.903354430324503,-0.022294722882169948,-0.01774545586837669,-0.6736715600025316,0.7384813290607861,-0.026584905771688528,-0.0017531596544193959,0.32949361512351194,-0.20636033738103643,0.18278189941759201,-0.5658158481300826,1.1030284984831211,-0.39516055208841816,-0.023912719301001386,0.023386826738521466,-0.04818995167126638,-0.18386446083280836,0.3200980738154233,1.0009314298628502,0.04946485789268545,-0.04051961589743427,0.10544967567198371,0.010584164739084446,-0.16529511220209767,0.06529156220507817,0.04837167250616944,0.2808151178269209,0.23843010387255098,-0.2680138823880872,-0.0820672727616213,0.06673326704201347,-0.05056658034079226,-0.2936651091488216,0.31489396157707705,-0.2982586113985651,0.08114500495301442
-0.0023357566981101153,0.019924204573732653,0.903355254816856,-0.022321379074131086,-0.017788791868310526,-0.6736619960397985,0.7384882057364005,-0.026576842660198826,-0.0017788216173689059,0.32948761126100234,-0.20650715181815554,0.18278489269879147,-0.5660128628197709,1.1031816581645921,-0.3952965706660591,-0.02398039615582982,0.02329513459019173,-0.04826953646231276,-0.18391368174109932,0.3201579725010844,1.0009473601385352,0.049506814742227914,-0.040503357143913926,0.10559233318061849,0.010587069547038745,-0.1653564334551534,0.06537043941511683,0.04839023263274116,0.2806797000650957,0.23843186300784214,-0.26804636911647317,-0.08214554223573176,0.06684261756376722,-0.05055653377998158,-0.2937403582794986,0.31486141649650123,-0.2983044534375824,0.08108716207901297
-0.0023583684334330304,0.019961383725688946,0.9033542602734597,-0.02230471727607182,-0.01782422464749177,-0.6736486637708111,0.7385000165218343,-0.026560061875830796,-0.0018451527758326228,0.3294703250354653,-0.20672601381100542,0.18279116491871897,-0.5662729005225808,1.103370720841579,-0.3954848319748349,-0.023990560741673685,0.0231374855500815,-0.04837591188823111,-0.1839731189141616,0.32034179215773084,1.0009914406962883,0.04934937315969875,-0.040500222758383275,0.10568616587400385,0.010591393937513264,-0.1654807569940715,0.06533928722463145,0.048365267595776744,0.2804358900826968,0.23843023337115007,-0.26797596592410217,-0.08219847542058017,0.06681619660760563,-0.05060754061893264,-0.293848525227824,0.3149034384049515,-0.2983188088439391,0.08102136961872376
-0.002370306612506312,0.020006922786031413,0.9033566616619714,-0.022285407777212673,-0.017851574056219476,-0.6736306619384139,0.7385163594669597,-0.026561887014977442,-0.001934838694350321,0.32944685220766234,-0.20697437092829038,0.18278702756006107,-0.5665287482667037,1.1035723162137276,-0.39568210364459516,-0.023987304065733645,0.022958611996533086,-0.04851456463064732,-0.18402805912285963,0.3205794094250458,1.0010678760176694,0.04904555074674327,-0.04049307260523386,0.10571389879600399,0.01059486121687176,-0.16562615073304388,0.06528021208828931,0.04832111248718228,0.28019504031710135,0.23842491589249018,-0.267886913911005,-0.08220393501839601,0.0667601578466525,-0.05067787757397996,-0.2939550842131321,0.31495814487843543,-0.2983205304376367,0.08100484007218574
-0.0023588004914923233,0.019996359325039313,0.9033736359703444,-0.022276139478359918,-0.017904767345872936,-0.673609815465588,0.7385343657709138,-0.026606049903677202,-0.0019932430456596076,0.3294508890954906,-0.20714670369908195,0.1827526517920816,-0.5667499057087058,1.1037815864227203,-0.39584916940248627,-0.02396059220206317,0.022768859928910576,-0.048606933627652636,-0.1841007266365277,0.3208267332747663,1.0011228356713824,0.048730848524546,-0.04043494404476237,0.1057244175774844,0.010598498945195125,-0.16574202365784851,0.06532616566086488,0.04826176295306034,0.2800521329794917,0.23838509965278984,-0.2677303474417949,-0.08224713566008451,0.0668171867698686,-0.050738813234250744,-0.2940480405789822,0.3149643168727918,-0.2982908560631672,0.08091277219786258
-0.0023659360067473044,0.019912538727235956,0.9033844579280076,-0.0223109362020353,-0.017949114619761293,-0.6735838642101373,0.7385559080299158,-0.026665624069107812,-0.0020032403872739623,0.32946993508205397,-0.20717688975076207,0.1827470083351017,-0.566836268216608,1.1038873317337803,-0.3959533081862617,-0.023916640441107837,0.022643389942309324,-0.04862961263301571,-0.18411747752720886,0.32096740977588356,1.0011318395893116,0.04855649758940917,-0.040290791692041514,0.10578452510888128,0.01059770235073964,-0.16579036792409407,0.06546773554023623,0.04824064072548873,0.2801074031669844,0.23834932633116496,-0.2675941880698043,-0.08212412315528798,0.06701202191103188,-0.050728980403816626,-0.29407274226549684,0.31487886246392993,-0.2981661657328264,0.08095491624249214
-0.002361806142118921,0.01993868520245557,0.9033857731155642,-0.022355583984791556,-0.01799134862952157,-0.6735566642971759,0.7385783365493807,-0.026745347011655537,-0.0019869701375268005,0.3294579739645781,-0.20724679195089651,0.1827388880023646,-0.5668797334564012,1.1039416205687895,-0.3959777979000692,-0.023975840685275248,0.022657594516619424,-0.04871985944520108,-0.18417137693659555,0.3210756190434975,1.0010873614437743,0.0485371524660493,-0.04028181051389122,0.10581964969863747,0.010597099067533408,-0.1657940626150386,0.06558514738132586,0.04822369441545948,0.280278548274551,0.23833915347861598,-0.26761084846664907,-0.0820663519455297,0.06719857594539662,-0.050703729930361936,-0.29405932937513984,0.31477879308370754,-0.298180221228745,0.08106138704652381
-0.0023813876894676427,0.019921046604085665,0.9033479494612037,-0.022398143087925315,-0.0180449548871375,-0.6735269193775174,0.7386028646459232,-0.026819248971499395,-0.0019631155142799716,0.3294717358523849,-0.20722528513131538,0.18276982276514364,-0.5668879579327519,1.1039467894838764,-0.39596344277023465,-0.024040634550503898,0.022734867264095824,-0.048697303337173196,-0.18420157275349563,0.32113591901107114,1.0009765023075374,0.048607699852415656,-0.04034293453338953,0.10590161491622412,0.010596683041690617,-0.1657843135548595,0.06569435907043471,0.04821640165427745,0.2804715922269724,0.23840537613361137,-0.26765043544753675,-0.08196141773123618,0.0673672823469559,-0.050693412434542055,-0.2940439850918925,0.31478336894099246,-0.29822468943808367,0.08119404391527187
-0.0024215197074275627,0.01992626336263826,0.9033428816066426,-0.022445249917446605,-0.01810525661747484,-0.6735011870685521,0.7386234233059555,-0.026941233236326405,-0.0019518465379350202,0.3294935235261461,-0.207230691719663,0.182786291255466,-0.5669533405182855,1.1040403255631175,-0.3959350668069396,-0.024021793752286216,0.02284939369114899,-0.04873815175058119,-0.18421919500418946,0.3212708910547786,1.0009618815442207,0.048669355409708306,-0.04044807696979309,0.10599016870660156,0.010593843433295832,-0.16576885537554914,0.06584261490835082,0.048211723536532455,0.28059898353041063,0.2384235420944894,-0.2676997995566201,-0.08185314666466872,0.06759569470350436,-0.05066889469302062,-0.2940581349667117,0.31469086909827043,-0.2982621684820084,0.08136737095446592
-0.0024515602304705808,0.019958472126550122,0.9033422581690806,-0.022472204920430852,-0.01817814757708536,-0.6734777100525318,0.7386422199001874,-0.027057239837598862,-0.002006997254907574,0.32951688068107216,-0.2072650647978713,0.1827926989366555,-0.5670753221384296,1.1041684040054558,-0.3959531733831065,-0.02402342234395044,0.022950450410580945,-0.048762134820583856,-0.18425315980109572,0.3213909809834244,1.0010034246329145,0.04859534107053212,-0.04067710916518933,0.10606739990578262,0.010592997722942898,-0.1657544103138127,0.06598142394471541,0.04816221418678306,0.28060515098806144,0.23841409240666578,-0.2677337250829068,-0.08179349947220325,0.06778319790047334,-0.05071181730622239,-0.29413445537566446,0.31464647664902357,-0.29835528293826424,0.08153636804002172
-0.002441665399232776,0.019917345154451423,0.9033442978462229,-0.022486653082611108,-0.018262396992950448,-0.673457843935609,0.7386578150475456,-0.027189139404144445,-0.0020854797890429125,0.3295700965145239,-0.2072184514580092,0.1827657516458966,-0.5672007518437513,1.1043013947384976,-0.3960387887715508,-0.024024729146797985,0.022956309806845942,-0.04870718097040062,-0.18429995020174078,0.32144104051437333,1.0010721530430993,0.04840826190768547,-0.04086744704569827,0.10615024231665843,0.010591423013974584,-0.16573454607499122,0.06615288134612933,0.04806787898736543,0.2805421830232511,0.23838923325425881,-0.26766214836319924,-0.08175432609126639,0.06798509006064525,-0.05080499844548336,-0.29425443199736895,0.3146235115883411,-0.29839696127459,0.08160833533708517
-0.0024399045043034147,0.01985805076849525,0.9033508876857916,-0.022509350939513235,-0.018349028229181132,-0.6734307086722927,0.7386797160478005,-0.027315562248610894,-0.0021995170568395836,0.3295707238021751,-0.207215556046767,0.18275159568994492,-0.5674335950323477,1.1045393606527223,-0.39615577779667016,-0.02400522755269299,0.022921469144178846,-0.048651376534641896,-0.1843293923454704,0.32159151477747816,1.001238759445108,0.04808449036166472,-0.04104809729420362,0.10623920244263205,0.01059203813063245,-0.16570527131463617,0.06635224858231505,0.04798778729759263,0.28043108513061354,0.23834216204432143,-0.2675702966831663,-0.08170121543683725,0.06823241489197522,-0.05087849370487313,-0.2944069722610748,0.3145653997598206,-0.2984134690429106,0.08166916572462905
-0.0024406679665615544,0.01985475201050668,0.9033479908160996,-0.02252803778284176,-0.018406222195753906,-0.6734031567736953,0.7387028407589592,-0.027438646139149904,-0.0022537476196676557,0.32955867109385983,-0.20727696302180187,0.1827395927549998,-0.5676488495980286,1.104734463424494,-0.3963016826613553,-0.024025769344582143,0.02287411982623769,-0.048636351936072464,-0.18437243846520696,0.32172949761046027,1.0013268643760012,0.04775538188398239,-0.04121670497252678,0.10628774143152887,0.010596925747892033,-0.1657017539076314,0.06646364464478305,0.047959611842055404,0.2803099612365115,0.23831138756280845,-0.26752925190946647,-0.08171647073404553,0.06837676245667353,-0.05090451644343701,-0.294550256165947,0.3145469604820333,-0.29846898670668753,0.0816613704661114
-0.002479416588369804,0.019889856450694257,0.9033615587049214,-0.022573082262917515,-0.018397252027287647,-0.673370675064623,0.7387312982661619,-0.027565896527277943,-0.0022133431208957804,0.32954137713028314,-0.20742110331652688,0.18275460857290104,-0.5678539717450022,1.1049289900189587,-0.39648776604682534,-0.02403249006064972,0.022792767677077042,-0.048707084666000496,-0.18436803658461853,0.32189039355029003,1.0013987724415931,0.04750671534383174,-0.04122646566306574,0.10630237958811006,0.01060373103585361,-0.1657556399965246,0.0664611223650282,0.048072114351869664,0.28017833848484086,0.23829897574004638,-0.2675211637531593,-0.08168578879258606,0.06845688009301067,-0.05077344849278084,-0.2946685801898225,0.3144505671652985,-0.29842794846416537,0.08163671262043042
-0.002434851113059507,0.01985481797969418,0.9034014657705682,-0.02260938314502196,-0.01837147890932295,-0.673339221745685,0.7387594987649231,-0.02769951647571617,-0.002120167745296894,0.32956513163011536,-0.20753657013686852,0.182693339991153,-0.5680289017729789,1.1051153532234412,-0.3967327881609674,-0.02407210325577453,0.02257066880108956,-0.04878125671876649,-0.18440427021952688,0.32195414038431064,1.001448974790412,0.04738322287516667,-0.0409354215768553,0.10627122536000287,0.010610773117908721,-0.1658460026746909,0.06644346544711412,0.048207907448168316,0.27999656088704566,0.23826418944933675,-0.26735593198502255,-0.08183306743699838,0.06852746155043711,-0.050606766700371134,-0.2948081697823833,0.3143104359795554,-0.29825155909472484,0.0812778272012705
-0.0025154596811334247,0.01990813874623445,0.9033595466085561,-0.02265410897997805,-0.018324715579778175,-0.6733012856420412,0.7387938649569425,-0.02782694440419149,-0.002005412470799962,0.32947148071709226,-0.2077157789770998,0.1828013904961745,-0.5681543822297642,1.1052347246499319,-0.3970061195416754,-0.024133428520961682,0.022427325668049,-0.04883017121560335,-0.18436014539586848,0.32212061300774614,1.0013233772326118,0.04734216960879515,-0.040811818701907844,0.10627047727210491,0.010619130154258454,-0.1659174014968622,0.06630013074627658,0.04842952309657073,0.2798396775184019,0.23838046170003638,-0.26745157392002344,-0.08181978936126359,0.06850121162531395,-0.05038705754686571,-0.29492371562207487,0.31428007482146747,-0.29823858514784657,0.08118375999465051
-0.00259184738091722,0.019991031512276974,0.9033399219689359,-0.02270299719237763,-0.01835079151584782,-0.6732761359527629,0.7388146365129351,-0.027901247163385084,-0.001977843592630483,0.32941308636699734,-0.20789485257616655,0.18285279894178535,-0.5683246847667294,1.105405761784196,-0.39720082538588664,-0.024145362114261628,0.02238098824220541,-0.048906770021134284,-0.1843188373198815,0.32233692522559443,1.0013085404408626,0.047327588867452204,-0.040759732094621935,0.10622585302117858,0.010627491581604006,-0.1659634932809642,0.06629963615574565,0.04852181871314166,0.2797656862645665,0.23848252546056187,-0.2675882916987038,-0.08177326781428183,0.06856888801036623,-0.050306305506174424,-0.29498296965526183,0.3143144908401036,-0.2983364604124977,0.08123593545825279
-0.002554352193050728,0.019927108043909215,0.903330255464209,-0.022741397010696565,-0.018492571477292632,-0.6732728665753855,0.7388128997219262,-0.027894174495181247,-0.0020597457534740024,0.32945273526916274,-0.20781555311561356,0.18278719057831486,-0.5684262623976426,1.1054949879113416,-0.3972759912496089,-0.024174690619486492,0.02233220608393315,-0.04884283088040399,-0.1843585761292783,0.32242602282168376,1.0013506540530093,0.04736561312553222,-0.040611250031292456,0.1061964226689507,0.010626122095867978,-0.16593577768785384,0.06660813659476147,0.04834725236444932,0.2798073762334344,0.23850361934977904,-0.2675389405900764,-0.08173458667625332,0.06885708382297326,-0.05048883284935248,-0.2949988915193488,0.3144133334179902,-0.2984328718039584,0.08126345687039778
-0.0025203695597139112,0.01987722337650032,0.9033245861246382,-0.022764255164533675,-0.018703938373351478,-0.6732830979774163,0.7387975509935462,-0.027833073252369847,-0.002203012192651219,0.32948784422463395,-0.20768467310224042,0.18273004263343356,-0.5684694993655404,1.1055355862105474,-0.3972180655176114,-0.024176340178863717,0.02236527664898698,-0.04877370388332861,-0.1843885708751055,0.3225034595368459,1.0013901546284534,0.04745081943712445,-0.040571085162021875,0.10618697810955013,0.010619753251652618,-0.16584850517416597,0.0670637668082447,0.0480251194954112,0.27994035017428937,0.23843897191569005,-0.26746076061706914,-0.0816642636753498,0.06922012035766197,-0.05081828246048712,-0.294973574180241,0.31456227132910386,-0.2986330321651553,0.0814291510277507
-0.002456345628823727,0.019777576988193768,0.9033079121857693,-0.02279612474270061,-0.018928022612868398,-0.6732953303904428,0.7387797132644515,-0.027749156268186012,-0.0023453289195384157,0.32953079657725104,-0.20742199768120165,0.1826698364804969,-0.5685562854446968,1.1054672155588174,-0.39705406637871127,-0.024187848284923527,0.022448822610719003,-0.04867688281684827,-0.18444722490411694,0.3225855850892677,1.0014801758276692,0.04755605241755155,-0.040542662960483936,0.10619014934999924,0.010605123113069064,-0.16574477460383397,0.06759151410892228,0.0476746930389983,0.28007762555962396,0.2383496371363181,-0.2673463769923829,-0.08160919443145166,0.06961447261943246,-0.05118050386258071,-0.2949387664367266,0.3147601988490603,-0.2988241427391547,0.08155702132395701
-0.0024287593430218097,0.01972917893370262,0.9033046992094168,-0.022832287849093694,-0.019051538925993,-0.6732922995445619,0.7387781838076446,-0.027689420277163253,-0.0023962926320796932,0.32956068806921573,-0.20731704071616053,0.18264003599366121,-0.5686078110840819,1.1054456769989565,-0.39691416699862475,-0.02419346606961279,0.022489084825262035,-0.048682809254611686,-0.18445548025233666,0.3226245476148643,1.0015450605732188,0.047671939839193725,-0.04047799294420998,0.10620470096353228,0.0105968392787481,-0.16570746913517104,0.06790207849388893,0.04751179580463576,0.2801221824191006,0.23826683141450578,-0.26724533513271237,-0.08161088156388299,0.06984187888836506,-0.05134936633349734,-0.2949345380201536,0.31487049595230493,-0.29890071921597006,0.0815885900060668
-0.0024601863339723975,0.019806734692694436,0.9032398768831232,-0.022877700184424258,-0.0190796623856643,-0.6732625224734814,0.7388031897265768,-0.02769086365841313,-0.002309983480089173,0.32952997935552447,-0.20734921823798477,0.18268367625812013,-0.568661755786161,1.1053675361097584,-0.39687428968296123,-0.024280369869328643,0.022547570335308336,-0.048745011224737636,-0.18448297059418264,0.32270207925739364,1.0014885101070454,0.047779154701513754,-0.04062912172780199,0.1062270104464655,0.010594950115203111,-0.16574542597217742,0.06790320603131715,0.04759434665941594,0.2800090453661136,0.23834514017297498,-0.2673660346452034,-0.08177776293802323,0.06980323543535764,-0.05131565918588061,-0.29498781485677283,0.31508912553504437,-0.2990594906361209,0.08146418625041728
-0.0025368443473167603,0.019893975567426492,0.9032453247815884,-0.022938124612298657,-0.019026012110235857,-0.6732163960991244,0.7388447315409085,-0.0277336049630707,-0.002116870384633039,0.3295514085657248,-0.20756070644078292,0.1826937177623846,-0.5687079259431914,1.1054686634464503,-0.3969579291477808,-0.024225604899775762,0.022491362651973656,-0.048918561090385185,-0.1844516898883256,0.32281495610725575,1.001498940319249,0.047875010887253086,-0.04062749676767813,0.10625932847308403,0.010602518472153644,-0.16589487967881061,0.06775762285422068,0.04785664093007621,0.2797981018072035,0.23840807159176808,-0.26742736817086293,-0.08197421220908657,0.06969589370745774,-0.051079011822171554,-0.29507067176719287,0.31513286509769983,-0.2989822501324477,0.08120946323864339
-0.002542041707972994,0.01993099108497596,0.903256820791704,-0.023010830820231216,-0.018961671762114093,-0.6731691121655022,0.7388872059355586,-0.02781791142469732,-0.0018879177854772397,0.3295868714591691,-0.2077159849763672,0.18265431128647638,-0.5687198859956443,1.1055427471051291,-0.39712720714734084,-0.024230216644465164,0.02232236932578118,-0.04903790521436964,-0.18451362838414082,0.32290621037268363,1.0014420965194775,0.04793954379154109,-0.04052351034358676,0.10628955222850363,0.010609012318392886,-0.16605995566822784,0.0676215746627718,0.04813369295462978,0.27955066857947813,0.23847515464005456,-0.2674075665489603,-0.0822694897226232,0.06963987995938502,-0.05082099478148589,-0.295169411175331,0.3151045322453007,-0.2988098501203721,0.08080231628171697
-0.0025854654978931277,0.019940696462418722,0.903278235599967,-0.023083108915069935,-0.018939748233368536,-0.673135284758771,0.7389163311447368,-0.027861125368083144,-0.0017181089393438582,0.32959910321773217,-0.20781816845308357,0.18267419168876137,-0.56870057743631,1.1056158591118053,-0.3972948879219117,-0.024177444790150444,0.022191616293171658,-0.04911219805698913,-0.18448753855237632,0.32294863502827625,1.001409531301714,0.047946654072156814,-0.04044848016587347,0.10635925968505919,0.010614382673837242,-0.16614747472152303,0.0676225195875459,0.04833753388044081,0.2793754142660139,0.2385076626646037,-0.2674401867524635,-0.08242330007741756,0.0697128707119019,-0.05062111926954724,-0.29522587342120193,0.31503504220738276,-0.2986897447790437,0.08063433776809734
-0.0025305928688036925,0.019870326104114797,0.9032709349011628,-0.023181576130113242,-0.018994436161628096,-0.6731262358836059,0.7389200880258922,-0.02789409330195109,-0.0016178942101105274,0.3295956265799089,-0.20769409654349397,0.18264589123466682,-0.5686662121789778,1.1056418893080318,-0.3973853568638571,-0.024275013201600526,0.02210402321889473,-0.0490489270199026,-0.18453958398340428,0.3228925000549689,1.001404504407522,0.04782528328134774,-0.04040350079701197,0.10642985590984458,0.010611227644957979,-0.16614170179830856,0.06787376682092426,0.048407388879770245,0.27927963308623344,0.23854556287161066,-0.2675120549624286,-0.0826015286196228,0.07001159655382637,-0.05055447762013898,-0.2952325115263208,0.31498077173169425,-0.2986985929499206,0.08056042423574691
-0.0025336358644152688,0.019791845907960286,0.9032805312876486,-0.02328714700867481,-0.01908651680041889,-0.673133971681749,0.7389073486091313,-0.02792706809843747,-0.0015422145585946357,0.32959492120928185,-0.2075254842337939,0.18265804864140184,-0.5685703598050262,1.1057149182681205,-0.3973767342275105,-0.02429535823030044,0.022128712160399626,-0.048970004505660365,-0.1845240728919446,0.3228530945997202,1.001442180201315,0.047567707166709036,-0.040461864638303695,0.10655408974536772,0.010605502525485186,-0.1660696305484232,0.06825725256530137,0.0484370637678635,0.2792570771149766,0.23852842974794525,-0.26763889890125137,-0.08264903472585812,0.07043561895570602,-0.05051492160114228,-0.2951800490580373,0.3148639308373014,-0.2987639110552159,0.08076619836947023
-0.0025067144658262428,0.01973869963121776,0.9032749251274903,-0.023390219221593553,-0.019200219867015627,-0.6731415776733032,0.7388942181458173,-0.02795477061677346,-0.0014643838492141717,0.32960754022297545,-0.2072870975562551,0.1826419661651711,-0.5684539769880373,1.1056914624783547,-0.3973125955694583,-0.02440084455339088,0.022247202556124984,-0.04885816506844021,-0.18458138861838408,0.32273482882161686,1.001464495441792,0.047221950638196036,-0.04062031063637268,0.10669270849657274,0.010598172941611556,-0.1659576108861227,0.0686846173965078,0.048409284293996484,0.27925230411574997,0.23849128255757648,-0.26779749996101915,-0.08270756704247881,0.07089153393491922,-0.05052980789431124,-0.29513364711127055,0.31476088296425064,-0.29891551845542735,0.08101173823566941
-0.0025120160512094192,0.01974210381552119,0.9032766019949448,-0.0234544401871887,-0.019307763491672764,-0.6731290552610294,0.7389007879734921,-0.027981496581130257,-0.0014211998394768445,0.3296174774705076,-0.20716357549023515,0.18263994449612883,-0.5683738511790867,1.1056957193422625,-0.3972402140403272,-0.02445082504731292,0.022389633717797626,-0.048791462446499526,-0.1846169751211231,0.32265257423235477,1.0014931940285865,0.04688539752773861,-0.040800341812588084,0.10681080871579933,0.010595289560151648,-0.1658954536921986,0.06897414472863382,0.048345287240541185,0.27923900395248397,0.23846844169907308,-0.2679082007228969,-0.08266456842620207,0.07118868433474661,-0.05059228435761724,-0.29513227892639154,0.31476066309898026,-0.2990618966104309,0.08127100715344447
-0.0024672952897677063,0.019773765461805773,0.9033513998601256,-0.023485187271365695,-0.019400583164968038,-0.6730914221907837,0.7389316617420547,-0.028012831432046935,-0.0014137851684658234,0.3296562159602206,-0.2071701424398556,0.1825577163056329,-0.5683657482789979,1.105757104885401,-0.39720670078186315,-0.02442691710418308,0.02244348545231871,-0.04882608612456571,-0.18466636743831563,0.3225791128643859,1.0016026559759132,0.04666976622792871,-0.04077696804992602,0.10681967010472865,0.010596103547121476,-0.16591419653273753,0.06918022359265316,0.04818744633261035,0.27921887173020626,0.23832438056815836,-0.26777234096601465,-0.08252026897302465,0.07140472794875406,-0.05071679222645996,-0.29520346164103284,0.3147067343237067,-0.29904137431427336,0.08143235686664156
-0.0024639608859045392,0.019844893142569025,0.9033326631332353,-0.023466140467018018,-0.01950128622415342,-0.6730354677825967,0.7389805810668134,-0.02805809065384802,-0.0014392392428837178,0.32962868186895716,-0.2071446006346272,0.1825756156321214,-0.5683213311111883,1.1056417128639933,-0.39722355700834555,-0.024427344832213843,0.02251484401765495,-0.048718655786709975,-0.18473231240613555,0.32251385440388664,1.0014617062748838,0.04659004272904459,-0.040945640519310426,0.10679533132757238,0.010598376831511117,-0.1659385662979651,0.06922783228594775,0.047984136806093265,0.27920081958187365,0.23830593816654072,-0.26770945811653374,-0.08226648441253681,0.07143553014045437,-0.050931354223065335,-0.2953243923900588,0.3148900420695231,-0.2991710025162816,0.08163371635489537
-0.0024465444139630567,0.019867925152560802,0.9033143582792966,-0.02344239737892703,-0.019593952805262774,-0.6729704179267015,0.7390381232481532,-0.028097014799685797,-0.0014866135497191635,0.329616200770401,-0.20711905779067719,0.18255562623570823,-0.5683028248703054,1.1055519732964894,-0.39727937860670537,-0.024346952109123684,0.022522482874570874,-0.048618046060124424,-0.18477666745798643,0.32243809406861096,1.0014000901645201,0.046599665925031536,-0.04097078578016901,0.10672903153391469,0.01060153283018921,-0.16598870718088404,0.06924957808015515,0.0477692496274896,0.2791597194200348,0.23830488159941063,-0.2675832665907403,-0.08194562624331013,0.07141840365214937,-0.05117372706845621,-0.2954628702028063,0.3151525857987389,-0.2992502598758776,0.08180833505523415
-0.002419921222282059,0.019862721369361677,0.9032966518486297,-0.023422795994216213,-0.019683240626675095,-0.6729057328423008,0.7390952694843947,-0.028117821335797342,-0.0015039797189785483,0.32960209408188057,-0.20711432204357422,0.1825027650786761,-0.5682970292906914,1.105505903864777,-0.39735255839295774,-0.024237242137212813,0.02247965256741571,-0.04850614824738694,-0.18482424675039522,0.32231442393286686,1.0013555648767993,0.046599530788743,-0.04093673339671055,0.10666841271770923,0.010609350381804418,-0.16604356616358443,0.06927464053801238,0.04759119090356316,0.2790531944181328,0.23831470850372705,-0.26742895404967726,-0.08171946052841526,0.07141036503061299,-0.05138563183494785,-0.2956048915214338,0.31541357460579844,-0.29930358760831194,0.08188057989546502
-0.0024220643185074854,0.0198520004856775,0.9033045515527152,-0.02342677292501176,-0.01973594270049036,-0.6728413572455181,0.7391523434692271,-0.028116568298425,-0.001482059022453797,0.32959138276044864,-0.20716900822666265,0.18246132383920688,-0.5682996450821727,1.1055071347640435,-0.3974377164445612,-0.024098576636991473,0.022420713367280624,-0.048446835368999304,-0.18483303510768104,0.3221808104801696,1.0013951518595205,0.04648989752437012,-0.040873915921223795,0.10666465046454551,0.010617702440635713,-0.16609935245244853,0.06929067240861377,0.04750127621390906,0.2788644475265402,0.2382906685774492,-0.2672677398031324,-0.0814943872088221,0.07141167780690924,-0.05150102734131772,-0.2957193515299591,0.3155847461246124,-0.299243054302124,0.08197320138122718
-0.0023951312400998337,0.019887158170072167,0.9033012794501609,-0.023428732162810127,-0.019771824787096305,-0.6727748723392686,0.7392118374341086,-0.028126576566768154,-0.0014429523174423527,0.32956234868305273,-0.2072563790528883,0.1824188386633053,-0.568309488650365,1.1054772393033767,-0.3975246596248558,-0.024077769405681317,0.022366142698750733,-0.04843045440363232,-0.18488454547596062,0.32204076868859677,1.0014368264084457,0.04624547483937354,-0.04088725791615153,0.1066695240131118,0.010624848124790314,-0.16614665337608286,0.06924467320550344,0.047446552815145565,0.2785952005055746,0.23829061444666677,-0.26713959669773735,-0.08142318208003307,0.07136931569254028,-0.05159153072498915,-0.29583567181172266,0.3157448336770574,-0.29920848357601226,0.08196199339534155
-0.0023597573892297167,0.019985527683535197,0.9032613354759038,-0.023435865642548466,-0.019805467597011083,-0.672704203970395,0.7392750216363351,-0.028124731549695605,-0.0014180904142318247,0.32951595273782025,-0.20736431905116257,0.1824114477843551,-0.5682886030595916,1.1054167058680566,-0.39760539598456063,-0.024196106206742535,0.022356792390645887,-0.048412604166647104,-0.1849415720311288,0.3218695886519516,1.0014690945194678,0.04588303995124098,-0.04105066771157251,0.106687858719003,0.010632614223810767,-0.16619657819413056,0.06914183897284545,0.0474058834908712,0.27830347059482713,0.23837765040121553,-0.26715535066662416,-0.08143752277676444,0.07126135964818371,-0.051693288886027616,-0.2959707198320567,0.31601927832276366,-0.2993214104679177,0.08194958445698096
-0.002368241178900856,0.02002236997228725,0.903274993284774,-0.02346752573069285,-0.019852228440122115,-0.6726356693946232,0.7393351205780002,-0.02814426946263583,-0.0013776006109854824,0.3295271489076753,-0.20742719992181707,0.18239915678351556,-0.5682322177819096,1.1054542669986338,-0.3976221859731377,-0.024157355809398734,0.02235079722336973,-0.04839381902125514,-0.18492228056122637,0.32172837752023914,1.0015843543499774,0.04548065763330889,-0.041120397308126964,0.10675279904043891,0.01063929015760541,-0.1662500588049204,0.06916254135629162,0.047382744736511835,0.27808694352013547,0.2383877061911857,-0.26710203058041815,-0.08137225883860368,0.07131536694310056,-0.05173816522579051,-0.296117661657203,0.3161376125398802,-0.2993233611887715,0.08201103988930081
-0.0023497160082033156,0.020062710310684812,0.9032925704411362,-0.023518919164342702,-0.019929168555528225,-0.6725742657608509,0.7393872772223481,-0.0281864839642309,-0.0013184529753403396,0.3295397562799371,-0.20738640881067438,0.18236023836866938,-0.5681222941416619,1.105423190255951,-0.3975098234749255,-0.024153480877787754,0.02238276708512187,-0.04830926746991966,-0.18494316691851764,0.32151388498556316,1.0016172588340024,0.04507799197968993,-0.041205090123360245,0.10679431478969245,0.010644457288860293,-0.16625850470471334,0.06930548910836204,0.047342768141654216,0.2779762815918734,0.23836567896698915,-0.26709911821236315,-0.0814677729000365,0.07152707696965029,-0.05176791735086571,-0.29630095102046317,0.3161433292545821,-0.2994042477455932,0.08203522206981297
-0.0023601845760419346,0.02005392088489892,0.9032831218558155,-0.02359308983004089,-0.02001752324206161,-0.6725170448661082,0.7394345740091417,-0.028234648032384922,-0.0012235819669825679,0.3295611473161977,-0.20718710062252613,0.18235241530224072,-0.5679111930718133,1.1052907710835953,-0.3972752918882375,-0.024141365266429748,0.0224630969695018,-0.048086508078133,-0.1849424569248343,0.32120248869039175,1.0015482984986719,0.04470677438979219,-0.04131453455349513,0.10687400380422091,0.010647070624955094,-0.16622197397877014,0.06952877426368982,0.04733417623395783,0.2779483020724572,0.2383739522222849,-0.26716784998264315,-0.08157468658142239,0.0718478054833663,-0.0517588672641128,-0.2964991866558345,0.31611951932302507,-0.2995265316931089,0.08212040254168565
-0.0023360956361827066,0.02002424905464611,0.9032870422115923,-0.023662323143977232,-0.02009326082205032,-0.6724565271420202,0.7394853443017375,-0.028298688024026592,-0.0011590647575678305,0.3295719571442079,-0.2069920609371742,0.1823169617708659,-0.5677664821250892,1.1051938985902827,-0.3969507288189003,-0.024127154614822576,0.02252660593837975,-0.0479253919880383,-0.18495766235568967,0.32098006660370865,1.001559121164394,0.04435171764377301,-0.04127801472278056,0.1069259921031598,0.01064478313889628,-0.16619757723348344,0.06973013350421908,0.04731212761372596,0.27791150161585654,0.2383696299829916,-0.2671793717354452,-0.08168652271964574,0.07216177385850749,-0.05175674166263389,-0.29671718186260554,0.3160549192712436,-0.29958557301262295,0.08214524554682522
-0.0023178082460473437,0.020026707916690128,0.9032841385356815,-0.02368263190970919,-0.02013728819181586,-0.6723804893450999,0.7395526351235265,-0.028324836477504875,-0.001090783332948106,0.3295807947320518,-0.20690742400547804,0.18227939883216246,-0.567584114034323,1.1050776559661533,-0.39670047239314243,-0.02410281431138369,0.02257425443618256,-0.04780057975002783,-0.18496358336744673,0.32069722626793984,1.0015090155193715,0.044073574592045396,-0.041222633024461705,0.10699027765375285,0.010649655224052156,-0.16622550745663278,0.06973841507211712,0.04727873538608466,0.2777614332630743,0.23839241355324442,-0.26711342451094805,-0.08171674459369915,0.0722824009223239,-0.051786331035727835,-0.2969627204698115,0.316062057503319,-0.2996018753652714,0.08210827711446694
-0.0023105812979914643,0.020083109502543668,0.9033005790692356,-0.023639578983272812,-0.02012707250843263,-0.6722862259236871,0.739639981133401,-0.02829118796974315,-0.0010408741320952514,0.32958360000503334,-0.20706222992091408,0.18222923109878117,-0.5675026181402945,1.1050350674383087,-0.39661222379333444,-0.024012510484781573,0.022583059627183426,-0.04781738706472601,-0.18496356508271314,0.3204998925605666,1.001477845622557,0.043871972765748,-0.041101276339777906,0.10705979793044061,0.01066060071526762,-0.16635713625600365,0.06936287059422876,0.0472666482047989,0.2774550152823308,0.2386616129933752,-0.2670031525164169,-0.08157002041306562,0.07211951183507298,-0.05184747362949317,-0.2972236887168901,0.3161410196490861,-0.2994971467313551,0.08199374787555412
-0.0023276339299745244,0.020268904166674602,0.903281885339512,-0.023560078931120866,-0.020064524784108435,-0.6721837116817065,0.7397373826404547,-0.0282273841799124,-0.001005747739263458,0.32953404567172795,-0.2073845883955319,0.1822363996069839,-0.5674783337973135,1.104952887491252,-0.39668464131676967,-0.023994773944250373,0.02263416779764108,-0.047951485956285796,-0.1849870964994758,0.3204088496179176,1.0013850949525023,0.043724847254432854,-0.041137851450408144,0.10710545840117386,0.010670843515480604,-0.166543856473443,0.06859028795722134,0.04730720290840101,0.2770552855940716,0.23930017576422613,-0.26710277055962606,-0.08128575973335492,0.0716954442882749,-0.05192800540130296,-0.2974781664210792,0.3163368511941141,-0.29947355442958556,0.08193686541130661
-0.0023145959314168716,0.020429215955416382,0.9032862562765023,-0.023476842086534735,-0.019998142476192592,-0.6720755491661794,0.7398400965047266,-0.0281361613335237,-0.0009579354444867438,0.32951913871002053,-0.20773183806996642,0.18218219353278325,-0.5674632031535922,1.1049405809205073,-0.3968957095263695,-0.023947404692174594,0.022641896950111925,-0.04807248618382956,-0.18501725541723238,0.3202771795933164,1.0013228885948458,0.04363123578160197,-0.04111924085219549,0.10712000877223884,0.01068560856026305,-0.16677783795667597,0.06772921840565388,0.04735924912085871,0.2766081159538089,0.24008359893488862,-0.2671878501035472,-0.08099755982188064,0.07125398496577987,-0.05201625193699137,-0.29774861564566146,0.31654104312843934,-0.29938582469499314,0.08179671132885448
-0.002280134853471397,0.020539212840549166,0.903306383188601,-0.023415383102686347,-0.019962815038263273,-0.6719699660061845,0.7399388965553497,-0.02805324605263423,-0.0009054674992085848,0.3294937649055642,-0.20796081148013568,0.18211641782168753,-0.5674053700443156,1.1049118851967725,-0.3971693262917594,-0.02387250482240624,0.022651573667236337,-0.048138298221877596,-0.18504116090902073,0.32013743884070106,1.0012996411798474,0.04356686158200749,-0.04108516328413896,0.10710381836437761,0.010694881060784688,-0.16695940204845416,0.06708447021263085,0.04735614102529704,0.27620693956054043,0.24067474811441816,-0.26721656236616725,-0.08076131847405482,0.07098617997019398,-0.052112696064170815,-0.29801793129458076,0.31664394741261537,-0.299284465371359,0.0816954608243399
-0.002229585774094592,0.020630093295023074,0.9032947566774672,-0.023385920375370052,-0.01997038690937925,-0.6718728128100062,0.740027841220623,-0.02797068458232655,-0.0008392819853923691,0.3294439560003976,-0.2080250499675942,0.18206482126914,-0.5672032985821277,1.1047696245705283,-0.39747503948178076,-0.023842957284185798,0.022730056668457163,-0.04808993213571959,-0.18506962360366452,0.31990779558045696,1.0012547811098882,0.043530308471340144,-0.041200348204565126,0.10704034342792713,0.010699596699995586,-0.1670616383613605,0.06665333422604476,0.04731670384477353,0.2758758955598908,0.24116008505773354,-0.2673295044065859,-0.08066853316928721,0.07087236297600431,-0.05222740240464218,-0.29827496440965046,0.3167508069211777,-0.29931809790540864,0.0816724540647854
-0.002109528214080582,0.020725735540863485,0.9032716181913123,-0.02337487566623318,-0.019997068737389448,-0.6717806869237987,0.7401111005151106,-0.027898130939013614,-0.0007333966677657857,0.32942666202647125,-0.2079703415683775,0.18195802885094522,-0.5667786478507345,1.1045130848690776,-0.3978610534383655,-0.023900853693493682,0.022841466565804564,-0.04800517572628473,-0.18512637834243764,0.31949921532412523,1.0012242228459134,0.04356340607319692,-0.04138317500218203,0.10690329956691898,0.010700158674926918,-0.16711700881671765,0.06631763539675349,0.04723601815444789,0.27556977165929547,0.2416129269065539,-0.2675040751586651,-0.08074839619231987,0.07084175399366459,-0.05237140697594034,-0.2985335088831299,0.3168413811301828,-0.29944413540275483,0.08161875091959515
-0.002050480741241587,0.020779689892917782,0.9032681169876176,-0.023351955199493412,-0.02000689013992157,-0.671684135732352,0.7401991842340628,-0.027934815504162335,-0.0006025053181425548,0.32941888833793803,-0.207869215326009,0.1818221502115325,-0.5659809478925086,1.1043330031814735,-0.3983863325075371,-0.023776438352110775,0.022959614944598014,-0.048020454907957005,-0.18506419367471358,0.3190731719493569,1.001333078222888,0.043716331006213895,-0.04153661329452903,0.1068470348102966,0.010686574666496713,-0.16712868660048064,0.06600508133809826,0.047160253883523046,0.2752934604095139,0.24196334188645469,-0.26762195726781446,-0.08069657349166656,0.07082239438197635,-0.05248403176056902,-0.298793455921653,0.316867083053144,-0.29948989736615367,0.08170508536565434
-0.0020519893147967067,0.020861373936288098,0.9032603024019786,-0.023329123755323762,-0.020015488073700582,-0.6715722350037315,0.7403011991034946,-0.027939087362856743,-0.0005124775517196275,0.3293718807290432,-0.2078612244809919,0.18177743893217266,-0.5655100138730956,1.1041675345444177,-0.3988917886775025,-0.023604626959114562,0.02317758233858693,-0.04804102162010566,-0.1849964609219634,0.3188604420158943,1.0014382994466795,0.04383814625999895,-0.04172489490045877,0.10681690670913098,0.010684700456816448,-0.16718219493931546,0.0656173037145889,0.04711409438609254,0.2750159434985964,0.24238885955762854,-0.2677433775905057,-0.0804861181125361,0.07078941231706692,-0.05258311161911855,-0.29907085644929077,0.3168783095983842,-0.29949512570612374,0.08194075459783262
-0.002029961710577089,0.020974168382676763,0.9032612378265342,-0.023273681129618997,-0.02001590476144564,-0.6714463538790477,0.7404171075723394,-0.027971562566048054,-0.0004780265681301092,0.3293216781745341,-0.20794999596579702,0.18174742410348474,-0.5653530625796915,1.104075452463108,-0.39929866350595633,-0.02352439803933292,0.02344626195079133,-0.048113315211801386,-0.18498979296832013,0.31876156290969976,1.001527234020922,0.04390108550518443,-0.041856047928384654,0.1067802381792335,0.010687362351328177,-0.1672660788110472,0.06523482472391676,0.046997762125927794,0.27474070183104826,0.24262444266897235,-0.2677491250771283,-0.08022168882897933,0.07069779087502237,-0.05272167493824267,-0.29940432090953173,0.3168639121631948,-0.29947416379614833,0.08215710294841028
-0.002002882129874677,0.021068974635433394,0.9032814631031313,-0.02319402007342483,-0.019999924252265162,-0.6712840928239433,0.7405671523800335,-0.02809774887252559,-0.0004423706233538016,0.32930254179528334,-0.20806379571208833,0.18164803876972016,-0.5651539844016857,1.1040690784952003,-0.39969082775247566,-0.023467576204826913,0.023773915981648013,-0.048218860074818376,-0.18495523095462585,0.31854768756557805,1.0016297867808068,0.043974176966821904,-0.04189131987006773,0.10679334586081443,0.01068825609405439,-0.16742878615637455,0.06468722611967813,0.046896201073534996,0.2743920394972358,0.24297286703113594,-0.26763355220940444,-0.07988075833516925,0.07056784699456727,-0.052858449491547034,-0.2998514245190365,0.31681096041580326,-0.2993413450266019,0.08234422442752233
-0.0019247260781965329,0.021180287297895548,0.9032850229951218,-0.023108736370639656,-0.019977144778981597,-0.671125992255185,0.7407137115710254,-0.028146034814469617,-0.000401295398151948,0.3292326729673328,-0.20826282771486326,0.18148209761823927,-0.5651283513502844,1.1041552875224288,-0.40003532381112983,-0.02352865151214131,0.024099324442167256,-0.04832028905999962,-0.1849627595046502,0.3183143277723915,1.0017266258504611,0.04402178884749132,-0.041858992598887104,0.10679445047319289,0.010697401297190684,-0.16756384675874658,0.06416915965028402,0.04675978097080319,0.274023784653438,0.24324129928847843,-0.26751653374383594,-0.07962830317390127,0.0704160323055471,-0.053023800198412276,-0.3002954674260478,0.31676702027829384,-0.29924870119748226,0.08247532603459132
-0.001833532055790741,0.02129832365436684,0.9033027760904141,-0.023044572292976736,-0.019949785733912085,-0.6709752065390956,0.7408530393720617,-0.028152164804550534,-0.00035617950003782227,0.3291930378938434,-0.20846327982507926,0.18137086799472033,-0.5651485243765333,1.1041932426154693,-0.4003002313924888,-0.02366630135412281,0.024349205325229106,-0.0484493302103512,-0.1849764201442702,0.3181999499158092,1.001812121303509,0.04397886571953697,-0.041764267383555626,0.1067776147039429,0.01070214473768414,-0.1676771215997363,0.06375345316588812,0.046620424424953635,0.27361352942745837,0.24336949124720664,-0.2673843324474886,-0.07944446066796278,0.07029378455924061,-0.05317407396543875,-0.3006879240847862,0.3167009619563809,-0.29914426702234087,0.08260936120862868
-0.0017429719272863636,0.021415572900869314,0.9033151677358526,-0.023000537864964556,-0.019922278824027174,-0.6708399271561829,0.7409776448702525,-0.028044163187016066,-0.0002493340117896627,0.3291675639174663,-0.20868224988633916,0.18127403434093176,-0.5651396479629689,1.1041955578190639,-0.4005171234303355,-0.023810663869375196,0.02444085940667537,-0.0485423006240437,-0.18499001705510512,0.31812324787091784,1.0018438362767979,0.04383094344194017,-0.04162485738072512,0.10675963288380794,0.010712550869540394,-0.1677557839674402,0.0633436399149576,0.046553513842986456,0.2731162332333121,0.24358370480375532,-0.267334482200125,-0.07945591729450203,0.07015644725121432,-0.05328594222115188,-0.30098606753294543,0.3167044160764977,-0.299081164250899,0.08267598536630691
-0.001656368359155239,0.021509547952940047,0.9032950074766167,-0.022973492705845297,-0.019874699303311972,-0.67071227818655,0.7410953075349378,-0.02787799280492119,-9.862826930185257e-05,0.32912890576514386,-0.20887324892528947,0.1812203519164692,-0.565103276599883,1.1041319653068826,-0.40070065528443816,-0.02396352259437469,0.024352490653567524,-0.04859368653817752,-0.18500089345823478,0.3181044506455002,1.0018245827820809,0.04358175346697143,-0.04142769123634745,0.10676773759856129,0.010722210776246991,-0.16779003840283094,0.06296223871954096,0.04653030802488165,0.2725649575806986,0.24377288490282153,-0.26733294574745026,-0.0795293652678541,0.07000319799932304,-0.053362694764525535,-0.30121341496405846,0.3167412539001317,-0.29902631685352093,0.08275883294688348
-0.0015909364927209734,0.02163487789500328,0.9032478528383685,-0.022934984346335237,-0.019828758778356863,-0.6705827790752119,0.7412149102831832,-0.027724988696301103,4.057358902969846e-05,0.3290818250402719,-0.20909849473680076,0.18119660697349896,-0.5650115472705697,1.1040591999742968,-0.4008461095977877,-0.024091193754524107,0.024174056632191097,-0.048686432659029874,-0.1849936497682997,0.3181430537996955,1.0017998676268587,0.04322246376653574,-0.04129315269966143,0.10680056389506559,0.010730029468174312,-0.16780603825944124,0.06254986652576883,0.04649132261308631,0.27202099530880763,0.2439762006387634,-0.2674024588403209,-0.07959210815399476,0.06978630220622987,-0.05346567118920437,-0.30144770215952277,0.3168690440202725,-0.2990692361905633,0.08286927336060963
-0.0015147600657139083,0.021699307812938606,0.9032604006790388,-0.022871362637582993,-0.019802088242002632,-0.6704402428323221,0.7413465174014726,-0.02780551399418956,0.00013553199172672737,0.3290287938962662,-0.2093482475085656,0.18095743763843986,-0.5646976141537309,1.1043218758283286,-0.40096909708283024,-0.023959176732625223,0.023936794975140892,-0.049001330381311554,-0.18494827994499982,0.31842205914731925,1.0020985533103848,0.04274857600191601,-0.0410624358313933,0.10685183413886293,0.01071774343910781,-0.16784697155057038,0.062198410983236106,0.046346484283481766,0.2715459176665043,0.24405251515011747,-0.2672782730845817,-0.07950551660505459,0.0696105117914496,-0.053638376038011235,-0.3017790402287451,0.3169640509489308,-0.29900501324022766,0.08293160697988025
-0.001395853025967681,0.02178306688319581,0.9032666107809358,-0.022769496489171488,-0.01981829927509011,-0.6702801480010994,0.741493970467121,-0.02776427891361343,0.00011018469654597746,0.32904361879547495,-0.20958539943127935,0.18081035074815988,-0.5646120594459122,1.1043396276472217,-0.40097313797099066,-0.024011424413004665,0.02379602334934527,-0.04919252368923761,-0.18494718866492119,0.31850573952718536,1.0023082298204755,0.04207492287790103,-0.04100050207778836,0.10692166656844287,0.010724127941716696,-0.16792565550187294,0.061909509340851064,0.0460032404954563,0.27119097438624873,0.24397959964095423,-0.26704363601159575,-0.07929120020395491,0.06939934153947842,-0.05398889345040843,-0.30226551127880263,0.3171916883375391,-0.2990350249779628,0.08292960842317325
-0.0012821409160920112,0.021934148641934582,0.9032624431709902,-0.022627479491533094,-0.019868315768221036,-0.6701115133922787,0.741649382673176,-0.027748084562132885,3.2803438756431026e-05,0.32902725168688624,-0.20986293674203668,0.18064017338469704,-0.5645850640119319,1.104431513152049,-0.40083280437196567,-0.024115305036604428,0.02380314496251247,-0.049391271634800483,-0.18496603447263227,0.3185902341444136,1.0025483826108,0.0411827386229012,-0.04120236539941044,0.10700953822347195,0.01072906772727841,-0.16801747879842782,0.06163604237547154,0.045523095064346215,0.2709185254854629,0.24379750388693278,-0.26679027286721724,-0.07901007043378606,0.06909383484263543,-0.05447378497822356,-0.30285132044906676,0.3175915388042544,-0.2992409907957744,0.0829199619624418
-0.0011150962409925524,0.022047502641226704,0.9032782048181195,-0.022495247836829105,-0.019916561271312576,-0.6699306119832046,0.741815522579363,-0.027732676943458084,-2.9602972731930573e-05,0.32902716583641134,-0.21014338897789295,0.18033955558449094,-0.5646619537595273,1.1046546685040308,-0.40062312601385774,-0.02422623266780329,0.023861689184555307,-0.04955457366251855,-0.1850252954040673,0.31860528407790895,1.0028796668199433,0.0401900581307048,-0.04137206785353172,0.10710071850498958,0.010737894979246267,-0.16812927574230727,0.06138417214165151,0.045020811184601967,0.27061095196622753,0.24359800042501709,-0.2664507645902353,-0.07871049085979065,0.06883734825875588,-0.054972185021854386,-0.303485271745062,0.31795045559633556,-0.2993768064945736,0.08286004091919318
-0.0009735507204214619,0.022156143320588507,0.9032584468557309,-0.022381905792678947,-0.01993540286046835,-0.6697319358699102,0.7419978194589387,-0.027791561991806362,-7.116898864659884e-05,0.32906396320745573,-0.21029385785258178,0.180235611048938,-0.5647054306792422,1.1046250125698551,-0.4004699929954823,-0.024471514781954692,0.023943279433732777,-0.04967628158618341,-0.18505844568024268,0.31858510650821964,1.003047785165762,0.039304657825431445,-0.041567864358127475,0.1072088485672851,0.010737255775449884,-0.16823635961271466,0.061030147952478776,0.04465345110937784,0.27015156137420976,0.24355851848396776,-0.2662268991961466,-0.07844279363396728,0.06861406040459651,-0.05535674934429461,-0.30411063161723045,0.31821138208345007,-0.29948374596676813,0.08288108563052492
-0.000869320037666146,0.022313315630920684,0.9032476727205827,-0.022301506141096168,-0.019892689761160792,-0.669509122840534,0.7422024374462822,-0.02794497608044359,5.691827106588229e-05,0.3290596532759912,-0.21053124854936425,0.18006073019467234,-0.5646850508844243,1.1046936383988641,-0.4005468705741792,-0.02459655086605641,0.024051893167595872,-0.04991311829156111,-0.18506972094985205,0.3184893737715712,1.0032553835150833,0.038754930644396356,-0.0417386831377129,0.10731948624414903,0.01073993971959788,-0.16835506520048413,0.06047747202372564,0.04450064182588298,0.2694468561792769,0.24374515685472034,-0.2661770268421364,-0.07820991403674807,0.06842536050420003,-0.05554068152269442,-0.30470481297014934,0.31824562969523223,-0.2995056775737456,0.08306622995128791
-0.0007771074509479409,0.022495141972490414,0.9032410283288748,-0.022251027598640803,-0.01981160421409896,-0.6692683913176042,0.7424232030940395,-0.028192885140224947,0.0002636051950202868,0.3290674704639601,-0.21077195927772413,0.1799262395549776,-0.5646298137040859,1.1047368535273643,-0.4008881550013488,-0.024738448812607648,0.024164506193614,-0.050196247591437135,-0.1850741885795814,0.3183445470432043,1.003424290433535,0.038592819870921356,-0.04189075744996214,0.10739462452139133,0.01073937620675751,-0.16848866245864702,0.059791107521533854,0.04450364355330699,0.26856757179260105,0.24412478065028628,-0.26625432056576065,-0.0780161666738849,0.0683065587014939,-0.055575918079769256,-0.3052982767959558,0.318075512887196,-0.29944261938499794,0.08333777004296146
-0.0006824335765592014,0.022607151129444322,0.9032741834684275,-0.02220389244428412,-0.019734498719443175,-0.6690133216115438,0.7426565237220387,-0.028468143618031856,0.0004974785015943713,0.32911089191221465,-0.21097797756355438,0.17973533951058304,-0.5645154284522991,1.1048248485257721,-0.4014119488375653,-0.024743707031263235,0.024249842796622286,-0.050463773195436816,-0.1850554592972409,0.3181359299770046,1.0036078453658919,0.03869834540499681,-0.04187634174112037,0.1074830209488425,0.010739129389883306,-0.1686227053049996,0.0591538343146127,0.04450283576087614,0.2676502946633198,0.2444585800120766,-0.2662199802170758,-0.07778448682522762,0.06828741411210595,-0.055584564547750306,-0.3059193265606154,0.31777974856625435,-0.2992159144510922,0.08359022690340152
-0.000579547621570652,0.02266871773713578,0.9032915406088654,-0.022142705379177306,-0.019689573863228307,-0.6687571053318837,0.7428902714046632,-0.028690791095738667,0.0006402118146786364,0.329129635206153,-0.2111272951820325,0.17958016489095974,-0.5644183153860506,1.104880783137254,-0.4019490531602127,-0.02475680020709088,0.024350747127440564,-0.05064136781085799,-0.18504379532966117,0.3179182060354143,1.0037176318175405,0.038825574684061705,-0.04180223704804104,0.10760436190099743,0.010738288245770609,-0.16871625328769438,0.05861808221550648,0.044380455773091555,0.26685083558550665,0.2446911641714588,-0.26608774752006903,-0.07747910017800226,0.06828487751965762,-0.05570808858658196,-0.30656842112611055,0.3175870015376356,-0.29899495072278864,0.08383705425544444
-0.00045345767526116924,0.02272091214030349,0.9033002338720578,-0.022032157990549424,-0.019715915323752883,-0.6684972142202075,0.743126732985059,-0.028858262217188145,0.0006360379401821203,0.3291466245832472,-0.21124058856589156,0.17940798449801904,-0.5643422594018435,1.1049158752734318,-0.4023294359341199,-0.024760547890451286,0.024529828989758994,-0.05074771138118173,-0.18505468046230758,0.31767844510190835,1.0037411643933143,0.03871006761993142,-0.04172641233485539,0.10775411805089848,0.010738562921617322,-0.16875417601134854,0.05824198104286606,0.04400968624586501,0.2662264001743051,0.24471322294680053,-0.2658222166461847,-0.07716356121154229,0.06823249878821762,-0.0560717868798737,-0.3072794692270115,0.3176629328560116,-0.2989326701420025,0.08401167006478005
-0.00030939719872094047,0.02280198869661828,0.903274481756734,-0.021893746606158882,-0.019786325223651147,-0.6682320885428251,0.7433673661356022,-0.028965662803979542,0.0005538904245627058,0.3291430810916714,-0.21136459123328238,0.17919899788609006,-0.5643350120399118,1.1049724603326057,-0.4025247495910258,-0.024803175615108943,0.024812698213226434,-0.0507692977600602,-0.18509770570139747,0.3173784364640536,1.0036615731035115,0.03830087901112492,-0.04171880590686785,0.1079243832196873,0.010745380936790564,-0.16874521280884805,0.0579360593752909,0.04348548299898704,0.26570478324383257,0.2446398820233371,-0.2655312992850893,-0.07686251584073217,0.06812080984353815,-0.05660228390244119,-0.3080292133265026,0.3179594082640899,-0.2990562366851671,0.08417819642188897
-0.00012877365139061408,0.022909111772383393,0.9032864205934766,-0.021759809986173464,-0.019865782615011925,-0.6679692030742541,0.7436054095384217,-0.028999715938078024,0.00046693393903641736,0.32914623380080377,-0.21159225397434342,0.17886580542625802,-0.5644327393770426,1.1052136122660605,-0.4025705913232876,-0.024820324603990696,0.025121401012735783,-0.05080787307043167,-0.18515993721291818,0.3170581088503656,1.0036327726357304,0.037710074803600245,-0.04163132850139104,0.108058732870446,0.010760153831290569,-0.16874140884267555,0.05769103389158713,0.04292300596383856,0.2652004847412018,0.24446735675447767,-0.265181638006099,-0.07663998872578459,0.0680322764457381,-0.05715552940344271,-0.30877997381775213,0.3182274048962253,-0.29918071827795695,0.08429243651853752
7.322190522883563e-05,0.023039656937098574,0.9033110577460581,-0.02165380385409969,-0.01991740524025671,-0.6677141562381268,0.7438361481578785,-0.02905753084902563,0.00040881107080845917,0.32918124810861504,-0.21171994000299443,0.17861365830988865,-0.5644745187191972,1.105297079025985,-0.40254034055890037,-0.024950894271911928,0.025393084636450024,-0.050901234365653455,-0.1852409944932803,0.3168749477633478,1.0035765618544426,0.037136832665011534,-0.0415159204394953,0.10811335652289862,0.010758659896180217,-0.16877070576463504,0.05742124515046814,0.04246842090137329,0.26462485177889195,0.24432554068208515,-0.264873981809069,-0.07654208944999859,0.06797490038816052,-0.05759794672153632,-0.30949224393473035,0.3183640695204605,-0.29924644179705806,0.08435524603539636
0.00016963201555720848,0.023184463415072333,0.9032755583383529,-0.021587408794569753,-0.019905132649411815,-0.667463528181595,0.7440633091499147,-0.029060784905671842,0.00046032348317500283,0.3291667282363596,-0.21183883575975912,0.17852237659142772,-0.5644598327881941,1.1053072848741716,-0.40251571831091265,-0.025095597759717526,0.025647304049807747,-0.050911953920654736,-0.18526153075866844,0.31682629670338014,1.0033915244216707,0.03675484470672602,-0.04153734515148502,0.10814575226818003,0.010763116143758838,-0.16881435475709688,0.05699133418686029,0.04226455245359289,0.2639783309583115,0.24441423266282977,-0.26481531316070733,-0.0763928875547598,0.06788794118182451,-0.05782313170428919,-0.31013100203535565,0.31843597565906206,-0.29931163128849964,0.08457889691427835
0.0003150045955514016,0.023320567341579883,0.9032729614020588,-0.021550753929286987,-0.01986221844265523,-0.6672203232351674,0.7442836136484353,-0.029014247420221403,0.00056876705927001,0.3291810168359136,-0.21198503902246238,0.1783797582190941,-0.5644667402218917,1.1053490905087804,-0.40250062341149906,-0.0252462387104911,0.025791968420737454,-0.05099217148220514,-0.18530556695802822,0.316821236571672,1.0032931610164149,0.03659597331857981,-0.04140592307021625,0.10805310238305858,0.010769917042704531,-0.16888802878784948,0.05655406235557702,0.04214488314362212,0.2632883035805419,0.24452371867696793,-0.2647758432294546,-0.07635842642117913,0.06786048947581663,-0.05795101118327866,-0.31072789077186586,0.31834709964796803,-0.2992686841436244,0.08471643111540354
0.00043741428090632675,0.023418201053115942,0.903261591803218,-0.021531239368800442,-0.01980254179093819,-0.6669805942924193,0.7445006057131128,-0.02900491061717514,0.0007081117603734552,0.32918858013045355,-0.2121161506577105,0.17826268519257638,-0.5643840655621759,1.1054314402697152,-0.4025113115295685,-0.025330019872440903,0.02585207438467321,-0.05103655875771381,-0.18532281279696958,0.31688672992297456,1.00313259332049,0.03664406931516664,-0.04126973957047351,0.10791369978390353,0.010774957175261377,-0.1689840668930116,0.05605370399183476,0.04211499698982124,0.26256204300161157,0.24478747112292842,-0.2647927385103308,-0.07628430014292058,0.06785945369012308,-0.05801033691502335,-0.31129869548619266,0.318205906021108,-0.29914473747840203,0.0849036883442789
0.000544219453967816,0.02350522284737073,0.9032610128981553,-0.021494729422453816,-0.01975698169008587,-0.6667634141842553,0.7446973800054003,-0.028998244495312294,0.0008393382211386042,0.3291934822706199,-0.21225001245569386,0.17811487976464158,-0.564217271604524,1.1055319348464288,-0.40254753656740283,-0.025275852933044473,0.025850109379432776,-0.051117459293489015,-0.18532963360481775,0.31695867940719247,1.0029973742565808,0.03682778734713191,-0.04118127063631864,0.1077770768095268,0.010778345044981985,-0.16907748075895043,0.055585302040053575,0.0420266259004957,0.26185993158381005,0.24500996898903124,-0.26478997645858815,-0.0761111808028839,0.06782377078390173,-0.058133499303545964,-0.3118002552948389,0.31810241101918507,-0.2990011980183302,0.08522101183158581
0.0006633816788745734,0.023583462752610536,0.9032510666192495,-0.021456818796906023,-0.019706295810736123,-0.6665708138555277,0.7448722151809095,-0.028969698115415252,0.0008998532507093532,0.3291851641178053,-0.21235461406677084,0.17802417788665073,-0.564001844523434,1.1055941249534886,-0.4026506457150051,-0.025287716524000255,0.025754739959361898,-0.05123757007444915,-0.1853254694620245,0.31694393067809534,1.0029486747097485,0.03716088821584692,-0.041145742544059095,0.107659611001747,0.01077522451355275,-0.16917278993121404,0.05507818877142424,0.04191604060072433,0.26114782784790214,0.24532759676397026,-0.26484032172676386,-0.07582638938781444,0.06773740099645391,-0.05831634013440781,-0.3122182514904952,0.31805011239400044,-0.2988476612789135,0.0857457927140332
0.0008292738466494481,0.023635169499796334,0.9032656252298412,-0.021399738220110945,-0.019676554811078713,-0.6663983639478543,0.7450289289165218,-0.02890592261777816,0.0009420249384874851,0.32919874288266726,-0.21244730580820423,0.17791077624520996,-0.5637473361129055,1.1056614537898308,-0.4028293477234586,-0.025305351966464183,0.02552708494842201,-0.05138089150957406,-0.1853508282708112,0.3168411891492004,1.0029575413224276,0.03765506351271068,-0.041095720710355874,0.10753138609087937,0.010772801088391463,-0.1692820167849906,0.054603574776327164,0.041751139977285856,0.2603985852720363,0.2456235212193386,-0.2648168836406676,-0.07559898696249749,0.06763471205932585,-0.058566691723031764,-0.3125864408505882,0.3180132136001832,-0.2986569786993208,0.08626017899493353
0.0010114643192801612,0.023808856076566517,0.9032753098187606,-0.021318475144283956,-0.019624463075641804,-0.6662396596231185,0.745174556068433,-0.028912620881310202,0.0009971427972666023,0.329180934750911,-0.2126056952266544,0.1777589516386842,-0.5632205891325995,1.1057018391044422,-0.40308425858308944,-0.025386397785656704,0.025262404885341545,-0.05165693576563627,-0.18541121861938056,0.3166317049859694,1.0029549065212693,0.03826483973135162,-0.04122495877208145,0.10740006162375174,0.010761880953657026,-0.16935212815931505,0.054028010343001046,0.04154332486826267,0.2596828155353426,0.24592247582614954,-0.2649089757712021,-0.0754008360427009,0.06738750569058398,-0.05887054095802373,-0.3129278812862906,0.3180497794976124,-0.2986207404033411,0.08684213773563754
0.0012260982051019267,0.023986083621042424,0.9032942537429512,-0.021238746178220337,-0.019602293214307898,-0.6660796622950579,0.7453204339332302,-0.028891502791149166,0.0009699602133036039,0.32915389731250694,-0.2127785324338023,0.17763826125706833,-0.5628931235168356,1.1057886215831558,-0.40325401229603874,-0.025512286976907418,0.024980507321932174,-0.05190057532212512,-0.1854825063293237,0.3164764203645982,1.0029943435644104,0.03878094350617942,-0.041308367183224746,0.1072643595419537,0.010756333055832549,-0.169419948383084,0.05353609294610968,0.04125026551657312,0.2590527026970423,0.24615079354651842,-0.26493706560443775,-0.0752002059254497,0.0671389506893904,-0.059253929634624496,-0.31328742747924715,0.3182030757498437,-0.2986299675941813,0.0872935792516834
0.00148904621530246,0.02410917393592975,0.9033423913049422,-0.021159444879281765,-0.01963221301946452,-0.6659189861248468,0.7454654640040775,-0.028831841276282938,0.0008386453991489921,0.32913656856224144,-0.2129286237979832,0.1775483908077732,-0.5628207776811619,1.105935276156264,-0.4031812237903493,-0.025629952914427854,0.024635866281413243,-0.052074916095729014,-0.18554590717716124,0.3163876931729765,1.0030404089475402,0.03900404493978362,-0.041169299161621715,0.10714996288428237,0.010754859442686601,-0.16947944706484905,0.05324471221037667,0.04083060821584734,0.25855805536070314,0.24619411073106856,-0.2647654117877961,-0.07501428098848639,0.0669809436233002,-0.059724403675046465,-0.31369593294806597,0.31841957501168033,-0.29863520845384106,0.08743172179697213
0.001688123936707024,0.024230503617577358,0.9033208338681527,-0.021058038278055566,-0.019677974665859365,-0.6657601718012957,0.7456089658661829,-0.0287544934266975,0.0006376628437148445,0.32905268715969915,-0.2130892742839987,0.17756379821234902,-0.5628422974289776,1.106067906716641,-0.4028346021170995,-0.025691910420127976,0.02430637455640444,-0.052139723350382826,-0.18558258711603706,0.31637137585813907,1.00291645546485,0.038891438290081355,-0.04107817304960797,0.10717242779124385,0.010756412321684007,-0.16949032517351223,0.05295558861472133,0.04035077139400734,0.25818408660102254,0.24623200624193742,-0.2646326574226696,-0.07467048543850928,0.0666997166763254,-0.06028315923346093,-0.31410053823053935,0.31891795581997723,-0.2988112348719466,0.08757391768836212
0.001915290529023313,0.02430745777346238,0.9033068442662832,-0.020937727403059686,-0.019740420163212955,-0.6656086266904133,0.7457459912451937,-0.028683810448242312,0.00038628680498218985,0.3290088779915258,-0.2132516637981644,0.17753032448044395,-0.5629664936879255,1.106250494753729,-0.4022860049638811,-0.025681349575354333,0.023982817089354392,-0.05222261418270904,-0.18563837174237174,0.31634209826749643,1.0028275113250087,0.03856855205350246,-0.04085960470876674,0.10722989033119582,0.010758324937620288,-0.1695114311806053,0.05268544416430422,0.039811656200678815,0.25784406465176635,0.24625043598823315,-0.26440773992112654,-0.07433483454727198,0.06636574965780782,-0.06091376982902136,-0.31449391722248066,0.3195263354104567,-0.29897381814090535,0.08764067340510542
0.002136947140956608,0.02444864209491676,0.9032811118296529,-0.02079458303498143,-0.019759684900524897,-0.6654670358634467,0.7458758370856042,-0.0286614354776819,0.00011458001430418379,0.3290032921902786,-0.21345047715718335,0.17751744311934464,-0.5630630884691705,1.1063381402524775,-0.40166528205938706,-0.025700874271286554,0.023822101088564626,-0.05238875890711816,-0.1856965527957313,0.3162430521338859,1.0026848756134605,0.038263029698880596,-0.04074636686784469,0.1072413251748172,0.010754893417635818,-0.16954899157790215,0.05223931984081691,0.039281292627044134,0.2574738457291464,0.24633995398548444,-0.2642627325079639,-0.07396142213953853,0.0658283565196573,-0.06157850687670945,-0.31483473322521954,0.32023475196973294,-0.29914994457197114,0.08796559196185194
0.0023285835235368514,0.02469235296508237,0.9032391259102552,-0.020624737154227284,-0.01972831525112661,-0.6653212320971865,0.7460114422147639,-0.028769000939157248,-0.00015038259830667933,0.32904648617516563,-0.2136232338567298,0.1775355814286814,-0.5630071479333961,1.1062887399845693,-0.4010962718518321,-0.02578854475451042,0.023998620313353966,-0.0526429338360453,-0.1857343644876377,0.31607151150541213,1.0024897594162459,0.03818872114568453,-0.04089035256058706,0.10712829942280566,0.010741721034358699,-0.16961321250786943,0.051542025359915276,0.03880829235154024,0.25700079599738573,0.2465664159454837,-0.26428150025189506,-0.07362908000691698,0.06507898628285226,-0.06223713924246513,-0.31513560106297844,0.32098886040210145,-0.29934925383142474,0.08867204642217676
0.0025482765435783884,0.024927100145760543,0.903219157920224,-0.020405595681866676,-0.0196632621486091,-0.6651738753376958,0.746150576864197,-0.028910676842636998,-0.0004149362260696204,0.3291842653054586,-0.2137435121037278,0.17749553426741194,-0.5628432520079747,1.1061694322403977,-0.4006570666326116,-0.025890776528300206,0.024413758546138375,-0.052929487064592176,-0.18576684513840427,0.31562610179655415,1.002327990411569,0.03846035157857539,-0.04103895292426159,0.1069529780383373,0.010728088069760293,-0.16969788999055851,0.05068320421078407,0.03831211754576619,0.2564527206701395,0.2468191004490618,-0.2642308719816666,-0.07336220446171586,0.064140197643283,-0.06295208525136928,-0.3154287513155315,0.32183036286096417,-0.29947934124934333,0.08950413986206268
0.002864030159969939,0.025126306365445633,0.903242555418234,-0.020185263543809718,-0.019583932057046997,-0.6650520775141431,0.746267216843252,-0.029097445596220895,-0.0007349838168882141,0.32932733828280936,-0.213784234064758,0.17738713888381705,-0.5627059204537858,1.1060535432117091,-0.40030152478326836,-0.026012765350847712,0.02490283168568755,-0.05329065649501389,-0.18583485774100603,0.31516823982940023,1.0022822851797866,0.038968547514686154,-0.04103434685233256,0.10665828499441793,0.01070148652044934,-0.16978890538881142,0.049822049183575856,0.03774754782513115,0.25594758924603017,0.2470570454181861,-0.26405953860495535,-0.07305516269821355,0.0631569668447771,-0.06373360182569407,-0.31567928588034316,0.3226809564420198,-0.2994779430347378,0.09028456566314691
0.003219935043630233,0.02541166662026535,0.9032517410326654,-0.019926373381506525,-0.019509039606031803,-0.6649803476043474,0.7463400527356894,-0.029240285264681923,-0.0011353584756293787,0.329400590909578,-0.21388542789856127,0.17730221493708656,-0.5625723736332412,1.1059063578599369,-0.40000391240739197,-0.02618459774012177,0.025348478130376408,-0.05370877210542356,-0.18592412865926117,0.3147307903245289,1.002193468152259,0.039553086599483075,-0.04114962561048276,0.10631898630366948,0.010673841466532342,-0.16982561377176575,0.04889280215155104,0.03706490531971852,0.2555920315524651,0.2473285215554437,-0.2639374833634338,-0.0726393825103243,0.061912157048685475,-0.06466512631564696,-0.31584488923158693,0.3238490742595375,-0.29965207238963815,0.09093347876405418
0.003665328044109977,0.02570207235168097,0.9032309140401266,-0.019636826932513316,-0.01946744180856093,-0.6649656754246367,0.746361885578644,-0.02934089302345197,-0.0016543581201046826,0.3294387915397294,-0.2139823999639219,0.17721313238988637,-0.562518407681441,1.1057561983087276,-0.39969921524222257,-0.026386534750678786,0.02555039453361425,-0.05411247347818438,-0.18606558789266076,0.3143730137400256,1.0021125231107897,0.04008716869630102,-0.04131456937702208,0.10597725951590344,0.010643653812490007,-0.169810879977314,0.04795033943417491,0.036238429244198865,0.2553983343684191,0.2477263993690175,-0.2638102132604351,-0.072108488985958,0.06043677400054837,-0.0658007829997849,-0.3159464458692722,0.3254750673704211,-0.3000351205709009,0.09122604634207672
0.004026827021865009,0.025972750781649272,0.9031984117820929,-0.019338361991866587,-0.019438123313764433,-0.664994095119672,0.7463451216250283,-0.029448652892311106,-0.002267802849689209,0.329447121589137,-0.21409229800330912,0.1772254989423311,-0.5624588898088447,1.105637232478868,-0.39935482162999286,-0.026350451538146056,0.025559123457244974,-0.05450598416864495,-0.18610501396982065,0.3142407478028268,1.0020501971895286,0.04053175331697996,-0.041576475126173566,0.10573302598912472,0.010610461318355881,-0.16976851517729488,0.04699693737833132,0.035371737812110796,0.25536984051118833,0.24820465821913465,-0.26370341634814276,-0.07117229407534784,0.05883432171508853,-0.06700181867032394,-0.3159467067926637,0.3273344760358886,-0.30047440940095976,0.0915721380681251
0.004441642613942651,0.026260373933873267,0.9031633728167734,-0.01899195113924509,-0.0193974009710687,-0.6650703299365869,0.7462871450490961,-0.029502523074195406,-0.00295314218468356,0.32944767128497837,-0.214282206276761,0.17718500945835666,-0.5624176588966668,1.1055164954135852,-0.3990205575426104,-0.0262776201962962,0.025351909406961082,-0.05500820231559089,-0.18618339555167968,0.31407262156892063,1.002070291709971,0.04086680108250696,-0.04178198823256175,0.1055492773071432,0.010578973819374358,-0.16970158203040703,0.0459731210000168,0.03438531644857958,0.25548633825574735,0.24867454289797022,-0.26357984535337803,-0.07014116582941095,0.05697013006340006,-0.06835535979654031,-0.3158086164731657,0.329454596724864,-0.3009597132148372,0.09188867191585118
0.0048762636677678875,0.02658987216752837,0.9031327002321067,-0.018577895374068586,-0.019322580857555137,-0.6652006468368064,0.7461833548936659,-0.029480901993805833,-0.003725794839509906,0.3292113104854017,-0.21442022587710405,0.17715264645966888,-0.5623987845507764,1.1053740328895738,-0.3985733574413885,-0.026137026083369246,0.02493552255153938,-0.05544697734996308,-0.1862504063008859,0.3139963906567916,1.0021036853434044,0.04108877545239025,-0.04200622840372093,0.10525079104031383,0.010552623537115823,-0.1695615093181864,0.04481427003021814,0.03328024667851724,0.2557657865910019,0.24908839240457925,-0.2634539898429369,-0.06891812140822999,0.054684640011931455,-0.06988421323415449,-0.3154352461381556,0.33198392919883585,-0.3015597500833276,0.09244991616032233
0.005320249895050017,0.027015144128592777,0.903032014840537,-0.01811716319749497,-0.019214483469811153,-0.6653773709594357,0.7460398958753961,-0.029320015225844563,-0.004500618437998537,0.32898505363208796,-0.21468355715208517,0.17714494027617805,-0.5623537533082698,1.1051740084425548,-0.3984702336336526,-0.026242381028076186,0.024671182369337626,-0.055983697451231565,-0.1863922512385394,0.3139386882957892,1.0020322928783973,0.04082333874422303,-0.04228767262792735,0.1050700897574341,0.01052277137043942,-0.1694710500244065,0.04350769439928844,0.03208629373051529,0.2562359939837041,0.24947977647141434,-0.2634972446507224,-0.06772632347929779,0.05206756851267248,-0.07154134173590505,-0.3148112927090097,0.33472221488849135,-0.30216736261129234,0.0933427811626483
0.005823165241110181,0.027494879077413326,0.9029242052422347,-0.017651650542457344,-0.019113453681962225,-0.6656009449488491,0.7458541929926199,-0.029052336162017467,-0.005299986998999456,0.3288857932481376,-0.21509683294719278,0.17707680378965873,-0.5623481949703598,1.1050261180897012,-0.398619662879705,-0.026436241197402167,0.02444425166769064,-0.056660913254551595,-0.18657629919250887,0.31393010544046007,1.0019516129952568,0.04016480821877326,-0.04242470981006739,0.10481470809536492,0.01049436157592714,-0.1694923095939468,0.04217486034769691,0.03080913226224941,0.25685548157711185,0.24987874139914837,-0.26357979825195393,-0.0665093741349444,0.04928480272587968,-0.07331096400409046,-0.3139943833569506,0.3376316735657006,-0.30276530119777306,0.09437557074802079
0.006382192356406702,0.02800708379893746,0.9028726816720559,-0.017186300621588005,-0.019032509657227407,-0.6658748975300239,0.7456225690565375,-0.028845663176894958,-0.006091130006116953,0.32895275946831165,-0.21560081400943656,0.17693792178790493,-0.5623005766562097,1.1049516574258487,-0.39884142636483166,-0.026536912756331375,0.0242218094269403,-0.05756625913858462,-0.18678698871441476,0.3139591857508854,1.0019486749252475,0.03932081032599507,-0.0424635996785078,0.10453937482539644,0.010458755816832286,-0.1695694607054006,0.0409505035663615,0.029451978981457287,0.25760315567854325,0.2501203245223364,-0.263556372432387,-0.06536488953571307,0.046438257996478965,-0.07514623028121714,-0.3130232445503696,0.3405896335081391,-0.30329564459173064,0.09535695817853293
0.0070670839581663675,0.028393405072576084,0.9028410761657918,-0.016758555877832898,-0.018944726794709387,-0.6662039959390461,0.7453405154199053,-0.028793741232586455,-0.00683619959075008,0.3290643247855301,-0.21583862286190145,0.17676375244074508,-0.5623338411235518,1.104748413959605,-0.3988685000428579,-0.02658166542194604,0.02401805713807458,-0.05834632456071074,-0.18707529069613993,0.3138706151505102,1.0018460129686968,0.038532859281338164,-0.04235644792538342,0.10424796833290707,0.010412358289536277,-0.16957333935759125,0.039888189133758044,0.028084714794761725,0.25845610091326976,0.25030123976869817,-0.26338188937580903,-0.06434405188537493,0.04365215490162665,-0.07698604981214997,-0.31193617424187725,0.3435290200623857,-0.3036602673939655,0.0960572278129138
0.00770073744408332,0.028803008600690697,0.9028038871000493,-0.016357672828649805,-0.018835365032520295,-0.6665820841206821,0.7450140808689792,-0.028955852040473445,-0.007530569268994037,0.32916113583782974,-0.21598139977216702,0.17668485295390687,-0.5624117526304799,1.1044444465193242,-0.39851294773029283,-0.026396870908616848,0.0242001689876306,-0.0590894250373828,-0.18726867649064083,0.3136300468398144,1.0016628782105848,0.03794385244421984,-0.04262917705807913,0.10403509528784488,0.010362494929117031,-0.16942860413719832,0.03883202121060012,0.026824947809979578,0.2594142414041547,0.25055592743979677,-0.2633308453499856,-0.06340316644616334,0.04079112783835741,-0.07874737038712586,-0.3107171119621353,0.34657151530951896,-0.3041115273692615,0.09671777088329471
0.008334507470165004,0.029231108174218538,0.9027539241858281,-0.015961721630443865,-0.018712055136619735,-0.6670083220398217,0.7446441974290655,-0.029207350367037498,-0.008191819672946936,0.3292488104623601,-0.21605128028650522,0.17661719841718174,-0.5626176723572002,1.1040648107423756,-0.3978131441940897,-0.026132695458410224,0.024715138393757947,-0.05974057833911855,-0.18745123100519862,0.3131737711939723,1.001411375069829,0.037532617031370785,-0.04311898252183788,0.1038950150794829,0.010315891362626195,-0.16917670530845302,0.037770012748712424,0.025600150658975248,0.26047837817489744,0.2508578276044308,-0.2633672946298918,-0.06256141553379976,0.03780242165219551,-0.08050635664202342,-0.30935711262586085,0.34976077951703693,-0.304629987565915,0.09732584346163642
0.009000021366216825,0.02966966616438497,0.9026447362785707,-0.015547484405762325,-0.01858625851109821,-0.6674971645155965,0.744217953348916,-0.029419365930953196,-0.008873932767856791,0.32925295116370956,-0.21602887782308267,0.17655651818918405,-0.5629244267360983,1.1035994796202904,-0.39688315700878063,-0.02594649255932662,0.025374055644978303,-0.06024344599727887,-0.18766772338602947,0.3125422520257249,1.0010473622899039,0.03723410076564855,-0.043697012607924766,0.10376965842594651,0.010272341199160276,-0.16884347531195482,0.03668820206986043,0.024310542765801045,0.2617027973452565,0.25119735530298815,-0.2634935779588253,-0.06167177409416395,0.03462202473964694,-0.08236591589152223,-0.3078176311716863,0.35318490941082614,-0.3052651154085593,0.09794089731285634
0.009701182361500298,0.030181684410228008,0.9025443779637233,-0.015116344516306416,-0.01849591849563536,-0.6680642489590431,0.7437200793243761,-0.029459632772261286,-0.009608206514514384,0.32934239124150716,-0.21619826679002552,0.1764402764604818,-0.5632536684692822,1.1031966985109811,-0.39589442171864325,-0.025786901968740585,0.025931455368552046,-0.06076120850770944,-0.18789760206676973,0.31182543476246455,1.000543551182488,0.03696506196156499,-0.04419783914188143,0.1034786423698957,0.010242667618704864,-0.16856438928805606,0.03570930210400215,0.022852061214708157,0.26315293514389265,0.25138392654877684,-0.2636116352938016,-0.06060133433696627,0.03129894798298446,-0.08438112694744201,-0.3060475712845039,0.35675414117732324,-0.3059440206955025,0.09865651999400266
0.010503601050189337,0.03068872295142314,0.9024557917317969,-0.01469463923604585,-0.01848403980533632,-0.6687066074465331,0.7431513177055836,-0.0294681761447402,-0.010486770374537211,0.32945072881342996,-0.21626593887839235,0.17628573968118955,-0.5633516901582303,1.1027419017887696,-0.3948827678204227,-0.02576968295523976,0.02620240921555869,-0.06136265043026485,-0.18815146602317473,0.3113944732862891,1.0001105291482837,0.03660438641678704,-0.044519551334340796,0.10285949997050811,0.010195576839667188,-0.16835050999068293,0.03499004748030304,0.02114141845435489,0.26482017149122977,0.25137068618433145,-0.2636323858237705,-0.059250724181075326,0.028019037938435937,-0.08660792042517253,-0.3040846380004538,0.36039150475290904,-0.30660529020341687,0.09942696217000775
0.011412022613378625,0.031167625527541133,0.9023595093854815,-0.014241905522654297,-0.01851893824907567,-0.6694209534812914,0.742515861172951,-0.029384018170845183,-0.011424623405526082,0.32956513747010424,-0.21627204157894014,0.17610186611069106,-0.5633074594481846,1.1022047026678703,-0.393873465638892,-0.025879528983115345,0.026177908540740605,-0.061872045916132865,-0.18845591041100632,0.31092262444367774,0.9995429027327399,0.036212599594376955,-0.04478128824222652,0.10207674026547799,0.010151603194122883,-0.16811635737595354,0.03441160968710436,0.019222509913565316,0.26666556767142546,0.2512110216063027,-0.26354780762418917,-0.0578124112510423,0.02465906417499335,-0.08902951400519202,-0.30195236235116957,0.36416779861806264,-0.30729871088787186,0.10010967565829978
0.012283667872784789,0.031717127111915856,0.9022559427620659,-0.013787346710609657,-0.01853124684071265,-0.6702101614027869,0.7418118639612473,-0.029367355687074808,-0.012365951226517492,0.32966659356033934,-0.21631354237362435,0.176018594852266,-0.5631948757904707,1.1016203602741752,-0.3928840220413842,-0.02590203542960463,0.026153375152366837,-0.06249158715601554,-0.18867819796573007,0.31066536857986415,0.9988805946363476,0.03575587258648926,-0.04519850893386844,0.10116605843963931,0.010100435040839548,-0.1679332438903004,0.033812390741455346,0.017285000376039524,0.2687393593603394,0.25098060647094705,-0.26350878549630685,-0.05620689792279238,0.021078873088790417,-0.09146143897646436,-0.29954419779181846,0.3680478631261951,-0.3079326138976321,0.10096594701357402
0.013225155209096916,0.03232499861828176,0.9021662036797639,-0.013276903655517007,-0.018423209474891053,-0.6710844971648031,0.7410329998367342,-0.02946489332732873,-0.013163285864838527,0.32983195975625684,-0.2164531403053579,0.17589542695238128,-0.5631038418892929,1.1009921784337546,-0.3920832075962131,-0.025898525267104233,0.02602375151453552,-0.06324546773439411,-0.18901553425006348,0.31032795611625746,0.9979285203670266,0.03534255604092204,-0.04552220120507582,0.10033517434070485,0.010051343196038318,-0.1677764726016198,0.03299733409373928,0.01535595134640386,0.2710321597053469,0.25058421348465965,-0.26333229817399806,-0.05475178449172898,0.017035583846684473,-0.09386987146910869,-0.2968225238145812,0.37199136867353827,-0.3083462780540907,0.10173692886097609
0.014177146971606573,0.03305675557547009,0.9020860702349389,-0.012745963233452081,-0.018192291874123603,-0.6720268366741484,0.7401935636894954,-0.02978559528246836,-0.013855147733107148,0.32996789964379136,-0.21675604609279409,0.17583296785805472,-0.5632825835322914,1.1003965632812447,-0.3914392073993962,-0.02576414245423609,0.026001292947287345,-0.06425729746973907,-0.1893209412465766,0.3101724123005265,0.9968226003873043,0.03491395790606504,-0.04579399765912845,0.09946331895099966,0.009996856608114313,-0.16775134292702135,0.031939936053297084,0.013520954513533356,0.27352411323287107,0.2500689186625755,-0.26308654414226307,-0.05344244963152898,0.012540363783742276,-0.09616925604986684,-0.2937732035493539,0.3759707754136085,-0.3085020619944069,0.10252216956858881
0.015188276071932133,0.03388608660392044,0.9020242135080122,-0.012185955685139138,-0.017872321664456476,-0.6730415500492098,0.7392882756474085,-0.03015616412258031,-0.01441280377531669,0.33016749229130643,-0.2172485815077783,0.17575205034437016,-0.563726072462476,1.0997866614072802,-0.3909220284160021,-0.02555395406987499,0.026014484236120326,-0.06531403202688109,-0.18971620486072704,0.3099617619863502,0.9953633879653594,0.03448036923570594,-0.04602867511596249,0.09864141243227265,0.009957285647731923,-0.16781985470570127,0.03072093995789046,0.011693897745018252,0.27621282746946013,0.249405511902162,-0.26274345428698426,-0.052263910343104195,0.007717193988238878,-0.0984193610024785,-0.29043383938526296,0.3798826119656258,-0.3084437451726897,0.10326402226518201
0.016215062018677343,0.03476586426385826,0.9019448173484901,-0.011607667699797325,-0.01750769394320338,-0.6741534307440086,0.7382925534769025,-0.03055123477840014,-0.014964813586085396,0.3303188519974686,-0.21769661824590283,0.1757206811615289,-0.5640904705038738,1.099179854314063,-0.39050342923238146,-0.025386433413964977,0.02611359708218456,-0.06639229524913413,-0.19006808092809863,0.3098550490706987,0.9937601713847845,0.034016518224031046,-0.04631909313610711,0.09782923378079911,0.009909965476556256,-0.16787565176126645,0.029441621957356685,0.009855771130149824,0.2791586016961723,0.248669558703039,-0.26242863744479783,-0.051069722543988706,0.002558094071312767,-0.10067639343615602,-0.28678413219771426,0.3839976076745467,-0.3083346360822877,0.10404026050106142
0.017247560650787665,0.03556309749494126,0.9018775977640158,-0.011042562896485267,-0.017145787001646966,-0.6753902706827883,0.7371784492643558,-0.03081580412905033,-0.015561404809151103,0.3305267021537041,-0.21800641159428183,0.17569000618410976,-0.5641874043504195,1.0986469338809037,-0.39016626035359453,-0.025207904422170833,0.026217224653601157,-0.067290661986225,-0.19031682343807924,0.30977774314076434,0.9919460032138865,0.03351908990762453,-0.04651125814339511,0.09698525470577034,0.009865486326771387,-0.16786527837302745,0.0283602854218046,0.00796186044047984,0.2824324115682645,0.24773327486364613,-0.2620336655127903,-0.04967386943985952,-0.002722901023880505,-0.10293668443955806,-0.28281091090867866,0.3882280364350048,-0.30806582413306255,0.1048563826948461
0.018353470972213327,0.036398619112872746,0.9018404778245489,-0.01057641199133764,-0.016850597401375986,-0.6767375410434062,0.735955499618781,-0.030868065602219878,-0.016150931180009907,0.33083437943977945,-0.21822597339266583,0.17560868923536352,-0.5640465247977848,1.098240291787009,-0.3899251662934123,-0.025440577178419306,0.026433438195171993,-0.06804284775001346,-0.19048883592540178,0.3096256624427382,0.9900406150812024,0.032884784082133585,-0.04684925015440608,0.0958923486744328,0.009828734703150935,-0.1678062638971836,0.027604020051994253,0.006095344735572654,0.28591507807835687,0.24676056263821122,-0.261799474421207,-0.04842245143152846,-0.0077881446022236445,-0.10511794204061486,-0.27864369182610754,0.3923607051050645,-0.3078424324373794,0.10555811272591842
0.019643696249849997,0.037143630630540825,0.9017809230404994,-0.00997732533817306,-0.016501942132103948,-0.6782106437846014,0.7346144985924525,-0.03102282851200282,-0.01681549754863935,0.33114583179571216,-0.21812675798275255,0.1754271385128583,-0.5629981850543754,1.09779634709389,-0.39008175834483344,-0.026021102465069806,0.026271549147407546,-0.06855087259638272,-0.19087688936686123,0.30941987899162826,0.9875912000083745,0.03226536731361541,-0.04711705856590285,0.09497685791615702,0.009778724800689148,-0.16749958694974137,0.026906595577405688,0.003938066271713159,0.28966030039741686,0.24530630653203617,-0.2613167765350877,-0.04729688025109006,-0.013421446697251458,-0.10755936232804075,-0.2741711810501449,0.3969764784227177,-0.30767751709402147,0.10601290523839887
0.02087249754281038,0.03797072652848921,0.9016944363586703,-0.009388098247298733,-0.016111582129669493,-0.6798019734533681,0.7331586168227741,-0.03126696820024282,-0.017424304985182347,0.3313589719098174,-0.2180005497315433,0.17536346401529077,-0.561780214505771,1.097397343407409,-0.39029273958416016,-0.026434803203655995,0.026285698408566628,-0.0691557171180385,-0.19120294996609116,0.3096338631458789,0.9850672639940404,0.03157542517866146,-0.04769471242216531,0.09401859750935629,0.009723672960359,-0.16720488614363027,0.026102580914480502,0.0018268684373776542,0.293774285552847,0.24391302957172248,-0.2609578109851783,-0.045931511590936856,-0.019346880883441633,-0.10991754207749256,-0.26930532801737184,0.4016677587071141,-0.30738241468959154,0.10669332802982522
0.022039657505823797,0.039231140718309965,0.9016673871405128,-0.008701826543206453,-0.015667850222759926,-0.6815375522448228,0.7315636414997287,-0.03156376868733588,-0.0180174854368382,0.33169412051096364,-0.21846681025683196,0.17530395277040656,-0.5607035045424718,1.097199797205745,-0.39027048830587296,-0.026622710684065336,0.026681839243708913,-0.07036522736279835,-0.1914862398632312,0.3101936128718153,0.9825420851409585,0.030873556382662593,-0.04881840674979918,0.09278366217078901,0.009672622887111135,-0.16710293077336597,0.02499516908766121,-0.0004322040665450718,0.29836318873039513,0.24224481159580005,-0.2606050612247019,-0.0444441312794257,-0.026023157109567638,-0.11233570147628136,-0.2638900806603377,0.4065354136375307,-0.30705389899147223,0.10768819847773674
0.023375352607360383,0.040521833052370934,0.9016515359703938,-0.007881281518407491,-0.015108707107906339,-0.6834148553911561,0.7298313146212894,-0.031838527025856975,-0.01860116142747524,0.3319414572287842,-0.21900201280943205,0.17514658082182566,-0.5602344263585924,1.0970900214776609,-0.38974537728830605,-0.02675567215994907,0.02706405898464459,-0.07168205743808331,-0.1918972408236074,0.3110343325197236,0.9798883551123037,0.03038607432422402,-0.04944293738729078,0.09119909751463438,0.009617973349063285,-0.16717452584723597,0.023557754257083997,-0.0029444088579439792,0.3034596586975549,0.24028323757331696,-0.25975675848836277,-0.042772923065744296,-0.0334688245680173,-0.11489461448636233,-0.2579223273763078,0.4115136855356775,-0.3061568533120785,0.10863549095010995
0.024751165300006775,0.041851551091967296,0.9016151587032394,-0.006967951279201097,-0.014446745160262228,-0.6854591815664814,0.7279343717777407,-0.031933086662162845,-0.019084910660523688,0.33210342510613283,-0.21973011936894327,0.1749731807558466,-0.5601556156960055,1.0971151287708807,-0.3887300857210554,-0.026709160832987428,0.027509702278791848,-0.07310197531000753,-0.1922663548832518,0.31206616077691646,0.9770558017536173,0.03015080358071128,-0.049804397568825036,0.08936684754726312,0.009565079471301124,-0.16732824184127756,0.021047258072559284,-0.005279513570283321,0.30911188898703323,0.23982677434069008,-0.25936266478299314,-0.040902203747743254,-0.041594794885128,-0.11743367843106269,-0.25136045762862735,0.41663646807344573,-0.3048814862619625,0.10963117359921287
0.026169425039530216,0.043191252304137576,0.9015714635218469,-0.006007196771046245,-0.01372984752924411,-0.6876557976185484,0.7258821590832598,-0.03215580725953849,-0.01948339707223881,0.3322676840714922,-0.22040515679153405,0.17473734304888125,-0.5599303235482804,1.0971541464579206,-0.3874713657216972,-0.026467050335546898,0.028019403145164986,-0.07464056174852339,-0.1926935872466549,0.31339977614398207,0.9740701787097431,0.029872630130512418,-0.05024103571349594,0.08748333139292178,0.009494690408720814,-0.16744702474703707,0.018255193523579512,-0.007599363531750456,0.3152077229741184,0.239650450094248,-0.2590619741919146,-0.0389303710976144,-0.05017380152771478,-0.11992560648982126,-0.24432175307804033,0.4219173527421636,-0.30342207456573905,0.1105281813951839
0.027668811879627195,0.04487262322098061,0.9015058237000987,-0.00506300644008845,-0.012997540837286282,-0.6900077092687872,0.7236675970689936,-0.032221795804969366,-0.01992513832211364,0.3325438327302668,-0.22128022576830936,0.1745684672459713,-0.5596294955840229,1.097069037086695,-0.3862523802760315,-0.02671107338542062,0.028827373216311174,-0.07634835024429269,-0.19303341303942786,0.3142897470969233,0.9710901799669969,0.029245854553652778,-0.05139083827108923,0.08558035886857039,0.009427434180453399,-0.1674423729136874,0.015378224467420638,-0.00991764459004195,0.3216436623333791,0.23953803685815425,-0.25925406946942386,-0.03720941718221728,-0.059157428039985804,-0.12236460218753581,-0.23686706784176348,0.4274736302081585,-0.30238444315865304,0.11130177928626654
0.029282352508040878,0.04624088804795769,0.9014128732977327,-0.004128607476821882,-0.012293277155314735,-0.6925291398694837,0.7212733326338343,-0.032423477964207595,-0.020380915471466438,0.3328596710838989,-0.22136042789638594,0.1743438830524063,-0.5588820249947365,1.0968025494537228,-0.385357846094547,-0.026762507641926826,0.029428289009746658,-0.07757245026242288,-0.1934459343314498,0.31519931856842504,0.9679309384735927,0.027877308402513904,-0.052426646527716336,0.08418980225146903,0.009333474168991591,-0.167224090530316,0.012808294852780452,-0.012294112513528462,0.32845416352969153,0.23934997671606073,-0.2593529304458409,-0.03545739201022186,-0.06828330435419569,-0.12478358805149474,-0.22900708973228243,0.43341531572628444,-0.3012815736771548,0.11150478974678492
0.030776972792542896,0.04764280643044606,0.9012858835047827,-0.0031734697401863475,-0.011565657938845618,-0.695207524918243,0.7187090245316945,-0.03245452192427203,-0.020890972901952718,0.33315106538658146,-0.22138118953992889,0.1742851543594692,-0.5580641684281022,1.0964560186967818,-0.38471513019500925,-0.026473659932082425,0.030153590685020285,-0.07865399071719438,-0.19362276866819414,0.31591238209032835,0.9646806952465901,0.02585547258271487,-0.05373017163944784,0.08330202400140917,0.009248877133054553,-0.16684494722255236,0.010203695065148007,-0.014640273847323831,0.3357114730380551,0.23919708648776253,-0.2597196163071612,-0.03339879345752029,-0.07786027914139726,-0.12710503204439008,-0.22064206750471219,0.4397764353109946,-0.3002990958891684,0.11183241938912218
0.03228673809246451,0.04919053312081384,0.9011632377021174,-0.0021990705925023874,-0.010807442096655259,-0.6980145334769274,0.7159986552632926,-0.03259156792054194,-0.02140025994971145,0.33353670467875784,-0.2214135276957325,0.17422099529742724,-0.5570744013763405,1.0960905887607204,-0.3841369282029404,-0.026188910006128423,0.030896596515130624,-0.07991699545478427,-0.19377252809832188,0.3165970174698109,0.961470668410719,0.023631770187122394,-0.05531157420312027,0.08255922931802608,0.00915344245785336,-0.16638664549736204,0.00747318044869255,-0.016941329538085033,0.34332826424324603,0.23906191840230875,-0.2602142623690008,-0.031449570603837566,-0.08769887860688111,-0.12925630583640793,-0.2118867178572117,0.446009832546196,-0.2992386107899277,0.11213316266610249
0.033882609702332936,0.05074107666359204,0.901055858383334,-0.001216263223525445,-0.009959651696570045,-0.700922925523683,0.713166445170533,-0.032928242596213436,-0.021890420375308365,0.33395975700184616,-0.22133150030064364,0.1741457129930046,-0.5560397433538876,1.0957448707500665,-0.3833604777884979,-0.026038838723166365,0.0313659511986269,-0.08127849130013157,-0.19392317350290916,0.317324073462829,0.9583669646542974,0.021863291691436377,-0.05671833996028042,0.08175478820833967,0.009042694335326947,-0.16583581257064103,0.004554300532705234,-0.019130780344460443,0.351279955128076,0.2389296513032909,-0.2605513218182337,-0.029630914993916343,-0.09758339722025729,-0.1311215429518391,-0.20281725397146524,0.45157391302434563,-0.29761822092082774,0.11242518930613776
0.03541246403568839,0.05229855976885692,0.9009683379246984,-0.0002096803256385346,-0.00905513114734781,-0.7039394191124779,0.7102022633402765,-0.033257424917463925,-0.02240238548790574,0.33443610441837657,-0.22132379592483387,0.17419471461262365,-0.5551688263761204,1.0954659709528085,-0.3820130095550138,-0.025776729430352908,0.0316163058793016,-0.08259407141061607,-0.1939027758176641,0.3179534448115529,0.9551996676312725,0.020974824989417072,-0.05802319198196541,0.08102685152747208,0.008942129515367662,-0.1651771206384557,0.0014611759938979864,-0.021191468932700526,0.35962036729609453,0.2387980793242154,-0.2607094909942491,-0.027770555805448308,-0.10749274368449294,-0.13268156530425815,-0.19334552434852742,0.45644746209592735,-0.2953992072661542,0.11299937976745182
0.03702516202421779,0.05392288595278845,0.9009247724160758,0.0008288768098177245,-0.008101850876851236,-0.7070719090337676,0.7070947520883929,-0.03391394293551385,-0.022979446282148923,0.3350138664371765,-0.22121685170067407,0.17425787379128113,-0.5539008227603834,1.0951298866228378,-0.3802420754050256,-0.025720971128794918,0.03155158299077229,-0.08427530354479648,-0.19384085253884392,0.31870611962539513,0.9521974117198972,0.020881833370712748,-0.059217721247166615,0.08023480394659968,0.008804823177799544,-0.16441800272290932,-0.0017592488289460305,-0.023219710787237776,0.3683076636234785,0.23857592535811595,-0.2607058364090058,-0.02611587548595871,-0.11749795893281416,-0.13403392904497025,-0.1835030711251958,0.46077779469527436,-0.2927571474285747,0.11356156835678648
0.038558952282175527,0.05576973229659823,0.9009118905442304,0.0018798059261620605,-0.007056717616315192,-0.7102908337210395,0.7038704430490266,-0.034824449025068656,-0.023558169188309358,0.3356230459471906,-0.2211375177809476,0.17459441488352015,-0.5524251057621797,1.0946341692450103,-0.37837741922602997,-0.025827439439890063,0.031475442766117356,-0.08635356913101992,-0.19351422641186092,0.31964177931206006,0.9494892888908316,0.021354748343799215,-0.060693267270007914,0.07920236222681136,0.008643830147394846,-0.16361620324127327,-0.005267301336401495,-0.025050048693884247,0.37732406942508745,0.23838829147543486,-0.2608614048778913,-0.024432329247093963,-0.1276555810789454,-0.13502207368171187,-0.17340315890404753,0.4645675566620933,-0.28985331266667297,0.11437116341728462
0.04017910937091084,0.05767957559425015,0.9008747668545075,0.002942183074879382,-0.005864523604517958,-0.7135712596517686,0.7005519312089812,-0.03573456976837952,-0.024018804915430573,0.33617370979156797,-0.22105881091724666,0.17506560814231514,-0.5513696937339139,1.0940646398718583,-0.3767956673423631,-0.02630715916601451,0.03131176202705029,-0.08829554485673856,-0.19308880222842284,0.3203031899385867,0.9468396514322118,0.022170388625824804,-0.06212189270382509,0.07761500666203718,0.008498270607308948,-0.16277363570120498,-0.00913034237094883,-0.02664493222374944,0.3865910074754271,0.23833439113129176,-0.261127817884646,-0.022839076163938342,-0.1379488792981767,-0.1356339476612359,-0.16322262619913974,0.4678220333791838,-0.28662310473839997,0.11503451065719217
0.04172890829603471,0.05951806244712125,0.9008580563810737,0.0039885631882729655,-0.004511970207626431,-0.7169125513874438,0.6971370935129498,-0.03669517487532472,-0.02428112056738996,0.33675196545215674,-0.2209308052300519,0.17570796971443892,-0.5504562126912789,1.0934575305997658,-0.37591611635103295,-0.02655426616148304,0.03103976121083921,-0.09016175906956563,-0.1923741082730747,0.3208902465940626,0.9442620185991207,0.023244747912760863,-0.06320379683117493,0.07537642703909528,0.008358141237923219,-0.16191072626979927,-0.013266566955905317,-0.027897703949121756,0.39621872070314895,0.23840966862071836,-0.261486232800864,-0.02094447413033016,-0.14822230485686755,-0.13575974370984414,-0.15292328988848086,0.47038356253556907,-0.2828164640716695,0.11594221474584189
0.04332743477328103,0.061555043835938746,0.9008332452460663,0.00503895728582009,-0.0030288895524587293,-0.7203235909590603,0.6936132633142148,-0.037722192353813286,-0.024327206601376255,0.33736624153525396,-0.2210561558476433,0.17634977987283262,-0.5495973049653349,1.0928704224586792,-0.3757004265175857,-0.026905205941170105,0.03084229612927589,-0.09211557083096783,-0.19161528434550887,0.3213184105497557,0.9416051996821743,0.024555982536623524,-0.06450890419537594,0.07238809278941377,0.00823241445596731,-0.16101904490060925,-0.01777282232555672,-0.028902747109379515,0.4061467846266112,0.23863236711436672,-0.26210116954626467,-0.01914397393882513,-0.1586285282346214,-0.13552678260441098,-0.14246560239116704,0.4723767573444519,-0.27877717183811124,0.11700926554582525
0.04484832828774163,0.06363405844956105,0.9008739613001259,0.006103718677112065,-0.0014481548718102474,-0.7237947677088022,0.6899867982093123,-0.03890708239638163,-0.024345599988757714,0.3380228530731869,-0.22131462713899838,0.17718281453422052,-0.5490245599844559,1.0924295455607769,-0.37570043070420145,-0.027009515747187865,0.030671742459472098,-0.09432624243938932,-0.19059559401597229,0.3218915259971385,0.9394053250770295,0.02623327893655787,-0.06574082274735939,0.06912263785073108,0.008097099456333636,-0.16015725821055127,-0.02249336204684956,-0.029693391849994158,0.4163232690899441,0.2388265148523427,-0.26261800987938455,-0.01714511248236458,-0.16902958620906083,-0.13490958073829462,-0.13189619309708625,0.4737255334760566,-0.2742342950243343,0.11810461592134902
0.04644061777486772,0.06584622534371981,0.900977679085846,0.007225915846347607,0.00020028919473077313,-0.7273157329836959,0.6862649419712539,-0.040240865616686196,-0.024401498798511573,0.3386660307332752,-0.22193900674281192,0.17813198545515993,-0.5491744177416829,1.09227954542277,-0.3752914652118086,-0.0271808386568572,0.030565474030126098,-0.09687278101076464,-0.18958039134052615,0.32249369470542527,0.9377694020690615,0.028346287671382243,-0.06712575649669676,0.06592167954290708,0.007963837162866956,-0.1593486825114637,-0.02747110259908431,-0.03040067141488777,0.4265779871394272,0.23892396839807184,-0.26287632763307384,-0.015311212403680075,-0.1795110383247554,-0.1340360165488572,-0.1213191619482078,0.4745013584222942,-0.269312583361662,0.1186864925531676
0.047969472526554854,0.06819577200538064,0.901137019606416,0.008449499358015077,0.0019663775369100746,-0.7308646854156561,0.68246725264459,-0.041822950313723566,-0.024493890074599862,0.3392486018707218,-0.22298013374080622,0.17937256456901216,-0.5503198065503421,1.0924078285708225,-0.37374185731955245,-0.027160923150917223,0.030725730510482736,-0.09976777022988226,-0.1885140675017497,0.32320016911259963,0.9367281208679865,0.031111878902238606,-0.06876957408474123,0.06320685476864409,0.007831968796644826,-0.1585649898157395,-0.032910477179832205,-0.030957521429060584,0.43686366003306454,0.238964096653843,-0.2628105447192309,-0.013349117603801622,-0.19022486512578152,-0.13284646283578797,-0.11071145043401602,0.474670509245411,-0.2638207748544378,0.1189154036880708
0.0495314066243023,0.07055469374139206,0.9012936159411453,0.009766746370532077,0.0038486525684654172,-0.7344522398038665,0.6785791818099225,-0.04360013682833954,-0.024610397898865845,0.3397326327158912,-0.22418070085795042,0.18083667999971298,-0.5523370888024159,1.0926203907580303,-0.3710942554133716,-0.02718424056505645,0.03102864011662999,-0.10278228725965424,-0.18752503616826563,0.32383584148536865,0.9360828450673756,0.03450440425909041,-0.07040872523312537,0.06081150290613436,0.007701192873302096,-0.15774998961974976,-0.0387748608116328,-0.03137690822521676,0.44725158396709347,0.239071394259369,-0.2625088078055604,-0.01131508113636486,-0.2011396848330327,-0.13140770461114576,-0.10004217942317767,0.47432042161719246,-0.25778265980762655,0.1188096309275107
0.05108994423669613,0.0728601173860761,0.9014995456590706,0.01107640182354852,0.005745917819944651,-0.7381096482493112,0.6745653748246548,-0.04541054443644441,-0.024745600141057617,0.34029310486861436,-0.22547871127161595,0.18246674504606675,-0.5546546418120545,1.0929603375338044,-0.36815818049467225,-0.027176858991069298,0.03127080084277596,-0.10587053000326045,-0.18655678803297637,0.3244936433562673,0.9357973849392698,0.038187184123292174,-0.07190311993987183,0.058530882032339054,0.007571772529477924,-0.1569968142528268,-0.04457498863826889,-0.03168946334691029,0.4578954388193299,0.23906794666253492,-0.26206401855672723,-0.009206102686923984,-0.21187211691336408,-0.12971632727387414,-0.08932658895984275,0.4734798520543589,-0.2513963288543747,0.11852516162607633
0.05260038270817107,0.07522408332416035,0.9016854111465126,0.012320480445494488,0.007581577400727656,-0.7418658400026585,0.6703922738836258,-0.04710371374676699,-0.024896292941997744,0.3408605192099145,-0.22661340472264496,0.18432212407692355,-0.5565586651743343,1.0931989029521982,-0.3660744458191032,-0.027397030027963568,0.03141471165468994,-0.10872419122509876,-0.18567210964120529,0.32525351244902606,0.935569468903715,0.04164765138852027,-0.07383106285333046,0.056165321759117766,0.007444438805850394,-0.1562797520849049,-0.050097845098563534,-0.031891174800617976,0.4689420305418176,0.23905058951158062,-0.26197129544250114,-0.00713414248806976,-0.2223278344423985,-0.1277985862166609,-0.0785625752402864,0.4724448006038204,-0.2452474366956597,0.11829199035874183
0.054194785281958896,0.07749382749794789,0.9018690196762637,0.013447723437281824,0.00937258298159395,-0.7457498047986345,0.6660244305319478,-0.04865474230847576,-0.02493795721618971,0.34150998415403455,-0.22733116323341143,0.1861831290116894,-0.5577418094063478,1.09336731416507,-0.3657127883420095,-0.027888083703943713,0.031144075111150075,-0.11119007220116932,-0.1850342867972133,0.3261509135842342,0.9354209051793797,0.04484440546240924,-0.07592555408496394,0.05344704358550435,0.007317151745503785,-0.15560185224059608,-0.05515903908428037,-0.03196967927291074,0.4804834409384888,0.23894236257905666,-0.26211967824246746,-0.005225754973546061,-0.23255680963227449,-0.12552312912900426,-0.0670347191551743,0.47138590569302385,-0.2391057512008436,0.11741953619467412
0.0557365714119044,0.07954734415744026,0.9020166303985179,0.014522695296962086,0.011168830257756644,-0.7497353256509678,0.6614841570461243,-0.050170665865506094,-0.024874454935889943,0.34207175563001224,-0.22756700056925636,0.1881594576078804,-0.5584444665070942,1.093524557946748,-0.3669565295888446,-0.028159453993049373,0.030438634334056597,-0.11312785344104123,-0.18454441621841958,0.32731314330687905,0.93532053946477,0.04790063827896095,-0.07803196040061262,0.05063523354122844,0.007194193458474506,-0.1548793241573158,-0.05997870245911926,-0.03187520396173025,0.4924842088085999,0.23883945902333503,-0.2623626230434571,-0.003126166056907759,-0.24266087721341084,-0.12289451379576226,-0.05494682543213382,0.4702666916429464,-0.23275463675601923,0.11621617872616974
0.05729751287366744,0.08156721887160924,0.9021856088400476,0.015583613308988619,0.01289126933280846,-0.7537723250314434,0.656824366317143,-0.05169344652449193,-0.024847470563018944,0.3426057725106116,-0.22781967728084868,0.19019618914765257,-0.5591529109103723,1.0938742459739912,-0.3692356444800929,-0.02827605382429462,0.029382653167596706,-0.11484952095095023,-0.18420931851205352,0.3285583758041364,0.9352699126347631,0.05035994752713829,-0.08005056442984472,0.047844764924470755,0.007090912379424384,-0.15420385452538238,-0.06456489247857744,-0.031814825917429845,0.5047074532529338,0.23863003451011788,-0.26262796863561244,-0.001103841981844075,-0.2522064159466316,-0.12029371230492193,-0.04382766467255808,0.4684830928159778,-0.22647145177391295,0.11547034764143199
0.05876083303532066,0.08369673020728031,0.9022819882806351,0.016707114730792057,0.014479412067508033,-0.7578120985143274,0.6520981845465161,-0.053264466005546844,-0.025037807737990633,0.3429117687717699,-0.22810368953007512,0.192534229463919,-0.5603198152029086,1.0943080710918585,-0.3717708572755075,-0.02835774122181698,0.028193653882492148,-0.11613868149090034,-0.18397678709131582,0.32979674119697167,0.9349315639720985,0.051581821664551684,-0.08238269022585368,0.04544968879504738,0.007015958208449951,-0.15353545674558144,-0.06909743820608927,-0.03189079088017296,0.5169726206226981,0.23844579421549592,-0.2631011925076637,0.0008867698440806174,-0.2610121652194814,-0.11808173165069001,-0.03513664421327671,0.4658075269766917,-0.2207766711599356,0.11629272135505382
0.0602997338217641,0.08571588197179587,0.9023348719482943,0.0179347774558486,0.01588525430423076,-0.7618615154922791,0.6472967122310345,-0.054852914965585794,-0.0255832655371541,0.34307690368630567,-0.22840693973553722,0.1949707917828773,-0.5624056195062836,1.0950403747179074,-0.37430549085865095,-0.0286380721680301,0.026330295266317538,-0.11702996987153999,-0.18402691108854313,0.33104935803805824,0.9344164737656634,0.05113165604804599,-0.0844061848424339,0.04340740427812193,0.006965410920044357,-0.15296653206045505,-0.07347689572548086,-0.03234342268077055,0.5292475446910966,0.23813559454365424,-0.2633429174849894,0.002776971612865985,-0.26889026449545905,-0.11646816849746802,-0.02882724723723687,0.46177380077895225,-0.21512014858202977,0.11906221875484904
0.06180041428900081,0.08775590180672553,0.902426140479617,0.019191130835965745,0.017131495302771454,-0.7659363371974941,0.6424015408811021,-0.05643646208795511,-0.02638225626882807,0.3433242633452049,-0.22893660507450594,0.19758531420895897,-0.5650768312966805,1.0960584059282708,-0.376915628548012,-0.028970417043088774,0.02387010071996112,-0.11785856047166597,-0.18419743172383302,0.3324259740742515,0.9338835568377453,0.049120631967621446,-0.0863442389027404,0.04170535852085205,0.006929548667034876,-0.1525749310115549,-0.07759912298148415,-0.033024677705534224,0.5416340459867997,0.23760860426271913,-0.2634873958304097,0.004673701662271459,-0.2759166048286643,-0.11518929503109054,-0.02424191764143273,0.4565389369888852,-0.20949180098055042,0.12341381944660942
0.06336260815719517,0.08972217125059277,0.9024695035963485,0.02038988832707821,0.018271228528693912,-0.7700004136516531,0.6374557064128804,-0.05806193032656924,-0.027242114315307105,0.3435624156702454,-0.22922763051011788,0.20031113172467616,-0.5680526898207767,1.0969269023652752,-0.3793499214802291,-0.02970056230736392,0.021157362942442436,-0.11820775650729866,-0.18461251795210926,0.33340607540223116,0.9330231198528474,0.0457337715670676,-0.08823260543048292,0.04035972097641926,0.006910700344223283,-0.1522101908938988,-0.08140004297662212,-0.033737530757769696,0.5540410678888223,0.23705229974933892,-0.2637061468770725,0.006286882186165318,-0.2821346617115563,-0.11418313318229364,-0.022061024866670186,0.4508411935418568,-0.20462048201802244,0.1279142630077515
0.06490067837634958,0.09153946620396239,0.9025488498151486,0.021388633376264947,0.01932717248078471,-0.7740179422358241,0.6325070844371735,-0.05975973766273973,-0.027948648176853327,0.344003084282037,-0.22925381503469053,0.2030707998575845,-0.5710730654488462,1.0976234638455915,-0.38121962124500197,-0.030376640491336714,0.01869146505343563,-0.11809748734817171,-0.18509062263350354,0.33366158962020137,0.931865419583228,0.04127154279347038,-0.08972233413204089,0.03960702447250266,0.006914112009736742,-0.15188140900017588,-0.08459187006975163,-0.03424263268863188,0.5664140274612964,0.23642755341047184,-0.2639897778697783,0.007613572540634361,-0.2873107617731516,-0.1132776838949466,-0.02296385580643796,0.4451190925560531,-0.20094916917809574,0.13142978316368029
0.06637154628949285,0.09325342388517373,0.9026319299529546,0.02216433108095349,0.020310201691987776,-0.7779985143131924,0.627546452353473,-0.06149780776650336,-0.028453394852239834,0.34448316418514574,-0.22889758499228197,0.20595327374129732,-0.574333514368864,1.098080457165432,-0.3823115133556663,-0.030958339978433315,0.01698839073347295,-0.1173064756572364,-0.18561890238802156,0.3330017678406257,0.9302317378423905,0.03560489624233121,-0.09107583393062736,0.039730972120445705,0.00694459345419587,-0.15148030700877985,-0.08716031550978462,-0.03445129598778003,0.5787905335577175,0.23580653560738374,-0.2645168915206627,0.008575015953574062,-0.2913240543274828,-0.1123987207806023,-0.027354256115770494,0.43916227340979946,-0.1983812185884167,0.13435226848399803
0.06771123459602961,0.09480196198705444,0.9027464931939304,0.022782637866233652,0.02120775272971858,-0.7819550899760229,0.6225571619510943,-0.06325696587252608,-0.028856052158444147,0.3449605881587795,-0.22818863883017604,0.20894780126175336,-0.5779502295607404,1.098464982638904,-0.38269355339943684,-0.031213291281612023,0.015914570408681834,-0.11584030479154375,-0.18619337546723336,0.3316658356406327,0.9282072408705094,0.028719460120114816,-0.0922035487297951,0.040784840581724956,0.0070003364931771825,-0.15103480210444387,-0.08916294739337298,-0.03447893871020718,0.5912096659972066,0.23510815428238974,-0.26509628516459993,0.00940944444832331,-0.29426931064097583,-0.1115680520958876,-0.03478949898924659,0.4328124743607856,-0.19655958754035757,0.13721227774059375
0.06893541707634389,0.09620030492497152,0.9028732120774939,0.023316600642237076,0.022059867909793415,-0.7858557186794414,0.6175763011815718,-0.06510054933509844,-0.029180340356475945,0.34538543862329707,-0.22709287864715438,0.2119928139442478,-0.5813645358880454,1.0985680521009977,-0.38245259655374775,-0.031189501309786368,0.015172252888513395,-0.11385334358029377,-0.18683357408235088,0.3297793602769384,0.9258778749015736,0.021204731347405657,-0.09309805468573136,0.042398612978217766,0.007066659646766332,-0.15055225061277813,-0.090840545527509,-0.03437579407541672,0.6035760392847158,0.23435169499603026,-0.26560510462470016,0.010225336971271108,-0.29669652226420423,-0.11081743507285083,-0.04469433783864902,0.4269156099326529,-0.19607114055653715,0.13892998432479714
0.07000723861583673,0.0975038818294142,0.9030476523593022,0.023345165623977728,0.023125972616441646,-0.7897315562058544,0.6125718421256496,-0.06693087296812532,-0.028249326682673753,0.3470136925221352,-0.2264185072337863,0.214617213035969,-0.5839397429777552,1.0983823113904594,-0.3816952990816861,-0.03070674315937627,0.014397223894568904,-0.11225517275814567,-0.1878653264380102,0.32749795111877467,0.9232776566257325,0.013523602121659482,-0.09396889226553913,0.04417326380857705,0.007084714109391853,-0.1507455564576974,-0.09222140910951948,-0.03298919264013507,0.6159624956445012,0.23436478390765186,-0.2664996212274737,0.011193545566683099,-0.30169457327614596,-0.10963126110771888,-0.07385150631747524,0.43014022866796764,-0.18946954701668225,0.15777029187554817
0.07114892475501441,0.09894558694095605,0.9032885797871545,0.0237017109979132,0.02403926577866663,-0.7934847722008959,0.6076530744445274,-0.0690735575742258,-0.028103435590218745,0.3478837597436335,-0.22521231768419864,0.21746144620328992,-0.5852215342371234,1.0975171257649996,-0.3801641730627517,-0.030270059264902276,0.013542414496984291,-0.1105930647719516,-0.1885116440338104,0.3247850886460534,0.9209487892190565,0.0062452340849205295,-0.09461497601089788,0.045574943316124474,0.007106642121180684,-0.15063248120720213,-0.09376443835658439,-0.0323735360411223,0.6280120807589233,0.23365548060167812,-0.2667595404459889,0.011878549084461803,-0.3043714325863368,-0.10899286999708253,-0.09659073435514558,0.42873827932026654,-0.19013305597144206,0.1638086731639202
0.07233098105324903,0.1001847880215357,0.9034448487006026,0.024175699378563346,0.024928225491568635,-0.7971716125158479,0.6027532988978838,-0.07138807044805269,-0.028167413154797198,0.34815268839489344,-0.22320746934413394,0.22035639031409965,-0.5856140740503951,1.0960806703537225,-0.37788005500803085,-0.029953952916466155,0.012466870482555886,-0.10830687260110837,-0.18906663853213623,0.3215651512623792,0.9184599683672418,-0.0006910035385734076,-0.09508009059240353,0.04668738353278303,0.007136125778922872,-0.1502332905055781,-0.09538892292142591,-0.031894634069527306,0.6399449559031162,0.23293791512900336,-0.26673699784063853,0.012433780017111366,-0.30659057912569826,-0.10859017748589242,-0.11880774272611158,0.4272922660409512,-0.19416052007258147,0.1640956616662686
0.0734274280597422,0.10154398976968611,0.9036713743030381,0.024023953903588618,0.026074272616426024,-0.8009046355524252,0.5977413710769898,-0.07343216829985744,-0.02676137039092734,0.34971936596484837,-0.22215615620577456,0.22277306674546118,-0.5856031646535904,1.0948667221769652,-0.3754640146299493,-0.029286967234815105,0.011549410445649737,-0.10679858384813,-0.18988454985310024,0.31809888463269764,0.9160637053605258,-0.007142654366756771,-0.09602862150419912,0.04760425174397864,0.00712536009581752,-0.1505691919898425,-0.09660943980096896,-0.0298651724849872,0.652059636803864,0.23314210744000907,-0.26750940064050677,0.012791304191757308,-0.30937043902212774,-0.11041390196209569,-0.15003162419620164,0.4353927409734493,-0.2167667030268052,0.15777081863611558
0.07438908261646418,0.10270162665434876,0.9038749014229323,0.02406422097020676,0.026904467850674775,-0.8044847400025437,0.592875506309553,-0.07573780581973781,-0.026195892165689738,0.3504017308916854,-0.22039661635090402,0.22549996068904063,-0.5858467547839454,1.0938015081104442,-0.3738307564641778,-0.028512801420939104,0.010842450758111022,-0.1046115880782904,-0.19031783149662138,0.3146092472536032,0.9142070065818438,-0.012388383136236077,-0.09686631938479608,0.048364511212080664,0.007153701104162869,-0.1504739390813066,-0.09733237400071487,-0.028735181715411624,0.6638362276062464,0.2326839678168442,-0.26802727777006624,0.013240665643015034,-0.3104052753232095,-0.11192652103854643,-0.17850049666918794,0.43865053876795673,-0.22951657472140546,0.15229149958969213
0.07533151237166487,0.10371907374819317,0.9040764139790287,0.024006913853384566,0.02759051112858192,-0.8079613025688872,0.5880994519076573,-0.07817482052367919,-0.025678405524382934,0.35065428744387817,-0.2183583542588484,0.22813830167769544,-0.5865654740048563,1.0932153407663523,-0.3737820001511398,-0.027807998578386995,0.010485208589154384,-0.10199254720847994,-0.19073054162536243,0.31090650306941875,0.9128056910083437,-0.015937112584270767,-0.09786771657041926,0.048703117575003195,0.007212176308061606,-0.15012072732694742,-0.09748232952066535,-0.027764325612037958,0.6753670420860157,0.23208776107984924,-0.2687151191566609,0.013450313872666967,-0.30999971227908907,-0.11341152317192323,-0.20759745233512522,0.44073788603509395,-0.2394059534921814,0.14744415170412295
0.07621984390170593,0.10453498029558957,0.9042209212440322,0.023832744294149714,0.028191980914946506,-0.8113557394259031,0.5833858728253086,-0.08071725864649022,-0.025043087333624387,0.35057726415051593,-0.21600224616890817,0.23053290756724543,-0.5874143960244602,1.0930816739432108,-0.37520617092545655,-0.02698272857198338,0.010407262193626695,-0.09887838295108904,-0.1911667057528179,0.3069475711109105,0.9116909568191316,-0.0178803830019641,-0.09901326170434867,0.04866284670985134,0.007286262360323675,-0.14960341597312263,-0.09717131627465879,-0.02676975407005183,0.6867247403514725,0.23152792019856921,-0.2695562195522183,0.013544091349141522,-0.30856537831738523,-0.11500123759207267,-0.23824321402526208,0.4431249823771984,-0.24859910058383003,0.14241914660478003
0.07705670697384251,0.10536551446088656,0.9043405402738676,0.023631106706740634,0.028708831682537534,-0.8147014631713886,0.5786872209455096,-0.08310999183927927,-0.02441127264642062,0.35043626317076837,-0.2135962223450459,0.23298640549516642,-0.5882435284795988,1.0929363054357415,-0.3773916471242911,-0.02618061407599336,0.010525097998857202,-0.09556743089679894,-0.19159689482971057,0.30276842773369794,0.9106324102369096,-0.018689765830871747,-0.10034065414844559,0.04841303376643635,0.007374371939941999,-0.1490630620197507,-0.09667327017567466,-0.02583281649880995,0.6980121732347101,0.2310097861028883,-0.27057646070054275,0.013506220801795569,-0.30660640027980196,-0.1167713959997709,-0.26944496038751825,0.4460376191677777,-0.25730050721438175,0.13771866392658583
0.07783861535326711,0.10603203867528141,0.9043585499187333,0.023518080616071625,0.02915362149092944,-0.8180289329467353,0.5739561229746795,-0.08527070627772035,-0.02387774533269942,0.3500753607020622,-0.2110045762464403,0.23527994196019839,-0.5888108871894198,1.092882534051229,-0.37946859920238163,-0.02530188250509185,0.010444179407672767,-0.09197219686646467,-0.19210754651164616,0.2985451785553361,0.9095700732826253,-0.018989559087379655,-0.10145055856688415,0.04808048296719296,0.0074648128327282496,-0.14849470382184152,-0.09620724827960911,-0.02506778619927244,0.7093728560226334,0.23062231847840442,-0.27160743345595667,0.013574431352383247,-0.3046689025738487,-0.11884692864619457,-0.2998089375504481,0.4498173220543487,-0.2653006494623807,0.13334774096566343
0.0786355063627888,0.10680605355341134,0.9043224710399039,0.023528596877871094,0.029544280623964896,-0.8213410255965792,0.5691857871410095,-0.08710449591912317,-0.023485799702786907,0.3495874451252567,-0.20877873012294618,0.23741212817925356,-0.5891020375207237,1.09309326241649,-0.38093648502481087,-0.0244576205538753,0.010249480301421096,-0.08856377287965468,-0.19257597851431552,0.2942203837156377,0.9086582785005752,-0.01897339179638662,-0.10257497877991438,0.04764915109605011,0.007567423585660082,-0.14797714260324363,-0.09597052151223807,-0.024480857626435027,0.7207914712813138,0.2302951757347617,-0.27268013268129615,0.0135014543349971,-0.3029504184898445,-0.12119883624088827,-0.3291889920069093,0.4542793584461028,-0.27263597354410823,0.12920718001422496
0.07938965092683488,0.10754197585032606,0.9043988791657482,0.023524992875002364,0.029841332075420616,-0.8246288450727779,0.564396436455912,-0.08872400522879084,-0.023127895131317248,0.34927287564584863,-0.2070511852300784,0.2391433246627482,-0.5892906580677791,1.0939778267499893,-0.38193318146363897,-0.023266019652542172,0.009848999333864673,-0.08550732829466172,-0.19294109920972244,0.2898642952586354,0.9081908264842444,-0.018531878233363327,-0.10332416566401117,0.04709039869609021,0.007683630873708138,-0.14765931493758894,-0.09551432982177517,-0.024049737176035944,0.7322409489787064,0.22977836751662084,-0.2735049836346297,0.013407032003076034,-0.30078939727278853,-0.12370863098681788,-0.3580926282794293,0.45905454033146503,-0.2791982829034697,0.12490711787457248
0.08032931065254471,0.10821355223536235,0.9044820002004588,0.02350474815064229,0.03001624132962227,-0.8278853999178918,0.5596001399871247,-0.0901321293454734,-0.022814460711581854,0.34900268786984756,-0.20539850206802282,0.2406836808456406,-0.5894663535698765,1.0947934862877118,-0.38256293945154446,-0.02263726819174863,0.009241753772482108,-0.08249622070035073,-0.19352603324569306,0.28535145950994184,0.9078086821373641,-0.017950597710154396,-0.10407397882743907,0.04628641902931514,0.007797094673061027,-0.14742172123125996,-0.09479594259116629,-0.023927704092952456,0.7436141228995687,0.22913205273452222,-0.2742478408711572,0.012943363711862721,-0.29839400754751844,-0.12660597631636927,-0.38603390547372446,0.4645180429884895,-0.28556339915456436,0.12059343344309563
0.0811616672247237,0.10867942948448636,0.9044425778108725,0.02347247853342017,0.030013373258337573,-0.831106223368214,0.5548068904184394,-0.09152638266897971,-0.022603710969634313,0.3485006273271554,-0.20330780867344947,0.24214443905841715,-0.5893730555467415,1.095514320029263,-0.38300721515772734,-0.021971187143528807,0.00841720572285445,-0.07919900190897392,-0.19416984689851488,0.28122782125001416,0.9075285626520838,-0.017545158644840922,-0.1048547852520397,0.04555018602692925,0.007890996008234603,-0.14710159942249043,-0.09367089848617077,-0.024125830260503977,0.7549604119804671,0.22850071904192584,-0.27523525993086967,0.012642397612042852,-0.29573707527970483,-0.12989330671725027,-0.4122092402083784,0.47078273621289896,-0.29189621748463834,0.11696453049669131
0.08197347696456839,0.10896080315949293,0.9043445433624298,0.023394110388111733,0.02974841588924399,-0.8343081890626975,0.5499978118266942,-0.09307401838140061,-0.022579521340170487,0.3477843182367743,-0.20113478111374225,0.2430487167816742,-0.5887908933991247,1.0967733206125465,-0.3833670777494299,-0.02109608978228572,0.007344385005773311,-0.07624430544654483,-0.1947584385964379,0.27773617975523096,0.9079841961407239,-0.017471955124027536,-0.10535324688402453,0.04472983054177317,0.007952871239231317,-0.14675517798643686,-0.09192181881455107,-0.0248582702643378,0.7662848270837836,0.2277061280895589,-0.2764032201073298,0.012376845492768174,-0.2925846667792437,-0.13363831038786864,-0.4360530413295657,0.47742000519524347,-0.29828812059782545,0.11388250369204857
0.08284551299579612,0.10911441028238372,0.9041296334185196,0.023306710430496622,0.02927422204878011,-0.8374828865164798,0.5451809167279912,-0.0942730066956731,-0.02262437127461156,0.34724330236352174,-0.19877663608562748,0.2441218753120622,-0.5882829600027494,1.0972915873553915,-0.3835001420977392,-0.021040954105134665,0.00598725830345411,-0.07293481356330578,-0.19567211818495509,0.2740636810196197,0.9080156136560535,-0.017691474865243355,-0.10590109477194577,0.04407873939649466,0.008037232557690472,-0.14643416814565624,-0.08976704088374896,-0.026066111911311207,0.7775516785289445,0.22682953910709408,-0.27777049078586613,0.011960817279160197,-0.2891843041852199,-0.13787927419905616,-0.45789111554831374,0.48468900315253555,-0.3050798568120326,0.11097433515325038
0.08357033097304999,0.10941080930897094,0.9039365043749268,0.023187836862143357,0.02867399267335125,-0.8406006531403133,0.5403986198223512,-0.09559096098161765,-0.02277228284828814,0.34662244049787816,-0.19660228435184016,0.24506055446420416,-0.5873898550271265,1.098090429776699,-0.3835701444842475,-0.02061714604978073,0.004797191813856971,-0.07012880763541707,-0.19636462875712946,0.2710933608002259,0.9087568492916693,-0.018260468231982803,-0.10653511694352429,0.04353300449786727,0.008090008204660597,-0.14617868190357486,-0.08738798853297111,-0.02743344814897169,0.7887175098100069,0.22586994916978445,-0.2793376947416867,0.011525410902619949,-0.28537169418584,-0.14221027009321088,-0.47843044766758813,0.4919843164507139,-0.31170486033009426,0.10862378185224242
0.08423083235563303,0.10950746122805503,0.9037329280442394,0.023036338671282384,0.028040330107249052,-0.843631037805459,0.535695565633488,-0.09685982144941442,-0.02294359671680634,0.345961277027015,-0.1945390745450348,0.24565985906860094,-0.5867709137650857,1.099064584309127,-0.38370926018095,-0.02004199787665818,0.0036683262701314827,-0.06740965186939286,-0.1970511654987734,0.2684341067340661,0.9101081890464535,-0.0193511785840962,-0.10681849721809186,0.04288248236085554,0.008144909100559454,-0.14599864786139924,-0.0848900644733126,-0.028792298208598216,0.7997237237128907,0.22495550446262616,-0.2806366003442372,0.011102442645406177,-0.2811489531199563,-0.1466512877958277,-0.4985680179207553,0.49936068865733485,-0.3178296853557356,0.10592014608880482
0.08474817465602717,0.10959871664074566,0.903561883071329,0.022839937454133177,0.02741929662876653,-0.8465535767512571,0.5311059791784768,-0.097849727049606,-0.022891138873309746,0.34558999322946526,-0.19284458084684708,0.24637837452784167,-0.5868275820475581,1.0996143507061409,-0.38390825966485215,-0.0193138041590441,0.0028468559491893475,-0.06442069060032551,-0.19800620218522078,0.26598275520434955,0.9112746921665055,-0.02129007026227151,-0.10746745714579788,0.04245997162091515,0.00825243385334122,-0.14593800547628089,-0.08236913865866145,-0.02998678517724157,0.8105334664285166,0.22411140937887256,-0.28184340245441286,0.010661336893888462,-0.2765311021260765,-0.15098731429156606,-0.5185007606204343,0.5066428725280543,-0.3232950124155253,0.10381333424063342
0.08522749220677245,0.10974716092502379,0.903438687581613,0.022605562297923626,0.0267661302372457,-0.8493913683077448,0.526599341311414,-0.09889630572087557,-0.022847798771657383,0.34514870729594127,-0.1913390257226583,0.24696633086722553,-0.5869773236399024,1.1001953512602407,-0.38418351913335197,-0.018478067974602833,0.002429581528755729,-0.06174904920367315,-0.19895774654088122,0.26405993778423764,0.9131010936924603,-0.024111497183506178,-0.10845853269324397,0.04194382337705878,0.008340900195260431,-0.14593323531802815,-0.07976914343756684,-0.031157852082006676,0.8211544837834179,0.22327343590893808,-0.283011556935234,0.010007327516019574,-0.27158179030840124,-0.15532607583337116,-0.5379235071230096,0.5139587094716883,-0.32834261930863895,0.10234467591457402
0.08572607118725957,0.1097169708247518,0.9032529828945721,0.022384924843519456,0.02604336368029964,-0.8521699852452096,0.52213693088609,-0.09982411108278186,-0.022824218028112766,0.34464434231165875,-0.1897160889010653,0.24738819772361426,-0.5871548417901745,1.1005169129433203,-0.3844585198565688,-0.017874291115639564,0.002099702740641226,-0.05882095148789629,-0.2001325173420301,0.26213292624794304,0.9148371284896535,-0.027354305695489717,-0.10937839588257903,0.04144212922269305,0.008439107188212905,-0.1459467287687691,-0.07710121920300926,-0.03246979076886549,0.8316236791997026,0.22252573450658478,-0.2840198474495724,0.009298816909774098,-0.2664828662440224,-0.1599157102712567,-0.5568939570456464,0.5216037524994493,-0.3331442191120499,0.10064660582312907
0.08609928161455631,0.10965429225662193,0.9030203105424055,0.022224311622000566,0.025196059897009127,-0.854914001509901,0.5176806820434042,-0.10070892477385321,-0.0231410800024059,0.3438766237290637,-0.18809625939212604,0.24766940273311636,-0.5867819158137799,1.100986258980453,-0.3847181111749299,-0.01698890816959747,0.0018953601655071787,-0.05619723099815124,-0.20083426085323333,0.2602394927172029,0.9169615934387298,-0.03021901408606577,-0.10969744878291773,0.04102149786244469,0.008509600180287947,-0.14596889005837013,-0.07440800176504585,-0.03400037657178432,0.8419910830299902,0.22185586270718313,-0.28500291994392,0.008768763935647642,-0.26135151611346963,-0.16477134809884578,-0.5754564998232313,0.5293801016663794,-0.33758329231301143,0.09885701013102491
0.0864385725550729,0.10957976113989086,0.9027054818449366,0.022146745197130367,0.02417942686848819,-0.8576353088773553,0.5132119970931398,-0.10129961157342138,-0.023597051796153054,0.3431672183563236,-0.18661048235368638,0.2478685278778523,-0.5861296247841848,1.1010999959518324,-0.38485725278847716,-0.016116157120622896,0.0018025779242874952,-0.05332529330617609,-0.20160286992155502,0.2577314205020069,0.9182718469352985,-0.03214434764240929,-0.10955071783107413,0.040999357370884434,0.008615176091626266,-0.14608655748112304,-0.07171376573649152,-0.03586984722489953,0.8521631898993782,0.22131011136445627,-0.285984215578731,0.008320128150201406,-0.2562635657304932,-0.17014059048965488,-0.5937468810367893,0.5374093643043508,-0.3420399652965179,0.09676056762919864
0.08681252524358399,0.10963064187765893,0.9024016104250017,0.022108844449624663,0.023023458023860546,-0.8603184540751809,0.5087565989305863,-0.10183457987193582,-0.024296852747252295,0.34241682814613256,-0.18534086158239804,0.24796190784351518,-0.5850628542075765,1.1011341257388922,-0.3849094137380185,-0.015289025882814423,0.0019702256500171472,-0.05088743846509714,-0.2022091012118316,0.25504932056437873,0.9196890795989253,-0.033217727891253275,-0.10892714377207226,0.04108788888436973,0.008699009570048622,-0.1463157830308246,-0.06899359186582046,-0.038020982760653146,0.8621096645538036,0.22074656257215255,-0.28692390598707224,0.007699265638600534,-0.2510326439158977,-0.17584726254901528,-0.6117721841917606,0.5453725586090535,-0.3465135088074372,0.09468752135047319
0.0872032485548798,0.10955229059777434,0.9021686298636794,0.022041447190690868,0.02179775801354551,-0.8629534434610043,0.5043316238053277,-0.10213856130457143,-0.025008717871409413,0.34185408189586364,-0.18429491613366905,0.24779999509951037,-0.5839581863289599,1.1011225115748469,-0.3848946663842773,-0.014529472313197086,0.0020520084515580103,-0.04852993915619216,-0.20292118545787277,0.2522286029225066,0.9211263986235972,-0.03386748614992696,-0.10771490501827848,0.04127123568416348,0.008794350286071543,-0.14667266778023952,-0.066074013403656,-0.0403607539842427,0.8720022163374908,0.21999906873688072,-0.2875103121364233,0.007014451022014976,-0.2454395328169663,-0.181636060146458,-0.6294408825208132,0.5530495212017237,-0.3505899495245597,0.0922001717718649
0.08747966331938796,0.10942963083939108,0.9019080493121128,0.021954745116496793,0.020594216070762148,-0.865524601498933,0.4999610301127621,-0.1022935552929705,-0.025734523438447666,0.3411667413726327,-0.18322001921766704,0.24767368734003245,-0.582683100891079,1.1008775768833332,-0.38484015602934335,-0.013771628032330585,0.002031100025193634,-0.04617156515683849,-0.20356602456353226,0.24986303943959873,0.9228430610699069,-0.0346562261112111,-0.10661760222161436,0.041602506414091175,0.00887637596743264,-0.14696870713508947,-0.06317650848239059,-0.042570388420118344,0.8819998025224337,0.21937722246004682,-0.2881363041471899,0.006335982968359766,-0.2397413022539926,-0.18723849750741292,-0.6464947022111343,0.5605261506832927,-0.35410618751760237,0.08981326698243819
0.08771828705557637,0.1091753248600813,0.9015391051881126,0.02186076559403208,0.01940164583029779,-0.868035546296131,0.49564097231070026,-0.10217318409704305,-0.026319921444990842,0.34041806432648414,-0.1822021337642318,0.2473400059560958,-0.581247526711321,1.1003569005905087,-0.3847865547145427,-0.013006123987673467,0.0017451343101025068,-0.043392937847055994,-0.2045764875788741,0.2478993296573463,0.9244625054377826,-0.036116176005313826,-0.1062342135835434,0.042261512526045986,0.008991397043065364,-0.14714179422742177,-0.06028223351106145,-0.04475216490444067,0.8922015643600764,0.21887851245818,-0.2888295573671521,0.005572028554341792,-0.23409153728558285,-0.19284393440879843,-0.6626591219003402,0.5681382174079876,-0.3571213044043597,0.08747390260161168
0.08776543939056851,0.10914795004298772,0.9011314375344518,0.022751868842780566,0.01782054793174013,-0.8707106711688887,0.4909457278031833,-0.1010362030758704,-0.028827005277094604,0.33625957221081226,-0.17960165095741956,0.24763912838895075,-0.5793802285495993,1.0997098929033273,-0.38468865632418153,-0.011717534170380925,0.001555299716045963,-0.03914523657088803,-0.20482908713983833,0.2468880640758482,0.9266491816528254,-0.037784153797745516,-0.10606744305152874,0.043263616511761575,0.00917758991877943,-0.1455444222775355,-0.05828369709927832,-0.048956416318928976,0.903424960708927,0.21709334649620218,-0.28903032477120105,0.004791910320140086,-0.2155061094658808,-0.18777481466568494,-0.684316857155095,0.5600326458514824,-0.3414035465335725,0.09178924041799817
0.08772285239153907,0.10910146824149246,0.9007655488237107,0.0228379137720028,0.016499094322694075,-0.8731122393996075,0.4867044554878004,-0.10066994650916634,-0.029941715830807743,0.33479374299847275,-0.17857155868022284,0.2474044417001538,-0.5775015907298169,1.0989295264536536,-0.3845983540150137,-0.010414908279937062,0.0012435158238062614,-0.03624350732010259,-0.20554137973656303,0.24583151144114915,0.9287424218090208,-0.03998281508198106,-0.10627871504686447,0.04460386262019606,0.00932860577078349,-0.1452622556532681,-0.05558095439772109,-0.05148886078189106,0.9137574731977599,0.21637626052943007,-0.2897182828962979,0.004009809933537413,-0.20767573787392477,-0.19060680303971234,-0.6977089974279843,0.561097613856107,-0.33045652620351545,0.08898917050872236
0.0877175672745531,0.1090543104834692,0.9004531236458246,0.022817708339248958,0.015242242769206465,-0.8754146159878892,0.48259328252296096,-0.10042453926512006,-0.030823645065850905,0.3337672056622283,-0.17805031040844801,0.24705899032843473,-0.5758436874302068,1.098239837510515,-0.3844772651237572,-0.009517867333528595,0.0008731365856940254,-0.03387216409169042,-0.2062626133165898,0.244692713344864,0.9308245155764525,-0.04201406185806071,-0.10596194907420138,0.04610433712888351,0.009470885194274503,-0.14533747612577788,-0.0529002478533921,-0.05366732173488261,0.9237172647997385,0.215880704313541,-0.2902592790424638,0.003076180668256974,-0.20128095144441563,-0.19471353205521827,-0.7119071684014132,0.5632042095513903,-0.3286427783441911,0.08559861088799606
0.08751370782397085,0.10902920536176004,0.9000864993820931,0.022753628825447163,0.014075361366996945,-0.8776189515678826,0.47861167184529996,-0.10043425095057447,-0.031268068940274736,0.33288656094577734,-0.17777288450705364,0.2465720633744507,-0.5742063715336887,1.097755900709332,-0.38431402215039867,-0.008526125379060901,0.0005901597491607855,-0.031361427089285486,-0.20715405650157923,0.24352675640097,0.9320672265291614,-0.043464846897854716,-0.1051850846679624,0.04814696508890022,0.009635275098555366,-0.14555230050687293,-0.050324046324497246,-0.0555020232443254,0.9335740555543395,0.21555427827941148,-0.2908950375004168,0.0025196293425522607,-0.19525024975664598,-0.19882594617921429,-0.7267112144233545,0.5655755183477508,-0.3309551450486066,0.08252378875516113
0.08716455642727873,0.1090260555331745,0.8997351305333346,0.022661052944424262,0.0129486898797835,-0.8797411268471259,0.47473609283853374,-0.10037717209047922,-0.03176195358537355,0.33207770832617095,-0.177704760622636,0.24630936229466582,-0.5728472317865027,1.0971599237906595,-0.3840425966303969,-0.007797757530562477,0.000384919640871472,-0.029219836604396688,-0.20771322084096502,0.2421253794507989,0.9334122244634548,-0.04428751482108136,-0.10345905081996991,0.05043976156616704,0.00978630114845008,-0.1458680505782799,-0.047792513151339346,-0.057143590393052744,0.9433645343643929,0.21528445958282855,-0.29147216580513263,0.00219449042220844,-0.18920452343178376,-0.20264882536562376,-0.7416669166359895,0.5674730592001256,-0.33442146586149896,0.07984949264326724
0.08679937848200131,0.10919679464738777,0.8993670946054276,0.02256382592591099,0.01187973044280319,-0.8817874708274344,0.4709571127565106,-0.1003775500433321,-0.03196284672989866,0.33136034338908776,-0.17815317286047644,0.24580717591853343,-0.5714339850260121,1.096770782771977,-0.3837637182682194,-0.007067856427791842,0.00042152293454227085,-0.027167735952687927,-0.20855664190047848,0.24090901676758217,0.934276466169425,-0.04456972612841881,-0.10194562121491284,0.05299628032253787,0.009962419805398484,-0.1462473783391519,-0.04546325484523827,-0.058424476437342616,0.9526117541303327,0.21532473673043617,-0.2922081236134914,0.001499567358925952,-0.18323378166460624,-0.2058516385045942,-0.755941234730995,0.5683900975808228,-0.3379453639032128,0.07765176290461982
0.08652803787337174,0.10940210901611438,0.899168521971524,0.02240249562315309,0.010867423306912975,-0.8837656696116224,0.4672668065639203,-0.10028177788959285,-0.032235346216589904,0.33093868093731676,-0.17904330630202378,0.24529485423336303,-0.5701962182393169,1.0964064122851112,-0.3835130387937393,-0.006749344069756734,0.0004989333079763657,-0.025867528892196748,-0.209275331947125,0.23999328586537635,0.9358284558490906,-0.04441098396963612,-0.10006131309715152,0.05519066055979872,0.010112438132634982,-0.14680645706813292,-0.04308960328121824,-0.059368300660694664,0.9608557355267473,0.2154129679586114,-0.2926196102033952,3.1783812891399664e-05,-0.17710923968603814,-0.20804139707099034,-0.7687808276472304,0.5675582954530323,-0.34059682713125733,0.07553592132105848
0.08604129832416704,0.10972154622394835,0.898716360944117,0.023541859701948463,0.009315139676744345,-0.8858886273834907,0.46320659417496585,-0.09913311373699055,-0.03526389933659705,0.32636428895121045,-0.1776911244740924,0.24596588572862121,-0.5689060741815549,1.095779269863532,-0.3833280594476483,-0.0064471350851257915,0.0005796315441621484,-0.022312412206685898,-0.20895897710038328,0.24019637834860946,0.9375017178594124,-0.043849379826135015,-0.09886801550018949,0.05644118073871116,0.010299802912952079,-0.14553562679900553,-0.042171022105288544,-0.062427437141773304,0.9681598080429626,0.2148221272357462,-0.2926647293273683,-0.001742432422253539,-0.16087483684565912,-0.21146604791847534,-0.7998965464644069,0.5521908446287321,-0.29632508570464433,0.061123957431528805
0.08535337079894108,0.11007481913794476,0.8984752575021694,0.02340416995725707,0.008608516005709702,-0.8876186351835124,0.4599035733235285,-0.09939420785669163,-0.03516328103045931,0.32554759465510347,-0.17856826869393924,0.2455439797637766,-0.5675712440146332,1.0954077283992794,-0.38325937480766636,-0.005774118255096287,0.0006784765790697665,-0.020811418048841172,-0.2094757204130193,0.24041289191538712,0.9391609276992344,-0.04291439806596198,-0.09775577102198348,0.057873381049207036,0.010448969006569647,-0.14561534522185735,-0.040258693946409366,-0.06200249522883062,0.9736925384379717,0.21569956446268845,-0.293424462797901,-0.003971652981372939,-0.15589508114162695,-0.209943933992646,-0.807913212656072,0.5471992486695741,-0.2940946498556972,0.0589820202182244
0.08449426857560978,0.11053541318440711,0.8981378803839389,0.02314259609218955,0.007780428021630246,-0.8893903452197818,0.4564961106249994,-0.09942317228303119,-0.03531248671707561,0.32551043909966004,-0.1797964008947985,0.24528385019710222,-0.5657989822262081,1.0946164931944502,-0.3834660912111669,-0.004620312106526693,0.001042717628503424,-0.02013876684985246,-0.20994449034091556,0.24115758815900312,0.9410470786774324,-0.041096557625311274,-0.09663575518741375,0.06047775246149546,0.010597295744914564,-0.14635799677689823,-0.03810955686308894,-0.06117273725261376,0.9796932620353341,0.21732239622496755,-0.2946727689706803,-0.006680104175316853,-0.1516102316863103,-0.2083389949867141,-0.8121204147119658,0.5425196935830495,-0.29600858367959937,0.06064890929831255
0.08364066456872278,0.11098611666843268,0.8979046432473677,0.022810444865428096,0.0070588682667334715,-0.8910579737890353,0.45326101015950326,-0.09945465782164473,-0.03530649399972866,0.3256744992214254,-0.18159818163963476,0.24497912068807667,-0.5647094492499404,1.0941162785297704,-0.3833928786625985,-0.0038283705093080204,0.0012428375345212468,-0.019773406707725035,-0.2102983884489693,0.24184425950422855,0.9430884570269157,-0.03927333382849884,-0.09506297144544003,0.0626286942029528,0.010745352756932223,-0.1471895873466599,-0.03602149313049232,-0.06010751974535862,0.985612414115212,0.21878255784900552,-0.2952579941714519,-0.009000430565579707,-0.1478697227594653,-0.20579446347471608,-0.813365441485209,0.536873633086113,-0.29790502004183694,0.06314361039971321
0.08275188765249399,0.11142228339599758,0.8977932880631843,0.02235119468273279,0.006470356913767397,-0.8926521707421459,0.4501451550855545,-0.09929498673797539,-0.035009438639957056,0.3260807335040181,-0.18386633313945352,0.24477386478933652,-0.5644411003887959,1.0936328973522742,-0.382829541023552,-0.003219745686838638,0.0013674513949834474,-0.01953922206196509,-0.21052729971811704,0.24231463957358618,0.9450244708309341,-0.037430202097976414,-0.09295286485828116,0.06481384085362146,0.010921713571363465,-0.14803993439780008,-0.03387718697688048,-0.05870158673023612,0.9923654778186829,0.2201071053799976,-0.29523708129268705,-0.011076772782710945,-0.14434431837464068,-0.2016692423743444,-0.8109735763366085,0.5287627804934931,-0.2986668053004484,0.06714413675649535
0.0815098180833176,0.11212887312435689,0.897873100161768,0.021775434984694253,0.005995072666651481,-0.8941795558322989,0.4471384701258675,-0.099531565310297,-0.034518636466903334,0.32662796678339184,-0.1863596763101169,0.24474150931983255,-0.5639363656685095,1.0933588536599597,-0.3818799335745676,-0.0016734017140407347,0.001671364172397574,-0.019756295909956877,-0.21045249766946866,0.24386736240508583,0.9470070142177943,-0.03556356812276125,-0.09075610364936253,0.06740962362610231,0.011068792551043498,-0.14893461674058298,-0.03165160155263862,-0.0568146971657376,0.9995881326434111,0.2212854681230647,-0.2949817855425934,-0.012731586496717184,-0.14084177175599166,-0.19596714823270453,-0.8056174711993186,0.5182807812852941,-0.2979097534948407,0.07260515217500224
0.08018906734084365,0.11288716510942029,0.8981731361602908,0.021113469737316995,0.005694350528391522,-0.8956663482823435,0.44418868549557006,-0.09944526068296278,-0.03364673653061771,0.327434262224392,-0.18922093898561984,0.24464455185572984,-0.5636948628075796,1.0929869656320903,-0.3806232440955735,-0.0002612084552221969,0.0019716174517453067,-0.02016632771974489,-0.2103543293854398,0.24509487052909087,0.9490579008421932,-0.03348900704151492,-0.08824978065007241,0.0702848715277091,0.01124309846053083,-0.14986881037867525,-0.0294360171226951,-0.05442031929544968,1.0068498103322097,0.2224260497908825,-0.2943198173241328,-0.014387761898564128,-0.1375731031322779,-0.1893961113446299,-0.7989668133212979,0.5070875842013388,-0.2962209256490813,0.07676641320314777
0.07878399713734408,0.11375170042075737,0.8983908135501305,0.020496090949100276,0.005640385495340064,-0.8971337017055079,0.4412473428491581,-0.09947183497309806,-0.032477201254435074,0.3278618960466832,-0.19143508125899242,0.2447431761830602,-0.5624257339058856,1.0920574403946806,-0.37927280587041806,0.00046576830896232456,0.0023334630749419854,-0.020563133154397513,-0.21025564791545773,0.24659739416758053,0.951079264590597,-0.03105384407853701,-0.08629647517178508,0.07334016834849777,0.011355022294459284,-0.1505333363072694,-0.027687476791271745,-0.05116662883957757,1.0137950676362115,0.22426468457274493,-0.2940065286548806,-0.016200312026014893,-0.13529079069626254,-0.18283841716170388,-0.7925717068954422,0.4976757228338841,-0.2945465299020814,0.07740422964593638
0.07720616244927701,0.114890413867541,0.8986593358646112,0.019886730945549238,0.005955253991677969,-0.8985887459782168,0.438300488801335,-0.09927471704826284,-0.030750110634418685,0.32824177313080577,-0.19371084646002862,0.24497944435982233,-0.5603782308703859,1.0910466545068014,-0.37794619509222427,0.0010259029208810643,0.002680416159411828,-0.021353647560382414,-0.20985236364582732,0.24807657766811003,0.9534758189408649,-0.027921835506425973,-0.08455676050624883,0.0768036022961388,0.011464099318804436,-0.15105263380165004,-0.026503343524777914,-0.04664244425638566,1.0203067447206802,0.2268268108223015,-0.29403919892978336,-0.01814227974785522,-0.13430079650042454,-0.17596559326220307,-0.7866246636371685,0.49046594338466676,-0.2926451830689234,0.07282439499613094
0.07551165728458019,0.1160338657617932,0.8989790833812398,0.0192573993746388,0.006568598442460108,-0.9000186410069216,0.43537621883134686,-0.09926761248990325,-0.028705838950818647,0.3285084745201609,-0.1956556780326067,0.2452214441642806,-0.5573524353280159,1.0899443455288786,-0.37669930993893164,0.00128941453776197,0.002756829218889617,-0.02287001577000257,-0.2091929312379582,0.2499269333022911,0.9566793743994778,-0.024089939038325313,-0.082480053319944,0.0803811047687735,0.011502055173658581,-0.15144501939594798,-0.025644084756315348,-0.041165357874418974,1.0266073578495305,0.22985282178427058,-0.2940089243863681,-0.020046229231596772,-0.13417801493149834,-0.1685700417861684,-0.7804717646935948,0.48436323074926263,-0.2903744583642212,0.06416816245830988
0.073804287106772,0.11733343159551492,0.899350092983997,0.018606771279044882,0.00723361249204142,-0.9014146306495909,0.4324963890759613,-0.098911603931536,-0.026518498425547776,0.32879201848795647,-0.19783292572835867,0.24551055157583015,-0.554173983764866,1.0888449716972068,-0.3755112897230044,0.0013283351133412252,0.002952762003466152,-0.02432239924997648,-0.20838410105966287,0.251450352055251,0.9597237787651659,-0.019836816957780033,-0.08073713967400722,0.08410066718492222,0.011579008022672088,-0.15172769769759062,-0.024797217656866117,-0.035469228207252436,1.032739920752757,0.232894143945254,-0.2939244714442596,-0.022110880484286756,-0.13429018050995403,-0.16113436444683535,-0.7742437942370447,0.4788336003784966,-0.28805211178086154,0.05483000837485067
0.07218882003015308,0.11856452960151168,0.8997030445027542,0.017940517536630878,0.007702398825888985,-0.9027693910226031,0.4296815536132805,-0.09844996243796202,-0.024573111257454545,0.32899011349745283,-0.19967228050874103,0.24568509985282347,-0.5506603732071955,1.0876308469618865,-0.3744374960717465,0.000925740586444457,0.003355701903081108,-0.025403084635740095,-0.20769554577706037,0.2526960262440968,0.9624492842762954,-0.01557709397238611,-0.07934062188910554,0.08764471129231712,0.011650536529137978,-0.15184174784798976,-0.02360010642868108,-0.03031452828764982,1.0387950069062943,0.2356644136057103,-0.29358255279638035,-0.02434368056637341,-0.13394320260026563,-0.15429459979474994,-0.7681077026275819,0.4734138326917214,-0.2860042383040452,0.04760182617574314
0.07050804046579727,0.11979300349213363,0.9000163238677481,0.017249514487852453,0.007924241708121046,-0.9040964833006666,0.4269065583083157,-0.09809018400726216,-0.022994370345934413,0.32901415594220523,-0.20090903423195502,0.24579597031777342,-0.5462892338077616,1.0865100638784648,-0.37369914483153266,0.000500767528851928,0.004071875389916019,-0.0263427320543254,-0.20687913164847677,0.25411090998397945,0.9653096100179719,-0.011458203714442219,-0.07828784232117073,0.09102396422592479,0.011678314543714747,-0.15172349596434997,-0.021935504898633513,-0.025784113615130635,1.0449446978544066,0.23808886069906585,-0.29309010488840614,-0.026550201214548364,-0.13302297058673593,-0.14813318944488713,-0.7618754417668765,0.46805455259133527,-0.28399752487391167,0.04356851517842007
0.06860490891249647,0.12086628563418747,0.9003214428299131,0.016503822960851535,0.008011540055094335,-0.9053975870222398,0.4241681841768987,-0.0976676131667819,-0.021532643496323063,0.32904759773016967,-0.20167690400676808,0.24572483025434605,-0.5414011070038385,1.085555430599037,-0.3732764490985381,0.0003686839325244735,0.004819331505893966,-0.027051943844671,-0.20598653431893502,0.25553747201865873,0.9682783549508716,-0.007406684451496984,-0.0769320225845601,0.09434631083525431,0.01169172872216277,-0.15146780599045415,-0.019834915985982887,-0.021516599421593074,1.0511659733885366,0.24029399152594694,-0.29229634377946834,-0.028400642079757666,-0.1316940900345399,-0.14235179983555332,-0.7555704007125407,0.4629614140291637,-0.28179386183172705,0.040847393021341286
0.06685973756292164,0.12178280183955345,0.9005450993441314,0.015754504387001954,0.007987965474505105,-0.9066412849450352,0.4215324049611285,-0.09726377932471733,-0.02023110165905537,0.3289837293629593,-0.2021785803500256,0.24542254407336894,-0.5362429743679826,1.0844059244227435,-0.3729523540988161,-0.00018311246478591183,0.005573145059931214,-0.027625713285029604,-0.2052931165291848,0.2568011941329138,0.9709890498586488,-0.003536811483625264,-0.07542754384349944,0.09720674448454071,0.011692358635433423,-0.1510944991484057,-0.017580661786210497,-0.017545574490051265,1.0571050542199225,0.24248052939622983,-0.2912918344981235,-0.03047639839339126,-0.13016363159879668,-0.13707273280778037,-0.7495016843480147,0.45827107619570295,-0.28015584265338217,0.038684812947978674
0.06502722669269682,0.12256059295728337,0.9006795819601745,0.01501195127117256,0.007865120509562347,-0.9077998758803179,0.41906105348753253,-0.09703296754263545,-0.019203565697173804,0.32885323330856925,-0.2023542614665454,0.24505497590214745,-0.530864542691897,1.0829871513124751,-0.3724461615955769,-0.0004603822225017677,0.006247635480355419,-0.027954077029384992,-0.20450265707975193,0.2582660999662606,0.9731941745879293,5.92688338789016e-05,-0.07344686653058911,0.09962256317215662,0.011680666010149337,-0.1506903211819118,-0.015202781962902135,-0.013752009716430326,1.0625872289165008,0.24473314302328752,-0.2902733515155967,-0.03235976879375329,-0.12838528854930636,-0.13218299542573617,-0.7439829833456496,0.45398292085269987,-0.2791052641938859,0.03647490726708935
0.06311655302040588,0.123418290705336,0.9006863402100406,0.014217332966402785,0.007711561753023006,-0.9089058829062029,0.41668752714371793,-0.09672409150753736,-0.018172021095845373,0.3286964555772115,-0.2023568993356279,0.24458537482014528,-0.5251987483628828,1.0811374311326545,-0.37147645131850204,-0.00036895666052574606,0.007057241009065811,-0.02789389915280988,-0.2036861377971672,0.2598353013029745,0.9744890474931233,0.0033225176848309676,-0.07159330697686703,0.10164319209503324,0.011668985875025824,-0.15020629661098348,-0.01384741689233201,-0.007753508300982999,1.0677334715394409,0.25199245312544793,-0.2917109353236434,-0.03429071386742769,-0.12639887126525468,-0.12748489212120048,-0.7388612407947306,0.4501258632924001,-0.27879389926067116,0.03471777052086956
0.06116307551700917,0.12431728445236884,0.9005845967452355,0.013393264244275685,0.00748768444560422,-0.9099542606788855,0.41442465965102493,-0.09624745872207997,-0.01717761155337829,0.3285669695290115,-0.2021438878043754,0.24403516359082722,-0.519498798121429,1.0787908015086785,-0.3700019131665035,-0.000228086899605312,0.007933041799767301,-0.02728983854453518,-0.20298762313138755,0.2612283135007291,0.9748347515552103,0.006248478628788243,-0.06990893804801841,0.10334411324059281,0.011674697020427323,-0.14962935435975125,-0.012823069426819574,-0.000872548417770527,1.0725345466752139,0.26145124546786996,-0.2943044571708118,-0.03630976739756684,-0.12424873476850631,-0.12311971818122383,-0.7340600150820707,0.4467381559361463,-0.2790832743408271,0.033569233069509645
0.05934623186637511,0.12524020347725362,0.900435434368304,0.012577414227816035,0.007303409824742729,-0.9109155410354891,0.4123364475234936,-0.09596031578172844,-0.016143351613635153,0.3283838588164954,-0.20194334761763205,0.24330513454808314,-0.513974313164273,1.076272110687815,-0.36825292963345263,-0.0003215946800489064,0.008690553675333107,-0.026696067732670362,-0.2024126662601667,0.2626691505907351,0.9747612796899079,0.008754641874993582,-0.0682105618455072,0.10449654259328929,0.011676338041397302,-0.1490903525664237,-0.01213975496676141,0.0065431785591522,1.076812875667392,0.2718737584651176,-0.2970685757324213,-0.03855888128909563,-0.12200340677460793,-0.1187058582965254,-0.7297480752435429,0.4432969012480455,-0.2797477973688981,0.032367540384535175
0.057452169784994615,0.12627332036221567,0.9002610541878522,0.011767872660186182,0.007351944644832394,-0.9117718723203402,0.41046256702463474,-0.09581394052400265,-0.014773536685866794,0.32810664352520147,-0.20208789878346978,0.24257785852060107,-0.5092353897273647,1.0738877450963702,-0.3665076879406322,-0.00020985826455848978,0.009252058902261365,-0.026050367724582465,-0.20169146776059366,0.26421668961521844,0.9743469165971352,0.010781528542852775,-0.0664085927194125,0.1053604949692956,0.01170833731163471,-0.14871762493132637,-0.012249016726797155,0.015408537462008147,1.0805521790467145,0.28414850578514356,-0.30022171150842947,-0.04059268982771781,-0.11965490818673692,-0.11351588161366312,-0.7260410340518365,0.43923245001539724,-0.28018264500097145,0.03068802823189336
0.05540286262299055,0.12758135231693654,0.9000443045537349,0.010968320028585813,0.0077320952030743365,-0.9124785376411357,0.40890442526807397,-0.09556541626978358,-0.012825678748899661,0.3278879638089881,-0.20288016721743823,0.242212532911536,-0.5059197995855121,1.0712338190007054,-0.3647005394145203,4.750852228108811e-05,0.009661849929935861,-0.024804837866862835,-0.20088818199989106,0.2653390623192116,0.9726954247931557,0.012137015039324598,-0.06478650684202603,0.10627312810985025,0.01184149435343899,-0.14856783288515113,-0.013352165404590714,0.026069883175513276,1.0838052858569989,0.2984647294819287,-0.30396412055185457,-0.04261364185445256,-0.11712820027615593,-0.10715367401202462,-0.7231910275535338,0.4341933373332175,-0.280265618254609,0.028724181214150175
0.05322804737541738,0.12917966818612045,0.8997328469153187,0.010185046891658014,0.008386553470519247,-0.9130595976423515,0.40761268588438987,-0.09562768100088795,-0.010532755796788404,0.3274488068284229,-0.20387397199710616,0.24202365732757,-0.5030466467407612,1.0684241109417076,-0.362849138944497,0.0004438515894282145,0.010051624147420037,-0.023467808253710018,-0.1998944583783712,0.2665998935591962,0.9704553075511553,0.012819899679128511,-0.06350866424989722,0.10702933000310247,0.011985857333820382,-0.14849486721633298,-0.015287624725968039,0.03825741841500874,1.086557149969175,0.31454922187796525,-0.3083774428268493,-0.044707271411539996,-0.11449458302836425,-0.0998680747822924,-0.7210469451868762,0.42848186031325697,-0.280261185230968,0.02677140930756732
0.051070215711788325,0.13092150017758028,0.8993577690457026,0.009378311906863723,0.00924348537087195,-0.9135986486305804,0.40640388096615365,-0.0952626151124484,-0.007832251737090162,0.32715502366533783,-0.20524222890479205,0.24199456922412022,-0.5013043182063972,1.0652423418359271,-0.3609617003953527,0.00045831455114049655,0.01036304781002078,-0.021711589719134075,-0.19912439708474683,0.2673913233725091,0.9673497932432377,0.01305861077483704,-0.0627238008070063,0.10767557429101758,0.012202094330981215,-0.14855610637528668,-0.017812569682229933,0.05168754442406805,1.088614334892605,0.3321859247200857,-0.31316796738252906,-0.04653176701461067,-0.11182235391218606,-0.09192069469571996,-0.7191312286604918,0.4223096228172823,-0.2802093609104987,0.024530341342057026
0.04885760937305042,0.1327182976395516,0.8989018625277051,0.00855283446381705,0.010236733538203169,-0.9141752275314969,0.4050996317905463,-0.09481708115721173,-0.004987995454101871,0.32665981227037144,-0.20634619966805537,0.24202255878740767,-0.499723633555375,1.0620178365440764,-0.35932690155013647,0.0002867210315595911,0.010643980556528793,-0.020442230678594752,-0.1983551680385127,0.268607262257324,0.9649250893601516,0.013277363512437761,-0.06229319384034922,0.10820004148762595,0.012353502185910905,-0.1486362903830741,-0.020707570853312932,0.0660584414636697,1.0898358932682284,0.3510260288511554,-0.3181711552901118,-0.04742257043650154,-0.1092672408949312,-0.08357616121669394,-0.7169493719968759,0.41601140073140713,-0.28002596671365315,0.02184960350312302
0.0466206272156108,0.13459097248147117,0.8984046289370216,0.007667000511989625,0.011400217695771386,-0.9147827277847344,0.4037125376878412,-0.09460205098153428,-0.0021226790124050203,0.3259048060947771,-0.20732589491453882,0.2420669384590162,-0.49825644048420914,1.0591234401130156,-0.35818961186460624,6.497155464810036e-05,0.011019516289927282,-0.020361049784968215,-0.19725952389271093,0.27087826651295893,0.9640497432130559,0.013682325339623458,-0.061971882414783824,0.10813652393561293,0.012412342072473503,-0.14878344193031487,-0.02383090813962388,0.08133946633165673,1.0903141929578273,0.37070470145789275,-0.3230660701563529,-0.04800349447143126,-0.10673882443352287,-0.07464283095478265,-0.7145345505835686,0.4094099120641483,-0.2796884989815814,0.01839701637037387
0.0442712612630068,0.1365562217160329,0.8978495613681167,0.00671075628689202,0.012730551378606684,-0.9153878327520748,0.40231581433137076,-0.09397530312698733,0.0010411794813025995,0.3253100914139261,-0.2086545896659284,0.24229550904288202,-0.4978383665761662,1.0561817370357287,-0.35739752225886023,-0.0001944045675257284,0.011496976307625549,-0.020332580298625315,-0.1960497237940235,0.27317027407144184,0.9632280456734406,0.014220039498234487,-0.06189546842481325,0.10783428820953514,0.012517945302520187,-0.14910658799547186,-0.02721519427305106,0.09758319158032919,1.0900856712501308,0.39129625498542026,-0.327927018790559,-0.048186105855085905,-0.10409660354449954,-0.0650611622581513,-0.7120860076132803,0.4023986032935745,-0.2791298140638417,0.014342516462759138
0.04190575797947715,0.13861810742896877,0.8971091369666976,0.005762565635793084,0.014130263347794434,-0.9160322585581897,0.400814208550292,-0.09296237992765227,0.0042766682530230304,0.3247034071808728,-0.20981716145605042,0.2426826169719037,-0.4974182893226699,1.0527918059836254,-0.3569400462129705,-0.0008265718062877752,0.012085910406185752,-0.020342030661514465,-0.19487710301391178,0.27536056508489104,0.962394078460073,0.014899701745845526,-0.062360564235354674,0.10758929774243933,0.012601147447872382,-0.14946767748071654,-0.031069223432358496,0.11448676810764742,1.0888526561710061,0.41298279109642383,-0.3332152170548727,-0.0468302154558506,-0.10166465691241915,-0.05538175811873841,-0.7093196829863384,0.39559596137606384,-0.27866609690080846,0.01036711115190024
0.03956443462957739,0.1406369769287783,0.8962258555314677,0.004835589240458005,0.015480639010479849,-0.9167577303792364,0.39911430778968093,-0.09143770652178189,0.00740374183816502,0.32427220121899336,-0.21066223348050167,0.24298167212768063,-0.49620879662808115,1.0489636073451398,-0.35691202617669554,-0.001800538760302224,0.012504170373729964,-0.02054763858673173,-0.19379780493287033,0.27718725891144474,0.9617475598145493,0.015780462558693652,-0.06289710104778905,0.10760377847583763,0.012645341567356687,-0.14987502217890403,-0.03536572550065815,0.13161109838630125,1.0863265756313638,0.4356164516623718,-0.33892433144569134,-0.04259988400700648,-0.09944066624932371,-0.04604285176598515,-0.7060123029582827,0.389234610559778,-0.27822878295259773,0.006889229423688989
0.0372603773259788,0.1426688479935186,0.8954038551750509,0.00387658871273503,0.016756810939370457,-0.9175695118122427,0.397203187726052,-0.0890613684102876,0.010518218564480531,0.32434856319984506,-0.21169525297115868,0.2430814453743719,-0.4943576680108612,1.044930079295973,-0.3574942816618041,-0.002798163573318803,0.01254805554084148,-0.020938504379648844,-0.1928793035041162,0.2783018456827855,0.9611416586970624,0.01701007345124142,-0.0631002394408141,0.10816333320115759,0.012704441853300191,-0.15049301457900913,-0.04001186830971877,0.1488688389684131,1.0827611948510754,0.45900698573427184,-0.34479526223877155,-0.03494737348009544,-0.09718588563876279,-0.03691694909936665,-0.7019935678451641,0.3829054316317332,-0.27738162555537055,0.004202551951589789
0.03517672898777188,0.14460221238598792,0.8946920057882585,0.0029139553051444203,0.01801051796799332,-0.9184452415298753,0.39512715474658683,-0.08714885630296593,0.013268025354302196,0.3244486175271214,-0.21192113938839346,0.24299385927379713,-0.4904131746051136,1.0405523654149778,-0.35903961057899114,-0.004205529933505866,0.012071445951132574,-0.023104183436878027,-0.19174731925970417,0.2801294076418562,0.9623981676290497,0.01868145677455917,-0.06253666478373471,0.10860820651547859,0.012559681650685776,-0.15121617709794927,-0.045042616975658305,0.16609814894102803,1.0781212065899493,0.4827484817092996,-0.3503088689527078,-0.024895698179616947,-0.09489913129510155,-0.027902796210459345,-0.6974712765076647,0.37636469292146,-0.2762308801463527,0.0017185494191763607
0.03314455875361081,0.1464879801698464,0.8940812676854986,0.001918972767698094,0.01919049312235148,-0.9193901972445084,0.39287365364445304,-0.08409713852354143,0.016148728204942488,0.32497586681030877,-0.21263233811620472,0.2428610403335484,-0.48720111226267504,1.0360635073582762,-0.36088145495287727,-0.005539844087495028,0.011400783487218619,-0.024630145762409156,-0.19087894484231782,0.28099546129792785,0.9629113337467377,0.020450793874030534,-0.061925234895551975,0.1093806942647993,0.012533990096947578,-0.1521016009810266,-0.050297146068783966,0.18299357787151013,1.0717946946095274,0.5063294090570474,-0.35542837580493913,-0.012976347569997933,-0.09248770554231699,-0.019071066217381034,-0.6926603010642937,0.3697205866749525,-0.2748124163757369,-0.0006265627069958792
0.03120178548363759,0.14825548079329595,0.8934891980668699,0.0009806448722803568,0.020346747880016253,-0.9204070418082838,0.39043043628291274,-0.08163701114518013,0.018816334382436645,0.3252690525048269,-0.21233192751933605,0.24256449467880045,-0.48227693402886507,1.0312471831717835,-0.36338499640427957,-0.0067923117968872754,0.010403910006158779,-0.027300272455957716,-0.18988654162458385,0.28265077239118686,0.9646745806668956,0.02258572470064333,-0.061165287261043394,0.11001174640570172,0.012326569585296267,-0.15290693495113905,-0.05603345805228936,0.19934774310505218,1.0630604234360623,0.5295461486809877,-0.36027796284618013,0.00024544652299351565,-0.09021074161612856,-0.010510993419841278,-0.6877737025166868,0.3631588819435303,-0.2733017588671657,-0.0032070107481649217
0.029412835045648747,0.14996505068156532,0.8928992468507458,9.003528498188618e-05,0.021321353165539066,-0.9215023514279357,0.3877870654181534,-0.07844408118525141,0.021244063863521036,0.3256533000676339,-0.2122594707445704,0.2421325694495547,-0.47785621760314106,1.0264144841586784,-0.36468192374463737,-0.007834396097462438,0.009960983663683486,-0.02974159320067519,-0.188940321951921,0.28379016910969934,0.9663130210460257,0.02383841626191731,-0.06086714494548382,0.11036310607957284,0.012163620414150226,-0.15368122326986547,-0.06243588627091315,0.21529591153540317,1.0519024423139929,0.5535523495895123,-0.3650297379046575,0.01658359636863949,-0.08819207921252536,-0.002690530718379708,-0.6830499826756539,0.35729225394595937,-0.27234767782670394,-0.005985193765130054
0.02770339603421989,0.1516075410282184,0.8923955578365697,-0.0007935277070320783,0.022192665977880593,-0.9226718169975734,0.38494619625211146,-0.07477528108857176,0.023596632942018966,0.32624249078897705,-0.2121266712815391,0.24150513092193052,-0.47331109976234886,1.0214383268653564,-0.3651637740207938,-0.008526544498899695,0.0097684306553821,-0.03226812420924535,-0.1881347100384892,0.28468455398561665,0.968046334346019,0.024577149853345245,-0.06068890784694549,0.11070904177301753,0.01199211590673428,-0.15451688924007054,-0.0695068395577354,0.23089412109334673,1.0385748595529936,0.5781017648202603,-0.36950873919747684,0.03581208761279063,-0.08623118808170413,0.004740773643197971,-0.6782805668904739,0.35163646161774753,-0.2713740014991956,-0.008893875945637177
0.026033946006331975,0.15305566623618697,0.8920276409744187,-0.0017222059796284906,0.02184953005075511,-0.924031991614072,0.3816864033691229,-0.07033569735854299,0.02320829759202911,0.3287474133931118,-0.21286224897342207,0.24153297288838405,-0.4689339598875969,1.0164833375020657,-0.3653478626334752,-0.008973772057163688,0.009885002539787482,-0.036228469508080625,-0.18663656264713904,0.28590794127485303,0.9702598411384875,0.025087743528492207,-0.05990853863077971,0.11092623715050651,0.01186260902434873,-0.15629590622305103,-0.0831032553321817,0.2514876530799808,1.003732019933326,0.618546126894869,-0.363690453608468,0.07285103977731983,-0.08420334406767847,0.009118264409355167,-0.6725205242752702,0.34828334278684125,-0.2713550368525594,-0.011749133469715803
0.024433088261216977,0.15438666499476916,0.8917715524616193,-0.0025641780123917073,0.022097476825885965,-0.9253519254282339,0.3784559956128464,-0.06568905089306651,0.0245157066551415,0.33031032350321643,-0.21353214423755115,0.24108536159272767,-0.4663587490980867,1.0119725390109944,-0.3657308157589,-0.009179795293729793,0.00994636769384611,-0.03903082791680997,-0.18616596915139227,0.28658729559981105,0.9715961527021387,0.025634762232340888,-0.05924552046819654,0.11136691186179493,0.011778866538411552,-0.1575907064472536,-0.09242951233535744,0.26361876703642373,0.9754231595554548,0.6410001782608804,-0.3596049160321269,0.09347735378885273,-0.0822318634983968,0.01462302286781501,-0.6666840472701012,0.3437087395085096,-0.27025115240455044,-0.014183504366799876
0.023008889034794092,0.15554176198208755,0.8915122471924986,-0.0032122361250262557,0.022350338495428793,-0.926720257903405,0.3750729362399581,-0.06187360166322568,0.02595247973982699,0.331147403257022,-0.21346905539620706,0.24019221288661477,-0.463221484922498,1.0078177188203947,-0.3670102541007925,-0.009082210651456953,0.010109967063135475,-0.042475233908986595,-0.1861766110804544,0.2883502047837256,0.9734819691064649,0.02639483550662748,-0.05865159157318096,0.11180034696001014,0.01154324870253949,-0.15843136489831197,-0.10033121729056999,0.2715107425725113,0.9476249510881594,0.6550580336185908,-0.35534066094447475,0.10015965303294694,-0.0807884378414297,0.01955367786986763,-0.6602426905526586,0.33964276897458595,-0.26916714622646076,-0.01611382101164282
0.02171634676396598,0.15651588009676567,0.8914480074874659,-0.00392512516896149,0.02205295888966763,-0.9282184747943473,0.37136063798829627,-0.05725231968476646,0.026372316346539963,0.33307614171245337,-0.21437877769304886,0.23943263843853899,-0.4611988097709573,1.0040334390796568,-0.36900562088118083,-0.008715508908291751,0.010442974689315343,-0.04673603251971138,-0.18609570353055485,0.29018176707311527,0.9756224773451022,0.02732086059174556,-0.05756034653627568,0.11218361059733399,0.011385162647325723,-0.15979773892011676,-0.11147811316139518,0.2799202651795625,0.9151936117156936,0.6707877681713572,-0.3817305685449162,0.09739933099773485,-0.07922533562025329,0.023006761993450687,-0.6529039087436497,0.33651717299195494,-0.268216782247199,-0.017745806831976203
0.020595193793226885,0.1573928904459951,0.8914234445069293,-0.0044737771722812405,0.02186684803329155,-0.9297476160483882,0.3675203351207123,-0.05271006701513325,0.027408082210038643,0.3343432145363844,-0.21531399571956386,0.23804696471074704,-0.45962243314461615,1.0011091086691573,-0.37147645384133515,-0.008173791844844201,0.011202080067022661,-0.050554786193473894,-0.186770675528226,0.29226690807476036,0.9772735934172022,0.02818486962325746,-0.05696569038879218,0.1126669989001919,0.011214461880550537,-0.16081531783612446,-0.12105101007993259,0.28350575615527257,0.8811450818807849,0.6781406610227242,-0.39683637494838336,0.08937360160781925,-0.07809942767186603,0.026267369750876103,-0.6451649077311907,0.33347851215947033,-0.26708147776110464,-0.019044387304214254
0.019623175098270888,0.15806366270769437,0.891485867816702,-0.004845764328873969,0.02149346484806702,-0.9313297887371957,0.3635097992456657,-0.047846295858316464,0.02824517099266766,0.3354564425940694,-0.21649430102220923,0.23646763627896186,-0.45884767693621886,0.9989746389077713,-0.37404218627132335,-0.008001881864229872,0.012482724465799514,-0.054149980724988854,-0.18786089800744302,0.2942792072099433,0.9786584196961393,0.028884379974782538,-0.05632454805226649,0.11312634631571322,0.01106355573841101,-0.16169409207078134,-0.13014326921788616,0.2836505289043839,0.8454819484811883,0.6805245514769389,-0.4038674243823223,0.08026952092404202,-0.07734278697302455,0.028663451713252717,-0.6368990984088337,0.3308782151665889,-0.2659118378045553,-0.020337627452167672
0.018829611571877847,0.15869894163689474,0.8917052382431578,-0.005021843850630513,0.02079047376622684,-0.9329639505632504,0.359333833968259,-0.04276821213614935,0.02851082886304224,0.33660544975618134,-0.21825168069232273,0.23491181859024587,-0.45897303642899845,0.9979353661676318,-0.3768910205580723,-0.008072797520511881,0.01488645054755463,-0.05796298281799047,-0.18915287874589512,0.2965765262662686,0.9800019598421219,0.029255196379172135,-0.055803676510315495,0.11351730248220644,0.010927277681406418,-0.16256081087285165,-0.1390025779891808,0.2805935476270209,0.8079336869419369,0.6785790532255063,-0.4054184669059839,0.07133050465620855,-0.07701581645108142,0.029888545577310424,-0.6279509940466574,0.32891192063762714,-0.26481186897210723,-0.021314502816008187
0.018193112659200122,0.15894424070964627,0.891891605385809,-0.004987853299566631,0.01984177572032516,-0.934644517542632,0.35499443810182,-0.037519852036790924,0.028375347022659477,0.33752215416495646,-0.2198885750192863,0.23326547770371692,-0.4599927089862268,0.9974827384401093,-0.3800659420501061,-0.008800015494477273,0.018207153514209932,-0.06145244682974512,-0.19099056585218321,0.2989581855536856,0.9810130252556319,0.029288976045280253,-0.055184173575589295,0.11378935696220976,0.010787600124461262,-0.16326127005488777,-0.1475208057364883,0.27470937984096644,0.7683100287613467,0.6728832234865989,-0.40347790191281374,0.06105437233140682,-0.07722562018373987,0.029943721676449334,-0.6184826849484502,0.3278628513142279,-0.26404959851962156,-0.02255570463938586
0.01746301420132274,0.15917258838017823,0.8922585450274706,-0.004877960151729966,0.01875412320545496,-0.9363726383428957,0.3504722107818495,-0.03197614107238766,0.027754502458377482,0.3385427564128486,-0.22165978461108105,0.23204672276266528,-0.46114063615067435,0.9975196089059322,-0.3828519763785687,-0.009431259217107668,0.021793012969161234,-0.06552990881523994,-0.19225004706865148,0.3014113522155014,0.982620151133968,0.02940235639562856,-0.05395577016467937,0.1139183120649462,0.010619159541222802,-0.1639819728368522,-0.15530052184824408,0.26684509842115883,0.7270607915526629,0.6635921004417514,-0.39882684780490607,0.049309687004441875,-0.07752445526611797,0.029578044123162284,-0.6085616022249704,0.3268468221097163,-0.26281402043606295,-0.02341876453477943
0.0168594644423159,0.159320362991168,0.8926598984733464,-0.0047318648147585745,0.01771935974154261,-0.9381516592985778,0.34573848194994133,-0.026641187312918063,0.027672359930353614,0.3395918582740234,-0.2232434773945432,0.23037044568324472,-0.461061804446611,0.9977980713937956,-0.3843417792796219,-0.009997939023141417,0.02470978030424425,-0.0692510750763702,-0.1943953251199991,0.3042049784290912,0.9830946023970217,0.02963074239867812,-0.05355668365620589,0.11408088221384964,0.010463843469851165,-0.1646507811584566,-0.1625908141173066,0.25802550980628447,0.6846208033225839,0.6521860651265917,-0.392312169275985,0.03514185191669112,-0.07800569526815838,0.02917613358358958,-0.5983742934415116,0.32578162674652267,-0.26140058775891994,-0.024106263459257066
0.01623948183527759,0.15937448392674966,0.8930979635360519,-0.00454558608400976,0.016753014931673492,-0.9399845389025326,0.34077520561514585,-0.021137741994023414,0.027756867168488866,0.34046051538380534,-0.2243735708211475,0.22871848712563844,-0.4598249490271543,0.9980123721619512,-0.383480409384471,-0.01087003753929923,0.02621172506358608,-0.07281785018618998,-0.1966010575120244,0.30674153949698035,0.9834075909713547,0.0304600119297002,-0.0531237765735622,0.11409883951631312,0.010291320304578556,-0.165178204267125,-0.16900975486262562,0.24816541459956287,0.640662205201898,0.6378955837528817,-0.38342673283913253,0.017940270232411303,-0.0785733574882014,0.028837629432215395,-0.5879370106868649,0.32447586297294034,-0.2595501851580664,-0.02454115912906252
0.01573413566746357,0.15939652291462778,0.8935275340264931,-0.004273288045309495,0.015810271980319108,-0.941858728478407,0.3356097583477401,-0.015525367099329468,0.027853069659835177,0.3410637961648384,-0.22525143272553425,0.22719497408991515,-0.4578359968064234,0.998312097175941,-0.38036127752634913,-0.01221750418797397,0.026511459192900405,-0.07643802242301341,-0.1987981435009904,0.3091626291606883,0.9836864466746559,0.031929944536004326,-0.05281436759410168,0.11383774989616265,0.01009793541640256,-0.16553502000569773,-0.17450719968124387,0.2369925253763653,0.5949659941215443,0.6204064121758222,-0.3724319265733319,-0.0019417186918752839,-0.0794202624311502,0.02834934599368602,-0.5771803815212051,0.32321307184830406,-0.25760200090870655,-0.024628609504339143
0.015387865015243318,0.15924960505124375,0.8938604168544411,-0.003907727889522013,0.01495249021425129,-0.9437524293235939,0.3302915452217164,-0.009986975876558071,0.02821967862920191,0.34137260112454465,-0.22583448641407927,0.22557149010414657,-0.4554574267165454,0.998745202363956,-0.37610930318473224,-0.013930760464809865,0.025864290995291188,-0.07987141049612216,-0.20138724758305587,0.3116718323881625,0.983578808571227,0.033592059940862305,-0.052698320435964896,0.1133908421595057,0.00989186611381415,-0.1657088295108288,-0.17937639551380885,0.22525462123267936,0.5485400564810988,0.6013933558543124,-0.36031959726246743,-0.022522725588588068,-0.08065044464568091,0.027764004410455255,-0.5662241995228733,0.3221770765170219,-0.25580279734965816,-0.02479238402207921
0.01504715993265975,0.15912444292317177,0.8941687426740652,-0.003475376948789181,0.014181323457445341,-0.9456446197800337,0.32487392154670525,-0.0044816606569910095,0.028772174193183633,0.3415700451288317,-0.22647692209593864,0.22406648318898686,-0.4531679907750315,0.99944482939895,-0.37225775897081564,-0.015264247719211586,0.024735347894666006,-0.08340076030451671,-0.20397171345109147,0.31445237789420005,0.9833510753945953,0.0349159690484767,-0.05255150846145249,0.1130120565834383,0.009682118249527766,-0.16582155864228612,-0.18387678920343967,0.2138491165412328,0.5028595114591772,0.582601402334914,-0.3480279189124939,-0.04108070709894096,-0.08219846937780223,0.027236316021976154,-0.5550913957986086,0.32131801807792665,-0.2539606794511112,-0.02482928895469826
0.014778752686651013,0.15896547685157697,0.8945202633794603,-0.0030068098915430838,0.013433607097698629,-0.9475336975960997,0.3193593418306153,0.0010372576691017954,0.029406307768774866,0.34187234400016386,-0.22731171953353013,0.22255287875433866,-0.45096660670164224,1.0003613584896986,-0.3697566363704458,-0.016219565348782432,0.023084548343851687,-0.08717794600450109,-0.20666080986699809,0.31754452076249357,0.9830122532559239,0.035429771517198824,-0.05227346883601548,0.11265929949765602,0.009470917972883632,-0.1659752369326298,-0.1882107417462905,0.20293903934474022,0.4583686347606635,0.5648646304120657,-0.3351118988274529,-0.05725198594000339,-0.0839572115761902,0.02663813637557322,-0.5438009507467431,0.3206220416046239,-0.25207546169585726,-0.02477140689608829
0.014548837984444864,0.15874262906392675,0.8948935550011677,-0.0024880382683587668,0.012695886812771442,-0.949426343835419,0.3137231928865335,0.0065699462831515665,0.030088309847529277,0.3422140949970925,-0.2281212152481087,0.22106415914451713,-0.4486132569428401,1.0013754092689773,-0.36843966718748355,-0.01695690396771469,0.020822735971848447,-0.0910537553208649,-0.20947454039879987,0.3208994895002724,0.9824412513791269,0.03516774190449584,-0.051971072506683,0.11236541217309028,0.00925250334716013,-0.1661339306710507,-0.19228240232161203,0.19231560494876535,0.4146497333492707,0.5476683758773969,-0.3210664770326177,-0.07190301964289633,-0.08588337306343968,0.025955133786045498,-0.5323139169883963,0.3199797558656035,-0.25009429376554915,-0.024599669484838528
0.014227467490787215,0.15862504619684312,0.8952730340376962,-0.0018921582834039,0.012012024149812095,-0.9513171681258843,0.3079736622534511,0.01196465804070742,0.030875820205064915,0.3424904378959784,-0.2288618905344791,0.2197532423560827,-0.44622626216525546,1.002582015635668,-0.3680151199394488,-0.017195682486908774,0.018368172172440026,-0.09502883064208775,-0.21225059932951265,0.3245585322519342,0.9816104364887169,0.034443073616253435,-0.05184250661879187,0.11236538287838407,0.009025233636654336,-0.1662798868454719,-0.19600612315931573,0.18211093105421436,0.3719041664018997,0.5307798116481959,-0.3068807237373462,-0.08476017670538206,-0.08813837233502257,0.025318451864169575,-0.5205865146131998,0.31952396883429096,-0.24795412994989738,-0.02417123823861669
0.01417385658954778,0.15840526241017905,0.8955513524208132,-0.0011749762105815898,0.011431740112582882,-0.9532062281294772,0.30210233597918096,0.017109047204263764,0.031844255045973456,0.34252379988259973,-0.22946918039449343,0.2183572330742682,-0.4442576940629588,1.0039804142821407,-0.3681328016766593,-0.017933937816728647,0.01604979521747416,-0.09916270075593842,-0.21535421056068266,0.3280794676979225,0.9804621586542714,0.03363866726293312,-0.05191890093847266,0.11232571688102774,0.00878054796384769,-0.16635913177385314,-0.19952797303384073,0.17231742565448133,0.33039231851800005,0.5143988571998653,-0.29421253481982873,-0.09662949238953679,-0.09099410101924675,0.024644533477637107,-0.5086530290995337,0.3194364630530545,-0.2462136608886066,-0.02411091126615852
0.014239575090479944,0.15816937499329503,0.8957763569066958,-0.00035123720325724677,0.010949211253319827,-0.9551043683985531,0.2960669466039024,0.022019126772905358,0.03297370290273741,0.3424101213425755,-0.23004348766612792,0.2169496581557976,-0.4426955935238994,1.005927210459988,-0.3686422392002915,-0.018673408038149465,0.01412413569659518,-0.10359487189607451,-0.21849551712161636,0.3316411745836155,0.979106220278154,0.03305771254994795,-0.05191000186275404,0.1124871326948178,0.008513485834490167,-0.16644802541880266,-0.202505441725905,0.16302507491331267,0.2905075959976269,0.49797177265682346,-0.28357308992505453,-0.10662061510790491,-0.09440860386098718,0.024009646642300233,-0.496392465160621,0.3196946188181514,-0.24469715741236778,-0.02431173463197162
0.014333344273505634,0.15798567067370778,0.8959697397421446,0.0005462103005882649,0.010542812349819058,-0.9570064791855739,0.28987436857869225,0.026773621003843128,0.034236882910699734,0.34225996881364495,-0.23066222221468438,0.2155501111229928,-0.4414351635050157,1.0083882149606844,-0.3695762291701172,-0.019102355751819483,0.012550970748131612,-0.10831785600518289,-0.2215887889175862,0.335326696591466,0.9775484631383976,0.032672438887898406,-0.05182325681802958,0.1129603635036786,0.00823088511272334,-0.16658323492954571,-0.20505531304319097,0.15425277404836343,0.25217667960994633,0.48160710646848315,-0.27459925154530934,-0.11448387711381088,-0.09823450405116385,0.023458007699919892,-0.48380463319480016,0.3201905558888677,-0.24322643264216706,-0.024510141404666647
0.014414846091849193,0.1576907908112361,0.8962643459351838,0.0014509652958967108,0.010204990123707063,-0.9588835194969024,0.283612674105933,0.031324135177695424,0.03566215814162753,0.34231416108261276,-0.2314351097999628,0.21400787549807415,-0.4407114852995931,1.0113580060802878,-0.3708511279031854,-0.01916792661771533,0.01103710472130153,-0.1133900995817855,-0.22467390850860303,0.3390492783444821,0.9760830662572509,0.032458018447200115,-0.051344609088609265,0.11347550630135446,0.00794098762407989,-0.1668504088821439,-0.20725359785210568,0.14596771582670587,0.21509507532479935,0.46558172685036575,-0.2667075455827279,-0.12069313511094368,-0.10205571790398586,0.023079330920595824,-0.4711237582900717,0.32044766569253247,-0.24138895825138457,-0.024898547661742782
0.01455954238328104,0.15740612304953885,0.8965086711841418,0.0023918023993895706,0.009967731916620037,-0.9607088055828502,0.2773689140428204,0.03564658380759872,0.03727918170242504,0.3423309158302209,-0.23220917787114562,0.21255871891702344,-0.4405179051010681,1.014360623927734,-0.3723178666736071,-0.019367007417438374,0.00970037695224869,-0.11844438488041417,-0.22776398055595104,0.3427292195348182,0.974515519801298,0.03231947287735846,-0.051360143990987164,0.11381182071880366,0.00765362160442781,-0.1670890133466047,-0.20987215418535765,0.13836703132190956,0.17894576765869288,0.4510243482733554,-0.2601813960826913,-0.1254568579436425,-0.10600808176618863,0.022911966162457862,-0.45850778145383037,0.32058310380870125,-0.23941024490739934,-0.025172482412420073
0.014748676586024917,0.15721952502004094,0.8968019460337193,0.0033708350727755577,0.009799522885072581,-0.9624983406412976,0.2710895628475676,0.039842481167379276,0.039065291072919166,0.3424821432148418,-0.23325282195119323,0.2111948032782513,-0.4410012369117316,1.0176816331714504,-0.3739879361178482,-0.01947300944849382,0.008468831641202471,-0.12370779711026855,-0.23071143687282838,0.34639964969771186,0.9731627347456839,0.03227597967870609,-0.05193166542462945,0.11386042168633352,0.007375754626895688,-0.16736961569454895,-0.21301174348059743,0.13139792590104213,0.14359544642015565,0.4380777865504607,-0.2548467362637228,-0.12782612180209987,-0.11010260660719993,0.0229243944437014,-0.44581969806999083,0.32051127946204383,-0.23701799957795225,-0.02509604373498754
0.015068772886336795,0.15689333033138164,0.8970333439339732,0.004435610467915814,0.009685635750061025,-0.964259563694062,0.26474517492190625,0.043930577518955946,0.040955711246281556,0.3425519883601698,-0.2341753757205861,0.20982950513869797,-0.4421826192449553,1.0210714157257699,-0.3758703488881801,-0.020076178680509066,0.007200168925831228,-0.12890560913488452,-0.23377173471862042,0.34989373488786146,0.9717692354482591,0.03232501056300514,-0.05281881887769583,0.11353732672624015,0.007093868302533163,-0.1675952648720789,-0.21685726405851727,0.12486491710323934,0.10910851175769222,0.4269470238849646,-0.2508717049355099,-0.12829260493684,-0.11457077475922117,0.02290098028295541,-0.4330581312425843,0.3206189309379486,-0.23460351460719245,-0.025149768850787003
0.015324099721857356,0.1565397191869377,0.897226972743924,0.005506204073678786,0.00966783677881557,-0.9659537791321844,0.25847535903634605,0.04767945402058735,0.04295888568728097,0.3425450510872901,-0.23493048078119091,0.20855483342086847,-0.4437393931983558,1.0245520692561036,-0.37778731272133387,-0.020586943572394295,0.006071162076913772,-0.1340983315349594,-0.2366570474275091,0.35354423866086926,0.9704994595282926,0.03245617471491647,-0.05364065677997166,0.11308729353942291,0.006800346409958052,-0.16778134244035411,-0.22083218494722154,0.11888073915585641,0.07579174410549883,0.41666858735070955,-0.2474186236029127,-0.1278825265012044,-0.11895923745357638,0.02313820641296371,-0.42048257837702185,0.32052484969399964,-0.23204268019639146,-0.025169651227959403
0.015500248774658438,0.1562423860519651,0.8974419930115689,0.006491044351757683,0.009784040308014478,-0.9675452072891202,0.2524250596718317,0.05085150671970832,0.04510438555394928,0.3425563433134808,-0.23557602780568823,0.20733545856170132,-0.4454476941465852,1.0280151331763165,-0.3794832561027996,-0.020763023830108005,0.0053261831371085675,-0.13944785163349344,-0.23927349594785732,0.35752195621454097,0.969445093571927,0.03259405084680421,-0.054133987381436245,0.11258234818035151,0.006491419390817113,-0.16799891928307806,-0.22433096187689597,0.1134893521546584,0.04396438840818664,0.4062201634205011,-0.24352174487929507,-0.1285293475388914,-0.12279173463769626,0.023894409725060614,-0.40837364367293416,0.3197635944693053,-0.22931609947591966,-0.02510512437782621
0.015610859623240816,0.1560492219707102,0.8975519160214757,0.007423636860349879,0.010092972077699457,-0.9690235958173833,0.24665014145455663,0.05329296776441663,0.047447858467848256,0.3423424174785077,-0.23583944754553388,0.2062869817326761,-0.44734739569816184,1.0312466106276423,-0.3808324020431026,-0.02087751659559322,0.005269773809821586,-0.14477243306138268,-0.24166249119245056,0.36196332906944717,0.9683899578984507,0.0325842091417347,-0.05446320020300223,0.11202913934048658,0.006161597162445017,-0.1681446074971254,-0.22736143930581293,0.10876587203989989,0.013495704293755646,0.39520967857193207,-0.2387077589659823,-0.1317642763370528,-0.1261946641853416,0.025267232457562173,-0.3968664634103117,0.318470760499668,-0.22667661568458064,-0.024986339647831833
0.015725578035151604,0.15584751998719423,0.8976674924154391,0.008284054473701882,0.010574427694109012,-0.9704157551820416,0.24106600344073073,0.055151395704304156,0.05000804116292826,0.34213620518738724,-0.23601540379152358,0.20519938819396757,-0.4496459343843697,1.0346008425647362,-0.38187993576545765,-0.020934422434442008,0.005709659553241267,-0.15037622816328708,-0.24383777644485896,0.3667566856317573,0.9676187848737777,0.03244342432198015,-0.05431177203756389,0.1112641860504856,0.005814232015791412,-0.16832664985089313,-0.22982769600395925,0.10462122878597199,-0.01574674840196347,0.3835377354111968,-0.23277012770828417,-0.1371065953527034,-0.12911108364244825,0.02717155856033583,-0.38581138535880044,0.3165103906685297,-0.22389929647213083,-0.024971972312036923
0.015844021943915848,0.15561033809249283,0.8977641637022084,0.009060608390463645,0.011155350240631742,-0.9717414934268912,0.23560970584650887,0.05664986556103509,0.05265997499164922,0.3419769273652243,-0.236006622725116,0.20410338357911995,-0.45202580848054336,1.0378023171884978,-0.38261969363957093,-0.020981113779734772,0.006425775519521555,-0.1560079853761683,-0.24579869326871384,0.37158545334226334,0.9669980003188006,0.03235176823831751,-0.0540253871913101,0.11044821873425416,0.005454261390829466,-0.16853484792821893,-0.23202805081370137,0.10097270446635473,-0.04345775945853301,0.37224294974853656,-0.22636091813699186,-0.14307530582314482,-0.1316310492582259,0.02936010885570643,-0.3750449955014327,0.3141684157885681,-0.2210526078601985,-0.02498213613725323
0.015807082490471476,0.15542748505447057,0.8978309979776148,0.009752078116937646,0.011760917319129597,-0.9730200909802434,0.2302139881610416,0.05800613611784812,0.05526959246500673,0.3418702259108671,-0.23574183712093502,0.20306613389342443,-0.4541140263359952,1.0406894096738217,-0.3830490450543211,-0.020567385306805012,0.007195448424305516,-0.16140353590448733,-0.2474324001259056,0.37623681654372204,0.9665097201307927,0.03258418369865382,-0.0539666306986431,0.11001526519552024,0.00509137649333455,-0.16874023502645874,-0.23425166546144585,0.09775775268508548,-0.06914190300630997,0.36244166297084357,-0.21993936123613833,-0.1478298879541808,-0.13379078625172977,0.03166294394781538,-0.36435926086468784,0.3116496087125428,-0.21804179857265082,-0.024678365082175246
0.015777294974004877,0.15518112025622519,0.8978864216352317,0.010356678814114239,0.012364921984071834,-0.9742471567780234,0.22490514760273136,0.05919033452178755,0.057777927457059446,0.3418496708593378,-0.23531577945233875,0.20191206315342816,-0.45589079225030926,1.0432314083332213,-0.38309848236440464,-0.020115608087626562,0.007771909580895233,-0.16669645336682334,-0.2489464770402822,0.38046388435970674,0.9663036888484184,0.03343205795253869,-0.05413781776001703,0.10995359627941743,0.004723978602702705,-0.16895360041159377,-0.23674898801729793,0.09476679677597712,-0.09332402277553355,0.35440791582918163,-0.21316360666833734,-0.15167796485055324,-0.13558698682065992,0.03395297938545449,-0.3538350380641152,0.3089259664305316,-0.21499082844352801,-0.02434992654211771
0.015793289820212667,0.1548348363095368,0.8979661613357401,0.010885819400109248,0.01297925916035856,-0.9754190969263047,0.21970576487454418,0.060117198591313724,0.06020992182481714,0.3418992684697092,-0.234772702802153,0.20064044268694384,-0.4575127739215811,1.045570503921589,-0.3827808193361829,-0.019747414898971888,0.008172888635280822,-0.17195619399959602,-0.2503620213242712,0.3843861153953289,0.9663887264674552,0.034879988405185254,-0.05434079805484656,0.11014375901152255,0.004351782263437798,-0.1691883338314826,-0.2393555041147351,0.09205066515197492,-0.11609498537336274,0.34762318549948584,-0.20571242826627043,-0.15516432509889322,-0.13701964851092824,0.03625880166496342,-0.34354535770860734,0.30592751858761397,-0.21189906807999476,-0.024140377640351016
0.01571462555279635,0.15438732229476443,0.8980739261462286,0.011355834340965727,0.013566167198203787,-0.9765557958344366,0.21453620150487598,0.06094735177882865,0.06248909161229475,0.34198163232593387,-0.23398104245091486,0.1994177527919349,-0.4590945618395531,1.0476096305907152,-0.38222609074020225,-0.01922357400799904,0.008460550910800791,-0.17700030943901152,-0.25149961290057005,0.38804261251855154,0.966604920021269,0.036625480977279676,-0.054333219662802,0.11048199813403145,0.003978072835765215,-0.169434430256394,-0.2419050279028193,0.08967554479861357,-0.13612908292020812,0.34226254656032473,-0.19825089555165679,-0.1576404814395783,-0.13820085432971874,0.03847450086012132,-0.3333043383016773,0.3029044714614439,-0.20873347435063205,-0.023864067482837772
0.015723785266183777,0.153830525442886,0.8991242628854116,0.01147391602130304,0.01415217370476358,-0.9777136788222756,0.20915072907924198,0.062073727918147546,0.06510299135797841,0.34337498633591806,-0.23467548135332364,0.19731361546492462,-0.46089465352242814,1.05082109437465,-0.3817087761384624,-0.017306727510734886,0.008475511320738696,-0.18325762485330097,-0.2523718866630565,0.3917302199334959,0.9677229869006069,0.03824275553623593,-0.05272410662752154,0.11032836782124571,0.003619432312135887,-0.17040165003519953,-0.24550797094642451,0.08808299263128236,-0.15790755294975722,0.33422228905292334,-0.20207436568339623,-0.15034773299563325,-0.1377945228292599,0.041056347409375984,-0.3225902201411933,0.29784392918100344,-0.20387317840526162,-0.023421684395025823
0.01578834708971687,0.1532653559300695,0.8999094836551783,0.012008034148550667,0.015084573185740708,-0.9788342597139656,0.2037443367995877,0.06324199022323672,0.06832172383438997,0.34225814826703527,-0.23327631180231728,0.19551504946806564,-0.4626118587382625,1.0525424916288806,-0.3812184170739541,-0.016437713945927693,0.009108176330422876,-0.186935117359606,-0.253716399022877,0.39486021603243077,0.9672801468748442,0.039299182773639876,-0.05252793991529454,0.11018667247392824,0.0032465559272123125,-0.1700947673428386,-0.2469379237279824,0.084020300518855,-0.17759355288296438,0.3259491668136946,-0.1869723474413012,-0.15871686990815617,-0.13834229545481094,0.04401743246294713,-0.31178494226863596,0.2928365517294282,-0.19924952120848893,-0.022444140964247798
0.01574017893367702,0.15270900087537131,0.9006018746781209,0.012594910841206786,0.015450113634088903,-0.9798852293561043,0.19856384237652752,0.063932405699147,0.07012841077693349,0.34144345447502267,-0.23184855689903197,0.19423217474781412,-0.4642657341746486,1.0537716469761886,-0.3807253273429169,-0.0155945500744757,0.010336760142925162,-0.19041478927153788,-0.2544112943211664,0.39784297581872874,0.9667518598816167,0.03993611651354841,-0.05246987263776037,0.11010064636715254,0.002934125527595034,-0.16991667613467035,-0.2480204600985315,0.08390449772039277,-0.17871492251288734,0.3252598487641931,-0.17744685860545373,-0.15653872177109215,-0.1392837605677924,0.045525706444984514,-0.3012301649982344,0.28927142021132596,-0.19550496491276537,-0.020950369383857
0.01558914897878321,0.1519892929725482,0.901145633149896,0.013122343901788677,0.01577423924948976,-0.9809245801527005,0.19330273024163644,0.06471324905019078,0.07180557030495605,0.3405952099757664,-0.2301257773964892,0.1929277977511045,-0.4658152414559664,1.0545667140532964,-0.38028708698301494,-0.014964910834148163,0.011656041181587654,-0.19347996468257805,-0.2550464874696883,0.4005799151210154,0.9661048949134218,0.04028173541646719,-0.05240135074038788,0.10995653682729482,0.0026349561619864416,-0.16970324427592745,-0.2492008527698454,0.08392163622341012,-0.17691995634666893,0.3264423562508904,-0.1700622548259197,-0.15307441422141924,-0.14038292163035915,0.04679960940259112,-0.29056482519879817,0.28653250896788895,-0.19223588681655482,-0.019529030739247825
0.015408588311241526,0.15123587095635524,0.9015088225603466,0.01356741950735537,0.01608395982179911,-0.9819562131010147,0.18793410259097745,0.06558537289127851,0.073497494533947,0.3396361056672079,-0.22829907518720904,0.19149212506914604,-0.4669120474254159,1.0551402577502855,-0.3800293389514873,-0.014224885060201297,0.01297592600732973,-0.19627696338095713,-0.25565051380778636,0.4033190115309601,0.9655036726668589,0.0404874014077148,-0.05275178587337728,0.10980267118883712,0.002344100715045357,-0.16937753282453105,-0.2503725146440567,0.08417166941786142,-0.17283144344502271,0.3295077077183077,-0.1655386734451439,-0.148236941060896,-0.14173910423871802,0.04794984907880639,-0.2798162173501549,0.2848441837321134,-0.1896622016103339,-0.018193147333922903
0.015284876756814274,0.15038419419119356,0.9017579222044628,0.013875987571803305,0.016390947938577278,-0.9829847689062526,0.18242734962965995,0.06659725333849986,0.07523906493761245,0.3387999114811197,-0.22640814759684869,0.18990809988705634,-0.4676000890222281,1.0553080406201223,-0.38031692570788556,-0.013408713140678475,0.014022662259904188,-0.19900608101549375,-0.2562552491924074,0.4060271696341472,0.9650632782765691,0.040576158445586055,-0.053265010842591685,0.10949030717993424,0.0020512540302432135,-0.16902929603318073,-0.251660412890178,0.08471601967162536,-0.16579932592543573,0.33531814123224957,-0.16461722166632592,-0.14121114283758696,-0.14331117956668085,0.049012115074425475,-0.26900563879923356,0.2842782871582219,-0.18783557793453434,-0.017157494539787245
0.015065248321472366,0.14947320009835674,0.9017494486692009,0.01411620358504568,0.016723605379507626,-0.9840017597246882,0.1768094756458836,0.06770850301586834,0.07706327422984233,0.33775866788402875,-0.22404025113069612,0.1883430348711994,-0.4678659434410068,1.0548778230485951,-0.3811541897039329,-0.012398639393438124,0.014870760438481572,-0.20116273837417104,-0.2568516084362566,0.4087174693433142,0.9644480770958693,0.040507286434732954,-0.054087947993835615,0.10924564432984522,0.0017638242626667128,-0.16850424933116917,-0.2532769558435299,0.08564137492518453,-0.15581291359502897,0.3438369502919687,-0.16695185445591712,-0.1322776718458671,-0.1452183218805928,0.0500373266354993,-0.25811803296002495,0.2848767088711093,-0.186760307323919,-0.016196510578315584
0.014595985946539188,0.14864902029827393,0.9016802347787571,0.01422238681878634,0.017037773500142243,-0.9849995778482242,0.17112355076421815,0.06884396745669553,0.07888375885190285,0.3368744704674791,-0.2217401367391296,0.1867216105693933,-0.46773220347152483,1.0545289338113089,-0.38190220991171553,-0.010547915701936987,0.01563288299401559,-0.20317630521420763,-0.25712761945000545,0.41149375626986484,0.9641350570922375,0.04045111484847416,-0.0547934035941753,0.10921376946874688,0.0014907759339835788,-0.16801781146505387,-0.25420038570455256,0.08697582323307057,-0.14437363075837245,0.35258779478207225,-0.17074457145486244,-0.12304377254060636,-0.14694036954264791,0.051104379739529936,-0.2471064292162761,0.28591019418758734,-0.18581240500924895,-0.01498949461882577
0.014060872939171607,0.1476670641717524,0.9015782328338083,0.014134246352709089,0.017226144062767863,-0.9859195138481612,0.16572928303161782,0.06935140597132744,0.08047050115662308,0.3365172142663144,-0.21993603262741082,0.18499737092896035,-0.46739948374008844,1.0546221053510125,-0.3816165356117157,-0.009355713022601011,0.01597370199247838,-0.20511391630943046,-0.2573467456768276,0.4136579451931198,0.9638906121537547,0.04070155902115407,-0.05521678160879373,0.10914982448874706,0.0012282157285998503,-0.1678250663078944,-0.2537330083797583,0.08813123450894848,-0.1341710514672575,0.35927457310959326,-0.17414696673111207,-0.11668061959532619,-0.14812792537825253,0.05175950280669675,-0.23716536470950722,0.287122822759342,-0.1851641809442566,-0.01401381073139153
0.013523186295608544,0.1465799263759494,0.9014203679516207,0.014017291679578549,0.017401246059371513,-0.9868751350825088,0.15993179773087648,0.07048987621588798,0.0819742443194439,0.33594492409688564,-0.21800823922075643,0.18313695469896915,-0.46666594338508555,1.0546439077717118,-0.38005660118300594,-0.008115516362312546,0.016767388772213527,-0.2069748746713375,-0.2575869673945344,0.41597387689329435,0.9640455403109143,0.04112919343174906,-0.05575950272019601,0.10899871195911827,0.0009816311642173287,-0.16754508571809595,-0.2519940275519171,0.0897033517886253,-0.12309104954219745,0.36410068625130815,-0.17850417845812358,-0.11209528030374326,-0.14943789897858034,0.05244779258793896,-0.22599381529411955,0.28855310809855267,-0.18458159259575596,-0.012993301787511626
0.012971026202372813,0.1455182898500572,0.9013254426939096,0.013812750598853714,0.01752381481473056,-0.9878195603056424,0.1539955847185213,0.07178583548336324,0.0833516896686692,0.335441108847943,-0.21626063125513248,0.18124651829432922,-0.4655870006991749,1.0547926484883055,-0.3769854906366493,-0.0067092700516130435,0.018049927950116555,-0.208839589647113,-0.25763764837814784,0.4182763813734246,0.964583918785009,0.04177143728668954,-0.056420889232666034,0.10876070586722168,0.0007466627766274564,-0.16727851590609144,-0.24902894762642025,0.09150181436202093,-0.1113333109998903,0.367466216869373,-0.18368621997276227,-0.10891621764294486,-0.1506097977488838,0.05307237190211152,-0.2144826163224565,0.2900923977659342,-0.1840528200261179,-0.01181603834802892
0.012418537172964445,0.14441238767220524,0.9013165435234899,0.013505747281685751,0.017548024865323208,-0.988717587874313,0.1481458505719569,0.07286502759783142,0.0844838316750758,0.3350615178988412,-0.21467133013215955,0.1793564510857991,-0.4642069283158582,1.0550579287484618,-0.37305626357227917,-0.0053945649574042975,0.01956193083472787,-0.21052844312880645,-0.25754694042135295,0.4203073315096085,0.9654135911218341,0.042545314680073935,-0.057140131210443486,0.10842213931889577,0.0005288290281416738,-0.16705679636751472,-0.24507272867945035,0.0932130113063909,-0.09946165931194785,0.3695154252671043,-0.18881767513166783,-0.10683657111030405,-0.15144792990463302,0.05350005035185595,-0.20306188283086854,0.2916117918635726,-0.1836398637628172,-0.010640755445296024
0.011697377174391796,0.14322446541454317,0.9014107446426893,0.013081106119295752,0.01743333306686265,-0.9895393064650055,0.1426075892848287,0.07335237369543032,0.08522807351260371,0.33485384330713724,-0.2131607877626942,0.17758769961040607,-0.4624993694477017,1.055561253092885,-0.3694718264624273,-0.004191347881359057,0.020844981410182744,-0.21180244434397472,-0.2572119455760927,0.42192594239987574,0.9665169749831696,0.0433128858750397,-0.05766907510184226,0.10809290620432356,0.0003334716687492016,-0.16689753424461864,-0.24034003353174446,0.09457005778312867,-0.08806042972083962,0.3704497612779725,-0.19286431673053359,-0.10538925628768325,-0.1517102985522237,0.05363771115955337,-0.19212877308975712,0.2930002260201942,-0.18324560042662522,-0.009560196568860995
0.010844578227185238,0.14196805763772763,0.9015228140149052,0.012558636705746801,0.017116049385654638,-0.9902815249231686,0.13744752778192743,0.07312492005940353,0.0853724336743723,0.33466129439279246,-0.2115423591826935,0.17603331760444102,-0.45992829527793305,1.05612478205184,-0.3673293154495027,-0.0032905286552198185,0.021599137264934024,-0.21254320970300458,-0.2565748108169505,0.4229897707798369,0.96784430405103,0.04387816771302096,-0.05809580986459563,0.10780799120028953,0.00015005839600531955,-0.16670162761892257,-0.23474546322797046,0.09542701294971137,-0.0772141338333214,0.36997829153382195,-0.19559816221927967,-0.10472182781888688,-0.15147103050795224,0.05330830902625734,-0.1817842193263513,0.2944566153755193,-0.1831833975170186,-0.008501971480283328
0.009809580285363734,0.14077310965633955,0.9016192580453576,0.011949001315236294,0.01662607795590298,-0.9909629182981161,0.13256428424524133,0.07231652041963246,0.08495471555487505,0.3344530025975843,-0.209784318677807,0.1748083223636152,-0.45640252137539916,1.0567485135553205,-0.36687040276814686,-0.0024963907570971335,0.02180570493512155,-0.2128497281294033,-0.255519096290852,0.423695933690698,0.9694655826154898,0.04422111796540726,-0.05849873330268662,0.10765628874998459,-2.1716026612281193e-05,-0.16645783111045942,-0.22828604452400042,0.09592815347068807,-0.06667902094704074,0.3681950641815866,-0.1974424880505625,-0.10473515322141408,-0.15086422869449276,0.05261614761878744,-0.17185326784774563,0.29608506561114023,-0.1834147914961567,-0.007237776933590875
0.008716891406313928,0.1395769720484258,0.9016849128149095,0.011300354428893931,0.016078621664645697,-0.9915875736737376,0.12793695185901444,0.07098854099942492,0.08426396711038735,0.3342148097535386,-0.2081268103939815,0.1738593309762436,-0.45278274999812124,1.05748415811255,-0.3678265959751006,-0.0019547140004594846,0.021519162825987672,-0.21291617976834057,-0.25423485014101976,0.4240676865766674,0.9713355209641378,0.044513378992421165,-0.05879449513922173,0.10751099802815653,-0.00015516979523261322,-0.1662196699087361,-0.2216100133628761,0.09616678519515469,-0.05658034236117323,0.3659758298851598,-0.19894188990492565,-0.10503133550153547,-0.15013692686280156,0.05175075942103765,-0.16236695826399844,0.29789390205594657,-0.1838953028567855,-0.006029415629488191
0.007861387386782812,0.13843742632864633,0.9017453599820908,0.010665054533361642,0.015611476372471155,-0.9921585821416772,0.12354710154385698,0.06923091576626848,0.08364530674951098,0.33391154908439313,-0.20702696414751215,0.17322068146733335,-0.45003949299861,1.0584934022447898,-0.36958398766099865,-0.0019010313657344619,0.02100062732522237,-0.21307023352974455,-0.2528291369699929,0.4241676455308311,0.9733883519922765,0.04506181165253318,-0.05909619485873385,0.10716974243987457,-0.00023189778591246608,-0.16605405435604312,-0.21546234522462232,0.09633006671188042,-0.047064895530709576,0.3642059543410183,-0.20079423306304983,-0.10500748665811166,-0.14953447579850726,0.05098188834277933,-0.15335698477236295,0.2997163131225905,-0.18462885515013452,-0.004970666841064127
0.006926783808724661,0.13724609025610776,0.901817944018021,0.009977118467319251,0.015238767629126963,-0.9926745096344111,0.11943849877788704,0.06699891987474227,0.08319678191481665,0.3336744690936642,-0.20626918310937403,0.17287925171096968,-0.4486187906123084,1.0599825802528375,-0.3716598508605422,-0.0021219820927440227,0.020291520051446417,-0.21285676468349127,-0.2512843420784605,0.42385952001504124,0.9754568595690714,0.04623897194427997,-0.05915634337913265,0.10667978507120703,-0.00024573459489749856,-0.16600829222445798,-0.20973564169102568,0.09642655050570298,-0.0382398735946285,0.36313890831738965,-0.20284737717045517,-0.10451951750791173,-0.1488644354197668,0.05031790770919771,-0.14490048155071372,0.3016679159350742,-0.18527857659633623,-0.004267134163431784
0.005916008228980149,0.1360048849049267,0.9019026085831159,0.009252610815974024,0.014912800445896462,-0.9931400993262487,0.11560597167186984,0.06432433754546717,0.08279398891325267,0.333435723591735,-0.20580487899843378,0.17281726772669848,-0.44819679098570137,1.061865376422617,-0.373938614443773,-0.0025552369039809316,0.01941240899302212,-0.212256799998047,-0.24956715619103043,0.4230911804204461,0.9775045283904903,0.04813690158187975,-0.05896375269647439,0.10606750644198058,-0.00021403808873737704,-0.1660304530955123,-0.2042060470263248,0.09641741852998388,-0.03003649617215297,0.36234422417675116,-0.2049298008878694,-0.10384993221210358,-0.14809669827284938,0.0496618558099742,-0.1369679785293396,0.30371715793338083,-0.18592149093259316,-0.0038442688816521355
0.004878067484175326,0.13485399687912306,0.9019734637790979,0.008567690186831364,0.014667625363731965,-0.9935666824224059,0.11196741950757438,0.06138681441116656,0.08245027953963692,0.3331248294476408,-0.20566140037392674,0.1731431488067839,-0.4486096569758113,1.0638942223052958,-0.3762640789807302,-0.003043580800612419,0.018452440601531398,-0.21148483256060505,-0.24769674277165735,0.42228834775483504,0.9795026489557437,0.050512594104755296,-0.05867787584849686,0.10549761858760674,-0.00015407566364213817,-0.16609018502939532,-0.19917513926186364,0.09644676155087152,-0.02235057367150926,0.36205186612221224,-0.20712146383663446,-0.10284922725982253,-0.14732364111401486,0.049156792789552976,-0.12943306822457235,0.3055922664121817,-0.1864674259047462,-0.0033493881038500414
0.004021892036424197,0.1337671833192922,0.9020107824710552,0.008004819003455845,0.014538628810513137,-0.9939653955190483,0.1084312854101305,0.05837366141406769,0.08221416600089826,0.3326938344332162,-0.20589772489158917,0.1737853464694798,-0.4498219233403729,1.0657390744144049,-0.3784283703369666,-0.0037261229242128366,0.017442633215894735,-0.21086929679506813,-0.24590571569840183,0.42180712887297195,0.9814605961102013,0.052873899103513006,-0.058425791489701506,0.1050158892824987,-8.29342743850169e-05,-0.16616850916862888,-0.19500542819225866,0.09660428402614026,-0.015101672209969105,0.36252816124756243,-0.20966554783430366,-0.10169844914069766,-0.14668840408071493,0.04887852636850455,-0.12219432237464509,0.3070079121489037,-0.18693796448236688,-0.002729522286078828
0.0030518196077056886,0.13277658928119468,0.9020030711630153,0.007557575553779493,0.014571157579214256,-0.9943390592053473,0.10497809179621606,0.05523163496773209,0.08219508610686833,0.3322409332608552,-0.20632244686777937,0.17482565243105683,-0.4519446312597101,1.067390139316487,-0.38016768806350587,-0.004220485115777476,0.01629549736518716,-0.21027684440963287,-0.24416388539120915,0.42197186001341785,0.9833131268273861,0.05470619178782519,-0.05808800085132184,0.10491671152336236,-4.4595852325284734e-06,-0.16630770458457675,-0.19180193330860576,0.09704650638791179,-0.008382053436291642,0.3641752617356997,-0.2124535378083838,-0.10023087372086742,-0.14605060057863137,0.04897786311227287,-0.11524566979906854,0.30786901015425505,-0.18696169563776746,-0.0018459267733716249
0.0022910860279030327,0.13183628286130192,0.9019467899075075,0.007229176091646366,0.01474588618277139,-0.9946843810117426,0.10165274233883832,0.05188197888673999,0.08237945096897213,0.33167457312258536,-0.20718709749401173,0.17616597439446616,-0.4550022942950828,1.0688138298144272,-0.38141811415328086,-0.004924568447873062,0.015059718141176813,-0.20990556948999706,-0.24259859329748037,0.4224978013260393,0.985068726272094,0.05586973107609167,-0.05789277635924845,0.10502462516709767,9.338657044602328e-05,-0.16647852700386404,-0.18956742157595544,0.09769479340700982,-0.0022016425997068217,0.3667777789295969,-0.21576613575130604,-0.09863052303350583,-0.14555843559261467,0.04934579649783169,-0.10864408961608982,0.30829385371791757,-0.18693152461134138,-0.0008838915707223968
0.001692319907592036,0.1309620367883137,0.9018372791646043,0.0069752671494399815,0.014999687408046547,-0.9950042837148857,0.09845217323594857,0.048493300920871354,0.08265355981142387,0.33108382793066904,-0.20836476352500516,0.1777969893783031,-0.4586910935138987,1.0699774234107713,-0.38233858316458486,-0.005863832299846694,0.013779090808991083,-0.20952434402304002,-0.2411986289850177,0.42330530290057145,0.9866730663109272,0.05651221190841343,-0.05794816646059983,0.10531978836461993,0.00021193012132034368,-0.16666848683261354,-0.18798053993752026,0.09843558541789782,0.0036474958217142684,0.3699762827284026,-0.21938504647748322,-0.09686629020598299,-0.1451720421374822,0.04983772799671299,-0.10231784441392111,0.30848505518603736,-0.18695044627871762,0.0002042063499877705
0.0011549301181506795,0.12995001687197774,0.901754418168618,0.006739712696555259,0.015250248076738594,-0.9953025027266431,0.09536736481860816,0.045225976131272244,0.08289222365235056,0.3306241236832391,-0.20974822904520352,0.1794533849661472,-0.46280451052194516,1.0709379409354602,-0.38322981539940765,-0.006996670717335817,0.012301607333953708,-0.2090126064410915,-0.2400802584232041,0.42421792210612796,0.9882087964346101,0.056972651526931435,-0.05790502033134519,0.10568462619403661,0.00035346525999475193,-0.16690276361400605,-0.1865379348285609,0.09903418400476019,0.009380348810052463,0.3731813658838644,-0.22284341512976033,-0.09525057919774764,-0.1447477948502476,0.05020791348664313,-0.09621432357093702,0.3085370374545048,-0.1869365898095082,0.001087620860702985
0.0005125197772708831,0.12893501419154763,0.9016826480907656,0.006538595258163683,0.015496454477756645,-0.9955764397780006,0.0924373259545564,0.04202251765570493,0.0831254932064649,0.3302715366361108,-0.21130998481715788,0.18124446231967037,-0.4672990064407448,1.0717431348752935,-0.38440254307674143,-0.007904361550900501,0.010526035219482558,-0.20821723029691755,-0.23915165932051152,0.42535485320067035,0.9894693561999173,0.05754767909922303,-0.057821227538478175,0.1062541258649689,0.0005238405537174427,-0.16720564818644418,-0.1853218189731328,0.09950875738564768,0.015007788971890174,0.37648361838318994,-0.22589203954151127,-0.09340551414984484,-0.14427397638968698,0.05048540227114041,-0.09035636630632259,0.3084551832165562,-0.1867343932345137,0.002042672048062191
-3.122889752339979e-05,0.1279476106178433,0.9015810322441173,0.006417153463179584,0.015770362360338772,-0.9958276835252005,0.0896512160390805,0.03884900613782476,0.08342937184961205,0.3298751512076641,-0.2131966675117503,0.18312905256237405,-0.4722407091953079,1.0723390878332228,-0.38593981942171973,-0.008714437381949939,0.008503132022714837,-0.20729255085306125,-0.23850388920679738,0.42664482467129944,0.9904028996851165,0.05827640864695462,-0.05795579395863845,0.10694672435446242,0.0007265398218885245,-0.167529350381955,-0.18458938961865812,0.09993904996294378,0.02044999954029809,0.3800759939834376,-0.22890444359318105,-0.09136503539079713,-0.1439226498282164,0.05074185411186668,-0.08476150846678841,0.3082292121052146,-0.18656170801398733,0.003081494345081196
-0.0006519628088328976,0.126890324532471,0.901443788502842,0.00630832930767589,0.016055496322231397,-0.9960651275898732,0.08692921038731234,0.03586737455083282,0.0837601550214044,0.32947829363802894,-0.21514097802113744,0.18498313667791735,-0.4774301789940099,1.0727631709865657,-0.3877434347329202,-0.009452923337667559,0.006313257024547783,-0.20607316425958697,-0.23813124693220764,0.4280070022270466,0.991186570744007,0.059130993998760005,-0.058101510104441687,0.10772829348676499,0.0009506472601136838,-0.16780005265195874,-0.18389967732978682,0.10034686200870732,0.025808918261203035,0.38368467629133807,-0.23182294497700187,-0.08942430850486524,-0.1435324043167928,0.0509700592182318,-0.07929785330901122,0.30796644741342577,-0.18633647400918713,0.004026781300981798
-0.0012387350789953328,0.1258128025062304,0.9013116267107663,0.0061716957993891135,0.0163363225153003,-0.9962962073619437,0.08419561707026017,0.03324067925304263,0.08407032468764127,0.32906972916741395,-0.21717899283097708,0.18675530235769905,-0.48251055229308715,1.0730615977674771,-0.3896508867923372,-0.010219577475147386,0.00426077426477303,-0.20475141103145142,-0.23788779048580524,0.4293778067581183,0.992077147206715,0.06005625435171279,-0.05820133554440983,0.10844223344398501,0.001185432771446184,-0.16793754891533885,-0.18279314776006497,0.10077513293743011,0.031247576747981655,0.3866853535004451,-0.234765355854023,-0.08776617933977322,-0.14302136919744143,0.051198899768877586,-0.07380567100555092,0.3076056262526848,-0.18618218269115108,0.004888684247716172
-0.001965928528218085,0.1249100261751523,0.9012120767739857,0.005970688209482681,0.0166490439259125,-0.996518385396774,0.08147556556946417,0.030965366862561232,0.08439928170796031,0.32872644130641815,-0.21928449654122445,0.18856706586924754,-0.48749238046385646,1.073393685001459,-0.3916053150175667,-0.010735368584933217,0.0025465718892872385,-0.20327627600205267,-0.2375676842016235,0.43102897447816785,0.9931773683360142,0.0610374994236493,-0.05813868539870624,0.10915129159283729,0.001431447240724856,-0.16792560095984493,-0.1812295932117284,0.10139632466710781,0.03674833493733192,0.3891828499844473,-0.23759196258841556,-0.08614891074448508,-0.14219693283334248,0.051608369685713466,-0.0682723373060773,0.3069991923484638,-0.18584560705198072,0.005925725237738225
-0.00275316341715034,0.12395911313424694,0.9010950703149098,0.005743252592016439,0.016978977951764906,-0.9967305063586501,0.07878468792478668,0.028976093308661133,0.08473264635903568,0.32837239304394544,-0.2214230232735954,0.19023930489651725,-0.4926086089291173,1.0736359156557156,-0.39360008572886396,-0.011342910237267516,0.0011133598971285034,-0.20167272364646593,-0.2374339346845548,0.4327940473044399,0.9944186686451323,0.062074510592562894,-0.0578074809434254,0.1097062211851098,0.0016920898224068498,-0.16777485384880053,-0.17948639267187694,0.10205744385674333,0.04224765517538172,0.3914984736711205,-0.24036764204915226,-0.08484682742418816,-0.14121522211071597,0.05205379271467801,-0.06277721739879699,0.30627542842121724,-0.18545233420103335,0.006786769926375316
-0.003423692398621503,0.12291048276669975,0.901009479805814,0.005484918867089368,0.017248854692411737,-0.9969403880088064,0.0760411430323849,0.027321227761514418,0.08496297355642592,0.3280161250201309,-0.22365333697074644,0.1916550347227562,-0.4975189301462877,1.0738008000575658,-0.3955605331080596,-0.01209787762374175,3.3360986489466794e-05,-0.20012706370381012,-0.23740676837272615,0.43439835029175194,0.9959230725708726,0.06315699638554188,-0.05734589154672721,0.11000093072408434,0.0019535477756735834,-0.16756159340800125,-0.17718017880559142,0.10254758096292714,0.047935569544691116,0.392933867795116,-0.2430705989766978,-0.08381321347650272,-0.14016663611018107,0.052326495385669684,-0.05718950024432165,0.3055112856425673,-0.18519257433252403,0.007554150260602508
-0.004161993450738904,0.1218248252367634,0.900980899807251,0.0051480571252199795,0.017368847026108684,-0.9971562110075298,0.07315265893954398,0.026091559156587098,0.0849139990981805,0.32780412543972004,-0.2256512149114662,0.19293239678616542,-0.5018825494224426,1.0736895351522722,-0.39734365029302193,-0.01266094191125455,-0.0006659890419429768,-0.19843680573609032,-0.2373092649388224,0.43561576970096294,0.9976841005221453,0.06427766517632894,-0.05688487404991592,0.11025218290192307,0.002200575143218184,-0.16739599115456394,-0.17379433020135276,0.10268833511292362,0.05406624946662541,0.3929494445961518,-0.2453534144410301,-0.08264670187003965,-0.13897794426765844,0.05226091340334876,-0.051300380564557546,0.304885396299305,-0.18497548065142225,0.008596059739235615
-0.005035958494537463,0.12072921008533369,0.9010062153871744,0.004741142584390633,0.017296952133962522,-0.9973810861864472,0.07006643940869338,0.025336424472049937,0.08458676871541705,0.32763767418191847,-0.22744496305281792,0.1938390508488169,-0.5055635474745055,1.0734945599794987,-0.3989369631113338,-0.012620601125675649,-0.0008997463859928643,-0.19656916924944953,-0.23715670827053276,0.4364249843859936,0.9998479361227336,0.06541122091315685,-0.056566153368405855,0.11061966438679179,0.0024412545982727576,-0.16729664207418626,-0.1691952276127004,0.10239133287957533,0.06078220369788323,0.3913823432228288,-0.24712531446427424,-0.0811211872201335,-0.1376449358838259,0.05178053493495763,-0.044969182180989616,0.3043864020026356,-0.18474796251461587,0.010132632836779431
-0.0059440742056565896,0.11954193910939107,0.9010518300419333,0.004275820244367229,0.017069607995280543,-0.9976092400231314,0.06682926054202998,0.025221971994453907,0.08392255155718562,0.32756031865814167,-0.22907469929646657,0.19463606307096196,-0.5090456467485123,1.072780901400318,-0.4003057317661802,-0.012497163594601545,-0.0006841187270693363,-0.19448226580384137,-0.2370765109918254,0.43656811927073047,1.002279134856208,0.06656078591415691,-0.056337653196299464,0.11103036626016408,0.0026889553322746182,-0.16722709496926377,-0.16364725563950783,0.10168779970986595,0.06794803501213355,0.38853412582163016,-0.2485399634782474,-0.07953751521264477,-0.1362340410303662,0.0509336184788133,-0.03831027030203132,0.3040286428571499,-0.18462769754974828,0.011880186541461281
-0.006792903792968927,0.11827664978499373,0.9011285733702283,0.003752589999038905,0.016734696567653307,-0.9978343469438775,0.06350184295099066,0.025150255028957177,0.0831154443327433,0.3274890510417467,-0.2305295572118057,0.19501217711867902,-0.5116409343462,1.071964852063471,-0.4014228488136361,-0.01217002108512589,-6.005924981218418e-05,-0.19256159814540344,-0.23705768817715409,0.43659068379733434,1.0050747700466145,0.06777265710037347,-0.05620070573035467,0.1113675692980183,0.0028964023202113125,-0.1671497611289917,-0.15721773666276928,0.1006549518858059,0.07541931862979853,0.38435873670354503,-0.24965560149730354,-0.07815401547244069,-0.13483080665639086,0.04982436203584001,-0.03148921224564597,0.30392532912274883,-0.1847583513864456,0.01360681871360305
-0.007784995727380989,0.11703618966416365,0.9012646154389418,0.003116229594112039,0.016328185019535,-0.9980506853728693,0.06015404320433983,0.025153634769753293,0.08213042963249903,0.32761193951419937,-0.23166874279932226,0.19526634354427166,-0.5134783415244373,1.0708291090108477,-0.4021600191634752,-0.011635008024578588,0.0007604249857054202,-0.19058956085806736,-0.23692257840532088,0.43643094320843273,1.0080506339291473,0.06911716199651505,-0.05586693400817973,0.11170480408675443,0.0030848651669587155,-0.1670897860690476,-0.14986975765572638,0.09940932490538013,0.08304792729549794,0.37899742170638456,-0.2502106733885997,-0.0769786658614015,-0.1333131976882043,0.04859210374474225,-0.024653803956118773,0.30418696994469313,-0.18496047751011452,0.015273693674924106
-0.008844281817039994,0.11573624524713609,0.901441552128066,0.0023601003907524364,0.015818163520689016,-0.9982592782005728,0.05676820514556392,0.02539434359469826,0.0808015201943577,0.3278968130466967,-0.23237220439477296,0.19556843301328686,-0.5146075393260965,1.0689692832491815,-0.4023214611044991,-0.011254716181927756,0.001676045524776789,-0.18856008739302604,-0.23665975243638462,0.4358561652819042,1.011138757850946,0.07065562631266498,-0.055235821347065554,0.1119016643291056,0.003251401436159596,-0.167012766446581,-0.1414954040151267,0.09785279263088068,0.09089351166630763,0.372265724384209,-0.25025530970021354,-0.07633272965573477,-0.1317647520286796,0.04714619215676307,-0.017813416775976806,0.305001924770726,-0.18544547914386572,0.01661206839565012
-0.010027553689992016,0.11446174339864913,0.9017095132711307,0.0015028941028024918,0.015193101218950395,-0.9984605324153925,0.05332425520752004,0.025579430875043097,0.07921858047640742,0.3283285127486506,-0.2326240023660949,0.1957508633072799,-0.5145916933383596,1.0667490224868605,-0.4019222716630651,-0.01062914623907354,0.0026631805736929545,-0.18665649953928465,-0.23625954766070506,0.4353442623798203,1.0144512414247022,0.07239965039350896,-0.05444320039212716,0.1120360421215427,0.0033695155171111274,-0.16692739495827214,-0.13206493433070743,0.09596969479151103,0.0990008153790301,0.36407059339087666,-0.24967063432390588,-0.07594225666059745,-0.1301115483594687,0.04549383234026711,-0.010885490722249862,0.30616657742610254,-0.1860518427541812,0.017876562823107785
-0.011183376134717022,0.11317071739791333,0.901993300566958,0.0006149411421785409,0.014511280013196003,-0.998650103910853,0.04986997652507888,0.02569606680147806,0.07744195473114741,0.3287674402747458,-0.23250101918283397,0.1959353434696291,-0.5138111293428166,1.0639714095289208,-0.40107373182561473,-0.01012380867615878,0.0036830734413266565,-0.18487847445428177,-0.23577671098606132,0.4346481122996365,1.017856864754439,0.0743480911025818,-0.05361094687670297,0.11203329702259227,0.0034621639228013435,-0.16680553981495294,-0.12205710757476027,0.09381496092197526,0.10714381331567792,0.35484522882512604,-0.248696339400978,-0.07575889382193755,-0.12852395541653114,0.043710755548567175,-0.003958238664856488,0.3075921023977706,-0.18687123950122947,0.019096408900248697
-0.01226673919423553,0.11196047003407118,0.9022835553959758,-0.0002643068869798538,0.013834529490824083,-0.998824098791849,0.046464562930117956,0.025533590571659683,0.0755359834578588,0.3291850215557811,-0.23206013444141602,0.19628535593562124,-0.51241921784467,1.0607696842495824,-0.3999510660459334,-0.009760967437126466,0.0046535505516010905,-0.1834322647022348,-0.23496098790019812,0.43383532148891824,1.0214675195932126,0.07653863803681714,-0.05271612673284212,0.11190789972459723,0.003514913069807838,-0.1666747869804788,-0.11180679246820467,0.09151711431005555,0.11510066531463739,0.34490076788080154,-0.2474184709723068,-0.07546450320716894,-0.1270303852652599,0.041935455282985735,0.002883999599967102,0.3090967427823202,-0.1878237661913585,0.020560903860662498
-0.01350035989454253,0.11075196338651093,0.9025867221659196,-0.0011668179453547863,0.013130253548415263,-0.9989846760350923,0.043079601027604414,0.02515437374338754,0.07353751495076083,0.3296603697402456,-0.2311098163019709,0.1966244296359967,-0.5103260002955419,1.057165659949431,-0.3986852154930789,-0.009337052273279887,0.005313555535738549,-0.18203542448495588,-0.23396794732024254,0.43288682702748543,1.025153314279024,0.0790883525182636,-0.05159634319859843,0.11177393942928841,0.003535320195134453,-0.1665348378682885,-0.10098818283354613,0.0889487932587026,0.12287971628746303,0.3339723820103601,-0.24553888412055005,-0.07497450038078662,-0.12550078579036963,0.040070802380206744,0.00969600012651126,0.31073715084130493,-0.18872803159370383,0.02234054188807607
-0.01460147044021088,0.10948043301398207,0.9028424745809233,-0.00206900366762963,0.012377743491880427,-0.999133086044446,0.039693665252452194,0.024691528663295877,0.0714970386803917,0.33012670531773775,-0.22990049667000337,0.19685927615648155,-0.507522016863458,1.0530295878775635,-0.3972972408714902,-0.009126399789026367,0.005727990309120046,-0.1806392359415103,-0.2331380172628494,0.4316240140295068,1.0285425504350045,0.08201030016786341,-0.05064292696970783,0.11153747772404836,0.0035520717126438315,-0.16633932488197206,-0.08972538017373431,0.08605743405355175,0.13054317407086016,0.3220593623398892,-0.24340710611865388,-0.07463693186726734,-0.12414611371843483,0.03805222142601901,0.016477791974086095,0.312661816298647,-0.19000327799481284,0.02419142678601498
-0.015792633799019743,0.10822880478972345,0.9031771215633928,-0.0029887366569980723,0.011671010168025985,-0.9992646606017854,0.03640045394292462,0.024009650849171456,0.06956028519207431,0.33078260903453527,-0.22861445604261685,0.1970398003379617,-0.5045941203174158,1.0488496700688041,-0.39575874492348384,-0.008845553612970276,0.005882059434995369,-0.17918882965875751,-0.23233900420272838,0.43017185048606693,1.0316719351887147,0.08506676952677626,-0.04948204517234958,0.11135609187473071,0.0035763016822422146,-0.1662311936487101,-0.07839291174027169,0.08313875763825643,0.13793614447751443,0.30989293060552825,-0.24087891410014448,-0.07438782852245303,-0.12268699251181776,0.036130631549944385,0.023070728120400973,0.3144627396365102,-0.19105939657097953,0.026019855006778267
-0.016884450387969405,0.10703448694623684,0.903476391334742,-0.003823153590860538,0.011121730242283072,-0.9993766069097294,0.03328795840291593,0.022814465925630502,0.06765764285589275,0.33125314448988946,-0.2273518046393994,0.19738919286888693,-0.5018102927921478,1.0447693793316926,-0.3940511332069792,-0.008865518542730762,0.006028981634702246,-0.17823744216176635,-0.2310823914036197,0.42863502424655403,1.0349936269844302,0.08795848299787848,-0.048060306820134464,0.11113475869190466,0.0035657733816601145,-0.16616301967222669,-0.06791690908917807,0.08053339957228621,0.1449001405686373,0.2985822858079236,-0.23856380669555405,-0.07439851077988932,-0.12137496690914278,0.03454395531223982,0.02929357161928907,0.3160276084849961,-0.19196856893311312,0.027606502807154397
-0.017933790470499172,0.10600815761545787,0.9037751002583745,-0.0046092956412272165,0.010790360318342464,-0.9994698876648221,0.03036883549231265,0.021318856336356856,0.06618218176383682,0.33173485869804353,-0.2263913882498596,0.197806757440236,-0.4996709878169727,1.0410259963771582,-0.3919049951286555,-0.008938327255943861,0.006378536995127888,-0.1771990008030719,-0.22978235199084399,0.4268485677050445,1.037715441289559,0.09032921901074195,-0.046924974874021065,0.11113741423984075,0.0036092231719524674,-0.16620307748816301,-0.0581278716974757,0.07842590410904075,0.15147606902363403,0.28799787689437795,-0.23646983694148416,-0.07460130584399889,-0.12007261180634379,0.033467994242206714,0.03512600305167707,0.31727025956620275,-0.1926183539518309,0.02903707334133596
-0.018962949139974105,0.10499006536151943,0.9040534994350916,-0.005354468721499089,0.010632139212201271,-0.9995482884589489,0.027595403951884003,0.01946807985586694,0.06511705614530373,0.33226899216671724,-0.22544818369582217,0.1981402576551154,-0.4979161270577252,1.0373304957210012,-0.38920934104044813,-0.00920426629715458,0.006922499321745882,-0.17587824277240863,-0.22884990447543863,0.4248328560001194,1.0395203522945862,0.09204092122561552,-0.04621251514008223,0.11139604533088816,0.0036762910481083796,-0.1663166331756813,-0.04885775284606214,0.07665291256234451,0.15770920660939333,0.2779718872885652,-0.23453765147069655,-0.0751444872838589,-0.11879336252803034,0.03274193863306381,0.04063390772829913,0.31830073772811535,-0.1930614679302002,0.030184026187424443
-0.019830296820766414,0.10399733813442295,0.9043078466593611,-0.0059893524206135985,0.010581021152767383,-0.9996130585358681,0.025018050553799104,0.017513430007808615,0.0639751561857551,0.3325696893400042,-0.2249188283651791,0.19853134086761287,-0.49680223718319405,1.03411449923111,-0.3863126386285614,-0.009835163208473113,0.007627471944810544,-0.17494747414414927,-0.22742414965452873,0.4223568245389389,1.0415940709779377,0.0932402261984943,-0.04534824158773387,0.11167265544304077,0.0037453486453651458,-0.1664401055393336,-0.04070673701118373,0.07513419388543818,0.16346579421932161,0.26918216135745965,-0.23297239067614628,-0.07579222578147458,-0.1177148148219208,0.03221313771079508,0.04574679749268107,0.3190875093546501,-0.19338032532583946,0.03115426425639123
-0.020410888469550283,0.10318460371795737,0.9045131430882408,-0.006461985657820624,0.010581177350436625,-0.9996656460625484,0.02269091248899864,0.015203583563716795,0.06296088853991812,0.3329696302978014,-0.22500933742282125,0.1989792036405214,-0.4961555512826093,1.031411794853388,-0.3837395710045109,-0.010538558706733843,0.008512509000168096,-0.17387299723800653,-0.22629346393146652,0.42011072897701895,1.042409381737247,0.0938621079393043,-0.04516696090737009,0.11199741076206954,0.003857559601266111,-0.16659107633256953,-0.03433783094773912,0.07388091656392133,0.16862581023155487,0.26250997636705614,-0.23212591688982895,-0.07601209127889451,-0.11697091504657417,0.03179882726502031,0.0504117219623305,0.31959753532278307,-0.19366515555811406,0.032316734028456195
-0.02095046021469016,0.10235806367948855,0.9047419168689628,-0.006757932881441352,0.010647529860930363,-0.9997083716858693,0.02059446605807426,0.012824172283722821,0.06193827055460976,0.33342643373740055,-0.22573727392656437,0.1992913257689099,-0.4965421580171888,1.029505093566418,-0.38193485649155434,-0.011211427643999416,0.009241646926672734,-0.17261366382832666,-0.22528960814897775,0.4177326339949865,1.0424228938934725,0.09389237204736753,-0.04468146095984186,0.11224780737282224,0.004019148278639035,-0.16682749456247467,-0.030151107032595624,0.0729498093481134,0.17315249045626133,0.2588134422068841,-0.2318918914106145,-0.07589712194746952,-0.11645018271251047,0.03145808898280698,0.05464855403596175,0.3196451940513402,-0.1934114588754352,0.03345735972666098
-0.02138200740408377,0.1015262836687829,0.9049591279806464,-0.0068765010091704215,0.01080257594686359,-0.9997427639257305,0.018719617114761028,0.010539104872919036,0.06082867996952281,0.3336499413906708,-0.2271554372281968,0.19955403132641625,-0.4980907632981006,1.0284453199052095,-0.3809433364169614,-0.01192146381452234,0.009823475170218761,-0.1713521581625696,-0.22399355628690876,0.4149080356638693,1.0420390559338626,0.09340552395783587,-0.04370373700737462,0.11229986434286,0.0042231883340632815,-0.16707729193631998,-0.02788844550110377,0.07236958202668783,0.1771020383564829,0.2576191342203924,-0.23233651662746205,-0.07556190849564534,-0.11620840242299783,0.031244130406200825,0.05845875397331507,0.31931975035080934,-0.19278810813356298,0.03452891567685135
-0.021653031722801776,0.10076878642329973,0.9051586249824998,-0.006893260859676808,0.010993197429465506,-0.9997702536557366,0.01706084611443136,0.008036670508915392,0.05968254973046817,0.33383325586010615,-0.22905897088386323,0.19983436864961393,-0.5003117455177691,1.0281736606403433,-0.38068528722776,-0.01289848720297418,0.010812892558974177,-0.17001597451814363,-0.22252454884785144,0.4117742489449862,1.0407821589767337,0.09183258154026971,-0.04241702401162191,0.1122512911197942,0.004435789076406589,-0.167311050790271,-0.02677466677463415,0.07199201974074554,0.18071813943793938,0.2577977436729533,-0.23332221451326604,-0.07486196311164596,-0.11613400131639162,0.03111060429010294,0.06200421586587588,0.31878442464675955,-0.19203603531040153,0.03569168280090909
-0.021820182475580475,0.10002094204070636,0.9053659156242593,-0.00683064924997674,0.01115625124602926,-0.9997890170120387,0.015836721600754097,0.004855946488811811,0.05845696227135062,0.33380654616988564,-0.2310594301356802,0.19993442379894966,-0.5023904882159015,1.0285621810177181,-0.3814259218273587,-0.013779239363360432,0.011337988880441453,-0.1684756135932685,-0.2211389402937372,0.40890827714854505,1.0393386211425264,0.09019546684329338,-0.04185273938095141,0.11200441619808744,0.0046580023514520485,-0.1672780595501058,-0.026225065327714518,0.07152555504194578,0.18324348361001866,0.2582201538328617,-0.2342591403948342,-0.07396481615754961,-0.11614090905740904,0.030820127969929858,0.06451026180862347,0.3182726309625274,-0.19153356947374692,0.036543561984449316
-0.02202024681908185,0.09921468259571423,0.9055680131548226,-0.006728044138210674,0.01126001437248533,-0.9998005960027939,0.015057016001283008,0.0009278736366466114,0.05709109931010704,0.33376730315818953,-0.23291757887596143,0.19994279757168268,-0.5042653764467826,1.0292457750665487,-0.38230796253494437,-0.014365861254675481,0.01125268912640803,-0.16679694981316803,-0.219858317373371,0.40619652456519395,1.037829668085188,0.08918530063185137,-0.041631518745276506,0.11176615122815102,0.004885755449523067,-0.16708137271647164,-0.02589806342078679,0.07084994078427294,0.1847837676045788,0.2584339534452717,-0.2347788889822146,-0.07291798697866843,-0.11615025367075205,0.03031521445641183,0.06605449126275487,0.31788354209479436,-0.1911780212650671,0.03695223383559995
-0.022180161815725994,0.09852413599538028,0.9057116515187928,-0.006498654308256295,0.011340313327317135,-0.9998070122164185,0.014666393854569823,-0.0035565750819134623,0.055644395428561505,0.33345395878944784,-0.23498227969226704,0.20002627363107686,-0.5065212839024508,1.0309004972525362,-0.3850429408202399,-0.015253982032655298,0.011158076318973009,-0.16435966343249292,-0.2184873190423508,0.40281036970137446,1.0351316670521822,0.08681660250818711,-0.04117544794033223,0.1115230185486583,0.005162927882379145,-0.1665707640575925,-0.026318899719662718,0.07017469831070464,0.18565373168085836,0.2591012161051163,-0.2353629646217345,-0.07112230058909454,-0.1163875468313244,0.029756631107198086,0.06697882731633574,0.31757159865976864,-0.19087635290077823,0.03747378406423374
-0.022330143947904023,0.09793374131446567,0.9058135016855066,-0.006337155408653259,0.011414605880995334,-0.9998102899775712,0.014454455675401524,-0.007957007267166662,0.05402338706601289,0.33331227501642036,-0.23717096949921554,0.20014024713869616,-0.5088963153059063,1.0325749734149778,-0.3867716982885933,-0.015519819455154363,0.010949522051672277,-0.16231522231427611,-0.21685679689594334,0.39977718723832095,1.0332065363024145,0.08557155110569317,-0.04103019095430797,0.11129697503523733,0.005445456842171652,-0.16616920137056243,-0.02691911253607309,0.06955772020095961,0.1860897504737512,0.2601706499448486,-0.23599033586494528,-0.06940642565618471,-0.11646970171197069,0.029193105359519408,0.06748489409765727,0.3173073035614615,-0.19073167984245343,0.03797493697354532
-0.02245508129600505,0.09724798897968241,0.905905494379206,-0.006221374581546588,0.01150249353172613,-0.9998119572902526,0.014319120095232054,-0.012209239486605405,0.05242320897525633,0.33316790775455124,-0.23950691286734813,0.20006352248465692,-0.5118212035733645,1.0347725461119253,-0.38885944714510157,-0.015941783412272512,0.010779976328938096,-0.15997065351574838,-0.2152803746670405,0.39649909374228665,1.0309966417597194,0.08404792038358996,-0.04084679314587502,0.11086705237169693,0.005757882079079913,-0.16568164085661438,-0.02774842918049971,0.06901110432570447,0.18630810452030036,0.2618302477799793,-0.23691992925632743,-0.06792896131281995,-0.11636355481816467,0.028611575108874934,0.06782133000742702,0.31692428751009916,-0.1906337791340867,0.038366616810553
-0.02257963268232566,0.0965682680475192,0.9059502166380142,-0.006164352481913203,0.011630964002408857,-0.9998115951001749,0.014265193237257515,-0.016185175778258763,0.05086918402230116,0.3330276590424491,-0.24192897803536087,0.19992266615659463,-0.5152298128635904,1.0373736935738216,-0.3910286580259683,-0.01652583512092345,0.01084566318498054,-0.15715182924772328,-0.21371338194305514,0.39314019958514007,1.0284822952836692,0.08237969012556882,-0.04092210506652264,0.11033114142239894,0.006101901844263077,-0.16511326154546588,-0.02887390989479421,0.06865662509437338,0.18627616397093075,0.26428401821254405,-0.2382720415647248,-0.06677202418687059,-0.11596592261509188,0.028102630190172173,0.06796265962904499,0.31630781373371175,-0.19059404337732042,0.03877494579819806
-0.022770341710364784,0.09594052533362712,0.9059833461323559,-0.006154611760303133,0.011790607186494472,-0.9998085686536836,0.014350204978506757,-0.020041824292068515,0.04934344407589074,0.33293806089251743,-0.2444453450996445,0.19970027202351281,-0.5191114522880028,1.0404812283740956,-0.393194716891554,-0.01707779841393263,0.011142185605382344,-0.15390897703364917,-0.21209139632517712,0.38973014573440135,1.0257403771163085,0.0806245981305111,-0.041157698014693024,0.10978670299951487,0.0064739075674339905,-0.16448331592064072,-0.030318005492999872,0.06847780916645835,0.18591282430153963,0.2674797581440256,-0.23986495681588169,-0.06571840570080727,-0.11528981063672,0.027656767681258944,0.06782725748226866,0.3154737501537818,-0.19048097718742035,0.03924966548213483
-0.023010086953779173,0.09541909156714647,0.9060131682980608,-0.0061840288495726885,0.01195406690792718,-0.9998047736930096,0.01446625633041495,-0.023723222145050207,0.04788049575490098,0.33287947729051853,-0.24688924969633194,0.19941787475228834,-0.5231939059022698,1.0437285100854445,-0.39525725924714056,-0.01736015744142186,0.011618370609484377,-0.15042356261563633,-0.21050268234633693,0.3866105775735001,1.0228291094872415,0.07878451144652558,-0.04160602782019252,0.10933779582191185,0.006849903592996216,-0.1638117254007205,-0.03167389422591932,0.06835797360441823,0.18549744577839772,0.27069906775330366,-0.2415031977450154,-0.06456058512285025,-0.11449309794304409,0.027247557015615972,0.06763466459427372,0.31464444001636754,-0.1903852498696738,0.03995896500122036
-0.023259370614827385,0.09482905518588829,0.9060065800317021,-0.00624953753120998,0.012077186505590067,-0.9998025431257704,0.014489982953610472,-0.02695893535504911,0.04642435256783047,0.33274886382679997,-0.24912861627252797,0.19898916244484033,-0.527492947065273,1.0466734307056489,-0.397096721140768,-0.017552484716199714,0.012126126581477374,-0.14691927986298198,-0.2090246930645303,0.3837986759545796,1.0200844144406136,0.07685581001429269,-0.04204830305968613,0.10887206483869345,0.007215256478183205,-0.16310881171578107,-0.03252851482005076,0.06807205761454367,0.18530747307546427,0.2732391605588509,-0.2429992785226408,-0.06349708051737868,-0.11381782913449288,0.026749606512619057,0.06760170768897678,0.3141941952249028,-0.1904704947700869,0.04066262516092119
-0.023527384062727124,0.09414154679171567,0.9059755358094504,-0.0063647663083698704,0.012153277422785087,-0.9998026898888587,0.014365545194181475,-0.029718666309503105,0.045001770149140294,0.3326153011673997,-0.25108725696848583,0.19844898812219708,-0.5318865674184827,1.049138883569701,-0.3986174127780758,-0.017685494786934135,0.01257416347773182,-0.14352093134041138,-0.20767508984773722,0.381494128785193,1.0175679097059502,0.07471482651061977,-0.04237363899663111,0.10843939591596143,0.0075543673587750056,-0.1623844648694639,-0.032651944767119995,0.06755410855145154,0.18547692918373104,0.2747866001537301,-0.24424730181453705,-0.06247912870913192,-0.11325238600576716,0.026140445440404943,0.06782574723726029,0.3141657349326503,-0.1907654733475774,0.04139584314649533
-0.023707302757137123,0.09358758735202961,0.9059514857101665,-0.006476746873222231,0.01220845200858241,-0.9998040640940853,0.014171763138125699,-0.03227325619155448,0.04373460345267581,0.33240007844935476,-0.2529582537582353,0.19790698066902682,-0.5365684742178304,1.0515368087535437,-0.4004588249244179,-0.017579824729412958,0.013614386715376214,-0.1397220221389362,-0.2065804029623849,0.3798233667485609,1.014380720951424,0.07060457897384219,-0.04304969053446903,0.10811651720328173,0.007856684834354182,-0.16144265737816066,-0.032421972668896924,0.0669696076992784,0.18588823871078416,0.27569171952882754,-0.24552211195170384,-0.061072900756038634,-0.11281492985525836,0.02553628329111922,0.06821168457991791,0.3143245460850097,-0.19130496836072558,0.04260677975736036
-0.024014622801963478,0.09288738527719062,0.905889230981501,-0.0067097882317767605,0.012226104311590495,-0.9998058370573396,0.013920822580500041,-0.034363494803932006,0.04238895126953703,0.3324736019275025,-0.2543041490918504,0.19735226527798674,-0.5407105038594768,1.0527419732721863,-0.4010700220955817,-0.017614047041135648,0.013808837707330355,-0.13653955591684627,-0.2054366691352252,0.3785386260455998,1.012398085243524,0.068741471246957,-0.04340462317849167,0.107854645326273,0.008186587740368205,-0.16085304282032842,-0.03160518050483796,0.06623310474132812,0.18641929614491065,0.2760824119957873,-0.24635433980496652,-0.06019605060331202,-0.11228994774852041,0.02484419598448544,0.06867979862574011,0.31486695665695574,-0.19185393966329917,0.043356883789483734
-0.024496741746746452,0.09214165398073064,0.9058324837463463,-0.006976705436957809,0.012233030538703863,-0.9998067006759096,0.013720052063884151,-0.03652129310405005,0.04113116918618523,0.3326314865604849,-0.2554770602592244,0.19672732956254976,-0.5450221940825677,1.053806935731263,-0.40155019621708987,-0.017560576232149367,0.013904994113510543,-0.13334352456649984,-0.20432184593672745,0.37766820916214583,1.0104548293314712,0.06690167149677935,-0.04361751871109672,0.10729223326640364,0.008468941299540898,-0.16028565828306562,-0.030566389779663083,0.06545560094835472,0.1868810447705601,0.2762196920891707,-0.2469302108415882,-0.05944203027280868,-0.11173944151900869,0.024130845694721372,0.0690777962223372,0.3156146973079624,-0.19232360063028506,0.04396877203962216
-0.02465808978246877,0.09160720173601662,0.9057852915863484,-0.007193053133313283,0.01223290605032785,-0.9998070029421402,0.013585759604786063,-0.03876512395580179,0.03994361623259885,0.33264737603560784,-0.256888910168737,0.19622106934306366,-0.549447156642606,1.0546657645198931,-0.4019829519805996,-0.017261243744404714,0.014600651957270686,-0.13031211355183178,-0.20309524482041047,0.37757505093017346,1.008395852310233,0.06424369768252093,-0.044755443073242605,0.10563432932447046,0.008720794995865092,-0.1596366348250394,-0.02963534517402867,0.06474227670006873,0.1873033672151738,0.27601715452635733,-0.24770205537618678,-0.058708254189350155,-0.11152921071622421,0.023497430857884756,0.06940525020493372,0.31657256878547974,-0.19323143276882193,0.04468114396217818
-0.024807264499225035,0.09103627335500275,0.9057564131119968,-0.007453859713595109,0.012222696743287402,-0.9998069617390589,0.013456779622264239,-0.041061702083561774,0.03881846014895309,0.33288391610717694,-0.2577674875682508,0.19575373116702102,-0.553133151706779,1.0545547242332867,-0.40204011069635887,-0.01729983945407679,0.015021494177515601,-0.12768436655723475,-0.2020389152418441,0.3782304004442763,1.0068676458425205,0.06288489286813641,-0.046322557076172714,0.10355622313196179,0.008951346472174252,-0.15918159508553728,-0.02849897283407532,0.06400060558816695,0.18773649512700188,0.2755403747894021,-0.2482649898326183,-0.058378348800171974,-0.1113631575105335,0.022856204626703732,0.06972486256390213,0.317741556295364,-0.19412946665086522,0.04505722623801686
-0.025258637353006347,0.09028710159993483,0.9057442098893101,-0.0077862120157931635,0.012195463142830864,-0.999806280464368,0.013343430038082124,-0.043128497288788384,0.03768899067410057,0.33314595812002407,-0.25820010014612554,0.195110576406209,-0.5565780640067021,1.0541095831327478,-0.40202098872710207,-0.017608461598422113,0.01489573066853818,-0.12519752005852486,-0.20096409493806386,0.3788494988651807,1.0060402977703837,0.06278530402760953,-0.04707544624631621,0.10194578967381539,0.00914721840353607,-0.15886786488219445,-0.026986235546012403,0.06314292522144575,0.18809599345674177,0.27482582525603805,-0.24838057014834308,-0.05832053947153057,-0.11098643894184203,0.022128361421896246,0.06999098043798005,0.31901910163430597,-0.19471278546234866,0.0450868682831506
-0.025615494964896776,0.08972024293367102,0.9057080463624881,-0.008143466400298472,0.012101591891433512,-0.9998051060198795,0.013303586180295637,-0.0451905600697042,0.03650726843955246,0.33330373593777624,-0.25857233248853834,0.19477557664816153,-0.560317631987209,1.053297488505904,-0.4019794974941651,-0.017735206640092604,0.015108006682069389,-0.12236466778673914,-0.19978369533601312,0.3799187481783318,1.0050384157261532,0.06304797659612496,-0.04898324510666075,0.09852228299788193,0.009362287115905423,-0.1584719277262563,-0.02513388775627512,0.06212879430809578,0.1883529260780012,0.27348258354026417,-0.24849851495280215,-0.0578029600295704,-0.11064121515515211,0.021319136589156486,0.07014469299698081,0.3205686969984219,-0.1958356815046819,0.04555062538365879
-0.026004263696913194,0.08907563636737599,0.9056920788579409,-0.008620664604859739,0.011965026380662882,-0.9998034785844091,0.013248641288615791,-0.04669868926265805,0.03519828853968903,0.33334128275533814,-0.25891014203375656,0.19412181092702985,-0.5637728967320352,1.0526591805797945,-0.4021175840336335,-0.017983515390098008,0.015143811287401965,-0.11984210847447907,-0.1984697982459722,0.38076522556192743,1.005081657697749,0.06445342442509078,-0.05026722821696422,0.09627047905051266,0.009555887954106751,-0.15827186740754842,-0.022878091434512336,0.06095662419602825,0.1885702163163288,0.27197314469097544,-0.24856242760364972,-0.057295243661602685,-0.1100239749794733,0.020390045144820956,0.07028775409448736,0.32220884734498423,-0.19695624277301174,0.04595799819568769
-0.026549329083769953,0.08832473326313246,0.9056820532098371,-0.009196135143912404,0.011751501952807285,-0.999801233061775,0.013222241429537325,-0.048035739977765786,0.033768970472404444,0.3334126287080298,-0.25899044844902736,0.19342435016400927,-0.5675444989077965,1.0518278710405293,-0.4023673067754129,-0.018224128486741726,0.015150385263670584,-0.11717198492762004,-0.1971844109704303,0.38197354344539297,1.005547439536936,0.06715501918895193,-0.05175178272020669,0.09322547191286422,0.009738197312532039,-0.15813888113748867,-0.019992221716299968,0.059508497523453135,0.18869961439108746,0.2697711329646606,-0.24825238650478962,-0.05677805191111348,-0.1092337903364184,0.01926651756815006,0.07035713189269249,0.32413461861546056,-0.19821976012224557,0.04632353973554884
-0.02695190712617226,0.08770385538926119,0.9056988277449874,-0.009789818454185487,0.011525922167309762,-0.9997975360992759,0.013274011550503916,-0.0493405176457298,0.03236214143011481,0.33347614065802994,-0.25906702144539884,0.19278548756748848,-0.5710149274091657,1.0508575578117316,-0.4027242391053947,-0.018315319941852034,0.015279159543716557,-0.1146397576343082,-0.19560752830207123,0.3829180424234953,1.0062918350860892,0.07031144481588478,-0.0535206282003658,0.0896768582239523,0.009916681737207233,-0.1580636478665479,-0.017033757216419768,0.058053485300303076,0.18868981235913035,0.26734651008144794,-0.2479833748943975,-0.05605570151527624,-0.10838718249977325,0.018148477917505325,0.07029421534858196,0.3260126021183026,-0.1996883394078766,0.046863864658184
-0.027437571973847337,0.0870672931865537,0.9057204981592384,-0.010379252421223542,0.011334737556182797,-0.9997913259166141,0.013457320149504385,-0.05079835319358289,0.031099484156391948,0.3336513694014377,-0.2588099222565432,0.19207740484071772,-0.5740450755121856,1.0496324174359712,-0.4031657894197548,-0.01850633914732445,0.015308941083914002,-0.11204881379026913,-0.1938888650775129,0.38274611553434723,1.0070538392250905,0.07244366619329769,-0.054972936779611827,0.0859608969414756,0.010083095818870562,-0.15803246260907286,-0.014312307384848297,0.05670411760395071,0.1884079778796892,0.2652671887095657,-0.24765722689789318,-0.055347848633762235,-0.10739729619931117,0.01707682724303627,0.07000147674278465,0.32769310414105296,-0.20096260323305784,0.04725375210233179
-0.027851742753517407,0.08643651876351265,0.9057398191194993,-0.01092408642020955,0.011197470068919711,-0.9997827009213038,0.013777951169923938,-0.05246711595566457,0.030047228086087504,0.3338397874930205,-0.258293409470409,0.19134165559887162,-0.5763793744356435,1.0480990571695246,-0.40376200067378204,-0.018841172957126787,0.0151961838103092,-0.10961062718624426,-0.19202815091665723,0.38131840125547256,1.007797780882506,0.0721215551898164,-0.056047425314288905,0.08217633342952159,0.010225378308749733,-0.15800471120059964,-0.01202606954069405,0.05551520483300138,0.18781968984567873,0.2636505416394963,-0.24751007421535998,-0.05465340583674098,-0.10637595176012227,0.016101210024689637,0.06944234695468028,0.32913333570553327,-0.2021848547043213,0.04740249595978153
-0.028256652072589313,0.08580211732876607,0.9057347870839597,-0.011444883137825025,0.011090963191868052,-0.9997719060827772,0.014217629656427064,-0.05421899904288255,0.029131564699486658,0.3339707795885721,-0.25747586865824534,0.19058490285095456,-0.578200725176996,1.0463076140223762,-0.40454507918516247,-0.019281947507570354,0.01491014409090615,-0.10724856642427931,-0.19006708865489244,0.37893663602535593,1.008652607980373,0.06909613719918613,-0.05675693475036693,0.078345076860145,0.010342193306374377,-0.15797004298581555,-0.009962472382503173,0.05440784722253587,0.18696689239365438,0.26226447817299625,-0.247471174938925,-0.053946980827085746,-0.10532085419978199,0.015171464960498484,0.06865279814352448,0.3304779810036384,-0.20339434490167357,0.04737826133667098
-0.028647858504714217,0.08523910095806021,0.9057476858896862,-0.011949979067568854,0.011009238273656007,-0.9997585891187396,0.014790475185892138,-0.056003902093993495,0.02829453219265719,0.3340633519624862,-0.25658697906748706,0.18980651700739745,-0.5797258953838101,1.0445891958028521,-0.4054190092907523,-0.019669402351724086,0.014526216502618159,-0.10498341006551011,-0.18791202927589537,0.3755984334923404,1.009608592770237,0.06402739492714478,-0.057162647540154904,0.07461861556192322,0.010453483686419665,-0.15795006193009092,-0.008192108393814736,0.053422699609045235,0.18586765302018068,0.26123074398679497,-0.24749010783569156,-0.05318007166980494,-0.10416492109155358,0.014291886103862943,0.06763878924070242,0.33161195623460216,-0.20453092548122506,0.047432094602422176
-0.029011192521169626,0.08466153742759282,0.905761582951577,-0.012430325953189028,0.010933153247076517,-0.9997425227190384,0.015519066471445894,-0.0578053408145866,0.0274617108777591,0.334123565294509,-0.2557349471283262,0.1889783471273481,-0.581229482475914,1.0430746426931554,-0.40619554890545095,-0.020212834579225108,0.014144900935016545,-0.1026569398317778,-0.18575142111557033,0.3711060871418161,1.0103397218373755,0.05812140528243252,-0.05745638819229786,0.07115621873897587,0.010578684110447717,-0.15793964252781503,-0.006710509822682424,0.05249028754940786,0.18449200068228208,0.2604748967067985,-0.2475266673008222,-0.052585954207376405,-0.10293040047727055,0.013382150265607684,0.06636401048169899,0.3325326132926251,-0.20559725392982214,0.04755207751464378
-0.029345848763889633,0.08409273432317307,0.9057765627811826,-0.012894544150973884,0.010867327035700893,-0.9997225418470175,0.016446010372578708,-0.059627340530804526,0.026614597518625036,0.3342080485599749,-0.2549521483997993,0.18810730444362297,-0.5825982163614779,1.0418300297573173,-0.4066448922731243,-0.02092874942910476,0.013903093736818549,-0.10011611412407842,-0.18352228016238686,0.3649482030362038,1.0106004460502807,0.05210381895274574,-0.05778042666217418,0.0681346835809465,0.010729488889201536,-0.15794963551313398,-0.00553099063596669,0.05163417552877147,0.1828007483140126,0.26001148690882786,-0.24756186123397958,-0.05220264863929194,-0.10157388895650524,0.01245075525518096,0.06478593041683102,0.33321252922385797,-0.2066034637554818,0.047837473628854876
-0.029719925681625924,0.08353128285871657,0.9057858109523047,-0.013346452987261247,0.01081231867504164,-0.9996984366935157,0.017549975215594787,-0.06145263895012205,0.02577772324596423,0.3343061687068775,-0.2541317704937071,0.18719114570176135,-0.583823323185736,1.0408162094770845,-0.40671907991034095,-0.02173765933054255,0.013785518230120839,-0.09734866095125602,-0.18122642570908792,0.35716226305535,1.0104376184177932,0.046077092661449146,-0.05810700624812761,0.06558901508315977,0.010891961394988927,-0.15797907089110222,-0.004614216953137223,0.05085242808093545,0.18080918127257886,0.2598588687818926,-0.24756922378810048,-0.05196178507827829,-0.1000872496782348,0.011510308920460548,0.06292513990488897,0.3337001566350886,-0.2075068744061305,0.048233834494637945
-0.030015978279627358,0.08294787469378859,0.9058102323264225,-0.013760009313288446,0.010759651609875872,-0.9996714122355822,0.018760586340729295,-0.063233421383048,0.02497330413431597,0.33431655410789235,-0.25347002126776547,0.18625832998799344,-0.5853274245909892,1.0401564025398724,-0.40654793824881824,-0.022610570780625696,0.013741520584214116,-0.0946611289331787,-0.17896386014880034,0.34850221063007536,1.010101252654319,0.04038364048099239,-0.05849169615934598,0.06335581078315737,0.011057209057586951,-0.15801715916787415,-0.003974147903696497,0.05009615758727882,0.17858122669824486,0.2599063300673895,-0.24761681673577549,-0.05183532319287421,-0.0985928746572901,0.01054236269938177,0.06083398363982271,0.3339959631501013,-0.20836978612031645,0.04860958755603819
-0.030259414572410548,0.08241866788819802,0.9058430031320243,-0.014127533238001314,0.010706516861409688,-0.9996426827666283,0.020007250996640635,-0.06492517465509477,0.0242268313883634,0.33419811724033965,-0.2529806252719343,0.18545581034497685,-0.5875231290865751,1.0398840572770516,-0.4063519561093186,-0.02342390003426214,0.013684769802967267,-0.092172677835086,-0.17676531789118533,0.33990668165923144,1.0098108556506789,0.035490464991515334,-0.05895761187867465,0.06131730922381155,0.01121128688291795,-0.15806151169306212,-0.0035740030505422215,0.04937284965742246,0.17621448298920145,0.2601207076836812,-0.24770442385694288,-0.05155871845992741,-0.09715712653836966,0.009578733537511803,0.058598145738230675,0.3341847429034835,-0.2091868568030682,0.049053908976123786
-0.030452442378728763,0.08190382759603212,0.9058634182265073,-0.014435312782995542,0.010649982846089687,-0.9996119741159121,0.021309641346651666,-0.06664627601525819,0.0235767143627151,0.33398754081259896,-0.2526390186608232,0.18479366756268534,-0.5905441616812839,1.0398719817435123,-0.406172300200841,-0.024264146833445126,0.013568187757121337,-0.08988969012594428,-0.17464831702356304,0.33131510812580495,1.0095385734150222,0.03190188917202175,-0.05943154267593222,0.059321241062879164,0.011360767229562082,-0.15814446552780695,-0.003504110955840323,0.048660149994400055,0.1736344571164231,0.2605930443848603,-0.24784765031199774,-0.05112001434770615,-0.09583615030471812,0.008598568012360567,0.05615052979234103,0.3343135986984556,-0.20995581226161322,0.0494663661113613
-0.030608675921515525,0.08144480715863425,0.9058668595324525,-0.014697908129815902,0.010594407757417126,-0.9995783277064533,0.02269133756405801,-0.06839598421634613,0.023004732180498845,0.3337384181114341,-0.2524048635966693,0.18429710228932505,-0.594173365193772,1.0400388975374215,-0.4059790535256215,-0.025140322809015795,0.013412718736115445,-0.08774055834488738,-0.17251896579886059,0.3224665726113443,1.0092180366693697,0.029722552572904244,-0.059850380238253786,0.05738759930553215,0.011508474492402524,-0.15827159591821902,-0.0037595843381955335,0.04799160784825574,0.1708361126452969,0.2613581415494035,-0.24805131523759136,-0.050512971822183686,-0.09457377493474431,0.007620584790676508,0.05349101774936972,0.33436749798927223,-0.21069626600687485,0.04995501841824271
-0.030755642180147785,0.08095054116297817,0.9058716882550776,-0.014944679019572782,0.010538072148529998,-0.9995426532774042,0.024085055191129457,-0.06994529916292123,0.022444436583366558,0.3334536752705622,-0.25228519361030843,0.18388375534096615,-0.5983892822677354,1.0404436438122215,-0.4059488396105518,-0.026160626230733088,0.013102690589189482,-0.08578530703460097,-0.17053309262796443,0.31387622868636444,1.0090100557427781,0.028607856983001643,-0.06007220968202701,0.05549790745543685,0.011644618065867916,-0.15839716326952116,-0.004110777157816353,0.04732472647513816,0.16798194880809383,0.26222816629518975,-0.2482786951537537,-0.049966024568374304,-0.09332446285719258,0.006634882195232326,0.050762454836131586,0.33438046476634764,-0.21139988931466802,0.05037103158706681
-0.03093642459286784,0.08045849626496032,0.9058778497425113,-0.015208437029084242,0.010484313996627912,-0.9995064423300506,0.025409729315286175,-0.07118842099768186,0.02187808543824176,0.33315886420431257,-0.25219350345198766,0.18360588995974722,-0.6029346013316949,1.0410975534686318,-0.4063880157362274,-0.027235806391771783,0.012515485849489966,-0.08404790101063687,-0.16884427599737564,0.30645836389297,1.0089408800448982,0.02789244921335247,-0.060187204036299326,0.05376414894416298,0.011749809300752055,-0.158463372184939,-0.00440780626985801,0.04669133535469836,0.16528852162987123,0.2631861801199437,-0.24855430955489374,-0.04949012870086804,-0.09205406194364171,0.005685833504871381,0.048160697170277565,0.3344298654981008,-0.21209466284074205,0.05080392973063376
-0.03117611040385609,0.07997738812819964,0.9059100488753982,-0.015487897066248745,0.010443508859461563,-0.9994699305651835,0.026663009267392977,-0.07242607121407851,0.021372009762042864,0.33290531946112556,-0.2520022308945598,0.18345789443768576,-0.6075005144423419,1.041975806441395,-0.40771390325455514,-0.028193867154330306,0.011463085718572,-0.0826088637604826,-0.16769570195107641,0.3009492426497889,1.008965442205498,0.02698048565557856,-0.06035634078962447,0.052236988093169116,0.011807511759846543,-0.1584422159365664,-0.004547743067400485,0.046111246593411134,0.1628082990115625,0.2640511794520252,-0.2488074986779941,-0.04911436741203045,-0.09070202970874322,0.004803062677464717,0.04569836457240365,0.3344145452405389,-0.21269742381918957,0.0512789288896874
-0.031378574332398684,0.07948449065486984,0.9059173449015561,-0.01577239765485635,0.010400961191231939,-0.9994324991091267,0.027887832526022546,-0.07240304319221195,0.0206918382166611,0.33249021150466435,-0.25252589736502123,0.18346563467416757,-0.6136700961363233,1.0433749561861612,-0.40995778454155624,-0.02927700494340328,0.01006391492702868,-0.08103960909107122,-0.1663345150384606,0.2953523992792464,1.0093520406482581,0.025863635057354693,-0.060232288438987584,0.05073608200864091,0.011972233802512434,-0.15833668063273879,-0.004701371001104025,0.04555159383147156,0.16042349153796004,0.26498226083682763,-0.24916036955337956,-0.048870586007630515,-0.08937657776124407,0.003937848452474349,0.04327348139953312,0.33444597111703267,-0.21336864430017927,0.051730197451616756
-0.03157937775133482,0.07906092149993502,0.9059101224130092,-0.016070149006676363,0.010345657322507739,-0.9993955802510398,0.029037766101310394,-0.07246934436674608,0.019994943499651842,0.332095853455553,-0.2528892170544648,0.18363208816484905,-0.6195840936342919,1.0450285729949422,-0.4128195931852043,-0.030199160602625525,0.008413696070109843,-0.07990339622760699,-0.16516301701503586,0.29122037753537894,1.0098628867393864,0.02456085624900788,-0.06022068487797368,0.04955628061755324,0.012046683041575263,-0.15821204721099796,-0.004734598923585034,0.044991241105586985,0.15820546314358844,0.2658302602390752,-0.24956722659342293,-0.04853487936316791,-0.0880893196344254,0.0030991543985832717,0.04101587214325006,0.3345827509921934,-0.21412415164183718,0.05230532793894191
-0.031856304958143455,0.07865451562226526,0.9058843175099752,-0.01639507560430804,0.010246748226406158,-0.9993600177083952,0.030095857731393484,-0.07238243348638466,0.019289643319410604,0.33178920244265214,-0.25305920730187387,0.1838694834685711,-0.6250937858682007,1.0467188658886781,-0.41583487460856416,-0.031028550318535294,0.006627828760416638,-0.078952463838665,-0.16431802107666402,0.288210339932017,1.0103656172107922,0.023095942077387466,-0.06016631179397402,0.04893348887275613,0.012093898782604823,-0.15812973198012553,-0.004483732238408136,0.04432396616767115,0.15615014336552027,0.26640073312877766,-0.24986158180911247,-0.04808479266485255,-0.08684751842455389,0.0022102044637493626,0.03898290328033236,0.3349547904380582,-0.21497252343875248,0.05291552587054538
-0.03220673633623914,0.07818036479046404,0.9058057779372909,-0.016750674425782427,0.010076804954539281,-0.9993271946236765,0.03103274067434104,-0.07200010976831298,0.01853067532269732,0.33150692334517257,-0.25308009430393597,0.18419202322414388,-0.6303995745034973,1.0484053492778966,-0.41863508872946337,-0.032021508257796795,0.004806364879431114,-0.07814887593559278,-0.16386270517723367,0.28618711491596116,1.0108470541582466,0.021406128939476046,-0.059899863283529,0.0489701003047303,0.012125968391302767,-0.15807098758552224,-0.003835020355213134,0.043439460574684306,0.15427158072448743,0.2665463881508967,-0.25003305937805775,-0.047603876774761265,-0.08575202415817902,0.0011804493636051482,0.03724452149530383,0.33578925703194823,-0.2160771379865687,0.05345045348559964
-0.03247157118185306,0.07769573456372485,0.9057452873988739,-0.017122876803032625,0.009857913837335825,-0.9992969350158845,0.03186321221442549,-0.07155921752636507,0.017789821849125018,0.3312275539206197,-0.25315118407019127,0.1845062534379285,-0.6352889387328289,1.0503684988634838,-0.421209310238698,-0.03301020190050023,0.003048272619329533,-0.07779933422268609,-0.1637753334266638,0.28547652263118634,1.0114657068768256,0.019442884939589813,-0.05952561471444664,0.04967399874821331,0.01212654615376243,-0.15803134865895477,-0.0028875829181236722,0.042410841864084246,0.15257140242988018,0.26625729867335485,-0.2501721532942063,-0.04709557113588072,-0.08476051100157929,6.865521392715695e-05,0.03574646215429655,0.3368242849734751,-0.2174330456563727,0.05396315517384715
-0.03279353069609851,0.07728013126556263,0.9057094059237167,-0.017510553858383758,0.009634771902723825,-0.9992670982038603,0.03264687000602511,-0.07092481207866563,0.01706963526127745,0.33101478922549105,-0.25320447138995295,0.18485506238736457,-0.6397776365621777,1.0525034473158732,-0.423589192685912,-0.03387846617972567,0.0013830673110174672,-0.077688143220309,-0.16386034802966867,0.2856439287182385,1.012279306491324,0.01741950539646904,-0.05888415564355305,0.0511027518345093,0.012112879356038655,-0.15805072988202523,-0.0017946139612518318,0.04140634380188391,0.15098624713493716,0.26582143710457756,-0.2501875037829242,-0.04647115554088566,-0.08372113423630578,-0.0010024855668006394,0.03437438607313184,0.3378269531083046,-0.2187019692940333,0.05456623940397107
-0.03311430701703351,0.07688027699208479,0.9056983346883022,-0.017893761521488825,0.009443406019766789,-0.9992361045000713,0.03343415685910349,-0.0697073313841085,0.01637953149912559,0.3309883270673832,-0.25334924296626576,0.18543050587467133,-0.6442736037889716,1.0543171132629219,-0.4257405310509544,-0.03482029667189433,-9.331966270923094e-05,-0.07744239133696365,-0.16412400823188905,0.2858360389501055,1.0128201700526176,0.015687728978815756,-0.05802076768955332,0.053169240173502774,0.012137187080221684,-0.15818528935143764,-0.0007951891151558648,0.04051431737653043,0.14943357056432063,0.26549580902377573,-0.25017608549853304,-0.04592445762243044,-0.08259603296629912,-0.0019778637801101707,0.03297568950206241,0.33857944812529756,-0.219759162286069,0.05509253785401582
-0.03334431686746502,0.07649692420826142,0.905679463104615,-0.018230909917985517,0.009303704926297179,-0.9992049757598357,0.03421244532317894,-0.06849344657964873,0.015743830599184817,0.33096852435979174,-0.25327326771248715,0.18621177840761613,-0.6479638573281937,1.0558370121329363,-0.42783485373600566,-0.0357254698824986,-0.0013489494525586326,-0.0775357996030123,-0.1646438783785439,0.2867107832582823,1.013377012521895,0.014557800217593526,-0.05715754769621115,0.05592144633475468,0.012099784225067722,-0.15839768196436319,-9.118816818577181e-05,0.03979539107934947,0.14794840314064936,0.2654516208245656,-0.2503268252993856,-0.045533534295939836,-0.08147734620655248,-0.0028189828855892766,0.03155342006984093,0.3390012208694025,-0.220639840146216,0.05553104541211556
-0.03357002064398927,0.07616497140095128,0.9056660663214218,-0.018538358903031057,0.009198273315566996,-0.9991741576852874,0.03496746532263557,-0.06724677550900794,0.015162195318210807,0.3308271039511414,-0.25314409893453155,0.18686043969844324,-0.6508920436871565,1.0576704245498363,-0.4299833784915577,-0.03621557276592804,-0.002408187664505736,-0.07797281396319759,-0.16527860911462233,0.2883993740610183,1.0142640406261396,0.0140885040080664,-0.0561761768889756,0.05932946917712295,0.012030346983345099,-0.1586526572446438,0.00045710811487864004,0.039205121229460786,0.1465509953741786,0.26558081943018946,-0.25054937237007485,-0.04515822929049436,-0.080348068821878,-0.0035462172338218832,0.030159165335264325,0.33921170689246927,-0.2213461118854073,0.0559740959840881
-0.03381613679370456,0.07588166581597906,0.9056364750149334,-0.01881663254696686,0.00911310551711569,-0.999142572309609,0.035735218566042094,-0.0658512818434077,0.014621875630112628,0.3306227697792974,-0.2530655568839037,0.18729921809062106,-0.6530828073160997,1.0598123921564195,-0.432083377691197,-0.03637090202898346,-0.003260334557530429,-0.07858701745672526,-0.16589407120164953,0.2903212024990537,1.015349699638265,0.014314537629451169,-0.05507864393782236,0.06324141178039351,0.01196016264465262,-0.1589077864566613,0.000862218389885556,0.03870299480480007,0.14514316743188893,0.26585258948380597,-0.2508012200745008,-0.0447751656216233,-0.07924934553783612,-0.004195655766397442,0.028739900305200183,0.3393675404162425,-0.2219846909815819,0.0564077320436419
-0.034044937301871615,0.07559725155114257,0.9055910059910343,-0.019121776019587602,0.00903419243091285,-0.9991079822537403,0.03655107174675672,-0.06461131460992767,0.014170519485397387,0.3308405325560914,-0.2524017367097889,0.18837214689800552,-0.6544437612555091,1.0607919820212308,-0.4336817623769315,-0.036878744050445375,-0.0038799400749360497,-0.07899953829521991,-0.16704283353176172,0.2926698234897105,1.015559945919827,0.015019401736999517,-0.05431890500384568,0.06751643806749143,0.011865402824555098,-0.1592463274140253,0.0012169376933735296,0.038236652799573716,0.14361091327831826,0.26626794438305,-0.2510978263496952,-0.04447117471449304,-0.07811790805240057,-0.004817388743482226,0.027223365027945354,0.3395813720956295,-0.22267338023353148,0.05670927846648791
-0.0342188285186111,0.07534761699811807,0.9055638232643058,-0.01939384591237759,0.008970176577488234,-0.9990699456684153,0.037452080516363354,-0.06352786235829587,0.013738407188212605,0.3310805187317567,-0.25146531999277627,0.18949347318342336,-0.6545130007435465,1.0616311271618275,-0.4347291319571249,-0.03732696433861718,-0.004242679655110418,-0.07954495004647015,-0.16821215676934295,0.2950710419049774,1.0157518648895083,0.016315059650347918,-0.053561926931621845,0.07190659746901396,0.01174280111979315,-0.1595684908329256,0.0014059285199965839,0.03783492478353357,0.1418705019369087,0.26673215368806774,-0.25137476285517674,-0.04427205454157903,-0.07709268443363616,-0.005378756681107359,0.025537672184834714,0.339890554992034,-0.22344655739029273,0.05682805920833141
-0.034387747307376676,0.07507403180864261,0.9055519839801938,-0.019639923423180723,0.008923214271509624,-0.9990291018756046,0.038412280075754784,-0.06202010094555001,0.013277886729711422,0.3310447829958149,-0.25088044564430506,0.19006306801562003,-0.6541667342733706,1.0633687576867203,-0.43526670701414344,-0.03747223036875611,-0.004314558917593365,-0.08012624767708035,-0.16907140438372753,0.29704361205804813,1.0164190477894164,0.01834303170328524,-0.052474754217440286,0.0762350251774812,0.01166311791522237,-0.1598433649310563,0.0014450416492675655,0.03748282131280606,0.13997108743743686,0.2673040821740883,-0.2516081413670273,-0.04423649929276358,-0.0760697413869279,-0.005897593570930034,0.02371255016385598,0.34011969394418257,-0.22417719770403785,0.056707112833054775
-0.034697380066696405,0.07480336218112336,0.9055528361999124,-0.019897549506268427,0.008878567469156804,-0.9989867448192875,0.039379464682800465,-0.060924349638897084,0.012852610579534733,0.3311582759054887,-0.24972482521319012,0.19075911759583924,-0.6526194613324908,1.064841020397722,-0.43518692199425146,-0.037605826341676064,-0.004291156701857784,-0.08080982847957612,-0.17007349363318083,0.2996124871376851,1.016861311952124,0.020960694819111236,-0.05137657835260468,0.08062185752286662,0.011508443017698645,-0.16012222581583035,0.0015575951212488176,0.037142628870060035,0.13803927768168564,0.2678787858689167,-0.2516937544267745,-0.04413535219840999,-0.07492118172029803,-0.006404051018031257,0.021869580026215665,0.3402624343389264,-0.2247277730558883,0.056611514042891296
-0.03486825335945183,0.07452464620219017,0.9055451214368815,-0.02013005441404243,0.008816410284472892,-0.9989453954065461,0.04031313452265422,-0.06014341230485264,0.012497343836268836,0.3314532954315338,-0.24804804006823447,0.191903575220504,-0.6496648108985483,1.0654048949229296,-0.4344286413951551,-0.038067219279496335,-0.004254427346369969,-0.08152997053316186,-0.1714247331655053,0.30234487614250016,1.0166592485663528,0.023983433431910863,-0.050692537334319464,0.08502451453061981,0.011322129480442327,-0.16036463273241935,0.0016224955705113977,0.03673835121096622,0.1361592914989347,0.26843250504799154,-0.2519755279451369,-0.04393525843482524,-0.07377985539752903,-0.006972017715534781,0.0200721607444534,0.34025305053647126,-0.2254064302571334,0.05667182196349196
-0.0350436871892067,0.07426547808607023,0.9055311369942546,-0.020370847329149587,0.00872455844511424,-0.9989049460249181,0.04120460491237208,-0.05896665576520684,0.01211277540641026,0.3317101925628877,-0.24627368849061837,0.19310897912768443,-0.6459351229113383,1.0658787105833543,-0.4327202869475874,-0.03865074396986701,-0.004311128130793972,-0.08190357812247344,-0.172720915384966,0.30433311689817344,1.0162245039001054,0.027496970188790167,-0.04991503460859272,0.08940594443932755,0.011179118743898092,-0.16055508042044284,0.001760085834154453,0.036251967814416766,0.13434688006955683,0.2689709219218447,-0.25231865017015664,-0.04341000212319272,-0.07250723560497947,-0.007623148459744589,0.018348564073783526,0.3400531636744626,-0.22604851965924147,0.05709145392622171
-0.035305312960238186,0.07396994876486224,0.9054978356800667,-0.020610127324424396,0.008612053171413673,-0.9988652101377038,0.042063608599398006,-0.05761303735789093,0.011702375408218193,0.3319168388003042,-0.24430422422669507,0.1942578294188139,-0.6413730647528536,1.0663854652735778,-0.429977534915454,-0.039365082438602275,-0.004519807377397453,-0.08207114584781729,-0.1740059187537835,0.3058491854499095,1.0156360241674807,0.03158728490723899,-0.048851629288157984,0.09373861411967263,0.01103170264440589,-0.16068938407428082,0.0019601848866002314,0.03569138204653457,0.13257396295492324,0.26952397150178886,-0.2526461771728843,-0.04269586825177534,-0.07110831363309994,-0.008345312658592237,0.016673525016825574,0.3396962585236512,-0.22660268556566257,0.05768998140453457
-0.03562602336640592,0.07367828845886604,0.9054581285793205,-0.02084461200292697,0.008502368939613082,-0.9988251640489622,0.04291274327545022,-0.0562569596899064,0.011309671742354458,0.33206850003614075,-0.2422379112405508,0.19538638667485422,-0.6362628251836443,1.066984645593528,-0.426590338509792,-0.0400282824117019,-0.004849764631792382,-0.08219617573931472,-0.17523017388536632,0.3071089082576781,1.0149801696174787,0.03605997606014159,-0.04759322811484235,0.09789225936709654,0.01087799369393763,-0.1607721569034881,0.0021959725913181178,0.03514232864216663,0.1308310688842452,0.2700619609378615,-0.25295230871141383,-0.041956458447380655,-0.0696929716881851,-0.00905350170706563,0.015021240074567233,0.339340176463071,-0.22710612965008686,0.058350507843222536
-0.03599726842023854,0.07338625943786467,0.9054237409674023,-0.0210795225172188,0.008422629745705686,-0.9987841146310616,0.043760774664737837,-0.05501175549164761,0.010990337395187299,0.33218137270816217,-0.24011355636506537,0.19648839905174728,-0.6309672504850414,1.0676608796436955,-0.42322851811557577,-0.040477373722708175,-0.005252657617655671,-0.08235012034981432,-0.17639082536029282,0.3082385005452059,1.0143274006730207,0.04054671390379975,-0.046271167452911016,0.10163619530286247,0.010719449561411782,-0.16081532893517955,0.0024225630908099056,0.034676880514254584,0.12912537704702687,0.2706393925003051,-0.2532230321733008,-0.041406814407190545,-0.06826026996967162,-0.009676153131249034,0.013385297586009256,0.3389641887093917,-0.22754087167172896,0.05889238852808554
-0.036264871864081276,0.07311717341847666,0.9054049033698718,-0.021309595327440558,0.008385433116642813,-0.9987412660035586,0.044625880832032526,-0.05357728896474107,0.01074590812588063,0.33210894581532135,-0.2383885142812642,0.19732025983455875,-0.6259513363132855,1.068861407990824,-0.42050121833822895,-0.040546515678686446,-0.005569305598837714,-0.08255446054569737,-0.17726723028704144,0.30891033559025965,1.01390113878114,0.044880232208792385,-0.04501047658034434,0.10469875905517735,0.010600435823393822,-0.1608066644379452,0.002577740654755415,0.03433045859534694,0.1274476000580118,0.27123589221528593,-0.2536098534433684,-0.041191960039513975,-0.06686062376981156,-0.01018362074407007,0.011730000716762393,0.3385521456395992,-0.22806879244233405,0.05927217194718798
-0.03658119082512216,0.0728883958036595,0.9053910215624797,-0.021545108499746498,0.008379378851591922,-0.998697466513207,0.04548587352020574,-0.05287623096281395,0.010625900659963184,0.33221204535048304,-0.23602477400842012,0.19831708826891384,-0.6198505052270489,1.0696077676663198,-0.41854262960351307,-0.04044394129426319,-0.005942052776202165,-0.0829793139495741,-0.1783248946217439,0.3102859133743581,1.0132599781498839,0.04895215442119824,-0.044099345554770804,0.1072442128510723,0.010382937245173104,-0.1607768185564463,0.0027281517460490566,0.034085503057612584,0.1258294247691756,0.27188448921025404,-0.25397984957940917,-0.041123729277815,-0.06542076567772517,-0.010595015510013545,0.010100658226616132,0.3380929613118598,-0.22852291041647674,0.05962945582489443
-0.036875403973095654,0.07258844495172478,0.905348621514534,-0.021782479628517967,0.008380756350809353,-0.9986532523578876,0.046335386684837575,-0.05198503715776047,0.010534126791168118,0.3322679837270057,-0.23369525279711767,0.19923107558385064,-0.6137386095788969,1.0702957995126872,-0.4171130482480528,-0.040333101924092604,-0.0063296202541624335,-0.0832137405669729,-0.17940872685704365,0.3112590596428149,1.0125469988562417,0.05260069710133363,-0.043290951509819285,0.10919716953188079,0.010213623280822183,-0.16071968798699046,0.002854047242659831,0.03384131695636902,0.12422138927790681,0.272602666626174,-0.2544301854906768,-0.041258293788250015,-0.06400970898438868,-0.01100097990135218,0.008484258021787506,0.33769055568003425,-0.22904430784455534,0.05978791300911415
-0.037133657779143646,0.07234938478505853,0.9052967389227102,-0.022014574091649353,0.008380243167969627,-0.9986101079012318,0.04714851481751919,-0.05096842134681647,0.01044033755385288,0.33226149683798567,-0.23146948053718175,0.20010849790622348,-0.6076348265823645,1.0711254327841506,-0.415723455617466,-0.04003809873712939,-0.0066174935295656555,-0.08334712041401626,-0.18031884047906463,0.31189941006495375,1.0118247099496671,0.055656309551399684,-0.04260807436639919,0.1106981436519137,0.010061854638949487,-0.1606379486175498,0.002984192511488938,0.03361485262718674,0.1226634511949276,0.27332697293134617,-0.25497867420881165,-0.041226804177047965,-0.06264973686204016,-0.011381294609793046,0.00694463961633764,0.3373340340016402,-0.2296375481079075,0.06001652875807702
-0.03741771264400521,0.07212967604122546,0.9052456689103356,-0.022265287503740232,0.008374627332230789,-0.9985674724871761,0.04792833692079775,-0.04983037936534815,0.010322690492175221,0.3322694238707872,-0.22924210490296468,0.20087980654480844,-0.6012032431461516,1.07198538816349,-0.41389494737475113,-0.03966498349574476,-0.006957532122149918,-0.08334514634592076,-0.181112410282243,0.31214783667273804,1.0110825248905757,0.05790782117205525,-0.041905467494862195,0.111761266461697,0.009915824929058927,-0.16055126187190738,0.0031879532525320884,0.0333874826958265,0.12113032340678304,0.2740550075568342,-0.2555376530173092,-0.04103092965989609,-0.061262760713308065,-0.01174846205483309,0.005493886796739417,0.33700845156266657,-0.23021422581124226,0.0602370893534405
-0.037684197104835435,0.07187903976436104,0.905204719627466,-0.022530888889935423,0.008368602341595432,-0.9985249961014631,0.04868426543812254,-0.04830411522307355,0.010178007143911453,0.3322093578926883,-0.2273120297640452,0.2014192272066357,-0.5948979057914441,1.0731321279467034,-0.41153091055775115,-0.039292501620983945,-0.007358995359852318,-0.08316566372117346,-0.18168977717853493,0.311675330867265,1.010421401129133,0.05934579014675014,-0.041044290224759784,0.1122880495399922,0.009815266641321697,-0.16045891022576794,0.0034540361390640716,0.03314971772568328,0.11960787971655665,0.27475480326451107,-0.2561165465287367,-0.04083561995938778,-0.05985064138895359,-0.012111794929317264,0.00409227652260568,0.33668744547108737,-0.23081178518152418,0.06033675811730483
-0.03803410657360469,0.07162447973785253,0.9051718516394662,-0.022804971350801766,0.008357458506362127,-0.9984840779635081,0.04939263328033146,-0.046743821252260474,0.010010792139134661,0.33211643463726687,-0.2254776835267428,0.20189528320874467,-0.5891857051812662,1.074576255461191,-0.4088192400085895,-0.038849284776910714,-0.007600261075577509,-0.08294269345908943,-0.1821357648311968,0.31104632407036936,1.0098386258221799,0.06011282276840853,-0.04011964833381627,0.11246508671115842,0.009716698076202668,-0.1603712854138127,0.0038067598515041418,0.032902434845113654,0.11816943403779284,0.2754261078824242,-0.2566091444220207,-0.04055479813707393,-0.05841969020012195,-0.012474270999431158,0.0027774516465892685,0.336390356163735,-0.2313107636509389,0.06043699286107096
-0.038425916210825306,0.0713465260576943,0.905144062971314,-0.023038731978158884,0.008335336787647328,-0.9984470977781233,0.05003130947633186,-0.0457948589705015,0.009838795587569825,0.33205355938536935,-0.22341314005777038,0.20247465156072708,-0.5839862466367429,1.0760361223319481,-0.40620747388312367,-0.0383971522185096,-0.007310381503493829,-0.08310907940577693,-0.18270985604229223,0.311056254080955,1.0093417511917675,0.06041391922887473,-0.03942459796917636,0.11252083976085098,0.00955307513457181,-0.1602711106115123,0.0041521221883094,0.0326095483723925,0.11688357643186877,0.2760428999066061,-0.25704037486805303,-0.04020455081883795,-0.057101267527918144,-0.012867304860485262,0.0015727995910122072,0.33612972471913916,-0.2317445219642256,0.060556782096864686
-0.03878128187429773,0.07109077610540866,0.9051426286419281,-0.0232522801790462,0.008293659066789156,-0.9984142311927812,0.05059218949092385,-0.04466826100916494,0.009617479143279664,0.3318949944134884,-0.22186428782034698,0.203064301683525,-0.5808644751335655,1.0781603810170197,-0.4038365781557999,-0.03795939122213668,-0.005803045207155902,-0.08329988653284946,-0.1832132841879458,0.31098536994057885,1.0090374359594223,0.060304366922519795,-0.03903005596809753,0.11252516118612639,0.009456571591981287,-0.16018996050158318,0.004493614035364715,0.03227270330493422,0.11577617526435278,0.2766176156106061,-0.2574644816133183,-0.03968769787250808,-0.0558719155067545,-0.013293257588184717,0.00048009077407050807,0.33588172303261543,-0.23217139951310395,0.06078206660577202
-0.03907438552278215,0.07082646969506337,0.9051015721389616,-0.02343414058701245,0.00823531053058619,-0.9983856407428952,0.05107967378332017,-0.04378318938628498,0.00942484738027723,0.3318574372224247,-0.2202020537915018,0.20384870619054887,-0.5788681683494046,1.0801484655696079,-0.4016726818581648,-0.037862526944671744,-0.0029507324055389654,-0.08351656087881741,-0.18395831393696316,0.3110648665818353,1.00845133027545,0.05976115020626738,-0.03924594740901417,0.11256604402847888,0.009335209363216251,-0.1601105530881901,0.004759640036761698,0.03189052677763906,0.11482154365504037,0.27725168469318684,-0.2580143542875914,-0.03908656350285457,-0.054824855884846285,-0.013760548211711835,-0.0004992230747104334,0.3357798144169089,-0.23271902541952783,0.06104284358740058
-0.039396714692527895,0.07055880697504487,0.9050413253260088,-0.0236297539508617,0.008166250354411174,-0.9983582528811009,0.05153393044941584,-0.042683327607377655,0.009212187325159002,0.3318147396263608,-0.2186955485457857,0.20459992012251094,-0.5780683381844727,1.082316773142275,-0.3998057499653878,-0.03782068255061229,0.0007387191607255116,-0.08358374019336774,-0.18466539281009298,0.3108535245746628,1.0079099343641946,0.05892730668631323,-0.03956591065804979,0.1126157064348142,0.009244047135080416,-0.16006051758707307,0.0050911926286838416,0.031484380308931144,0.11394602983322352,0.27785488903263933,-0.2585403312853558,-0.03847345159851237,-0.05382037499599978,-0.01424459412824909,-0.0014132304368423237,0.33581354419453735,-0.2332994325057067,0.06131957245919633
-0.039735874455982194,0.07026933014641062,0.9049806705500945,-0.02384497251080601,0.008095788280520311,-0.9983303350718964,0.05198478213198164,-0.04156531923974323,0.009003188228040776,0.3317637872667568,-0.21720749866208602,0.20520638611561506,-0.5776875888625708,1.0844036270535036,-0.39843054536364586,-0.03757232877592675,0.004454462710206178,-0.08374284303811595,-0.18528751126120313,0.310530693923403,1.00749544492469,0.05805489637509275,-0.039739847998472,0.11263491805042888,0.009137746231234417,-0.16004062624330798,0.005543240925351126,0.03105986582128454,0.11309113930622347,0.2783057798802851,-0.25899458505349143,-0.03799831834643646,-0.05282671408611004,-0.014733728386775159,-0.002300179482187698,0.3359521635072017,-0.2339119334639717,0.06154581219730125
-0.04006791072544185,0.06999716595918838,0.9049185542438265,-0.024078938152357968,0.008026551844634832,-0.9983018113790489,0.05243350646531822,-0.04052494235360243,0.008850644212103305,0.3317747894252405,-0.2155731754996757,0.20582426201816337,-0.5774177204117239,1.0858971685665568,-0.3978458692957743,-0.03692989136253399,0.007648705903276641,-0.08401228903126376,-0.18587930554988755,0.31024453499295035,1.0069734914850532,0.05733733720456871,-0.0397905268520389,0.11266006912514363,0.0090093899157993,-0.16006078619516673,0.00612649412572684,0.030637691490067814,0.11226960391189576,0.2785441969944381,-0.2593711623161054,-0.037694171786880476,-0.051876129611787974,-0.01520805574128836,-0.003146513141718308,0.33622752467690087,-0.23459322861957466,0.061777287805438744
-0.040375224544061485,0.06973397858838393,0.9048651685466638,-0.024320855851358958,0.007957099960587749,-0.9982736926901715,0.052866010002665394,-0.039601173222669254,0.00871549668106564,0.3316985117171662,-0.21395443022327443,0.20629338837886715,-0.5774062560243233,1.0872140422712324,-0.3981652574834876,-0.0357913825602597,0.010254849707576678,-0.08454285712193738,-0.18632099603499405,0.3100413068506393,1.0066681979157357,0.05683090761607986,-0.039674916830956274,0.1126320720451871,0.008864701055039184,-0.1601043013552927,0.006807882124918353,0.030205825023250372,0.11150961152352265,0.2786059584203029,-0.25969936959557155,-0.03750752326271201,-0.05097638947229095,-0.015677029841123482,-0.003940998293890946,0.3365966962267613,-0.23533273203572005,0.062013518257073255
-0.040677705010436646,0.06939794039264913,0.9048256550144699,-0.024569381922166792,0.00788416004067431,-0.9982454215892298,0.05329412508480581,-0.038710331529981865,0.00860617965915853,0.33172410832643706,-0.212236859365274,0.20677644437505585,-0.5776500288820636,1.088074177414673,-0.39914530578211,-0.03465877564032116,0.01215374981331786,-0.08509324142785676,-0.18685185450159583,0.309802809765555,1.0062625878307614,0.056442718560048295,-0.039543197635005765,0.11258964413694024,0.008716759203048582,-0.160167564124134,0.00757081243902982,0.02973706976834404,0.1107343710538106,0.27854131108013236,-0.2599594869500307,-0.03747645481132194,-0.05006578969344804,-0.01617751840689129,-0.0047373675770886045,0.3369723894331685,-0.2360670451559279,0.06210427965903831
-0.0409783978944091,0.06905376256302619,0.9047964583770407,-0.024826526229909208,0.00781475554211608,-0.9982161352534565,0.053731931947622276,-0.03782582883953179,0.008512291612772331,0.33189685316646145,-0.2103282223253201,0.207549462016571,-0.5780017922554088,1.0884379656532885,-0.40036072626127345,-0.03389719642809303,0.013279826108537831,-0.08544592234076342,-0.18753107797601012,0.3095241386463093,1.0055513701861907,0.056017648758408645,-0.039618261295893534,0.11263283174895068,0.008570436793239121,-0.16023430214669873,0.008377462906811104,0.029270218533667142,0.10989410987204755,0.27842841655283873,-0.2602009903198643,-0.03737861648039235,-0.049085170829887746,-0.016676532124390298,-0.0055751950510898535,0.3372614456055133,-0.23677189610695953,0.06215397093354484
-0.041363214173783414,0.06875188061902734,0.9047526149751287,-0.02509070788877881,0.007748173347808882,-0.9981853424649002,0.05418896820977914,-0.037028152810627296,0.00837382610600513,0.3320886347837538,-0.2081498915168514,0.20864171591058425,-0.5783557839724109,1.0885730173231487,-0.4015599218323069,-0.03351961355780077,0.013448899662316563,-0.08562639122066744,-0.1882446866065239,0.30930505231383704,1.0048353471803704,0.05537218712660157,-0.03987669036804809,0.11282573401053196,0.00841197847807548,-0.16026005467017537,0.009227734652860616,0.02882600882611198,0.1089567646233144,0.2783395428799976,-0.2604239716419487,-0.03701493778931227,-0.048007227746147546,-0.017158361721552808,-0.0064614692254447055,0.33748747916786803,-0.23740956431633528,0.062245577377627065
-0.041644550634534476,0.0684897754048372,0.9047035020504284,-0.025341523106406565,0.007685014699649171,-0.9981540183576221,0.05465622921720713,-0.0363720857562583,0.008164298588957227,0.3318891277093766,-0.2063113500729411,0.20938421591834275,-0.5786870681742334,1.0896055868953798,-0.40280105002688865,-0.03311590285929767,0.012748716350924479,-0.08616428612202916,-0.18866982973398255,0.30919989689907407,1.0049265829888478,0.054525232890354644,-0.04022489109961193,0.11295373130136255,0.00824970634219553,-0.16019760949128597,0.010037097555190833,0.02839270595018684,0.10795356497281036,0.27821983848220366,-0.2607818770791971,-0.036510594006282586,-0.046963356214886565,-0.01762988512926611,-0.007382928850707351,0.3376819058385972,-0.23817513139308455,0.06235158414548909
-0.04204042782049474,0.06826355137582692,0.9046606324942719,-0.02561330283508336,0.007620715142070488,-0.9981217155834515,0.05512643920432102,-0.03557842128747254,0.00795290464798049,0.3320198003863574,-0.20420310592267124,0.21052493118167512,-0.5793469500903383,1.0899199631683099,-0.4039024895445997,-0.03302713292851078,0.011315403534170607,-0.08632998840075376,-0.18919725124222933,0.30894302520884964,1.0045535434554222,0.05358246179553846,-0.04066861981827769,0.11319427205891747,0.008107280040550302,-0.16017140612692563,0.010950954397613342,0.02797613140554096,0.10695705913474417,0.27805577662804737,-0.2610141936212473,-0.035900558406018544,-0.04583229821858002,-0.01808096669113462,-0.008295275768115846,0.33786965608489955,-0.23881865407215036,0.06254904330911976
-0.042290437833405525,0.06794168464682421,0.9046141858018223,-0.025861280198286166,0.007559025387930925,-0.9980906793161778,0.05557923338675566,-0.03497513797200313,0.007686291278199277,0.33188371573868586,-0.20230812445398313,0.2112692224768381,-0.5799020894362025,1.09078268844513,-0.40479537861098597,-0.03302556897573775,0.009551262607237074,-0.08686637941826991,-0.1896554369137859,0.3087789231583481,1.0045731038707537,0.052847904384410886,-0.04101679017942128,0.11331145512908428,0.00794264445725826,-0.16013167796991895,0.01180148380548336,0.02752771709139976,0.10601394983694516,0.2778195880659844,-0.26132667191279235,-0.03562413773879939,-0.044783277158473765,-0.01856177477950136,-0.009190071991535917,0.33799609079204634,-0.23954729485725595,0.06262039760573028
-0.042581365627299125,0.0676200722015902,0.9045856149570205,-0.026118467621730434,0.007500720144355068,-0.9980595097928621,0.0560248137742448,-0.034319619737453254,0.0073864100228773905,0.3318538283110368,-0.20043239526644038,0.21199631054816534,-0.5806667421206704,1.0916058667178858,-0.4055501442864115,-0.03307256872478131,0.00756919644647097,-0.08729978023614535,-0.19003324000559382,0.3085765584309084,1.0043663660954507,0.05258548086591912,-0.04120247299786124,0.11345885192635755,0.007793845478961302,-0.16014280051007052,0.012747607924605674,0.027096089935324905,0.10516835406982455,0.2774388654791471,-0.26150664339523033,-0.03555851859807818,-0.043699494852916805,-0.019017905309335906,-0.010043773445728392,0.33808435792853603,-0.2401627145107667,0.06277809649384788
-0.04287910797487634,0.06730703598291557,0.9045808027823788,-0.02637726071447787,0.007442297687149956,-0.9980283070502451,0.05646548192264195,-0.03352619551252271,0.0070294450669679785,0.33198342950274584,-0.19848203905299144,0.21302425060114108,-0.5818104298436988,1.0919918446595833,-0.40613726221768975,-0.03340068027300668,0.005330263365886259,-0.08753829344081943,-0.1904191607629178,0.3081708310548644,1.0037184218607431,0.052839541285732886,-0.04131160471284812,0.11372797120779742,0.007659900990231593,-0.1602031081474601,0.013782310037854378,0.02667137518664783,0.10439117617758993,0.2768783447164757,-0.26157302447139263,-0.035636523034497526,-0.042586621875522715,-0.019460406389285853,-0.010868296799280709,0.3381038178016966,-0.24070128193555151,0.06301035229871356
-0.043185340689743695,0.0670183687133642,0.9045650447270462,-0.026622250980828297,0.007391387144448875,-0.9979981514216125,0.05688860086025264,-0.032894395672956406,0.006652986355307463,0.33202843148439,-0.19643053963028184,0.213967056796139,-0.5827570686222482,1.09246050265428,-0.4062545738090592,-0.0336714950439404,0.0031602532575638284,-0.0878554324171549,-0.1907234102728649,0.30787598233766655,1.003099584220233,0.05348142820024991,-0.04142680142349832,0.11404271915193279,0.007497803242103712,-0.16025775109026696,0.014766804592742223,0.026272041295923934,0.10366241621720274,0.2763703678081714,-0.26164796611978547,-0.035674253875546735,-0.04148244752134459,-0.019880312734921118,-0.011658490126861102,0.33807033995567976,-0.24119746415344437,0.06333758188746345
-0.04356183483964284,0.06674988303192785,0.9045705820912768,-0.026850189591537874,0.007351442010672571,-0.9979693140352975,0.05729111504568886,-0.03241165431438333,0.0063217067127876855,0.3320185587959607,-0.19438402954084338,0.21461651410395458,-0.5834359776165735,1.093235803397171,-0.4053788037713276,-0.03367052010994128,0.0015043930029781005,-0.0883009041138774,-0.190925445134799,0.30775089645204645,1.0027625552910666,0.05424122555749383,-0.041515526828892,0.11431325981549521,0.007322314183421144,-0.1602998996649042,0.015668906926538564,0.02590498951089308,0.1029440832874559,0.2760204480654462,-0.2616983566644825,-0.03549827945540902,-0.0403184326226883,-0.02027071007845622,-0.012428570031704441,0.3378796702294014,-0.24152916795931734,0.06372893671789927
-0.043846332431402436,0.06641806971108864,0.9045568209889026,-0.027028895139781565,0.007327888118638288,-0.997943193253919,0.057663887498270006,-0.03206933620209221,0.006045958877705776,0.3319585340107937,-0.1923837455754608,0.21501709180038203,-0.5839889001626111,1.0941404759501265,-0.4028041389851419,-0.033763225481488746,0.0009981317869110664,-0.08893071273755343,-0.19115768004083114,0.3077500257574547,1.0026418976514953,0.05493648268582887,-0.0418295289779665,0.11434470581188745,0.007136949433017876,-0.16031509156690563,0.016276412682450232,0.02553896158869512,0.10220144446584077,0.2760173011320226,-0.26196015334106215,-0.03519689337438869,-0.03920805909567426,-0.0206696060975429,-0.013207716066358174,0.33752617551454345,-0.24187375516126258,0.06404481711278823
-0.04420127301306928,0.06617569660984969,0.9045365935457468,-0.027201132988893283,0.007321794388597227,-0.9979181059175699,0.05801675251976599,-0.031744007271096185,0.005812179805404971,0.33197785040161737,-0.19028919619270643,0.21544257613826512,-0.5846775005870763,1.0950096115219639,-0.3983019341106762,-0.033750498327837324,0.0017735961515512205,-0.08948615953235028,-0.19128805243718855,0.3079323201307709,1.0025979335956434,0.05549702253671494,-0.042287743963994276,0.11427289796127887,0.00695320362829949,-0.16035378764360797,0.016754783061727223,0.02524551067070968,0.1014783508748828,0.27629164258699374,-0.2622741988661002,-0.03454040669808246,-0.038046186612360526,-0.02100381438833291,-0.013959789846371463,0.3370691717153292,-0.24209210969512646,0.06457898624885149
-0.04452735488699198,0.06590779762392314,0.9045141936823031,-0.027373738215323278,0.007321985813137203,-0.9978936047534813,0.05835598145839398,-0.031426603932501115,0.005616042390804843,0.33202219848989434,-0.18818724103448148,0.21574805505652422,-0.5851958743358954,1.0957309929324042,-0.3924695668089842,-0.033722741808556354,0.0034000134073632095,-0.09001215801849799,-0.19143179861014833,0.3080301257507309,1.0025356921223965,0.05590282553218617,-0.04274493594103003,0.11406626793613274,0.00677215400134392,-0.1603905071121732,0.01720895427782761,0.024954933896194034,0.1007724242278201,0.2766162152709093,-0.2626606655236979,-0.03388693454611206,-0.03686866738793462,-0.021331893999062605,-0.01469225526872182,0.33655204263889177,-0.2423071370040362,0.06504807174414905
-0.04477331528723606,0.06559441321255849,0.9045031007766767,-0.027568979215716896,0.007329286927817186,-0.9978682187233774,0.058696260527953424,-0.031065086523480702,0.0054608072304873695,0.33204678697538825,-0.18623123337203148,0.21583396758667783,-0.5851338627983297,1.0963193441160792,-0.3863922580797516,-0.03360045530547597,0.005184267305490636,-0.09050942070886116,-0.19154980169135266,0.30786824203113095,1.002430981558138,0.056141383540275085,-0.04306996812360308,0.11378402189337102,0.006601489198680036,-0.1604082019552345,0.017754887878263334,0.024663176229588395,0.10007832723507477,0.27681693923367534,-0.26311383841376895,-0.03343385892878238,-0.03568609063408632,-0.021660633113405287,-0.015417226165552071,0.33606590697792305,-0.24261489579208834,0.06534323434712909
-0.04515551902500199,0.06535424295333944,0.9044948289074883,-0.027829008413391452,0.007345584551216894,-0.9978407158985465,0.059038075624152184,-0.030572018515649425,0.005353241530351901,0.3322178913765616,-0.18400618597899235,0.21607723525446382,-0.5841901694945265,1.0960524916324468,-0.3808088976660408,-0.033150970741137445,0.0066092318720878,-0.09069583123286101,-0.19156828373076465,0.30739281339767854,1.0019671878627285,0.05614565352773646,-0.04307467560521553,0.11368849046385243,0.00643192924107232,-0.16042915481533934,0.018598156659881928,0.024432674574814957,0.09944243865120252,0.27682296115970895,-0.26346113721436615,-0.032959564627110235,-0.0343397659595064,-0.021923547062518697,-0.01608514918427793,0.33562459922291765,-0.24284767178133654,0.06564455319107597
-0.045550949417591045,0.06514414412346066,0.9044951603250245,-0.028102910626204635,0.0073702610734618056,-0.9978130235701791,0.05937234760206503,-0.030079194227725183,0.005296442208354249,0.33239518230225035,-0.18166569069358773,0.2162964705387356,-0.5822860985754125,1.0951298814082722,-0.37589538395519445,-0.032336824189901865,0.007653595050144714,-0.09080634512819376,-0.19155144776936522,0.30665665316831603,1.0012620370821417,0.05593909435501154,-0.04281911185001942,0.11371787131590384,0.006257754211381624,-0.16041779515469748,0.01955964870251642,0.024235359625024693,0.09885824624655298,0.27669586906570826,-0.26381042282430045,-0.032514204144864764,-0.03295211160347424,-0.022148287802419005,-0.01670307638720641,0.3351707086180382,-0.2430888077292494,0.06589475388564878
-0.04580918848576306,0.0648144551863478,0.9044630965374789,-0.02834650738491605,0.007393266819864896,-0.9977863995330015,0.059700218021170516,-0.02964892907044887,0.005236111340161992,0.33247605407381553,-0.17938289588758374,0.21644699631926803,-0.5798361648463506,1.0938223095123445,-0.37173611934725176,-0.031688104110441456,0.008324484530771661,-0.09096425598113086,-0.1916584724392716,0.3057826958324399,1.0004725652844129,0.05556819516657056,-0.042552843721589684,0.11370890619266928,0.006085591643432009,-0.16035212471231208,0.020420894520623022,0.02398615445566297,0.09826279462068682,0.2765626972975218,-0.26428872367851897,-0.032372375783846594,-0.03171093303494569,-0.02242789937935854,-0.01733667317142422,0.3347922000945075,-0.2435063298347396,0.06589565918511811
-0.046141006593686994,0.06445822533578391,0.9044253375049924,-0.028550337909351638,0.007411836409345765,-0.9977606352403141,0.06003047268801392,-0.029379449172810903,0.005133898305495229,0.3325438355538127,-0.17716789451199783,0.21664897422390333,-0.5772091908195599,1.092600611523839,-0.3683523371826695,-0.03112688077409914,0.008564328844614453,-0.09107677143972566,-0.19173781995500855,0.30513522566316265,0.9997556582501355,0.05511582239693252,-0.042263661460980886,0.11374568099271493,0.005919011557116418,-0.16026696587483383,0.021200791118463822,0.023712149814855737,0.09764775326884251,0.27643634537500344,-0.2646209261420228,-0.03226013085911559,-0.030562143553322766,-0.022727806794212886,-0.01799758387692138,0.33446151046267425,-0.24382609574848513,0.0659300825301249
-0.04640207643392243,0.06414358793718591,0.9044104499017357,-0.028735074276330253,0.007418041932706411,-0.9977339350172427,0.060384294938546246,-0.028842128580087053,0.005027253657896806,0.3325003701978256,-0.1755807473957397,0.21680939621159476,-0.5751258240469117,1.0918808095868393,-0.3656676906241752,-0.03066909460869324,0.00850967569880799,-0.09094949999250979,-0.19175332647788942,0.3044160959884342,0.9990875654811663,0.05453295518899914,-0.042133588509167555,0.11379343812126895,0.005831959098232846,-0.16020128900250208,0.021914258749750958,0.023422635898707803,0.09699035633321394,0.27623099771134,-0.2648741435737736,-0.03216409412506914,-0.029449449273987828,-0.023039334518504262,-0.018721512751495223,0.33406206145085543,-0.2441580735806384,0.06614412085063812
-0.04666594325199663,0.0638278296781853,0.904407627097889,-0.028848163085171876,0.007421391004982403,-0.9977088611699542,0.060743187149786784,-0.028697383578379067,0.004841629837297744,0.3325283037370639,-0.173966911569088,0.2169687713391925,-0.5721900287732117,1.0911559903721135,-0.36385769195689976,-0.030433136258701744,0.007978369892199537,-0.09097182794605463,-0.19171707671815594,0.30383783303148165,0.9984696985210342,0.053945458467272854,-0.04209584793967386,0.11395367319816263,0.005702685565155699,-0.16008028355411816,0.022510548383761025,0.023115269727648834,0.09632305640937407,0.2759302275451287,-0.2650035082479769,-0.03212344253954356,-0.028477305596252157,-0.023362731485889802,-0.019472296595611643,0.33363460441268344,-0.24443599404340077,0.06643598189649727
-0.0469656258383312,0.0635557731345294,0.9043983084631602,-0.02895059744135113,0.007416856770082384,-0.9976845877492757,0.061092687868493034,-0.028614120397988302,0.0046573718270281,0.33249214212748635,-0.17249361344228392,0.21717004316050367,-0.5693507396222632,1.0905109230622363,-0.36279664390357286,-0.030200315417624482,0.0071500088816412325,-0.09103087296517337,-0.1916446985385558,0.3035616771557313,0.998062604779644,0.05335439252070653,-0.04213010851023806,0.11419477479027515,0.005591608499608787,-0.15996172979136733,0.023072406469600223,0.022807034518842015,0.09567659459322726,0.27566093727330104,-0.2650842867733928,-0.03196047661073458,-0.02757230582805162,-0.023687181351238606,-0.020203066021874615,0.3332934570418716,-0.24468174408783497,0.06682135616511177
-0.04723480085629812,0.06329530737598794,0.9044118277523054,-0.029027803229446855,0.0074076894122762785,-0.9976639211476815,0.061393918407891934,-0.028507516948719135,0.004487019795732702,0.33241503347110796,-0.17136237740741084,0.21734178275676272,-0.5670694874567673,1.0900740342068587,-0.3623048570725345,-0.029876593719528968,0.006226584258322557,-0.09118033821270329,-0.19156575070229193,0.30351573948075844,0.9978226338463143,0.052875362864614917,-0.042257100585988236,0.11437836079124981,0.005507574066496095,-0.15985152993211643,0.023569167457464683,0.0224821561444316,0.09510526780994386,0.2754225500892951,-0.26519417453126326,-0.03164139456352592,-0.02681698213695404,-0.024016509136567724,-0.020847902662684253,0.33306079599843114,-0.2449216163535758,0.06713812514687505
-0.04745114372891012,0.06302088579811817,0.9044066784340883,-0.029073010990577845,0.007390691112324494,-0.9976484151208854,0.061626110729202065,-0.028221930052594248,0.004365542994594456,0.3322901899140441,-0.17064655406816123,0.21747954092632882,-0.5657342441354098,1.0898388422311232,-0.36227445103187106,-0.029482304352525777,0.0053355088155276655,-0.09126843860619221,-0.1915481561815347,0.30356545335717766,0.997593307133574,0.05261811593692497,-0.042639283684534214,0.11442570298416153,0.005465648196827032,-0.15975320903486648,0.023922486010672074,0.022119136660030864,0.09462592723132932,0.2753575317845128,-0.26545481174400537,-0.031096547202651287,-0.02632047395119299,-0.024378560484037783,-0.021397982575474633,0.3331007088638314,-0.24523756707068226,0.06727670012389558
-0.047636090572934116,0.06274384236304975,0.9043837110810248,-0.029084097554775132,0.007367022156492056,-0.9976370402365003,0.0618075901659645,-0.02794158806156147,0.004268633568489548,0.3321416024968442,-0.17019493903168398,0.2175759103762666,-0.5649599788876093,1.089771573277812,-0.36269269554440814,-0.02899749014079936,0.004456697641951586,-0.09143299482209674,-0.19154302478191834,0.3037950782801278,0.9974959252574953,0.05262887922092757,-0.04325900277553906,0.11435621844541152,0.005428364863276046,-0.15965977879937232,0.024133187821921986,0.021729349947979325,0.09421827133991047,0.27544683614872006,-0.26582767597913043,-0.030367727835596776,-0.026049312875557132,-0.02476111286739598,-0.021873781447110382,0.3333691878909807,-0.24561984866598333,0.0672991826830474
-0.04787012409683613,0.06246642649952873,0.904370065773151,-0.029082366250905538,0.007352053647058958,-0.9976275112217989,0.061963796960941536,-0.027535932984478238,0.004232544038755513,0.3320395384931193,-0.17001224421775743,0.21762998474590678,-0.5647799103460642,1.0898440494195767,-0.3634107309841261,-0.02841199229333538,0.003632475127278982,-0.09148119274398639,-0.19154494618724272,0.3040109908430845,0.9973782688170022,0.05286153817983129,-0.04386294955227945,0.11424662908673487,0.00542177513817274,-0.15957682436977977,0.024327022347482283,0.02136620603410786,0.09385905885464096,0.275556735788461,-0.26614757562328134,-0.0296327792449449,-0.025803380712691875,-0.025113238850930825,-0.02227224871071765,0.3336229686118149,-0.24591111119327136,0.06731203043568827
-0.04809717918338765,0.06215227091195662,0.9043216466689563,-0.029077486364118405,0.007329519522979254,-0.9976174408024144,0.0621306666401249,-0.02753556728738132,0.0041296482948931556,0.33184899493053516,-0.1697578776400762,0.21757006330575687,-0.5644049175928554,1.089942643023114,-0.3643422945116185,-0.0278160612422406,0.0029782943486600013,-0.09182674707690568,-0.19150711241699062,0.3048131956606902,0.9975987106079853,0.0531947524513827,-0.04445278713181967,0.1140094942975611,0.005361753648530249,-0.15945519148408316,0.024565508762353576,0.020981220728937714,0.09349500060400097,0.2755622595369526,-0.2664449046608424,-0.02915662329791177,-0.025569567572971512,-0.025491510975987938,-0.022615241007767805,0.33389838861424576,-0.24628353492417104,0.06739623859124724
-0.048337020290675346,0.06184921362746154,0.9042998098824269,-0.02906860100046425,0.007334486489362913,-0.9976063188466133,0.06231255363986354,-0.027329815194655136,0.00412290264903051,0.33175789683990936,-0.1698077101255148,0.21750062537920337,-0.5644930954519334,1.0900438837361177,-0.3652621605623122,-0.027291686446691065,0.0026524520660834603,-0.09202909371298956,-0.1914383061924968,0.30548426370097403,0.9977570904161054,0.05357761551209532,-0.04479198379283518,0.11380379872356754,0.005358854396007404,-0.15930951458810147,0.02485528098942233,0.02068268530061011,0.0931359705517565,0.2754269952722559,-0.2666295070769192,-0.029022084893553533,-0.025220851310123554,-0.02578144058786456,-0.02286561896260511,0.33392060277138497,-0.24657114496065147,0.0676571473782138
-0.04853627237609099,0.0615553636487358,0.9043079743010078,-0.029062672673280478,0.007358027810252222,-0.9975951809494823,0.06249060273510973,-0.027212567352597587,0.004154702320982173,0.3316783741113491,-0.17003097170355314,0.21738422648042754,-0.564878438538864,1.0902142115068811,-0.3661016268648013,-0.026801536959574282,0.002727844035260212,-0.09231711526524214,-0.19133164393358745,0.3064207535785109,0.9979691423619095,0.05399806270560248,-0.044928117984611035,0.11357008897531831,0.005354155464428753,-0.1591576942611346,0.02521166278861401,0.020436666506234824,0.092811079396878,0.2751412809285424,-0.2667642799357374,-0.029131826264452626,-0.024787066677733453,-0.02601280108607797,-0.02301996760128118,0.3337337118135509,-0.2468118898311783,0.06804129923343287
-0.04873833288341184,0.061261145578107586,0.9043047426549621,-0.029060786366857615,0.007373695378518248,-0.9975840002261587,0.06266786899981756,-0.02715574476185412,0.004171861330762202,0.3315838815720009,-0.17036193091595758,0.21724458567435015,-0.5655409749611492,1.090436789512617,-0.3669965187977143,-0.026369141470231793,0.003079701856178754,-0.09258944797587505,-0.1911978695671237,0.30753513218379214,0.9982278555136543,0.05443672173000134,-0.04494548054609892,0.11336020661305911,0.005356215642543112,-0.1590155212100671,0.02558752903492629,0.020178921802631804,0.09249244506161733,0.2748280008408686,-0.26686659992496753,-0.029297515742600908,-0.02434439250486681,-0.026261259351783018,-0.023167001775652916,0.3335394814487475,-0.24704595071882487,0.06847399957484626
-0.04897321314071842,0.06104611052143857,0.904311967740764,-0.029059324888669448,0.007367524288771602,-0.9975729954236612,0.06284420438140201,-0.0271135099360734,0.004149486101729457,0.33150463289413673,-0.17083057854985925,0.21709728642870801,-0.5664088215958852,1.0907271272022896,-0.36821385874461526,-0.025759648042400423,0.0035271211590237584,-0.09282463729390304,-0.19094295320716456,0.3087302491101031,0.9985307763934463,0.05489910634349367,-0.0449036708118489,0.11326201684833416,0.0053704534709479975,-0.15891430299511983,0.025984092230652938,0.019882884920442,0.09218516823560202,0.2744862851613088,-0.2669191641493902,-0.029147163419343307,-0.023909381548026624,-0.026550271197154127,-0.023369701609384466,0.3333918280632229,-0.2472597646327706,0.06904115372744132
-0.04915492388777885,0.060761367437935594,0.9042723672905426,-0.0290395480096606,0.007308905690352526,-0.9975632301009565,0.06301497043995555,-0.027037393155216024,0.004033304571802588,0.3313766372281656,-0.17146866659725515,0.21688962751112803,-0.5676727600458394,1.0909818585612763,-0.37005563122226337,-0.025243186284514073,0.003868578384983531,-0.09302900519709875,-0.19076260547811238,0.3098576641569992,0.9988511958223498,0.05538026516242405,-0.04493271265570317,0.11324822580244306,0.005399858553673566,-0.15884755986265808,0.026303140449115,0.019426599824946697,0.09184897459534161,0.2741996216066905,-0.26703536524517507,-0.028866059324396766,-0.023616267367876198,-0.027018272301308044,-0.023694530808830466,0.3334529393566525,-0.24763684203984154,0.06948421253197117
-0.04937908621154887,0.06049612805176739,0.904258809267813,-0.029013893750273453,0.007220892549598323,-0.9975538045835374,0.06318591331256636,-0.026947594190792144,0.0038606606440661126,0.3313143329166268,-0.1722570179707313,0.21668006087887032,-0.5692345481423395,1.0912720028269216,-0.372591319369743,-0.02457329886036771,0.004040974063427945,-0.09320866613123639,-0.19053372441317123,0.3110015471849282,0.9992317885381385,0.05589975173230368,-0.044901412037051565,0.11339222918917567,0.005439093159677106,-0.15883109809390678,0.02665659737051624,0.018893119373181565,0.09150535943767495,0.27384767749483213,-0.26705176020340493,-0.028355018059265595,-0.023333735198419223,-0.027567922584159417,-0.024086152952125486,0.333559044105895,-0.24798372982895125,0.06999202829402867
-0.04956139762837948,0.060181746974100066,0.9042182378499715,-0.02899459481228622,0.007126786820290785,-0.9975443816821361,0.06335399715639581,-0.026838599036773606,0.003684552742432606,0.33121238078112875,-0.17317849136141836,0.21639544684858328,-0.5710038111363777,1.091579845774803,-0.37558309545992247,-0.023973655323567426,0.004103285657079166,-0.09334002340186075,-0.19031159289653427,0.31203086868588087,0.9996008251471827,0.056442164388227856,-0.04488337613475153,0.1135284601761659,0.0054913993944946905,-0.15883291771939678,0.026994785250441893,0.0183338220472172,0.09114436608334722,0.27352402256917163,-0.2671179261831359,-0.027918891987537556,-0.02307557880386194,-0.028148099000173562,-0.02451045230361925,0.3337116104517939,-0.24839843177908016,0.07036044652002157
-0.049754151217326584,0.059881454493582204,0.904209689274101,-0.028975422701956112,0.007065475312819564,-0.997534360880425,0.06352718158967222,-0.026846560227907396,0.003622767679186477,0.33124704325258764,-0.1740538349223064,0.21610372203157258,-0.5724258952828747,1.0917521923215994,-0.37871119636115924,-0.023390708499437786,0.004053870439566614,-0.09345259852070723,-0.19004674555887305,0.31287864155599465,0.9998284414443648,0.057059819259550386,-0.04481287546877745,0.11365338539855949,0.005539369751281488,-0.1588343938662742,0.027365571679664188,0.017864428960097163,0.09077915346816938,0.2731354681005324,-0.2671496325299691,-0.027569153845606847,-0.022749720912089485,-0.028625540215436306,-0.024920763414221343,0.33372057097671853,-0.24870935451696102,0.07063099274940506
-0.0499303582132242,0.05965174144607677,0.9042270923873115,-0.02897426722284255,0.007057240997581987,-0.997523085802595,0.06370541954393295,-0.026959288686720886,0.003687064954234543,0.3312505302578825,-0.17497511433253118,0.21576838026674033,-0.5736355117006083,1.0920103499161753,-0.3817569997692558,-0.022684864249632657,0.003983139803188736,-0.09357594310496518,-0.18960482896076733,0.3135571345955959,1.0000789266660035,0.0577914365903386,-0.044678050657023224,0.11364759450842364,0.005593261840557388,-0.15883066082881275,0.027760350492711843,0.01755885588667343,0.09042202058246573,0.2727309917351999,-0.2672056540178191,-0.027283397794128857,-0.02231539850047985,-0.028922627507190067,-0.025297465982716646,0.33353924735450874,-0.24891953323906083,0.07082561483154157
-0.05009409387696912,0.05941385825615218,0.9042262274255988,-0.02896077408721069,0.0070809682510948315,-0.9975117722265013,0.06388581785059552,-0.02718729454346476,0.003837444162868595,0.331204488023805,-0.17588631303971658,0.21531674607658857,-0.5746102818443325,1.0922808327086282,-0.38474725508158375,-0.021949574566232383,0.003875976031095794,-0.09370992646523371,-0.1890459017019882,0.3140087381280017,1.000356556741312,0.05869071574518117,-0.04448331336877767,0.11347069464503115,0.005646415561972848,-0.1587873436981315,0.028105725411223262,0.017335183616826025,0.09005881451979827,0.27237113952175934,-0.2673303773834057,-0.027129546125433633,-0.021880790283640986,-0.02913203844600025,-0.025669209537300768,0.3332922269311792,-0.24910613012712915,0.07085946214006504
-0.05028704253071343,0.05917376299449024,0.9041945746002856,-0.028947273779082315,0.007116959707328484,-0.9975003118666359,0.06406662197467235,-0.027500948648588684,0.004046973277586286,0.33125727552613354,-0.17664482758174788,0.2149553151179193,-0.575311110453613,1.0922483544451744,-0.3875511519659462,-0.02134655928370412,0.003697090561345899,-0.09370406464865137,-0.18856705372798113,0.3144339548718807,1.0003668210681051,0.059663087464494176,-0.04435176293424751,0.11324669058270814,0.005697143990703283,-0.15872707914201864,0.028435358751917064,0.017146721519100967,0.0896998010970804,0.272067054776964,-0.26748581947549954,-0.02701471494896731,-0.021457717864773632,-0.029309041120316123,-0.026031351824234192,0.3330845236150573,-0.2492927532707274,0.07086352292732144
-0.050495745607615695,0.05893086954394981,0.9041632010310793,-0.028950176250513462,0.007141380074005012,-0.9974886883118195,0.0642433239774143,-0.027722887567872546,0.0041565774325706475,0.33121048753114596,-0.1775011445616738,0.21446675624529346,-0.575871620943711,1.092458517705061,-0.3899951084869149,-0.02078445755940879,0.0035070819624730197,-0.09372996079802243,-0.1879126989871448,0.31485709458047967,1.0006302162234388,0.060601160448859125,-0.04409208160206391,0.11291807659451349,0.005752745854457736,-0.15865782455091343,0.02880844072568002,0.016933868523887143,0.0893601226870435,0.27176164065370034,-0.26762020731316843,-0.02688033581337744,-0.021002952883107592,-0.029513770971699594,-0.0263759090588756,0.3329053195395057,-0.24949661393845451,0.07094107086486524
-0.05069094032033502,0.0587325576066601,0.9041768058640659,-0.028956192230544554,0.007148069985802634,-0.997477510355752,0.06441320021140666,-0.027833779973145158,0.00427519222274533,0.33143653031897935,-0.17826573560409825,0.21422822937874988,-0.5761605478060333,1.0921976164820502,-0.391843617261649,-0.02055161690698441,0.0032627995344729245,-0.09351875513297901,-0.1874987308683996,0.31529290694025186,1.0003510027944726,0.06135097246097983,-0.04407371247136671,0.11273242559101991,0.005821428053910801,-0.15859285719600635,0.029245939314774663,0.016691535993715555,0.08906297332929225,0.27132405591663783,-0.26766109487815987,-0.026636840917556297,-0.02052946483022576,-0.029745482764792268,-0.026678757756937364,0.3326812488785828,-0.24967668136878293,0.0712265737068783
-0.05089947407831333,0.05846381927871406,0.9041713347796194,-0.028995180553308388,0.007141163387355848,-0.9974659761211221,0.06457483852780117,-0.027959847909780778,0.004223421582448449,0.33146925763947854,-0.17900488738094172,0.21384287426110546,-0.5763412616142867,1.0922253376829814,-0.3930192314555228,-0.020542406755305793,0.002986326777320189,-0.09330174543350722,-0.186978853197032,0.3158697343257152,1.0003076564000535,0.061861593804855945,-0.04398777245982695,0.11239132589934961,0.005880259727464055,-0.1585143315189519,0.029788508312869177,0.01639890868966164,0.0887817275772237,0.270837660515546,-0.2676494513442025,-0.026497713903043733,-0.02000967523115333,-0.03002898627595865,-0.026957709144309897,0.3325151032763474,-0.24987276885507748,0.07148191593452209
-0.0511262977839533,0.05819301381426784,0.9041834741533034,-0.029028631770442723,0.007132126015641175,-0.9974547631973913,0.06473381412266185,-0.02802275498203892,0.004213501819441616,0.3316373316285539,-0.17967363021668062,0.21351999498935587,-0.5763755721057994,1.0920101200354644,-0.3936935992799325,-0.020695954857019253,0.0026779493260100902,-0.09288946019346533,-0.1865005536470142,0.3163146512396942,0.9999690928673604,0.06220104444102464,-0.04402467533418434,0.1120493974528074,0.005955742854416402,-0.15843019780370468,0.03033766034658853,0.016102985995883525,0.08849896448789343,0.2703388115394195,-0.2676066095040106,-0.026359165360777627,-0.019475721265543533,-0.0303155410158781,-0.02724685947896298,0.33232012888824164,-0.2500394047711685,0.07172968788735158
-0.051367559533980395,0.057946392059536084,0.9042018468526746,-0.02907652622481287,0.007132402558940197,-0.9974427911162426,0.06489655542995384,-0.02825653320987998,0.004149831173808786,0.3315672261561468,-0.18034434033300537,0.21305519358295022,-0.5762640067302459,1.0921904074228526,-0.3941354595577413,-0.020775106265165197,0.002377855052339472,-0.09278000316822932,-0.1857552246720352,0.31696595421291707,1.0002745683851948,0.06246978425828894,-0.044020057476642706,0.11163292884421368,0.0059999765534567,-0.15835470665793044,0.03090351593221534,0.015841785648188188,0.08820121128208304,0.26988679081422634,-0.2675927265893418,-0.026182236759136515,-0.018881533542125243,-0.03056797042760042,-0.02757237275522046,0.3320829369012174,-0.25017004142203375,0.07193316318198627
-0.05163127555761313,0.05770826556911953,0.9042158637442542,-0.029134524986963378,0.007147011990669502,-0.9974302573720448,0.06506136604870782,-0.028525788971609067,0.004183061710236733,0.33157499125271195,-0.18090454921258464,0.21259179271308426,-0.5760604469797941,1.0921201492329027,-0.39454126899257524,-0.02086284651272315,0.0021120574993426103,-0.09259546389660872,-0.18501072636539362,0.3175480505827418,1.000535531377205,0.06277546362079638,-0.04419370599607569,0.11112631553405418,0.006050258103212965,-0.1583080105478772,0.03140475436322406,0.01562630972388511,0.08786528793294354,0.26963449284213764,-0.2676735896264665,-0.025965073338782656,-0.0182401635045568,-0.030781495083884586,-0.027967028551453426,0.3318300736111604,-0.25027551346323895,0.07200205125547651
-0.051854157237703626,0.05748948516112882,0.9042158272750328,-0.029199631277156617,0.007175221177600363,-0.9974172299590027,0.06522857590993981,-0.0288520278877735,0.00428367971383399,0.33159738357890844,-0.1813529164724183,0.21216359448876604,-0.5757111524663843,1.0917947132544088,-0.3949304576186194,-0.021030337495598826,0.0018983948303488527,-0.09237632858290198,-0.18429186581630164,0.31811930200275934,1.0007735518998335,0.06313068624371981,-0.04458189340616207,0.11051601779842543,0.006095150903007073,-0.15828209117104308,0.03183429204766924,0.015450248624107148,0.08750648564316753,0.2695455261058647,-0.2679174052955901,-0.02570863580826446,-0.017594609438660876,-0.03096012056928853,-0.02841102640057442,0.3315817494341066,-0.2504344724986245,0.07199476905468626
-0.052035376191904556,0.05728610511867336,0.9042000978080211,-0.029263474223029964,0.007206242972473587,-0.997404079092119,0.06539741699042853,-0.02918398428825951,0.004425002720646445,0.33165207177760525,-0.18170173914920323,0.21179188403931049,-0.5752832029753935,1.0912196360238127,-0.39529582464892005,-0.021279545766075627,0.0017566077585994396,-0.09206601624993467,-0.18363875776789648,0.3186171552566786,1.0009209945671973,0.06343480298097023,-0.04513936451097601,0.10991268237965234,0.0061421969581486316,-0.1582681515503684,0.03224260113198461,0.015289701159923924,0.08714857588196423,0.26947353471906493,-0.2682452789822135,-0.025488921148091384,-0.01697683654801082,-0.031128903213772277,-0.02885790627855457,0.3313615551462448,-0.25067365330003594,0.07199186422589024
-0.05230299013588134,0.05708778342118235,0.9041761365425106,-0.029328939198363255,0.007230320912744806,-0.9973910071725696,0.06556458339898898,-0.02951643218938177,0.004521661891448373,0.331615800593227,-0.1820078517384302,0.21128137180882575,-0.5748338318134188,1.090823448198552,-0.39563694946350203,-0.02133232659842678,0.0016768505080416783,-0.09175674927846883,-0.18285278304429764,0.3190736372738932,1.001313809217045,0.06355326364497638,-0.04550863397170482,0.1094434201155889,0.006184597095946236,-0.15824800885057588,0.03277829641401536,0.015122136836087029,0.0868245081980921,0.26920473163052305,-0.26840315574495255,-0.025343085712240383,-0.016332496681864764,-0.03130105032463403,-0.029252925361378267,0.3311455527578927,-0.25085075512145666,0.0720825508241132
-0.052554825546375694,0.05687881334261884,0.9041617091602252,-0.029365068903241826,0.007238712053136414,-0.9973781122202768,0.0657434030153201,-0.029657117479342614,0.004715580625870164,0.3318252181607827,-0.18224532976257013,0.21102064993042607,-0.5746129815776349,1.0897726792508233,-0.3958829700911431,-0.021494844330706045,0.0017063591091402875,-0.09109534932162945,-0.18240878592864784,0.31918992452175726,1.001026131004897,0.06321646355284267,-0.04601706161278558,0.10939122937502464,0.006261946650766897,-0.15823126958544045,0.03349569818331592,0.014905170466987786,0.08652616732887357,0.2684233897831702,-0.26834969075594817,-0.025419757457222247,-0.01573912297587042,-0.0315116671091262,-0.02959845686327482,0.33090077679478447,-0.2510650588327651,0.07227534692757273
-0.05278288737715972,0.056658626820619985,0.9041610328732109,-0.029408318408959393,0.007240984239542818,-0.9973650863365123,0.06592119168036481,-0.02991364297100247,0.004796084744727791,0.3318033796420659,-0.18255733653237555,0.21051983672976576,-0.5742345577938712,1.089164998409963,-0.39609796803668235,-0.0214059117417765,0.0019106518199364301,-0.09064648098140533,-0.18177313369789738,0.31929342601362,1.0011771037335595,0.06244402571408325,-0.04636732685053397,0.10954042599166132,0.006312654377776312,-0.15820856126980007,0.03433485561467613,0.014673658971512247,0.08625694712968263,0.26741062087513795,-0.2681827349078861,-0.0256853720281943,-0.015116198625304094,-0.03173317822653056,-0.02990493815028282,0.33060650362949,-0.25130175214293626,0.07251412627817418
-0.052995704998913165,0.056398583879906324,0.9041732800433658,-0.029444000621741104,0.007238752923977499,-0.9973530599036994,0.06608725432501045,-0.030011290871205437,0.004962222378036855,0.33199453065254925,-0.18277352494250967,0.21021338429377862,-0.574021267824395,1.088023616883217,-0.3962100139567912,-0.021462895059156162,0.002189966933215286,-0.08997435670628802,-0.18142861446959266,0.31922818564238076,1.0008685029328608,0.061348019154248014,-0.04683124533667727,0.10999872595788034,0.00638480905680808,-0.1582070242154963,0.03516391801783912,0.014418441880244083,0.086002356751856,0.26638082998980733,-0.26798350348446043,-0.02602869492196527,-0.014513793117058681,-0.03198006846534833,-0.030192964622646108,0.3303006863419944,-0.25152546988059105,0.07270740757109477
-0.053227512872794626,0.056153769803893507,0.9041689406714348,-0.029503737128461043,0.007240213123106292,-0.9973427327547372,0.06621617801336552,-0.03015709935799668,0.005019466486046891,0.33175976935608725,-0.18322468309494802,0.20937313624384274,-0.5736477450107805,1.0878476059199684,-0.3962909907921769,-0.021068398782242967,0.002542311342264354,-0.08967953163277836,-0.18060777875679598,0.31928382824499413,1.0014528012552733,0.06033773094064356,-0.046965337971465744,0.11041100479740229,0.006431443416449872,-0.158196405634803,0.035910615311212854,0.014182384527331764,0.08579152475534695,0.2656532627737236,-0.2679071652977638,-0.02617272026765823,-0.013893179885195358,-0.03221151795670805,-0.030446175891278487,0.3300408608699405,-0.25172475520492316,0.07290791895128125
-0.053464498610267204,0.05593762106522622,0.904166296816968,-0.029577115316784752,0.007238594741516522,-0.9973350540085242,0.06629922353631316,-0.03018018815226359,0.005160946733052105,0.3318193383314417,-0.18354926756867831,0.20883134992413108,-0.5734014420790458,1.0870373091914765,-0.396228640220237,-0.020894176373233018,0.002793561988402152,-0.0892222020776752,-0.18006488563890022,0.3194522179689186,1.0015247311439328,0.05958908340611912,-0.04726275803002554,0.11102693116342359,0.006489677691438827,-0.158244615543404,0.036478832210340054,0.013952122048190185,0.08563126913922833,0.26537494646725424,-0.268028820032103,-0.02597212442687301,-0.013285655512240922,-0.03244261360246343,-0.030658582631255565,0.32982759764213265,-0.25188529101408774,0.0731399695362067
-0.05371227950619225,0.05572422191132666,0.9041562835817508,-0.029673452712010304,0.0072374886583850395,-0.997329192556285,0.06634445445622714,-0.030231903812689007,0.005288183048920224,0.3316952308786691,-0.18393785156231354,0.20803461809759627,-0.5730867428692582,1.086569529504913,-0.39605035676938244,-0.020574480791218562,0.0029643186919655366,-0.08894523319861568,-0.1793904192079296,0.31972552673314314,1.0019729271221398,0.05917739043577,-0.047363566917956464,0.11166838253638707,0.0065329877353800135,-0.1583180647192317,0.03694482792328892,0.013731207197478786,0.08551850268686657,0.2654245601391141,-0.2682920209491841,-0.02556280089573919,-0.01265540114522643,-0.03266957095271153,-0.030830254058626744,0.3296385275613102,-0.25201490443336033,0.07337276570530142
-0.053932034852188955,0.05550361266241673,0.9041445151797208,-0.029767311059359796,0.007241863294557495,-0.9973242268415117,0.06637657089137185,-0.030210955623047177,0.005445502528703616,0.3315726190400258,-0.18441059480760194,0.20713195846958268,-0.5727552894438356,1.0861307225826833,-0.3957764264237779,-0.020331422386325897,0.003093006729533263,-0.08870096156733709,-0.17872149532116752,0.31995158190602696,1.0024681470993666,0.059031104176010346,-0.04742468721429474,0.11228384687173992,0.006583844022127232,-0.15840368019419246,0.03734979562741523,0.013521382221151275,0.08542261487630246,0.26557784758840874,-0.2686428245396749,-0.025138437537442576,-0.012068459850796812,-0.032886639184886934,-0.030981468218402485,0.32948216380723244,-0.2521587732880113,0.07356137440322706
-0.05414163533755974,0.05528602882151399,0.9041390694932531,-0.029854643851624882,0.007259559515067855,-0.9973188208650474,0.06641662882508544,-0.030118679695923023,0.005641239202448559,0.33163513537973693,-0.18470115673177326,0.2064645876991538,-0.5722893480497095,1.0851931380078175,-0.3954207680319984,-0.02038131599038767,0.0031952190844646605,-0.08831373405145575,-0.17821504400012617,0.32005534469669195,1.0026554932755087,0.058992460309697896,-0.047571494798869955,0.11285599666227059,0.006633255741504948,-0.15851116427438028,0.03776043185930627,0.013350314824645442,0.08532984111826895,0.26566350519480536,-0.26896858218418657,-0.024852216765396586,-0.01151300706026747,-0.033061895739065345,-0.031113846128118374,0.3293434181202398,-0.2523118056383365,0.07369120619002503
-0.054330077809085504,0.05505970222625753,0.9041461186450906,-0.02993252125711204,0.007295030684691834,-0.9973127300656813,0.0664691292814906,-0.029860770730660333,0.005866882242524643,0.3318283447630219,-0.18478619506411714,0.20607708447306247,-0.5717456728578603,1.0837242175312558,-0.39496603497928073,-0.02066764757593344,0.0033106001273635246,-0.08772803020365219,-0.1778879068589256,0.3199687860742645,1.0025603570902308,0.058983327219707164,-0.04778447601628142,0.11327130698069275,0.006686606008872132,-0.15863306694887608,0.03819948014988124,0.013229873835963432,0.0852407122505014,0.26561751900671227,-0.26924977677691125,-0.024824142144006536,-0.011013892373931635,-0.03318564154987268,-0.031225198821884955,0.32924705503273727,-0.2524802530763455,0.0736980704763917
-0.05453853320676733,0.0549058048818191,0.9041631872149122,-0.02999755532298577,0.007348382634670001,-0.997306802094392,0.06652285654988156,-0.02961961638104254,0.006101444275962161,0.33194913720387037,-0.184719153725798,0.20568424317342823,-0.5708087281859087,1.08225330208557,-0.39447644860635556,-0.020719436168285293,0.00347904293169926,-0.08712137137523952,-0.17747688269343612,0.3198708452147915,1.0025377350047295,0.05904915966002506,-0.04798376325464521,0.11348449088264131,0.006723347912500392,-0.15873575398216114,0.03864006838844306,0.013180836175530179,0.08518971653400688,0.26550748252370987,-0.26948437836458305,-0.024806989555751738,-0.010556846259214965,-0.033232711267183065,-0.03129183148337659,0.3291731679106154,-0.25262551394032773,0.07375326247697517
-0.05475201965238919,0.054721525341519146,0.9041280156050024,-0.030040108173679234,0.007401139276660868,-0.9973016045250629,0.06657570615514491,-0.02955737850659647,0.006304128134365941,0.3317816473643924,-0.18468123003551265,0.20494206099065673,-0.5695513578348792,1.0813338896880207,-0.3940665163858133,-0.020577196423198735,0.0036643896410216265,-0.08675433688613998,-0.17694981881996055,0.3198387424116825,1.0030135672237697,0.05915263961629225,-0.048115320365345396,0.11343650838878484,0.006739993740525145,-0.15877076688072597,0.03900088829986254,0.013127795088921531,0.08513279189643871,0.26547127291677497,-0.2697697164100251,-0.024897730964357004,-0.010193744713083042,-0.03328854076590921,-0.03135552885928658,0.32919632175738356,-0.252836952927306,0.07374378080794057
-0.054973769060934694,0.05460130604965075,0.904107356733714,-0.030080301618722487,0.007438944217369346,-0.9972961299274724,0.0666353269305687,-0.0294114371559816,0.006523230779404479,0.3317051307007451,-0.18472916491286384,0.20425338839567803,-0.5684340742791364,1.080432093060668,-0.39371588489446907,-0.020375331679646405,0.003878567229420625,-0.08631489216549587,-0.17637727459751934,0.3195778955567496,1.0033796274111662,0.05912344502819183,-0.04828705155891881,0.11328875464785161,0.006782992126939933,-0.15881300219525543,0.03934405811939962,0.013069608380102073,0.08505603563701383,0.26544342699162177,-0.2700286632936503,-0.024844215241653086,-0.009818770166714704,-0.033350914711152556,-0.031435715440781054,0.3291888563230845,-0.25304037690777686,0.07389864191121594
-0.05516162015964791,0.05443396157513548,0.904066016841369,-0.03012278043757184,0.007457447488454302,-0.9972909016435306,0.06669229396789861,-0.029297387880626108,0.006756828347673882,0.3315045103711176,-0.18494745444484859,0.2032258106023679,-0.5673329979560428,1.0799919496398067,-0.39347922255694273,-0.020143252541861383,0.004108668478272243,-0.08593500544685277,-0.17573008032179274,0.31893904939324996,1.0039239227265728,0.058842923494663045,-0.048433236753452645,0.11297527089340402,0.006833393569447788,-0.15883956613181707,0.03965997634600101,0.012952485416520488,0.08493722258336726,0.2654562444544749,-0.2703145660726836,-0.024820776813069566,-0.00943582358049183,-0.0334724659921594,-0.03155084306316638,0.3291519156970866,-0.2532876424270748,0.07406928059477735
-0.05534889665857257,0.05426508617730573,0.904034998516497,-0.030175381247480242,0.007461528951334144,-0.9972853370182483,0.0667512435889905,-0.029147045525473862,0.006994563778648941,0.3315602806862086,-0.18497767670270998,0.20252601653909724,-0.5663150153276613,1.0790408701025607,-0.3932814085922582,-0.020268320728985854,0.004282755164610703,-0.08538826154251238,-0.1752332253036521,0.318042379812752,1.004073764509648,0.05822701774015335,-0.048693026162205985,0.11263897446447978,0.006882397996013146,-0.15890452450268777,0.03999243570334927,0.01281332132118551,0.08478324866651081,0.2654585544191282,-0.2705566322902527,-0.024792553332804407,-0.00901474200143201,-0.033616952164974026,-0.031692179895426734,0.329074786629744,-0.2535201103743959,0.07429152965350998
-0.05550021982106875,0.0541101389697743,0.9040260946193344,-0.030217702983873034,0.007462952191647313,-0.9972795874953706,0.06681780553136381,-0.02901540559627593,0.0072321341048993066,0.3314605313690941,-0.18519404126233074,0.20156529375564913,-0.5652453061669709,1.0786291526555378,-0.3931794402832908,-0.020274153470509718,0.00446905249338711,-0.08498126016282892,-0.17461516489428233,0.316972731541792,1.0045014866710202,0.057451518907736844,-0.0488353561611911,0.1122306884536175,0.006931370281636315,-0.1589657588498598,0.0402926251124753,0.012668433267450702,0.08461346870539438,0.26543388512150606,-0.270780711527383,-0.024723584204157812,-0.00859312520417835,-0.033766450905454624,-0.03185314525755146,0.32891873216955236,-0.25372871319359075,0.07454240537027759
-0.055677908537374636,0.053962002613424716,0.9040656141657287,-0.03025683039880602,0.007455375668361157,-0.997272688858747,0.06690385373284774,-0.028940631248890476,0.007407700367827536,0.3315006619039294,-0.18528109627077027,0.20082663759740862,-0.5643142163274256,1.0780404350835227,-0.39308938103534463,-0.020453061379718536,0.004623204790662173,-0.08459673519913202,-0.17412954496513305,0.31606268486349626,1.0047722259068594,0.056666828484813817,-0.04891163347122542,0.11187293218454392,0.0069661028858636325,-0.15907289714578038,0.04062852401243855,0.012505876570134892,0.08442853429421647,0.26529345445001484,-0.27084539393658413,-0.024597685175887493,-0.008141147916749738,-0.03392716450560952,-0.0320330340756502,0.3286892622963329,-0.25380103657563413,0.07474440687101633
-0.05581509200834784,0.053816721838520085,0.9040649555071603,-0.030261103048119114,0.0074336805588316205,-0.9972651175008289,0.0670170982042512,-0.02895697248973117,0.007502899307668109,0.33138568166373084,-0.18542453335724388,0.20004203463541453,-0.5634065754971027,1.0777574189775818,-0.3930262299059252,-0.020727068267362925,0.004819652345007893,-0.08432424843992885,-0.1736830181459477,0.3152334960039314,1.0051010869343904,0.05603398119237116,-0.04901835431825004,0.11154129115016108,0.006993473060048794,-0.15918425091724964,0.04081075906611836,0.012309187075344084,0.08421882791669213,0.26523784026794006,-0.2709543624026517,-0.024407324691789314,-0.007823328522655755,-0.03413447887739417,-0.032244917608191995,0.328551826715149,-0.25392963155525106,0.07486918037627872
-0.05592923733650313,0.05367295669497487,0.9040391027814064,-0.030243459990171747,0.007396341921935101,-0.9972567763466451,0.0671531777706335,-0.029053864384472924,0.007528630991043674,0.33124947849782993,-0.1855778637725262,0.19927439806299843,-0.5625378345453279,1.0776325722080249,-0.3929826214103798,-0.021102783630357298,0.005059943957103446,-0.08414820806232644,-0.1732971894635581,0.3144625913332264,1.0054263597474757,0.05555849211412346,-0.04917718630575811,0.11122164118793712,0.0070143385219544685,-0.15931433938148878,0.04090295133010721,0.01207585420507278,0.08398073121423597,0.2652167446784309,-0.2710840079647671,-0.024160408978207048,-0.007602731735609559,-0.03438388030442075,-0.03248945531061313,0.3284989648272463,-0.25410574041040623,0.07493862335616461
-0.05604869864268686,0.05355680427112718,0.9040282066953662,-0.03023439800507368,0.007360512089255717,-0.9972480979969032,0.067289932981197,-0.029169901923218503,0.007532548657740828,0.33119615476714453,-0.18567233757552537,0.19865517098049643,-0.5617622448403665,1.0774869199162824,-0.3929323542571861,-0.021539664410880448,0.005302829397905317,-0.08402729269574002,-0.17298758405897724,0.3137950379292559,1.0056680922488026,0.05521594099207841,-0.04932973718480128,0.11095751501377005,0.007029225537733775,-0.1594632521087706,0.04100529311571983,0.011866885855284027,0.08374449001135185,0.2651976053241944,-0.27118669691112807,-0.02389512435010776,-0.00735448021300751,-0.03460976242587267,-0.03273087086303108,0.3284233531670282,-0.25426067276703646,0.07502184905014915
-0.05617341758089918,0.05344830458311425,0.9040105413897113,-0.030249015982678897,0.00733873753459216,-0.9972397681212234,0.067409085745224,-0.02923490613170643,0.0075587914715861465,0.3311794671075864,-0.1856611840426007,0.1981538725614036,-0.5611269830104681,1.0772400858853848,-0.3928584857830904,-0.021985056491201263,0.00555052345826299,-0.08388090801963603,-0.17278015641808467,0.3132134747941855,1.0057797809753273,0.05497222426555926,-0.049448241658470435,0.11075914182481154,0.007041084289211281,-0.15958518462615798,0.04118450573629649,0.011709643278729824,0.08353196165535962,0.2651663055491858,-0.2713191051023965,-0.023737670107518552,-0.007062097929154034,-0.034778941220026345,-0.032948349569908504,0.32835375114734305,-0.2544292664111869,0.07511144719043733
-0.05631501749258609,0.05334956731822589,0.9039953661504305,-0.030296314076940695,0.007345255944965119,-0.9972320971565555,0.06750055532506918,-0.0292223997495967,0.007581873683988389,0.3311826485619291,-0.1855489826961419,0.1978715980623783,-0.5607601461420548,1.0769227320030024,-0.3927087548846865,-0.022474279694729347,0.005756662758397626,-0.08374730892265686,-0.17266958547065955,0.31282866269743875,1.0058399681893684,0.054797009090914645,-0.04944003213666366,0.11069338108108827,0.007045470666029739,-0.15965891777969707,0.04144980361978558,0.011643850410121963,0.08335936974128588,0.265143973811905,-0.271460061268653,-0.023755078412576375,-0.006663646559139268,-0.03485091530945424,-0.03312540427965308,0.3282131163169973,-0.2545789574290713,0.0752351762634615
-0.05648229542800003,0.05326124248724485,0.9039903095173675,-0.030347807206842235,0.00737367771622712,-0.9972251579771515,0.0675767990668313,-0.029072309989101007,0.007728120582118095,0.33109778207001467,-0.18563490148027312,0.19731881062668288,-0.5605184613103378,1.077091407750936,-0.3925757841098641,-0.022626881058933394,0.00596347997790797,-0.08358776483108575,-0.17256462338315484,0.3122836922863373,1.005937079805592,0.054780594646765254,-0.04924528666516935,0.11077915615916063,0.00707276927298214,-0.15966487137209798,0.04175267675263531,0.011644330280700147,0.08321424311702923,0.2651006557887884,-0.2715740784264255,-0.023885469645990094,-0.006215052191335043,-0.034852711475636226,-0.03327559209306108,0.32798868911739376,-0.25465587672911444,0.07539235023774828
-0.05665820869059268,0.053179138110415115,0.9039986133974288,-0.03041938443098786,0.007406468162900293,-0.997218532458304,0.06763877439677725,-0.02890454890864626,0.00788587529764258,0.33102022817539817,-0.1857331086622501,0.19676830664031977,-0.5604803134199939,1.077363040590744,-0.3924131554083915,-0.02267089700394385,0.006182783517164007,-0.08347017693686874,-0.17252682484378667,0.31189275561545243,1.0059998710963771,0.054852506233345914,-0.048969710614840865,0.11095709779795276,0.0070917216564342165,-0.15966187800750695,0.0421212350207664,0.011669452566390024,0.08309118713274523,0.2650333172688155,-0.27168356807401867,-0.02404738110131588,-0.005708201323249139,-0.034826263330205026,-0.03340929627621943,0.32773491281204786,-0.2547142820262485,0.07552319388110879
-0.05686189472370635,0.05311973141322297,0.9039621655015062,-0.030495631349435302,0.007429275746904087,-0.9972125821822937,0.06768964668099527,-0.028762311293212363,0.008043089572021746,0.33095256127063,-0.1857308066667141,0.19628188313214948,-0.5604415966990096,1.0775965077095948,-0.3922369558711474,-0.022699059414827676,0.0064139905857924845,-0.0832981114228287,-0.17255599799364915,0.31163232677133323,1.005914070494089,0.05494681201451711,-0.048783535427527225,0.11120678671322032,0.0071022779545342,-0.15965659235888344,0.04246658390859931,0.01168884950479177,0.08298967489532277,0.2650742013476699,-0.27188790843607025,-0.024097124700094688,-0.0052597007083344935,-0.034813020508553734,-0.033530524368427815,0.32764614605211595,-0.25486314669263005,0.0756291035439111
-0.0570335768052425,0.0530706438029816,0.9039397065120303,-0.030578683095635648,0.007434896877421135,-0.9972078327930753,0.067721522905918,-0.028685607745659553,0.008137256051030167,0.33092774692006766,-0.1856473024752974,0.19590763532553576,-0.5603698823939389,1.0777675798063042,-0.392094187663271,-0.022754805754282473,0.006647452293221168,-0.0832436436200953,-0.17260599969878573,0.31154696551526356,1.005836432247504,0.055019622171807364,-0.04865144398116668,0.11144849422963682,0.0070963778127071005,-0.15966073852316798,0.042834916031569296,0.011670274308270364,0.08291021443380568,0.2651205532575668,-0.2722062845839484,-0.02399809971280135,-0.0048420523116059246,-0.03483248038699441,-0.03364394195287246,0.3276479103106502,-0.25512632277560104,0.07561723414713298
-0.057239523800787805,0.05303114446667356,0.9039107816927355,-0.030678194185815546,0.0074304455774164314,-0.9972038378757501,0.06773582955787316,-0.028657202168467136,0.0082413946923271,0.3308990248525794,-0.18550317017012868,0.19554485955933051,-0.5602935274406164,1.0780688205819893,-0.3920175320482571,-0.022761170982582367,0.006865891267762914,-0.08317160850163834,-0.17271422889856283,0.31164935051692905,1.0057331031517756,0.05506074554254962,-0.048571338070751834,0.1117171453786385,0.007088431996832441,-0.1596638461069677,0.043242601001273875,0.011645824624608914,0.08285135377448662,0.26521494761179576,-0.27257058597154343,-0.02379930569384275,-0.0044152883277781205,-0.03485862792701248,-0.03374251406275017,0.3277397801920675,-0.2554311553685222,0.07551979392011395
-0.05741713578928851,0.053000141343480404,0.9038961873390579,-0.030769178663025653,0.007423507976192054,-0.9972001601463993,0.06774946330212317,-0.028608705746804238,0.008306622935223534,0.330888162489049,-0.1853508535448873,0.1952707609072337,-0.5601942160481712,1.0783372491777867,-0.39193922973196943,-0.022809867272539072,0.007061756126987903,-0.08316687720578153,-0.17282173666116663,0.3118258527954258,1.0056466639888963,0.0550808070126243,-0.04848368249504943,0.11197109891377764,0.007076690035237326,-0.1596721537922177,0.04362339267606008,0.011617191697745409,0.0828000740044417,0.26528864532820284,-0.27293111482539767,-0.02359284886660145,-0.004019663661150855,-0.034886150274518954,-0.03383580318564416,0.32781952910841994,-0.2557396276194461,0.0754155757541092
-0.057565113426392964,0.052937578076490625,0.9038645489358743,-0.030842447973198836,0.0074144784884932,-0.9971960036092125,0.06777830993451915,-0.028615649561195305,0.008391655202028699,0.33085049326438143,-0.18521794364401617,0.19495751823151156,-0.5599485561299464,1.0786941721732382,-0.39175519267849634,-0.02293638717317447,0.007190926659460783,-0.08316689826501379,-0.1730368990550358,0.3121474380848181,1.0054973254633008,0.05507215325278574,-0.048450019999330324,0.11217506990340269,0.007064135358541604,-0.15969769227078212,0.04394744385899635,0.011576331562840244,0.08273001856485758,0.26532519070760396,-0.27322062065242225,-0.02354945737612161,-0.0036903436196674354,-0.034932762052616084,-0.0339350857364143,0.3279028917108892,-0.25603093554879375,0.07533063900036764
-0.05769959462386741,0.052902357132360044,0.903865022196029,-0.03088238782181123,0.007407644858996673,-0.9971911424761856,0.06783236902177199,-0.028574127086928396,0.008462172113946002,0.33082472968287746,-0.1851941134135136,0.19468030935648525,-0.5595702258294973,1.0791678205987478,-0.3913117886688907,-0.0230800789217117,0.007230733425997789,-0.08324775125293354,-0.17324161576629526,0.31258998412273975,1.0054009389239302,0.055050744915890376,-0.04831876614659619,0.11235966408700183,0.007055457211871645,-0.1597577652318831,0.04421992122116149,0.011545314033101578,0.08265511922226931,0.26521525139997065,-0.27330764165109067,-0.0236190584981721,-0.003397211722960781,-0.03497366616802805,-0.03403308866037128,0.3278523963183568,-0.2561869737970131,0.07544802626121153
-0.05786816187915841,0.0528993516918571,0.9038972911002128,-0.03090504025160451,0.007399152014957376,-0.9971858486279385,0.06790076827757036,-0.028553043042094464,0.008538040998778007,0.3308158803811983,-0.18520819850575665,0.19443464375993624,-0.5590548755542606,1.0797532361789104,-0.39057250047103514,-0.02318914524320094,0.007165867207485205,-0.08336491097166335,-0.1734846440354734,0.3132269196943328,1.0052691120876918,0.055011703081143434,-0.04810425103978891,0.112551524379357,0.007045865022673251,-0.1598472147424741,0.04450131552791849,0.01152408906791058,0.08258904096375182,0.26497294023414786,-0.2731930604947656,-0.023733900611585396,-0.0030915637000701107,-0.035003746610674166,-0.034121923002315105,0.32768046654698657,-0.25617707725287353,0.07572387640691798
-0.05793011347717033,0.052832634978911205,0.9038907418012107,-0.030910118151730212,0.007390758454737627,-0.997181063909245,0.0679696039869,-0.028634558287066226,0.00864710507708536,0.33077798402582653,-0.18521083009253453,0.19419050949041286,-0.5583606242391689,1.0802359794762444,-0.38969976981945315,-0.023525659556613145,0.00704026687779623,-0.08350780889584791,-0.1739291717070247,0.3139106353729082,1.0049805009926276,0.05495655488404713,-0.04811564748952506,0.11265042557344863,0.007032966751996061,-0.15992770535988765,0.04467765411732533,0.011483741305861314,0.0824990621156767,0.26479112635010343,-0.2731885852348747,-0.024031033521810498,-0.002899376145590524,-0.03506046575142319,-0.034225065912755516,0.32758514419228607,-0.2563028098403787,0.07586681433363625
-0.05801906706757142,0.05282178446832886,0.9038559511006692,-0.030930786197082685,0.007390827461840662,-0.9971758926032459,0.06803602976055653,-0.02858230782771507,0.008728428593227018,0.3307449404381682,-0.1851972947097691,0.19414086900995753,-0.5578143394071958,1.0806413577493064,-0.38894060077384773,-0.023877765476642585,0.00686030592269728,-0.08350816441173227,-0.1741916908066076,0.3142808795456171,1.0047582197242215,0.05496223707980113,-0.04823925349244466,0.1127056256466679,0.007036700583991342,-0.16000145320634343,0.04482382260108742,0.011502932011313648,0.08239352056365809,0.2647731638484072,-0.2732858921761902,-0.024186366358872502,-0.002693168302075841,-0.03505502122897731,-0.03432897596592055,0.3275477609167086,-0.2564539357347779,0.07597125483422983
-0.05815014083905388,0.052879792475031454,0.9038268217526065,-0.030986202149920622,0.007400436595326552,-0.9971704781547795,0.06808910567110525,-0.028434085097385146,0.00879078504903303,0.3307029734107013,-0.18521706556742312,0.19419769769311612,-0.5574824591972674,1.081115026061325,-0.3885192479669948,-0.024064267672279895,0.006601479299065625,-0.08345000696587274,-0.17425987926931852,0.3143806037430989,1.0047617498751877,0.055143139407175884,-0.048489813531995496,0.11272050710665674,0.007048057218610983,-0.1600850266553416,0.044998789513087785,0.01159381295042463,0.08228708368101205,0.26490057556874747,-0.2734544005852306,-0.024116629516427367,-0.0024213097680118225,-0.034972381866784065,-0.03440025741506573,0.3275487064875086,-0.256587246691835,0.07602017268770435
-0.05827422039101454,0.052926516619142244,0.9038215824586218,-0.031046467330569028,0.007420941954496248,-0.9971653977499525,0.06813380964674538,-0.028476462878717627,0.008905704552517234,0.33074975421882385,-0.18514642007246304,0.19423354315989622,-0.5568219367823544,1.0815076820395784,-0.38856570675321,-0.0242014297334979,0.006177748950921089,-0.08336787602414214,-0.17441637265385998,0.31438948957935514,1.0046923057689807,0.055551645893852884,-0.048973938783690114,0.11268997935184381,0.0070454012024233036,-0.16017471199778438,0.0451602202748675,0.011719897498480512,0.08216296003465581,0.26509267306474543,-0.27365470872318126,-0.024013390396206525,-0.002110980735078828,-0.03484755169209095,-0.03446057088618643,0.3274734089207141,-0.2566595570507591,0.07591379682131906
-0.05841430671196932,0.05296454652927851,0.9038191262573606,-0.031114731160384455,0.007440351773973045,-0.9971597379838596,0.06818336757785615,-0.02847377884473047,0.00901779387739496,0.3307649770852707,-0.18506461818179634,0.19430814686926318,-0.5562661296562004,1.0818561901874977,-0.3889093986324202,-0.024315661386648486,0.00566978767266186,-0.08321112442795853,-0.17456533602669952,0.31427371210254673,1.0047001218899867,0.05603607702424448,-0.04946178534943023,0.112615302983998,0.007053053989938956,-0.16026198218924562,0.045343727001728784,0.011847096239025853,0.08202097819308359,0.2652766353960008,-0.2738266452242735,-0.023909765841880103,-0.0017750011985925573,-0.034715237677416175,-0.03454117355750528,0.32739639083389827,-0.25670616152304826,0.07571536649513082
-0.05852571450048141,0.05296075628379504,0.9038049756661246,-0.031166839881466058,0.007456846409124221,-0.9971539968965453,0.06824170284128699,-0.028481872779240514,0.0091116968073577,0.33076266462471804,-0.18495585974543982,0.19438374950194795,-0.555730446880223,1.0820903885296471,-0.3893278219205543,-0.02445490268484989,0.005181703496627414,-0.08302865730725754,-0.1747069295164813,0.3140093341466214,1.004660168475262,0.056421140352584574,-0.049823584005082994,0.11246676220448482,0.00706015911150994,-0.160331667185141,0.045486110956691084,0.01195362839593086,0.08186033715903393,0.2654510412720177,-0.2740264641038816,-0.023948644378047782,-0.0014642681071688156,-0.03460838436555291,-0.034675627354676525,0.32731273218384066,-0.25681198000230515,0.07540804074927607
-0.058615960880389256,0.05299942276580942,0.9037999014076651,-0.0312082808599906,0.007462536882341492,-0.9971474298819331,0.06831805638994015,-0.02850176313247679,0.009183005735583194,0.3307236213655793,-0.18488268725113266,0.19448671400288095,-0.5552518777145252,1.0823438704701893,-0.3896092541298986,-0.024456539079528303,0.004805613509077938,-0.08288988811725902,-0.1747538529606811,0.31374062129213953,1.0046526701514158,0.05650176099805032,-0.049950576387862405,0.11232056545831882,0.007066171622970946,-0.160396178145882,0.0456370588284381,0.01204877115584412,0.08169366469620953,0.2655208265182416,-0.2742110249452006,-0.023997157572945845,-0.0011704535693586313,-0.03451437198468116,-0.03487285976437648,0.3272394584826631,-0.2569847497627834,0.07511684590388978
-0.058737912940119597,0.053096160546918444,0.9038189232093129,-0.031233319809223243,0.00746831084624153,-0.9971406188325537,0.06840533854188925,-0.028601696694743974,0.009257171703964666,0.33074188238398894,-0.1847225180177438,0.19463479369103628,-0.5545979347545141,1.0824620517066845,-0.389781638265871,-0.024286755587711324,0.0044921592285994605,-0.08274918062843606,-0.17474287315599782,0.31338732315026274,1.0045587748778915,0.056290248076212156,-0.04984032417118424,0.11225685278093474,0.007063753589423261,-0.16045003256550922,0.0457922006993526,0.012164469308785113,0.08153137124779959,0.2655151349846284,-0.27432628332605785,-0.023981238276425385,-0.0008701573971301147,-0.03439541246089955,-0.03510609551451266,0.3271225208674069,-0.25711729522414806,0.07486134122896458
-0.05888153487539865,0.05316977531067052,0.9037897480822593,-0.03125262411716417,0.007466189577605649,-0.9971339745015096,0.06849355001608029,-0.02870114555064062,0.00929909685815815,0.33069748193875437,-0.18450196440808242,0.19482493530180003,-0.5540759860926976,1.082494342365331,-0.3898106361622748,-0.024182298502141233,0.0042255322665741574,-0.08255214915431665,-0.17479197485513376,0.3130159580188135,1.0044360050807268,0.05581059105067262,-0.04960125952889008,0.11222996648178642,0.0070624327739005795,-0.1604797926665556,0.04592194209396682,0.01226489565777733,0.08136722506018067,0.26555295249491884,-0.2744570901979953,-0.0240449955690319,-0.0006122065415017333,-0.03429789000946496,-0.03534874477412009,0.3270895630520224,-0.25729861214394883,0.07457499356784064
-0.059003610953249824,0.053235899521053585,0.9037593075435392,-0.031271737087076625,0.007465132902885175,-0.9971273959815603,0.06858065640785051,-0.028790988187634564,0.009363009127979157,0.3306615289675509,-0.18431905397033052,0.19495239950010373,-0.5536858009457271,1.0825136566988358,-0.38974082520182274,-0.02402128203261126,0.004071990736845589,-0.08235114462778118,-0.17483218242743562,0.31266231712030096,1.0042862119168088,0.05519502392243746,-0.04930090022627111,0.11214693326756887,0.007066514971576412,-0.16049454365920687,0.04604345660953919,0.01236921762936616,0.08120522680489864,0.2655894576290604,-0.27459885154722435,-0.024169395461342665,-0.00036708168839335177,-0.0342000400609588,-0.035572702944115984,0.327052079824739,-0.25750112314788137,0.07436228087778401
-0.059179680588261306,0.05332463194477133,0.9037649718699895,-0.03128599962973774,0.007466203159150997,-0.9971216002522598,0.06865825768199188,-0.028903605949413543,0.009426177541974523,0.330706930645493,-0.18412209777618083,0.19510755093624363,-0.55330499556611,1.0825263979095971,-0.38961696490178876,-0.02381544993564385,0.003946322065029623,-0.08211459507975225,-0.17481446183035027,0.31224924722200276,1.0041040730623199,0.054554546911886215,-0.04894804194785078,0.11212631661061552,0.007071066687700214,-0.16049132436422456,0.046199290287201114,0.012492491568623289,0.08107065461205268,0.26556383528405625,-0.27460407638460754,-0.024279851093293718,-7.053240714264224e-05,-0.0340808758664651,-0.035749139615749416,0.32689164369858137,-0.2575604994515816,0.07435800031902828
-0.05928644836805333,0.05337914556445393,0.9037617112798939,-0.03129969386240809,0.007463843041319938,-0.9971160981382555,0.0687321398234821,-0.029050814840007908,0.009491228271584572,0.3306959797447925,-0.1839727435909747,0.19521406838481056,-0.553068047147836,1.0825403333319568,-0.38939912129663845,-0.023707127169055563,0.003938798680353547,-0.08189271591548662,-0.1748468825396906,0.311892550894601,1.0039030858901037,0.05383757144826661,-0.04869394554459528,0.11207422847642613,0.007077762452353877,-0.16046297622380104,0.046337655757194327,0.012599003016436915,0.08093951534915453,0.2655191438364955,-0.27464296311845127,-0.024517705241132733,0.00019843809760692807,-0.033981353409985586,-0.03591470780380851,0.32672080520246777,-0.2576797240209045,0.07439933830042154
-0.05933986345208364,0.05346732857885088,0.9037731871984773,-0.031299951548551884,0.0074684250878950436,-0.9971109714408423,0.06880585943118828,-0.029138237330167138,0.009544134652535943,0.3307217311368797,-0.18387065884026693,0.19539186431121494,-0.5528372468697749,1.0824999875350911,-0.3891488097484233,-0.023711960201567794,0.004004861418876967,-0.08164205878992473,-0.17482003690190528,0.3114536906541189,1.0036701832645052,0.0531472205681008,-0.04854698299552222,0.112050744512098,0.007090696942101698,-0.1604229753586378,0.046427112145723995,0.01273535500698587,0.08080926329692495,0.2654651210008155,-0.27470941551693245,-0.02476311973674021,0.0004287692840731774,-0.03385324393794224,-0.036075058599568006,0.3265133475919792,-0.2578060324656092,0.07447701785284024
-0.0594409163735665,0.053571607316806574,0.9037701869408067,-0.031308581331611955,0.007480191377579864,-0.9971053878930967,0.06888152805007815,-0.029196895116881318,0.00961348074429181,0.33071717986664456,-0.18372377148293537,0.19555559903052028,-0.5526719693544341,1.0825345647448277,-0.38888980113852484,-0.023736852891856963,0.004058286313286908,-0.08133464282177603,-0.17479881410531375,0.3111753483004335,1.0035268371172215,0.05254991687280043,-0.04844776346295323,0.11207461085100494,0.007101794463022954,-0.16040063515946465,0.046520464836284726,0.012900508262167952,0.0806763730784225,0.26544829785187446,-0.27473971368494127,-0.024984477497256026,0.0006407590401232263,-0.03369719194761844,-0.03622777633151863,0.32639319588408194,-0.25788068560082517,0.07445930394227847
-0.05953824023972548,0.05370514632328695,0.9037492643865026,-0.031305904881626156,0.0075113498195526094,-0.9971000885398728,0.06895602495220259,-0.029126653098769426,0.009680450054967189,0.330716296963935,-0.18361480915460454,0.1957378214322557,-0.5524616468093921,1.0825721388751208,-0.3887053959395552,-0.023861839177955018,0.004027414498256074,-0.08092838059449353,-0.17475459225361645,0.310853858543272,1.0033557796355144,0.052229053289268995,-0.04846005031653309,0.11210787206901196,0.007124501073468815,-0.16038890059054767,0.04654880432382715,0.013125520991697323,0.0805403511262406,0.26548330469276904,-0.2748008889931159,-0.025213119051695786,0.0007783517484842663,-0.03348050893051882,-0.03636955392952252,0.32634455628473275,-0.2579386312104608,0.07424110697181857
-0.05959042592568408,0.05380705229902727,0.9037229918147544,-0.03128578626203227,0.007545698423689797,-0.9970955100374042,0.06902757330599185,-0.029031641435162597,0.009759658271816298,0.3306698727165547,-0.18356490542567225,0.1958554326853156,-0.5523217224990521,1.0827186039454153,-0.38856501481354255,-0.024095999212330542,0.00391205440970218,-0.08065580066848814,-0.17475748526171545,0.31066493059612477,1.0033830194613425,0.05215681917138933,-0.04854123511920946,0.11210681917924321,0.0071414735175613885,-0.1603777891186812,0.04651668048509165,0.013349688218820845,0.08039230477775376,0.26552360535640135,-0.2748910904870184,-0.02555837185018684,0.0007972215126024384,-0.03326609771993178,-0.03650480316719212,0.32641190748747184,-0.2580368119731293,0.07378976318643846
-0.059668465704729175,0.05393505143050536,0.9037167793081757,-0.031287508863054085,0.007591250862402598,-0.9970897961120688,0.06910429211475493,-0.028908257496621466,0.009848397711427483,0.3306572331943936,-0.18353529149398512,0.19597245946173386,-0.552137340845065,1.082959325868162,-0.3885078731328824,-0.024333007181095233,0.0036855715944703587,-0.08030789778505618,-0.1747043077117581,0.31043856161708877,1.0034213080162468,0.05228673096447688,-0.048672518412253354,0.11210869807240428,0.007166001479526107,-0.16039765676722942,0.04652007102555943,0.013617202364411574,0.0802374530205636,0.2655781301638399,-0.27494369541748126,-0.025858900823091634,0.0009163554180159117,-0.033006552816843865,-0.036649553038610845,0.32637134890319,-0.2580416372969878,0.07335000189027557
-0.05974672302762265,0.05404693380718168,0.903734756935635,-0.03128735278614714,0.007622204559656795,-0.9970837226892368,0.06918853591064823,-0.0288054915291448,0.00989010870740701,0.3306633341658096,-0.18351296587729862,0.19605411516475865,-0.551985412359875,1.0831931350466766,-0.3885347326265918,-0.024509355923873086,0.003458274658436316,-0.07997510422557874,-0.17465995638756174,0.31022863598087524,1.0034105387776922,0.05239359841367489,-0.04870392445117201,0.11213990004703377,0.007188048698573397,-0.1604068072380796,0.04654243821936564,0.013848200756060814,0.08006697247057462,0.26559139230652806,-0.2749567882866803,-0.02612967825517875,0.001091060665756205,-0.032779672269594294,-0.03682806485433655,0.32622594762523566,-0.2580179560218996,0.07300570560128089
-0.059809215067561254,0.05414428398219834,0.9037548875231335,-0.03128734774914441,0.00763748710480019,-0.9970765602871311,0.06928999630200094,-0.028729169366748155,0.009880283968116533,0.3306608738025614,-0.18347798686028574,0.19613457184016767,-0.5518855783714727,1.0833722569627688,-0.38868124793489933,-0.024667710042805203,0.0033064029365284715,-0.07964455841437185,-0.1746199751437837,0.310037934987989,1.00329180270687,0.05225740012216315,-0.04861313906018067,0.11222612912817996,0.0072075933251644735,-0.160397171949731,0.04656051375313132,0.014043481784817109,0.07986368186966405,0.26561700938916166,-0.2749984785882,-0.026352040511178454,0.001336056810467006,-0.03259144742744068,-0.03707052162320705,0.32596554938226924,-0.2580241670484758,0.07286237329022804
-0.05988429828689723,0.05427408413741087,0.90378429441839,-0.031292502568539646,0.007647045299107241,-0.9970682196243581,0.06940653712946769,-0.028655662073959275,0.009800806630396501,0.3306598874178246,-0.18344735241214935,0.1962545880883288,-0.5518487820698178,1.0835543127758862,-0.3889549634502763,-0.02474677219512574,0.0032481123747691468,-0.07925294121375136,-0.17452873256753326,0.3099238711348357,1.0030337574000507,0.05183402470977385,-0.048407015216998,0.11238236432037113,0.007229432069708919,-0.1603771460844364,0.046593833828256104,0.014246083637280634,0.07963814795131785,0.26563165643015213,-0.27502459048930317,-0.02647039170529522,0.001667599906334841,-0.03239880568504032,-0.03735747803704696,0.325574573763621,-0.25799750302839686,0.07292474937532957
-0.05998437024025301,0.05441099401674135,0.9038079157749661,-0.03130072932730741,0.007645270997970676,-0.9970599315690828,0.0695219895745385,-0.02860994544785396,0.009709818463014474,0.3306457525186203,-0.18335323658334465,0.19634640614241883,-0.5518491788636188,1.0836807394285313,-0.38925717045117275,-0.02472100899173547,0.003282602029294838,-0.07888685009548492,-0.17445302579653546,0.309905308020331,1.0027808182521203,0.051196410480766646,-0.0481714154768315,0.11260996014155644,0.0072437745520756115,-0.1603469810178716,0.04663643424276988,0.01442471917450298,0.0794160906088808,0.2656594274873949,-0.27503071376375876,-0.026528255944344967,0.0019869953489021607,-0.03222807555766371,-0.03764273126841454,0.3252376002512997,-0.25797408121261256,0.07303328341949095
-0.06005246866615261,0.05459004485627926,0.9038058376236581,-0.03131421718061326,0.007643418898748312,-0.997052203949011,0.06962686658412538,-0.02858793577754612,0.00960569515492679,0.33060743740366205,-0.18326055309166298,0.19645014372255318,-0.5518311851431106,1.0837693087402394,-0.38946845136209046,-0.02465287028859685,0.0034437699853645653,-0.0785107660658367,-0.17435977811680603,0.309915100708284,1.002486595181274,0.05049951789341908,-0.048111095738317386,0.11282399832923182,0.007258870325243575,-0.16030532375601453,0.04665694395787739,0.014622578891188698,0.07921670406329132,0.2657366308325241,-0.2751208385678032,-0.0265542991272003,0.002245489695317053,-0.03203672595442823,-0.037893240308214636,0.3250176066813559,-0.2580477532343117,0.0730739773735844
-0.06013627323850162,0.054746422585202986,0.9037972564117404,-0.03134441966353703,0.007628441936052745,-0.9970455701527592,0.06970986492845843,-0.028591708471667983,0.009498671509295542,0.33060431463618367,-0.18310990640447816,0.19649382554465408,-0.5517878319006133,1.083803124873729,-0.38944292578688144,-0.02455417056729298,0.003690919183469309,-0.0781257918850276,-0.17429050789491043,0.3098828183176742,1.002246708671652,0.04987415866033118,-0.04818368713889967,0.11296132905701216,0.007271532920450651,-0.16026347070384794,0.0467333594093693,0.014781510022947164,0.0790485382593354,0.2658041670955186,-0.2751990399730838,-0.02662707155491511,0.0024531212998812877,-0.03187750284997991,-0.03808794509531308,0.32498193413428095,-0.2581809149568094,0.0728700862759245
-0.06021443623880367,0.0549077068518049,0.9037890287753128,-0.031381745986592234,0.007606109578606259,-0.9970396329552876,0.06978039432603393,-0.028612179952377314,0.00938883308341034,0.3306154888316966,-0.18293928918849944,0.19651794623295807,-0.551719877188196,1.0837830416114091,-0.3891587366475898,-0.0244212117010862,0.004038923330756894,-0.07774268186300577,-0.17421010182565544,0.3098188229063611,1.0020456425394086,0.049352127957853015,-0.04837279218360464,0.11302166183857366,0.007283422239615887,-0.16021482465350634,0.04683527924469491,0.014924078657795417,0.07890209502988489,0.2658684335596556,-0.27529567949406314,-0.0266980962857931,0.002629893469859917,-0.0317300196917013,-0.038243159495584024,0.3250420101587642,-0.25837208927220356,0.07253422905561724
-0.060354729630884084,0.055051622518065585,0.9038041917522882,-0.031424017615808986,0.00758532899542233,-0.9970337267857785,0.06984798889427106,-0.028626207728591414,0.009262441744681337,0.33064759892769,-0.18274760133986157,0.1965149591628302,-0.5516981462672744,1.0837675908681264,-0.38871643671918066,-0.024232143317122392,0.004406596133033503,-0.07736704271287559,-0.17410188992783632,0.30973209889565484,1.0019520984851091,0.04895787469623211,-0.048487384350665214,0.11303853058301594,0.007294110209097199,-0.1601781546072671,0.046981895168043,0.015068503398406183,0.07875490559419644,0.265881708515956,-0.2752551541227378,-0.02678320016831811,0.002838969419235401,-0.03157555230858973,-0.038392535978922504,0.3250744328351503,-0.25843371608774934,0.07214081820459799
-0.06040583980679315,0.055151858231912286,0.9038000804437952,-0.031423894802193666,0.007567340666943229,-0.997029101841272,0.06991598009237597,-0.02863139791992334,0.009185270330547004,0.33062348883017095,-0.1826562248451059,0.19647105017092897,-0.5517083906824589,1.0836960587174944,-0.3883041220218043,-0.024158088460833615,0.0047739171395946136,-0.07712860825474603,-0.17410496442647544,0.3096699871954002,1.0018738391848032,0.04867487770895346,-0.04866291220877625,0.11303585892705804,0.007303722884104436,-0.16012937138192107,0.04699406349379147,0.015202034962313518,0.07858296733445182,0.2658940538177971,-0.2752507300047297,-0.026989713683822057,0.0029095226865847885,-0.03144060146194982,-0.03856546528751103,0.3251082473983849,-0.2585280079570383,0.07174600180028191
-0.060435238514493284,0.05533973424759844,0.9038219893258455,-0.03140688408991821,0.007586737608246935,-0.9970228521602928,0.0700105800174569,-0.028596320302413745,0.009057691472828523,0.33059712943752606,-0.18269430129853706,0.1965193245400405,-0.5517788069207561,1.0836957597983066,-0.3880466418868262,-0.02400223018793696,0.005221302832476716,-0.07694149278423433,-0.17389693607997822,0.30956776801102404,1.0019375159636068,0.04854438625418408,-0.04889344685881349,0.11302166281280723,0.0073173218998562155,-0.1601038868709383,0.04687508272882285,0.015457726837537385,0.07836098359021378,0.2660125774541115,-0.27525592179280217,-0.027057729743573074,0.0030106779752883564,-0.031191976491869937,-0.03880046070632978,0.32494546030744803,-0.25845627413239214,0.0716116458248233
-0.060418295593370974,0.055530111873548026,0.9038027245375504,-0.03136311398527301,0.007602542616740039,-0.9970176329928895,0.0701027526432667,-0.028592863254431455,0.008982967359811883,0.3305601305922991,-0.18274975227637255,0.19654340326490538,-0.551828965014711,1.0836266661012353,-0.38796498054084644,-0.023865086837077002,0.00568906866765169,-0.0768056386846677,-0.17382431274734333,0.30956272201709045,1.0019341608111576,0.04853296921710156,-0.049312230223693417,0.11307819611941712,0.007327421158398932,-0.16008444818727394,0.04665450746846578,0.015705530815323977,0.07812668461310647,0.2661563632471592,-0.2752898732309595,-0.027117919820068063,0.002966601206119935,-0.0309604908448949,-0.039045040999906126,0.32488729915526954,-0.25841240490247125,0.07157146961253906
-0.06044133093621246,0.055719406689738446,0.9037999165333861,-0.0313156039420926,0.0076321339762575,-0.9970119122981377,0.0702020670373814,-0.028583624246042515,0.008904287159841021,0.33055298232912556,-0.18283010303689182,0.1965381816409829,-0.5519166070216669,1.083600449941733,-0.3880711099232868,-0.02365812801377894,0.006108689408826045,-0.07671615488961174,-0.1737258246680848,0.3095459730135949,1.0020305594453631,0.04863868637551985,-0.049638085302491426,0.11315798245314493,0.0073372309234584826,-0.1600782936525891,0.046400264762370635,0.01599271502724803,0.07788605129969138,0.26634643767564686,-0.27526687472183337,-0.027218443888309806,0.0029743959936614395,-0.030690638085158296,-0.03929500580290086,0.32471387694477016,-0.25826195649926287,0.07156704073831141
-0.06045778401859376,0.05591010030120127,0.903773434830465,-0.03127088897841634,0.007641054972518662,-0.9970066112338307,0.07029625123318833,-0.028551147349834063,0.0087872952982543,0.33051854775044903,-0.18292978170303023,0.19653410453047693,-0.5519969459367192,1.0835720307531065,-0.3883580680452108,-0.023473561547689918,0.006440638183860702,-0.07665926497970742,-0.17360199007901042,0.3095074729513479,1.0020673995204028,0.048852522202056194,-0.049840583002314226,0.11323444476071565,0.007346832558626764,-0.1600546995973885,0.0462031014233844,0.016234849838093243,0.07769347726130901,0.26644066547137524,-0.2752460368507945,-0.02741489826551435,0.0029603548861317267,-0.030462162155508152,-0.03949490418038868,0.3245914202316504,-0.2582224071892978,0.07158769411531232
-0.06046396633912067,0.05611289806698705,0.9037659702724634,-0.031247697020983196,0.007624145602882402,-0.9970015287877049,0.07038043357134165,-0.02853118693476247,0.008663661119591952,0.33050103431336425,-0.18304847880142935,0.1965156737725682,-0.552030085129177,1.083571915677617,-0.3888173260744202,-0.023263036742962064,0.006574937058353929,-0.07667973191313739,-0.1735198050343699,0.30954138038990003,1.0020264152900498,0.04917199882784637,-0.04984350668441654,0.11334154220547733,0.0073530511377205435,-0.1600319657619715,0.046148494707697295,0.016430002053968263,0.07758931271308205,0.2663231442662182,-0.27514406218288295,-0.02780327608527698,0.002992915734084867,-0.030275059584892332,-0.039598752742004445,0.32443889792157427,-0.25828701422159006,0.07169264444971388
-0.06045804247167683,0.056230264372474005,0.9037500239055418,-0.031218873751770466,0.007593783461513203,-0.9969969692430154,0.07046105090510896,-0.028495635763411818,0.008507591177678499,0.33051390006097203,-0.18315180931289804,0.19644903545038472,-0.5519901332196138,1.0834681715984584,-0.38952313841858094,-0.02318201856322854,0.006435171121901487,-0.07669348245782938,-0.17351327897345908,0.3094642167318648,1.0017761617298757,0.04963856362398493,-0.04954143230166105,0.11339385343776012,0.007359056202015674,-0.1599781161256086,0.046164460313530456,0.01656747673061773,0.0775198979069593,0.2660487698156115,-0.2749864489688532,-0.028512004581541062,0.0030485000289441166,-0.0301397650254086,-0.03966476519140218,0.3242067884263242,-0.25840461879612603,0.07170337447829296
-0.060448862848007184,0.05639104724986134,0.9037768619007239,-0.031179839566015274,0.007554968216523062,-0.9969928932555066,0.07054013650326194,-0.028513573513653575,0.008319836359954317,0.33054469832448996,-0.18332345648717197,0.19638132104040476,-0.551794221109806,1.083487098633931,-0.3904395874845493,-0.02301831178189001,0.006176313653398041,-0.07684577487498782,-0.17337624936879636,0.3094358527052569,1.0015794727448515,0.05022182757513606,-0.04905149642871901,0.11344362208781139,0.007356332594868294,-0.15992091348227278,0.046196005096372096,0.01669655557398316,0.07745742605873866,0.2656806134162739,-0.27474417278030666,-0.02912069519697185,0.0030865867084252444,-0.030008394505800957,-0.039729533449045625,0.32395832139962616,-0.2584919204967669,0.07174427507699593
-0.06045353289266694,0.056577913632660265,0.9038124673468263,-0.031136488166121638,0.007515991404783635,-0.9969885767629235,0.07062440641962299,-0.028538929807872343,0.008155768251111483,0.33056463708038486,-0.18353050254664824,0.19634332741724306,-0.5518112084115832,1.083566644466444,-0.39141428553542024,-0.022877530392025384,0.0060539977636618475,-0.07705066970712374,-0.17327291121095087,0.3095901833324993,1.0015016291859027,0.050757466396926,-0.04863925955879857,0.11351712006053548,0.007353762108270118,-0.1598879031012054,0.04614351871765505,0.016830985718192883,0.07733428924733061,0.26546947745590854,-0.27451764780120363,-0.029441618163690515,0.0030854586244202743,-0.0298656710876604,-0.03986603498784217,0.3238075764173558,-0.25853488481545317,0.07165099881265062
-0.06049053857798335,0.05681819184329749,0.9038333587641282,-0.031076130577655757,0.007477626814547324,-0.9969842980381605,0.07071540617785425,-0.028569665792550058,0.008019306826170854,0.330593132023619,-0.18375026698340002,0.19634560983052143,-0.5520446549452382,1.0836819010313248,-0.3923191631804019,-0.02276832671336315,0.006287394556323204,-0.07724804236693768,-0.1731854487887645,0.3098791822402771,1.0015199527487173,0.051124997585463246,-0.04842633980581415,0.11361082218795841,0.007351521546798144,-0.1598676654089381,0.04591244832045412,0.016981913320163668,0.07710545057490764,0.26556458210230227,-0.2743695904558496,-0.02925790654993462,0.0029733880341838155,-0.029709093926615495,-0.04011690149021404,0.32387184969445304,-0.2585477585315641,0.071373510958073
-0.060463439920386726,0.05704166125378835,0.9038364620031687,-0.030998559475642867,0.007433675521013078,-0.9969802515022749,0.07081107182597818,-0.028595001340233402,0.007874532383870281,0.33055808174503315,-0.18408103127829337,0.19631013992858543,-0.55261066224623,1.083927426576914,-0.3930864452119637,-0.022838920085219698,0.00693234134100536,-0.07756160258566297,-0.17316608016185564,0.3103189328824557,1.0017447222708882,0.05126486217253262,-0.04837867732482254,0.11362178154033765,0.0073495502431067915,-0.159846836699836,0.045512139366102565,0.017106382392858985,0.07678774026209674,0.2658901873815903,-0.27437176710184163,-0.028829542499683152,0.002740104340678716,-0.029574799691060465,-0.04045987445141063,0.3241006539163855,-0.25865217215350395,0.07083433578391005
-0.060405751965909714,0.05721873090460447,0.9038053768896455,-0.030941945618000205,0.007391762852431297,-0.9969752594055981,0.07091043630133924,-0.02849167934998838,0.007737758510008323,0.3304691040633624,-0.18452799288803853,0.19622413148221246,-0.553681444159716,1.0843602706541253,-0.3936903392961241,-0.02312254099016871,0.007957456304845609,-0.07782136028699493,-0.17319798089220445,0.3108492096339608,1.0020944981323359,0.05113868459106541,-0.048444087597995344,0.11349018403060714,0.007363713909661034,-0.1598612775639854,0.045068632765695456,0.017225163783586805,0.07643803734463096,0.2663562430760923,-0.27446795598549356,-0.02844567517767717,0.0024797158390932363,-0.02945626951165154,-0.04083262949663996,0.3244468929176878,-0.2588271775059564,0.07017098473271581
-0.06035269796954598,0.05739030243791541,0.9037980098904297,-0.030857751104650707,0.007362989732714659,-0.9969709900340823,0.07101007399954466,-0.02844882646888578,0.007640307956632029,0.3305247974295424,-0.18489094187847516,0.19610676130249133,-0.5543744312984161,1.084695016476797,-0.3944601050234082,-0.023472237071634088,0.00913447328768419,-0.07810882839820318,-0.1732082912014758,0.31120538218681165,1.0023608645354836,0.05101025220202832,-0.04852811624878918,0.11337971928843454,0.007363095817541852,-0.15986175966313323,0.04463586063808855,0.017372222035123612,0.07614333989326312,0.2666671493494261,-0.27448584131042414,-0.028281964061983453,0.002222386185419331,-0.02931176641228878,-0.04115025193324685,0.3246222381401446,-0.25891070388687704,0.06963289431185231
-0.06031557634089373,0.05757875220817184,0.9038231884748213,-0.030774621391171732,0.007353807408821071,-0.9969661666935565,0.07111474293829224,-0.028398448651925482,0.007584566718534968,0.3306545140562072,-0.18516244629780562,0.1959951140056763,-0.5547769081670266,1.0849007344127928,-0.395600797714124,-0.023817841643993337,0.010361178068869825,-0.07833648540240733,-0.17320310969844657,0.3114281065238275,1.0025139798217364,0.050972875557253904,-0.04863467409130838,0.11332890786166638,0.0073624910442840925,-0.15986289322172414,0.044341800306500825,0.017569693223212085,0.07594710193852383,0.26667834915055944,-0.2743543013684623,-0.0284174198143011,0.002054044709648747,-0.02911650268957636,-0.04138976837977468,0.32455955782696805,-0.2588584616838745,0.06934731407563784
-0.06026002870791925,0.05775998565706729,0.9038366907360567,-0.030676081399420095,0.007356951968205135,-0.9969617154520358,0.07121931767889447,-0.028356985320908336,0.007564494928917654,0.3307956208968998,-0.18534546558851223,0.1958843268791376,-0.5549410462751669,1.0849632836597083,-0.39717031646548784,-0.02424189455610433,0.011635811741230486,-0.07851244586596597,-0.17324285328621908,0.3115339828615199,1.0025419693265396,0.05104424364065247,-0.0488766163832356,0.11333608849380218,0.0073598214274551545,-0.15983985319241903,0.044060372671519236,0.017796078892804264,0.07581261566869464,0.26657087540988833,-0.27419559757263523,-0.02879928267311385,0.0018795793115149349,-0.028895455554202948,-0.04158839634381354,0.3243852604168731,-0.25877210363120134,0.06916960077074297
-0.060219074567544134,0.05797310088925339,0.9038601709805896,-0.03056448981995596,0.007365485206875121,-0.9969577499380634,0.07132185098654163,-0.028344154275368922,0.0075526496999351045,0.33094659979591723,-0.1854841189144354,0.1957852729388561,-0.5549722125634747,1.0850035623272982,-0.3990893034863612,-0.024596442169260418,0.012973059117215488,-0.07867668450495119,-0.17327120688043068,0.31164214237407617,1.002531439877613,0.05122027514197937,-0.04916926468891055,0.11341923064271116,0.007354599783929933,-0.15981188231551033,0.04376859092822725,0.018043701026113933,0.0757057174615702,0.26641808219633045,-0.2739816149370316,-0.029193317326245066,0.0016894038562950604,-0.028657408952955557,-0.041748160854899435,0.3241731050280586,-0.2586372292639702,0.06912144640515332
-0.060166679514130496,0.058189579120098776,0.9038495052197474,-0.03047392356699359,0.007353657322688716,-0.9969538628703044,0.07141609772587147,-0.028346762645919413,0.007528149613840686,0.3310244371625422,-0.1855957270065078,0.19573151186254978,-0.5550918511297459,1.0849944022717695,-0.40109635822377904,-0.02491161041497025,0.014328094455848782,-0.0787831989002889,-0.1733049545922745,0.3117317880508148,1.002487278098199,0.05147845674074539,-0.04951853381560677,0.11352318721041073,0.007353982270311615,-0.15980792447308356,0.04348702275337429,0.01825115054878059,0.07558040576994647,0.26632893967714727,-0.27380683579075754,-0.029514326954771495,0.0014523730602922194,-0.028463907390723478,-0.04188169552583037,0.32412635288342645,-0.25858284878147986,0.06907489091568589
-0.06008153811252519,0.05839894155654208,0.9038508170358637,-0.030299286678893055,0.007337399659463608,-0.9969530484428878,0.07150339148194204,-0.028348143874224182,0.007398891163740348,0.3311342874959017,-0.18581969865811276,0.1956654745579927,-0.5554080845349907,1.0851196145714745,-0.4032734079040877,-0.02523933598448939,0.01604655187993333,-0.07903071423153836,-0.17336990194608703,0.31202753315871096,1.0024487173729582,0.051805071075318586,-0.049739633938981086,0.11365941408991662,0.007347291224139263,-0.15978974251581657,0.04297148374349095,0.018427864696759926,0.0754011905060414,0.26630240481570255,-0.273594004306784,-0.0297355496953591,0.0010133390007396209,-0.02830261635750009,-0.04198857179109489,0.32409413280700194,-0.25850682014564913,0.06901606043395242
-0.059994510021815856,0.05860260480387627,0.9038577863395981,-0.03015827259447244,0.007300427121226649,-0.9969519861445275,0.07158155963965857,-0.028371917651445144,0.007262967424756402,0.33117332318616866,-0.18614888868419607,0.19552295975543926,-0.5560687987447906,1.0854972110287513,-0.4054119685164589,-0.025419017206013944,0.01800194176253884,-0.07924177096964936,-0.17348516227955693,0.312542729305829,1.0023866707919233,0.05214439727616325,-0.04988967498079514,0.1137803556135392,0.007353524421976513,-0.1598283364252292,0.04252038596836393,0.018560080950715225,0.07520259549265437,0.26627440747234254,-0.27333565586889746,-0.029902516225284777,0.0005867681387541556,-0.02818998462158281,-0.04205311815020669,0.3241545623715604,-0.2584357028287225,0.0689854211862734
-0.059868897734498,0.05878025947240729,0.9038502125365416,-0.03000806462387913,0.00726337546430948,-0.9969510773452442,0.07166106903018714,-0.02838836593697293,0.007132128034894059,0.3312378510835631,-0.18646205987128261,0.19536758993129238,-0.5566549352381245,1.0857673263583472,-0.407505945736789,-0.025641313019811412,0.020082150749227486,-0.0794301426987792,-0.17359556232109663,0.31290183226460294,1.0022652218687793,0.05249876407569463,-0.050026391467360126,0.11387005922167587,0.0073591801527730346,-0.15986175489877627,0.042018492093256476,0.018677773218140983,0.07498661590337002,0.26628830976227513,-0.2731364043118009,-0.030098005691952374,0.00010589236774057997,-0.02809097808303723,-0.04213521547073049,0.3242713120399787,-0.2584349297490871,0.06886753378974798
-0.05975299104044165,0.05897941296083922,0.9038651733225971,-0.029896423554814963,0.007236820712379375,-0.9969476319270748,0.07175828509381016,-0.028358126633368046,0.007061333053695089,0.33132665904939723,-0.18678153328649563,0.1951892866055299,-0.5572707106201495,1.086026958666516,-0.40940190888390543,-0.02571232239636648,0.02212089188849909,-0.07951140240675672,-0.17368674787639157,0.3132543738042395,1.0021481219411492,0.052695139424407636,-0.05014521724095369,0.11388844015350827,0.007375106609959866,-0.1599033693525179,0.041600956513715405,0.018834179064755614,0.0747655198413891,0.26630102063738736,-0.272959442604231,-0.030261955503950153,-0.0002742051990513464,-0.02794771506739263,-0.04228389196786829,0.32437798348115854,-0.25843005194456586,0.06866870127547184
-0.059675595123477664,0.05920023971149556,0.9039017364741799,-0.029802332968779457,0.0072331032254686276,-0.9969417144886095,0.0718799073445315,-0.02832850848096651,0.007066784971928801,0.3314847063201304,-0.18697184654742113,0.1950241768761209,-0.5575688733692161,1.0860550172598982,-0.41108854186152577,-0.025629985257962368,0.02390885077422661,-0.07946868656218474,-0.1737072071832968,0.31336627106363824,1.0020047863271224,0.05260933900563115,-0.05026524090024378,0.11381715633795815,0.007389682566704325,-0.15990452204560915,0.041236371611460695,0.01905462242196943,0.07454354425441262,0.2663156067543257,-0.2727980038094377,-0.03038110634920875,-0.0005683566369231558,-0.027727982329065225,-0.04253537090582224,0.3244597588371544,-0.2583901807291121,0.06830075086537465
-0.05962784671226266,0.059396653611626604,0.9039206324574619,-0.029717008695648393,0.007242921728011525,-0.9969342151764883,0.0720181233403269,-0.02830526906597934,0.0071167332564911305,0.33162692903643126,-0.18700577841692534,0.1948855641597788,-0.5576838478158502,1.0858278880893235,-0.41256710928925694,-0.025474958517086824,0.025402038106355655,-0.07931483185254304,-0.17373051215149748,0.3133326814736464,1.0018512202335998,0.052214583886448125,-0.05040495229715036,0.1136391476110408,0.007401202063029987,-0.15985898389312,0.04089135019751018,0.01930084675261159,0.07430397593506702,0.2663645925078604,-0.2726765838483145,-0.030527231065176248,-0.0008353383882532064,-0.027481377490087198,-0.042864209557264527,0.3245912733893459,-0.2583735806044008,0.0677491141829296
-0.059631133872414054,0.0596340165900125,0.9039382073733326,-0.02962211020717573,0.007258161006478214,-0.9969266061665237,0.0721608730751882,-0.028289668711313352,0.00719195532606954,0.3317516764194722,-0.18697170091333357,0.19477979546009042,-0.557653732674333,1.0855247064417153,-0.4138323839239153,-0.02513447703829362,0.0266486394694025,-0.07909401879238093,-0.17371717854864313,0.31330337166444233,1.0016859991527514,0.05167609554672544,-0.05049267187530842,0.11344888709071552,0.007412158048872727,-0.15978196001545955,0.04051434586843,0.01957467108568934,0.07407151601537104,0.26646904746916783,-0.27254804701915586,-0.03059528095358912,-0.0011129327305840079,-0.02720624008288517,-0.04319825878313708,0.3247416455047314,-0.25833045665260834,0.06726078211023784
-0.059526025536800205,0.059828532263996696,0.9039116165588972,-0.029501163378560506,0.007253879780553245,-0.9969209454081377,0.07228894240466088,-0.028283082287832106,0.007223308002107693,0.331759429548635,-0.18696325485860527,0.19466532514185267,-0.5575748101470838,1.085208094209567,-0.41485753318204366,-0.024962507129191677,0.027753482533484936,-0.0789279288547109,-0.173779290295977,0.31326146962006984,1.0015164121221425,0.051281692642416755,-0.050578762945944135,0.11322954635818935,0.007421822156694434,-0.15968362524359803,0.040062505958538656,0.019779551294098155,0.07383955182511001,0.2665554491398069,-0.2725243980907979,-0.030806209497399064,-0.0015098132554923257,-0.02700887129750674,-0.04348678777029253,0.3249454919434227,-0.25846967246010694,0.06683187217185847
-0.05946183456878442,0.060009637212373235,0.9039154073030684,-0.029403988961655414,0.007226801515320092,-0.9969166712049738,0.07239011981336708,-0.02820792040848527,0.007172275853827052,0.33173190936511515,-0.18695180589048507,0.19456457853740527,-0.5575572813589332,1.0851041162497992,-0.4155728411716588,-0.024852461539164483,0.028674151977935616,-0.07883080600109421,-0.1738008778360238,0.31332265881279264,1.001621389467986,0.05134381130379777,-0.05032230477946805,0.11310489325079597,0.0074266315802804074,-0.15962767789016347,0.03974483709328949,0.019926639492135946,0.07363885521414,0.2664946805631894,-0.27232941923367415,-0.031090323198105504,-0.0018168796454367507,-0.026867273764227675,-0.04367668495373549,0.3250589738458404,-0.25853515068971755,0.06662184474961944
-0.059391612792007976,0.06019637854270518,0.9039122779450766,-0.02928261610008614,0.00718037643116207,-0.9969137545416501,0.07248404372212501,-0.028167982175602808,0.007069401696101737,0.3317084158419858,-0.18694293606865622,0.19448379706657096,-0.5575013604589177,1.0850478195876176,-0.4159706409160742,-0.02478515219151207,0.029533750076647665,-0.0787467218243016,-0.17382842171195464,0.3134258801034845,1.0015843768465573,0.051986163829609425,-0.04968852192183888,0.11307864401745338,0.007429689385990083,-0.1595912397550697,0.03942218848835864,0.020024093562390766,0.07344710233559512,0.2663310901400325,-0.272057821141756,-0.03141282225074819,-0.002196381100597817,-0.026774348297372654,-0.043817153203575175,0.3251911347441247,-0.2586221755485143,0.06657857175520025
-0.0592845716599592,0.060328638914771866,0.9039129682153532,-0.02916902647152337,0.007122271477865521,-0.9969107985990991,0.07257617226200366,-0.028148668789182565,0.0069446008048147535,0.33167704297037454,-0.1869833186856231,0.19433621683975152,-0.5574502344707564,1.0850861480833764,-0.4160857309844515,-0.024819645930773255,0.03027397775490036,-0.07864696854103949,-0.17390069558786156,0.31346206690205597,1.0014866288915136,0.05296686174414935,-0.04884861160808698,0.11304562287179312,0.007438856086252166,-0.15957159646448998,0.03911345364419582,0.02007224436233835,0.0732406825917489,0.26615083576708504,-0.2717909129390869,-0.031817182921037065,-0.002569803331517211,-0.026730862235923854,-0.04396961681901828,0.32532681527471347,-0.2587453041551476,0.06647552907881632
-0.0592323486290008,0.06050339607533341,0.9039333952891586,-0.02906255772624258,0.007079581873237934,-0.9969061682862886,0.07268657985940395,-0.028176100433521967,0.0069109535777632375,0.3316826885913883,-0.18708579295696032,0.19416204222144248,-0.5574158197424386,1.0852779550459024,-0.41600286015409266,-0.024730915949239454,0.030849640893784454,-0.07845253318513257,-0.1739298404283926,0.3134831258039042,1.0013530639488464,0.05385370367654743,-0.04804832169649337,0.1130294472735852,0.007459161648265855,-0.15956595028863885,0.03875720605681049,0.020177692137117387,0.07300556729168443,0.2661140666695713,-0.2715357567953661,-0.032048928144052385,-0.002875162818028203,-0.02663474947963964,-0.0441810208375858,0.32540434390000206,-0.2587529636076193,0.06635717052656961
-0.059131220783497515,0.060714306500621366,0.9039567111704677,-0.028935910638173974,0.007056255305720247,-0.9969003393346266,0.0728191991929673,-0.0282574551593155,0.006951094816621096,0.33169757559117846,-0.18723988487994467,0.1940586029477567,-0.5574420965437159,1.085371921690625,-0.41577387611732447,-0.02466358005176868,0.03129294593376963,-0.07831969355066482,-0.17392498278436838,0.31341830345231836,1.0012867880940797,0.05422571808942855,-0.047609039717287575,0.11295952266753058,0.0074788986928350995,-0.15954926267703343,0.03821584271197493,0.020330209472956197,0.07272705673709766,0.2663198245991652,-0.27147141224557986,-0.032051987971571355,-0.0032196474028234846,-0.02649552391360256,-0.04448731685174054,0.325463536618245,-0.2587551157136517,0.06613816273583141
-0.05904303411422583,0.060942752857773626,0.9039658746652153,-0.02880307281929644,0.007039434236347862,-0.9968935420508961,0.07296639760201568,-0.028386014187223942,0.00704042036027728,0.3317272759544331,-0.18733975638487949,0.19401128956767474,-0.5574832358879799,1.0853683885002194,-0.41540953687879506,-0.024632960755331234,0.03159053168371829,-0.07814750683689269,-0.17391426637007032,0.31330715733269504,1.0012482462457863,0.054001682702521044,-0.047557808535789246,0.11283682464483154,0.007496419870132682,-0.15952721474596815,0.03757312495492669,0.020506247403849123,0.07241310092203451,0.2667093569435138,-0.27151400912214596,-0.031895047839557315,-0.003574925597186908,-0.026341707018108323,-0.04485463798410085,0.3255472385342955,-0.2587362721644705,0.06585922504864963
-0.05897361786430576,0.06113747826851802,0.9039498064720746,-0.02866078819165419,0.007041205937954742,-0.9968857762499959,0.0731281734327754,-0.028485748977009225,0.007184460058626459,0.33174374673229257,-0.18746833259699744,0.19393811883031464,-0.5576167608528576,1.0853680569876876,-0.41488121917299475,-0.024666839281253645,0.031703516057049956,-0.07791255067331061,-0.17395929319010073,0.31314127163548355,1.0012083333838537,0.053352035183533854,-0.04771254665558757,0.11266915302655209,0.007522504330723617,-0.15949509967341965,0.036810779400604225,0.020718357910372624,0.07206696437404111,0.2673012802579167,-0.2716380587967563,-0.03180275220924742,-0.003946123612289748,-0.026157864427010492,-0.04525597121388537,0.32564740120499075,-0.2587148127363739,0.0654924379352106
-0.058924757579445874,0.061315406261682505,0.9039576028045266,-0.02854096537658844,0.007035422276544268,-0.9968769704552407,0.07329544259190164,-0.028582088954702933,0.007307132277637911,0.3317583345192513,-0.1875642554399323,0.1938579754509375,-0.5576649309360288,1.0853869208015468,-0.414182140052334,-0.024680870209861552,0.03162770816420401,-0.0776934167470526,-0.1739903131095983,0.31301297749425805,1.001195849414765,0.05264278456820832,-0.04780890249966035,0.11249144584146982,0.007543486808258801,-0.15946364881845806,0.036181453873699795,0.020913931927750044,0.07172762713578906,0.26773287232733733,-0.27165386840735417,-0.03187376680759965,-0.004239605933861548,-0.025990358304569944,-0.0456343686030596,0.32570470897561027,-0.2586773456147978,0.06517402251130312
-0.058853895127961686,0.06149215532745871,0.903964657734342,-0.028427215041563265,0.0070505024052355805,-0.9968663153078298,0.07348287736203259,-0.028624667218136175,0.007443117450476793,0.3317558726584357,-0.18772942499245035,0.19378136053546818,-0.5576310828830628,1.0854418353868367,-0.41330960370519765,-0.024705620291398424,0.031344607402758615,-0.07736935950600606,-0.17403656182795044,0.31283583146832805,1.0009801930740838,0.052202942398592626,-0.047790976261222695,0.11234199987834206,0.007578946002929987,-0.15941755959635384,0.03557207219650606,0.02116493399753196,0.07139575912674591,0.26810410127611445,-0.27163472565542546,-0.03223401948897013,-0.004478908221721428,-0.025768435917052673,-0.04598924666099844,0.32566212786005966,-0.2586683192119702,0.06495079281422744
-0.05877330554049461,0.06164893122653109,0.9039777958820976,-0.028324573549467047,0.0070647507973286,-0.9968543430719438,0.07368328526887465,-0.0287008090142351,0.007560457933981064,0.3317467302895129,-0.18785819460770614,0.19369992946696565,-0.5574311962128227,1.085500331910053,-0.41228348421514477,-0.024714918969901765,0.030846220284935714,-0.07700265010692448,-0.17409452485240048,0.31266045464043773,1.0006394642180703,0.0520993307123552,-0.04763326357079056,0.11222248258213569,0.007612007320164403,-0.1593591522700432,0.03504077357602913,0.021415795086279443,0.0710662254173254,0.2683536696828312,-0.27155484702229193,-0.03282830970948659,-0.004677205182711211,-0.02555056518765433,-0.04633527166761784,0.3255904073428686,-0.25869081784806486,0.06476884303075683
-0.05873905974978632,0.06182587978575741,0.9039762373579754,-0.028231897495214518,0.007075734292331347,-0.9968423441082447,0.07387986830539556,-0.02880410826483522,0.0076639436988721965,0.33172416715274056,-0.18789097088213377,0.1936804063321487,-0.5571455947131442,1.085521114404761,-0.41108327279083373,-0.024644312133049885,0.030168301501359927,-0.07660863524744933,-0.1741175824522595,0.3125588563488318,1.0002672291552375,0.05221976185009447,-0.047377282457701446,0.11217412064147518,0.007638547120360163,-0.15929889184014778,0.03453614119036202,0.021668604810100342,0.07074682558234202,0.26862965515804155,-0.2714507606498952,-0.03338159340715067,-0.004869551289645789,-0.025331221211558407,-0.046662414062787205,0.32557943144892637,-0.25870702143921914,0.06464186702460903
-0.058698980125109296,0.06203781315832126,0.9039724994787451,-0.028136999244087763,0.007079693627500228,-0.9968324752388709,0.0740486564417172,-0.02890363777798226,0.007763823429336991,0.3316858225057575,-0.1879288538847549,0.19369691529347421,-0.5568206079600786,1.085542668035858,-0.409697470131243,-0.0245054115464686,0.029389061196752175,-0.07629066470642853,-0.1741063343605119,0.3125024983213901,0.9999529167084501,0.052362095492154793,-0.047143054247348416,0.11216970627929514,0.007661047798739353,-0.15924206351028836,0.03395476061114386,0.021911743049624163,0.07044757206945881,0.2690705568213293,-0.2714257461181825,-0.03369708757303959,-0.005110987181494315,-0.025125124845023997,-0.04696420851933715,0.3256379813808214,-0.25874090953004075,0.0645188334476831
-0.058629774598102084,0.06221747306400603,0.9039449027102409,-0.028036007851106767,0.007062254809926935,-0.996825636556032,0.07418057107782801,-0.028979095759301896,0.007835386023548076,0.3316234505242155,-0.187954941841253,0.19372019751428268,-0.5565473080852996,1.0855173493981891,-0.40806967544767425,-0.024486455616955168,0.028524764318421828,-0.07605173767751948,-0.17413047696083941,0.31243779434141333,0.999731297279994,0.052347116488163564,-0.0470068321894853,0.1121461790148847,0.007677953065161219,-0.15919651514334868,0.0333202507831235,0.022075968644721673,0.0701361382795066,0.26961743735215116,-0.27150405949374073,-0.033765276750784674,-0.005483921050191437,-0.02499859721467786,-0.04725514814064605,0.32589998955507704,-0.2588497471708206,0.06423676057216526
-0.05853745349701046,0.06240470489279757,0.9039236392683553,-0.027930353357044586,0.007033529663813057,-0.9968207551041516,0.07428867353376872,-0.029075737665346123,0.007888461738963782,0.33156099270681627,-0.18801801649345637,0.19375747835342214,-0.5562306695480834,1.085544614829879,-0.40618104669216576,-0.024531297017299104,0.027552874260095974,-0.07592711257341056,-0.17414843488219456,0.31244525308459703,0.9996371236468948,0.05214856311262151,-0.04694524494110467,0.1121172540259644,0.007687492448016213,-0.15917052607421736,0.03262647377744183,0.022211072054382837,0.06982024112372998,0.27027721742966404,-0.2716564906017637,-0.03363041433981317,-0.0059272036072645345,-0.02490144168124458,-0.04753304397361066,0.3262542296601041,-0.2589886185735849,0.06387855368954104
-0.05851646959438654,0.06255745008115735,0.9039305720796333,-0.027852559794397404,0.006999806467376123,-0.996815983457502,0.07438503038898928,-0.029115887807480364,0.007948121725813261,0.3315402564389003,-0.18802455798454654,0.19377272670265586,-0.5559814152901552,1.0855655751298574,-0.40410179743861824,-0.024593304462806997,0.026524748916792344,-0.07578178159461538,-0.174174892968508,0.3124345711935703,0.999632216952997,0.051796653105549255,-0.046785001922267234,0.11207985238228128,0.007698314923306506,-0.1591616059153428,0.03207816198796718,0.022319606384114017,0.06951783514025069,0.27082936335008156,-0.27168548109680246,-0.03346359460513241,-0.0062634755671196534,-0.024819788567631198,-0.04779655929431538,0.32656110131243204,-0.2590165711111252,0.06347501901598043
-0.05848665922333267,0.06272138823461758,0.9039270300761281,-0.02777988316782482,0.006990419226019526,-0.9968102384036649,0.07449000432174857,-0.029174814986121813,0.0080400321413854,0.33149468678922667,-0.18802424356911673,0.19382310991066,-0.5556723849139585,1.0855401857341689,-0.4019601185451552,-0.024690538939756715,0.025561807321649914,-0.0756156361113442,-0.17419867599630198,0.3124082279748489,0.9995708439503419,0.05137607723826209,-0.046675293551439144,0.11203775268419613,0.007708430151310083,-0.15913825865611608,0.031550856390794385,0.022494946278916156,0.06924146672327239,0.2713690444345019,-0.2717741567362435,-0.033413969264191525,-0.006527311371494476,-0.024668166513703793,-0.048054353249066165,0.3267632419300389,-0.259062478923299,0.06314720724980374
-0.05850164214003849,0.06291948097640113,0.9039440686961538,-0.02773957406189976,0.007005704473962595,-0.996802867378493,0.074602142876068,-0.029196011631388085,0.008169738788077856,0.33147002620739713,-0.18798348034223644,0.19388760426248125,-0.5552956068846915,1.085509289288924,-0.39981393159527023,-0.02469325147925707,0.02479397277138846,-0.0753580836452256,-0.1741796537419353,0.312308000322796,0.9994646771370524,0.050929600191169114,-0.0465497721896752,0.11202175415681255,0.0077243247226765534,-0.15909183273461722,0.031202499808507388,0.022753692029618786,0.06902448879813866,0.2717363145308496,-0.2718150286709958,-0.033496404876777776,-0.006578214710797053,-0.024415547285353466,-0.048292700426604857,0.32673611744589537,-0.2590306300198157,0.06296042159607816
-0.058531956414251046,0.0630723099774362,0.9039397287816954,-0.02771540418398634,0.0070347166487050505,-0.9967948932825496,0.07471485701264677,-0.02917951448663684,0.008317603188348264,0.3314443509569072,-0.18787438317604516,0.19394571365553553,-0.5548569132304335,1.0853975321681282,-0.39767978884481037,-0.024775484785633205,0.024214559998406677,-0.07499384202680474,-0.17421811148129668,0.3120394102630921,0.999252735878107,0.05047467793602547,-0.04645195174575567,0.11201152304146436,0.007743707973006464,-0.15901807683684813,0.03094675593404686,0.02303703850539964,0.06883852507390703,0.27203772088516004,-0.2718821961630005,-0.03377749558820496,-0.006544276622331892,-0.02413215656073798,-0.04852681007623455,0.32664992227787665,-0.2590102435325915,0.06275563758140897
-0.058538152804388226,0.06323237887147144,0.9038821531945481,-0.027684596721781304,0.007066252452132917,-0.996787171697513,0.07482623550537992,-0.02912199654286473,0.00846770439667428,0.33140001104083555,-0.18774581923848033,0.19406416038878935,-0.5543996369284576,1.0851911043373814,-0.3956705029617285,-0.024900295427874756,0.02382200696035346,-0.07457029667633165,-0.1742704653610257,0.3117089214904654,0.9989288146369925,0.05005859751528151,-0.0464806696012373,0.11201090131667243,0.007764692982473486,-0.15892378583051214,0.030652635551572927,0.023329049312199673,0.06866501362746281,0.27238994619828605,-0.2720636275545388,-0.03410801153453686,-0.006554262270935863,-0.02384964370472251,-0.04875315978501505,0.3266240319237698,-0.2591062661077814,0.06261807035933468
-0.05854917941393786,0.06344459044980169,0.9038601003398512,-0.027646057257942874,0.007083452038917568,-0.9967798935608932,0.07493573258490174,-0.029025955755931133,0.008576651239942633,0.3313887865754894,-0.18768930581871854,0.19420777299126746,-0.553966582869719,1.0850663763550905,-0.393952735457224,-0.02486307733629545,0.02350217852705673,-0.07423265590202455,-0.17426639816693018,0.3114703181310024,0.9987121414520649,0.0497396045218558,-0.04649728058279596,0.11201859900309838,0.007783865292131968,-0.15886981106994033,0.030368240688152973,0.023598847684479785,0.06849981100297568,0.272677907843875,-0.27218186306897607,-0.0343102454644832,-0.006576314188735013,-0.023592161700425485,-0.048965797547716725,0.3265810881473418,-0.25917611206887137,0.06261008742260385
-0.058542678641872556,0.0635826987525179,0.9038299748686011,-0.027594696603610528,0.0070621456574954874,-0.9967740244822434,0.07503467821972618,-0.028813038397497357,0.008585913648593785,0.3313305891351073,-0.18766872454681033,0.19427943130898664,-0.5537799556828118,1.0849721974499709,-0.39270056675298654,-0.024869291979025956,0.023210819851775755,-0.074002895830504,-0.17433459873892745,0.3113589798069597,0.9986552003322454,0.04953784025397449,-0.046453145693036546,0.11192026517656253,0.007798703475648757,-0.1588489140650799,0.03012973891994552,0.023737270889482128,0.06832299734916392,0.27281527143091694,-0.2722021010317074,-0.0345756516966843,-0.006674697657539645,-0.023473237701332837,-0.04916467038399579,0.3266176332839008,-0.2592929317024962,0.06259062420285452
-0.05850087081758718,0.06374954693045522,0.9038400113937194,-0.027515809451367206,0.007040556773088599,-0.9967689856622031,0.07513254962067134,-0.02877053868153583,0.008574962741393258,0.33136128625041555,-0.18761748496478467,0.19439579471018203,-0.5531605903726377,1.0847861602817077,-0.392024906000706,-0.024823103929240777,0.022781115808921327,-0.0739089104225289,-0.17439935612825982,0.31139007215674935,0.998557393147176,0.04953917762464372,-0.04653391584848581,0.11172862532017941,0.00779173964964931,-0.15887725885910783,0.029812711707959877,0.02387619134455708,0.06814173220533512,0.27293259572481154,-0.2721724843977563,-0.03480246545417054,-0.006804763545269241,-0.02335955870203851,-0.04936071093124379,0.32654818755079834,-0.2593665523936924,0.06268562745075429
-0.058496588417499835,0.06391946441782426,0.9038566967353963,-0.027458974693828634,0.0070059397966231365,-0.9967631767414185,0.07523357633852343,-0.028595000107865323,0.00854521690635702,0.3313395764018331,-0.18759638984860122,0.1944942210609773,-0.5528392212523107,1.0846666076879656,-0.39172422699646525,-0.02470153642746631,0.022379323260539086,-0.07378292847390064,-0.1744405226544172,0.31146273750516607,0.9985957007933819,0.049630678863249574,-0.04657801309513996,0.11149336841514632,0.007800946008880266,-0.1589200980536829,0.029607852959425647,0.023986157407207043,0.06795625403209256,0.27296002406783915,-0.2720776822520757,-0.03497481742094635,-0.006883485058235455,-0.02327356407128882,-0.049562546549549266,0.32652058756105384,-0.2594265078373989,0.06276138066404945
-0.05852512123479093,0.0640488358520559,0.9038462561517618,-0.027411907036751042,0.006987689685109201,-0.9967567860450931,0.07533703616766926,-0.02860394307530261,0.008525892663899136,0.33132495002234735,-0.1874251431768413,0.1945919980944227,-0.5523760468896897,1.0844809161200544,-0.3915559504771335,-0.024671053601194655,0.021984860851746755,-0.07366018736292883,-0.17454527898187547,0.3115887263743726,0.9986063827029921,0.04976631170783322,-0.04669137302731045,0.11126484661840688,0.007790917061336544,-0.15895182899423282,0.029389460779430318,0.024123712758098756,0.06775228054528053,0.27311293510380663,-0.27205401565274295,-0.035169367225620043,-0.00695440162218318,-0.023159507789101353,-0.04979322135679911,0.3265722117848021,-0.2594918126204302,0.06258866073735835
-0.05857593779352069,0.06418467230399937,0.90383497130018,-0.027381593389002323,0.006983741064851287,-0.9967488789006631,0.07545295298719973,-0.02859607477408338,0.00854115012255907,0.3312858671014027,-0.1873210820003967,0.1946639086071341,-0.5521459480030919,1.0844063774151147,-0.39128953980475645,-0.02461333267354751,0.021728553586784768,-0.07351856199540736,-0.17459271171570057,0.31161651198100754,0.9986998565510204,0.0498645220685683,-0.046760103267685316,0.11110800385627992,0.0077965142998949475,-0.1589513050189315,0.029221949302815603,0.02429513665723781,0.06752598482952422,0.27329274084007704,-0.2721021260939599,-0.03526486681416929,-0.007001365233731304,-0.023006178952080954,-0.05008208040584814,0.32672343009028454,-0.25957308315347644,0.062112484404496654
-0.058647485972515796,0.06435275413733507,0.9038301491622974,-0.02736996146634802,0.007016045519578981,-0.9967388468373991,0.07558658293539021,-0.028799415103052766,0.008623708817274013,0.33128760110285543,-0.1871437618798315,0.1947759443406777,-0.5518014012332016,1.0843065431803949,-0.3908769028878834,-0.024566319996118968,0.021570204320635344,-0.07338601577245218,-0.17463908295384611,0.3116995103341091,0.9987753144455473,0.049955426113427535,-0.046910256019191736,0.11105965562290646,0.007789637658129902,-0.15897679566925652,0.028968061433689032,0.024568365325264522,0.06726236356650625,0.2737267836585044,-0.2722631723275074,-0.03525566517677,-0.006992833236980554,-0.022754792334388766,-0.05042583655032022,0.3268706977510025,-0.2595953805733315,0.06143257895858879
-0.05869868684969056,0.06451008155731684,0.9038000364100724,-0.027356702811108514,0.007039842386896431,-0.9967290026954059,0.07571886565640695,-0.028954049500236306,0.008682948588572345,0.33124365160238195,-0.18698152591394918,0.19490504477444684,-0.5515723643451319,1.0841709085426743,-0.39036000747792554,-0.024613989543983222,0.021520735832258046,-0.07321230050185534,-0.1747248243656547,0.311750460130357,0.9988658127938359,0.05002858405011021,-0.0471041776638156,0.11109429483586834,0.007791492002581223,-0.15897471613127662,0.028738175147065014,0.024816558945691472,0.06699766351535878,0.2741256960202956,-0.2724880429701927,-0.03526613128395502,-0.006993788167030461,-0.022524400307978032,-0.05075867868346823,0.32704618861159107,-0.25970580571579216,0.06072509901388186
-0.058766679852571856,0.06465157251200486,0.9037923011343492,-0.027339429066339304,0.007037406414626099,-0.9967201478625648,0.07584179173851217,-0.02897039052454449,0.008694971963554038,0.3312010618034962,-0.18689408760060178,0.19495310030914137,-0.5514639367700738,1.0841139214207938,-0.3898340669665281,-0.02458825623970047,0.021508267186016984,-0.07304607872627718,-0.1747679716797875,0.3117436193711611,0.999044983410398,0.05011510832661179,-0.04716209814717963,0.1111535277126708,0.0078008660385074455,-0.1589614829862462,0.028639501945222037,0.0249913258384513,0.06675483206369039,0.27427773500462155,-0.272583046245833,-0.03533466712467254,-0.0069497117200606725,-0.022356426434760927,-0.05102650485489567,0.32712485501604055,-0.25981887330917797,0.060252301365542216
-0.05883441338984916,0.06477823231519331,0.9037792297366606,-0.027351059808425175,0.007020795990706886,-0.9967102289723838,0.07596938470745945,-0.029058368504545518,0.0086703474342046,0.331152985351492,-0.1866834250896621,0.19503800897348114,-0.5512425139440088,1.083935455441716,-0.38932057434902473,-0.02459999460832873,0.02143517874080687,-0.07289137939507852,-0.1748576053767857,0.31182668744017666,0.9992666385581214,0.05027801797562767,-0.047338599057953575,0.11125119804442023,0.007793093195849903,-0.1589753791236003,0.028635656773976143,0.02513945101314095,0.06650637876033988,0.27436256269693043,-0.2726480526391158,-0.03554117926953457,-0.006740739715119192,-0.02220897570214252,-0.05122918571940663,0.32698835176965635,-0.25995939806943497,0.06013181513167078
-0.058925434881243535,0.06489171256429911,0.90378219445045,-0.027363620081800266,0.006976442157190659,-0.9967010838109993,0.07608883676877043,-0.029075092128127776,0.008588293992401122,0.331115848648486,-0.1864732754818775,0.1950926604460361,-0.5510311118006032,1.0837525392113725,-0.388866830878035,-0.024531150601998872,0.021295398649993025,-0.07276591924496226,-0.1749321671077736,0.3119245721847209,0.9995884347059428,0.05049977710312788,-0.04749375478808189,0.11137989324592072,0.007785924100730808,-0.15898242385662148,0.028761151391666906,0.025218657858599832,0.06627654475807541,0.27423156061284015,-0.2725940328507663,-0.03581919846756887,-0.00646315635617747,-0.0221207614949974,-0.05136489689475874,0.32674368539627663,-0.26010943294705924,0.06027120442824512
-0.058997748003966954,0.06500760099904322,0.9037797065938787,-0.027374665220332935,0.006932071855222284,-0.9966924423777296,0.07620203009752485,-0.029212519491727863,0.008496711591458803,0.33109432980033415,-0.18616381951021369,0.19520272646189402,-0.5506507454788723,1.0834460163324535,-0.38847649048233907,-0.02448002641873428,0.02110150429839349,-0.07273247491013794,-0.17505773074779063,0.3122014718298837,0.999890636564053,0.05076128600907505,-0.04772798924575794,0.11152070332834689,0.007760011327131107,-0.15899349023091972,0.02891956061845686,0.025290443861738218,0.06606308922985,0.27402802669360726,-0.27253697675768523,-0.03610662627062966,-0.006188607297365813,-0.022038994844300108,-0.05148377627653541,0.3264814821247416,-0.2602846250771013,0.06050543019900171
-0.059078818488196815,0.06513708639374917,0.9037616497681412,-0.027364353745521666,0.006900667957557528,-0.9966846369214496,0.07631059854690558,-0.029173612034495807,0.008434542337589614,0.3310681482160568,-0.18601882975618655,0.19527556682245603,-0.5504781515773267,1.0832514337689712,-0.3881498624048544,-0.024372957136433074,0.020919076143658788,-0.07261323239639743,-0.1751245693068143,0.3122940691952412,1.000098802268649,0.05104581410706977,-0.04785155799152343,0.1116372929012339,0.00776433452436353,-0.15900158191174474,0.028985278259609962,0.025395741821370624,0.0658556536000132,0.2739188855366292,-0.272509056315851,-0.03634016255472634,-0.006009698348781918,-0.02193269606028235,-0.05163494702929143,0.32632541400525883,-0.26044291254108287,0.06064625169532851
-0.0591574006612992,0.06529047763696913,0.9037287869017483,-0.02734754106771676,0.006898544212528692,-0.9966767335484065,0.07641996393989955,-0.02919143640695575,0.008457651182484791,0.33103875316141795,-0.18589363624494515,0.19533939722840205,-0.5503418960724884,1.0830627285946302,-0.38785887391308854,-0.024171150469537866,0.020752485677773085,-0.07250916652581185,-0.1751691373989498,0.31239308704849805,1.0002051405610737,0.05141750295616583,-0.047900263668267704,0.11169569191186242,0.007765115942011334,-0.15903149290688032,0.028977441244299046,0.025569899103957346,0.06564917667355863,0.2739060629941541,-0.2725268721312265,-0.036485854939585345,-0.0058798585296765855,-0.021770109914418304,-0.05184322005375743,0.3262382824684679,-0.26056043468737,0.06065621076738661
-0.05924058006892141,0.06542664044489667,0.9037135025598442,-0.02730983696240385,0.006907573708121788,-0.9966700984253765,0.07651910307435483,-0.0291350806535375,0.008497571835202451,0.33103342347860626,-0.18586674564795305,0.19535347002017298,-0.5502980684037123,1.0829627899533578,-0.3876239355572502,-0.023938694993031674,0.020603350468570196,-0.07244928729062891,-0.17519976963886888,0.31246069230592577,1.0002794762267306,0.05185751971663092,-0.047733666484174826,0.11168287452035391,0.0077717504148540305,-0.15907015135677705,0.028924545134553687,0.025753471817818455,0.06545642406425371,0.27390135360724993,-0.2725218236551643,-0.03661744697604072,-0.005814148265822015,-0.021599155225992008,-0.052070186734779624,0.32618260937212273,-0.2606073527776738,0.060546079366638285
-0.05931497577979163,0.06554565992128583,0.9037162035793089,-0.027290784806442547,0.006933788210152423,-0.9966628156712234,0.07661832355261802,-0.02918517827754135,0.008590266354230658,0.33105556818882415,-0.18580662679820517,0.19537040583272616,-0.5502374697202522,1.082811094018471,-0.38740416010837253,-0.023672807289217643,0.020446820496670202,-0.07236888115372911,-0.1752802613835214,0.3126253599876765,1.000202612174928,0.05232623827051139,-0.04751957493180455,0.1115774869730868,0.007773654227600552,-0.15914429594809962,0.028892182718986362,0.025971602072107074,0.06525096267841049,0.27391920227606353,-0.2725192893872893,-0.03677341265365741,-0.005665684155536585,-0.02139396082389148,-0.052324925219082094,0.32603150862430313,-0.26058822261832976,0.06033927079169854
-0.05940857518045215,0.065659854710279,0.90372909535991,-0.02728216328291049,0.006952679576810793,-0.9966555559758418,0.07671405709380957,-0.02926050558412175,0.008667407099940076,0.3311028983681445,-0.18566010112479558,0.19541848965086375,-0.5501097943897527,1.082582852259389,-0.3872209436984713,-0.02344573104607554,0.020312325040974563,-0.07223559227248016,-0.17538214273633293,0.3127899590387866,1.0000836013618433,0.05266812265979536,-0.04733882437009451,0.1115065819068485,0.007772036358662472,-0.15920187000884026,0.028926330142247547,0.02616539600030812,0.06504942643839554,0.2738920993254381,-0.2725083385818941,-0.03689706040621693,-0.005501341781547214,-0.02120540389328756,-0.05257136598805172,0.32591654024786404,-0.26057458682375634,0.06012054651371879
-0.05949259778898884,0.06578065020818331,0.903768311765293,-0.027285800529111344,0.006968354391842063,-0.9966482784111429,0.07680583484775186,-0.02929235439589315,0.008720298365574128,0.3311122884940314,-0.18554084132073587,0.19544791632978908,-0.5500015197428296,1.0824434660547582,-0.3870915966449726,-0.023261404677325116,0.020207545961300335,-0.07213633289859789,-0.17541490779424926,0.31278833262399247,1.0001465083085204,0.05279838831697358,-0.04719574983279569,0.11152871498977657,0.007773450499702782,-0.15922159975258474,0.029029132373189284,0.026345614048663323,0.06484425368618968,0.2738055998975046,-0.272510271614726,-0.03696080035575729,-0.005296206142863058,-0.021021918641943988,-0.05281704437214021,0.32579167710414597,-0.26059106141374844,0.05987397497107793
-0.05959465060113911,0.06585924117721217,0.9037581612111864,-0.02730059771202656,0.006980433829557642,-0.9966411864905875,0.07689145790496567,-0.0293473743393044,0.008767707373209864,0.33109326503681913,-0.18528394748983643,0.19548115941320277,-0.5498636593257539,1.0822155158437645,-0.3870208127223703,-0.023264351070188583,0.020124503969183156,-0.07193992840855531,-0.17549295933386186,0.31266186458511086,1.0001752146658194,0.05269769377332207,-0.04718286257914345,0.11164722927283793,0.007769436628333284,-0.15920431950728633,0.029145919976723004,0.02650361548904975,0.06462668723508207,0.2737883888349665,-0.2725848744836229,-0.037052177859329655,-0.005119968390967105,-0.020859562521191526,-0.053078975221540065,0.3258022803195049,-0.26068485374869044,0.059501070622296655
-0.059694831423462276,0.06597118498631778,0.9037412129537892,-0.02731473485063073,0.006991031038105295,-0.9966340611337942,0.07697778207394998,-0.029403080793953602,0.008821414304327322,0.3310680777842865,-0.1850064688988927,0.1955360896674297,-0.5496568545763416,1.0819884422064185,-0.38700946133969816,-0.02327899882130538,0.020060479783774437,-0.0717661393816237,-0.17555179982818647,0.31253239391040555,1.0002691522973377,0.052432669597151774,-0.0472501827293341,0.11186653177605688,0.007762291295724073,-0.15917433665135294,0.029269837342117674,0.026667317006907686,0.06442348655516426,0.27376462060889,-0.27269868967507455,-0.03709882288612465,-0.004950017626762504,-0.0206937789096508,-0.05331768484040429,0.32582896315889764,-0.2608317994190559,0.05922984695692779
-0.05981574890938799,0.06609364261473145,0.9037229348911346,-0.027311034237077758,0.006989941747132059,-0.996627650606084,0.07706214486159778,-0.02941360956814622,0.008870549854650056,0.3310571855598799,-0.18478020536488676,0.1955835811673668,-0.549504137472276,1.0817945500960267,-0.38701177125954744,-0.023264289312967486,0.019956888582764454,-0.07157649713867587,-0.17563521024868115,0.3124509527892709,1.0003462059105541,0.05209635028627855,-0.047309137669572836,0.1121033202890199,0.007761338343348158,-0.159141725360025,0.0293782927492743,0.026811289038226216,0.06425733311339749,0.27369989351880986,-0.2727559528656995,-0.0371867794043639,-0.004808173897817922,-0.020549908169890527,-0.05350279020607364,0.3258336823671776,-0.2609685602544692,0.0591123552889748
-0.05993238131017834,0.06621353996111098,0.9037221105886672,-0.027285706665773516,0.0069722273960008165,-0.996622135412486,0.07714400471030702,-0.02933527134339522,0.008885826070521052,0.33103106451844017,-0.1847017068926826,0.1955981241588684,-0.5494735544350238,1.0817126206157734,-0.3869786487801185,-0.023223569253840073,0.019780631242559205,-0.07142114543687633,-0.1757020380712601,0.3124417034327546,1.0004630792277822,0.051736453467523986,-0.04730137570469375,0.11224707493628781,0.007769366701081778,-0.1591131763258682,0.029501666614206012,0.026919739950544353,0.06414546350971541,0.2734919097932438,-0.27270744078628933,-0.03742095227123812,-0.004684937659788982,-0.020443436637844117,-0.05360493273849327,0.3257479973240778,-0.2610958464661255,0.059246445759451156
-0.06001873848960559,0.0662595756628905,0.9036890975869327,-0.027241594915502373,0.006940009156847749,-0.9966175826573784,0.07722127762168667,-0.029208343783025174,0.008865811111651325,0.33098282033749776,-0.18467073334785644,0.19557948259134894,-0.5495087286757829,1.0816117522629185,-0.38690676078646036,-0.023354331593959776,0.019548849967956892,-0.07127381054489146,-0.17581212673700153,0.3124074970202662,1.0005419908066644,0.051379060730938106,-0.047301433346189276,0.11225107548013932,0.007778612344155309,-0.1590760086589385,0.02959377675855934,0.026971656963112618,0.06406112001223735,0.27325636828797195,-0.27266557941736397,-0.03790080816442635,-0.004629026355321186,-0.02040244404784474,-0.05365674316655822,0.32568638300208563,-0.2613041675789006,0.059447321868444945
-0.060125882315474825,0.0663183460472675,0.9036968366811042,-0.027216480609413906,0.0068958200170624265,-0.9966125786470659,0.07729863473552012,-0.029061933798011405,0.008833887300075886,0.33095829611937455,-0.18478467238284474,0.19555883182416312,-0.5496877629464663,1.0817163259678673,-0.3867571567602013,-0.023402309647623337,0.01924856099471843,-0.07112879991041576,-0.17591859690350142,0.3125855037019126,1.0006608874205127,0.05097428343091317,-0.047309894367681744,0.11216070517402832,0.007796704951459507,-0.15906667144407624,0.029812506583777057,0.02699644361318253,0.06397993680589521,0.2728670934443372,-0.2725197241103507,-0.038322390782432776,-0.004504851332990157,-0.020379450509329534,-0.053709081698050866,0.3255937913738874,-0.26146682448538194,0.05966272381111558
-0.06021560896060309,0.06640041859648459,0.9037198854776153,-0.027192680800657246,0.006871454988388561,-0.9966073458584468,0.07737660756454762,-0.028967555735646137,0.008845439215911764,0.33096662084669287,-0.18488033529099754,0.19555601668149025,-0.5497649099924843,1.0817660430163647,-0.38659709357919814,-0.023429581266519568,0.01901089216409037,-0.07103534554148007,-0.17596695551468286,0.31268064115981475,1.000750723109018,0.05064781016402783,-0.04733826643753216,0.11202627696532688,0.007809529283978093,-0.159078423414263,0.029936189388870417,0.027071918398384912,0.06385621803711124,0.2726510660493238,-0.2724367611754428,-0.03857618896165157,-0.004390251159013177,-0.020308323394336497,-0.05382121837195616,0.32552850835460284,-0.2615967663806897,0.059661601814763224
-0.060313338991532815,0.06650564021736331,0.9037148654668826,-0.0271742545279117,0.0068652480388448405,-0.9966017654080622,0.07745546750069227,-0.028943481029745255,0.008899537665072038,0.3309823616691177,-0.18490478552961337,0.19558718923402613,-0.5498272997566558,1.0817446444997825,-0.3864379870674135,-0.023434790380660837,0.018901336189962002,-0.07088374240451571,-0.17601310054951466,0.3127194347389377,1.000720479597499,0.05048375634999831,-0.04744711265599495,0.1118642720876014,0.007821119774845241,-0.15910570875043223,0.029931747979588925,0.02718454079263058,0.06365650039398155,0.27273307737332203,-0.2725036644841488,-0.03850745400217088,-0.004357178425479579,-0.020200842423014655,-0.05402855344301284,0.32569912621857217,-0.261760193281833,0.05925117079353563
-0.06040544761317974,0.06659813382128564,0.903685270038701,-0.02714687773107817,0.006868225152229791,-0.9965963494458765,0.07753444901374079,-0.0289575805649188,0.008978420165453239,0.3309686898025836,-0.1848883237878581,0.19559931339505082,-0.5498858409633907,1.081708217665866,-0.3862967184892636,-0.023446954775755657,0.0189035968611026,-0.0707578933582003,-0.1760709024623132,0.31268045693140906,1.0007200018486084,0.050512441780707074,-0.04755782426483974,0.11166401571212106,0.007828780356610863,-0.15912695599762938,0.02981913441329409,0.027303298757122094,0.0633970736697955,0.2730102428636505,-0.27269142282427095,-0.03826083986423576,-0.004410256955033539,-0.020087774032284112,-0.05430213402803161,0.3260390599150212,-0.2619753454049738,0.058494211385732305
-0.06052735962783851,0.06673266384015872,0.9036533574032508,-0.02712543319274638,0.006883038703993247,-0.996589956936732,0.07762275687675363,-0.028944956171193262,0.009087421892536446,0.33096789388480485,-0.1848702278341404,0.19562389517066137,-0.5499255381466701,1.0816802573458393,-0.3861830093157589,-0.02336884067587406,0.018968576591381646,-0.07056515220922874,-0.17608010208925873,0.3125744874711052,1.0006548119454288,0.050677508393658234,-0.04761799478954074,0.11147155919690567,0.007843038935861853,-0.15915750463495387,0.029669282939097104,0.0274700518788084,0.06313238792116513,0.2733874758792964,-0.27291052774800967,-0.037933140250530885,-0.004434257772495513,-0.019930251941758344,-0.054585165994590734,0.32636437514447636,-0.2621647413650197,0.05780313101274687
-0.06063405524393499,0.06685174725443023,0.9036396476987638,-0.027114272388127296,0.006896412892227409,-0.9965825241948302,0.0777208349900007,-0.028872493829626224,0.0091666498062513,0.3309292770513584,-0.1848889814331606,0.1956048907873213,-0.5499286116856088,1.0817189107287657,-0.38612075097122156,-0.023329839759711733,0.018988581884830547,-0.07038557360445481,-0.17610525748603728,0.31244326289409585,1.0006226872808925,0.05084057900819419,-0.04757534960521799,0.11132050456704223,0.007858729956959954,-0.15917009708483112,0.029647230083002882,0.02763074648440212,0.06291246724478966,0.2735383808436028,-0.27307022388562324,-0.03782617404002261,-0.0043224989527786434,-0.0197683082860764,-0.05483243657077022,0.32643909895992185,-0.26232148669997973,0.057414005432537434
-0.06074220014579951,0.066912258192225,0.9036204823062767,-0.02712740003660766,0.0069080486122881915,-0.9965735222951364,0.07783057041991495,-0.028786037128652714,0.009219629285208478,0.33087110234810746,-0.1848650245658623,0.1955326990765289,-0.5497256618346368,1.0817817030261583,-0.3861420539368232,-0.023450910234139616,0.01882572530007517,-0.07016252729205721,-0.1762084145006919,0.31236775137837774,1.0005189332994004,0.05084886524525812,-0.04746002659996993,0.11125772294058921,0.007870434411380346,-0.15915743809620775,0.02982795765586555,0.027781065939566627,0.06277260548629074,0.2733819521373878,-0.27313258999447737,-0.038166973628430856,-0.004023789164786474,-0.01960992455590222,-0.055021500039932246,0.326210232531579,-0.2624404250030576,0.05751931038946602
-0.06085208000956355,0.0669920484626672,0.903641828166937,-0.027169924264014773,0.006926114280579437,-0.9965626177862733,0.07795365923053374,-0.028630983788209212,0.00923327928039939,0.330805584969869,-0.18487755773754783,0.19549622405836026,-0.5494495673925377,1.0819394787788543,-0.38624173414492474,-0.02360264394859991,0.01849928430550247,-0.07000465009504972,-0.1762317102053444,0.3123694917445751,1.0005147706596091,0.05066276311999008,-0.04722595437561813,0.11131949693469055,0.007882246154588532,-0.15915154802791562,0.030191417191116014,0.027960874821280304,0.06269308181187422,0.2729596571176963,-0.2730784372773946,-0.03871647971776065,-0.0035080386938182513,-0.019415300007177175,-0.05517706234831117,0.3256440113732399,-0.26245192373248866,0.05807709610752848
-0.06097763246993847,0.06703202512242976,0.9036517173346463,-0.02721946942934298,0.006935323016599086,-0.9965512909365936,0.07808025557879154,-0.028543912904437484,0.009220319193319134,0.33076265959805595,-0.1848260898829701,0.19546498181604174,-0.5490692332563581,1.0820722115649855,-0.38641704653481024,-0.023824158361867697,0.018055502545933882,-0.06984781985622583,-0.17628733832147928,0.3124279394887459,1.0004308662859536,0.0503521954826241,-0.04700586231104098,0.11145659979639301,0.007886466892425848,-0.15914899107356825,0.0306022986478901,0.028109857557186372,0.06259832512939102,0.27249472035038547,-0.2729869633233082,-0.039364956862013134,-0.002970968306051653,-0.019252500802199174,-0.055348254873407166,0.3250890738659455,-0.2624627224013652,0.05861188980604952
-0.06115347202349948,0.06714949382340031,0.9036604698781557,-0.027255265237058707,0.006939244613027893,-0.9965402374216009,0.07820839213765692,-0.028747664896580222,0.00918935331705367,0.3307454705815075,-0.1846705932932349,0.19547205611272708,-0.5483949492418568,1.0822311309232413,-0.3866751048215062,-0.023822355695050677,0.017646020855048072,-0.06984574029093389,-0.17627770883587562,0.3128260815402447,1.0003865490695079,0.05004386626480911,-0.04685989002043027,0.11166125140518668,0.007862900286100911,-0.1591614713999086,0.030906868173453107,0.02827117631190385,0.062438140546069956,0.27221168475095714,-0.2729012137118516,-0.03968925336792443,-0.0025311336980806914,-0.01908766486457137,-0.055556867939645385,0.32473699743490037,-0.26248426336780883,0.0589448056809473
-0.061289216011600915,0.06724992987255832,0.9036442953758052,-0.027266613720286433,0.006917714288026789,-0.9965289596009324,0.07834991819996566,-0.028967125996067364,0.009136182856271362,0.33071466353740137,-0.1846180391504329,0.19546944913558092,-0.5480365199740711,1.0823723978695112,-0.3869780384430364,-0.023811331328186486,0.017447577440350928,-0.06988533155424362,-0.17629860347471854,0.3131770556192974,1.0003465753148764,0.04983088176428789,-0.04677373262963952,0.11177811148309039,0.00785752436232387,-0.15918993476032808,0.031009625607175653,0.02836435140661509,0.06211160583988504,0.27222642068632247,-0.27295788822225653,-0.039769619709642844,-0.002310873190171094,-0.019002183842194476,-0.05587433875190877,0.3247751653184878,-0.2626923590579347,0.058636992255370064
-0.06142274322459821,0.0673355346320896,0.9036193073136277,-0.027262538598874078,0.0068835908310127085,-0.9965174896798878,0.07850008234715915,-0.029095991954168673,0.009077301131736899,0.33070402801127863,-0.18465151255415393,0.19546808881622146,-0.5479921970066839,1.0825235292506936,-0.3872955627103032,-0.023822155324536506,0.017470218804118493,-0.0698893613305949,-0.17630771855812902,0.3133391635417597,1.0002948491358572,0.04976737476730992,-0.04663830921571805,0.11181327491769427,0.007865725982014739,-0.15922741656741243,0.030992487213607606,0.028416662827165123,0.06166918936757409,0.27242596586938633,-0.2730765747032716,-0.039682479070113366,-0.002215522370185468,-0.018966042045671226,-0.05625683191988199,0.3250470473380879,-0.2629946311133196,0.05791048560571216
-0.06150799847331574,0.06741277271647021,0.9036178910061732,-0.027257395448433485,0.006847195133000419,-0.9965058973484462,0.07865206203238621,-0.02922763873004187,0.00901899981759993,0.3306889227349402,-0.18476390157325817,0.19543813389152231,-0.5481028383916915,1.0827374062477093,-0.38757450990002124,-0.02382272904653317,0.017657455783582462,-0.06995394477940234,-0.17630913112730368,0.3134826199348147,1.0002767427303392,0.049809940272270446,-0.04648520810946348,0.11174569874718897,0.007871820318685146,-0.15928567626444798,0.030932377348708476,0.0284540090779562,0.06120497195648168,0.2726582423830911,-0.2732232814296319,-0.03955625193332863,-0.002152524007954811,-0.018943172011750754,-0.056661891641561914,0.3253435016765479,-0.2633218629840506,0.057057210524091094
-0.061641530973044485,0.06752779836286875,0.903613089840566,-0.027252410268693267,0.006819760498577469,-0.9964946039138229,0.07879912037530531,-0.029328643890936538,0.009001313520441284,0.3306777255591661,-0.18481286440597874,0.19543945143879454,-0.5482097879201137,1.0828846204034719,-0.3877801306699315,-0.02373998082532583,0.017857023010998205,-0.06995561439945236,-0.17627237301164086,0.31359292384623383,1.0002487834951752,0.0498855741574147,-0.04635446532865901,0.11171390559208089,0.007875698979537927,-0.15934010078805966,0.03093428614138352,0.028520126675001457,0.06083371929118695,0.27279362528479584,-0.2733154204903369,-0.03939753691245998,-0.002040287750567317,-0.0188885864545156,-0.057021083642132715,0.3255437408371278,-0.2635517326634818,0.05650769388317753
-0.061769316675204924,0.06759728642258807,0.9036126522608745,-0.027247053201543338,0.006801770490675165,-0.9964841717099032,0.07893433689879517,-0.029385181913462198,0.009024620242717364,0.330646938483613,-0.18485256912363762,0.19539445641116263,-0.5483204833981806,1.0829507343855955,-0.3878736584778477,-0.023672492525249778,0.01792402906271232,-0.0699947422280907,-0.17627715414994338,0.3136334490798886,1.0002931598769218,0.04989297004333589,-0.04624271635614922,0.11167908694519743,0.007877631879673552,-0.1594038228459426,0.030973971614337955,0.028586058673435583,0.06058881933162632,0.2728278997296864,-0.2733733969905719,-0.039401539698698355,-0.0018859641000373403,-0.018833214328931838,-0.05734130892496956,0.3255923547275036,-0.2636738759312605,0.056241633592369326
-0.06188972593707187,0.0676424987492567,0.9036008359329506,-0.02723212937494247,0.006790829664551253,-0.9964746996986888,0.0790599052780941,-0.029446541862503516,0.009084817237358392,0.33060272368792143,-0.1848565080734922,0.1953543814338522,-0.5483637331541957,1.0829049450816313,-0.3878693177589058,-0.02362439420426223,0.017846738987884515,-0.07008871150421235,-0.17629381374428396,0.3136448093893297,1.0003911525523717,0.04982227560960151,-0.046221960532127855,0.11166227675826126,0.007871717897780588,-0.15946253435932428,0.03102256027573322,0.028650632014614878,0.06042568620694766,0.27279689109858013,-0.2734318218198189,-0.03948552756280308,-0.001740384469506327,-0.018780776723129094,-0.05764252729502436,0.32558849045004706,-0.26375805181541956,0.0561557426136763
-0.062006154664862326,0.06770977515025833,0.9036083221741642,-0.027217565481285066,0.006786299716863288,-0.9964652700722816,0.07918406282326959,-0.02953133577692834,0.009174317118796436,0.33057849941827117,-0.18488318016924193,0.19533441814184366,-0.5483457231854479,1.0828472132530802,-0.3877884278319888,-0.0235202379048116,0.01768409696207231,-0.07024386620309479,-0.17627915242906256,0.3136731362567927,1.0005325658923685,0.04974109512635668,-0.04626521789786283,0.11169542677045774,0.007863777272602585,-0.15951920486147952,0.031077601113454895,0.028733779097311857,0.06028915596957303,0.27274259814061075,-0.2734740010983473,-0.039563245853088666,-0.0015649875228641369,-0.018706582168920304,-0.05791954039981004,0.32550657599006844,-0.26380234199276903,0.05619373270170957
-0.06207615919381741,0.06775741118773528,0.9035790966219875,-0.027200459776465485,0.006777784472298771,-0.9964560949236799,0.07930603706557182,-0.029609390714727155,0.009252838760017017,0.33054352977159196,-0.1849027721827942,0.1953363597287269,-0.5483287518406466,1.082725509465068,-0.3876609285234709,-0.023559345807318718,0.0175642660402249,-0.07034797730545315,-0.17631341727757807,0.3136710420380891,1.00054418595136,0.0497467803409418,-0.0464165417958859,0.11175469887604787,0.007859212341829104,-0.1595458840139166,0.0311023132807208,0.02880392315381103,0.06011435939730295,0.2727338641684591,-0.2736012979245415,-0.039730664573453395,-0.0014292863694001959,-0.018648006241660388,-0.058174997036112036,0.325491724528292,-0.2639929095707249,0.056151534098636297
-0.0621726673966159,0.06781356520039011,0.9035593763427664,-0.027199415276425512,0.006766469995670317,-0.9964456533589681,0.07943844531734602,-0.02974471312860103,0.00935166323671305,0.3305381878847265,-0.18489951816273129,0.19533994399023746,-0.548352533523004,1.0826823985593006,-0.38746493242203134,-0.023590926748269844,0.01751992112284756,-0.07044037979265869,-0.1763298030186175,0.31369929882586656,1.000559479176693,0.0499632202629865,-0.04650677547517267,0.11191885491478082,0.007854369575114305,-0.1595611418957027,0.031163038695041254,0.028879247128073188,0.05986818159952145,0.27275071308806004,-0.2736943367438186,-0.03993439863891411,-0.0012136600982842203,-0.018576009013298412,-0.0584026437125307,0.32543575241272216,-0.26420758774277026,0.05605240014279874
-0.06231153360317207,0.06787877780334439,0.9035513103301753,-0.027221733707100664,0.006762456587309128,-0.9964331494243119,0.07958784532345829,-0.029931541908295115,0.009493023609395305,0.33054511833136857,-0.18484675665071895,0.19534681790334343,-0.548532727640759,1.0826785030915616,-0.38713687122326207,-0.023595911213597647,0.0176004783521337,-0.07051872479635525,-0.17633274729261592,0.3137018712553819,1.0005812324157068,0.05045646179050676,-0.04646467580485341,0.11223310056340913,0.007850035469649965,-0.15956313972707256,0.031278896146512504,0.028981707623456827,0.059564861346127,0.27277453689182773,-0.27372827855223286,-0.04016390610674317,-0.0008571104802693398,-0.018467361626298265,-0.058626611760959055,0.3252533798385329,-0.2643782680638859,0.05594738095146469
-0.062464828878331664,0.0679142671774641,0.9035567812335698,-0.027237117229019992,0.006753360241181103,-0.9964215407120623,0.07972856938077175,-0.03004226186299978,0.009611752437837356,0.33056932212579015,-0.1848167510193239,0.19532270526091058,-0.5487096207693697,1.0826834253969786,-0.38677531848447927,-0.023639661870318147,0.01770746798190151,-0.07055953775604937,-0.1763562308008071,0.3136731915638,1.0005606982073643,0.05110620126457288,-0.04630778023571276,0.11257565641048123,0.007848330804316128,-0.15956517893614194,0.03142259863974184,0.029058195010336598,0.05926207931037574,0.27274327008349075,-0.2737135974787397,-0.04042346453137515,-0.0005142622009549249,-0.01838209950984798,-0.05883311097342582,0.325075909243165,-0.2645208898417916,0.055778320378681946
-0.06261699504711644,0.06794317906735198,0.9035465378615181,-0.027252621638979187,0.006750976660778239,-0.996409437867036,0.07987459582010245,-0.03009240060883211,0.009725613572924032,0.330575159259552,-0.18479697879492363,0.19531770265234794,-0.5489029358275646,1.0826461861749688,-0.3864284979593128,-0.023718100250774383,0.017804932462948165,-0.07054455820633464,-0.17637677856378442,0.3136031133057714,1.000494277005408,0.05179841141139002,-0.04614989803768028,0.11285909951614082,0.007850403481911444,-0.1595630281259911,0.03152779543679144,0.02914564728011425,0.058950606830085475,0.272777635756549,-0.2737520118795074,-0.04063223555110568,-0.0002048071217374188,-0.018292778003077343,-0.05908488769551076,0.32496154779139746,-0.2646787611283772,0.05555995023869509
-0.06275190059000062,0.06802459311935735,0.9035466880939153,-0.027267658632830958,0.006755347612117963,-0.9963971179681873,0.08002264289569763,-0.029914289785097532,0.009844763473197824,0.3305639968274963,-0.18491159342859392,0.19534272470221312,-0.5492031953405095,1.082613542716957,-0.38617369236513316,-0.023701208138033055,0.017837749495730856,-0.07046955293801906,-0.1763345540880313,0.3134339277322957,1.0004757094701948,0.052396850215840514,-0.04604234438231982,0.1130072605078552,0.007870488877110365,-0.15958360462467142,0.03160484528657489,0.02926119564930844,0.058652845751762786,0.27284813599523594,-0.27387433642800924,-0.04065496184484064,4.802000495456157e-05,-0.018181371910407,-0.059383950452776404,0.32493238345746744,-0.2648566765152703,0.0553356632764877
-0.0628415300871515,0.06809855779922427,0.9034923390186356,-0.027268145143938036,0.006762849697964741,-0.9963857833619931,0.08016285198568353,-0.02969825614547703,0.00993339680734367,0.33051351757340336,-0.1850031085042094,0.1953786310902789,-0.5493684786055739,1.0824817460038494,-0.3860473710275658,-0.023748698405282428,0.017774007597592803,-0.0703549001053614,-0.1763325081314765,0.3132592185352506,1.0004015649492342,0.052885444904115786,-0.04610663724101207,0.11295817034520755,0.00788325811880376,-0.15959010844379382,0.03158336840240804,0.02937557632956143,0.058368681553262323,0.27304743119091035,-0.27417619209333366,-0.04063512389057698,0.00016281197005705927,-0.018080458989176203,-0.059702913898359196,0.3250905788085399,-0.26518342708782444,0.055018218357791804
-0.06297001988514933,0.06816468461280341,0.9034636750826265,-0.02727246480278726,0.006765850793173767,-0.9963739441039716,0.08030815299407786,-0.029503873424347658,0.010006861832301905,0.33050488258663835,-0.18508856461172188,0.19537804340370538,-0.5494717548301555,1.0824175394208628,-0.38602953164963144,-0.02369382368841117,0.017588285315796186,-0.07029489981545765,-0.17631208541481683,0.3131576452807655,1.0004426236491837,0.05328847928124513,-0.04610540315587334,0.11277530671843038,0.007891614417934324,-0.15961210126307304,0.031595624203465136,0.029474138357909185,0.058075950406375816,0.27321136765238785,-0.27440483076481775,-0.040574536790197,0.0003091990879748319,-0.017993698825314014,-0.06002986717975697,0.3252214032844662,-0.2654357925472294,0.05473690988598531
-0.0630867878321375,0.06822574862715354,0.9034604086552732,-0.027268690944931406,0.006756638510583155,-0.9963625241768195,0.08045176658211613,-0.029367909194187997,0.010034392527749889,0.3305030795542337,-0.18517242729365305,0.1953680313682236,-0.5495145886790013,1.0823948062477053,-0.38606679693929585,-0.023614370585193036,0.017396544679803897,-0.07032516688299274,-0.1762925048950507,0.31315273024664175,1.0005077484482645,0.05364915411532146,-0.046071269945892335,0.11255121724496599,0.007892706634527954,-0.15963279557827778,0.03163452684063293,0.0295360534474398,0.057790250238592904,0.2732704065780275,-0.2745374690511209,-0.04053086950995412,0.0004897324076018907,-0.0179370297180552,-0.060322370032532706,0.32522749204866086,-0.26561838404521115,0.0546092469619657
-0.06317695050622231,0.06825011446345364,0.9034564288718323,-0.027254533558237384,0.006735459565990523,-0.996349442805019,0.08062016997678141,-0.029284214358500593,0.010073181478556058,0.33051519183492206,-0.18524192756181743,0.19533499090064677,-0.5495706631529272,1.0823139758162013,-0.3861218461586687,-0.023600174596847313,0.017250796867971683,-0.07034661694070957,-0.1763338957492453,0.3131974409773093,1.0004959171661207,0.054049290425217486,-0.04611070026332826,0.1122822935725713,0.007895108376200463,-0.1596325507449356,0.03162287706661966,0.02955025137234468,0.0574496304001368,0.27333678174685466,-0.27461371931388556,-0.0405775097396895,0.0007189704367083563,-0.017927977323830467,-0.06062035756778695,0.3250904160003996,-0.2657724922634249,0.05470362588609751
-0.06328362150783245,0.06823758960722942,0.9034533994255758,-0.027234830115756857,0.006698013048478914,-0.9963369925906786,0.0807836483771895,-0.029194190353118175,0.010061518232909775,0.33053720903978573,-0.18526771543833284,0.1952950903061881,-0.5496242739183482,1.08224647005243,-0.38618336972292494,-0.02365154114272864,0.017167570682233176,-0.07037079900441003,-0.17638687961419175,0.31329292499375244,1.0004599872876145,0.05449094671196284,-0.04611427800052404,0.11204008073746623,0.007892984671227175,-0.15963179835485333,0.03163763991061359,0.029509871988281436,0.057111389487117734,0.2733412995833799,-0.2745957758461897,-0.04068146751302314,0.0009594103370640062,-0.017971719005245745,-0.0608862309119488,0.3249070239000575,-0.2658701420254387,0.05495370019255553
-0.06340168351107132,0.06825064412861474,0.9034485072523766,-0.027220395289589173,0.0066667880285630685,-0.9963232775632835,0.0809600556028489,-0.02928251509749019,0.010058102464606847,0.3305445237339487,-0.1852101448796552,0.195274744100881,-0.5495940666230124,1.0821978711893758,-0.38621716486736984,-0.02363490436300831,0.017164153673510107,-0.0704605391468671,-0.17642587891576675,0.3136579934018457,1.000454876915763,0.05487587540659846,-0.04619521007945697,0.11180969518462634,0.00787496290327554,-0.15962426922361037,0.03166118098156326,0.029490380179102358,0.05675494464365193,0.27334816871876694,-0.27457764139081514,-0.04074033362686829,0.001249162266727404,-0.01799418450935362,-0.06117538273516513,0.3246671862319439,-0.2659444647931844,0.05527729834226203
-0.06350115031786824,0.06828656020629857,0.9034271700254622,-0.027202663945095424,0.006637124742220955,-0.9963102033833092,0.08112917036279203,-0.02930123268770132,0.01005626407797715,0.330533264928009,-0.1851822459842095,0.19527750887577588,-0.5495718836793778,1.0821312255086435,-0.3862643220144878,-0.023626392334508514,0.017189175321271084,-0.07052938325182133,-0.17642284114322415,0.3138942503213647,1.0004819954863595,0.055104209011587496,-0.04631765738206166,0.11165399599513366,0.007868337334093128,-0.1596186347371581,0.03166880835041759,0.02948071595604195,0.056421730208408315,0.2733672059646633,-0.27462614118148687,-0.040758401795190365,0.001457031518125358,-0.01801230462763506,-0.06147685080234826,0.3245722154146632,-0.2661009831201991,0.05548199866249075
-0.06360952375479283,0.06832027840638791,0.9033999485603377,-0.02718741975489934,0.006619219783266449,-0.9962986432137215,0.08127757173432755,-0.02929245120966855,0.010066149457388646,0.33052240482479445,-0.18515948310556732,0.19528092779517525,-0.5495885963142896,1.082094666337652,-0.3863343204073198,-0.023609699842693163,0.017180929439910748,-0.07057593818308357,-0.17640225696391054,0.31398959263402054,1.0005750037886385,0.055072484986684,-0.046403881008361625,0.11157788378479654,0.007864817141165263,-0.15962330080239662,0.03169225722119318,0.029499064592660485,0.056129057562144806,0.2733930776263422,-0.2747285981302684,-0.0407836149458935,0.0015866804827983545,-0.018006578043880152,-0.061793942277990385,0.3246531882477259,-0.2663065486801459,0.05538658201165061
-0.06371080063072046,0.06831458485455091,0.9033796489380915,-0.027197550071508658,0.006601130075417561,-0.9962858561751563,0.08143224875422739,-0.029419688402204863,0.010062418202273778,0.33046593271332586,-0.18506521454358466,0.19525604580722727,-0.5496433750145621,1.0820883843078837,-0.3863870868608315,-0.023575420639933346,0.017146379263845272,-0.07078475304391006,-0.1764348891448912,0.31433781904039937,1.0009113637588505,0.05463894154650676,-0.04636231688421495,0.11153685438575854,0.007838988163448947,-0.15965839060817888,0.03177976604873473,0.02950595091781273,0.05581590865836618,0.2733958770650559,-0.27484852262900894,-0.040876564929819365,0.0017256462981069464,-0.018018058056274915,-0.062165926486301495,0.32484575098791846,-0.26655892335745585,0.0550365021159016
-0.0638186848387988,0.06832920787759496,0.9033610201446927,-0.027199961686683316,0.006585990669790913,-0.9962733958280664,0.0815849715104003,-0.02945544396459356,0.010078747460922395,0.33045122815032085,-0.18503435196074566,0.19525067589651046,-0.5496723656909689,1.0820879728063264,-0.38645039460038744,-0.023529862629036752,0.017070770452195037,-0.07088637903282337,-0.1764250125790883,0.31448516695192924,1.0011590278456046,0.05399992947662668,-0.04626747480509833,0.11156746495801577,0.007833454157955666,-0.15969152188848723,0.031851426053964176,0.029522417097499327,0.055514960823164386,0.2734034635048405,-0.2749715362209433,-0.04091439054164661,0.0018679448598540736,-0.01801601829785444,-0.06252939652056304,0.32500000020186254,-0.2667931467569495,0.05469495814496918
-0.06397610393200855,0.06836406235405836,0.9033595792032317,-0.027209854823742805,0.006566389315069291,-0.996259971078562,0.08174702660266069,-0.029471409155655028,0.010112212130716365,0.33045623249402956,-0.18500599433584072,0.195247189240861,-0.5496777399957495,1.082128002441586,-0.3864837297996886,-0.023422684112605015,0.016934365928987748,-0.07090133642208986,-0.17639862902393869,0.31458005809035733,1.0013388844241948,0.053356928330527374,-0.0460764569551146,0.11166348942123105,0.007833337136607884,-0.15973551331140023,0.031969162411070236,0.02953482692549746,0.05521231042703742,0.2733849851496253,-0.2750194979165381,-0.040855836970883984,0.002127947312539921,-0.01800837176796124,-0.0628628128556441,0.3249892067252578,-0.266937101699724,0.054548809253324566
-0.06410952954886345,0.06840330440252979,0.9033824883562448,-0.027233370875288307,0.0065320652253743365,-0.9962441019971635,0.08193512598711951,-0.029481102173147405,0.010133505280232005,0.33043307703384717,-0.1850241246464142,0.19522738693404948,-0.5496236792848156,1.0822136070251556,-0.3864568145269921,-0.02336078848397979,0.016734855818481834,-0.07090422265442195,-0.17638050117148327,0.314598959677765,1.0014770148556913,0.05281778790095174,-0.04582961275278647,0.11178633729718142,0.007837168103134904,-0.15979761329256664,0.03211929836087007,0.029508351095219636,0.054871770390435316,0.27332382105269293,-0.27502473711376507,-0.04070454870883026,0.0025563211880998073,-0.018021323549651545,-0.06318334203927412,0.32469508882289105,-0.2670283698977469,0.054656745814011996
-0.06423915961729197,0.06837627745408917,0.9033709978183252,-0.027262929088824526,0.006494152801813321,-0.9962268458002971,0.0821378742339673,-0.02947826031942135,0.01017359320830764,0.33039700697006447,-0.1849923655560952,0.19519383385913514,-0.5495249742882794,1.082237919880899,-0.3863713982379031,-0.02352216273161905,0.016441717043131483,-0.07076626289973678,-0.17643909426330753,0.3144246366735714,1.0014430161322023,0.05242541336409042,-0.04559556103022921,0.11189899875336998,0.007846933566206893,-0.15985781078988598,0.03224110636881347,0.029445994361442174,0.05449285427888048,0.2733558873116853,-0.2750764085296499,-0.04059969808603487,0.0030764475932353917,-0.018064044535475828,-0.0635116336363133,0.3242640700414026,-0.2671222208762819,0.05481904380853371
-0.06436698006655622,0.06836804342997754,0.9033497397081544,-0.027287601154143415,0.006464393254399311,-0.9962095083843825,0.08234205394360378,-0.02941950788961464,0.010238229833102151,0.33038473738622953,-0.18499014852867823,0.19519918299743774,-0.5493542212360268,1.0822563416611293,-0.3862765522283595,-0.023719970404735495,0.016103238769881987,-0.07054129196715621,-0.17646060729930346,0.3141158843263329,1.0012745835170271,0.05222345713531353,-0.04538708341141367,0.11203314847304337,0.007864412320025497,-0.1599078469662862,0.03233415735264875,0.02940651013937302,0.05411258465717224,0.2734266973516123,-0.27516893890881533,-0.040478933897535624,0.003590324868348667,-0.018085854785587024,-0.06384035036016449,0.3238271715976484,-0.26723569979366896,0.055054869358629445
-0.0644875126326641,0.06839086184786351,0.9033176864318099,-0.027317402229219058,0.006450522386448067,-0.9961930115138852,0.08253262450258549,-0.02933590524628893,0.010328851135613763,0.3303599654240718,-0.1849775989257209,0.19523887577273785,-0.5491868274192592,1.0822497671526101,-0.38618801563007116,-0.02385631468000926,0.015793516497324033,-0.07035513879888909,-0.17646244213833615,0.31389263814370444,1.0011217830363466,0.05217979583242292,-0.04523286940962229,0.1121760821447257,0.00787615881332761,-0.15994411430677338,0.03244699910486196,0.029415334457733207,0.05375975298826036,0.27347396936393453,-0.2752882676915633,-0.040404770341714406,0.004053334083044091,-0.018067321946024634,-0.06417189019113559,0.3234937287576069,-0.2673884112352001,0.05525751828721092
-0.0646058760885849,0.06840820290133923,0.9032902448626619,-0.027355789013492254,0.0064634880661717685,-0.9961776264561905,0.08270441752154507,-0.02921129614986925,0.010461469650290699,0.3303643369129277,-0.18494245355909444,0.19526227058602413,-0.5489930737824081,1.0821866801408815,-0.3861542307048766,-0.023926225727568782,0.015518057904561651,-0.07020802565032043,-0.17646511798291478,0.3136815106555109,1.0009797606815305,0.05234086934027258,-0.04513236850365513,0.11228021671187975,0.007885513924294396,-0.15996449489662315,0.03261467438939627,0.02949017336088866,0.05343767634804311,0.27346447173396643,-0.275416323513072,-0.040530269525618653,0.004464746677078014,-0.01799114288961729,-0.06452378349849117,0.3232906822517004,-0.267577188369422,0.055310006162017124
-0.06476748439815457,0.06841410172674293,0.9032795831390167,-0.027410440966290795,0.006499758819024913,-0.9961626104413671,0.08286419262847328,-0.02906541942277614,0.010632807638464565,0.3303970078406615,-0.18485176372078843,0.1952692431354062,-0.5488002345697279,1.0820867575157043,-0.38617431497009436,-0.02388370780782294,0.015255742248073795,-0.07005787174487105,-0.17646591575129106,0.31353702875876754,1.000829737936403,0.052706520987009675,-0.04504009134278319,0.11234035896639695,0.007892262408588268,-0.1599774663349315,0.03287308516838593,0.02961737500263759,0.05313911930531264,0.27337259859477914,-0.27546799008492184,-0.0407904007729704,0.004916271618300121,-0.017864277600906336,-0.06488223113343947,0.32309005889975767,-0.26769629952714613,0.05527378736000728
-0.06492314712828193,0.06841009079535187,0.903289226399508,-0.027460151666665284,0.006535578477480992,-0.996147899879791,0.08302161073774823,-0.02895411610583038,0.010810496591636043,0.33044995322756043,-0.18472251498766895,0.1952555990632613,-0.548455065610011,1.0819206615769703,-0.38627877855122805,-0.023778510662543356,0.015008549727562171,-0.06995025863479527,-0.17646158524060473,0.31339518969197816,1.000656777109696,0.053226895246142984,-0.045006030847004046,0.11236557326327395,0.007892315244182428,-0.1599897706875222,0.033135071663003855,0.029735134670866973,0.05284345983510082,0.27324721604498875,-0.2754881567139648,-0.041058941371795034,0.00535684453046448,-0.01774801188104557,-0.0652445074530816,0.32288603964893214,-0.2677841535970742,0.05517257359957759
-0.06504227834999864,0.06835774770851133,0.9032786397365221,-0.027494036536803487,0.006549269798908157,-0.9961335595552212,0.0831812271360467,-0.028818915927591574,0.010955476425485784,0.33044159054095457,-0.18461909918320582,0.19523682300467574,-0.5482140529041373,1.0817632864908706,-0.38638150553454803,-0.023780943834710182,0.014791933131357153,-0.06987428661407663,-0.17650304178841406,0.3132877330780726,1.0005307930950758,0.05370199079013278,-0.045012956236847285,0.11235396117929616,0.007893025242500549,-0.16001135230338104,0.033301817567939346,0.029772233377990995,0.05252564447734032,0.27322188716921414,-0.2755669608649572,-0.04125397775575117,0.005706110140667508,-0.017715970038421652,-0.06561351058898542,0.32277567000521795,-0.26791563239920174,0.0549599161478934
-0.0651517052158311,0.06830316000066537,0.9032932788636143,-0.027500810280958493,0.006527392710902858,-0.9961199907810828,0.0833430413686952,-0.02863049244295589,0.011049295275671035,0.3304247998378343,-0.18461579444747817,0.19521162744046502,-0.5480399003397913,1.0817448020048162,-0.3864294542981669,-0.02379328249041407,0.014609234489188482,-0.06987346183292821,-0.17650979749399157,0.31321968614380896,1.000527458177166,0.05399845591300991,-0.0449113327400261,0.1123465736787096,0.007894928840262468,-0.16006170614050613,0.0333733243835691,0.029707469670149617,0.05219397416754337,0.2732554106412211,-0.2756257022344699,-0.04115499479986591,0.005946162799326002,-0.01778762285788659,-0.06596461693691281,0.322747465419088,-0.2679949246621816,0.05467701377591968
-0.06523805190049724,0.0682881467271124,0.9032631337023781,-0.027493505837391866,0.006492630080909583,-0.99610538127578,0.08352258547743209,-0.028536712117913792,0.011145461008419908,0.3303773871337313,-0.1845300490039671,0.19522845168396605,-0.5476211610533405,1.08164778197385,-0.38648458265717067,-0.02387054919678676,0.014480149190608627,-0.06990174844559283,-0.17650863009100826,0.3131849551842927,1.0004917381472647,0.05413615235159216,-0.044836068958012815,0.11239438970406339,0.007882303379326477,-0.1601309359590669,0.03326487247304377,0.029615597469814597,0.051824765649700656,0.2735410360916796,-0.27581602008298917,-0.04078700956402589,0.006072158317596745,-0.0178963913784635,-0.06633374652470587,0.3228754435020343,-0.2681468605327066,0.05439024784589709
-0.06534267860631734,0.06826024266197962,0.9032426820618192,-0.02748382162657379,0.006448564257205709,-0.9960915833015667,0.08369356751625381,-0.02840284575659539,0.011215849438183996,0.33032368135183027,-0.18447759154428067,0.19521873853797958,-0.5473050520012483,1.0816310940181832,-0.3865214144346918,-0.02393237974069401,0.014366019955509495,-0.06996185088105342,-0.17651811177116614,0.31319046368963044,1.0005709854227127,0.05412534145102491,-0.04464860739309804,0.11245178403724879,0.007874246320290877,-0.1601938231442095,0.033201206340442,0.029494293282296496,0.05147423998697931,0.27375778561177166,-0.27597176278248886,-0.04040714021455947,0.006199320477581041,-0.018031419437404942,-0.0666763708421792,0.32299743672498943,-0.26828320845691256,0.054128519269994235
-0.06544603345845794,0.06821929475982022,0.9031966841680571,-0.027488693019217747,0.00642306014297775,-0.9960776574933399,0.08385950331999278,-0.028387092160902086,0.011324391869618925,0.33025143886408775,-0.1843231021467023,0.19519350757410037,-0.546908887389951,1.081551924798555,-0.3865866729974177,-0.024006364212276286,0.014281969144430516,-0.07005654744739848,-0.1765753075710952,0.3132752984150897,1.0006723506968276,0.05404390666632056,-0.04454229857282247,0.11251939683721551,0.007853537113733594,-0.16023770285723435,0.03317787819081949,0.02941675473163436,0.05114305392424982,0.2739606193339454,-0.27615567420006343,-0.040229872978080394,0.006404015005659942,-0.018118245346572272,-0.06700616145923531,0.3230354541133828,-0.26848362840010065,0.054001295478228274
-0.06560513643184414,0.06819310323909936,0.9031983494234592,-0.0275345073476566,0.006420671774189393,-0.9960630366598945,0.08401816993341467,-0.02837678304205159,0.011462930095678598,0.3302176198006633,-0.184165456887514,0.19515958699057198,-0.5466622718605284,1.0815270904380287,-0.3866894911596677,-0.023917159749546706,0.01421452550145283,-0.07012847911821081,-0.17658947004790054,0.313402820725811,1.0008680960635368,0.0538989786062787,-0.0444689256330198,0.11260813987610777,0.007840406168194872,-0.16027374509629136,0.033399948494569516,0.029409945293270814,0.050870028080860635,0.27389391211299,-0.2761881830013013,-0.04031104929505328,0.006878696628089402,-0.018114251807076133,-0.06729539903406533,0.322743331883212,-0.2685937617419626,0.054183300800704874
-0.06574644093099237,0.06814879728194663,0.9031839925882772,-0.027597081805938464,0.006427270187630673,-0.9960487764676198,0.08416606306041328,-0.02833543348535894,0.011609756274258068,0.3301732901423019,-0.18401439639895067,0.1951316105138587,-0.5465636972964113,1.0814315763609592,-0.3868148826306697,-0.02384868586090881,0.014199931954393053,-0.07011834774289202,-0.1766388259034073,0.313472944274814,1.000998237622176,0.05368858552507939,-0.04460729931902886,0.11270755704934317,0.007835257975190196,-0.16029012613159896,0.03371953765048889,0.02942462520797778,0.050637071496452024,0.27370535262710555,-0.27620769478749624,-0.04064308986209109,0.007448159667073842,-0.01808351854021975,-0.06755868393855459,0.3223249007203939,-0.2687595666939723,0.05454102224985449
-0.0658509686572168,0.06809880472322999,0.9031861533672652,-0.027666544479452954,0.006436145645261688,-0.9960341306540452,0.08431576909475469,-0.028277322511205936,0.011745295468911903,0.33014927340067873,-0.183928991827089,0.19510402536076282,-0.5465403242771654,1.081365218553047,-0.3869430975695906,-0.02380974682430577,0.014230907471606666,-0.07012339513860213,-0.17667091943226715,0.31351110620643013,1.0011468317930121,0.05347520031994892,-0.04484701674606801,0.11279189931560718,0.007833511407473862,-0.16031360748064377,0.03406930738840409,0.029436863712870423,0.050401688527166186,0.2734632800511022,-0.27623944260128924,-0.04102601384058171,0.008038274810731466,-0.018053610356576846,-0.06783062910893563,0.3218694262537094,-0.2689375152134031,0.05492214464853698
-0.06596536648915903,0.06807378848103089,0.9031973704210807,-0.02774689716403773,0.006434285428359323,-0.9960181363217617,0.08447829180872062,-0.028226472919790514,0.011881068877106146,0.3301525716552708,-0.18382735000448175,0.1950717917314554,-0.5465286633449739,1.0813100192775655,-0.3870377122341504,-0.02373226563651221,0.014326071135215373,-0.07011829436374621,-0.17670180928915646,0.31363282860098846,1.0013148029869798,0.053339423838202664,-0.04512978067418248,0.11287902860667849,0.00782895542056934,-0.16035513601251492,0.03440531954244856,0.029434307932127243,0.05011901174954228,0.27327528010105356,-0.2762556425702265,-0.04122173611574061,0.008595890529877592,-0.01805258497753976,-0.06813976750506168,0.3215260643040395,-0.269059935721151,0.05520832977222424
-0.06605773449543909,0.06804818103166198,0.9031804180710574,-0.027800807879685013,0.006415633496853663,-0.9960016057246307,0.08465669567156736,-0.028189369599810655,0.012015905919615901,0.33015037190550367,-0.18374892845594204,0.19500194660070788,-0.546492777784934,1.0812713044402502,-0.3870631223229575,-0.023726872029055723,0.014470342858396323,-0.07011134774196015,-0.1767915393302148,0.3137829744015977,1.0014210512404749,0.053403259194018254,-0.04539997017910102,0.1129324237317169,0.007825236298896964,-0.16039456324885235,0.034570125684512606,0.02938194508766506,0.049759055277953566,0.2732873300144287,-0.2763710454664326,-0.04118510842206032,0.008939176826778538,-0.018121233002097028,-0.0685069713775327,0.32149290859124585,-0.2692243757822925,0.05524894240654072
-0.06616750733163233,0.06798463825641984,0.903154265563472,-0.027834962536237413,0.006387996111710443,-0.9959850852975781,0.08484172458795998,-0.02810330612717589,0.012092867990683298,0.3301578732692064,-0.183689091092691,0.1949300723950835,-0.5464880921743465,1.0812605538352154,-0.3870332857534439,-0.02384382774428383,0.014593144412207918,-0.07011221341699977,-0.17687024615869693,0.3138567648688591,1.0015550446140666,0.05371239954676845,-0.04547580685243679,0.11291430253347584,0.007822680230988855,-0.16042050529501223,0.034646029162480586,0.02928687063541953,0.04934281085725505,0.27340583556496456,-0.27650630364281203,-0.0410490788998951,0.009160247501017434,-0.01824563419289767,-0.06891479669312109,0.3216437928784412,-0.2693787849963567,0.05507658146175258
-0.06629082401357529,0.06791884138899679,0.9031373414037835,-0.027864212619696915,0.006356878848299061,-0.9959678636842574,0.08503640546618298,-0.028057465836999217,0.012172250863559268,0.3301650699693509,-0.18363812470978325,0.19485625500654233,-0.5464816844841597,1.0813028693345443,-0.38696796913524134,-0.023953532211794124,0.014699487884505475,-0.07015618450986924,-0.1769256577452169,0.3139365224811068,1.0017029899385974,0.054197001023573076,-0.04541247035942629,0.11284250505363914,0.007817227637874609,-0.16044499564279752,0.034700490616445215,0.029180677728281215,0.048897733635848734,0.2735389546072222,-0.2766148124878137,-0.04085038412069419,0.009361000322740076,-0.01837940440750493,-0.06934066993978091,0.32182235973053264,-0.2695024335836842,0.054846747283349664
-0.06638119489912452,0.06784414575950933,0.9031228891233689,-0.027885736998863875,0.006330592720957479,-0.9959511162162011,0.0852272455001029,-0.028018845689775678,0.01227993675311353,0.3301527957854255,-0.18360319949974627,0.1947711564880218,-0.5464693499593035,1.0813171823021708,-0.38692702477213226,-0.024055105492284127,0.014792867744672929,-0.0702366217973957,-0.17699126818483527,0.314001316399034,1.001818494892904,0.054685015919128006,-0.04530009695396127,0.11271892022315784,0.007811060769799331,-0.1604587357169229,0.034741775705956664,0.029077397191052085,0.04847323969100977,0.27365062299757187,-0.2767460512598103,-0.04070809333794079,0.009557101168785092,-0.018501799100778708,-0.06974451836548208,0.3219416788711593,-0.26965645784581105,0.05465588502828031
-0.06646926499665182,0.06779048116203691,0.9031390787663058,-0.02790281494223363,0.0063134598573902755,-0.9959353054920087,0.08540749626038732,-0.027960908663127528,0.012403263713630626,0.33015350080717926,-0.18359873849044459,0.19469368973306458,-0.5464690905957056,1.0813348191546899,-0.3869732615125944,-0.024034370132019176,0.014850446355576535,-0.07032838362998421,-0.1770187146452092,0.314063758473102,1.0019002013245357,0.0550168245107773,-0.045095184602398884,0.11258094623832479,0.007806959584910085,-0.16046396108043007,0.03483526668595295,0.028994253756496582,0.04810186779735251,0.2736427064135622,-0.2768130457333411,-0.040580832724443704,0.009808258616089657,-0.018582053211454248,-0.07009687603127454,0.32190630967926004,-0.2697654748215553,0.054588119080718915
-0.06656920313770855,0.06772014108954749,0.9031232359837291,-0.027911644354369585,0.006297380212331629,-0.9959200312181394,0.0855837281868276,-0.02788091941526806,0.012524075459750074,0.33014280890174713,-0.18355110116598317,0.19463887537125446,-0.5464914935085465,1.081245903449347,-0.387113005249472,-0.024004912295535717,0.014865056013958648,-0.07034219037317253,-0.17706828347593132,0.3140864574836676,1.0018492022626058,0.055165214786424506,-0.04485074688188505,0.11243742501727656,0.007804106820415796,-0.1604464534455577,0.03491629200383295,0.028904946534328912,0.04775417489331884,0.2736452806075451,-0.2768900926029493,-0.040494134846647406,0.010024414626555508,-0.018662174632145454,-0.07042262920277129,0.3219068791272259,-0.2699041580130025,0.054539626746262136
-0.06665791394217904,0.06768020724050483,0.903126912676183,-0.02791771841943088,0.006282018253230206,-0.9959050849133054,0.08575662708351707,-0.02780352233281099,0.012652957766670098,0.33012767217043376,-0.18355927361076782,0.19457673301878298,-0.5465081552629028,1.0812168736517251,-0.3873208872433267,-0.02386444484952404,0.014851785048794208,-0.07039126260290839,-0.17708340466207115,0.3141340895031327,1.0018114402943594,0.055176522260471206,-0.04459259108963485,0.11230217190057135,0.0078027400078461776,-0.16043370238499713,0.0349969619197968,0.028827860705158807,0.04742490523229709,0.2736173882298883,-0.27694893677851184,-0.040370810461161186,0.01025295096756605,-0.018728732151887237,-0.07073529591558121,0.32184904347412685,-0.2700315552816434,0.054581371355878885
-0.06672208978675999,0.06762033228958526,0.9030893825549247,-0.02792567225135917,0.006260614526144379,-0.9958898795213118,0.0859320045273697,-0.027752374733713385,0.012765075357617924,0.3300760867290994,-0.18354316681630212,0.19451893485780242,-0.5465350898145453,1.0811564415878823,-0.3875470350604784,-0.023809158786187886,0.014825381860263756,-0.07039542082874699,-0.17714414545361387,0.31418638332528737,1.0017201645111498,0.055117201143684555,-0.04445841677038013,0.11215208030109503,0.007801190826822788,-0.16042055742113298,0.03503726147049209,0.028728733356587235,0.047083446836348714,0.2736498719679645,-0.2770625897839939,-0.040279782922966405,0.010452194373774072,-0.018823598052890998,-0.07107270215256523,0.32185068998215144,-0.27024117866125585,0.05462956394119892
-0.06680162826066184,0.06756493558434044,0.9030668009792558,-0.027942560625918877,0.006230867630986702,-0.9958746517081336,0.08610498057276274,-0.02773115075984346,0.012854475186421991,0.33004646957167016,-0.1835507376323562,0.19445550816602883,-0.546566793097062,1.081191545230043,-0.38773994206916973,-0.02373233143543761,0.014743977191069305,-0.07040222100040115,-0.17717771981881877,0.31428454535582484,1.0016867837954755,0.05506941028949519,-0.044391647008272216,0.11199442472589148,0.007800803456616177,-0.16044637068591666,0.03510336244041466,0.02861800308441714,0.04674078542316883,0.27365469849721874,-0.27711178290449534,-0.04017253323260109,0.010693126349640024,-0.018935413894685983,-0.07142885892956209,0.3218132602373773,-0.27042474110136966,0.05476927552691794
-0.0668931839413288,0.06750708735268456,0.903066758938609,-0.02795796575840694,0.006199172777452903,-0.9958604826505821,0.08626599273454776,-0.027703610225504154,0.012915619794819226,0.3300386977432293,-0.18358299959358848,0.1944016935764404,-0.5466004801567769,1.081273460654405,-0.38789389693006554,-0.02366068018426276,0.014602872451012931,-0.07043238072793016,-0.17718574687664235,0.3143764236437133,1.0016936078833885,0.055058665943324044,-0.04434530120718073,0.1118447911201039,0.007801381988786213,-0.16049733993359583,0.03519440385438942,0.028498576310597382,0.04642454805484539,0.27359895048514515,-0.277080150914768,-0.04005499047376215,0.010962100284628072,-0.019053651810913532,-0.07177422648944728,0.32169970465471787,-0.27054574592873754,0.05498139789432528
-0.06694572430927165,0.06742388897998244,0.9030699794564597,-0.0279952831500966,0.006157102756543131,-0.9958433756435889,0.08645418089238624,-0.027757356615940063,0.012968701095893643,0.33000354837648843,-0.18363312118754102,0.19432755103399488,-0.5466560512974957,1.0813903083302399,-0.3880185032781798,-0.02365826997679539,0.01443852301195076,-0.07044316611662645,-0.17723218188449527,0.3145252605032563,1.0017087237968048,0.05503093874004815,-0.04443629456722272,0.1116471749052776,0.007803589195652036,-0.16056698433694672,0.03532566031119734,0.028350379179011013,0.04604564553226097,0.2735047213832253,-0.27704871287687155,-0.03998879510537591,0.011276836537440044,-0.019205759518130937,-0.07218527500559065,0.3215911507531573,-0.27070937889610697,0.05513603694664306
-0.06702966682572734,0.0673452131006779,0.9030759437307151,-0.02804997676181299,0.0061222611822877495,-0.9958251697104508,0.08664841656273883,-0.027903754659620715,0.013047710465204617,0.32997266079609605,-0.1836362359352214,0.1942034261643636,-0.5466886801029781,1.0815843055814636,-0.3881149750654065,-0.02359240784895707,0.014319044798980813,-0.07042141967294326,-0.1773100704550496,0.31485867978359944,1.0017157260576024,0.05489933679387381,-0.04453901673722103,0.11147474973307528,0.007801826850415366,-0.16064052831734418,0.03548361729984907,0.02822601162946411,0.04564695766026855,0.2734567364810284,-0.27701862445763886,-0.03990491906301978,0.011624536604594322,-0.01933696019853268,-0.07260431591607241,0.32152247448538807,-0.27084009879527343,0.0551862709631382
-0.06713262845326504,0.06727444762308775,0.9030830166837557,-0.028076154222597082,0.006096483294769552,-0.9958062052352353,0.08685945009327568,-0.027978497438696716,0.013124192570078064,0.3299889739091513,-0.18363508776688017,0.19415223038143892,-0.5467210935251845,1.0816669824832439,-0.3882609268106754,-0.023596882775938043,0.014224481569799366,-0.0703940642460207,-0.17731706537404257,0.3149612488724515,1.0017318647813367,0.05468892159793557,-0.04450745806026901,0.11141065267734518,0.007806439820841645,-0.16065628908593518,0.0355733946860188,0.028126304720759488,0.04520599028010783,0.2734591773598011,-0.2770294798929725,-0.03977373905758254,0.011894580887637693,-0.019456178439903868,-0.07305511975944781,0.32153717071704263,-0.27095656157795545,0.05503250105950029
-0.06720581229689983,0.06723680202245914,0.9030611602086556,-0.028101282992450672,0.006071887442062904,-0.9957840891408566,0.08710624484492467,-0.02811043131795055,0.013193239995126184,0.3299617748966137,-0.18361157390499724,0.19414345388886853,-0.5467437850372061,1.0817108154556645,-0.3884654190552206,-0.023628293290023798,0.01422888566320189,-0.07039481449083322,-0.17732015233526172,0.315062577469027,1.0017507853740195,0.05435813376952941,-0.04448394011616934,0.11146116961454014,0.007804335942204772,-0.16062875102282936,0.035593106979406125,0.02804101556019821,0.0446902801736722,0.2735717209636774,-0.2771704865757005,-0.03956579479498961,0.012119932952009731,-0.019569804783723322,-0.07357858377291125,0.3216732457799372,-0.27118442381236607,0.054769988013688334
-0.06728900905594275,0.06719837890496394,0.9030320584354102,-0.02812473116956645,0.0060508385089876535,-0.9957624536740306,0.08734713906621112,-0.02823110281119388,0.013277691471797377,0.3299458650425441,-0.1835667053477895,0.19412058226395973,-0.546774401133934,1.0817570384162016,-0.3886874567581078,-0.023652527652449493,0.014261841072940323,-0.07038717346350393,-0.17733724144207264,0.31512006482157934,1.0017648308303604,0.05396783630776842,-0.04442120269315045,0.11157128591518387,0.007803212069620121,-0.1605962051706189,0.03561262735887142,0.027967583896622548,0.04418872421047263,0.27368622027087613,-0.27731235265196225,-0.03940520496372837,0.012326692445717793,-0.019673394987253307,-0.07406940537505886,0.3218247281950838,-0.27140443432354855,0.05451729882599761
-0.06735686612002909,0.0671425006176837,0.9030153102935663,-0.02815130987593582,0.006033908797483667,-0.9957410145482436,0.08758383208861868,-0.028342457622032594,0.013355410462891652,0.329923654980527,-0.18354382005724781,0.19407032160190335,-0.5468198675318117,1.0818333465568373,-0.3888824791621882,-0.023681533731737998,0.014282275409299565,-0.07041005996325982,-0.17736700306946357,0.3151514055790971,1.0017871821503157,0.0535851898851926,-0.04430636642120616,0.11168286968033743,0.0078024324231783316,-0.16057948538673433,0.035674743358383894,0.027897373383582908,0.04371258203460397,0.27369662491090174,-0.27738766998667863,-0.039408065727282934,0.012587690211098122,-0.019758839625647652,-0.07450894953902888,0.321840412905069,-0.27159733781529743,0.05441769544936983
-0.06745992434904738,0.06710179663089885,0.903009370411015,-0.028191833433350594,0.0060221135369122845,-0.9957197326995608,0.0878132597557452,-0.028442895552183208,0.013437308408427759,0.32990116600299735,-0.18353502795258803,0.19400279384993885,-0.5468969895847704,1.081974172715326,-0.3889855367893756,-0.02362203091183094,0.014267524152365024,-0.07035828824769778,-0.17739907257741677,0.3151876381581737,1.001720537979437,0.053285096844553445,-0.0441999460606502,0.1118122731653571,0.007808397259274059,-0.1605892936971022,0.03587964046747333,0.027852924276042593,0.04328983614426895,0.2734837107303852,-0.27730371303951773,-0.0396181943156481,0.012962458685645375,-0.019797268926297806,-0.07484208428472088,0.3216445874879986,-0.27168713660172095,0.054674162337045876
-0.0675592893220188,0.0670625050403876,0.903005399289431,-0.028226599524151276,0.006017214226058073,-0.9956995731601993,0.08803074588379815,-0.028534196145384234,0.013493821032995769,0.32988501164055356,-0.18353394402191897,0.19397276524610338,-0.5469404126075925,1.0820653070672397,-0.3889981789600653,-0.023590617427762712,0.014204273467597126,-0.07031687423214227,-0.17740838995934743,0.3151804032922825,1.001583576611928,0.053095758704923966,-0.04410831649662174,0.11192562720546749,0.00781323869370405,-0.16061458037882395,0.036111025064565566,0.027831620627720145,0.04291957649179831,0.2731669911631465,-0.2771377874806023,-0.04002631746472066,0.013366739906345572,-0.01980280783843324,-0.07508534970147658,0.3213175306804739,-0.2717393858152361,0.055159354437075155
-0.06763597987888102,0.06698324645631357,0.9030049691485876,-0.02827187972678353,0.00600204083891115,-0.9956792987197914,0.08824630543737572,-0.028604927752680257,0.013524869085003057,0.3298770606360168,-0.183571185344286,0.19391633118427193,-0.5470125011539141,1.082168791399512,-0.3889447167774102,-0.023632273760447728,0.014105692354409656,-0.07021781388897154,-0.1774511150815158,0.3150911690269461,1.0013735411377838,0.052977671248261485,-0.04410172968078365,0.11198195232588251,0.007825884113177136,-0.16065226055805196,0.036412089296288086,0.02777102364414188,0.04254804807027012,0.2727588096326838,-0.27695409739869153,-0.040505766338240316,0.013794989606232311,-0.019845421784194323,-0.07534937677080004,0.3209800187052634,-0.27180570437574375,0.055619157016951006
-0.0676816711213531,0.06689891671255047,0.9030012179486632,-0.028308345210284518,0.005982814368490281,-0.9956605706403887,0.08844699879443657,-0.02864701646374947,0.0135689618375157,0.32988195025193395,-0.18362580573254772,0.19387216957479475,-0.5470547867636096,1.0822473668974724,-0.38888314767356613,-0.02372233825374877,0.013999689485157105,-0.07015687516538605,-0.17748852470706483,0.3149712245792201,1.001213278648412,0.05285745225199906,-0.044196721967121363,0.11200967746475755,0.007835274630366035,-0.16070866826835334,0.03659267110230306,0.027691130544823,0.042178776515654375,0.27253757989077404,-0.27686749578508657,-0.04080427383054456,0.014133096285548595,-0.019924465895193935,-0.07567566573676804,0.3207688700692734,-0.2718984019089852,0.055911702707094474
-0.06773452593511037,0.06684711680143438,0.9030086823548062,-0.028338067804086698,0.005949762082637037,-0.9956427343634008,0.08864028290603247,-0.02866591227196035,0.013611750041670177,0.3299075925132287,-0.18369544480199754,0.19384304364019736,-0.5470343889034085,1.0823535682502443,-0.38887695550092877,-0.023754715913985227,0.01387360652727565,-0.0700882724377378,-0.1774808549032967,0.31480805742559775,1.001158968623856,0.052675076762937895,-0.044396348720081864,0.1120380779397974,0.0078446272441025,-0.16079092676899653,0.036688772176335024,0.02757310013106979,0.04180079226596399,0.2724940438840805,-0.27687823257716493,-0.04068459268777164,0.01438629626225831,-0.0200610906093959,-0.07611555662027675,0.3207443259428605,-0.27198666503619207,0.05600913128773959
-0.06778445849192996,0.06681390325014024,0.9030114218211653,-0.0283461478102391,0.005911238914443888,-0.9956273588018346,0.08881281193667631,-0.028690796547895046,0.013647479544978518,0.3299195689786248,-0.1837274982674825,0.1938424801501909,-0.5469679425479431,1.0824176387314284,-0.3889130026198264,-0.023770121621303663,0.013737331735477245,-0.07006610042707434,-0.17746622852567065,0.31469156206667526,1.0012059312819963,0.05241117276619886,-0.044647343414959545,0.11204893730345428,0.00784548293969638,-0.1608659691985702,0.036676988931225896,0.0274389236016155,0.04144434276027824,0.2726019760662415,-0.27697882862492207,-0.04029913214766001,0.014536627657697617,-0.020226479293728738,-0.0766010959142144,0.3208505397718964,-0.2720894829687856,0.0559610921573155
-0.06783069784016586,0.06677029194081555,0.9029954945607371,-0.0283572983553279,0.00587102600865942,-0.9956111077718353,0.08899391420165703,-0.0287219079964866,0.013699531880190113,0.32990278329721356,-0.1837120493742871,0.1938178165082177,-0.5467916267376811,1.0824335118554245,-0.3890336547473229,-0.023826409725895496,0.01356159982197654,-0.07003386050918506,-0.17746575939607384,0.31446424818500757,1.0013346799897933,0.052114058858415545,-0.04493115165733691,0.112064943471613,0.007845369042459248,-0.16094934012119005,0.03658957439364316,0.027298585782801147,0.04105883244983038,0.27285354936394274,-0.2771436952284181,-0.03987080261780781,0.014649765079303162,-0.0204013565635551,-0.07712208884853441,0.32103844630803635,-0.27223241689314,0.05585346122784993
-0.0678987687829774,0.06670496155479959,0.9029819406158461,-0.02837172380821841,0.0058380832618609,-0.9955969434777046,0.08914980768252043,-0.028739963238719128,0.01371574472785717,0.32987389019347507,-0.18366874582451942,0.19379572740222456,-0.5466918290563724,1.082466200518245,-0.38913402932839497,-0.02387593924675628,0.013389073946578131,-0.07001688720526378,-0.17747927870084013,0.3143322733069867,1.0014656764283496,0.05182678003937423,-0.0450675348262088,0.11206140160082023,0.007842183195898623,-0.16099319083529764,0.03660340859557303,0.027177483776005013,0.04072087050032934,0.27295410766640377,-0.2772402351617621,-0.03961512084756811,0.014825086416698302,-0.020539804601213345,-0.07753730028155278,0.32110244445164965,-0.2723647022933822,0.055803866628011796
-0.06794709407585262,0.06667401053542385,0.9029789620504275,-0.0283949973307689,0.005815343268551178,-0.995585099992802,0.08927605827755472,-0.028734497064447986,0.01370723323686575,0.329831928348213,-0.18365388960512077,0.19380590640602022,-0.5466382484075724,1.0825263677032477,-0.38914586882247815,-0.02387207915428191,0.013294199043998459,-0.07003722725740222,-0.17746441751580974,0.31430919311895417,1.00152263753975,0.051584057424460726,-0.0451190526635743,0.11206830290854114,0.007839443592972615,-0.16100260343834802,0.03670413051609045,0.027104891807257205,0.04045645652714475,0.27290733157440206,-0.27730175997486406,-0.03953071663601068,0.01508018985812003,-0.02060463603924163,-0.07779862069361158,0.32096484305437384,-0.27251471080025935,0.05599526437155619
-0.06802670961768541,0.06662119569329746,0.9029832137245979,-0.028441080066498956,0.005790570963009425,-0.9955735561503044,0.0893916581500213,-0.028716636558563255,0.013665765376142787,0.32980639026495834,-0.1836075403349116,0.19379709991413163,-0.5466445952733902,1.0826000570337173,-0.38905249023516514,-0.023860142835462585,0.013242521736390457,-0.07002301290062089,-0.1774666385744275,0.3143120733556376,1.0015117754471998,0.051379225515727385,-0.04504907082380478,0.11208881290213386,0.007837419163800765,-0.16100009454632117,0.03693487427357791,0.02703613518985711,0.0402174161268615,0.2727281555355376,-0.2772759776606441,-0.039603273525383516,0.015454597074444819,-0.020648256025327556,-0.07798944243531032,0.32068908498101273,-0.27263318174575774,0.056273911376245385
-0.06812293530781528,0.06658600197406941,0.9029887828524154,-0.02850681415089549,0.00576770467495473,-0.995561136851505,0.08951043470282052,-0.02869575602039429,0.01359878154831796,0.32978147596772095,-0.18357143393365855,0.19380556249109784,-0.5467326722923423,1.0827116558402523,-0.3888775998322983,-0.023821615116531313,0.013249479559279272,-0.06996276779644159,-0.1774500859590902,0.31435827163171964,1.0014338040785806,0.051210623059341896,-0.04493724516552627,0.11212704978397732,0.007839091806061826,-0.1609900453098249,0.03726144148158751,0.026988286203713133,0.03998077756156395,0.27244702759777356,-0.2771971380418276,-0.03970819758614046,0.015903410424994182,-0.020665662309702116,-0.07816684005327705,0.32035713592341625,-0.272728096096352,0.05657497016011503
-0.06818789932561636,0.06657638456916333,0.9029837163884059,-0.028547741608332296,0.0057596083263657455,-0.995550176804901,0.08961974573006361,-0.028637106762132894,0.013555212700572694,0.329769924961859,-0.18359025036234247,0.19382800990496624,-0.5468023798125886,1.082784302660485,-0.3887462938802371,-0.02379370638650323,0.013278350745130719,-0.06994143621627641,-0.17743062088274145,0.31439807448224755,1.0013619408207302,0.05110818861888784,-0.04489209170292608,0.11217609797149858,0.007841421361356479,-0.16100825735395485,0.0374462506019442,0.026976233652514826,0.039765980104883025,0.2722975230508138,-0.27717072765297796,-0.03978044284557845,0.016180102560098438,-0.02066238245199678,-0.07834127777115506,0.3202088726521474,-0.2728451746901602,0.05676147339374454
-0.06825532318818635,0.0665680643168351,0.9029628165993667,-0.02858635089191231,0.005762100709609823,-0.9955367159393004,0.0897567042336649,-0.028575057210777487,0.01351886412180041,0.32974778234218177,-0.18363018339434242,0.1938496434165461,-0.5468776410538885,1.0828800356443193,-0.38877854166836706,-0.023818534731817304,0.013276293844021009,-0.06987131612338647,-0.17741218674743112,0.3143994440213586,1.001333128322292,0.05110196594480138,-0.04486284041835728,0.11221865606829817,0.007848763952253425,-0.161064056519669,0.03757483826864377,0.026989883791295143,0.03950086357751104,0.2722303230122649,-0.2771718564538049,-0.03984744831407653,0.016355675854649115,-0.02065037763021888,-0.07858691556414998,0.3202760108875708,-0.2729801227160396,0.05672069646710236
-0.068310292139053,0.06658361985919396,0.9029625845019089,-0.02860547368624376,0.005782119403982402,-0.995523530029767,0.08989546778039119,-0.028513055051445777,0.013516118228095583,0.3297488161914701,-0.18372302407174604,0.193867147712097,-0.5468779312074186,1.0830052443514,-0.3890225512848141,-0.023812662365640617,0.013221875275236647,-0.06985535869295063,-0.17736760814359734,0.3143815755613095,1.0013827718808226,0.05122443156702872,-0.04480357809144892,0.11226543220803133,0.00785632472457634,-0.1611496218522067,0.03760751406925703,0.0270475130823214,0.039233035817924006,0.27223335193542897,-0.2771684964561172,-0.03989742043700229,0.016424924112832057,-0.020602636522746173,-0.07883939330851421,0.32043589663260685,-0.2730809445506363,0.05655064280325561
-0.06833766506934963,0.06657324055453495,0.9029773949016485,-0.028617186971612377,0.00580333109793081,-0.9955111388440695,0.0900274979957983,-0.02846465016437632,0.013501153057071428,0.32975148771958723,-0.18380814646718152,0.19385978159360223,-0.5467662142892876,1.083104135640568,-0.389419668715636,-0.023850341567258033,0.013113397711913643,-0.06987127486710074,-0.1773356167937995,0.3143017002193136,1.0014683366094426,0.05145983293766914,-0.04471577640282681,0.11229602811026065,0.007860848164145614,-0.161239943420895,0.03762083865688647,0.02709929572253289,0.03897316671724118,0.27222667028313063,-0.27716040638856665,-0.04000163121747589,0.016461858134134325,-0.020560956770652287,-0.0790980635073107,0.3206104052013243,-0.27317267373467535,0.05624694418657468
-0.06836902355246065,0.06653633001300077,0.9030125222697909,-0.02863046961635093,0.005823230183796908,-0.9955009110590213,0.09013502249643225,-0.028408107303425575,0.013480407380945308,0.32975282166146586,-0.1838606368951688,0.19384222994393221,-0.5466710740345389,1.0831831550917879,-0.3897784697875992,-0.023870732530760802,0.012977744495605145,-0.06990996533197777,-0.1773162286913451,0.31425350068075225,1.0015848767027342,0.051711869287227846,-0.04458024584221814,0.11233050807812711,0.007862166940193357,-0.1613001528475643,0.03767292816904581,0.027140449356327076,0.03875523864445867,0.27218683398708515,-0.2771356471490309,-0.040124872693981066,0.016557716566393085,-0.020525144050353578,-0.07933282219635901,0.3206682695872127,-0.27319518383445945,0.05591502469343927
-0.06844150301509021,0.06652426830964212,0.9030204956799854,-0.02865854350642761,0.0058353404019168805,-0.9954923750693313,0.0902195536749426,-0.028368594934480903,0.01342317249776794,0.3297263815556306,-0.18380147086739743,0.19387704304477346,-0.5465529427632311,1.0831784479104039,-0.38994423537204426,-0.023814656768983092,0.01287360315917528,-0.06989333861813088,-0.17727778286222062,0.3142711919266729,1.0016557469078955,0.051936435836872755,-0.044522903994236834,0.1124481622261666,0.007856355923594764,-0.16132419226138367,0.03777207238037293,0.027183492077476685,0.038607792581537966,0.2721839282962993,-0.27715002233422686,-0.04015477140518134,0.01671660170551046,-0.020485710712093496,-0.07954277387472422,0.32069618616807494,-0.27319210573360986,0.055656353210600105
-0.06850681241255094,0.06652500902516102,0.9030256753286955,-0.02869352275675614,0.0058451993015163585,-0.9954855504388791,0.09028307850497326,-0.028323789296430826,0.013353260290198937,0.32968503247032055,-0.18373139427359775,0.1939052838545054,-0.5464842167108571,1.0831463902442375,-0.38986083092802176,-0.023687470812779856,0.012820243299507652,-0.069923286790084,-0.17723881316011308,0.3143462467451215,1.0017760734194492,0.05210140539743595,-0.044543202147698704,0.11261071933970335,0.007848223507243571,-0.16132653538225283,0.03789969115447092,0.02723329982137376,0.038515303740391,0.27218362069809593,-0.27721567070879366,-0.04014818123968846,0.016912401444273556,-0.02043839855432185,-0.07973184147849735,0.3206783629390361,-0.2731893694799489,0.055402809923782284
-0.06859224470250522,0.06657986740885408,0.9030123504470207,-0.02871962046392946,0.005849254573233644,-0.9954801403618553,0.09033415614531683,-0.028228631274502255,0.013280127193513926,0.32966582761974467,-0.18367565860285054,0.19395915080603188,-0.5464335700705104,1.083079499092233,-0.3896142438683228,-0.023486031163952464,0.012804319897055298,-0.06988704904628047,-0.17718943862798125,0.3144171917433782,1.0018003463217748,0.05219638069313082,-0.044649712557119706,0.11283901374331552,0.00784648893974027,-0.16131820646035358,0.037997627240878205,0.027289519566458267,0.038456914305515184,0.2722212615400885,-0.27729690335880425,-0.0400212883454645,0.017065774344353822,-0.020386149666033943,-0.07988132574987135,0.3207023040771587,-0.27319267213304826,0.05527486163875689
-0.06864814410018953,0.06658699786565828,0.9030164919648159,-0.02873904848244244,0.005845299095539618,-0.9954756723238153,0.09037746058755809,-0.028112916830077855,0.013201344596036762,0.3296522007131985,-0.1836769201709377,0.19393914449332517,-0.5464533895980529,1.0830381697271227,-0.38931099419175064,-0.023339838897970998,0.012744051570270074,-0.06991154179250861,-0.17719555489089728,0.31444707676648415,1.0018892319258843,0.05221080095088387,-0.0446963595648837,0.11301868853085673,0.007845928410797825,-0.16132183903914793,0.0380796951548393,0.027305661577665636,0.03837470909006647,0.27223556599497367,-0.2773439285725563,-0.039972099122156594,0.01720798832305731,-0.020373757789065857,-0.08000178500303735,0.3206842003660845,-0.27320111247383,0.05513049419941235
-0.06866591812190281,0.06658422550007398,0.902996412389937,-0.028730681792524047,0.005826634216115315,-0.9954730198464042,0.09041053597523366,-0.02794068811424336,0.013106501813553606,0.3296413061044854,-0.18372110095455849,0.19393644178658898,-0.5464636303143996,1.0829570915761293,-0.3890945135127753,-0.023319033804066722,0.01264279763763678,-0.06991952359433945,-0.17721671790327018,0.3144556525673725,1.0019000470481194,0.05212021560440126,-0.0447189073792759,0.11312554451761334,0.007847526558016871,-0.1613310477638952,0.038053082901083224,0.02727676222281234,0.03826253858710497,0.2722997608518833,-0.27739257456277067,-0.03993995361726117,0.01721594868788945,-0.020411632260135964,-0.08007078943200219,0.3207575684503544,-0.2732955450806776,0.055071886893444465
-0.06868658599418734,0.06655068726205157,0.9029814436331617,-0.02870514419840716,0.005797676863162741,-0.9954719136966294,0.09043268590896596,-0.027736179848163997,0.013002346973993805,0.3296523501409874,-0.18379333012667134,0.1939091223489117,-0.5464493748360116,1.0829051232290239,-0.3889918687582993,-0.023352932112472587,0.0124544249508,-0.06993336912044248,-0.17724192487165027,0.31443990304257063,1.0019113249139915,0.05193413876373392,-0.04460114255216563,0.11316846860933458,0.00784990715775931,-0.1613465105540532,0.03799420558406042,0.027205211746305885,0.038134303621216496,0.27235505156536527,-0.2773910061333442,-0.039930957585416774,0.017169036713566593,-0.020493182621112903,-0.08010199222226269,0.3208472005932565,-0.2733893169391865,0.055049703444289104
