-0.0036377761910742533,-0.021822152872079732,0.8727346244042655,-0.014949774234032926,0.04976845463789907,0.6775020058790256,0.733682926885452,-0.09483742979600136,0.05877156473934709,-0.014999865224653417,-0.18929831288454155,-0.19164246786139152,-0.7139771913034655,1.3258282737584703,0.14975149254992703,-0.2720612540770146,-0.186196997946625,0.04963280305666622,-0.13598455768130133,0.5060802119281006,1.3406185317438064,-0.29450909465082115,-0.19558911021837805,0.0999642911634699,0.0653517441061692,-0.03931624859750292,-0.09873910196911707,0.02917836540766823,0.1199239478160138,0.2561589772629877,-0.2384841672158614,-0.08600637921514999,-0.16672777885019288,-0.13023539791036998,0.005749281656640368,0.4121925770472937,-0.3100944597613571,0.10852709565854875
-0.003052070280627892,-0.022417001574576465,0.8889137091952292,-0.014559813566108798,0.04045833232494169,0.6848518014717163,0.7274126375004425,-0.04047756495675454,0.021696674433583307,-0.018669119637543828,-0.08010963915199809,0.10070529800937884,-0.8571403305686869,1.0679052339884674,0.07728990863083571,-0.30171641522930526,-0.13137099923020043,-0.01463561267959853,-0.19494157658703948,0.678583955226709,1.1699149114709777,-0.22991511629201158,0.07949658341862333,0.061436428436735455,0.010594608278810563,0.0015506769202050397,-0.1473646681490076,0.04300265893413302,0.08060242191790103,0.36645342166726663,-0.29493984878875035,-0.09697090807706162,-0.1610568569027086,-0.12221408892761292,-0.031248061203673284,0.4365449335376133,-0.3592936829945293,0.12165719054045357
-0.002921901222238548,-0.023157394443880017,0.8892190352743066,-0.020163042285902915,0.04549493437585562,0.68501965267878,0.7268230445684549,-0.03587122334350543,0.019394420551342748,-0.048536363441159205,-0.014347779384464982,0.21708542010243548,-0.8319612499931348,0.974711734960334,0.010170411101413842,-0.24113752208987957,-0.03642821928387322,-0.031385765647090245,-0.2179437881989523,0.6644392618215443,1.04614544122028,-0.174985646184402,0.2632921298057947,-0.01208016626323662,-0.0001846696590278548,0.019489915862904272,-0.1703220283091899,0.04481490714073711,0.07868238142554833,0.38032300436633704,-0.3037026487520701,-0.09751830642428545,-0.17757908860970503,-0.12099385492888658,-0.03281309320772806,0.4381927911938691,-0.36058892081474586,0.12243724324325662
-0.002822551415057127,-0.02395354135841729,0.8893567712168801,-0.027852277241320958,0.05337265652541271,0.6846723653891238,0.7263603528967948,-0.03328452108363187,0.019766421115996937,-0.09536970886780029,0.02328613005088622,0.2554114383587272,-0.8128750279878699,0.9571583078446884,-0.008654126840268296,-0.15083395203442485,0.030659665167528122,-0.020796473053710005,-0.2263143554334111,0.6501761412457197,1.0214537079591726,-0.1442436477963394,0.2696087061861164,-0.061734853526076675,-0.002604156031084355,0.04566586414943705,-0.19431302009923793,0.045551188869276095,0.07894960857117804,0.3823214829942211,-0.3031233621261583,-0.09796606269706933,-0.20131310437321231,-0.12036332113806332,-0.03249328187666827,0.4394001216161736,-0.3595814791019843,0.12210246350584227
-0.002661336595465256,-0.02483978467546984,0.889324573877839,-0.032640156775918264,0.05862408311152187,0.6843660916438916,0.7260446884683082,-0.03244332898610892,0.019435217384451475,-0.12490261047134839,0.040476632342754205,0.27189435647573346,-0.8019890155475301,0.955745586301295,-0.0029608918778128287,-0.08087758087638768,0.060075056606625765,-0.012967535263938852,-0.232191138525352,0.6415917386645471,1.0170625162771445,-0.1277871888141431,0.24264583184614652,-0.08195213802891925,-0.003401165149289428,0.062350049135423156,-0.21064227193913385,0.04573589100469094,0.07929397794369675,0.3844383745850353,-0.30250387561952397,-0.09836965176772886,-0.21820868905459023,-0.12035148189767533,-0.03194378891202839,0.44236298262262047,-0.3594486442258982,0.12185388746737937
-0.0024545771488276654,-0.025826517060568432,0.8892265777029574,-0.035039362270739775,0.06139346830504876,0.6841365269625542,0.7259203107895192,-0.0320244181946508,0.018921775920754474,-0.1387499889222939,0.04739971243853223,0.2809624979770228,-0.7945172162707296,0.9567736757587616,0.0029861087800642392,-0.03657314266223095,0.07402400572041053,-0.011028917422811667,-0.23591495747048186,0.6351474832955413,1.0145818931514765,-0.1188553568618082,0.22411424998178758,-0.09094866983957763,-0.0038357688015994485,0.07012689452417933,-0.22033916175956356,0.04591417919321842,0.07965913669287429,0.38689012727624933,-0.30195450525858525,-0.09869672321277942,-0.2286376948528767,-0.12038400545390622,-0.0312946533938889,0.44593405647057405,-0.35949113455609594,0.12166131137516795
-0.0022815281519500213,-0.02687631719202187,0.8891064700783415,-0.036628389295903216,0.06329261412050198,0.6839275790550927,0.7258756592579904,-0.031792877194565757,0.01856566450321485,-0.14726997614391135,0.051806892320179806,0.28628124330118393,-0.7888225435915922,0.9552221338824478,0.007835017299631796,-0.004347313800057907,0.08403494309502173,-0.009755191187985296,-0.23861286292182848,0.6298326756299959,1.0122661227831158,-0.11251065125021834,0.2102397644365181,-0.0968758098183656,-0.004101470275349361,0.07498352610854102,-0.22778724298676084,0.046122918192732176,0.08003150868560184,0.38946298770111154,-0.30137775244737025,-0.09908741930803418,-0.2368728718712064,-0.12039630470806859,-0.03059371827914125,0.4496773272978029,-0.359503889786645,0.12137871099679068
-0.002068797776744087,-0.02795031190130159,0.8890226192219257,-0.03766423470792216,0.06461552825259116,0.6837339408601023,0.7258885155782674,-0.03162726659508872,0.018258640843904585,-0.15222497771386254,0.054682205573539026,0.28973151984844814,-0.7839128233386897,0.9533239038558102,0.01137509838066424,0.016509985573727546,0.09070111362449217,-0.009461461369346615,-0.24071816465329607,0.6253825404653178,1.0096273353370382,-0.10858697736821736,0.20130994446330638,-0.10032901513874959,-0.0043086637076027185,0.07783257158416913,-0.23361060515654425,0.04635427906729094,0.08040951687527374,0.391877677171076,-0.30058244225472347,-0.09948221489212655,-0.24355975496221258,-0.12037383231010731,-0.029827776595915553,0.45337052203441713,-0.3593297531282548,0.1210824441679765
-0.0019513207750294637,-0.02904641859483862,0.8889231053170562,-0.038335989267709,0.06558239759645622,0.6835484235181722,0.725941356969135,-0.03150766578814475,0.017935230359908703,-0.15497936067764884,0.056755870427238994,0.29211854517036684,-0.7793403483807922,0.951187575627126,0.014027452333062962,0.029235246444286198,0.09515517521345808,-0.009830472559622643,-0.2427359661133059,0.6215310430745401,1.0063008772511257,-0.10610937114645988,0.19598531262267918,-0.10243816547775877,-0.004494476316684011,0.07946943090662467,-0.23837532749010934,0.04651704499941707,0.0807564672643295,0.3941113899108742,-0.2996210333050891,-0.10015601468190921,-0.24930908323618536,-0.12040692055140576,-0.02899859713491744,0.4570932655127661,-0.359085962206948,0.12054912269709399
-0.0017541268708482056,-0.03025986332759895,0.8888054589498577,-0.03879684909049989,0.06638555007848192,0.6833729243477659,0.7260090974015478,-0.031478187863908644,0.017563788021833535,-0.1566096377830934,0.0584422747903888,0.2939717677623556,-0.7746862245084097,0.9489675923625063,0.01612799533237041,0.0369301270197467,0.09848666793750396,-0.01055089365001842,-0.24468584209153432,0.6182491553620579,1.0022787882083497,-0.10437741168429095,0.1926233907070575,-0.10373626832168985,-0.004672117275659681,0.08050220748447139,-0.24254704983607486,0.04663690516272198,0.08110834445517533,0.3960596943660622,-0.2985639050762418,-0.10083658713348956,-0.25462391885746294,-0.12046583785588726,-0.028078189579272647,0.4608497609963874,-0.35889546903258673,0.12010715564338977
-0.0014994692455705865,-0.03153283368201987,0.8886971695814175,-0.03914408972309025,0.06711630383406052,0.6831988278455942,0.7260871184849735,-0.03151048037176658,0.017148266179894484,-0.15765619911045964,0.060038388655869156,0.2954639465233488,-0.7698875746681578,0.9466533240462324,0.017943241039951117,0.041545979451213425,0.10117088826982408,-0.011410862783840988,-0.24670523030758804,0.6152996999265137,0.9976810481925409,-0.10297817377301996,0.19054200413383252,-0.10455377157826708,-0.004848434687569352,0.08123043818078816,-0.24637083808771593,0.04671705500774472,0.0814674670210869,0.3977117155512073,-0.2973110014120724,-0.10151352989287293,-0.25974231917753154,-0.12054416826730206,-0.027073389261893396,0.46459578804251167,-0.35863047840054224,0.11971709578892144
-0.0012533832482771083,-0.03283422583538177,0.8885954522818721,-0.03943908095280176,0.06780931011685397,0.683001750654366,0.7261921680644505,-0.031466389409910915,0.016730863350068535,-0.15837333072871904,0.06162610553462076,0.29671934890363405,-0.7650668654614292,0.9441569096316659,0.019645367256045706,0.044203151655005914,0.10342500237375764,-0.012376022480506925,-0.24893624673532544,0.6125877032568019,0.9924685316553417,-0.10188868366925594,0.18951837479345407,-0.1051253905498247,-0.005026534184598364,0.08179603512034751,-0.25005887626040124,0.046801425056729476,0.08183551321972514,0.3992363721961801,-0.29586335597584235,-0.10230666935799221,-0.2648285560418326,-0.12060605603393343,-0.025978019812392186,0.46834287298793,-0.3582329979849352,0.11919530544306797
-0.0009867073903192108,-0.03422673856264542,0.8884835481118377,-0.039737012816277104,0.06848063399018053,0.6827559373712749,0.7263440662420358,-0.03121783214291332,0.016365187122017195,-0.15894528961409868,0.06317448960619601,0.29789244890106403,-0.7603041808051529,0.9414353509674815,0.021330188699550466,0.045653783081564675,0.10546866137517445,-0.01347167103788411,-0.25139665695609387,0.6100872913875004,0.9866010109152885,-0.10128158451223997,0.1891426409267429,-0.10553098673274793,-0.0052075464169406135,0.08228911784119965,-0.25385484948802817,0.04698816967059394,0.08223917295866945,0.40088204388529086,-0.2943672201507185,-0.10315838593272969,-0.2700785279185591,-0.12056155557165021,-0.02476467253778252,0.47217462670134425,-0.35777173414913366,0.11854128318137803
-0.0006710106889715526,-0.03567602154081242,0.8883797386718124,-0.040075408696632654,0.06911747229906469,0.6824639969093711,0.726539489335076,-0.030736112532339762,0.01610521932472202,-0.1594753152823842,0.06476040116433901,0.29903157237240674,-0.7555905338845795,0.9384798839726004,0.023071406950848913,0.04650071342754229,0.10740518210491855,-0.014660146636198133,-0.25407884606040804,0.6077037433985856,0.9801078626250124,-0.10138446465680767,0.18928450726907264,-0.1057658045278479,-0.005395932202341084,0.08278088823103431,-0.2577678790387306,0.04737080788471891,0.0826679635198029,0.4026427623252872,-0.29279510737404973,-0.10404943002764916,-0.27542964671561354,-0.12031261665952925,-0.023457960388526874,0.47594717973488165,-0.3571614085567498,0.11769788294282904
-0.0003145167338791588,-0.037235984940691844,0.8882705744046296,-0.04043995929922504,0.06974882455762678,0.6821323478988265,0.726770370278496,-0.030082318313138866,0.015923586584207148,-0.16001343009922817,0.06641459815169544,0.30017078736685865,-0.7508167743064581,0.9352811176091114,0.02485450811409864,0.04692685427371,0.10935372638308295,-0.01586374467279429,-0.2570259207103601,0.6053375616552585,0.9728726295414185,-0.10199436991453031,0.18954880709822824,-0.10596565068690673,-0.005590104769248021,0.08330174280184682,-0.2618087363064328,0.047883514798019014,0.08311559200004129,0.4044470719313361,-0.2911800475717737,-0.10500726070621681,-0.2809427247539285,-0.11992531953287612,-0.02206116860760999,0.47972244927056934,-0.3565059442793411,0.11670298401752714
3.1692426830098596e-05,-0.038881325475693986,0.8881709227906127,-0.040803607856713664,0.0704250529929318,0.6817525121359587,0.7270411884433572,-0.02922409729492247,0.01570132840731891,-0.16054424398000047,0.06812316737202964,0.3013112797549038,-0.7461239919018107,0.9318806438408898,0.026690762961920602,0.04700181907817625,0.11128844955128313,-0.01727091572167292,-0.2602967921455828,0.6034269853304494,0.9650789824912365,-0.10298164657596924,0.19003249271146852,-0.10615413373141058,-0.005802125946369957,0.08381462202236357,-0.2659865237344061,0.04836675622325935,0.08360935445784681,0.4062299125548907,-0.289415697028374,-0.10601872242652141,-0.2867431467046527,-0.11955551635022918,-0.020523978954033757,0.483626404434964,-0.3557440911143742,0.11566126879556878
0.00042504266979936407,-0.040672826514906606,0.8880597146854877,-0.041140329887617046,0.07119996060578879,0.6813148375709214,0.7273569488031189,-0.028148682122426882,0.01534934412253503,-0.16105415295853223,0.06982498842301599,0.3025353651749223,-0.7415205025188868,0.9283058264088864,0.028548561697616454,0.04676856946682395,0.1132870412314734,-0.01901328200823474,-0.2638883201058813,0.6023303873585946,0.9567380549494141,-0.10416937698962668,0.1904481395322141,-0.1063162758898867,-0.006036790983125152,0.08428391666744073,-0.2703719608605987,0.04871501642628276,0.08420517538238222,0.4079719343992252,-0.28751663018696466,-0.106906473700921,-0.29303790246864947,-0.11931314173429809,-0.018769453368766804,0.4878967970867993,-0.35498363560906865,0.11487749788900259
0.0007225161350153981,-0.042550590383655724,0.8879395029909958,-0.041404398341207474,0.07211634694398315,0.6807941162861045,0.7277391562446542,-0.02680973800097234,0.014788392698217398,-0.16153005106714785,0.0715836565785507,0.30373031164531805,-0.7371382143515224,0.9244858241570476,0.030491547476408053,0.04617753266961839,0.11518503027778554,-0.021134658617569132,-0.2679391294075533,0.602117218621466,0.9478315713389396,-0.10559573870624314,0.19101701626667247,-0.10656008511709968,-0.006300458135229125,0.0846719772909065,-0.27482385116758284,0.048731768025741105,0.08495463638921341,0.4094573385008145,-0.2853331913633885,-0.10784188739952764,-0.2998511960188684,-0.1193830749303757,-0.016737148063844465,0.49255781493293843,-0.3541716493355173,0.11424121175607915
0.0009602321993453949,-0.04456994343733341,0.8878111178368107,-0.04163538806714337,0.07315120078218783,0.6802002108674784,0.7281779105551484,-0.025233567553284948,0.014102685282810074,-0.16206016664989442,0.07340853033473062,0.3049215157785583,-0.7328628577862606,0.9204519246939471,0.032503589549025505,0.04525894517369777,0.11702520458235742,-0.0235469854934373,-0.27238403686339374,0.6025906807126021,0.9383193391929648,-0.10726840004260348,0.19149920519595529,-0.10686631122982841,-0.006589682177495426,0.08504357293109222,-0.27942775888625637,0.04853913412556068,0.08582763821617283,0.41078484974041485,-0.28298597730649094,-0.10881953532554563,-0.3071423002159964,-0.11963949047583505,-0.014476304686653072,0.4974958741849402,-0.3533557243139258,0.11368953400702062
0.001211108977055793,-0.04669068325221458,0.8876458959365994,-0.04187476568461772,0.0742199055908719,0.6795831041578675,0.7286320842209042,-0.023493156318798187,0.013418932316005982,-0.16248819389443345,0.07525903523269709,0.30617232308456344,-0.7286784636086672,0.9162582668841561,0.03453075243210671,0.04401055322327927,0.11889132749912275,-0.02630113823903224,-0.27717674414272253,0.6037873310406269,0.9283080256496873,-0.10899839325715883,0.19186838486517735,-0.10713935468739745,-0.006904191812251904,0.08538111592956134,-0.2843638593318216,0.04838640708707306,0.08666612578699204,0.4124145713057972,-0.2806236955714034,-0.10988026806821495,-0.31482233489704986,-0.11985930141351932,-0.012124349353118232,0.5027807643292186,-0.3525224455028067,0.11308852944892127
0.0015548840471563462,-0.048927539842177174,0.8874302702373108,-0.04219260602383326,0.07526003843616727,0.6789933731336373,0.7290567260865994,-0.02169614103164542,0.012879594694441698,-0.16283033181185383,0.07710810750575205,0.30750834467627225,-0.7245238751037429,0.9120559901469557,0.036489700329898095,0.042425633373983536,0.12087676759596473,-0.02930990716551396,-0.2822263789769295,0.6055023889445829,0.9179070270213626,-0.11030473405909787,0.1919413948217675,-0.10730124513491732,-0.007236702936393354,0.08574069323805096,-0.2898803541271587,0.04852639265396602,0.08731336375751912,0.4147533474848809,-0.2784169427948504,-0.1110393025205254,-0.322880391908158,-0.11981204645687973,-0.009826722874139968,0.5084598251835675,-0.35169060998994917,0.11233261641749126
0.002057021617079923,-0.0513113579677439,0.8871687290364404,-0.04261897982685228,0.07626886103453788,0.678430353105432,0.729451121995335,-0.019842397146633984,0.012496750182843474,-0.16317106217099747,0.07899842354370332,0.30897183016662666,-0.7203401843077774,0.9078967101304678,0.03829407442508547,0.04052704557018663,0.12306573225753989,-0.032655962053342556,-0.2874816297071697,0.607938123247945,0.9071724561827932,-0.11095035929940374,0.1918213747304545,-0.10726044731475619,-0.00759557190945115,0.08617486211594039,-0.29610488024622234,0.04908181759899623,0.08770580610885848,0.4179572303400857,-0.27645513352014417,-0.11233596754386257,-0.3313723562249964,-0.11937698644502273,-0.007592218539080912,0.5145455774917798,-0.3508697646350796,0.11136553172263126
0.0026032954476149102,-0.05378116242740339,0.8868449838840619,-0.0431140321321416,0.07726222742894145,0.6778732093020535,0.7298353516763648,-0.01792327747128227,0.012189547329510199,-0.1634646928552893,0.0810228692549598,0.31051043321064564,-0.7161913502916277,0.9036451754595491,0.03997946805507306,0.038268803885826305,0.12534273079481695,-0.036274749292182856,-0.29303451938425673,0.6109346724069297,0.8959966527228667,-0.11088402482956218,0.1916875841532575,-0.10712210608582849,-0.007981235485301613,0.0866353314751844,-0.3028608254160584,0.04987855924623468,0.08791410881199915,0.4218085213741749,-0.27461777754967254,-0.1138156003299092,-0.34029424337969044,-0.11872024273627842,-0.0053634763660256,0.5211020423266702,-0.35003215689630846,0.11018718567177987
0.003109112745059063,-0.056338994629892954,0.8864803304875141,-0.04365497188287104,0.07829747702494912,0.677334039656401,0.7301933629143558,-0.015903483957609422,0.011925881915086547,-0.16378420396480448,0.08305335009494254,0.31203904312218084,-0.7122301039837652,0.8994341977531789,0.041646436653931654,0.03574117050910786,0.12755427126473323,-0.04027822856476921,-0.2988816955274104,0.614428585255065,0.884716626681746,-0.11034617406753401,0.19158739060216498,-0.10689838015791864,-0.008392100075671543,0.08715999810492957,-0.3101112496423918,0.05073098564687067,0.08801195863096281,0.4261095444981665,-0.272784410603432,-0.11547452839977942,-0.34959806334189075,-0.11801447306133754,-0.0031890073886632906,0.5279456046116946,-0.34916247318500937,0.10878221932235733
0.003661107334109757,-0.059016698301053674,0.8860667007927291,-0.044215269727216344,0.07939478716452349,0.6768296224645505,0.7305088225672196,-0.013781309026098542,0.011710153212009966,-0.16411843090190567,0.08495079267137616,0.3136141993441946,-0.7084674771397732,0.8953507740012568,0.043402528383234114,0.03324199717399115,0.1297388552266186,-0.04458089060816606,-0.30492310417174195,0.6181653498927453,0.8734955163793772,-0.10954691113379249,0.19111978688684023,-0.10651003214354803,-0.008814083688791621,0.08773802428726737,-0.3177903095011839,0.05154958207767934,0.08811220851541131,0.4307074035911134,-0.27090587100273683,-0.11696319097688994,-0.3592296125496929,-0.11734345517211772,-0.0010844198653674995,0.5349908931892909,-0.34830307529124716,0.10748910798559709
0.004185966499644686,-0.06177360943631234,0.8856497453648708,-0.044770942789223236,0.08059080096377003,0.6763212868248072,0.7308147524984844,-0.011453552256038587,0.01150486911468416,-0.1645164472459776,0.08671050770882703,0.31512988273199294,-0.7050625478555298,0.8914515914535583,0.0453656452746176,0.030883326314115125,0.13183661977387642,-0.04931368900525999,-0.3112396120441632,0.6223291865574964,0.8625472646618543,-0.10861964400901773,0.19059183837956117,-0.10586498920581158,-0.009256028501855154,0.0883701468507219,-0.3257929272377525,0.05222081801255941,0.08835137349270442,0.43544002113359936,-0.26885321037588017,-0.11832492538792135,-0.36918574277255894,-0.11680632392969617,0.0010641695303836589,0.5421582513275743,-0.34735788637787157,0.106258409092445
0.004694919121350564,-0.06462557722547754,0.8851825032790591,-0.04533510516490868,0.0818346855945525,0.6758152725802506,0.7311097932736306,-0.008955218537053092,0.011353615519512063,-0.16488008047860114,0.0883592779854247,0.3166507255782292,-0.7019065532533026,0.8876009792976024,0.04750493570136623,0.028503715179743965,0.13395039779126824,-0.05441596592459478,-0.3178554854640204,0.6268488286785763,0.8516218657198762,-0.10744055461851951,0.1899504199392857,-0.10503242144333307,-0.00971672634998874,0.08901272881412033,-0.33421398223876725,0.05285753814451564,0.08864488990163473,0.44057375137325105,-0.26678357260074687,-0.11962138047496432,-0.37950542348792926,-0.11630559618952704,0.003242807911937174,0.5496263758870404,-0.34641650366924337,0.10504256035448922
0.005331701777925661,-0.06768141740257563,0.8846951763685892,-0.04597358418250415,0.08312502513451632,0.6753890744499389,0.7313181645955863,-0.006399481302971218,0.011323187110724227,-0.1653381037631757,0.08974251408690265,0.3182015199460568,-0.6989012529625613,0.8840420656367196,0.04970115544615022,0.026197897550299463,0.13614532156908796,-0.05990473971692431,-0.32459765374983746,0.6316694814013366,0.8409622041574423,-0.10618277848370473,0.1889689804468698,-0.1040394819303221,-0.010187932771425889,0.0897650132780878,-0.3431784773118368,0.053608278774332926,0.08874665014304976,0.44599531680023213,-0.26470501125344414,-0.1207688607375345,-0.3901231415947234,-0.11569931902599352,0.005182601741770269,0.5571508496902414,-0.345473998618308,0.10392863249405819
0.006000842023922342,-0.07078151508120722,0.8842416428738958,-0.04670668908082213,0.0844077684653213,0.6751227370188106,0.7313707020232928,-0.003949139870738514,0.011495767613563919,-0.16580041673879684,0.09093897252275154,0.3196269741246787,-0.6960861646405868,0.8808383525127791,0.0518634212382411,0.023987216173138984,0.1381597742495255,-0.0653500128967161,-0.3315067685018624,0.6361589198206414,0.8304707994692547,-0.10476490160980054,0.1879666547223607,-0.10319070673149904,-0.01064486575618666,0.09062612772640513,-0.3526045729637532,0.05450899417410263,0.08833817724678675,0.4516203211803454,-0.2623460201517575,-0.12209530212907733,-0.40074790796230175,-0.11495533787787963,0.00658328846787242,0.5644815675794461,-0.3442492070617541,0.10253108741594635
0.006831090671786337,-0.07397996568685021,0.8837929101204369,-0.04755202842140694,0.08564860036182165,0.6750029199275737,0.7312825582073732,-0.001578457499690699,0.011906734258958874,-0.16626162668616334,0.09190214604702572,0.3210801308859132,-0.6933087523404412,0.877994829224415,0.05397763831048302,0.021925144918805053,0.14005222264649267,-0.07092820642938617,-0.338469354061742,0.6405928039009939,0.8201977464662619,-0.10316317026638126,0.18694220094839203,-0.10248901913798136,-0.011096254429971772,0.09161359491555626,-0.36255165721854676,0.055718893042196134,0.08745160443576337,0.45763220539681565,-0.2599020311874897,-0.12348179333607673,-0.4113599363699902,-0.11393385504625479,0.007475973479563806,0.5716195708360063,-0.34284091068209743,0.10103794487521438
0.007709442182181611,-0.07733938078196347,0.8833248008309522,-0.048481757367687124,0.08687588835822425,0.6749999855123332,0.7310794202977265,0.0007673375077987027,0.01249673553344162,-0.1667231445589528,0.0926072182029691,0.32249829662910484,-0.6906433002868742,0.8754559421566308,0.0560417889063491,0.019772565839393005,0.14182472837755464,-0.0768225421254897,-0.34557882737528767,0.6450453550538329,0.810206658385786,-0.1013321041592119,0.18598778978383032,-0.10201546403818193,-0.011550727604123965,0.09269780834243291,-0.37301250068699837,0.057106836192563654,0.08618402612722158,0.46400010114138207,-0.25744616874227944,-0.12504876229797035,-0.42208448088473893,-0.11275992989972036,0.00795429802627581,0.5786891832815969,-0.3413709205555587,0.09933612617387358
0.008618661577490385,-0.08080886096923995,0.882841914044285,-0.049467152787677916,0.08812438737972536,0.6751681705823478,0.7307085838940953,0.002991882756212783,0.013174790863827052,-0.1671146470085626,0.09296284460836901,0.32386119896673843,-0.6881973133994176,0.8732804687241423,0.057952630138655384,0.01765267700783539,0.14351948428877864,-0.0827682217369716,-0.352802289842807,0.6491417855562817,0.8004462526982727,-0.09946848385795766,0.1849578348425448,-0.1018320058467956,-0.011985469164094573,0.09380675465954197,-0.3839368842796505,0.05848518384687106,0.0844112845397901,0.4704915269307905,-0.2547148281296178,-0.12672392824950243,-0.4329576074696652,-0.11160926581390006,0.007896600412456597,0.5857931077209734,-0.3397778511850661,0.09741227914245909
0.009561417175312998,-0.08439758928844834,0.8823836691587429,-0.05050642975784723,0.08945781376410232,0.6755623571287801,0.7301108831816363,0.005045919102140886,0.013844976806426438,-0.16750681713223198,0.09279260189698056,0.32512966647194985,-0.6860995427593781,0.8715994394717916,0.05953637362894936,0.01569988726780483,0.14522160661208675,-0.08860814847559449,-0.3600853087438426,0.6526341614153094,0.7910342028208094,-0.09797931788378547,0.18376057955145406,-0.10196798047663128,-0.01237979234912202,0.0949429053646081,-0.3953242565736218,0.059666033331753486,0.08201591430149376,0.47676510224680324,-0.25142717359016736,-0.12840031911586056,-0.4440900974208732,-0.11064612443428722,0.007173942813258118,0.5929701164155957,-0.33800126295988103,0.09527148060985009
0.010648108949242969,-0.08816077757795511,0.8819330969832786,-0.051600799987117675,0.09086448637777171,0.6761767527032801,0.729291438081951,0.00698502270347,0.014492207914830928,-0.16790615369482376,0.09202417503211403,0.32639873464522495,-0.6843979941809919,0.8704856762304294,0.0604929647244402,0.0138785542531295,0.14722366668999276,-0.09445335226570725,-0.36735297447781,0.6556810065172634,0.78208446119867,-0.09726900432666084,0.18223155172513736,-0.10244721019524827,-0.012734946893403933,0.09612226428708512,-0.4072381221495053,0.0607325449218361,0.0789690467946157,0.48297228283118954,-0.24771643212868463,-0.1299650723129745,-0.45553794758461885,-0.10979656201877705,0.005801145206921475,0.6003524156047272,-0.33616493114075313,0.09300255313052215
0.01173019683258328,-0.0920785780248908,0.8814879415803623,-0.052753743525001784,0.09232357100680078,0.6769891390914978,0.7282713136824783,0.008802851952189187,0.015161481852702673,-0.16833013158901744,0.09078757846614698,0.3275344242396212,-0.6831103768417073,0.8698700252774717,0.060850909985395066,0.011956834332076494,0.14940435970174928,-0.10023995175435343,-0.3747335550114267,0.6581488462304024,0.7735377045999894,-0.09713607743071657,0.18059617017579052,-0.10343285784343019,-0.01305636470314926,0.09735745624466197,-0.41962326489027574,0.061670626270202186,0.07529853638789473,0.48910615607887525,-0.24362815643598215,-0.13175064906876316,-0.46723606145835106,-0.10908138256157092,0.0037992258333476928,0.6078415379214588,-0.33423827482654905,0.09035022071131266
0.01285322556196668,-0.09614100483947119,0.8810667933112395,-0.0539675564066253,0.09388270583792377,0.6780232982190513,0.7270199085803682,0.010444052105957415,0.01582089021787728,-0.16875558937403773,0.08902466208282442,0.32856978242524204,-0.6820568900267148,0.8696546431169643,0.06101368838795607,0.010217617618751354,0.1515409770977152,-0.1060529275806522,-0.3821818110004315,0.6602065959515515,0.765423151506745,-0.09751393081006564,0.17897126217303302,-0.10473735676861921,-0.013345520148329685,0.09861434317282226,-0.43243237210612195,0.062349740861086654,0.07109192777958308,0.4948493261604809,-0.23893092036029334,-0.13358177966714513,-0.47919726847068517,-0.10862275439023318,0.001161296958702858,0.6152954989379211,-0.33212748425086075,0.08757389002711799
0.014038837937914097,-0.10041912687973972,0.8806512102244118,-0.05524425043987484,0.09558786671913386,0.6793047305176231,0.7255040424599998,0.01177698402400383,0.016474490036326863,-0.16918859947163925,0.08667173553019873,0.32952660999788796,-0.6809949016411821,0.8696485225324889,0.06150078049097288,0.008729517645217575,0.15340730722687462,-0.11171663194800349,-0.38967908065084383,0.6615449937572468,0.7575766097813712,-0.09799946952925913,0.1770978384488109,-0.10622567944341167,-0.013590255280156394,0.09985644645358782,-0.44559942565361577,0.06263543358331286,0.06642733025577596,0.49980431572764544,-0.2335124743452773,-0.13534907632184243,-0.49148426147692853,-0.10855781237520025,-0.002130377647529581,0.622630455461967,-0.3298743607478072,0.08492317665435364
0.015250778964955771,-0.10491939344711781,0.8802471821539579,-0.056598770159100656,0.09743420130342839,0.6808086328003331,0.7237421924534881,0.012900802431212884,0.017149657864807367,-0.16963102107040037,0.08374175869108125,0.33037959055002997,-0.6798312542633989,0.8697873580825564,0.06264060148022721,0.007304469260758102,0.1547462984603052,-0.11750539706918708,-0.3972387224343529,0.6623703607939332,0.7502716020595226,-0.0987156012854485,0.17534795308252618,-0.1076617897828978,-0.013803141503205725,0.10111089544152235,-0.45906747874866016,0.06258728393111788,0.06134765396343791,0.5038613766309812,-0.227406902988843,-0.13727775840716355,-0.5041064153464273,-0.10885291251747452,-0.006037225292588111,0.6298146777083488,-0.3274855128507548,0.08228024779649447
0.016450635271666438,-0.1095854604514577,0.8798574972524694,-0.058018501036856567,0.09938939772700982,0.6825272527581578,0.7217424404864249,0.013790274678708034,0.017862944747920075,-0.17005552597060516,0.08030022657972823,0.33111621845680167,-0.6786540720501152,0.8701212882575238,0.06435548646956549,0.005836728831159202,0.15557757012970108,-0.12325099581734333,-0.40485706077417916,0.6625061407816912,0.7434267841548058,-0.09958372151812694,0.17377537434653462,-0.10909479456771749,-0.013980074269029367,0.10236313935495726,-0.47282020792896334,0.062225746161613,0.05578819122621152,0.5071905845039676,-0.2206266526342853,-0.13949210751593508,-0.5169879791863055,-0.1094967913089896,-0.01056863322815254,0.6368807258977106,-0.32492399267025057,0.0794725585971371
0.017700410148775325,-0.11445785007982867,0.8795147437892837,-0.059492234884834495,0.10150815498743941,0.6845128050588736,0.7194435267412492,0.014326962951085995,0.018506210657399536,-0.17053298239387757,0.07613403678252702,0.33177451463169116,-0.6777358858093571,0.870771606856063,0.06647148337395181,0.004550668373327096,0.1561780950867219,-0.12889277476209926,-0.41249421193661634,0.662163200816843,0.7370139381288784,-0.10043187130371785,0.17224923619261406,-0.110622661200057,-0.01410645994975066,0.10360010039821066,-0.48697799435063815,0.061352433213274535,0.049687828051497074,0.5097383597744212,-0.2129418459748988,-0.14166985160468643,-0.5302076334989663,-0.11065648686936139,-0.015789701285153702,0.6438331428156627,-0.3221745171944237,0.07670649778516518
0.018932931297549978,-0.11955922749107682,0.8792018177962823,-0.06099320471154892,0.10382352283158072,0.6868164504110871,0.7167870454539274,0.014365822748662473,0.018971109954261354,-0.1710208029509408,0.0711036416587539,0.332325160632181,-0.6773938802151033,0.8716631682586163,0.06876839575163252,0.0033754748137947515,0.15685680812754307,-0.13428955517595514,-0.42025805937598054,0.6613473754872045,0.7308699001294735,-0.10093857749454209,0.1706546581855518,-0.11251866398090926,-0.014163814641508843,0.10475759447450057,-0.5016394799945132,0.059723717656079735,0.0429591393953226,0.5115402044796835,-0.20418413992525614,-0.14374113016630483,-0.5438085659296911,-0.11256998396596148,-0.021785894141500638,0.6507271934173953,-0.3192706962861884,0.07400573563371383
0.02013262461555982,-0.12495370227740152,0.8789158527123581,-0.06250086420370207,0.10645070590096813,0.6894643605455854,0.7137231849424842,0.013879807312959697,0.019053595432850408,-0.17145243273550645,0.06494251363742057,0.3327402539692785,-0.6777587314998003,0.8728906408608527,0.07122805173957514,0.0022442657566096235,0.1578651603215425,-0.1397854503375836,-0.4281674073336961,0.6603919858845032,0.7251274456689303,-0.10114948247938672,0.16910224460568588,-0.11490316981675366,-0.014149654608181069,0.10576761330358975,-0.517054906884398,0.057109645338894954,0.0356200493216162,0.5125742732133499,-0.1940284522712262,-0.14543380086200808,-0.5580948826814932,-0.115498750867997,-0.02863438527269402,0.6577384181452273,-0.31618314399503233,0.07126391266890802
0.021368611477879888,-0.13063285156889592,0.8786627887586766,-0.064042288242554,0.10933360086409827,0.692415137240848,0.7102858767837679,0.012912808313885554,0.018895975218168024,-0.17190590635278158,0.05781083274006702,0.3330059853904938,-0.6786287139638496,0.8744805152391923,0.07390355660079416,0.0011851699934274894,0.15916896846510226,-0.14508469815003727,-0.4361110789052119,0.6589238655728806,0.7196638455722119,-0.10100015474349353,0.16739333456524805,-0.11773850980574363,-0.014062053892723431,0.10669156337574226,-0.5330565028668877,0.05372481548966637,0.027707685638142913,0.512734873629255,-0.18260597601979164,-0.14698848554957236,-0.5729362365401877,-0.11927793446569418,-0.03624323200917055,0.6647559236156393,-0.3129286072920695,0.06856043248014368
0.02262404081884302,-0.13650015503440935,0.8784325381385834,-0.0656345415550799,0.11227710036351306,0.6956160584019416,0.7065438832671068,0.011593956502158893,0.018779896253892755,-0.17247644942831264,0.050057355917595095,0.33313656842004885,-0.6800354921985662,0.8762445695429895,0.07662578290506518,0.00013383203471676678,0.16052537389120655,-0.15012324285085163,-0.4441379863363405,0.6571497518316209,0.7146550192436831,-0.10062437683790763,0.16571234446979874,-0.12082495411353664,-0.013921069985323956,0.10765495300176703,-0.5491679703094609,0.049913285176829365,0.01914093764413596,0.5120172846954754,-0.1704591447392567,-0.14930316478935854,-0.5878053397176085,-0.12355845623056777,-0.04443642605336664,0.6715395755440754,-0.3096689110657336,0.06594137840681687
0.02393228636709241,-0.14242163809654318,0.8781769843069677,-0.06728775075005006,0.11504398149041159,0.6990216427114962,0.7025709814266133,0.00998680142490408,0.01902966624787463,-0.1731418892755657,0.042069115749498565,0.33322598319955227,-0.6818811893011216,0.8779286873736333,0.0791457634320279,-0.0008861272436594584,0.16169176722691894,-0.15456657950717456,-0.45225335493236735,0.6550056997966696,0.709981487717457,-0.10005701987651662,0.16398722567549853,-0.12393698937426258,-0.013734489339870619,0.10872040654425115,-0.5648945505969736,0.04605783483037309,0.009820409460415937,0.5105519751252684,-0.15821552816245746,-0.153103547019004,-0.6021228414818754,-0.12793341981353165,-0.05304602751642701,0.6779068116797364,-0.3065582915809691,0.06359189876366816
0.02531799606077849,-0.14838278246297612,0.8779116653264522,-0.06896443612547774,0.11772731376356017,0.7027041176606675,0.6982772437697323,0.007930978521686156,0.019495716364641282,-0.17375639475431404,0.033608085058259435,0.33327711738471166,-0.6841921043807448,0.8796218441223729,0.08134643387434454,-0.0017050809983017846,0.16248470558345635,-0.15839431880192711,-0.4604951604217319,0.6523925977210238,0.7054066161979929,-0.09924119181953159,0.16237291421826489,-0.12684253691389122,-0.013475916625099447,0.10979936693292142,-0.5805299417080036,0.04180189550504607,-0.00040021668047296086,0.5083182873030113,-0.14521131865086215,-0.15733872958647474,-0.6159763486325787,-0.1326607363873542,-0.06204552049155648,0.6838308514217736,-0.3034149493229813,0.0617686139799485
0.026776588726992703,-0.15437890729634615,0.8776014743255452,-0.07064883470222413,0.12037210635886506,0.7066525503931305,0.6936580362028774,0.005428733251364217,0.020111685665989056,-0.17424891721697705,0.02460721749164441,0.33328322145946726,-0.6869271026958026,0.8812943656646778,0.08325129668532309,-0.002351823751868463,0.16295072611979555,-0.16146216005300318,-0.46889710381566463,0.6490591194319568,0.7007150723484669,-0.09803451519219683,0.16076477309851742,-0.12958821097308526,-0.01313315958061473,0.11083376316890656,-0.5961260700557698,0.03713312380488159,-0.011489834664604704,0.5053344466695451,-0.1313871883108669,-0.16221312552778516,-0.6295450991649205,-0.13784271543170926,-0.07150465012075179,0.689533265295075,-0.30026981585394935,0.060289967371371184
0.02840160475535981,-0.1602070954171326,0.8771872991331744,-0.07239883425418216,0.12268733250613703,0.7106997686890265,0.6889209432340757,0.0028935219391493495,0.021236037130167737,-0.17474725714299585,0.015591264939711077,0.33335329594354407,-0.6900119086806555,0.8827284045258237,0.08482405834730918,-0.002750102362481158,0.1632312243268407,-0.16394933202845535,-0.4773742454348446,0.6457884313044976,0.6964724550485646,-0.0969099493708373,0.15917752209061825,-0.13212418618262897,-0.012757280611802183,0.11196870614664126,-0.6108091156583418,0.03296528606210974,-0.023276762031889518,0.501717756281516,-0.11822570627338058,-0.16997727159098827,-0.642331679283594,-0.14275843684582454,-0.08143027667810303,0.6950036763480225,-0.29733760968872414,0.058830193660067906
0.030195635241756027,-0.1659152050543882,0.87660639462432,-0.07425846791782971,0.12440901765978724,0.7146794055068422,0.6842816844047562,0.0006378502065348736,0.02330946942635083,-0.17545594506755885,0.007010668862317032,0.3334917188298075,-0.6931965833516524,0.8837196036987806,0.08593597301493343,-0.003141508891134388,0.16349763742261245,-0.16575443472646048,-0.48584858129697056,0.6427151886532697,0.6930099261480861,-0.09613305754024193,0.15698212112667898,-0.134675201094768,-0.012386522620925938,0.113363060091454,-0.6238132031458413,0.03015720387445036,-0.03557074159103593,0.4975806020467377,-0.10755165483153056,-0.18298548813831328,-0.6539694468866915,-0.1467068245070704,-0.09185292095385966,0.7002448567891107,-0.2951129651547432,0.05685463202053075
0.03227480676931336,-0.17140798348228992,0.8758202423859265,-0.07640951696610294,0.12528532713031373,0.7186594976209189,0.679701183610935,-0.001347669545688429,0.026892829290361617,-0.1762158175815362,-0.0010347773691143324,0.3338009217707853,-0.6964397824311283,0.884117943047431,0.0863669408728912,-0.0035504420584679505,0.1638222493682312,-0.1665984540980869,-0.49435504978063216,0.6397977906693186,0.6900828304116247,-0.09587579987986007,0.1541654012564942,-0.13737149774045238,-0.011990633857554825,0.11502888199372166,-0.6343869739439837,0.02927655140605715,-0.04961857551539308,0.4905632250157853,-0.09772260728450534,-0.20453884420008808,-0.6640043400119611,-0.1490428892314684,-0.10339076955856297,0.7048486990384103,-0.2934836172669737,0.05399095402264195
0.034498505252342306,-0.17660045304979957,0.8747923272989172,-0.07873472718386837,0.12545891563651576,0.7226935500501089,0.6751110545225597,-0.0032074235875261163,0.031644240492801796,-0.17670961412237962,-0.008767430764453748,0.33423026889175633,-0.6998601669142789,0.8839139817218548,0.08608906051492354,-0.003955782241866823,0.16413760993331986,-0.16661217721973548,-0.5030183507316266,0.6369749047958485,0.6874951911117664,-0.09623291874815933,0.1510735033780899,-0.14026102609739746,-0.01155220641072073,0.11677757731879727,-0.64307033106409,0.02978750156584864,-0.06513348153411248,0.4816238141188957,-0.08877161805275496,-0.2326858409197431,-0.6726524528056046,-0.15028062773013393,-0.11589660829603043,0.7090712313227892,-0.29230786219062677,0.05037674189725205
0.03678442526654111,-0.1815980782337142,0.8735848620774123,-0.0808454166259487,0.12531145667559504,0.7266060095595387,0.670674857370083,-0.004882312181945575,0.03654532201471423,-0.17711957151914748,-0.016245710779099223,0.3347000486831978,-0.7033368609376142,0.8834418163010092,0.08541527160494905,-0.004020611587078147,0.16451671632672468,-0.166162385403158,-0.511636545534121,0.6347256335300436,0.6857548687402139,-0.09741100456731731,0.14732620218372003,-0.14316968338814243,-0.011116118074255924,0.11853458396215587,-0.6511114960563981,0.030741517650964507,-0.07912049346388328,0.4757739200875585,-0.08485938516977859,-0.2596437839682887,-0.6805795358757779,-0.1513958948556499,-0.12815543915699984,0.7137199935250013,-0.2918537335500042,0.04690593210259247
0.03806314145236764,-0.18641763469278508,0.8722896430936503,-0.08127751331140488,0.1262497737570137,0.7304888817220283,0.6662138951843606,-0.007684462635602896,0.03808991735745042,-0.1776819450730821,-0.023115243092919558,0.33454745234602057,-0.7069471595014725,0.8829591818121204,0.08479320001867507,-0.0038612289786347717,0.16476232245854888,-0.16573064022993286,-0.520210671787662,0.6334626565491084,0.6857943449534682,-0.0995042962544509,0.1432442783884608,-0.14646857189900708,-0.010740721169246488,0.12027145965022398,-0.6580797836932386,0.026017296896052002,-0.08569567896384397,0.47544299072015606,-0.08867887384474132,-0.25986318154557825,-0.6896897017625718,-0.1575969638064594,-0.1375050008873061,0.7223608123941255,-0.2935239151557883,0.04514983663197368
0.03924791935361738,-0.19097010262847183,0.8709274012970404,-0.08075958116730447,0.1277768158092831,0.7342911307490492,0.6617911382714378,-0.011133300996812399,0.03707372489113346,-0.17873414503877352,-0.029033427455268337,0.33529497735529856,-0.7106384378637121,0.8816398677795937,0.08462234349672043,-0.0033367851486076888,0.1651336451829766,-0.1645590006551815,-0.5284359931221633,0.6338342318857279,0.6870224620888128,-0.10375328859468358,0.13843975833203762,-0.1495958044536492,-0.010389645629177748,0.12217779203538848,-0.6734178276164117,0.01873485117661296,-0.09059526957466879,0.500099389998344,-0.10502094937653143,-0.26489475259595574,-0.6991173442492975,-0.16601718576061972,-0.1453573692873252,0.7330421589126858,-0.2968353614016228,0.043754952439899436
0.040446583359803945,-0.19528931706111435,0.8694463587527985,-0.08050568133592617,0.12861882122691376,0.7376727701753146,0.6578867062349834,-0.013507216697616418,0.03756555069283718,-0.18046400158127632,-0.034018134289273166,0.3356371405421361,-0.7143983360298973,0.8799285469289158,0.08486769385965111,-0.0026085449689353824,0.1655502166146147,-0.1623330693780815,-0.5372750508081101,0.6350124037432009,0.6889726343584459,-0.10988455851532042,0.13280018947696254,-0.15305227362975674,-0.010020012707320246,0.12447981923338934,-0.684263838277264,0.01439503206845108,-0.09116378274902576,0.5236013558207877,-0.1286471881678212,-0.26651095856524326,-0.7074647391619352,-0.1726341887454865,-0.15285980727190063,0.742900631414292,-0.30016503988697524,0.0424191778556879
0.04160068008177375,-0.19947042479290905,0.8678372556545598,-0.0800738012101751,0.12916226336355316,0.7407279752448633,0.6543908333497673,-0.015372275744926346,0.038140316258702775,-0.18196094623716597,-0.038624782066968316,0.33603909408794574,-0.7180947917332818,0.8776749360252969,0.08530649965409452,-0.001962597845779265,0.16607671811537245,-0.16023737373565172,-0.5460953017770829,0.6372225965994148,0.6921257095853455,-0.11705847534188536,0.12706286693206242,-0.1565244471481345,-0.009687416863793085,0.12657505077730025,-0.6949302682502961,0.011640287647998702,-0.08794775272009046,0.5540558430616216,-0.15796933564693438,-0.26704559565392105,-0.7154519895991124,-0.17871163858387587,-0.15939892654764043,0.753109375306734,-0.3034926975416237,0.041202565391885444
0.042658747135438733,-0.2036237335358654,0.8661168582970787,-0.07946818932056296,0.12957489981609582,0.7434269535207222,0.6513152209204528,-0.016862376872593912,0.03856004321047502,-0.18321411156961362,-0.04296390548257378,0.33651327674055803,-0.721504159003978,0.8749927121741518,0.08566282620443903,-0.0015178645515771848,0.16667110995553214,-0.15843389838065158,-0.5546423225416681,0.6399122548774024,0.6963598158214817,-0.12372852123164503,0.12165388921000292,-0.15960188482904236,-0.009392548580093293,0.12832926990464782,-0.7065236518509691,0.010607306051939921,-0.08054246486071254,0.59347910997329,-0.190725103318573,-0.26736684612943445,-0.723765210949717,-0.18443952133381888,-0.16461696333239134,0.7640631540449304,-0.3064230275806185,0.0400675510036942
0.04387790597936696,-0.20774031299551118,0.8642957336061899,-0.07881049862570098,0.12973237542943056,0.7456995676847619,0.648760796308289,-0.017777726197589855,0.03906462383994203,-0.18437361979978115,-0.047076786802041734,0.33723675769098616,-0.7246299339969241,0.8721104832442758,0.08594503739811768,-0.0010198034567604198,0.1674040225418122,-0.15691903358178827,-0.5626286015098649,0.64328520587491,0.7018446680446545,-0.12911792311911433,0.11652093718715274,-0.1617595209536184,-0.009132487174406668,0.12976895302232955,-0.7197849583667806,0.012700945942560991,-0.06713894935431312,0.6445588485832656,-0.22663063392256566,-0.26699017720126716,-0.7323791994355748,-0.18916730060418602,-0.1685430234700453,0.7755881589135362,-0.3087634677928858,0.039185099101803844
0.045219125094016335,-0.2117419786416073,0.862322478956997,-0.07815946438922795,0.12949355263625772,0.747570559715875,0.6467308375190745,-0.017982360417679852,0.0398737381996319,-0.18558364845130018,-0.05077515480330758,0.3381807923370597,-0.727659493950175,0.8688714015570478,0.08617569146216536,-0.0006783338735447411,0.16825613107241089,-0.15596489919605397,-0.5701731487497111,0.647883663041861,0.7090208041869427,-0.133552803043975,0.11200242576532553,-0.16302188245744045,-0.008923544764714809,0.13109926068126795,-0.7341094554619814,0.018470120533816303,-0.04895706362069605,0.7065939517766233,-0.26494650396975666,-0.2663570197707158,-0.7409102084385628,-0.19261534281424506,-0.17151527411899517,0.7875065679221099,-0.31083762439391627,0.038375659429207315
0.046631771219231254,-0.2156532414196585,0.8602272770964491,-0.0774577064885441,0.12898172875178548,0.7491168472868949,0.6451263182235545,-0.017833651506651088,0.04096959694768476,-0.18697443094107646,-0.05381892575032293,0.3391353494035719,-0.7300929936686978,0.865349277020763,0.08611494033478527,-0.00038831214266247,0.1691881539369196,-0.15463085652706382,-0.5772539160711171,0.6523198014554461,0.7170160590465151,-0.13656014994647142,0.10778493702052533,-0.1637395541674499,-0.008732468586524735,0.1324797050024921,-0.747612586803771,0.0267443858269375,-0.030288268053366443,0.7742020843798462,-0.30241958372108335,-0.2659319782103371,-0.7493908049756651,-0.1952270655335385,-0.17358065960265318,0.7997880337874392,-0.31264435354991804,0.03789607882234865
0.047408094793054134,-0.2195455667237148,0.8581357389059779,-0.07601172120984943,0.12909848888600808,0.7506445235350515,0.6434971621482889,-0.018488643172083694,0.0405723280249711,-0.1886419382593241,-0.05616444752999875,0.33946936043826986,-0.7318378997110452,0.861607306498625,0.08533884222704274,-0.00017781547269369658,0.169971690640414,-0.15249108052714108,-0.5844499131124954,0.6558021524813137,0.725240049306459,-0.13767911954375164,0.10436827305995278,-0.16433405730527514,-0.008533106002887876,0.1340115130202771,-0.7579449905787939,0.03220226425410243,-0.014145860957539752,0.840156048621448,-0.33549008818046205,-0.2582322291233631,-0.7588414818403737,-0.20042274367359114,-0.1737426272014988,0.8139376599265653,-0.31466063389168997,0.03847867502544993
0.047731875586484486,-0.22337769486090636,0.85603093386842,-0.07415723876824087,0.12947564908233042,0.751963641296078,0.6420961317448679,-0.019212376001545257,0.03943765402602172,-0.19046187839529083,-0.05773851326865897,0.33952638455213174,-0.7327482269674866,0.857424094843956,0.08338033630531415,-8.765489138260808e-05,0.17059329490400016,-0.15006358889901675,-0.5914764646469929,0.6587733905613679,0.7339696423830658,-0.1362367837339633,0.10221466877276894,-0.1646632665242221,-0.008365760758323458,0.13565447537322572,-0.7654946111827005,0.035691867766486286,-0.0023000176948075103,0.9048725820774413,-0.3649383727139634,-0.24692039419036443,-0.7689117312948016,-0.2066181092754035,-0.17223266510571728,0.8291480689720098,-0.31644628384214635,0.039788923048180984
0.0480212497763217,-0.22717020507816948,0.8538587195658924,-0.07206502179821361,0.12983217561653482,0.7530143011437795,0.6410301873397584,-0.01981598512962115,0.038097155769654334,-0.1923339749686709,-0.05868460052386847,0.3396336624516855,-0.7326444772190777,0.852939514705675,0.08021005296323432,0.0002105590572790942,0.17125993846573398,-0.14725247765495722,-0.5979875172353337,0.6612217258879042,0.7430563806725199,-0.13196587341232913,0.10066836497616764,-0.1645293805559537,-0.008223797405310606,0.13729661377186847,-0.7708503675114627,0.03872895289684608,0.006294497783186315,0.9702515554704462,-0.3924751523672393,-0.2353943415455741,-0.7792454666096064,-0.21273277323843456,-0.16938201604029285,0.8449872025707366,-0.31793692800662415,0.04194325651234591
0.04820350730063717,-0.23089246768386618,0.8516145221884449,-0.06984932179202957,0.13003141107046742,0.7539769304304581,0.6401028766994261,-0.020634662703381795,0.036875348376948745,-0.19419132315053425,-0.059073801803583556,0.33963990620760204,-0.7317672388998898,0.8480624208115035,0.07608898630433956,0.0005468188948840955,0.17197458013786876,-0.14351145662676879,-0.6041173491276723,0.6623600759170333,0.7522337809961227,-0.12552922933875987,0.09966905665492089,-0.16433841857543321,-0.008049058626061511,0.1388881650271287,-0.7737951120439354,0.04111812115841972,0.011603059444075825,1.0347414362160998,-0.4175630897270991,-0.22532748342494988,-0.7893719361979276,-0.21869653387819715,-0.16610992908791955,0.8609878935475443,-0.3191663779241513,0.0443097710843791
0.048360989487395846,-0.2346012219226484,0.8492788580158236,-0.06763246383020284,0.12996972673823984,0.7550417969685946,0.6390974924049374,-0.02197949489172227,0.0360531312482209,-0.19604955260343843,-0.05913785538325497,0.3395609546247889,-0.7302937517360376,0.842884929972853,0.071459974575194,0.0007728199910887279,0.1727957690210847,-0.13846963722879543,-0.6098332640672145,0.661662733876195,0.7611452001957453,-0.11809708486295381,0.09898098066366663,-0.16466498244889918,-0.007796693589133483,0.14041241879479083,-0.7740656920701865,0.042700388443917284,0.013429337384581786,1.0959921693679024,-0.4397343779268144,-0.21813265331648943,-0.7989156992536457,-0.22444749158814617,-0.16336392148548387,0.8767220974264571,-0.32027769327791644,0.04641813430365747
0.048574158916456694,-0.2383253684911939,0.8468823774993345,-0.06538341108700088,0.129667398187065,0.7561939258821871,0.6380298753670636,-0.023884627207975035,0.035580147479217034,-0.19790701089621343,-0.05884559043572638,0.3394257076761753,-0.7281064023767709,0.8375103929106736,0.06655471498712943,0.0010184286821241146,0.1738298141849935,-0.13190678624733293,-0.6150120459910156,0.6588265033520743,0.769561525357167,-0.11015555732528766,0.09826664555767405,-0.16583107180828405,-0.007463367664897389,0.14187904581558816,-0.7713570903222844,0.0431507014338817,0.011531283707821551,1.1531953293131352,-0.45962025715799504,-0.21518668822405873,-0.8079744371524017,-0.2300487150740831,-0.1611421039072186,0.8923314653210078,-0.3211869367170739,0.04842898936958174
0.048740509693486485,-0.24198233368020722,0.8444560026054158,-0.06304160512940371,0.12919241510407026,0.7573561957694972,0.6369824712123878,-0.026077777788201993,0.035218292053817817,-0.19969067083946226,-0.058155692643318026,0.3392405082684222,-0.7254378626736103,0.8318100698218824,0.06140142866302328,0.001306343093120561,0.1750328814974173,-0.12446460781456337,-0.6197554103248711,0.6548073545999696,0.7780041572243787,-0.10201245403762182,0.0979519390409687,-0.1678133191986106,-0.007086420239908005,0.1432824599846376,-0.7657904477251816,0.04229511450864611,0.006339805030343452,1.207233026580879,-0.4779756266610951,-0.21603450404470395,-0.8166812751036852,-0.23559730445787597,-0.15902200711314535,0.9079532741540488,-0.32178866590655325,0.0504239823786052
0.04885254691742523,-0.24559029124168166,0.8420108258303787,-0.06068483106937058,0.12848480572689783,0.7586293159394736,0.6358384755365227,-0.02874830744195371,0.035124460653226296,-0.20138567692971915,-0.057232162082075565,0.33901888176373535,-0.7224799944462341,0.8258090355492713,0.05626170635853456,0.0015582865776301604,0.17628258125296914,-0.11619938921791541,-0.6240422408324,0.6496893085312757,0.7865027991534251,-0.0943315850327527,0.09799520115103862,-0.17078277634186964,-0.006660702395403272,0.14453592063904996,-0.7578215966864537,0.04057892972516326,-0.0012497451102453344,1.258245322797397,-0.4946942705904668,-0.21873625414623776,-0.8246666591404128,-0.24103133851496633,-0.15734092591895177,0.9230953444125501,-0.3222599902234994,0.052158377811936205
0.04898157096876067,-0.24932912368732651,0.8395568781139962,-0.05839992100767508,0.1274747570815158,0.760114071264349,0.6344810747368606,-0.032112155547238314,0.0354861773129207,-0.2030191242765997,-0.05639292054971537,0.3387840909520454,-0.7193645887253773,0.8197005650664162,0.05156550289928967,0.0016558487803870156,0.17745068953568827,-0.10674287549630769,-0.6278392467987917,0.6431231321040515,0.7946924658909394,-0.08789643824187043,0.09782622504437785,-0.17499776788773772,-0.006149188875016619,0.14555941503715483,-0.7479681374616647,0.03871552982920843,-0.010147223379220444,1.306028332510233,-0.5097740923245089,-0.22107299187981092,-0.831603648627003,-0.2462490800978069,-0.15645730408595637,0.9372160646696618,-0.3228804799844692,0.053501860466804996
0.04935104701175636,-0.25309771828230554,0.8370690152713587,-0.056186603592192005,0.12610675092095447,0.7618499526008347,0.6328702889779546,-0.03624005624177313,0.036339882416179844,-0.20440859682617638,-0.05558287769415031,0.3387190404476694,-0.7158851244150384,0.813414337615747,0.04783576734838947,0.0018668518719890692,0.17856337833612743,-0.09567995385059297,-0.6310892226247401,0.6350966581853763,0.8021573642187666,-0.08361079352426598,0.09690025036206733,-0.18056731289628114,-0.005515661165009827,0.14625966917551644,-0.7362113263112832,0.037201218889481004,-0.020071805007888917,1.350628703123102,-0.5234859845142754,-0.22199790894521704,-0.8374006514243582,-0.2511778007218906,-0.1564482316875444,0.9504266611729802,-0.3235433767064442,0.054664016672899475
0.04969106153847699,-0.256808544221288,0.8345953037424421,-0.054018377147854076,0.12445369307176037,0.7637746662084959,0.6310638259868905,-0.040874931051438704,0.037535657536718156,-0.2055932241683217,-0.054717018497388234,0.33862846245227585,-0.7123954312979602,0.8068000995841629,0.045192269848095365,0.002076630349695599,0.17946698572249392,-0.08368662999687333,-0.6339562242606254,0.6263904150661659,0.8096052635718722,-0.08207510122277725,0.09589894038396808,-0.1875336020843717,-0.004800579433392308,0.14670807319522564,-0.722394995142019,0.03576299026746722,-0.031242358380548164,1.3920736300619438,-0.5360344531813118,-0.22298002595022334,-0.8422438554409708,-0.25599531475566106,-0.1571456977147061,0.9629093056909587,-0.3240743683907008,0.0553199627547159
0.050038875944973006,-0.2606082070675857,0.832138861735571,-0.051842976397918655,0.12252112276953621,0.765835052900001,0.629124432861377,-0.04620146848605296,0.0391220975656258,-0.20666386509976478,-0.05381983550969767,0.33858952207320236,-0.7088378989796682,0.8001600113522171,0.043407609644587376,0.0022687364548992944,0.18014301862399643,-0.07020469213513818,-0.6362609163607321,0.6160503319245817,0.8163635273508342,-0.08264667608200413,0.09416691035820195,-0.19601298194782413,-0.0039854301751015885,0.1469325917573043,-0.7066173399751013,0.03441158599260358,-0.043544762919388455,1.4301035557247255,-0.5474773040846044,-0.2241570317871697,-0.8459751685927682,-0.260658923249647,-0.15853160123890342,0.9743482292146528,-0.32468101971793717,0.055750774882307015
0.05034510236659953,-0.2643280685419442,0.8297780401263406,-0.04958472987105904,0.12031290732164256,0.7679838840176203,0.6271099686535352,-0.0521871706558375,0.04102033211079514,-0.20757018109275654,-0.052800709791469946,0.3386530886704204,-0.7056144307417557,0.793712068751182,0.04203067265306762,0.0026053166354358804,0.18048031677617374,-0.05475389849063196,-0.6379352254975049,0.6039184156863532,0.8221681557264097,-0.0845115298073715,0.09189453626327529,-0.2059576445133288,-0.003029967829851115,0.1469604396119582,-0.6887047532671794,0.03307824571812618,-0.05672939009687461,1.4641390895433912,-0.5575870010673097,-0.22578533315595684,-0.8482698590798985,-0.2651619929274971,-0.1606242845483745,0.9844312215794849,-0.3252117863940989,0.05601136782562434
0.05076897865861244,-0.2680936363909409,0.8274740631534913,-0.04730515068679767,0.11779536615457585,0.770258567365036,0.624970570372534,-0.058824615831444556,0.0433007473141547,-0.20831545715851602,-0.05195401428898862,0.3389712715980033,-0.7028642696977152,0.7875475462035301,0.040810886340136965,0.00298856167656886,0.18054426908132207,-0.03790200200724279,-0.6388254932378591,0.5905104094256473,0.8273819086075105,-0.0875251009692692,0.08904634648346708,-0.21726824723428712,-0.0019490540500905506,0.14681372786946892,-0.6689485624534782,0.032068605357640056,-0.07083794668297154,1.494320695417751,-0.5672407911572851,-0.22771694889372293,-0.8490815257857632,-0.2694306290847556,-0.1636653704216328,0.9930927200230246,-0.3259797419231028,0.05651785670895395
0.05118431716656017,-0.27186998585614125,0.825269718496655,-0.044988226847757266,0.11497067405872609,0.7726635563484731,0.6226948146905563,-0.06605076632711156,0.0458476676322907,-0.2088152435768853,-0.05117881509347237,0.3395253676496485,-0.7006448217337677,0.7814414182265996,0.03975991884502205,0.0032783798506700454,0.1802507710277059,-0.019296568259952757,-0.6388579564964879,0.5751528713798472,0.8319553027972197,-0.09158851315297876,0.08576981293220177,-0.2299601847784003,-0.0007183770321306436,0.14644431082377107,-0.6472719036455629,0.03136064596104549,-0.08584780923825834,1.5207301640137898,-0.5766741186162074,-0.23011735207638864,-0.8484429720987884,-0.2735481174333985,-0.16759910179337553,1.0004276128074185,-0.3268219334605838,0.05692984154676795
0.051582592819709096,-0.27570100652205326,0.8231939250798694,-0.042559363669898376,0.11194059327413723,0.7750867635694187,0.6204018964195152,-0.073714844241851,0.04840627748338819,-0.20908996265226482,-0.05034145777154456,0.3402841375584615,-0.698540303469362,0.7753742481007736,0.038707851974130646,0.003648448945192872,0.179646967163812,0.0006549657303812082,-0.6380280946426135,0.5587283298716832,0.8357068852494322,-0.09626434209635616,0.08238732481569401,-0.24375860932878268,0.000604195367363655,0.14584528721347906,-0.6238072717686662,0.03058416360633119,-0.10151525089649796,1.5431551542841133,-0.5853700376929996,-0.23313394113148309,-0.8466920880067604,-0.27751166348461265,-0.17186698244808743,1.006580712720485,-0.3274365683329619,0.05716133493811218
0.05197741644604828,-0.27947548194181177,0.8212655316557158,-0.03992275953477272,0.10878196911397638,0.7774141614472886,0.6182231620119251,-0.08151280512536621,0.050604430960800036,-0.20904811793025901,-0.049331294040880755,0.3413186642622237,-0.6964181149509586,0.769192723280476,0.03736766960500315,0.004388629054130837,0.1787988707042479,0.02227045192891986,-0.6362808860022544,0.5413000566754477,0.8380555541318775,-0.10082096807861794,0.07933979439055164,-0.2582640991831221,0.0020470360115818404,0.14498697617498926,-0.5985668662089,0.02925633564929287,-0.1175943855682251,1.561260707564537,-0.5926126967309693,-0.23708765474528146,-0.8440544905842512,-0.28127450605833626,-0.17591646286244514,1.011701260006358,-0.32737097669810605,0.05714276726273771
0.05222294716501086,-0.28329710951706827,0.8194823459434438,-0.037030883578177264,0.10551286466392182,0.7796289997042664,0.6161772244021657,-0.08935379579769802,0.05237717486406227,-0.2088289644310218,-0.04821873249717267,0.3424807621107254,-0.6943975458998736,0.7628985845862991,0.035424745423717124,0.005393790595642477,0.17758285606966595,0.04570396452843552,-0.6336066226596735,0.5224078933057202,0.8388972044984997,-0.10478642678602458,0.07683981749699542,-0.2733332224884043,0.0036295226929024056,0.14397647723278842,-0.571490145996784,0.02708649663420554,-0.1341346766296949,1.5751023869232932,-0.5989879414923883,-0.2427374293457839,-0.8406943446614648,-0.2849363171573826,-0.1794714983989967,1.0161160516344108,-0.3268634564843479,0.056668131371453344
0.052516465705402915,-0.28735531801217573,0.8178192336065297,-0.03395164738463438,0.10209804352694536,0.7817798223707619,0.6142015829365624,-0.09738459674837316,0.05384420972873542,-0.20846151107658445,-0.047180908898953676,0.343908090235485,-0.6923568696012786,0.7566285277703634,0.032811261417670615,0.00660774722445954,0.17611472838780243,0.07077337647929918,-0.6297817404239753,0.5021040458891485,0.8382098250068049,-0.10799109759824924,0.07447488969047433,-0.28879215016289117,0.005346893496690405,0.14281610969424177,-0.5428060108689313,0.02440147541903671,-0.15128052787302354,1.5849247714219472,-0.6051394413532679,-0.24963459247797365,-0.8365624959024284,-0.2883988113434404,-0.18284131185133343,1.019643267694949,-0.3261768579069296,0.05613726085705635
0.0527787509850454,-0.29147989310891625,0.8164119626123503,-0.030777175223152542,0.09858161953768915,0.7838496797731227,0.6123023022120545,-0.10559336122561971,0.0549656186350012,-0.2078179324466594,-0.04600181224928485,0.34553117182009163,-0.6903428422975086,0.7502742001318983,0.02964855005122405,0.008086440076624693,0.17445536047165605,0.09712456636369189,-0.624823384851181,0.4811936375975799,0.8361322856489761,-0.11025755146413624,0.07309154955132666,-0.3042837428043219,0.007155249844561119,0.1413737256816166,-0.5128957681088165,0.021240427981371747,-0.1686979673467914,1.5904479694564753,-0.6099757729231853,-0.25770683591044236,-0.8314745213362288,-0.2915838950385292,-0.18637747300409066,1.021543480502072,-0.32466020193394957,0.05528898077454815
0.05302852810521203,-0.29575735064066894,0.815303380507537,-0.027626106047792705,0.09502596383522194,0.7858132552030251,0.6104952026093636,-0.11399285246601532,0.05571713108970738,-0.2068802137955712,-0.044782395151321645,0.34730767607977886,-0.688115252490058,0.7438811564892143,0.026145607607537025,0.009710654568508366,0.1728496079973264,0.12406507100375806,-0.6187987107174472,0.46063872667620015,0.8325577400050993,-0.11115261900797127,0.07313538976309282,-0.3192308114836043,0.00900611611750311,0.1395341664572465,-0.48270137524311124,0.01763553691746661,-0.18605002162577558,1.5917312135962796,-0.6127819788224365,-0.26704182707386265,-0.8254781938993494,-0.2943572494327851,-0.19037574965189222,1.0211448302818278,-0.3219319101229405,0.05404177077031784
0.05324981049364019,-0.30023404766133116,0.8144996614538911,-0.024473693249683667,0.09139518383698912,0.7876664654014255,0.608793477291066,-0.12262554028820802,0.05615918023986853,-0.20574914123643975,-0.043585482093195765,0.3492149032466843,-0.6857903682415042,0.7375668918854748,0.022355509246952572,0.01149041683771609,0.17138329830970797,0.15179327145435617,-0.611671586930524,0.4401440838343251,0.8270569730510854,-0.10964465058591308,0.07478607486816405,-0.33342752601260517,0.010927304248395601,0.13726281806817708,-0.45207498617726066,0.01363073675022736,-0.20343485757387844,1.588653233695633,-0.6140001110988412,-0.27868398628606694,-0.8183771480017402,-0.2966647125378625,-0.19506144279643228,1.0184073342671884,-0.31852087811161695,0.05215831555956875
0.053556703982417124,-0.30511723891664505,0.8140471016233661,-0.021098746185953934,0.08759030183147572,0.7894763326820797,0.6071325243052835,-0.13152306621417956,0.05620816992846293,-0.2035136494522118,-0.043257928640220884,0.3512160371297038,-0.6832611867503536,0.7312208707467204,0.01681065578227401,0.014580815705904217,0.16933465058264088,0.18055004714944378,-0.6028943612753132,0.4183711644635262,0.8185067196937064,-0.10338199937261976,0.07880342512041512,-0.34963554076818426,0.01286480255385991,0.13395498250721172,-0.42065848663536176,0.008864930667999198,-0.21997295601313013,1.5814854368598774,-0.6144317947767826,-0.28564398478860126,-0.8098054527478294,-0.2987669327472247,-0.2003620737200206,1.0134879022518146,-0.31452556283368893,0.05009196501859492
0.05323205250499685,-0.3105098395200923,0.8140579389221603,-0.016906818916097223,0.08481559603790509,0.7912578466928959,0.6053358523908813,-0.14128000893243028,0.05335943406831359,-0.20150125719845366,-0.04267517655468866,0.3529748031337784,-0.6804493252201457,0.7253887057053964,0.011967578992529239,0.016591382903768614,0.16800332854663366,0.208910970136711,-0.5936316280325573,0.39852087628660304,0.8095588080347628,-0.09656363377000618,0.08329413581303512,-0.36236235121805704,0.014881714306607185,0.1307268151920723,-0.3894502909015573,0.0003641179618492574,-0.23356938147600712,1.569612627280245,-0.6126114856034303,-0.2852515059963919,-0.8018862830816078,-0.30361281780512983,-0.20334156401599604,1.0077437256676784,-0.30935647299781033,0.04889778552639725
0.05275162987001649,-0.3162802617847863,0.8146332277838549,-0.012992279889819608,0.08237965481741592,0.7928769615409095,0.6036480075284629,-0.15113520163522426,0.04988972198038693,-0.2002255854064098,-0.041388083738657086,0.35451799688111774,-0.6770692769608129,0.7202162223082063,0.008910687806760516,0.01742816728199379,0.16764279049368627,0.23600550230092535,-0.5838351805541008,0.3822876351462737,0.8018362739734602,-0.09338942552421114,0.086472872664541,-0.37110800900555735,0.01684891780952557,0.12800363725876393,-0.3601004646462207,-0.008869553045869803,-0.24652273450045412,1.5540626874457537,-0.608677627775243,-0.28478031772010853,-0.7942931046936397,-0.3081735529660583,-0.20585310567670742,0.9993081606343527,-0.3011395913887849,0.047761564865708574
0.05236344735462234,-0.3226136920809952,0.8157637377173614,-0.00919013562583384,0.08010816859157086,0.7944947604804311,0.6018939261208951,-0.16133655476749809,0.04568345085722742,-0.19839751472049275,-0.04060336553070588,0.3559030416397563,-0.6728275295065687,0.715353127265302,0.00580692099255704,0.018749257157951317,0.1675614493242721,0.26236118257165486,-0.5729993832626566,0.3683692345153355,0.7930521563253132,-0.09179566499552998,0.08910472674038769,-0.3790578988750535,0.01870391739675142,0.12466818411909787,-0.3326360031239826,-0.01966844283084997,-0.26041841773889596,1.535097006073144,-0.6029265658117109,-0.2840847527782107,-0.7867494519694789,-0.31273993014546164,-0.20834887828258425,0.9886421831467167,-0.2897430803669446,0.04688602879117984
0.05190640898310044,-0.32953483161868197,0.8174974630365434,-0.00549321471972026,0.07794513334814668,0.7960484945196237,0.600167622545921,-0.17181984222086535,0.04094287212232762,-0.19628913439856688,-0.040114628112179,0.35693877611937863,-0.6679878351388804,0.7109990285467459,0.00281632014384795,0.020258003161971145,0.16774383410094773,0.28794745105063846,-0.5615764667046177,0.3571445791673654,0.7836118097123098,-0.09218990834242033,0.09054474371541874,-0.38594228676310766,0.02050553798600298,0.12093797199132597,-0.30654212732491587,-0.031783836872536796,-0.2750729807900623,1.5125653292377756,-0.5962400561532658,-0.28363260624372905,-0.778960382362189,-0.3170853255131091,-0.21089056441966364,0.9755031768203617,-0.2756794374633587,0.04585588290989658
0.051621791451425474,-0.3371348981417764,0.8197177095046916,-0.0021496294134971707,0.07559734494383172,0.7973478522861376,0.598762743484856,-0.18208456016367638,0.0364962971353344,-0.19381020246677258,-0.03956895850754744,0.35784469151345066,-0.6620909390945939,0.7071327207418718,0.00011842833572382641,0.02140390308877074,0.1683612875854144,0.3120322642515027,-0.5495057154643699,0.3484053993388031,0.7740548063200784,-0.09440585976093673,0.09052239160207101,-0.391256091234017,0.022183722279626273,0.11704596846208462,-0.28213524259972605,-0.04290043161033199,-0.28908433215909124,1.4873649838471599,-0.5891917229847088,-0.28336448400396386,-0.7701591802671481,-0.319799994934937,-0.21386374568108718,0.9583708769240891,-0.2588042893771868,0.04494214988561166
0.051548398090812526,-0.3451481303300835,0.8225027462795493,0.0005541170579610302,0.07279197566257312,0.7982121124720297,0.5979619091015457,-0.19164045516946643,0.033223224397577196,-0.19100239388653212,-0.03813112263782465,0.35857874414235497,-0.6549734463116443,0.7037193788188272,-0.002047928024578237,0.021973525960178486,0.16930768477680044,0.3338649223818893,-0.5367996832377397,0.34183004620360524,0.7655398089367504,-0.09814818013853868,0.0900231958969057,-0.39416802348205,0.023634865033912305,0.11329073008859997,-0.25970418799420836,-0.05065902079758658,-0.3005361316762939,1.4601031587497757,-0.5814461399152023,-0.28331711657527575,-0.7594280778203426,-0.31953429262828553,-0.21768115063614743,0.9355764223863383,-0.23840095413863857,0.04409958844293862
0.05167565145235236,-0.3535008593337117,0.8258340584098103,0.0025833247683173964,0.0694988568841952,0.79861700285301,0.5978077601361552,-0.20045259250642847,0.03123310280306219,-0.18797244703549923,-0.035424963717687476,0.3590145166492957,-0.6462456964610089,0.7007141654130657,-0.003650151888246943,0.02192123627002716,0.17060398519669773,0.35332729115297606,-0.5237621583086295,0.33752807630014503,0.7581781328202506,-0.10343849103573292,0.0893668947522824,-0.39380968332116245,0.02481216398072006,0.10975591169521018,-0.23957047157599864,-0.054583722636675325,-0.3084785077432199,1.4308517361066526,-0.5723339969082865,-0.2832340500420046,-0.7462667509605305,-0.3159799094809887,-0.22252758000539125,0.9063219335616821,-0.21478317440388692,0.04306150644384114
0.05208784891379635,-0.3623496840570611,0.829616517329112,0.004045663880729298,0.06586446395987443,0.7986627117078096,0.5981499627339042,-0.20876478912675983,0.030163070348925743,-0.1847606593616758,-0.03191072948391105,0.3591310027375891,-0.636022662552333,0.6982961565940338,-0.004716415758051004,0.021457900425409702,0.17235357282467392,0.3707117080791976,-0.5105574245465756,0.3355412801188553,0.7515558324761035,-0.11018062837334017,0.08805303420191002,-0.3901523037525813,0.025767227636785656,0.10633111404216454,-0.22188998297439647,-0.05570686820254078,-0.3134074177604285,1.399565322960209,-0.561832396704635,-0.2827290346542169,-0.7313332184634341,-0.3097860955416355,-0.22807025797376634,0.871577285712379,-0.18810739179244404,0.04216676238150889
0.05281030733767131,-0.3716043515494742,0.8337151741249432,0.0049458003364138995,0.06191523576376117,0.7983496035260466,0.5989824314528386,-0.21647096927234397,0.03011807281157496,-0.1811385884005236,-0.02793929609592369,0.35907900557246436,-0.6250152217537328,0.6964340278289919,-0.005035457503937276,0.020564208144889205,0.1745084220123462,0.38609966173812466,-0.49715047416927866,0.33503231905261033,0.7457665417011506,-0.1177004069016659,0.08612958864783848,-0.38406760877936497,0.026547420894681664,0.10297662188328773,-0.20659739478379144,-0.054214090288036455,-0.31554402642552665,1.3667982883929906,-0.5504223850467437,-0.28214772069168215,-0.7154923240332564,-0.30118292528331353,-0.23385214415970804,0.8325722043266038,-0.15738564336333266,0.041838487607229344
0.05383726374364598,-0.3813235386638382,0.8380337900525955,0.0052151470456317005,0.05773002837738277,0.7976698321550713,0.6003023279436284,-0.2233808608866174,0.031229787697419874,-0.17716367883016793,-0.024035211617890757,0.3589502620340881,-0.6140641246345553,0.6953159153441596,-0.004219595434824125,0.019149477717687616,0.17688785871528176,0.3993988680871105,-0.48349326079623706,0.33498577776159505,0.7411532073969074,-0.12487412282357988,0.08366335843793579,-0.3765820943317418,0.027198143778112922,0.09979632982224472,-0.1940562995275243,-0.050191468117929613,-0.3150746969182777,1.3335644733907794,-0.538761827729964,-0.28182303803935715,-0.6997776768955589,-0.2903743459608967,-0.23942810842810278,0.7903559290969184,-0.12162434616726314,0.04238249690372055
0.055366811276315354,-0.39150994595140587,0.8425119105341309,0.004264848136936757,0.05290582158983706,0.7965875699580823,0.6021885323555658,-0.22936798474046538,0.034728205322167555,-0.17303988626400507,-0.019934758054598125,0.3589168794221603,-0.6032054505985971,0.6948974264714445,-0.001834480353721281,0.016698686620782166,0.17946802857930808,0.4107205532718451,-0.46947498727716924,0.33481756325811524,0.7379104147309529,-0.13098237637726104,0.0806923188285332,-0.36780631849472073,0.027702336046061243,0.09706001666455792,-0.18510719893382685,-0.041643994277487266,-0.31151738232494763,1.3007270615107545,-0.527347976036252,-0.28178838152689445,-0.6838045582086999,-0.27551246747528985,-0.24555568674659703,0.743304848693903,-0.07917721373085099,0.04138874322959765
0.05714626932134902,-0.4023029953134962,0.847032885238121,0.002255362119431859,0.04761075919563495,0.7950958848967844,0.604607858674302,-0.234497468885332,0.0401605763382176,-0.16895232639080723,-0.01548724267979574,0.3588540915620041,-0.5922674059555952,0.6950677993193274,0.002182824875229277,0.012838366542136237,0.18221394132179006,0.4202598770737341,-0.455394339661827,0.3345594840771331,0.735823721017005,-0.13584186213367636,0.07714137474132349,-0.35784117297278123,0.028052591760714965,0.09482905558464144,-0.17963219664968108,-0.029250678068301943,-0.3045100002947068,1.2680306488294177,-0.5160262618340119,-0.2820073508886589,-0.6675374077288685,-0.25709173126408347,-0.2521894204010168,0.6914068777865013,-0.03125409509258157,0.03859223945619967
0.058897218359973254,-0.4134670075821199,0.8513769483383465,0.0002829606113232084,0.042691971866844924,0.7932515181904918,0.6073955419328436,-0.23888222783290977,0.04506787775395306,-0.16460418459643122,-0.010858053049521536,0.35895538379039393,-0.5814360282999543,0.6953802493504501,0.007647469435701314,0.008293499847098273,0.1851834715102013,0.4282919309351818,-0.44138161583761054,0.334417762106645,0.7345123589039432,-0.13934341210811974,0.07317171810427275,-0.3475118512962552,0.028271663768968128,0.09274663481329408,-0.1758833742652699,-0.016945192898051745,-0.2949696525110619,1.234354364120033,-0.5035294485393886,-0.28166355735944454,-0.6521445148343351,-0.23869331897922055,-0.25741040493627554,0.6381852508354178,0.01943713749086179,0.03887871530032533
0.05997658286276956,-0.4253152391764521,0.8552522295636092,-0.0005693465644642571,0.0391558416752491,0.7911588394842535,0.6103557869088498,-0.242717636602477,0.04685428628383537,-0.16018678470574085,-0.0067877452179975276,0.3589675389623564,-0.5711458437297297,0.6955548513509652,0.014091320193947508,0.00331956633747619,0.1881773444837607,0.4343814269096234,-0.4279846559186099,0.33438601457896644,0.7340767906382475,-0.141145034543198,0.06860666339350047,-0.33801229291795126,0.02838851995323421,0.09060313693359563,-0.17268278234741868,-0.00948121058186854,-0.28424501548232106,1.1990629967175852,-0.48904450103481306,-0.2811004847393753,-0.6392055281825016,-0.22449393322493416,-0.2587591830997967,0.5873280779351685,0.0695681069141482,0.04755299922958624
0.06018461749977427,-0.4377455352587212,0.858665920064419,0.0002554207479837849,0.037164497525003115,0.7886741503216039,0.6136870696849102,-0.24574889408153922,0.04473078694949406,-0.15400383727264913,-0.003755689310100682,0.3587203312126849,-0.5609020945989331,0.6956695751549357,0.02496227323263595,-0.0030092123044189387,0.191377742997079,0.4371897617137503,-0.4153659204341818,0.33393802221644675,0.7358470818820855,-0.14063314332584534,0.062128161839325804,-0.3260910147866516,0.028464769091892033,0.08729004630799192,-0.1685296057755231,-0.008451176015736637,-0.27189036737722455,1.1607952633665863,-0.4704819822641367,-0.27957771469965237,-0.6268462887285452,-0.21543132360718606,-0.2561732597235987,0.5343347320492123,0.12621365760175338,0.06970326496035152
0.059646331920186105,-0.45056078994382104,0.861381701981071,0.002097845108180516,0.036730839638495105,0.7860743513253963,0.6170361080631431,-0.24881297866120686,0.039387199561413774,-0.14832775153566324,-0.00037979887789446826,0.35883872325292154,-0.5512196276828428,0.6946453911594708,0.03595554846553886,-0.009446708701351739,0.1942962221849167,0.4382006213736286,-0.4030806337390662,0.3336806489585057,0.7389530693434373,-0.13762427096161498,0.055702745609208265,-0.31811778747250496,0.028289493047615282,0.08427974130491818,-0.16496353588009727,-0.012907805774506523,-0.25904774206718384,1.1202032865112186,-0.44832299469694153,-0.27797651573800036,-0.6170009361227687,-0.2111683432968963,-0.24975551498403656,0.4824887821205732,0.18417678551354835,0.1012072370151796
0.05831076028085031,-0.4634993149409719,0.8630312141592218,0.0046895201359478805,0.03698668010834479,0.78328257503684,0.6205468568441185,-0.2513031214790486,0.03222725360395042,-0.1423721033425004,0.003053367736639395,0.35909058350928375,-0.5422464531975058,0.6925958369531178,0.04641267058556146,-0.01697058376662234,0.19691228480315232,0.4375526564699322,-0.39182359063025624,0.3335033431505472,0.742437327741671,-0.13290819730386397,0.05003173542005485,-0.3125761558189996,0.02799574972014893,0.081385085407508,-0.16137656897204936,-0.020389820566668947,-0.2462541260006569,1.07866913858416,-0.42391795655487363,-0.2781493162286777,-0.6094597537235482,-0.2094622503717432,-0.23648095322384247,0.43646968255847246,0.235713902295753,0.13764794593967525
0.056211820092542095,-0.47647784898528944,0.8635235630047438,0.006862356486866766,0.036003435083157544,0.7800670299866089,0.6246215569875341,-0.25193566956138175,0.02825960684900603,-0.13366496092285637,0.004597178443674698,0.357882509528683,-0.5346882464740068,0.6906114059950527,0.05493653186519492,-0.024635487843542105,0.19862746048648347,0.43400255721928604,-0.3832013634409671,0.33333130753599827,0.7455596868949297,-0.1269276685900689,0.046240468249270375,-0.3086066934186711,0.02767302009861872,0.07741797451865945,-0.15778417116170282,-0.02560161940128829,-0.23396534151275952,1.0391408381987062,-0.3995951803304675,-0.28086731561462325,-0.6180646690463426,-0.20883420781308798,-0.21091435236966932,0.42451591795477417,0.2924065876734734,0.1774897637376394
0.054032886686666705,-0.4893634325953143,0.8631495512403068,0.010023317195677124,0.03593295987698152,0.7767099997130859,0.6287526793999151,-0.2521379468256126,0.021768001249204177,-0.12605180507566305,0.007154961249025777,0.3577410091991953,-0.5272786148042841,0.6876369105458559,0.0601111321492525,-0.030585023627572386,0.19978046937682925,0.4293139707897245,-0.375115007526172,0.3344669160155003,0.7484477915811991,-0.11974759924384303,0.04416447639042338,-0.30467151219938693,0.027202344419345784,0.07458914743334145,-0.154134915939161,-0.0329998993482146,-0.22253816812872204,0.9976377052381696,-0.36868075627546315,-0.28323292174801545,-0.6256719741707304,-0.20795940768324725,-0.17085290687327712,0.4211141391879368,0.30379634611075707,0.2248228715785553
0.05202052761653472,-0.5021490057701627,0.8620694775140791,0.014035630368416194,0.036784464709666224,0.7731843115058948,0.6329580749760128,-0.2521260915712181,0.012855894394794622,-0.1192225263509342,0.010886285009190496,0.3587530926863196,-0.5197052012236129,0.68330977791492,0.06239192435303074,-0.03473999811463081,0.20053788857638138,0.4231243710716047,-0.36764955873913835,0.33678649649272085,0.7515351304701761,-0.11125071959395784,0.04325562191638034,-0.3003116980487368,0.026567645919783035,0.07269126665997766,-0.15079942675081512,-0.042399152015308056,-0.21142629173148678,0.9542643107621176,-0.33089252622656395,-0.284275368645097,-0.6335205487271099,-0.20852659796818576,-0.12653723900176353,0.42432762592920664,0.3001696654038005,0.25991051170993723
0.05101123168602829,-0.5147183831723203,0.8602400211905858,0.016566965839107255,0.03674199415734907,0.7688043351226667,0.6382127042019939,-0.24918856285544022,0.007069388867535388,-0.11320598837603915,0.01569654884105645,0.36081998071565835,-0.5128664619520639,0.6777687302198488,0.06242150358571284,-0.03811773184357151,0.2012923814011131,0.41545833566013163,-0.3612161820058595,0.3407008496282015,0.7545079137059051,-0.10251029353832233,0.04435826310107651,-0.29591476207352324,0.025793545689143372,0.07170857551571214,-0.14965430465550505,-0.0471392328461034,-0.19845804256412836,0.9151506905829855,-0.29768219868772505,-0.2783761164130143,-0.6434715293233595,-0.20393470285685744,-0.09105675214110617,0.4357964295179802,0.2843078694474011,0.2662726328264685
0.049607645724195376,-0.5272781685276814,0.8578938692623681,0.018765196376475318,0.036695921070366476,0.7646616654295996,0.6431125983870796,-0.24649664098818366,0.002051086442462811,-0.10828846282557822,0.020481612748735303,0.36263497613574397,-0.5081791415411697,0.6722705931054576,0.0608362961471831,-0.041445168476545856,0.20191579730934275,0.40595158064950526,-0.35700867262061187,0.34626168326863954,0.7568485484857217,-0.09512994799269206,0.04814039387241235,-0.2923707841140584,0.024943634269792507,0.07147316898411799,-0.14966596262330223,-0.05211707034142223,-0.18469541778147916,0.8820266792574308,-0.278644245720559,-0.25474164514115916,-0.65845058369458,-0.20096582676948446,-0.060207281325355286,0.46352663642762865,0.2573850176353281,0.2690533810642162
0.04835203200341345,-0.5399215801409084,0.8549012479853954,0.01990777215276914,0.03593103510879161,0.760619980422313,0.6478965092561346,-0.24366391617753205,-0.0003224336617153481,-0.10434503099445117,0.025451729373109785,0.36475372530778566,-0.5053185421056645,0.6665592644817276,0.05777171758643755,-0.04488743622576,0.20322657732426533,0.3943946229221663,-0.3549192193062182,0.3543239593803011,0.7576414643207909,-0.09026221844842058,0.05376419595908169,-0.2894968031047474,0.02396607635172886,0.07212961344578704,-0.1505282351628159,-0.054220745235587404,-0.17401480763130722,0.8566842425607082,-0.2821392306609765,-0.22820814193453923,-0.679115998478725,-0.19631227854774072,-0.03191880077767861,0.5086380201859756,0.22123538910267931,0.2709197856920914
0.047103327438374865,-0.5526214666434535,0.8509667923041953,0.020527572625625812,0.03445474650315703,0.7565230298143463,0.6527360833951381,-0.24042117844186034,-0.0005005218456688232,-0.09965407730848558,0.030114316991184387,0.3670827785078036,-0.5036600469151971,0.660154958671493,0.05322715530360733,-0.048547255206938734,0.2054267722139792,0.3805213528848956,-0.3552289731889782,0.36438995581722106,0.756220367440515,-0.08761155540980671,0.059432510675494925,-0.2875908568507153,0.02283438334895717,0.07278493183735243,-0.15385497457468664,-0.04965386487261106,-0.15738984985237478,0.8314278897465506,-0.3026394548731369,-0.189218698314253,-0.7047055541698377,-0.18987201761497702,-0.003202900285787057,0.5708269903360408,0.17617216346019152,0.2732474969156411
0.04599628627802266,-0.5654264189842978,0.8468529440868231,0.020637035627565248,0.033285257592207365,0.752589023516549,0.6573248558132685,-0.23718260042225925,-6.240196883340772e-05,-0.09738927200411943,0.03554975803669997,0.3697087330696896,-0.5033604161301635,0.6541993795724865,0.04781026775415792,-0.05101517086851085,0.20795814816812921,0.36551582862580617,-0.35663708131735344,0.37647059395010113,0.7546195807970727,-0.08651252252713684,0.06562276470773891,-0.28596156497100644,0.021614410957404875,0.0746363235640875,-0.15728495675468251,-0.05125889446527337,-0.15454943585033665,0.8197952782024556,-0.34245182430308313,-0.16012087112070725,-0.7334842856127914,-0.1838153203644361,0.02138267071605986,0.6437417122590784,0.12668315361809748,0.275035570243519
0.045124765467129124,-0.5783521451130675,0.8424185238940646,0.02015207557189044,0.03214102515061008,0.7489355253712562,0.6615560650385522,-0.2338198241182027,0.001394725091261538,-0.09641378342828963,0.041196971278801855,0.37278965697182853,-0.5042851237066728,0.6483139472277197,0.042382208041768045,-0.05333125203229199,0.21077701234383497,0.3502794159404355,-0.3589529216871654,0.3894483446965392,0.7522778972425224,-0.08597280390236926,0.07098861805878615,-0.28578292420606544,0.02036294332882751,0.07685174231720639,-0.164847910153791,-0.051681270866425114,-0.150423292532074,0.8156926497834108,-0.37897125286360417,-0.1361796739600981,-0.762819811577285,-0.1794977474494415,0.03449635998545954,0.7222182832761886,0.0763706724556699,0.2751982594855842
0.04477802656195084,-0.5913316849494585,0.8377442380625858,0.018928772409672855,0.03081772147033966,0.7454761113774282,0.6655504015354716,-0.2301743565037603,0.004011985282247741,-0.09683474877208145,0.047052184136560905,0.3767254461355518,-0.5067497432370118,0.6425456730662905,0.03750310059351605,-0.05521149136392847,0.21408962148925798,0.33459411265184796,-0.3616954907635604,0.4037905232697054,0.7494459101054708,-0.08625026387119773,0.07620401487779103,-0.28762757466388766,0.01906768415190629,0.07944646438083304,-0.17773211681836565,-0.04949182789409436,-0.14217761079990224,0.8201251656266747,-0.4129837268970691,-0.11944103065676821,-0.7923622625762096,-0.17867344868881896,0.029608678956806037,0.8061789288785299,0.024913187468129296,0.2728147920747629
0.04478746718118603,-0.6042440736269211,0.8327836214184291,0.017193660531950962,0.029372691043023546,0.7422093518226903,0.6693032953193527,-0.22632449207083452,0.00735771143904274,-0.09840169645464948,0.05310293415617259,0.38146372540800483,-0.510876100754049,0.6366495372651354,0.03305849575482724,-0.05689515294128738,0.2179258417152781,0.318263996378762,-0.36501483518274613,0.41948897240096317,0.7458002182475586,-0.08751927790465765,0.08177278132677601,-0.29170002979525894,0.017711033681855146,0.08244251521081489,-0.1948630028538368,-0.04525100942315169,-0.13069786471795117,0.8322190095959373,-0.4470192274359822,-0.1085855736873344,-0.822880781845546,-0.18284763181470504,0.010783087252216298,0.8980308934000764,-0.029020229808818767,0.27023876402889685
0.04481453912557336,-0.6171856608365958,0.8275060915236297,0.015401781478933804,0.0282894994613606,0.7394325552201798,0.6724596535317611,-0.22255705196457323,0.010362981106397575,-0.1008417696411895,0.058836482367994866,0.3865584505750636,-0.516291859001491,0.631072519148743,0.028867897480213053,-0.059113475918256,0.22195230131049315,0.3018529590581279,-0.36876188962254397,0.43530966644278846,0.7416893446449924,-0.08851620723340047,0.08687700187757569,-0.29784416986131895,0.016366281138341512,0.08561033282307721,-0.21535382622018598,-0.04108859867434111,-0.11831361736540116,0.8488929802135384,-0.47898436549253887,-0.10120097866221577,-0.8534771144094216,-0.19265778228045424,-0.012172571432007716,0.9951338888843742,-0.0832383536185734,0.26984196584376685
0.044788204312766894,-0.6303442047468775,0.821980293636321,0.013922805862020481,0.028004934392299095,0.7374662733983943,0.6746594509280186,-0.21909784378338565,0.012020136376237807,-0.10406753838493984,0.06378942402126941,0.3917087960477782,-0.5225019317441191,0.6266088017387627,0.02483332837378338,-0.06216255315579262,0.2259182300978377,0.2860072664590249,-0.3723997168786213,0.4501252173682843,0.7381135669345187,-0.08746987007621612,0.09084792633790516,-0.3053848825245725,0.015111901329673714,0.08881461723235856,-0.23840762241387634,-0.039017468924924345,-0.10754656243828287,0.866867417089611,-0.5070791570703788,-0.09434285833231448,-0.8826946436990128,-0.20652515478971495,-0.02907537112418505,1.0927998335483535,-0.13480258283781793,0.27289062990756413
0.04445757602009085,-0.6437015675054788,0.8165360455764101,0.012910348791783098,0.028776027811128507,0.7366948509882124,0.6754894223042597,-0.21642011335694442,0.011725042251846746,-0.10810022188726634,0.06664692990916964,0.39673128111843764,-0.5313052822144245,0.6247033141450028,0.02087338788175151,-0.06573219201336562,0.22945416990863698,0.27055814799027345,-0.3756554693168205,0.4640817034224095,0.7366514223191225,-0.08340836849323849,0.09507288328462019,-0.31465387424269864,0.014036030423377435,0.09177677289624576,-0.2644087145043402,-0.040103884203688336,-0.09946507465138926,0.8856106501804336,-0.5307842150687389,-0.08761607948367742,-0.910558405188691,-0.2237563881364406,-0.03678855434910306,1.1902029822320837,-0.18341743766770208,0.27698391401202493
0.044881919489220275,-0.6573501731689515,0.811316171680741,0.010579717309615577,0.02927003152933017,0.7361080128468174,0.6761481555536696,-0.21183121265318058,0.013195570496982122,-0.11331707653313561,0.06803434559226365,0.4023545420062574,-0.5424201946512908,0.6249886375812751,0.01715415861732401,-0.06939271132631344,0.23282196789299894,0.2550152187264972,-0.3776258536972801,0.4778106078822504,0.7377629288970651,-0.07656945272746475,0.10066705022345726,-0.325207948009123,0.013073981843757899,0.0948121797774347,-0.29519911047838376,-0.03796839588779383,-0.09220419224315114,0.9087870928979974,-0.5526570927913711,-0.08327443885801789,-0.936742789490563,-0.24048202690388717,-0.047644832869633,1.2860821033978156,-0.2297096699032519,0.2621642776738045
0.04517883773839092,-0.6707582370551786,0.8065535937892269,0.008106231148159015,0.02904621138007002,0.7355752850186,0.6767714582418802,-0.20568749958104085,0.015861027833632937,-0.11633210581727949,0.06848325025596658,0.406493678986067,-0.5527718640619724,0.6260767064878006,0.014467678807772201,-0.07180462488456243,0.2347076211734247,0.23941830891982344,-0.3798404474180086,0.4879559404031116,0.7395294098139532,-0.0700425824616186,0.10546877319487673,-0.33201124560905276,0.012118187776598874,0.09675344082332911,-0.3199351593092352,-0.03382643504902181,-0.08494075181532963,0.9192386171936245,-0.5831187848723659,-0.08065749220997195,-0.9574765338454558,-0.2566132161418143,-0.05778654341390336,1.3778066222980394,-0.270061748659052,0.24147330383795043
0.04530810230078437,-0.6840944173792548,0.8024155564422855,0.005581339206493142,0.030155239537127725,0.7350889316202942,0.6772767327986795,-0.19916518798518343,0.016453012772083685,-0.12546158067706803,0.07474163866093377,0.41115832208898834,-0.5611013258428068,0.6261850390701627,0.010645449384497404,-0.0753012743214672,0.2379773378336246,0.22531520546644332,-0.38022292713596156,0.49860417248644406,0.7436155096865118,-0.0565009514266548,0.11534276285576489,-0.34158948588681054,0.010935605200156783,0.10193262233415673,-0.35331217384764907,-0.03291169390917735,-0.08055607657071329,0.944480572370199,-0.5940212839818437,-0.07760948054853854,-0.9756266988133696,-0.27354037066834624,-0.06350867508759198,1.4652162188289524,-0.3121060737281983,0.2196049139393963
0.045145206246451824,-0.6970544899766373,0.7989856223154516,0.0026322018153307294,0.030957612629053978,0.7343176418156113,0.6780946089243531,-0.19076392911141826,0.018464119282132267,-0.13621770969462538,0.08542900963273287,0.41378335935615473,-0.5645674088254701,0.6253805865754335,0.006523165844448167,-0.07857975341501504,0.24071113588706075,0.21392322986576864,-0.3807722552216327,0.5040505125676278,0.7477680641977938,-0.03960090630178987,0.12477474217302102,-0.34530364453697604,0.009622820222597424,0.10883568148711105,-0.3847410603619156,-0.03135954790355586,-0.07743255235684313,0.9657176913692588,-0.5992960198517989,-0.0752402554541862,-0.9871686160028985,-0.2871767212319165,-0.06512923373775849,1.544334473298131,-0.34812433478296334,0.2061451654258959
0.04510448731363146,-0.7098744054904745,0.7962410179826493,-0.0004860669910555189,0.031622518742129686,0.7335611573209128,0.6788871839394863,-0.18115485230358927,0.021017018871738045,-0.14807633607173962,0.09888125824152146,0.4154634798142513,-0.5647324738427741,0.6244765972737429,0.0018375163837550485,-0.08142979550662917,0.24334188247628188,0.20413837223868808,-0.3812501366668925,0.5063549952884123,0.7525438868203531,-0.01841520177049129,0.13356610264948968,-0.34303242473291656,0.008203623972213846,0.11666251109361571,-0.41519386942196185,-0.029605794851618267,-0.07560195884004142,0.9844254160255255,-0.600998453760577,-0.07301400808936977,-0.9928445114315968,-0.29835561404679534,-0.06402914489010642,1.6171681863583414,-0.37965240352063273,0.19715323252760913
0.045175852610591816,-0.7223694559941671,0.7942175357522575,-0.002811950838243972,0.0312786694634253,0.7324074678230362,0.6801419255171146,-0.16960716491561414,0.023729102888292695,-0.1555137934778105,0.11142018858755585,0.4160842550204448,-0.5629042461054699,0.6235204821333763,-0.0012408856372545067,-0.08235259947350308,0.24553607399276245,0.1933279711540025,-0.38214266366118,0.5066373301383407,0.7563843511539791,-0.0028462702011403922,0.13975170400570444,-0.338764613754705,0.006679840658492483,0.12202607659569091,-0.44168544467153553,-0.026945450586003287,-0.07372119488603499,1.0004926822758784,-0.5992056940457972,-0.07150155100515707,-0.9906203451143376,-0.30582388839927216,-0.06025485056663298,1.6831685018247051,-0.40481052275659885,0.19174073860293114
0.04530408376008071,-0.7346196951760727,0.7930757959450603,-0.004932612680406152,0.03124723522506535,0.7306059263109472,0.6820661698561632,-0.15637939564782294,0.02579708153378167,-0.16465953357968174,0.1272689495873691,0.4162239838152394,-0.5584630076042747,0.6202452402632179,-0.0039619742824552676,-0.08145903956719801,0.24808212478730343,0.18307469957157507,-0.38282635985633023,0.5070600235866867,0.7588532533168947,0.014238128540780819,0.1473085800317012,-0.33276251297098675,0.004954172306343003,0.1281630045112971,-0.4666106191186577,-0.023807064977531694,-0.07029535805741968,1.0134801514270873,-0.5937101669621815,-0.07074895165496682,-0.9843244130072878,-0.30949152626587045,-0.05318960936455196,1.7424284871608673,-0.42730430930383306,0.1874125234976353
0.045567938612460036,-0.746863207322123,0.7925854320253649,-0.006838427936226021,0.03122591935705944,0.727886893537545,0.6849517122249781,-0.1408010017123752,0.027655930519861035,-0.17479919070468347,0.14640363754743588,0.4158719197982595,-0.5505504631045622,0.6130392955691268,-0.005932262279579441,-0.07863941588565511,0.2510073050659404,0.17379897239116662,-0.38368164103071606,0.5071188755560615,0.7575400326853318,0.03025856690946338,0.15500538553209636,-0.3262380695299857,0.0030742466351359582,0.1349820942983163,-0.48995183862026465,-0.019336664715425524,-0.06495879950265444,1.024432601360837,-0.5846800247116428,-0.07126722920208425,-0.9738006153525638,-0.3080453485991358,-0.04252678600436863,1.7945474664523886,-0.44726947309838877,0.1859795949525709
0.04588765963278167,-0.7590543259517879,0.7926133110141167,-0.008524355211945228,0.031070051802989457,0.724429119487121,0.6885959904677734,-0.12313462019629028,0.029490840074963786,-0.18516132094054175,0.16865514298782297,0.4150072073110471,-0.539210375523349,0.6015565620544898,-0.007129508305444245,-0.0746643384038968,0.25421995431612154,0.1655914759382148,-0.3850393437411831,0.5065285079490159,0.7523446209962263,0.044113030897581465,0.16213606007491868,-0.3197281638085019,0.001045799941151252,0.14214405498675,-0.5116161036191557,-0.013643927540006566,-0.05837626723883657,1.0335103271632993,-0.5724288940470244,-0.07287987859906385,-0.9584276087709954,-0.30185222220571195,-0.028860821967761456,1.8397415031478521,-0.46491818892712317,0.18758151576979737
0.04628085454729882,-0.7714398733556959,0.7930224568837697,-0.009914514603274745,0.030987607299364072,0.7204714020537603,0.692721032896165,-0.10409184709781559,0.030944070851855052,-0.19528776622917807,0.19252718579382697,0.41392256856778564,-0.52583585505389,0.5869788003857813,-0.0069537758062083,-0.07026921275313723,0.2576043899786172,0.15766384749155515,-0.387034778312397,0.5063208627847592,0.7440143827771796,0.05539009951148205,0.16811275619154042,-0.3137687611680197,-0.0010931569462992571,0.14899423820208998,-0.5313164957659372,-0.007312379359842357,-0.05057413528890224,1.0394036227833583,-0.5579883097424969,-0.07467226651232496,-0.9390598439046633,-0.2922513578737624,-0.012937055137534955,1.8782666457497719,-0.4802317053770852,0.1915096222783265
0.0466692928020495,-0.7839818589589602,0.7938880390082336,-0.010919442576826168,0.031246973105634453,0.7162642040542171,0.6970437449946203,-0.08443089037646959,0.03157902183972217,-0.20485472154926318,0.21652748970954228,0.4126818142652576,-0.5123352001234495,0.5710245282970378,-0.00429994222688254,-0.06599326411503581,0.2609112352621489,0.14935029003079403,-0.3896810044449575,0.5077004593263474,0.7339065316893113,0.06400017198087643,0.17316629663513708,-0.30884439744118364,-0.003284246590505129,0.15491834410546035,-0.5485052668427428,-0.0010749255676348124,-0.04148845731115632,1.040368824371723,-0.5418483401725692,-0.07591321701517087,-0.916593511603776,-0.28082665102396326,0.0045470466714704885,1.9101360273563326,-0.49334808464834823,0.19678028667688924
0.046919501692298034,-0.7968270486376645,0.7953038965010472,-0.011421776552223793,0.031996890374052435,0.7116779499238538,0.7016838587419277,-0.06386365054348185,0.03095682954878665,-0.21361045743342275,0.24004934470340197,0.41105347013328924,-0.49895359138193673,0.5542672083360066,0.002493524120767434,-0.06241177994354937,0.26388803154566043,0.13978446289712215,-0.3928470348248421,0.5115966978230316,0.7228776148827233,0.06909271716222284,0.17775153337643615,-0.30565692760964397,-0.005551586178942116,0.15948122101390966,-0.5629164025453309,0.004888416452892805,-0.030393676308511086,1.0358493266939066,-0.5241747109291579,-0.07648418670941526,-0.8915667862329992,-0.26812609339618754,0.024173144509964987,1.9354952714732387,-0.5057687664676577,0.20388464495425118
0.04712374742978581,-0.8098784845959381,0.7973235899241528,-0.011380603312807703,0.033018546077862115,0.7066607515149503,0.706690059185401,-0.04231831942371813,0.029279309938047275,-0.22116412511076758,0.2634835339823387,0.40902449794302664,-0.4851378219023249,0.5363354400593036,0.014174736463188953,-0.059660772498819965,0.26641001960760824,0.12902021693758442,-0.3962879857010666,0.5177465481233285,0.7107441799968538,0.06994302748548609,0.18212553461269665,-0.3045366829827856,-0.007914165408746714,0.16270047450594938,-0.5744533023611481,0.010881254282097701,-0.017537414376652547,1.0265619710921345,-0.5044303501836847,-0.07679428669177854,-0.8633159393075457,-0.2538821087950072,0.04602318805298546,1.9543313374516529,-0.5179680795344721,0.21317611588432872
0.04738797337556426,-0.8231157109653799,0.7999283638214727,-0.010910712404759427,0.03405157383938322,0.7016521975270592,0.7116218380427415,-0.02095651147919067,0.027121068285675027,-0.22724802646839037,0.28609383829217433,0.4068414923955453,-0.4718307693635819,0.5179444311549062,0.03002223208733462,-0.05776700064748276,0.2683689187682359,0.11748472095078477,-0.3999582360242976,0.5251326901587725,0.6975172693754458,0.06730018424044767,0.18605037601643948,-0.30514556814257965,-0.010270197778893224,0.16474962538754806,-0.5832299194343475,0.016676192573400313,-0.004463281573933872,1.0127885835662618,-0.48240640198985535,-0.07713999175352262,-0.8317100414660864,-0.23864135968017589,0.0686586237758703,1.9665830415938355,-0.5286400603704576,0.22366950619691733
0.047664196972213566,-0.8363839136121937,0.8031423041108533,-0.010115330676792994,0.034866308470822005,0.6971398910428286,0.7160153580306146,-0.0009324061228366456,0.025049431046804103,-0.2317477091563766,0.3068920643937485,0.4046234180697879,-0.46048413441281344,0.5003912405704227,0.04836222898945806,-0.05655648058133927,0.2696552146238354,0.10592053220528212,-0.403872511343337,0.5322617068314165,0.6834887549720857,0.06295004604414059,0.18956959595856296,-0.30664813896492266,-0.0124828146026461,0.1658827747433217,-0.5893076060922928,0.021808004028470242,0.00716158728937553,0.9946851227885454,-0.45769113972787523,-0.07807523443202037,-0.796763713983409,-0.22298587553180693,0.09048999227365205,1.9719812374616936,-0.5361092789777405,0.2341697524549966
0.04805406842547971,-0.8497214041443557,0.806946941616582,-0.00885685937984981,0.035488914290210415,0.6929146263725626,0.7200912536362313,0.018182358579390507,0.022841640651047063,-0.23465444572235142,0.3262524442429214,0.4029515545630375,-0.4509807844545425,0.48201250365776743,0.07805401485160789,-0.054065403262984514,0.26919412329620984,0.09418072590515805,-0.40803836199042715,0.5395325381095413,0.6675502977862627,0.056015441092130316,0.19544318843730846,-0.3085752981790682,-0.014551106437175634,0.16614915794749308,-0.5921824715507878,0.026330654551285734,0.01837964890880546,0.9717870510281397,-0.4289724386402686,-0.07924641477210914,-0.7589167329856072,-0.20601512682736614,0.11287099033859763,1.9708863173015205,-0.5405654796524418,0.24576807552679547
0.04856631324111815,-0.8632498771044076,0.8113064075761532,-0.007362687338954662,0.03591723371807897,0.6893810722995355,0.7234704419064623,0.03582091708124091,0.02086766262969212,-0.23667182539308568,0.3422734820735293,0.4011259691263364,-0.44505053016099494,0.46873562869105195,0.09606476840972832,-0.05499776585465204,0.26966121250157354,0.08326798112597134,-0.4118013681326825,0.5443940740188415,0.6529942716030013,0.05348178769206175,0.19718728886940487,-0.3095272632993373,-0.01640092495006787,0.16577109260558173,-0.5929901207066163,0.02955594808456543,0.027285607052419093,0.9452356263527757,-0.4003711368331748,-0.0803788273940795,-0.7179818977079745,-0.19003402958695098,0.13328109051189124,1.9630993870976658,-0.542830082812234,0.25452315851675866
0.04912751926271278,-0.8770143645607834,0.8161292938066379,-0.0052967911228875,0.03607636826760708,0.686174203662587,0.7265228158044554,0.052642537994154456,0.018381787330861755,-0.23554331142530005,0.3563457210167504,0.39950854667718433,-0.43944339041998287,0.45407627319384436,0.12476940895142287,-0.054945380884646046,0.26833161510499254,0.0710725593735821,-0.41598800126790236,0.5497158768409054,0.6364132065014148,0.0503221461001485,0.20216947406679378,-0.30952010965858856,-0.018280713676980233,0.16353629349541607,-0.5901858124080392,0.032226520302961824,0.03588601079124774,0.9132589702832576,-0.3661128809491341,-0.08251287339615232,-0.6744140582879045,-0.17313139411581752,0.1546619998082244,1.9487870997349679,-0.5419375411428411,0.26729893567196117
0.04972767524347542,-0.8910350685197302,0.8212701497709346,-0.003830360607352281,0.036374363420824396,0.6841824113565486,0.728393205633939,0.06692427056571337,0.016356289622061086,-0.23583088993999815,0.36895438243860895,0.39746742407388497,-0.4351945225231355,0.44284763281583917,0.13934788898222264,-0.057249343769892734,0.2681524291891864,0.06076675970549725,-0.42015113617360195,0.5531099613183849,0.6211072262946831,0.04980799559429672,0.2036925753138598,-0.309698298492517,-0.019847864439340886,0.16193009311910825,-0.5876462991177576,0.03370848380234463,0.04048771200920441,0.8781514144107196,-0.3320830431191709,-0.08558014477654864,-0.6303543248291473,-0.15776509094671287,0.1719726611508055,1.927359999244457,-0.5377513924013698,0.2804920439133889
0.05048174268030757,-0.9053945325072792,0.8267289716167148,-0.0024017741726223155,0.03663874022764337,0.683232897779747,0.729276793533734,0.07887427225007143,0.014243993621906825,-0.23530151047903616,0.37965632094722035,0.3951408807527385,-0.4306754241570128,0.43309699070307084,0.15103404734760134,-0.059313812822878516,0.2674154328467519,0.0505417596147403,-0.4245116860611141,0.5561880951293011,0.6051422317879175,0.04984670544955376,0.2058868572296181,-0.30916991488197404,-0.021344784351585492,0.15970322645254897,-0.5828814258835416,0.03361170050355658,0.042414081252838805,0.8369917667512861,-0.2935982512258336,-0.0889442088100183,-0.5848913451155742,-0.14293292601173,0.18640408664796565,1.8981957583355675,-0.529844541667409,0.29830372269171795
0.052102419813156046,-0.9201099465220088,0.8324798654929879,-0.0018115871086053935,0.0360084347005713,0.6829424688650625,0.7295818631264454,0.08946984340892533,0.014061184715938889,-0.2342261415578981,0.3884608766566405,0.3930842964904808,-0.4261199034070573,0.4252665786865437,0.15855097283211628,-0.06114510603296826,0.26634712781964937,0.040348914583352255,-0.4283876863903149,0.5589039563354639,0.5891809764822281,0.050558382369728046,0.20827903279605647,-0.3076988104716052,-0.02272164114770629,0.1569343787513165,-0.5767593982587129,0.03523957282966256,0.040919349812775244,0.7922967824385536,-0.2529599652286524,-0.09287250587139355,-0.538885562520592,-0.1283127714764299,0.1901871996919437,1.861417552933761,-0.5186222588941766,0.2978122810201277
0.05480740494587378,-0.9352095605975905,0.8383510111141067,-0.0027314423207687117,0.033844153321401005,0.6830365782386952,0.7295945074469656,0.09958366349572494,0.017711225825392973,-0.23233290810238527,0.3950972206837058,0.39115649120045326,-0.42153401052091566,0.4187963619552823,0.16232973166944326,-0.06267426171238477,0.2652284460444298,0.029981470837938,-0.43195713463603536,0.5611718708910732,0.5734026361807743,0.05194197740245111,0.21038684912258682,-0.3059046992265733,-0.023973507491610153,0.1535653949499277,-0.5713351757230727,0.04132394724941672,0.03584308041580007,0.7480680184634546,-0.21060485125445652,-0.09838224884275128,-0.4931780946866722,-0.11001088699815754,0.18899126275323028,1.817488859434387,-0.5040299263442548,0.2961361012710462
0.05732945708623942,-0.9508483443612968,0.8441551497740098,-0.0030254239118889283,0.031204970414760246,0.6840052003499394,0.7288031164353006,0.10762164012821201,0.0213875151754561,-0.22527471226026805,0.396673716169631,0.38808636049978595,-0.4167759522445516,0.4132234012360296,0.1645925879667131,-0.06271316049209723,0.263078714834962,0.017002733875593184,-0.4365107668026522,0.5632164326691631,0.5568746842198578,0.05427028709339937,0.21363893879560036,-0.3034562557100945,-0.025163473545926553,0.14720463008769066,-0.5641328196489925,0.04623668941748635,0.02919231701583786,0.7010738139255762,-0.1614743048652276,-0.10610428485871336,-0.4475807412835793,-0.0920317917470663,0.18900224166835192,1.7692654680686053,-0.4878261495740034,0.29547025991740855
0.05964067898821497,-0.9668155784931114,0.8499081672298142,-0.0035083818985961607,0.029682169157030754,0.6857173310541926,0.7272540147585999,0.11415783926633519,0.023416880493368188,-0.21981311558477032,0.39708704511594245,0.38456721329786003,-0.4122893130209588,0.4086446200036608,0.16414456900504373,-0.06284461766338653,0.26267528903433845,0.0053660056017549446,-0.4413849196526812,0.5651118998943733,0.5414667846986508,0.05606537663952473,0.21401226643029744,-0.3035725511051865,-0.02609756801024151,0.14162899505233353,-0.5597265447591008,0.04862359430251903,0.020129631846457923,0.6529723643616387,-0.10664514308425627,-0.11095564937069317,-0.40581653777445875,-0.07441300662728625,0.19170242523266884,1.717012743018403,-0.4726908866417973,0.29473640443575205
0.06205785722146061,-0.9834593169764494,0.8554287497984253,-0.004375362787356073,0.02885325474291831,0.6882237665443193,0.7249113001290364,0.11900810814451984,0.02479273894272424,-0.21563739019308992,0.3956847551162276,0.38050933554551347,-0.4076973772738693,0.40546566162057673,0.1617142324146427,-0.0632459220871972,0.26355454975129633,-0.005745136597029202,-0.4465220742743472,0.5671326646128122,0.5269163467398718,0.057063514832861525,0.21211534712269953,-0.3054902719011546,-0.026879338236388613,0.13670895022247942,-0.5571959012593938,0.04915305476903031,0.008902593709904313,0.6025170820651589,-0.045798533263588403,-0.11274241336197749,-0.36718325920841294,-0.0567364012891185,0.1960325112143027,1.6602073889603257,-0.4594617485090361,0.29459098362613717
0.06452491728237741,-1.0006254131313992,0.860459797385053,-0.005343126434182532,0.027744535546644966,0.6911981690371595,0.7221127217179378,0.12258466987377205,0.026770200980201313,-0.2096928723779323,0.3913885352256618,0.37592290123392563,-0.4033033574037759,0.40280409963290137,0.15787256136910058,-0.06326309807130368,0.26529566891638323,-0.017705763542540803,-0.45202417277614576,0.5690310836312701,0.5130976218206262,0.05791306507968547,0.2084694725441067,-0.30943686710184176,-0.027548774598132826,0.13077583698705528,-0.5531523662911194,0.050175577690964604,-0.0007394727406237028,0.5490813050239695,0.015742493959952815,-0.11909614335507196,-0.33041063330053005,-0.0401721074427556,0.20032305866170969,1.6002879976594953,-0.44742459909485305,0.2944725260167631
0.06726828285690994,-1.0180844689443236,0.8648565612562094,-0.007374500422093635,0.026080652270685796,0.6941388949677183,0.7193306686174694,0.1258737285625518,0.03096474623541156,-0.20519753034873178,0.3868995613444474,0.3713696089265665,-0.3992631478476807,0.399268841066579,0.1558355197481487,-0.06326831485760036,0.26768336295949696,-0.02826574741996931,-0.4578729028512565,0.5704449230334905,0.4999711003618325,0.06016949455640112,0.2025237572800851,-0.31458348755858395,-0.02810967993168167,0.12593622993178585,-0.5473790767280142,0.05511740661828574,-0.005918687164791746,0.4930842930935385,0.07110241127890231,-0.13856463890437662,-0.29739981041801045,-0.025029352691502846,0.2024567374031315,1.5391258414621087,-0.434744604209767,0.29465512757170575
0.07069698543860713,-1.0356406186072922,0.8686237027426968,-0.010590913824332384,0.0240713373525473,0.6974430948877163,0.7161574775535544,0.12787265224421976,0.036045633745424153,-0.2028420061246807,0.38297333426936114,0.3682380497250971,-0.39499164205595083,0.39420776615707553,0.15684064575949466,-0.06373871376454654,0.2705066612405984,-0.0367570403621018,-0.46266641513414447,0.5713091784130655,0.4876237176221796,0.0639720049505638,0.1959709922299236,-0.3199483953594122,-0.02858133823206566,0.12249101213541204,-0.5483414411770469,0.0648047267482456,-0.00706201954118202,0.4473175008104514,0.14108313180327642,-0.18867485337128118,-0.26855392414377804,-0.011737801398025088,0.19935308231313065,1.4771222934095978,-0.419253555146727,0.2943348602926336
0.07480730047338559,-1.053135237489435,0.8713297477806303,-0.015195167283776588,0.020352758322289638,0.7009799720736978,0.712728525366742,0.12927919397843615,0.04579023532447792,-0.1998155656996055,0.37775839908602193,0.3649671616285961,-0.39080250872412514,0.38811542618953737,0.16026586339854568,-0.06422106732221096,0.2740645375950943,-0.04398918288181768,-0.46852971587746595,0.5714967324393639,0.4745261719272987,0.06978841014262765,0.18737880560093065,-0.3271065518546362,-0.02884810577357001,0.1190806719288094,-0.5363511234457804,0.07874907195471759,0.0005933913096642705,0.3784602730461646,0.20354654965144695,-0.24443596037348625,-0.24145125337942083,0.002974674888514632,0.19130833647038234,1.412918141304899,-0.39982468637123725,0.2940249590739734
0.0777401377071941,-1.0702950007637793,0.8727035526614138,-0.01733418317165102,0.018354167157861482,0.7056641205055303,0.7080966033479256,0.1266258097393671,0.05046983159717703,-0.19403413560663613,0.37110356310676834,0.36211133355258485,-0.3872143459502227,0.3805568494374887,0.16642656802771577,-0.06433119675706118,0.2783554658651781,-0.051100903805381036,-0.4747657078292929,0.5710485176282476,0.4619935537362986,0.07846636528008845,0.1764367385382829,-0.33647376594622586,-0.029028994112727986,0.11500885577416864,-0.5187542168930059,0.07899577733063101,0.024984302668536552,0.3054960983765005,0.24942345212622974,-0.24601367492149825,-0.21477178534544047,0.006732174187644027,0.1796260614051979,1.3503507671931971,-0.38153002191503815,0.29463277966914236
0.08088547273356644,-1.0877067667850353,0.8735050933760427,-0.020580014305066157,0.01546920513990248,0.7089237564261778,0.7048150638842364,0.1267929911718593,0.05842588303423352,-0.18941001464336743,0.36345655567905805,0.35898718121432527,-0.38459805175097617,0.3731986936513981,0.17227790363321535,-0.06312593485945889,0.2813896085577056,-0.058077129063679206,-0.48151953344763954,0.5705980083708547,0.45162950946235075,0.08700620266722614,0.1650291416730836,-0.3433482417334983,-0.029175829325846774,0.11197636556017813,-0.5052009496157303,0.08266261377834293,0.049096734315435,0.24581295947730852,0.2844435541860196,-0.24753001507904518,-0.19174452491713612,0.010701767648179069,0.16698305560357513,1.2878655299732304,-0.36184360576559343,0.29515001111899236
0.08383380298051551,-1.105257356368816,0.8738266870584165,-0.02335117671210605,0.013402873580829013,0.710564138348088,0.7031171245387041,0.13024521342992312,0.06478072643867439,-0.185238948925514,0.35476127807326885,0.355731609606782,-0.38240554407564553,0.36575417374776775,0.1770527774424712,-0.06054885495225379,0.28330987558782833,-0.06439737108602266,-0.48894304291754326,0.5700801175981328,0.4421531310580536,0.09458047444880685,0.1533776797385404,-0.3478055786769717,-0.029204321605180553,0.10978621998618344,-0.5132117965315326,0.08794018693878587,0.06693305574839481,0.23818712638497722,0.28152295204331895,-0.2512295301011527,-0.17382912704734496,0.008078279667004609,0.15296831368744335,1.227979814516698,-0.339428403842377,0.297448437656584
0.08657052271684867,-1.123070516719233,0.873551812926045,-0.02532118695584082,0.013604687240834377,0.7124119863944208,0.7011725262856366,0.13195210057251586,0.065984272217549,-0.1836355829110704,0.34633158949743953,0.3534011799867405,-0.380329220806293,0.35777514110873887,0.1807785514808717,-0.05876500953236433,0.28468184547534187,-0.06906937722956354,-0.495815489991809,0.5693509727645608,0.4336006055496718,0.10099096509053174,0.1427284580443684,-0.3512262213275534,-0.029081508689458215,0.1092380029022606,-0.5219497801972353,0.0900059000415288,0.07985802213666462,0.23620667979746474,0.2638385009635708,-0.25697062635906803,-0.16149010348095474,-0.0037336445637040886,0.13207165375310168,1.1713819891149315,-0.3165534713974107,0.2993701421254958
0.08946793563340853,-1.1410466790776002,0.8729198169746927,-0.027079398489424596,0.013174622727975129,0.7135627712073711,0.6999437884861065,0.13460311097668945,0.06842937543138597,-0.1791657089688048,0.33385317708759743,0.350637034146226,-0.379966694014917,0.3497530851289283,0.18695065551223572,-0.05281778981057883,0.28565338113301375,-0.07457707262433066,-0.5036333791430962,0.568334681244775,0.42767367578276577,0.11156247267624021,0.12821323862305503,-0.35488244031629473,-0.02891602268088946,0.10733951937619683,-0.5430049064783056,0.09593334820447494,0.08856068991257866,0.2691730545091342,0.2218524566984083,-0.261404228739892,-0.14947456520795344,-0.01572745690044313,0.10609186292075501,1.1147298778574688,-0.29346203980313734,0.28696109572211803
0.09245541171899656,-1.159045199632177,0.8717917837956212,-0.028358849922225152,0.013951555873167789,0.7142580381948059,0.6991684951382705,0.13703696743832755,0.0681667066058369,-0.17620554705911923,0.3210593867717655,0.3489269753288152,-0.38066935985556005,0.34263534368150655,0.19055544323376086,-0.04854125874736226,0.2865189258548922,-0.07984968882051188,-0.5107735201109692,0.5681860914486548,0.42378569874552374,0.1206871581141674,0.11507391897344604,-0.35832696813749865,-0.02861669542490737,0.10618253610505671,-0.5682063442498156,0.10137471220757803,0.09583839777971305,0.31568270807940246,0.17369191704072695,-0.26365515260792116,-0.13888513913472805,-0.02587052314709542,0.08111254353881868,1.0602158112755502,-0.27953515344677354,0.25524130763851643
0.09479025572984172,-1.1772972137016289,0.8699811069210674,-0.028427968618222287,0.017182181161698243,0.7148152513164807,0.698524000830411,0.13814723740602095,0.06249683457446909,-0.17592289596160463,0.308697753864819,0.34816013403518226,-0.38249158509397124,0.3365533784724553,0.19068430856006582,-0.047571779666195746,0.28686012117410836,-0.08485106289187376,-0.5172076874017797,0.5690699568987491,0.4219495745826309,0.12596623223911824,0.10537697233341246,-0.36156848168963057,-0.028240116155327562,0.10662771656162254,-0.5909896117405806,0.10162738554277517,0.10369838154644348,0.3614626882602693,0.13061305264907597,-0.26495524217679806,-0.12920027406559614,-0.035704648753100685,0.06746224112648733,1.00633226289236,-0.27703715862049905,0.23390085875601607
0.09678314041785292,-1.1954795080102665,0.8673845548882754,-0.028333000657966827,0.02035869050984179,0.714788781550557,0.6984695859977801,0.13968906801596154,0.05782603848019501,-0.1754233037176183,0.29452199415903385,0.3469713091331628,-0.3864197541899786,0.330751754956532,0.1883894159853393,-0.04506743556234499,0.2869018184547468,-0.08987654474899659,-0.5251149503445334,0.5705448241561399,0.423518379768403,0.13322142226273342,0.09135891839313896,-0.3668293701315901,-0.027901891220559694,0.1072905305528045,-0.6199125969318381,0.10276955610364871,0.10912729662569973,0.42812748029869313,0.07657475480224703,-0.26414860925441963,-0.11815139394551061,-0.04177683471737508,0.06276244128679136,0.9497295717112949,-0.28059937587523365,0.21452248792435774
0.09840472605386563,-1.2137202093901032,0.8639571339805399,-0.027187451823704408,0.025122074517827876,0.7147527778992885,0.6983968716428396,0.13965581879401504,0.04870455646860947,-0.17562795536203063,0.280518944682261,0.3472110953575191,-0.3905719344238103,0.3247300394314453,0.18517112130954477,-0.04565095267768168,0.28677513455659,-0.0948515282431207,-0.5312688965370824,0.5720114839315252,0.42626304324469483,0.1371925106532905,0.08287540753243486,-0.3707051078110133,-0.027401706010910028,0.10836289327384939,-0.6458298003273333,0.09974342976773701,0.11369385507019406,0.493223199147116,0.030395422670633138,-0.2642220327139934,-0.11099837243548737,-0.04979896827679241,0.06206909000088674,0.8992804862687883,-0.2925063926779731,0.1992716500445854
0.10008776606413326,-1.2318480251462234,0.859882379901347,-0.026402747147447964,0.029195010035736404,0.7144650569276393,0.6985629740842744,0.13951543643883854,0.04186999548550138,-0.17536500167088123,0.26497551635391825,0.3474530572557736,-0.3963438604853867,0.3191759603263301,0.18062374213426388,-0.04602112479636759,0.2869281588468534,-0.09938867702227064,-0.5377887705922504,0.5732002722089886,0.4312602898514892,0.1415683371561862,0.07418100735213742,-0.3748594916440589,-0.0268027652806459,0.10926449043546621,-0.6740301837969509,0.09837795770132741,0.11473955942882058,0.56838557431366,-0.01652320887083651,-0.26375778744869466,-0.10826097770046059,-0.05622763093406869,0.059799624918609386,0.8571673435118979,-0.311366781346458,0.18294540310315147
0.10166256204564694,-1.2501680517458948,0.855142824941141,-0.025573958646140503,0.03318098993148873,0.7141012669921182,0.6987877896948282,0.13882204514837887,0.03571652675312914,-0.17472540837934164,0.24750508663946016,0.3479411104496714,-0.4039046896527806,0.31392027573308023,0.1749904215688318,-0.04627050096250802,0.28778032563487344,-0.10376052955213451,-0.5441526989798655,0.573781064432722,0.4386665023924986,0.14632513324498647,0.06628496583219422,-0.3786923299709211,-0.026065767748018585,0.10985240654299559,-0.7036119484935953,0.09670323714163279,0.11202713660924893,0.650979424385109,-0.062106028524599594,-0.26363763730229217,-0.11209807064447219,-0.06355577154856988,0.05326689304794559,0.8276020148477592,-0.34082289697555035,0.16558727509980867
0.10301127356229067,-1.2682395514798424,0.8497557802837807,-0.024676367535748717,0.037205701775011514,0.7134978541165065,0.6992335981714621,0.1380518486787332,0.03009481187027258,-0.17414719963008213,0.22855836378379313,0.34886282217396336,-0.4142119128972223,0.30874985464419974,0.16511233709070416,-0.04539232841847948,0.2911613979526695,-0.1071917173568135,-0.5507336592374581,0.5739511038901682,0.44942487402965603,0.15395875736094417,0.05612602979378384,-0.3834067745319622,-0.0252570636865259,0.11037608923752343,-0.7356099704168089,0.09410776868779404,0.10583108843512017,0.7440790777427685,-0.11102624016258772,-0.26217834240953775,-0.1206234445901547,-0.07252566144358946,0.04312419792577046,0.7994176541997848,-0.36514693770758455,0.14468224689662074
0.1041816665563443,-1.2865314297902737,0.8445671440544972,-0.02387632787391134,0.041510078606546895,0.7130398178803231,0.699486277534114,0.135702855454376,0.024473021154207818,-0.1746860382242715,0.20929152003414922,0.34931902554741767,-0.42484769019798235,0.30473100321339436,0.15537844340710788,-0.044057996529314476,0.294657640960887,-0.11014825627484974,-0.5563164485484661,0.5742189188698121,0.46242347259141026,0.16062622222823694,0.05064363786764164,-0.3858928800284834,-0.02433747210395355,0.11146839936511989,-0.7652881362633839,0.08951761907282806,0.0986002304118887,0.8352013619677983,-0.15378679623646468,-0.2608358238711712,-0.1380429588089508,-0.08065766047598594,0.03576029365147812,0.7936047457587136,-0.42395502203975577,0.13193488749815216
0.10528667380729805,-1.3048813606229652,0.8393877136187919,-0.023362942458169045,0.04559287819692539,0.7125604311590925,0.6997378754389282,0.13217413377864806,0.019801766806032375,-0.17572025979496214,0.1909727229118602,0.3497403066348025,-0.4349059866600412,0.3007336354254633,0.14561010401264748,-0.043540874637586206,0.29823037438659405,-0.11223753456719802,-0.561488491370743,0.5744316105090879,0.47668568022339497,0.16738003917298622,0.04737696424643657,-0.3871128469010767,-0.023399488957603055,0.11290375672567259,-0.7915732994775004,0.0848476552756437,0.09263938723207071,0.9227957787958834,-0.19298836369611674,-0.259762086091724,-0.16072492733576574,-0.08761914323506592,0.031158872844247867,0.7954676035830451,-0.475540916594596,0.12440168851115968
0.10637517294459399,-1.3230930329771797,0.8343404215245277,-0.023279866852285648,0.0491887899188861,0.7119322571566852,0.7001363952584121,0.12759494140018438,0.01695421026939888,-0.176893640589005,0.17361401187836673,0.3501373004180599,-0.4444147837228993,0.29694025125197304,0.13591130354432324,-0.04337805552757646,0.3023003960939558,-0.11438321821793455,-0.5663850835894279,0.5756110279840622,0.49320135961101425,0.1747163507997859,0.045129271985375884,-0.38744410745405905,-0.022514582540374944,0.11457029569411997,-0.8139806210042362,0.0816469435550982,0.08877571543484497,1.0065977723070165,-0.23084077381272183,-0.25930245147086994,-0.1900222905045193,-0.09280756607599285,0.03059821336981965,0.8067791261969827,-0.5178006806890013,0.12385886233079917
0.10746149076040994,-1.34110526807997,0.8294831825773084,-0.02345349552388432,0.05245105336566689,0.7111904858699137,0.7006474957899012,0.121946851971131,0.015594850773477631,-0.17817885779590334,0.15672998428744025,0.3504968009712014,-0.4535951189258264,0.29356590083271167,0.12629192392630997,-0.04301996926537299,0.30713068673602617,-0.11664560111276186,-0.5709082834138902,0.5776856085942546,0.5121285593503963,0.1827428150963398,0.04352228884831402,-0.386988328496398,-0.021655964367905046,0.11636739026697426,-0.8332376458519996,0.07982788137896621,0.08639012038539923,1.088583511140444,-0.2686916985163552,-0.259329843270703,-0.22578021408015603,-0.09691395609827776,0.033066133292430876,0.8278937241996882,-0.5528474626523141,0.12839751685514122
0.10831291240158333,-1.3592393311146307,0.8248502102150296,-0.023802505274536607,0.055524863041130114,0.7105810751232859,0.7010170939453294,0.11499252588629201,0.015106303172127234,-0.18011015376621495,0.14047096009999044,0.35022683115240644,-0.4620578175117828,0.29090971386167336,0.116570837656248,-0.04300476954507401,0.3118025704865008,-0.11766338940503743,-0.5750176784567606,0.5789847144394673,0.5319889876891069,0.1913504572471067,0.0433487357865938,-0.38582303660525147,-0.020754806553443673,0.11835307210652488,-0.8491627488741359,0.07870794682203029,0.0847671632101292,1.1673724606894618,-0.30546793225113666,-0.2605690134272292,-0.26514945081507524,-0.10030123829935529,0.03680001628531874,0.8543020832647245,-0.581518678059057,0.13382209400722897
0.10886948175059938,-1.377604350623343,0.8207867690097896,-0.024184124885251526,0.058568536172154004,0.7103037267279798,0.7010374244436094,0.10658758325372597,0.014666542392729246,-0.1832017596695861,0.12577941366866535,0.34910590620323406,-0.46911768769696155,0.28933229064172733,0.10662643949912096,-0.04310168451634616,0.31513740359239234,-0.11533841311281456,-0.5784502861718179,0.5780596069389025,0.5506271145781114,0.20053789685279286,0.0453043694096985,-0.38390669736337496,-0.019742510735478835,0.12064390777273903,-0.8607412247098641,0.07739238095751776,0.08318346494767155,1.2400407354117557,-0.3387624246284341,-0.2629649334138313,-0.30434850040675404,-0.1033792017559997,0.039994862168259385,0.8799028251123103,-0.6041172630829188,0.13619524627447352
0.10973172445232392,-1.3958511187881002,0.8175394041510752,-0.02364710095234415,0.061702301036371796,0.7103499946413665,0.7007399844281598,0.09627663921999059,0.01261472332467891,-0.18418537852227682,0.11286938201632188,0.3480445834738633,-0.47254851437049644,0.2879307139171435,0.09977441811794384,-0.04287904589770479,0.31628417462733516,-0.11006527658302791,-0.5807171625516158,0.575354950140861,0.5657408470762786,0.2073433644013394,0.048201819300140857,-0.38248430504014663,-0.018671135621227526,0.12157608843241081,-0.8655405231334983,0.07551004850428623,0.08273411641731951,1.3046288431550166,-0.36479292634201793,-0.2654003667655004,-0.33644644235873766,-0.10754583837648135,0.04194953344528362,0.891688660397754,-0.6307353965728257,0.13405360572839742
0.11081552417357818,-1.4134209739090766,0.8152344366745798,-0.023741361842713325,0.06494029412641586,0.7104818179429125,0.7003104256750446,0.08489630945579316,0.011295534917181743,-0.1886321805760544,0.10371090938618018,0.34682997103586294,-0.47511089196608786,0.2871989010854415,0.08705366372829194,-0.04028508056689315,0.31725394283186825,-0.09965736078532651,-0.5819774685234488,0.5700092996080599,0.5803590967564313,0.2226966230726987,0.05138915972449149,-0.3791762179100039,-0.01741657966162464,0.12368751781377908,-0.866971552301494,0.07492860908431523,0.08149351044128034,1.3648075145794607,-0.3904926520421609,-0.2681338716388999,-0.37800252019188557,-0.1098262562468294,0.046120252185684905,0.921812275806663,-0.6359354296859503,0.13192839903224843
0.11222546221163515,-1.430041396435378,0.8138148172341039,-0.023870659411027235,0.06754276260758184,0.7109501622478569,0.6995841862409163,0.07223658672243201,0.010843931115397281,-0.19371336974807837,0.09716485307258552,0.34546275765529405,-0.4765540131783706,0.28643165901769585,0.07488248381239351,-0.03630618402744811,0.31692509099090554,-0.08510469319421254,-0.5824015663057426,0.5627553401507135,0.5923882783181147,0.2381094631332547,0.05582581934763209,-0.375867257112857,-0.016027737016249176,0.12636941721856818,-0.8633557286485767,0.07459510696521446,0.07787031310131859,1.419055804455213,-0.4112391926229397,-0.27079228331461264,-0.4158497986457106,-0.11099670169282524,0.049133404886938625,0.9468379566683381,-0.633159426639184,0.12946381553736933
0.11409581537528234,-1.4457198719232722,0.8131575316542496,-0.024300529909528443,0.06884059952410433,0.7118701107761121,0.6985065507830863,0.058704725131700754,0.012500472960310049,-0.19964905780552444,0.09236159290442231,0.3443335870543765,-0.47871335169724516,0.2858686350647859,0.06440730339208198,-0.03136575637045771,0.31539719352393597,-0.06659283923622139,-0.5818317822769784,0.5536666558794244,0.6018023127449882,0.25097646592930445,0.061088804607140695,-0.3726759625852188,-0.014421736889368604,0.12986037677555792,-0.8550766222808794,0.07407105283241344,0.06948532171903604,1.4675440103725377,-0.4286485360570725,-0.2729747187566348,-0.4476142053667309,-0.11011870722640893,0.04964882275899412,0.9645197639227777,-0.6260729616545849,0.12709532905881457
0.11634789872607612,-1.4606839036772825,0.8131990710686638,-0.02508025688466662,0.06825232827507915,0.7134419279212727,0.696931284908066,0.04413305001157997,0.017104779405810098,-0.20618003453180808,0.08888704210031445,0.343346695725416,-0.48222239395083943,0.2857382161595099,0.056886366088661,-0.026040896751320295,0.3122690189910443,-0.04346319213431942,-0.5802100481007407,0.5417308106320905,0.6078055597890438,0.258779381160412,0.06612157173280071,-0.36970218716717473,-0.012565397873540034,0.13442745506351003,-0.8415619242942048,0.07368988935608169,0.05486450255234514,1.5105785100123845,-0.4447822888009884,-0.2762873780817064,-0.47185758802139666,-0.10660198318144898,0.046379770032585074,0.9742397077535891,-0.6153252763807076,0.12397946171321135
0.11884860895071592,-1.47543166653177,0.8138149807703968,-0.02539580824499909,0.0659399258115672,0.7154640992644651,0.6950669764643088,0.02843794040049043,0.023121266432939158,-0.20965845287429138,0.08541955526742044,0.34282411663175966,-0.48604468068379814,0.2858747609208858,0.053953917291725294,-0.022474943354737577,0.3091735071461979,-0.019582564106726246,-0.5774181683136174,0.5297777195159562,0.6117717930979907,0.25979541059536887,0.06913218391202795,-0.368935531675167,-0.010510549077943125,0.1376781817382236,-0.8213833693641385,0.07363644042357312,0.036360259497399426,1.5476044638940978,-0.4591953665582267,-0.27989713397477245,-0.48954419218389755,-0.10158070934671339,0.04072696077586804,0.9785635406492704,-0.6021066368200898,0.12017670069552144
0.12142551804758876,-1.4901959941698943,0.8149664577762137,-0.02605532770467867,0.06291181906408518,0.7177751888051491,0.69293722750043,0.012248510871140181,0.030430646306304262,-0.21311038067266916,0.0828011104823062,0.3428196058456125,-0.490848227226652,0.28560629841196966,0.052430304905691234,-0.018824326851736038,0.30508171417796753,0.007491214648830004,-0.5738323092553524,0.5151709054428751,0.6121529060693072,0.25833341469470406,0.0708530827537467,-0.36833578453204735,-0.008287907289991082,0.14090225176227253,-0.7978547546283679,0.07272431945978425,0.014598203071453215,1.5783743039052707,-0.4723265676852683,-0.28269596132640507,-0.5040329933808133,-0.09571195077905288,0.03326266946190071,0.9776946861486677,-0.584907648931182,0.11594750333128204
0.12346069100860065,-1.505337631526352,0.8167608157797914,-0.026729398152928473,0.0603453787078099,0.7200920116808954,0.6907325598640582,-0.004029791696465128,0.03693423813936577,-0.2161200117872813,0.08028668896034163,0.3429569750650623,-0.4967348203665409,0.2850336750563073,0.05217939158311626,-0.015563769507492135,0.30059055864509254,0.034410057793632313,-0.5699056676042152,0.5007328705442021,0.6111734195773517,0.2548649745347118,0.07218087209211488,-0.3676572516959921,-0.0061163154621844944,0.14312176803099674,-0.7725798642168072,0.06891187481642357,-0.006871590413198041,1.6011624828380104,-0.4823584041871619,-0.2838707121063019,-0.5178386880903796,-0.09144361614040344,0.026105728139369885,0.9727666483394855,-0.5645853855324157,0.1125299115750908
0.1249975083182337,-1.5209716169248795,0.8193168962748542,-0.02740792815606574,0.05842999952378383,0.7225144129387838,0.688336882438801,-0.020695366965069278,0.04228339406030743,-0.21869081855433745,0.07726440853086909,0.3432778671720265,-0.5039952022440791,0.2847890352865696,0.05336807223267308,-0.01277910361810026,0.29635447767201634,0.060217630213005566,-0.5651758717075672,0.4871909629416221,0.6097116975349862,0.24925962609623256,0.07370772493298999,-0.36663034458982613,-0.003984942206121756,0.1437643489379288,-0.7460457427324324,0.06221082850263391,-0.027290365648760084,1.6155941608388242,-0.4900196753183784,-0.28393984750674334,-0.5315812271504484,-0.08918265138884862,0.01941155583051133,0.9643215695689626,-0.5410712483062542,0.11044116323442431
0.12634205490881148,-1.5368925358871526,0.8225664467526983,-0.028450414848416348,0.056352175539197996,0.7249432496217794,0.685909827189236,-0.03727573146469755,0.047935862840827556,-0.22085330008295076,0.07405664849494015,0.3439485230494416,-0.5125999631100588,0.28490907850113806,0.05618303676370759,-0.010711935202133933,0.2926233505048739,0.08535269626741922,-0.5592448744704906,0.4743226677510996,0.6077204151029937,0.2412112491309283,0.07556634142269418,-0.36525787320683323,-0.0018543981470483697,0.14320425861804403,-0.7176294737018226,0.054534867103761285,-0.04852740189429447,1.622853697778963,-0.49690133372425865,-0.2841224286226129,-0.5437105573401321,-0.08667324890506835,0.01229744566553816,0.951170385767428,-0.5139034353797958,0.10861935976987674
0.12749020505093658,-1.5529903549761226,0.8265072424189029,-0.02968900713485796,0.05413729604167003,0.7270027684635276,0.6838528282306142,-0.052968962220963145,0.05376135386630165,-0.22236895156616512,0.07134896851768226,0.3448536858411247,-0.5215659865340373,0.2851070763485993,0.06030685749568967,-0.00923317618267246,0.289426598084126,0.1093911664938143,-0.552193195115573,0.46249695869655455,0.6054207759591818,0.2317177649202457,0.07751877468018267,-0.36356236674930664,0.00016659448171340348,0.14192325306727402,-0.6873312586091637,0.04539912972567458,-0.07067037579017262,1.623205780057903,-0.502335455455009,-0.2839081412546123,-0.5535266651149569,-0.08364976277108835,0.005643915601987272,0.9323729095372979,-0.4831176817173317,0.10697424661996076
0.12813259102674823,-1.5692738386097638,0.83111529111004,-0.030437580798803578,0.052403301342460414,0.728478647345062,0.682382816347127,-0.06750809436516687,0.0582124615720028,-0.22328424192237642,0.0698136897297886,0.345604568353853,-0.5297432157883656,0.2851203588463099,0.06497735393623758,-0.007959573507250923,0.28655640526327647,0.13131359031576367,-0.5443872775361323,0.4525141791831449,0.6036833253661044,0.22260487706152476,0.07940749357705477,-0.36157010572285986,0.0019366801307174348,0.14048851627999068,-0.6553440582577144,0.03247728552380391,-0.09271125811168687,1.6163356680822536,-0.5051269489170538,-0.2829711516552177,-0.5610138525894608,-0.0818368494432218,0.0009749793049673165,0.9082284428833329,-0.44944084171795484,0.10609752478487938
0.1284810082267857,-1.5856863392650695,0.8363677727312891,-0.03101965781231127,0.05080232331230105,0.7291365119080842,0.6817747808314653,-0.0803114913329177,0.06212615433971525,-0.22381259915925195,0.06996540360798074,0.34632842801850994,-0.5367849975442638,0.2846798967834851,0.06944174478833626,-0.006681142134234514,0.283918793537389,0.15100515630391007,-0.5357000222444958,0.44459275306081064,0.6030677954850754,0.2159077164364761,0.08139085338183333,-0.35926651176860563,0.0034259015898761786,0.13911578428566945,-0.621433707110168,0.015488650894088546,-0.11688676963544407,1.6021533194957551,-0.505933925920241,-0.28148273012090747,-0.5655016687402705,-0.07972597959662296,-0.0017084243399620056,0.8773441653791679,-0.41266987642699393,0.1056924575106078
0.1286133182888163,-1.6021154150357042,0.8421863797515112,-0.03153428351146795,0.04922537641140681,0.7291480774791663,0.6818544803614698,-0.09169357456533908,0.06576051862647918,-0.22392468800054413,0.07156173755886669,0.34702601475325057,-0.5430417464503434,0.2838145897496819,0.07336828156920859,-0.0053333760895038305,0.28155860978904756,0.1689195529075153,-0.5262148161113669,0.43834606461406306,0.6032695169107454,0.21237086615128062,0.08364881720328579,-0.35669016621766386,0.004707046438990828,0.13761304198582802,-0.5853572427251841,-0.0048788947285558475,-0.14366447867672605,1.5807792250373618,-0.5056589012074316,-0.27959801035535375,-0.567113032206821,-0.07718298244047926,-0.002861077266850192,0.8402150581036129,-0.3723880579921028,0.1058718354464053
0.12849830399676226,-1.618746389592781,0.8484106832064421,-0.03195668225394102,0.04774987224950582,0.7285438186404485,0.6825852507051925,-0.10163827131503626,0.06898434283639776,-0.2235888555317747,0.07410975719726964,0.3475192075136011,-0.548285179860827,0.28268321689661663,0.0765458999286791,-0.004088499680390951,0.27925936207626956,0.18477854834725915,-0.5160229612640224,0.43332805138285774,0.6041511852565992,0.2116462242127508,0.08600625666339108,-0.35386558381718625,0.005792185145504202,0.13606950537043805,-0.5480804235389584,-0.02640403385801849,-0.17097332822581568,1.5536826557423506,-0.5044917034292618,-0.27748467464507326,-0.5666320610725436,-0.07437583418062056,-0.0025006788514701727,0.798236048931996,-0.32850802839751214,0.10684155580092432
0.12812816225487808,-1.635466259921473,0.8549154727589608,-0.03219982402101836,0.046462830927642196,0.7273679579727451,0.6839153678561145,-0.11017591979680812,0.07152906555488009,-0.22264791599148187,0.07759456672019341,0.3478461497561572,-0.5522193055348781,0.2810833241957426,0.07889734621585703,-0.003169601179011004,0.2766814266662617,0.19847361101087932,-0.5052852911086972,0.4292244697911762,0.6055994118090854,0.21244763856791873,0.08823299580033347,-0.35086578635674204,0.006666497109508453,0.13456931698178892,-0.5107010417664153,-0.04683448070750314,-0.19613571828626195,1.5224260288013505,-0.5016620577035485,-0.27511253097844296,-0.5646819984728095,-0.0715744713433592,-0.0005150365170198958,0.7527521118945535,-0.28053295571582,0.10898728412797952
0.1275998231247141,-1.6522949918578596,0.8615638484359897,-0.032498771805703985,0.04518261454521965,0.7255572322782549,0.6859074747097442,-0.11716859469986622,0.07403333022890447,-0.22116539579533884,0.08230465940500206,0.34797791459368266,-0.5543778135966494,0.27894781223429677,0.08031547030535033,-0.00292733626026183,0.2735124012506347,0.21015985400456078,-0.49409525124187315,0.4256290283246952,0.6075055550167912,0.21385606244499952,0.08985706042890762,-0.34798653581716577,0.0073103391145953045,0.13327437184296476,-0.4734116205030907,-0.06569565906979251,-0.21905308999236936,1.4868753507846455,-0.49645015422666233,-0.2721622579427489,-0.5615759432802112,-0.06748814237927661,0.004651687700282889,0.7036964141650525,-0.22687246126919353,0.10853054738272112
0.12687399827688792,-1.6692277419631265,0.8682039974553407,-0.03290408707474841,0.043895502571402276,0.7230608165754834,0.6886026150407635,-0.12245936900619464,0.07663790911792788,-0.21935173275006944,0.0882922751917416,0.3479164018104623,-0.5549301252825782,0.27630125507363484,0.08071796959813768,-0.003512164297062869,0.2696613797981047,0.22008869643135054,-0.4827128032576042,0.4225693162007268,0.6097807894842102,0.21564147330322436,0.09072215480854208,-0.34542851568347843,0.007735341839208283,0.1322052053618861,-0.43594239598773127,-0.08371248515815034,-0.24089756297375495,1.446625778149272,-0.4889992103427871,-0.2693094526133844,-0.5572252044403482,-0.06231287838496801,0.012223601971300149,0.6508765636815121,-0.1682316541779359,0.10589058684899429
0.12612422544503052,-1.6864787144371964,0.8745837650777228,-0.03299513872130981,0.04308111582068191,0.7200325733621915,0.6918153160908107,-0.1263918405449987,0.07798884185267657,-0.21741203352672608,0.09480765059381277,0.3479714544950502,-0.5539600189117985,0.2732725519357496,0.08025116023534204,-0.004626495961868606,0.26540074861594964,0.2279138148306105,-0.4712827268986579,0.42062662318464744,0.6121593691443121,0.2174183686913011,0.09034154729435527,-0.34280692591662487,0.007963860429817348,0.1312128628040737,-0.39972656611678664,-0.10075386689747055,-0.2604408171257036,1.403388371429304,-0.4798624412292986,-0.26685402462000074,-0.5517974856261688,-0.058553529722991965,0.019547044140461257,0.595268494019099,-0.10828848800446987,0.10968858288409467
0.12487629655595155,-1.7043010104728638,0.8804344728059599,-0.032159110785971425,0.043444897034107754,0.7167048279253079,0.695278737013946,-0.12957661422892805,0.07629278757432974,-0.21560163150551348,0.10089252089972581,0.3479796501701617,-0.5521899703631323,0.26989631411769066,0.07909232740362292,-0.006325567006067898,0.2607644111683379,0.2330628653098889,-0.46051634189233076,0.4198657688526921,0.6145061283101998,0.21870277737361518,0.0886916465319101,-0.3396365608368841,0.008036477246771164,0.13014681021557656,-0.3667424101023857,-0.11722785879286735,-0.2753155063142256,1.3594126573411196,-0.46957660673344986,-0.26588456797760773,-0.545265475151453,-0.05921473236550187,0.025000668672422236,0.5372977595016928,-0.05069870448494115,0.1287496494576105
0.12293862123229267,-1.722569559873563,0.8856776022819788,-0.02928114603728542,0.045372765044082566,0.7128837288429045,0.699200054226282,-0.13178792030251354,0.06945804929850913,-0.21155971691597383,0.10595819390450605,0.34814017900894684,-0.5484683445723646,0.2656457546949882,0.07692644928782509,-0.008418938181298696,0.2525733735545714,0.23398027963670925,-0.450532920919255,0.4198179559002417,0.6173057382293317,0.2190232640186024,0.08445597750781447,-0.33241242882335276,0.007961678446845977,0.12782086416987218,-0.3360189239233095,-0.1350699426907155,-0.2834312265727721,1.3138701126607455,-0.45602132874751294,-0.2655006128254393,-0.5322287201115199,-0.06670166910630482,0.02983311185082616,0.46607309519950635,0.01477991116293519,0.17956694931987852
0.12022024095622483,-1.7410477242643998,0.8901054172835883,-0.025924405690223286,0.04836009629918039,0.7084810695285336,0.7035934908704382,-0.13257324237240087,0.06130471126688014,-0.20811162402469216,0.11145753995094909,0.34709814072531614,-0.5442494144187757,0.26075305271571436,0.07441285609609673,-0.0111576130941643,0.24497607751845107,0.233304731541165,-0.44306761444508524,0.4203479073351453,0.6189374370839067,0.21681835173351802,0.07837349881773949,-0.32540014961440916,0.00770899060682131,0.12558649646758824,-0.309073641733802,-0.15219874054950916,-0.285393247307885,1.2677981419674407,-0.44118238806979815,-0.2650852988524569,-0.5263159537687786,-0.07622162796341306,0.031095012375062153,0.4051343691834467,0.09441779774674926,0.24598729099665537
0.11938289000317691,-1.7592638473258153,0.8932072107089943,-0.025058044169841694,0.049922747161257046,0.70278784459826,0.7092031156327425,-0.1295615975459276,0.05721528461931905,-0.20743318617225204,0.11977587868998403,0.3478448660507455,-0.5396759946118027,0.25387620118520204,0.07229243145332005,-0.015449367706802533,0.24113086132943057,0.2333725994722422,-0.43557795558760476,0.4228751408715588,0.6191406076177501,0.21437686395749522,0.07227643350160083,-0.320735260543665,0.007196188144217516,0.12553100170066162,-0.2863616228257446,-0.15843872673757536,-0.28306842739368365,1.2257286280513129,-0.43047398902486256,-0.2653854183147866,-0.5160918577747016,-0.07173425266546703,0.019253798962602583,0.3386038847361592,0.14268704757614512,0.24814162730770306
0.11761798442803859,-1.7775537800302943,0.895356538386709,-0.022470737493530134,0.052111529659249936,0.6976944445345948,0.7141441846704591,-0.128197202072161,0.049778649785961145,-0.20433285063625284,0.12630482864329193,0.3482514526792711,-0.53484211380429,0.24712459624151947,0.0683178374737401,-0.02058933118284246,0.2331157356738739,0.22911732425024198,-0.42999353334087836,0.4266906942688302,0.6204813074775158,0.21053183634520642,0.06487519199565776,-0.311925801114201,0.006704735045701597,0.12459637206771461,-0.265406204520676,-0.16546625789004185,-0.27615092891824905,1.183949353605371,-0.41686864025723913,-0.2672839029601872,-0.5019623984989944,-0.07211096413997216,0.008641186685852316,0.27379102022278573,0.18643139716415896,0.25212248308512963
0.11560427140961309,-1.7960827703593112,0.8970321467983938,-0.019875262629770248,0.05485301319345422,0.6938165563523327,0.7177845825945194,-0.1297963287381403,0.041852002440678646,-0.20281365057064926,0.13219932828889597,0.3490385953960849,-0.5322020994058835,0.24078800804589437,0.06485643095413669,-0.024623336167599985,0.22898232957226636,0.2229400818529295,-0.4249798756264977,0.43242895203694925,0.6213619207578682,0.20932734701584285,0.061188359016820126,-0.30630202826458697,0.005866251505897224,0.12413202291681769,-0.24948484341597899,-0.17017735799467615,-0.26584794649504856,1.1447941527295957,-0.40307658330503765,-0.2687678360510525,-0.5038142961961705,-0.07595726963404002,0.004724874792632491,0.2495538320264781,0.19323158437986973,0.25768052987230333
0.11378751409505271,-1.8148328607330064,0.8982986494382807,-0.01722437994742085,0.05712223752335842,0.6900768718169683,0.7212726819303926,-0.13186505265203652,0.03433660371129539,-0.19885986330414912,0.13740099700920017,0.35077031374084017,-0.528231716870904,0.23342055690364613,0.05839084599376337,-0.02829000123268012,0.2215838371849182,0.21130701752712386,-0.42068746727862866,0.44088391116333864,0.6238750727602785,0.20887941836311205,0.05793910483151519,-0.2953233411728992,0.004988917527407742,0.12258022094560975,-0.23605363916715555,-0.17048476388755354,-0.24944079549052905,1.1071845177959119,-0.38701614847080557,-0.2705417676562577,-0.5163317248757131,-0.08073415104583842,0.0073346948095026135,0.25577678699439177,0.17173819723217923,0.26454632766759056
0.11262228685970868,-1.8339888250253518,0.8991251767482349,-0.016122880817939583,0.058717186917400715,0.686574627477891,0.7245050900982232,-0.13358728893611083,0.030233363862958853,-0.19595335789782697,0.14197526358338264,0.35290662300678893,-0.5253349344934245,0.22603846340567132,0.05235641400016856,-0.03134188455785321,0.21614785794908484,0.19815531482432555,-0.4173074689981619,0.45089812370954,0.6258470079457812,0.21018457120705694,0.05574691844466759,-0.2856246949725415,0.003900057951953061,0.12138679095776503,-0.22741864566813055,-0.16523708550588329,-0.23013079834794187,1.073411212644011,-0.37091947437888406,-0.2721022452300563,-0.5379430425877988,-0.08354289718009113,0.008901571816886618,0.2857041550351469,0.13109955094545764,0.2693608767836816
0.11207332689331376,-1.8535243583641425,0.899290441257439,-0.01703775273776492,0.059207496027362604,0.6829604449121194,0.7278524699973601,-0.13357912162280064,0.030484547398569387,-0.19404807481076544,0.14543356992186512,0.355359560544166,-0.5240713774740186,0.2189714406111579,0.04760795775678812,-0.03509401994212735,0.21188020326912774,0.18387232937279818,-0.4150594970606463,0.4625370061106027,0.6274922860396206,0.21263837665434415,0.05461314715414353,-0.27842735298544796,0.002794200800240418,0.12068436234693414,-0.22328920360304436,-0.15424687130625972,-0.21020350208649927,1.0440825885527678,-0.35451702880143987,-0.27492494688096,-0.5624783179996053,-0.08256958788010435,0.003034894194567107,0.3270028028746527,0.08733754183222599,0.2714599408883522
0.11233737893742429,-1.8733933943147933,0.8988804761663005,-0.019973485693323075,0.058529894728708357,0.6791794618825562,0.7313621331797455,-0.13160556350854494,0.03494395761885829,-0.19297830267002192,0.14723669308810836,0.3583617500176739,-0.5247730420161942,0.21256875746282314,0.045088354808036885,-0.03909832615566124,0.20862518714479653,0.1680645466384863,-0.4135483803565355,0.47680367414302316,0.62916048642838,0.21600469078104778,0.05548601951001637,-0.2742923430614933,0.0016752562853058158,0.12036538435149169,-0.22421541082761365,-0.13665296765086374,-0.18883117978819638,1.019730129128739,-0.3344215574828697,-0.27833155119856073,-0.5888248720502243,-0.0782390000294738,-0.015587886589759627,0.37910310316809154,0.047149860127727414,0.27191762613056575
0.11297100400560713,-1.893428612075338,0.8977591891766641,-0.024038071520318668,0.05710336543459895,0.6753548049845414,0.7348858851263373,-0.1283946366607431,0.0419960361293447,-0.19214942006739627,0.14743984141705974,0.36156487724635533,-0.5270686496430664,0.20663916345986616,0.04449275369293629,-0.04355896440856627,0.2061729507542995,0.15058604509514928,-0.41306798542402745,0.4933050460401641,0.6302968173298927,0.22021159942863183,0.05802690779206188,-0.2729828380128672,0.0005380185204030868,0.12021596095194559,-0.22918246052610777,-0.11425499067169763,-0.16504044974650137,0.999664502965174,-0.310398056227186,-0.2816355735733488,-0.6182937959147122,-0.07376926416482053,-0.04344782702564862,0.44628846831682273,0.008332346676465905,0.27258358270179617
0.11346943684518854,-1.913385605337063,0.8958802023117396,-0.028292355918686014,0.05540831708254138,0.6717802748665862,0.7381332693320536,-0.12485648503300467,0.04980178378249697,-0.19148280722912683,0.14664573158376226,0.36452635113957294,-0.5305011459705801,0.20142817905941726,0.044976492353141224,-0.0488789423893545,0.2041883652979593,0.13228744545724042,-0.41370907280354086,0.5105841839600654,0.6308939527443204,0.22481571317662216,0.06115136097256458,-0.2737427383714063,-0.0005902157243781608,0.1203032805676756,-0.23548392060761608,-0.09113634783020567,-0.14240368959357053,0.981307025678695,-0.2872051616581121,-0.2842535216003048,-0.6497677301354129,-0.07182971579217454,-0.07258689345427648,0.5262512350202919,-0.02899406214116993,0.2740590900436898
0.11248759920832144,-1.9328669211486063,0.8930841006575061,-0.030449483081123024,0.05494947036378001,0.6691699621592748,0.7404491518197507,-0.12307556772885643,0.05366744512618864,-0.19071639638936147,0.14524478889884268,0.3665045629803796,-0.5348190083741821,0.19722919471046918,0.045486359791136924,-0.055422889239492075,0.20232881807073708,0.11412940433851776,-0.41616667805430335,0.5268522240508227,0.6305559643578105,0.22928109757720597,0.06371910991920454,-0.2761071607127812,-0.0016657294289555398,0.12040705355272513,-0.2397123236696739,-0.07699330848668329,-0.12004329214936384,0.9602356323110967,-0.27001378827875644,-0.25536386930923,-0.6839514273548428,-0.07831997450169391,-0.09239434283354456,0.6197590409046836,-0.06736687869659151,0.27658567375475973
0.11136554875698133,-1.952121203177531,0.8894282320875482,-0.0324126979204123,0.054357941803505554,0.667305802988013,0.7420900191182545,-0.12214457733973787,0.057614850127035745,-0.19007468567268546,0.1436041705152435,0.3686044923659826,-0.5396234295067119,0.19423018459459868,0.0459635739798064,-0.06285989732071355,0.20087860605968447,0.09578770707170153,-0.41927017589804494,0.5429702776545892,0.630582126166356,0.23318111387582216,0.06557015017495509,-0.2791813242039844,-0.0027558729107403927,0.12067132763246184,-0.24201863109276453,-0.06690788602519115,-0.10540306596610573,0.9361862142559529,-0.26343098897520295,-0.21361970153411808,-0.7181814337301919,-0.08562891558343351,-0.10141265955311835,0.7203260126324069,-0.10600563833191601,0.2790842762243791
0.11045135876614914,-1.970957657882361,0.8848275397938345,-0.034371778322307506,0.053403223617609595,0.666024991100615,0.7432209548927136,-0.12162600427572486,0.06205874689168546,-0.1891152893895543,0.14167020893810547,0.3710885098046962,-0.5449928865911934,0.19199093100710724,0.046564728548888296,-0.07067067778049024,0.20009737195069366,0.07708251398055643,-0.4230525746817709,0.5595542201718592,0.6306623143651536,0.23650561136046025,0.0670905100074621,-0.2829636217781786,-0.0038639000387428344,0.12088103243995972,-0.24324442132921043,-0.05936223364311879,-0.09850236894327088,0.9101854880847514,-0.26625505093176016,-0.1663167576242478,-0.752497639789124,-0.09215451878058856,-0.10213914319596049,0.8286725208852732,-0.1456388579983962,0.2809252702140238
0.10968214852108243,-1.989551927016019,0.8794109774771792,-0.036127252996145026,0.052396732495521216,0.6650781813408141,0.7440567295032967,-0.12092837031423574,0.06613429264591947,-0.1881465084983219,0.1394480837045683,0.3736086301802623,-0.5504228046370894,0.1905459304343292,0.04694822603744189,-0.07816552172908188,0.19996224582009378,0.058159675688060984,-0.4271403160963398,0.5757193324400048,0.6308053911007548,0.2393188699308649,0.06840297518041075,-0.28690541091311916,-0.004965560365423482,0.12117539117138505,-0.2450335819200825,-0.05358995623538907,-0.0958544900640231,0.8848402264931555,-0.27858137006422157,-0.12017064195718319,-0.7853094413983278,-0.09765583734130452,-0.09699859096908196,0.9394899651506629,-0.18410589447514944,0.2821657581958577
0.10883512083302258,-2.0078698545175615,0.873225114529714,-0.03739084492933457,0.05160791256101429,0.6642366043604061,0.7448008334476567,-0.11950982263120315,0.06878779130883761,-0.18721743959231632,0.13737299084651097,0.3760276476128983,-0.5555096154860361,0.1892970968158847,0.046403618227991494,-0.08517907115502467,0.20036843912515026,0.039742721195382164,-0.4314459078577584,0.5901633733992354,0.6304637536932103,0.24177438810630414,0.06961768255914326,-0.29057406638356503,-0.006029397867551256,0.1216409008642871,-0.24878863287812047,-0.04882131846396913,-0.09349353187036379,0.8633366641838593,-0.3001937796476765,-0.08336941641710131,-0.8146531104690349,-0.10281317607580834,-0.08891865469141312,1.0472153624480427,-0.21987018789370275,0.28310135751826676
0.1081568145286059,-2.0261486757842344,0.8650539330069554,-0.03826879355198845,0.05029214176219109,0.6633896451720859,0.7456006830707054,-0.11706785845327197,0.07125438834471856,-0.18494866146987832,0.13514366403792438,0.37849603292195855,-0.5592611530078062,0.18694597410580244,0.044273671942024084,-0.09312361867713699,0.2017967895955012,0.021651551799890086,-0.43705593535109044,0.6021414838227814,0.6277108961192921,0.24439957800572917,0.0683988780875613,-0.2942489029020985,-0.007039988401490934,0.12181586156368043,-0.250679803055805,-0.041180546525355376,-0.08795737352565591,0.8334916199352198,-0.3020676953933137,-0.05689733767475826,-0.8395752033377838,-0.10687704758739376,-0.08012911516313567,1.1520996609380214,-0.255300398972003,0.28509373378455377
0.10760576627080078,-2.044279406102193,0.8571750084043913,-0.03829157503453894,0.0497813299657119,0.6627262658494274,0.7462234725747338,-0.11421701083733889,0.07053775801350255,-0.18462783283202103,0.1335981836759092,0.3811767471011015,-0.5633903902507079,0.18663557180033,0.04048226699963924,-0.09776858187362034,0.20361195399530724,0.003783511407985248,-0.4410835813147018,0.6135316858630606,0.627994012550092,0.24647543134958666,0.06877327335975418,-0.29548092704270357,-0.008140774532930906,0.12300465662306231,-0.25910321897241184,-0.03818812140709504,-0.08678005550805436,0.8245141602280592,-0.3615602266830031,-0.04509753581039927,-0.8609030071063988,-0.11166642646699973,-0.06892618640603074,1.2540288156417099,-0.2902581794400304,0.28607901332431973
0.10708583529510622,-2.062442117048238,0.8493421033701057,-0.038519886997243256,0.04947675980885235,0.6622064476448325,0.7466933033328678,-0.11055601279986438,0.06961298495981903,-0.18476755802202716,0.1320307724394009,0.3834984816129419,-0.5676616919663823,0.18689740814426922,0.0351797481033089,-0.10047083792078593,0.20575588636739986,-0.013311088170563822,-0.44552860877430794,0.6231544065637535,0.6277457186702909,0.24830529942589097,0.07019094729771544,-0.29584984002016307,-0.009171537809703947,0.12438702789601885,-0.27118144140115347,-0.0348823589480882,-0.08556938257227646,0.8195341972380563,-0.42097959559554143,-0.039127819117494994,-0.879165100582517,-0.11565203249480903,-0.05734880029544579,1.3523777123006357,-0.3237608939347579,0.28686058532900127
0.10670777932659536,-2.0808532905861856,0.8417181092999476,-0.03909636109662365,0.049688553685797485,0.6618664674042303,0.7469506687241553,-0.10600809346054033,0.06819215010912871,-0.18479183269145186,0.12982660862281098,0.38574860663962546,-0.5718560737326615,0.1876216349724242,0.028993223378117258,-0.1021689267116805,0.2083678856217592,-0.02960712624704536,-0.44997596464593637,0.6307297339319974,0.6263532232091908,0.25008742640056014,0.07295640560372511,-0.29662939682420175,-0.010109387723895889,0.12526881380085036,-0.2896761657220203,-0.03188672170488146,-0.08399971359900765,0.8203078519453143,-0.4721871547698603,-0.034327480749828596,-0.8947909680272397,-0.11926466265407842,-0.045838656440529715,1.4450432316474968,-0.3539325417155648,0.28821236924267213
0.10650169033886372,-2.0999847930887987,0.8344640874211185,-0.04013103882129157,0.05083006781625861,0.6617941440027147,0.7468830664117606,-0.10068176249323044,0.06570786348659882,-0.18479905654538512,0.12584830598788999,0.38800450428576,-0.5760741635599829,0.18916162360881186,0.022571673791801177,-0.10338781196116739,0.21164411671786432,-0.04588466505216643,-0.45411690680446715,0.6367276746220007,0.6237673571404889,0.2513732933904222,0.07764384516535709,-0.2988076220170634,-0.010941815871075183,0.12530801613516485,-0.3173042630609841,-0.029492921380658857,-0.08151592612226971,0.8291308848583521,-0.513327758938518,-0.03034184838717199,-0.9093882083089394,-0.12353378675053289,-0.034577087750807076,1.5323463288849002,-0.38064203283609865,0.29029064760120404
0.10635353036204062,-2.1198587280990955,0.8278387153088397,-0.04149808965957559,0.05279150442755982,0.6619467422050949,0.7465369891029812,-0.09463195246173213,0.062137376753625864,-0.18549841008313878,0.12050718332165225,0.3899834940330372,-0.5804167935634359,0.19198891066277757,0.016095952604512753,-0.10403270044464395,0.21544441575958867,-0.06188386864464779,-0.45785890073492513,0.6412214295599186,0.6205992476438065,0.2519869508666776,0.0843340368705903,-0.3023841868690469,-0.011678341133743504,0.12507960054051767,-0.35264700450653863,-0.02738253754188818,-0.07821227355141917,0.8449478476548378,-0.5466042004614066,-0.02951269882902571,-0.9226893144995486,-0.1285694266478725,-0.02323643548909392,1.6152991603362368,-0.4056018442730225,0.29242944576075225
0.10622688854094449,-2.140171772421902,0.8220816604528687,-0.043069900979080436,0.055037730957348804,0.6621979254986412,0.7460628252808305,-0.08773504168959499,0.05825347209548208,-0.18728633071647446,0.115494314417967,0.3914293523194282,-0.5845274533704382,0.19617441297196614,0.00953701342661548,-0.10401980586977039,0.2194124041289324,-0.0761981728020016,-0.46122727487848036,0.6436427168642859,0.6174641848807858,0.2528935237043671,0.09218989484341172,-0.30677609241944764,-0.012331434509921996,0.12534061836728974,-0.3922726719291027,-0.025221940621162744,-0.07511053173458264,0.8649484787072459,-0.5712307136509354,-0.03117127375113906,-0.9322034326866151,-0.13296661819792652,-0.011455993716165826,1.6921563346263937,-0.42936047524622567,0.2945158138880996
0.10594899351529018,-2.1602185656147235,0.8171918392252729,-0.0447897775276729,0.056783737401023666,0.6623995540567363,0.7456516034859916,-0.07979864701055285,0.05539545402929172,-0.19007566431386713,0.11290513424522365,0.39206592306483423,-0.5881279781399653,0.2012111277146021,0.002570407708314976,-0.10368754977726154,0.22308777951685205,-0.08675814889296579,-0.4646229855123103,0.6429005765130706,0.6144273275503779,0.25587859057820245,0.10028771551440165,-0.31134095470542317,-0.012888437206133151,0.1266562317277449,-0.4303872520663805,-0.022191085099038076,-0.07296939254795284,0.8817533798430475,-0.592050320594801,-0.035144560931542806,-0.9345817960112268,-0.134864738110605,0.0009621756815074488,1.7602153172256574,-0.45175681148549485,0.296597594216141
0.1057602873352118,-2.1795266236936017,0.8136397007096332,-0.046189556819614765,0.058074869545269095,0.662841586808361,0.7450737313618577,-0.07136873614801428,0.0524544616130515,-0.19325449990427865,0.11301076252884237,0.3923435532236086,-0.5912477110549926,0.20775883780895468,-0.005231255307656803,-0.102462968968518,0.22636547319209513,-0.09282643547704532,-0.4670632669952484,0.6387394549573228,0.6128370138395486,0.26307233812088127,0.10868804407990902,-0.3148358778155874,-0.01334451942607775,0.12884349958316435,-0.4737940352559382,-0.020489734704575546,-0.07464673083096439,0.9120869260487716,-0.5889767073948969,-0.03952950319332569,-0.9280106127813266,-0.1348296766675431,0.013971651877791997,1.818316132180011,-0.47294564452887955,0.2987704846251307
0.10583325953343757,-2.1980986149416974,0.8110478985092525,-0.047592615762258074,0.05895354056640245,0.6635353270424609,0.7442985239446915,-0.06238372362113788,0.04999765785298846,-0.1967339458108991,0.11532172477875506,0.39228379016629716,-0.5936618642733866,0.21517097169928223,-0.013967712292675852,-0.10089024060760825,0.22965474468602162,-0.09480152864149367,-0.4691269205966909,0.6314151609450516,0.6115234782787198,0.2751663849698986,0.1170636077702026,-0.31737643779676666,-0.013659794619459244,0.1316280560667139,-0.5179660385199522,-0.018903176674820645,-0.07850265712771433,0.9439686926734476,-0.5761479581096167,-0.045595335819929424,-0.9138494200559104,-0.13304291520325004,0.02675743540544041,1.867623553082123,-0.49278587705614574,0.3011689815061198
0.1061474481217001,-2.2160633155899765,0.8094621529209948,-0.04895104922740039,0.05948248919181258,0.6639760042571752,0.7437751636279331,-0.05210134651688744,0.0480896671722237,-0.2010266715921163,0.11989244013834187,0.39157280749484386,-0.5949438309448567,0.22304279916005088,-0.022972267089222873,-0.09793858197491716,0.2329613726737368,-0.09394163042247168,-0.47054734481676647,0.622413155673806,0.6107138912960873,0.2903795821401773,0.1256036313307424,-0.31823626347861456,-0.013971971889605537,0.1350428007138554,-0.5592505301311345,-0.016709524431137778,-0.08266211145286313,0.9715609770967168,-0.557738555947924,-0.05232318293606584,-0.8936809452910435,-0.12891945381399636,0.03952607271476725,1.9081683487149077,-0.5100750700404172,0.30297481552818045
0.10693242430617354,-2.2333504103704254,0.8089141025997868,-0.04972757184589542,0.05928038784973111,0.6637254386086645,0.7439634039107255,-0.04016523550316876,0.04663898780197907,-0.20379837484427532,0.1262638475668963,0.39067086481016383,-0.5942882931082748,0.22992714224525282,-0.028333306621512407,-0.0935057045346174,0.23543035147065752,-0.09279030613441569,-0.4714821916777493,0.6144733861259033,0.6103831088209852,0.2999104360794138,0.13140893657786887,-0.3179395910205752,-0.014208113295132005,0.1375926772492759,-0.5924367960266411,-0.01301980764013825,-0.08523421102839539,0.988888748203505,-0.5385935884612789,-0.05764224258938561,-0.8677742073839103,-0.12217742926210301,0.05219730542962557,1.9399052250495794,-0.5227063099063634,0.30378797994585827
0.10775080484029127,-2.2500607971233104,0.8091528849598589,-0.05039724474979075,0.05846534392508535,0.6625528963955449,0.7450272349110642,-0.02582521415871689,0.04657663701637177,-0.20791976288169603,0.13585321154009122,0.3886493859911171,-0.5917653825890683,0.235170498968284,-0.033675709983995494,-0.08751389555831598,0.23773532399029373,-0.08872792442080302,-0.47188415685071694,0.6048725836296409,0.6087973660274522,0.30933565498509635,0.13709366542433163,-0.31615269337658997,-0.014620140561625347,0.1410703923721249,-0.618094139837976,-0.007048503734101018,-0.08589407552681079,0.9957939515916542,-0.5181395455267216,-0.06318258303079304,-0.8369718247071493,-0.11179103121212361,0.06571129671652119,1.9628939301411539,-0.5337773023557253,0.3045126414639601
0.1083847935798269,-2.266701851429098,0.8100769698778444,-0.05085513261570934,0.057038292712351994,0.6606930759753432,0.7467563511677275,-0.009423769878384721,0.047578052299323555,-0.21250454920387613,0.14767529923730222,0.3855567928348544,-0.5874063809496941,0.23886636452979115,-0.03867815025468174,-0.08073079033223447,0.23954220492769238,-0.08260871821816028,-0.47199739135181834,0.5938005878168319,0.6064353570043469,0.31785118466455264,0.14173343882268327,-0.3126931010452405,-0.015077470915652535,0.1451138324407439,-0.6380252484874794,0.0006443624310324453,-0.08537942952079476,0.9951564284094276,-0.4961809319964312,-0.06912120223512579,-0.8012745239687569,-0.09869499639158794,0.0800962900125977,1.9772782313046633,-0.5437528473171882,0.3053729264595294
0.10896640630165924,-2.283610995710333,0.8118266540482277,-0.0510785482259207,0.055438921406553314,0.6584169418521681,0.7488689061420892,0.008081475545465296,0.04871179961383287,-0.21691044561651554,0.16053241250210487,0.38190094204833713,-0.5815950694602126,0.24138205520957393,-0.04274607245963265,-0.07358604434477195,0.24094516713350123,-0.07603846065136292,-0.47191037100457983,0.5837690681064355,0.6033396286966451,0.32469236245296657,0.14557858164689433,-0.30773850943304143,-0.01564791330876298,0.1489073259320424,-0.653686043497402,0.00922507385048394,-0.08404191420660352,0.9876570027577806,-0.47191419103624144,-0.07529582066942782,-0.7628005155142327,-0.08420667738632483,0.09477753414532895,1.9835024022749903,-0.5508501251782516,0.3059018341293924
0.10950413457113176,-2.3008181285923577,0.814367250057039,-0.05103421092646185,0.05419541863974666,0.6560200318569368,0.7510633020698053,0.02544781556944509,0.04895635383034129,-0.22059483456915738,0.17334276682846503,0.37805994639020696,-0.574832440328514,0.2427529132301769,-0.04516552777777463,-0.06688793554485749,0.2421817992544007,-0.07088052378200077,-0.4719662093594811,0.5776982183114356,0.599169364290639,0.3290628996499697,0.1496752043792209,-0.302106436790578,-0.016394893134372025,0.1516693364412497,-0.6665859222378077,0.01758946604550543,-0.08220625087633315,0.9740413600209825,-0.4443208690568871,-0.0817897374056641,-0.7241879264785274,-0.06974182829057005,0.10922712690924472,1.982424617592988,-0.5530821040659973,0.30557863202703445
0.11007588052373335,-2.318245895742777,0.8175931321338347,-0.05040778890220228,0.053704848570255,0.6533626464954684,0.7534534466192817,0.04260465627932361,0.04737655178372896,-0.22350059532761646,0.18623015869730355,0.3741202082036015,-0.5666434587020426,0.24278561435761076,-0.04479999013679348,-0.06125253262837409,0.24353308385805209,-0.0681628633870696,-0.4721279582278397,0.5776178419663659,0.5936837315289676,0.32956159946367314,0.15467286411368097,-0.2967906206988268,-0.01736306521339252,0.15309020596795425,-0.676689518124229,0.02490867362048429,-0.07879161801574334,0.9540279621353398,-0.41290347652059445,-0.0877174099726029,-0.6863960583824743,-0.05642216471862431,0.1240843335633446,1.9745087024513732,-0.5500761454394705,0.3051231664295184
0.11076825609957941,-2.3360466305203405,0.8214119403190518,-0.049281793723672807,0.05372056149333644,0.6504370825808842,0.7560535746122006,0.059621823517717706,0.044560453506246545,-0.22586003242802372,0.19942173068133434,0.36990964830844975,-0.5567624439130683,0.24153776278003014,-0.04112549391557356,-0.05708063798047026,0.24489729788359788,-0.06771398355515874,-0.4720902912265911,0.5827084929014067,0.5873090394296748,0.3254430421418542,0.16022816126855546,-0.29233658990203604,-0.018489097610558676,0.15348425626975304,-0.6834968981153301,0.031710675867014634,-0.07392421081803374,0.9273863881355771,-0.3781903311119586,-0.09291901346830961,-0.6486949212914127,-0.04378072376073018,0.1395195060981311,1.9596463368201331,-0.5431348166521005,0.3051335112766619
0.11171463597284725,-2.3542120202492156,0.825699791241084,-0.04817512234877666,0.05374840907011656,0.6477576284181475,0.7584196206159286,0.07548732661804367,0.0418437630173143,-0.227385715824384,0.21233004739078368,0.3656558997712363,-0.545984973211208,0.23931331385031868,-0.03469565371628261,-0.054720388307152146,0.2460252000094271,-0.06872441696371932,-0.4719431385110074,0.5909492223004854,0.5799321203268877,0.31763580880582715,0.16569894347210662,-0.28898051707644573,-0.019641432665039073,0.15300916772209466,-0.6876262901247554,0.03880728834235281,-0.06980150650365351,0.8950893040477675,-0.34039281557222173,-0.09861410172991592,-0.6107682748991045,-0.03049656168596983,0.15431405682748822,1.937782591836188,-0.5328066181040833,0.3051367143443938
0.11283336123942296,-2.372799644525743,0.830429152042578,-0.047656197799975195,0.053327773787396185,0.6458783104261493,0.7600830503801494,0.08920396110615739,0.04061575399845292,-0.22809000819481398,0.22385098405272078,0.36127848982353394,-0.5354508128053023,0.23721343239837464,-0.02672509035804591,-0.054004491466060185,0.24650207395349844,-0.07032111999674968,-0.471838272930671,0.5998767298019723,0.5716563008608317,0.3082019876578412,0.1706332858735043,-0.2865528162403662,-0.020669887376128116,0.1518598484255271,-0.6897961950262879,0.04673871520801755,-0.06876511345827721,0.8578490411970346,-0.2996699601872929,-0.1062722634241856,-0.5728279672233949,-0.015080549232726302,0.16736409938514388,1.9090525639053944,-0.5200023809850817,0.3043881002123622
0.11448069286427062,-2.3917412499616924,0.8355533167901374,-0.04785170454666249,0.052432215696321956,0.6448695490571421,0.7609890549988164,0.10076806184216038,0.04101364275008409,-0.22794928519735536,0.23387021594074303,0.3570520218179949,-0.5247418581407938,0.23584616754496565,-0.01792445607440197,-0.05444868319701936,0.24632137213278607,-0.07200159492864094,-0.4717487893623622,0.6089913157826897,0.561692400479694,0.2989938839664858,0.17447201870109513,-0.28449538284574316,-0.02156721875130383,0.14992491715669992,-0.69031637581815,0.054791820234838105,-0.07262461449488071,0.8156213792340355,-0.25532524247590854,-0.11302152558943507,-0.5348466640007545,0.00387582626826591,0.1789884811391459,1.872934346863585,-0.5052646017412238,0.30310796267158757
0.11644203357148131,-2.411000250512825,0.8409506606796304,-0.04842481509145052,0.05138388059400655,0.6445461441239867,0.7612982347236598,0.11052660666771488,0.04221378841774693,-0.2272518199233405,0.2426702286306681,0.35275293723091594,-0.5136717122807617,0.23509951956463424,-0.008471456684681477,-0.05575104164059988,0.24551661166641012,-0.0738487751929293,-0.47189992728457664,0.6186005920844992,0.5499797767732624,0.2907551285532319,0.1772756116497468,-0.28259664592607275,-0.022380382228153573,0.14728772036926957,-0.688936854388958,0.062304816961445075,-0.07936026343571603,0.7680361559024924,-0.20730523162155098,-0.11811112378303024,-0.4967884249935705,0.025494019658227816,0.19078598141327674,1.8296176199543241,-0.48948648372714937,0.3014229302696194
0.11858673537127497,-2.430438082002304,0.8463978036428709,-0.049236868189243915,0.050095084295055894,0.6450017717682607,0.7609460741446731,0.11827117563421717,0.044208849242694324,-0.22610512409374164,0.2502883269049985,0.3485256112024747,-0.5028856669463012,0.23449600106844892,0.0012065664722721086,-0.05759755867333086,0.2442303609355303,-0.07556628128157997,-0.47233162314549476,0.6281155246876898,0.537239597864607,0.2838842689879769,0.1787276726265091,-0.28119669169152406,-0.023079426754995552,0.14435922211557156,-0.685239773600062,0.07026566016185957,-0.0857393018956044,0.7153511244716649,-0.15627977339429433,-0.12576612423469208,-0.4585036413230847,0.048141313274130695,0.2028342665151768,1.7805175113610379,-0.47374084484833545,0.29994808624402025
0.12082306995691453,-2.4500146312858253,0.8517734757567591,-0.04977528405397502,0.0478709083867542,0.6464215128155746,0.7598486855925964,0.12363761409683913,0.0474885333154825,-0.22147141668520381,0.2547918914075061,0.3442117256525736,-0.4926980912213887,0.23409053445378997,0.015621518516329877,-0.059744398303723835,0.24043013913636715,-0.07869399645517447,-0.4734237662426971,0.6375328830061842,0.5237201746481515,0.2751208151667129,0.17996667359232485,-0.2801964860567698,-0.023614666578503474,0.13980715614222114,-0.6762320067377777,0.07970482956321617,-0.08951941368130338,0.6549973318342025,-0.0983608211213462,-0.14323111384805134,-0.4187231889743724,0.07043960518873914,0.21478186317543824,1.7270927950500259,-0.45729364543275597,0.29964233067871404
0.12316242399498892,-2.469687433099975,0.8571270282183404,-0.05100227956719305,0.04524169240279623,0.6486746751678197,0.7580060174849561,0.1273006771958064,0.0522568005125218,-0.21784702759317742,0.25834225514543097,0.34054302328488784,-0.48476783375856797,0.23341058183782495,0.026101404238670217,-0.06128717396587295,0.2378151581803448,-0.08009847405363138,-0.4743973026250573,0.6451820400430132,0.5118850652462467,0.2704868255662637,0.17807978827433735,-0.2818604517075792,-0.02397693601839782,0.13635841803378634,-0.6647429441449102,0.09119777377316854,-0.09338556614221305,0.5872908044578024,-0.03532062569560708,-0.17274945142103976,-0.37950980857208577,0.09367454683701062,0.22689059026571123,1.669200388863902,-0.4416215858824451,0.2986158637875277
0.12575907450148105,-2.489417781287333,0.8622499010453045,-0.052459061162143224,0.042539845852647924,0.6518623873084384,0.7553236633585383,0.12870831350629008,0.057149677965083516,-0.2143504516748072,0.2612551406220464,0.3378824780458214,-0.47769318453024023,0.23197101256393765,0.033786252450284576,-0.06259791045636236,0.23627125432810073,-0.08042610500784018,-0.4750931855872963,0.652039461737473,0.5004271153796105,0.26875811218649204,0.174355045646113,-0.28528273585052694,-0.02422636251518613,0.13338440380700994,-0.6554997580748739,0.10201196257320788,-0.09748831173430587,0.5207154171679894,0.04470711195867694,-0.21399804002730882,-0.3405299580728236,0.11731294271782108,0.23962652826988295,1.6066673607246076,-0.42603764518632165,0.29730159159012465
0.12859579621186717,-2.5092184416144807,0.8666298545069,-0.05451141227632929,0.039144645880341694,0.6552293651839121,0.7524431417929394,0.1296956745077495,0.06399258840359416,-0.2108090764778759,0.26338203564282825,0.3359600431729354,-0.4716319414789162,0.22924835822194695,0.039408262046923846,-0.06408032830700722,0.23547568067461064,-0.07993986679261221,-0.4763351638892002,0.657646256774189,0.4888158248739821,0.26890292596260984,0.16838715750762936,-0.2902097760539074,-0.02433443147752285,0.13064866663407423,-0.641446928724708,0.11424054493978078,-0.09541732211577166,0.44714085533071185,0.11756206463061744,-0.2555632955399516,-0.3029160125779193,0.13949947360716206,0.25105058992362805,1.5413178994048315,-0.4101336477427453,0.2967678731540724
0.13041608836207122,-2.5285028979520905,0.8698825855533265,-0.05467154876877429,0.03724511211839285,0.6592902466388392,0.7489727592278708,0.12843247802368316,0.06692987378687013,-0.20722845153648203,0.26532403384877945,0.3348531649632495,-0.466986440745494,0.2248503328335941,0.04365292625619426,-0.06555393070177196,0.23496380428917232,-0.07792358319438551,-0.4783889264211622,0.6615431609882255,0.4771316395356729,0.26954619111517947,0.1601377514011878,-0.29636349691500785,-0.024307700206978162,0.12842162757216485,-0.6237575395550379,0.11696428367382489,-0.06776695519018643,0.3752459796648662,0.16776205009305276,-0.2500308547286098,-0.2670617826695705,0.14831727957527335,0.2582584955561523,1.4773407342649327,-0.3968544085292172,0.2981361995693498
0.13282615314587534,-2.547461179578858,0.8715428748469052,-0.05679738598704225,0.03378090048363475,0.6632296170338129,0.7454927114309938,0.12759612669238402,0.07497562271468373,-0.20674521516068484,0.26877416915622926,0.3351207559925705,-0.46370752065604004,0.21772839233231028,0.04558646408871242,-0.06861795432856482,0.2352662983929722,-0.07345602294842628,-0.4809112939282908,0.6634750728703579,0.46558043055562937,0.270145085947629,0.1512662562032919,-0.30194033131367637,-0.024133500285095366,0.12780947138651397,-0.6026922934806467,0.12302207615727373,-0.015880633845125672,0.3036061706577496,0.19872777097925529,-0.2416275546057984,-0.23519656039681835,0.15317660996453367,0.25441544328070576,1.413566919129903,-0.3826341873476095,0.2994204699500306
0.13526794368461478,-2.5666757430926608,0.8723461884434419,-0.060427080354723245,0.02741485190260307,0.6662755623791651,0.7427475135140399,0.12950881123946117,0.08922747902731122,-0.2032437676619389,0.2690202289947914,0.3357948229337593,-0.4624697733469456,0.20971802576944693,0.047195630903036266,-0.07171718607937512,0.23442365176382518,-0.06989655505457541,-0.4838529331185674,0.663225376065021,0.45590149942746255,0.27003284931994287,0.14213600266574528,-0.3080479812873821,-0.023843275979311712,0.12607484264271876,-0.5896246945924292,0.13214279090588268,0.05571652144832839,0.25676503289766056,0.20772950286562722,-0.23275282424998806,-0.20465033477089675,0.15782320337410186,0.24210692735964476,1.3489358438761174,-0.36543741212817993,0.2986496347269696
0.13742507698556408,-2.586550254212231,0.8724808442013995,-0.06400528599472254,0.020474905006775113,0.6686368557097866,0.7405463232075538,0.13303728750992835,0.10416584690538933,-0.19694389172036275,0.2651073561539128,0.33697108408334736,-0.46252051901022695,0.20201043879784192,0.04854782101980231,-0.07415204011142777,0.23301435459802455,-0.06890334214457214,-0.4859693636576519,0.6621924183990006,0.4489421037640667,0.26925211752749856,0.1328629823829083,-0.31415253601147103,-0.0234937610733839,0.12244955701245835,-0.5897699830304964,0.1412233070200308,0.12928513833087557,0.24134954609956452,0.19678029475011397,-0.22945264522322523,-0.17692011365963833,0.1592402254320241,0.22426543675898297,1.2856652273011013,-0.3468439276373985,0.2977030607913668
0.13906987839253407,-2.606962603248357,0.872274456996376,-0.06602409853911745,0.016075612168688663,0.6710660557567185,0.7382768734808228,0.13529628113075032,0.11349899818559735,-0.19037960072591764,0.25829329137358753,0.3385651199163789,-0.46296147830502826,0.19527957721853967,0.04990459073046992,-0.07472011280835553,0.23166954268344697,-0.06916790475209735,-0.4883095246109424,0.6621966770676816,0.443340935925564,0.2677992424000008,0.12233036803593014,-0.319336743248443,-0.023134208961783687,0.1181777076771576,-0.5925707463262502,0.14580161412107706,0.187165234164161,0.23408967894706753,0.18045326161158334,-0.23580913243721913,-0.15389855553528042,0.1527485097399263,0.20290190922668835,1.2246501756229606,-0.32818290782074544,0.2981400209556715
0.1399783094611655,-2.627781182325156,0.8720481211342852,-0.06586452533102456,0.015486969121871814,0.6735416176497743,0.736045995426958,0.13643663588917734,0.11429868901931682,-0.18549929138338153,0.24870655390234014,0.3403292179922289,-0.4646308242221913,0.19005834404606345,0.05139790311244511,-0.07264530433600931,0.2302167390378233,-0.06932727667834727,-0.491448396122776,0.6628774793062338,0.4389539416048421,0.2652830209002861,0.11106001748309284,-0.32281120949243264,-0.022593183346954034,0.1146408768458431,-0.5946382668298716,0.14446931440529787,0.22105629570397153,0.23004458062089794,0.16230493035608065,-0.2490963608298785,-0.13707101996975393,0.13320911734580423,0.1751353449568465,1.1657516339698324,-0.3082880348421774,0.3008325599063982
0.14015084356235324,-2.649004358486369,0.8717145997812248,-0.06386439630350693,0.018451822053191444,0.6765059497615674,0.733430684580966,0.13547461982828876,0.10728847829190744,-0.1833667332299156,0.23688845333731712,0.34198953359578704,-0.4679293424385696,0.18603964151626468,0.05279884939745586,-0.06891192219080282,0.22841029419672446,-0.06853484894962777,-0.49525249075780264,0.6630376829267106,0.43569788583872116,0.2618265860348767,0.09991801579640887,-0.3249247147280449,-0.02182430691329892,0.11257608956853246,-0.5957202542138184,0.13667565505751947,0.23768081247493736,0.22856788813687756,0.14228860558256334,-0.2612724919680191,-0.125659538321346,0.10105698625921657,0.13743573324944083,1.1090363198127853,-0.289165075539614,0.303501016805615
0.14005087135893204,-2.670414824185846,0.8709874043632512,-0.06092090124090595,0.02370482954406081,0.6799934463364605,0.7302983210905973,0.132579875036437,0.09546599158515641,-0.18329111049500113,0.22383792763283025,0.34445290058350175,-0.4728595726416016,0.18189699201731163,0.05381661817054173,-0.06526087328136687,0.22628436480826725,-0.06560456526492672,-0.5004511567546692,0.6615598216476927,0.43199049413916285,0.2582088063533962,0.08871844321180604,-0.32650011660796197,-0.020789030654240082,0.11191713164805375,-0.5968742144739629,0.12440556490259493,0.24440614100363378,0.23106312639651566,0.12230151518373743,-0.2687795891811914,-0.11682190366062699,0.06483233215487447,0.09537296668515238,1.0544297127396411,-0.2756318169241065,0.3034823912017754
0.1398590834888454,-2.6918383408748547,0.8695382094653173,-0.05720116892433453,0.029182286046492676,0.6829291096509233,0.727656685289283,0.1302289545434307,0.08238549641997707,-0.18132006102987314,0.20814136038648096,0.34738928008344055,-0.4792205227402496,0.17773795509550316,0.054622535508862556,-0.06116955591464984,0.223098794374147,-0.06319095651819388,-0.5061382544468637,0.6582567949393312,0.4303311517940381,0.25358240162025897,0.07470431908320492,-0.32854162320700925,-0.019779670916533067,0.11075228104253962,-0.6189699864994485,0.11665966670779522,0.24837749966881478,0.28431399556474546,0.08253845145460591,-0.2689968047863332,-0.10699739484263934,0.0330439538478561,0.05956695257681682,1.0020082223254723,-0.27156661438713303,0.2998244148709692
0.1409967780346399,-2.7134164717787663,0.8673344130882161,-0.05464375449843311,0.03404014524488141,0.6847298194144779,0.7259479340907571,0.1298762637092705,0.07059875669284314,-0.18052959225826634,0.19220705868536056,0.3517564039342633,-0.4851653131876547,0.17415016376769926,0.05393730920302143,-0.06048776967134011,0.2213374498225334,-0.06153225359051604,-0.5098386695734709,0.6557026063341086,0.4312805563247691,0.25264150683954223,0.06415949290327538,-0.3317295504938165,-0.018598414674216194,0.10977398807872744,-0.6550332344872388,0.11721860386480225,0.25272780607788725,0.3708704465785062,0.031057081119199734,-0.2665637152381334,-0.09765328009516014,0.016705640823809542,0.036775443818023175,0.9491513489764064,-0.2776781416271419,0.26228481116069835
0.14221469174725096,-2.7348003229625597,0.8639902674623331,-0.052174082162955826,0.039165028724164566,0.6861982760553518,0.7244831893247426,0.1294188844828974,0.05814482663016895,-0.18101354611619128,0.17602327777221888,0.35705781747557797,-0.4921593591652379,0.17057907002825004,0.05194908849776656,-0.062335191060405894,0.2202852667555662,-0.05939180500337864,-0.5129598127202335,0.6526541517736228,0.4342525640407284,0.25472464448278925,0.05582362459352166,-0.3364530171343706,-0.01732410898950213,0.10963380886338614,-0.693684557483255,0.11848742414784563,0.2550410870577035,0.46825199892416125,-0.023169859300681796,-0.26479454057067103,-0.08849117845563313,0.007903822448026815,0.02835623288716479,0.8954617300846605,-0.29177724821836193,0.22303764961531583
0.14350004758496807,-2.7563011140598688,0.8594579255795284,-0.050159549067045894,0.04379658090274005,0.6872600847298783,0.7233529256702429,0.1289568535561882,0.046984143252546705,-0.1818253861676187,0.15926923786758931,0.3627041076133159,-0.499521184057244,0.16710320442404114,0.048915648436196314,-0.06601490361344398,0.21972670554782187,-0.0577581802650314,-0.5154709615585725,0.6490160993192886,0.43946267612035644,0.25914306520998887,0.04949689233239272,-0.3418180237228463,-0.016051386221528484,0.1100572492093116,-0.7325702119869973,0.12094181015110589,0.2542354168157019,0.5708188099148035,-0.07672580065278978,-0.2633276937964424,-0.08215174882649144,0.0038542153721962276,0.027815802218387396,0.8460685669921181,-0.3136855057171653,0.1854252223660303
0.14498974838890935,-2.7776869693750723,0.8541523876451788,-0.048819212311231326,0.04748749035183892,0.6879729701445169,0.7225336082978602,0.12821145721404664,0.038525401876747654,-0.18223389915522697,0.14282661072729114,0.368388117054516,-0.5064984239178245,0.16351871176928093,0.045050237381415344,-0.06990921910134214,0.21984584683534117,-0.05662209596036299,-0.5174802927176512,0.6452294876338632,0.4464833052363824,0.26525294643195374,0.04500416931986907,-0.34661049999083987,-0.014858564590376296,0.11080218154619201,-0.7694924176043387,0.12449612302726051,0.25020839883490625,0.6733172101295085,-0.12620637571439539,-0.2617629765180759,-0.08105865154280821,0.0016208781329520492,0.026516913459139983,0.8062214927057749,-0.34309137602765005,0.15172945164324483
0.14635568077070477,-2.798924965206566,0.8481690239363807,-0.047859765345886394,0.05036440236667616,0.6885883048055329,0.7218164699702588,0.12669113035376015,0.03247849730946634,-0.18192974126863615,0.12631133806942776,0.37389897616667944,-0.5135144124748595,0.15972355481779252,0.04013411493764931,-0.07320172719762395,0.22075156571601556,-0.05577545351389032,-0.5193846528973421,0.6408016091158882,0.45515165664038687,0.2728568621930952,0.04221276343727672,-0.349973169196112,-0.013682817642799697,0.1118729234091044,-0.8047587308863452,0.1274610482105107,0.24145056393718198,0.7763341034851545,-0.17195726038745665,-0.2606812783090059,-0.08651209539578783,-0.0010795172382001897,0.020150767312322203,0.7793928705635444,-0.3837323680486749,0.12382310038429792
0.14743602069240475,-2.82020725560428,0.840706307453143,-0.04650346902086666,0.05310656992042241,0.6892215033857881,0.7211039029647153,0.12404281532673161,0.026494429329858255,-0.17994156859866967,0.10895123337839513,0.37994813348514056,-0.5201288136877562,0.1548265895078731,0.03419244829218443,-0.07746850034507831,0.22283581736037733,-0.05572648140129975,-0.5213235324087271,0.6354333607274587,0.4644832950588113,0.28201425204108865,0.039946870170723764,-0.3523350015013194,-0.012476568176225852,0.11259701152462778,-0.838886585429836,0.12799891927555385,0.22948271380878651,0.8820183799100674,-0.21637877037784733,-0.26060193178691843,-0.09843646678775883,-0.006595744842030568,0.008900340246046802,0.7564992821982506,-0.41809299979144926,0.09874515311970512
0.14847726165720268,-2.8415943974943025,0.8335356773346658,-0.04616062748007856,0.05530995259601586,0.6895807045524174,0.7206167202635964,0.12099518681280981,0.023617803357644563,-0.1789121903185549,0.09199170291051591,0.3846217405709348,-0.5265577587722071,0.15167646235945154,0.02760938776526502,-0.07927290657036828,0.22558350172533204,-0.056084847502440735,-0.5231643307885769,0.6310636868314576,0.4762894710147462,0.2921562596051747,0.04004805784160193,-0.3528484729855242,-0.011383793132612735,0.11372474854679701,-0.8707883182928611,0.1293206717419049,0.21696950544369561,0.9858359179972432,-0.25735334167291396,-0.26020477912719986,-0.11837557833619086,-0.00789440420099955,0.00242641510437644,0.7543915447338695,-0.48829514229204146,0.08209658029793121
0.1497849765277437,-2.86316412814884,0.8267915478606451,-0.04654675474358271,0.05754032938618429,0.6893368189372436,0.7206505811934455,0.11770022974606578,0.02190053850999316,-0.17851727699359482,0.07671782908808633,0.38896255078843456,-0.5309960587933887,0.14865595142410784,0.02095674288802199,-0.07941040430712565,0.2291158095549278,-0.05736771433848862,-0.5243552553626648,0.6285822745820983,0.4889506815587105,0.3029192657778827,0.04179383102009782,-0.3521271322126027,-0.010514998624674714,0.1148233729410344,-0.8986788715628591,0.13322480809791443,0.20966457941666702,1.0841747596470905,-0.2943801153752366,-0.259817944879856,-0.14474700442216934,-0.007554446757574232,-0.001353776721909988,0.758818499343258,-0.5491609562285585,0.06897098820045315
0.15123402906269745,-2.885185417653238,0.8206841412597223,-0.048174837610782895,0.059617446044774175,0.6881503470593526,0.7215081738901953,0.11465971375111729,0.022517727471505128,-0.17841762460940305,0.0627744021094848,0.3926805370946587,-0.5333345593062436,0.14541428486980398,0.014344148690975424,-0.07807440977552935,0.23332992403708533,-0.061113475576455877,-0.5255205992038584,0.6290852358205568,0.5022673368273552,0.3141864431353617,0.044788901881308345,-0.35113156323863126,-0.009929220122040913,0.11549625479221644,-0.9230838104624587,0.14341836464349625,0.20983666321499764,1.177604133662157,-0.3283552608382523,-0.2601128557695772,-0.17937741494891923,-0.004468614998295392,-0.0014408350067293173,0.7703505952529617,-0.5983392973145324,0.05903373806908876
0.15260731589792798,-2.9075646170928584,0.81532442813837,-0.05080011637775212,0.06146908669868509,0.6861830566509222,0.7230447512579237,0.1116904838213279,0.02540670636292617,-0.17857660144540546,0.04978425504187085,0.39557639666390676,-0.5340246257658514,0.142268562015181,0.007677190985066326,-0.07536844850445182,0.23803143062801332,-0.06693145798980059,-0.5268344731631702,0.6320978914069352,0.5163142756141109,0.3258292966475281,0.04862067814608678,-0.3502600223145325,-0.00954822881496329,0.11596157088231311,-0.9441555635193221,0.15968720695384617,0.21510733805324822,1.2679423272222807,-0.3606399134237627,-0.2614470772716641,-0.22141781881525874,0.0007204071398896129,0.0008421960973764107,0.7891599183316987,-0.6381312982225839,0.052348328279329684
0.15356457422608347,-2.9300887960629765,0.8107515367871905,-0.0536539219526758,0.06312008543622641,0.6839565107469614,0.7248038375177522,0.10796541440684337,0.02940595615137847,-0.1794386927143791,0.03831988765747674,0.3972126217702452,-0.5333159934861758,0.14011437850455682,0.0011900185626403767,-0.0719580757662217,0.24259670153072546,-0.07188035623687171,-0.5281161204576695,0.6349544292865351,0.5299389232412223,0.3375151020366997,0.05305587671274122,-0.3494980224364911,-0.009200759206153366,0.11677387975526994,-0.9599707283154849,0.1784798752247607,0.22190612206577276,1.3531820463215056,-0.39124340217947173,-0.26443131321204977,-0.26725626022317167,0.006742174278593517,0.003978874663476287,0.8129131010601167,-0.6685459438734809,0.04696523613811124
0.15472726223418962,-2.952054797626784,0.8074062639089873,-0.055806626362514544,0.06478042443305457,0.6820382628282179,0.7263008502697579,0.1025830330779928,0.03259019317897141,-0.1815689846431622,0.030140061167988633,0.3982332299972728,-0.5309103023596841,0.13970846352386965,-0.0044361006168549735,-0.06727866374157972,0.24673966587230012,-0.07219880371169009,-0.5283373679575293,0.6357074085051447,0.5418518321096616,0.3489521216674753,0.057141706367404455,-0.34810681769433827,-0.008754428592079502,0.11861474401043116,-0.967943062184074,0.19516496053269242,0.22707842506421197,1.4295938565235047,-0.4190402470228595,-0.2673619482945999,-0.31122879665345415,0.012145142882023851,0.006576173928171118,0.8340692466861253,-0.6939172400540826,0.0420356014908759
0.15620660428674127,-2.9728050742835586,0.8056240768377682,-0.05710780819684077,0.06605415269458725,0.6803105276967714,0.7277040147338011,0.09560960440797908,0.03553286186318354,-0.18430487649846758,0.026576317700663498,0.3982921414774787,-0.5264659441686771,0.1409405387671557,-0.008847989765914287,-0.06120976424461714,0.24987099419522912,-0.06684597790416587,-0.527763558689326,0.6333812800603694,0.5514091888312459,0.36044543973961074,0.06040857630317548,-0.3458392499989079,-0.008242909131796563,0.12145576952960041,-0.9664278518079426,0.20947506684729048,0.22988063737691472,1.496500380522621,-0.4440631769206228,-0.2705908912120338,-0.35942504895031535,0.017718188982809118,0.009732558522105255,0.8707445171275969,-0.6928167878354755,0.036675330612128555
0.15764155371171837,-2.992356705033631,0.8048653239642172,-0.056790092138096895,0.06696528338857387,0.6791414186053535,0.7287369002529933,0.08561660007533575,0.03722638927743699,-0.18373059309527975,0.025164656032374586,0.39792074204474576,-0.5204046034184767,0.14305825839740427,-0.0108505377177778,-0.056620933224327555,0.25164949165972533,-0.059239232541738164,-0.5272763124851662,0.6293929655683926,0.5580916715765444,0.3677315604961515,0.062304817579449785,-0.34494822314931634,-0.007791981193826587,0.1231863353582168,-0.9550620994079944,0.2204313353586486,0.23225895586989026,1.5544112966473722,-0.463995841957712,-0.27393113547508197,-0.4056243861178661,0.021169460810150184,0.011983208346376777,0.9094753618771012,-0.6820114609675729,0.03247103372618216
0.15784284542435412,-3.0116423958138685,0.8047881031720879,-0.055366654130853295,0.06923615180455264,0.6790794998373935,0.7286919251605892,0.07211732311229098,0.03606244472729007,-0.1849767326262116,0.025195213218831523,0.3959567706707819,-0.5147858304439227,0.14579530988769288,-0.012496225493074518,-0.051798375054335474,0.2524617153315216,-0.047963405386895225,-0.5272127677817394,0.6219665099777969,0.5627946154631908,0.37570267244167466,0.0642294646958144,-0.3444888164326569,-0.007025186960497913,0.12514098696469947,-0.9383403176233186,0.2265563893118648,0.24251152040267088,1.6033898029327291,-0.4820579445423002,-0.25683850675154835,-0.45220528174290947,0.019138484698043533,0.013367343167864016,0.9482633823699237,-0.6667520222762467,0.028984418125938084
0.1575967603201522,-3.0305606147522153,0.8054371858188734,-0.05403482686944881,0.0714983633641965,0.679967923047296,0.7277443542537279,0.056664824552048736,0.03454786857420812,-0.18864469701936748,0.02606583777552196,0.39387462400370565,-0.5114092281169662,0.14904474676910812,-0.013580935408135398,-0.0470018744689686,0.252406886657598,-0.03274798059710376,-0.5263849890674719,0.6122663404804907,0.5663371467957203,0.3828715133095853,0.06697734821877502,-0.3442750505797669,-0.005957548633892121,0.12775180214791654,-0.9183906344380383,0.22905884877162222,0.25163947864894803,1.6438991493360988,-0.49736743059416055,-0.23440957191045106,-0.49284185370188294,0.015643503187287258,0.012456450162809168,0.9761871509313049,-0.6497882080419108,0.025703938853777013
0.15696873856626006,-3.048822906815612,0.8067169228454879,-0.05262886188333249,0.07345901956902395,0.6821812236525383,0.7255775309618864,0.038610225792107926,0.03301674390256839,-0.19410837188939375,0.027734726262463136,0.3916860046537105,-0.5107111484829934,0.15277100931930063,-0.013697022367740116,-0.0422304452289476,0.25180349387985845,-0.012683807752670445,-0.5248453517933641,0.5996272661071236,0.5675570358174695,0.3876311017332198,0.07022819190280426,-0.3444141847913177,-0.004557833411228015,0.13095195307846888,-0.8951345616771267,0.2262922903703459,0.25693696706448915,1.6757348399857768,-0.5103473384859373,-0.21254408105091563,-0.5254305934079473,0.010176005413103595,0.008559805431377528,0.9913642710929996,-0.6319199252324896,0.023011189611802197
0.15657368851229053,-3.0668231672309973,0.8087331674197658,-0.05094707331394865,0.07509702715214751,0.6854928982084474,0.7224017709968843,0.018162208032192446,0.031340076188252915,-0.2004207972433822,0.02991433973185261,0.38959341483925286,-0.5114431050787547,0.157536897335421,-0.01237577628304425,-0.036916676268906344,0.25109459451865257,0.011090786689292356,-0.5219797244086869,0.5846073747782926,0.566328758525929,0.38922433889282737,0.07284626371921026,-0.34453228558615795,-0.002959445145600745,0.13438183471264162,-0.8682356625374558,0.21899435284187932,0.2586693523833047,1.6990184389108047,-0.5218949602032786,-0.19139672132014435,-0.5519160869118727,0.002921973860156449,0.0023846737095055827,0.997631304062411,-0.6118189304235109,0.021816497151472717
0.15668313018116375,-3.084933585887999,0.8115831593130975,-0.04957572891813788,0.07611175206105156,0.6892449758657899,0.71881194449188,-0.0028248566453095173,0.030540521762589718,-0.20675959638496944,0.03172217818755754,0.38790916319307833,-0.5138623302636073,0.162726298993857,-0.00966986242816037,-0.030978009955197013,0.25044468592385216,0.03660059949833466,-0.5179584505044466,0.5687267862827501,0.5635634759008723,0.38785097074392433,0.07467027195588141,-0.34438569508687605,-0.0012058055439835335,0.13752000980883974,-0.8394583711047233,0.20927641554564363,0.25593948248998233,1.7148483130898828,-0.5312715782740753,-0.17270643829062032,-0.5735257622591685,-0.003890371309391936,-0.005380513442956257,0.9956266362122143,-0.5887837343846622,0.021636013537247794
0.1572661396232187,-3.103191943980262,0.8151822068037337,-0.04925272441968662,0.07610954160271632,0.6927545207592576,0.7154527802600763,-0.02231752624848605,0.03198736188654349,-0.21234978602594515,0.03250387624605469,0.38691010793773695,-0.5184528100242302,0.1671643115897025,-0.005981507584405303,-0.024922240870321022,0.2499978071914547,0.06192238174213396,-0.5132622778562311,0.5536066267485776,0.5602201035565699,0.3843577613523803,0.07615534713743957,-0.34393425432100744,0.0006231545885094733,0.13990670556625437,-0.8108306121645186,0.19943599261624806,0.24776098004646796,1.7246274394219907,-0.5373631241037232,-0.1590463909807845,-0.5914401059023972,-0.007688675411382449,-0.014205574454563134,0.9858091015759232,-0.5617348476315264,0.021272308330394625
0.15832808687708613,-3.1215167808513673,0.8195277550479404,-0.050577920879174273,0.0746084938033821,0.6960918726518577,0.7122721048868612,-0.04010763888992579,0.0372062679803631,-0.21701886191722572,0.03155091921160346,0.3867154615934071,-0.5261973047481497,0.17065630508297536,-0.0015998912878461518,-0.018887882843320616,0.2500052012789309,0.08683918380589757,-0.5079681759602339,0.5393986099110345,0.5564865687795181,0.3790840729761412,0.07780703937237195,-0.3431249525251889,0.0025767201035892134,0.1412310491230111,-0.7831514938329059,0.19093824038587942,0.23279246467448456,1.728952673429293,-0.5404248601654973,-0.15265395054402636,-0.6051941004988333,-0.006807316593237798,-0.02547276040877467,0.9669957880270184,-0.529995426131888,0.019269167189349817
0.15981608216924262,-3.1400578635292744,0.8243775996065532,-0.05313334919333962,0.0718252364576467,0.6994682349909515,0.709057240883939,-0.05690223538211739,0.0455009520997013,-0.22052317753278086,0.02884376947570848,0.3871767990351594,-0.5364123764613288,0.17335309853841832,0.0034048433087322406,-0.01323332616407215,0.25083306545589035,0.11170237040133005,-0.5021060061094244,0.5254934576669094,0.5514612893951999,0.37220831086778644,0.07903783535414047,-0.342030939401477,0.004658459018146573,0.14147344091695438,-0.7557110706838193,0.1829059508995013,0.21190375121320895,1.7276290838143746,-0.5415209750815798,-0.1528542384946462,-0.6145095182107416,-0.002540505891760865,-0.03909541182521627,0.9393937518365181,-0.4941958761829501,0.016292056942386567
0.1612242273244103,-3.158895783138723,0.8298633246083756,-0.05613659223501149,0.06861489944890224,0.702415335715523,0.7062247338754892,-0.07208654236350825,0.05467057140616777,-0.22272670382687226,0.02537512507134979,0.38777241836601156,-0.547561227387684,0.17534489989869972,0.008867672110458658,-0.008254911524070149,0.25228907562296926,0.13538556168783777,-0.4959271707300403,0.512843486211081,0.546105768906803,0.3644723059406606,0.07981993033917634,-0.34044308255559635,0.006668133070392911,0.14090122677354205,-0.7279350660578516,0.17353735634329873,0.18799276422028613,1.719925973648037,-0.5400912914261072,-0.15793876731310025,-0.6206006148816677,0.0030938929823750684,-0.05230576084395799,0.9047150777921833,-0.45444611119976747,0.013550008359752251
0.16235770031763697,-3.177908059661218,0.8358218333743195,-0.05869308170352455,0.06581974091225662,0.7044302808450392,0.7042732873643338,-0.08506564602895982,0.0623738082675014,-0.22350712880130733,0.022798557773340458,0.3884732266344961,-0.5571593476889041,0.1760389141414246,0.014570928242153284,-0.004465184121590882,0.2540782496196684,0.15655585397872787,-0.48965419157549583,0.5028968819129631,0.5413051342109968,0.3570923145639295,0.07984458414312827,-0.3383821426718534,0.008355555845978172,0.1398096892296492,-0.699422089321867,0.1610667940528987,0.1637668051093603,1.7057214524426612,-0.535581477335275,-0.16559300958576725,-0.6246655629351385,0.008348369821957392,-0.06200991750125116,0.8652506824693613,-0.41095440682472373,0.012623641046961431
0.16324338110712316,-3.1971342678115375,0.8421617366034468,-0.060774533415946116,0.06360209955768616,0.7053547554806385,0.7033746497712132,-0.09561567616596418,0.06824236790829223,-0.22334357378724576,0.021679091888747056,0.3892763028898207,-0.5643825818503001,0.17545504453895758,0.020298340360470096,-0.002150913222854314,0.25568447663794275,0.1746221487991619,-0.4832692001204061,0.496431855295572,0.5382176536523496,0.3513419336869594,0.07933884298183057,-0.3359675361509722,0.009681247582183377,0.13834585299935365,-0.6702960292138521,0.14507149705616285,0.13913424309896877,1.684709675297764,-0.5283003448319945,-0.17566239038064455,-0.6268584222965556,0.013713675209685508,-0.06727025557383111,0.8207377003014467,-0.36364834046566963,0.012087508767483617
0.16388058739235792,-3.2164844379368547,0.8488288532818569,-0.06274057026254802,0.06165771850495893,0.7054471712713789,0.703282471797146,-0.10418963557560132,0.07322763432850592,-0.2226666442461051,0.021746181640137176,0.3901553264251841,-0.5700588686857752,0.17382251626642375,0.025892863072321814,-0.0012674956598360005,0.256727631240405,0.19022821412128307,-0.4768189429466646,0.49286894097052125,0.5369052763888663,0.34767370544705223,0.07883217449227395,-0.33332959529357303,0.010769897450492864,0.13660674121206204,-0.6405738869902841,0.12633318330350607,0.11287115217849891,1.6570931510549447,-0.5190651381107224,-0.18889497128004323,-0.6265792681264105,0.019976887026742923,-0.06978879362606026,0.7702885897781878,-0.3123644738482961,0.010867173869528438
0.1640237873412765,-3.2359361374611124,0.8557088885672328,-0.06431228366180604,0.060188362757654476,0.7048342040730153,0.7038821179199796,-0.11117309686100425,0.07689566157664335,-0.2216558794427667,0.022967132021990435,0.3908272691660595,-0.57411394439581,0.1713117553629536,0.031182235466607155,-0.0015487662518470198,0.2570274296730974,0.20343352028293452,-0.4705629086511557,0.4916156817267,0.5369520251190334,0.3459224988140266,0.07842620712162353,-0.3303118855823806,0.011629575505797645,0.1348725058098868,-0.6102597589366022,0.10499304033182912,0.0860344921514473,1.6237665385944773,-0.5082264027367953,-0.20458610993921522,-0.6241434176719841,0.025785581771011413,-0.07018386721075993,0.715201334898503,-0.2574978548350123,0.011669450767420727
0.16371285351306006,-3.2554007367926565,0.8626360842915268,-0.06511080063836995,0.05943812356484107,0.7036427905846633,0.7050634839257734,-0.1170326229645662,0.07857607992507327,-0.22033722023482336,0.025609834503065462,0.39138346662144163,-0.5760314391964101,0.16778344240288434,0.036010093686791186,-0.0025200084371661147,0.25664245013045445,0.21424860169575966,-0.4646059298193235,0.4922138925549612,0.5377059242772894,0.3454752979153011,0.0776790573502071,-0.3265521701300361,0.012229060867989491,0.13339901368440066,-0.5795336379683423,0.08118780144006467,0.059722048271480165,1.5859183993574506,-0.495851943088823,-0.221544053685638,-0.6199591179157926,0.02965948970200411,-0.06843608910256482,0.6570220196387447,-0.19946310898269945,0.018730205637450377
0.16309248867303797,-3.2750837826404138,0.869450155842721,-0.06520737489053537,0.05950178652702917,0.701640532559218,0.7070417941889958,-0.12130978193147482,0.07817058464407009,-0.218845507305038,0.03000607953633109,0.3918764666994001,-0.5750042386606588,0.16299090743940203,0.04016887027600013,-0.004078143332261893,0.25555234984541425,0.22240490819808548,-0.45897796819619974,0.4944944149447734,0.5391217998658139,0.34592461308302247,0.07588050786473584,-0.3215899476397042,0.012514192578030672,0.13240677808825377,-0.5487401002169516,0.0540785404961941,0.032811384654288664,1.543221288840563,-0.4815950089166448,-0.24119171489669222,-0.6140693535569306,0.032004065603769165,-0.06328282883971043,0.593238788863652,-0.13364192929892593,0.032792418283618514
0.16211820421823417,-3.2948151240105967,0.876065510535916,-0.0646747324423238,0.06031442718922843,0.6988601437141305,0.7097702786002061,-0.12401648541973853,0.07586808246565488,-0.21733749901120114,0.03633547530617625,0.39224192604786456,-0.5714315679688631,0.15681637411888946,0.04352880667535638,-0.006189662029027681,0.2536092976570309,0.22836941412288872,-0.45398562353235755,0.4983862101839142,0.5412645462254763,0.3471543747776451,0.07303607992547446,-0.3153799056770255,0.012513690915992793,0.13189917888540725,-0.5175038982368482,0.02378761548406561,0.004527405514369716,1.4952314917971867,-0.4655299201225627,-0.2637832177864513,-0.6061383732573454,0.033240646709823025,-0.05422878693370339,0.5236149742764253,-0.060566695547778424,0.05233447783559293
0.1602634833367715,-3.314671225571304,0.8819793598262017,-0.06278547062231958,0.06160039316502482,0.6957491184380437,0.7128790503537985,-0.12618268358498305,0.0712323856990971,-0.2138318354596149,0.04293922674978305,0.39221383223733464,-0.5655263005285595,0.14906038105507544,0.047662006897838054,-0.009066661367972104,0.2483479351634922,0.2309252518545333,-0.450476009647523,0.5030776945735539,0.543806386468223,0.34998592421038727,0.06845423028333691,-0.30453630879367316,0.012495033508498293,0.13085971953274336,-0.48496429263199853,-0.008359199198893287,-0.021504791422997476,1.443797864952629,-0.4477753810487625,-0.28031379324291456,-0.5933575428840194,0.03167753136921487,-0.04092927939128909,0.44864361808989783,0.015823736731848052,0.08170172502486378
0.15697594425859143,-3.334492863368746,0.8866288131948515,-0.05852501887529618,0.06459393142595879,0.6934152683762126,0.7152466090596517,-0.13047754758005922,0.061474286412095375,-0.21046488099746483,0.04921932638508465,0.3919557716078045,-0.5598769697418682,0.1405106324581937,0.04984704833609343,-0.013081101000058083,0.243558898075702,0.23235280533455402,-0.4485578351666995,0.5084152649144714,0.5447357628059808,0.3527979436243186,0.06374647531858972,-0.2964382003203398,0.01226862128762561,0.12962474196721352,-0.45272884750032516,-0.04243774742873293,-0.040729628783645645,1.3911050948926857,-0.43047054871623586,-0.28164361699051255,-0.5844337584744006,0.021665587974628246,-0.026404461422792968,0.38960545740861086,0.06780509611567528,0.11886783317361767
0.1523390609412037,-3.3539670323548614,0.8903758727195746,-0.05370177725267614,0.06818371335482445,0.6909527577143421,0.7176708068188348,-0.1338877663117455,0.05233898119952493,-0.2083787509294909,0.05576182276157582,0.3887641255529025,-0.5553945419043973,0.1325656258364045,0.050237432766973844,-0.015875849366098364,0.2409216233726195,0.23374164624601515,-0.45032656058752296,0.5140123961962656,0.5437278191004872,0.3546144266990571,0.05938501094186668,-0.2925481203588793,0.011845832594468675,0.12895350637582167,-0.4215065235436492,-0.07363702081825653,-0.05439016764897517,1.338137997314597,-0.41473001955259575,-0.28172877624440307,-0.5893722443470714,0.008157274621678676,-0.00955765478595115,0.36308024672901845,0.09565043768531525,0.17742323368230392
0.1474132414351817,-3.373138954456405,0.8932530404082732,-0.04607607636082854,0.07407868516024159,0.6887830924032164,0.7196993783598702,-0.13890938093983743,0.03559873512247146,-0.2078553950334154,0.0649289435598713,0.38721841144700253,-0.5488279137575681,0.12233230645547384,0.050297122232829936,-0.018462041352299386,0.23807731872664364,0.2339961700422446,-0.4519734413429053,0.5216841018708451,0.5427607451878088,0.35644554260148403,0.053389690494843205,-0.28754069327497533,0.01123743489719339,0.1294304801181165,-0.3898952821819076,-0.10923851781048585,-0.06505185712488942,1.2810609992264226,-0.39586938838496516,-0.2806192924153218,-0.5835218758354926,-0.012868013177837138,0.008858069531711215,0.32324189281814864,0.11096906320736066,0.24587283652485714
0.14501599791357186,-3.392126367159765,0.895085320728795,-0.04011217825398581,0.07737588582314811,0.6855544232623207,0.722785665459873,-0.14082571815281483,0.022627956011078296,-0.2046928360497212,0.07512334210158549,0.38858207067228345,-0.5398396560601166,0.10873682999850764,0.050693030523665965,-0.020215412985686725,0.23300786029684462,0.23063890874655266,-0.4525626136470568,0.5319865211489303,0.5431665893418114,0.35844325858202725,0.04468690415505801,-0.27833471070661575,0.010713281648745144,0.12975967924260434,-0.3583331113369968,-0.1330453703191669,-0.07535102025486184,1.2272530432493987,-0.3777649813141726,-0.28019058660191287,-0.5674739320417279,-0.021401202616604446,0.014322683821472733,0.27275357367620867,0.12173086305946385,0.25644848838546247
0.14315826104697618,-3.411433047171034,0.8964319456917843,-0.036408018548572445,0.07917412548789791,0.6828044627702654,0.7253854007764452,-0.14280344319385158,0.015293204459988633,-0.20131860872068316,0.08271283976550263,0.3897705941484306,-0.5339709779981071,0.09627735149821223,0.05097756759842447,-0.021716482311789787,0.22875347545667196,0.2246315388764504,-0.45391313710123804,0.5429517248363884,0.5434774325026421,0.35913724282990445,0.039319211533374296,-0.27140553345304286,0.009916926218572998,0.12938792966972723,-0.3315385332108784,-0.14712419309939867,-0.08455670329843683,1.1779989887012947,-0.3600346874605025,-0.28131928311947263,-0.560822380055066,-0.026382563183162344,0.013688626321635306,0.24787862170870267,0.11829678195784335,0.2604791343025777
0.14192972536146364,-3.431517551452018,0.8975844648783416,-0.03566884769455379,0.07913777434952185,0.6805567380820178,0.7275352034275129,-0.14444076182990875,0.014879551698359472,-0.19777475917026893,0.08684787224267461,0.3912115494848342,-0.531201341911286,0.08505907551735223,0.05167956913823598,-0.022612335244423173,0.22477257473415796,0.21480249023938142,-0.45517648548874695,0.5551091198167457,0.5445184218561476,0.3581582225776036,0.03763321866789326,-0.26601498575706095,0.009066377807983163,0.1284360908963624,-0.3110853818623519,-0.1487765981873596,-0.09023857046445033,1.1345780769433647,-0.34078394140223306,-0.2837222153937479,-0.5730908079878709,-0.027229582513732326,0.009582124753729921,0.2679929778033881,0.09582567296150289,0.265325702424294
0.14127635352008705,-3.452024674771886,0.8983858654019224,-0.03730600955738513,0.07786940894721962,0.6782052139087461,0.7297823679893252,-0.1445276954194061,0.020249207975564627,-0.19488575847345083,0.08971401909313541,0.39271275304433945,-0.5298067102309455,0.07387395668669966,0.052869019051279,-0.023057492734489156,0.2214202867237466,0.20251607004752376,-0.4572869863422063,0.568754654614887,0.5449479043206891,0.3558032783318867,0.03728599309366221,-0.2619520165701507,0.008112810742128388,0.12746717273111208,-0.29606309967755834,-0.1402335250538873,-0.08997156594330583,1.095676217467235,-0.31926181018435956,-0.28576473936995733,-0.5977450273066329,-0.024944551443983547,0.0037780503681223753,0.3197253390178412,0.06094602326478321,0.2704283528881312
0.14080364229736864,-3.4727940907625916,0.898542728113786,-0.04009488141233496,0.07607649278557811,0.6756999660566085,0.7321436495668558,-0.14308333414728772,0.02839451445308728,-0.19301692102889575,0.09175868289338478,0.3938748708749494,-0.5292516368186925,0.06311726760752011,0.054168270977312305,-0.02425108766221888,0.2186871548640496,0.18890802308837365,-0.4604849216793059,0.583191645429126,0.5445711772563829,0.3530503348140357,0.03693341690333134,-0.2593960237029696,0.007120085583520513,0.12680115133955736,-0.2846605710062729,-0.126795862701586,-0.08671695967376238,1.0595836675811758,-0.29770321394145,-0.28819430074177893,-0.6279673911082164,-0.02181542413727415,-0.0033773893070925152,0.38948025708052714,0.02103442731342052,0.2740310693530034
0.14064778211546983,-3.493508726024936,0.897832104233007,-0.04314977367953315,0.07406293722053117,0.6731133912615537,0.734555063195431,-0.14054814371726176,0.037141364022603506,-0.19188564418474277,0.09386498636189841,0.3950314763621717,-0.5287723862460324,0.05292130415427417,0.0552052295687506,-0.027022755011929554,0.21660474284890188,0.17471707281617244,-0.46442969426198155,0.5984019765506259,0.5437008716132218,0.3510606653199758,0.035951656872312436,-0.2584743027001707,0.006068871729247388,0.12644571614048777,-0.2749599443670222,-0.11237311791480833,-0.08520826162363257,1.0249520619694985,-0.27951448622993724,-0.290981257223623,-0.6586823006106148,-0.018834778257653388,-0.012529424946332222,0.46764351192523196,-0.018470186242546652,0.27589810332761816
0.13991003002200555,-3.5139896279239204,0.8962653348904267,-0.045288201543031606,0.07262359018120051,0.6708322298196242,0.7366538619904344,-0.1382794153286993,0.04383911147073,-0.19120335925078302,0.09530758304434857,0.39565883278658354,-0.5290966659765673,0.043930133185531774,0.0558313508575207,-0.031237658716095462,0.21459452343593172,0.15913811162223984,-0.4694826682744133,0.6148137889476867,0.5429462049823793,0.3506495529695463,0.035905006618045646,-0.25965784781514945,0.0049579090577165615,0.12594747520657104,-0.2660974773612894,-0.10106549565387064,-0.0846738142803346,0.9896569992675752,-0.2639533326850284,-0.2794692068867936,-0.6911813066076474,-0.020381916555618756,-0.025044972225695343,0.5582438519857663,-0.05925120579362629,0.27654031892868414
0.13862384475210743,-3.5343701324446237,0.8938313525852478,-0.046797304203714994,0.07149496218884269,0.6688875818069856,0.7384361080048052,-0.13624405902239048,0.04932745914634652,-0.19081908679276657,0.09569302947203309,0.3959121103575157,-0.5303221050221412,0.03627359664392607,0.05613922880839764,-0.03639431105762027,0.2124534424320126,0.14173999116668118,-0.4752385029585325,0.6323660713262579,0.5423830456948312,0.3517098653559733,0.03750303133295322,-0.2628604212895675,0.003789553608154074,0.1253511309637676,-0.258701886717381,-0.09157040744160354,-0.08157834224813133,0.9547849892119937,-0.25173460583875085,-0.24094985473612324,-0.7252857643672368,-0.026302029299390087,-0.0396933203537805,0.6614343236042455,-0.10163020359490191,0.27710907673300106
0.1373502327869054,-3.554514680380511,0.8904762120153821,-0.047787869797178584,0.07052857324238376,0.6672491171945699,0.739946386881988,-0.13425593845664405,0.05372017247772084,-0.19050617798433814,0.09590027012974318,0.39635546705082514,-0.5316826067417191,0.029435301499236146,0.055951384939702226,-0.04234089240269272,0.21059085204461198,0.12356805871524901,-0.481017677483588,0.6500861599229618,0.5417177575360556,0.3536948329114942,0.03960598162841588,-0.26737037794886165,0.002581728905999312,0.1248503993777296,-0.25234650599933256,-0.08289120215408854,-0.07809964213210345,0.9205584103219163,-0.24557298126279076,-0.19623333411224475,-0.7583711251415891,-0.034822082386364986,-0.05193947229256403,0.7706154968121781,-0.14267622674696795,0.27841417825266473
0.1362410261783425,-3.574335378364837,0.8862421667427846,-0.04828436978781674,0.0697105952039824,0.6659265452344665,0.741182088897585,-0.1322366831092874,0.05694287037016263,-0.19014819726446852,0.09624083351120623,0.3970113006849219,-0.5331260818975764,0.023481804870593075,0.05479168954990112,-0.04890746007661433,0.20919831323909022,0.10563599654721169,-0.48649462519186437,0.6664344103371767,0.5410125950486474,0.3558293705909367,0.04144920309762133,-0.27237147042630366,0.001400369086693732,0.12462889189083069,-0.24709143364711497,-0.07574742384922979,-0.07520397122824599,0.8878400214367853,-0.24946162590801593,-0.15435205287984638,-0.7882091290258891,-0.04368614576785666,-0.05754977209130603,0.8788498734190923,-0.18028277068423348,0.28016044427323666
0.13534093250172063,-3.5939512395381623,0.881134992354566,-0.04855334917537277,0.06877141240208565,0.6648938675506915,0.7421786914305472,-0.1301090942150965,0.05969566120056395,-0.18995707755328226,0.09668355125551947,0.3977740609004668,-0.5348372441215897,0.018840282439796897,0.05200909793284092,-0.05591823888901054,0.2084198648770014,0.08794947785508933,-0.49167803674525135,0.6811279461295113,0.5407808355598622,0.35771113600795923,0.04286883073371941,-0.27717980146187565,0.00022951269034219305,0.12480440482658998,-0.2418634829903864,-0.07005715231411198,-0.07535974397555176,0.8551928117472786,-0.2686338177736409,-0.12045612755379115,-0.8144282578217419,-0.05019358528724135,-0.055514554945544387,0.9850347388448093,-0.21625186981705613,0.2812402814740001
0.13457371500842302,-3.6133870896663876,0.8727403878062278,-0.04914501565078877,0.06651503490001176,0.6640542789959072,0.7430965160167007,-0.12744514995149775,0.06469565343002334,-0.18686385415824003,0.09594340554938384,0.3985359749451095,-0.5361003740501169,0.012969671782959158,0.047461752184891445,-0.06727209029061466,0.2087255735796186,0.06996994202382702,-0.49936641153503464,0.6930715809132695,0.5368185520532436,0.3598155459474457,0.04138648364461865,-0.28398345115556933,-0.0008347302554184657,0.12384551957748034,-0.23060614013418973,-0.060111924065714764,-0.07422128063883963,0.8032773661336828,-0.2506960862599566,-0.08587380495523281,-0.837736818361318,-0.052326998408006524,-0.04958647781264168,1.0936541222901632,-0.25420589474847227,0.28262914922812465
0.1339100624217867,-3.6327378806083748,0.8650357258938436,-0.048763391395189454,0.0655563765416183,0.663362733230033,0.7438241575237742,-0.12431908082026118,0.06549557587129914,-0.18572042850973372,0.09513981014807589,0.3998340818984541,-0.5389053581761059,0.011224410847442686,0.041824450219554006,-0.07544593088104655,0.20919258888361836,0.05115154959573986,-0.5031457224763959,0.7052313518599278,0.5387912790210253,0.3611020003920274,0.04312516344185162,-0.2888503548617207,-0.0020423105508176865,0.12364762950933522,-0.23145949252069317,-0.059165220516643705,-0.08095210177305877,0.7809642680072233,-0.31199275132037285,-0.06443617857672912,-0.8577238201614762,-0.054766392614930694,-0.03919405164260996,1.1985649916317247,-0.2894177174636715,0.28256368897489337
0.13332415221263927,-3.6522805179166276,0.857614801713521,-0.04850875769831917,0.06506265390405959,0.6627405356497329,0.7444385360123634,-0.12008395892310156,0.06573975172172804,-0.18503170017021056,0.09338457016573265,0.40069882422537545,-0.5425807135691739,0.011453644013368486,0.0357204625212878,-0.08089731886248147,0.20960918229898437,0.03301906595763527,-0.5063048948089404,0.7154061616556916,0.5411302531967737,0.36164862826132155,0.04643293291250443,-0.2929320253948761,-0.0031140721477168577,0.12384698214888923,-0.23955872491610347,-0.058121109193731646,-0.0832587968758349,0.7676965410539671,-0.3707089631991214,-0.04555703454168471,-0.8748042308485873,-0.05690335825574881,-0.028549211310114037,1.2987848527191215,-0.32130074407047804,0.2830990704821762
0.13283108668802365,-3.6719391034470776,0.850356848985402,-0.047864388541168895,0.06523805441754316,0.6620293066613836,0.7450974390553496,-0.11441777911867884,0.06410796820865787,-0.1843804081302454,0.09055144987850329,0.4016870512516903,-0.5468227300421495,0.012810499431412348,0.02978842371402713,-0.08421495724608875,0.20990408560627033,0.0157911575550128,-0.50883002726343,0.7232535351564638,0.5430978619966039,0.3609851370224986,0.0506071549339616,-0.29670237112138154,-0.0040538384243157905,0.12439416734706087,-0.25671016477714254,-0.0574490342965429,-0.07798952195340289,0.7674194865066534,-0.42214347838156097,-0.029588020920128067,-0.889630566826739,-0.06002526426165944,-0.017303222528440635,1.3958302648670575,-0.3507314687740266,0.2843796444890738
0.13224611094739028,-3.6918801552260234,0.8432474544680724,-0.04698613398521697,0.0659735478059784,0.6612821183662219,0.7457518046455516,-0.10755366599511047,0.06090898778388696,-0.18422234504116156,0.08662107857519659,0.40264868005487164,-0.5517403652431128,0.015481089412928596,0.024159000203525054,-0.08611757041957663,0.20992323197985707,-0.0008356555645873161,-0.51079703097926,0.7288923355004697,0.5451777948911853,0.359005288336838,0.05562191317531194,-0.30035126272637896,-0.004881785517661558,0.12542857495150095,-0.2820841710233564,-0.056934042369637054,-0.06685467149157556,0.7787178971378951,-0.46771415045006187,-0.018017391349244315,-0.9024019627260992,-0.06372596924475812,-0.005148004255850732,1.4907775936598087,-0.3794936140330794,0.28559743766591444
0.13161767029993407,-3.712243844440831,0.8365561605638924,-0.04626329696866283,0.06723855888430416,0.6607675983822539,0.7461399764661448,-0.10005294904200691,0.056954607583496866,-0.18478354318831974,0.08202241037682431,0.40351172680219327,-0.557292263719685,0.019688536806611756,0.01864079532306851,-0.08698784217105365,0.20976426920183092,-0.016284291986488647,-0.51210425518134,0.7320350605445975,0.5473348713319106,0.3566362516768446,0.06158624181483604,-0.3039580346337701,-0.005588603318651581,0.12670702225638328,-0.3137267294212808,-0.05647291411233123,-0.0541352474041602,0.7969115299349468,-0.5059280432909183,-0.010412224809560182,-0.9120759404871517,-0.067819720049253,0.007153890460756843,1.5811727256758028,-0.40739251690624034,0.2871700837133228
0.1311068050339008,-3.7334903925243745,0.8306972092269075,-0.04614326192649652,0.06897696293291773,0.6607808733887621,0.7459769536164758,-0.09250160978273812,0.05311609032373243,-0.18641620813898654,0.07680972871084853,0.4040242770750109,-0.5633400057813759,0.02609556933907429,0.012945058052049607,-0.08666354161220487,0.20972284804769584,-0.030235638041505596,-0.5124535015561303,0.7325946405720037,0.5498420045723171,0.35545402777721563,0.06856763378800643,-0.3072035752716954,-0.00617053820568936,0.12798442156392412,-0.34953875122549183,-0.05606543990172822,-0.04448374820578925,0.8167179818000369,-0.535272755172285,-0.005745055481122534,-0.9176407093929856,-0.0722298590458612,0.018419914862750564,1.663584205317557,-0.4337427945767936,0.2896318076143853
0.13055263828144334,-3.7553862675271086,0.8257221615904807,-0.04667637360484997,0.07142497826946446,0.6618312890005099,0.744781265558036,-0.08589323491532724,0.04911633259884753,-0.1882550513752707,0.07014581848900113,0.4042683039782899,-0.5710005965032029,0.034486403271459985,0.006747665193934988,-0.08607945958112548,0.21009625487074407,-0.0420864607116365,-0.5124124100089151,0.7297801332128551,0.5517452440733145,0.3570419279273438,0.07693987386408624,-0.3106248784197737,-0.0064998867315729965,0.12842584256077022,-0.39028100967431495,-0.05683490824886666,-0.040398199661145565,0.8379398178920939,-0.5537749702433732,-0.004112388295387159,-0.9190095593105683,-0.07863992413694086,0.028327642610012964,1.7377640440040079,-0.45871595691418016,0.29295759032676366
0.12981311724627395,-3.7770856284459855,0.8215679831416062,-0.04770875963601316,0.0743061572369939,0.6636393752279292,0.7428224881475702,-0.07969714507312863,0.0451239711567251,-0.19008021372952932,0.06261657930337362,0.4039912868647839,-0.580481736902363,0.044581203396444266,-0.0002170217845073115,-0.08555068512686709,0.21090836759775952,-0.05137773099679648,-0.5123113966707097,0.723710879146829,0.5527957108633272,0.3617711526839796,0.0871777474600143,-0.3144567360055863,-0.006602791541426566,0.1282043895460922,-0.4328712544100284,-0.05846883837652476,-0.04092902081186443,0.8554633956407893,-0.5690243214575961,-0.0048298021681988795,-0.9157838391068471,-0.08658704465183373,0.037260481916985895,1.804716919464007,-0.4821049777785799,0.29569971436092235
0.12928950002048997,-3.7981883117483384,0.8182632539783098,-0.04858456571024869,0.0771600910064551,0.6653959447343435,0.7409008685794015,-0.07248977360603126,0.040445154624938154,-0.19240380329773796,0.05626734237142325,0.40359848361150386,-0.5898699304828493,0.05593108297413668,-0.008146733627792295,-0.08416383642870778,0.21219456704425965,-0.05818180321879526,-0.510839563168486,0.7156623521759506,0.5539973530389242,0.3690250935867271,0.09860751553426132,-0.3175315586553401,-0.006668726235812881,0.1282911872790745,-0.48053537558101633,-0.0606282105941442,-0.0429987368553898,0.8842724129995804,-0.5634427002920039,-0.007337776403596198,-0.9065745751423115,-0.0939055021820452,0.046428784074235084,1.8638052627002912,-0.5035063387409343,0.29798499000008966
0.12886346832597947,-3.8181961138373284,0.8160914093322447,-0.049402551902466924,0.0786505941710846,0.6661478099631615,0.7400138966150177,-0.06260464082325154,0.037603288740638285,-0.1946489724944199,0.0541247930507849,0.4023025354405596,-0.5968278719506152,0.06676248592967518,-0.014513629328542927,-0.08085827794967622,0.2127483062401678,-0.06358280284536713,-0.5091602087697374,0.7081834666770701,0.5565165475529273,0.3740595252773115,0.10717963616817988,-0.3185619603050448,-0.0066728427809247285,0.12929559071255084,-0.5216760133457858,-0.059942043679473846,-0.04428857823762458,0.9068478243169082,-0.5534538485106619,-0.011514139767564732,-0.8890465925720943,-0.0967376428830905,0.05567232874801762,1.912468699306451,-0.5200939050370968,0.2988544636471195
0.1289733833206158,-3.837188879467421,0.815196979655839,-0.05053559168187092,0.07849320056686274,0.6658295211730011,0.7402405150845666,-0.04937868883184653,0.03750917477880317,-0.19893111981957012,0.05685820849083998,0.4005078685952984,-0.6018890052346698,0.07822963221254954,-0.023584827204654064,-0.07599821241703289,0.21300653352569843,-0.06507870945670917,-0.5058162120601142,0.6995720598142521,0.5597076213710733,0.38001141532794913,0.11593453058960557,-0.3175444862377403,-0.006964787846196543,0.13251864088932241,-0.557466110466899,-0.05528347854960536,-0.04553269779699398,0.9256619575583473,-0.5384394800781132,-0.017778175995038153,-0.8621338562686824,-0.09396952197922918,0.06426517123394894,1.950108433712497,-0.536446348438661,0.30026365578125025
0.12958689178327368,-3.8554278125911665,0.815341073940587,-0.05191688007497727,0.07693778250081452,0.6647383515219425,0.7412881620550996,-0.033307027166095085,0.03974671695070604,-0.2039102906462886,0.0635354708154272,0.3981310847985941,-0.6047225512948123,0.08922536924248663,-0.035679963602259446,-0.0701675296905268,0.21302326072727198,-0.06332173261764826,-0.5019191683022782,0.6897353102576036,0.5624553021219046,0.3868583792743821,0.12325460165564342,-0.31429987208470933,-0.007339948149788325,0.13736978150549004,-0.5892348657679806,-0.047391206706713804,-0.04733340701089871,0.9416146463244672,-0.5182956345588516,-0.02576541766724231,-0.8269528586093452,-0.08682811079900037,0.07247000592560786,1.977537922109221,-0.5518455881127624,0.3023600827812234
0.13048374885781902,-3.8731968085061848,0.8162754404371909,-0.05316659153546002,0.07482956818551621,0.6630176782357053,0.7429545124814876,-0.015405292692971854,0.042680187002726105,-0.20895972573526664,0.07303375440289023,0.3952616635324089,-0.6052824147205575,0.0988543657897395,-0.050080916692414754,-0.06383785721683186,0.21309579485884392,-0.06023373253550318,-0.4981391212883429,0.6807505748399081,0.5639412310254404,0.39414417296996157,0.12907375023972611,-0.3092623448559392,-0.007894543923911429,0.1426036531571198,-0.616632268102479,-0.03795205908531271,-0.04864334430824056,0.9520204754739321,-0.49442891156947383,-0.034129857449543735,-0.787051751018532,-0.07707336166588429,0.08147407574456703,1.9961224130472266,-0.5639588902696994,0.3042152593278863
0.13115030290002058,-3.8910517898945716,0.8178292567648814,-0.05393919417995749,0.073192703723264,0.6608093112631119,0.7450264730872765,0.0030399176576357055,0.04448363366493376,-0.21376936476705227,0.08389916987450163,0.3917050767184698,-0.6036414639529885,0.1065874009079167,-0.06513650253901906,-0.05746472534940483,0.213433929275883,-0.05885217211778628,-0.49489792247642633,0.6758201151003544,0.5641122383653948,0.4007879275380295,0.13462096032181275,-0.3033693192733922,-0.008771118191758576,0.14700015001550606,-0.6395986778217448,-0.02884220758080516,-0.048059575275654715,0.9539107734964667,-0.46832498663815286,-0.04179419941837075,-0.7469550337320232,-0.06676074830904127,0.09245584218811667,2.0074574183239484,-0.5709214122095474,0.30508719633796716
0.13151920657944774,-3.909163254647629,0.8200961323012528,-0.05380471678605274,0.07248110970069148,0.6579019475104444,0.7476741059111869,0.021980602830935104,0.04406460288563729,-0.21832052447995912,0.09655867167456997,0.3874557908112956,-0.5990957885593469,0.11214800399345842,-0.0791899414037486,-0.051076414097853025,0.21417819275991976,-0.06074683478019139,-0.4919269808671745,0.6777833598780628,0.5635832264970895,0.4052756583219819,0.14092535970139286,-0.29754775397990074,-0.010086483647432089,0.15017906833828198,-0.6573705641056451,-0.020887170728072012,-0.043778608992348055,0.9457601237950636,-0.4401624687341439,-0.0474061420542306,-0.7077218289462678,-0.05700219453472055,0.10672290818754236,2.012197359517727,-0.5732658449206922,0.30587259291811064
0.1317985405926234,-3.927693066214471,0.8229908005444365,-0.05292556046739533,0.07220791303668049,0.6543377032076159,0.7508841938042649,0.04144690392554,0.04230726720809463,-0.2223807707775794,0.11118478735550773,0.3826699825841593,-0.5914825196846305,0.1155051877877292,-0.09147244595324718,-0.04513146384521247,0.21517015029627015,-0.0654542431871907,-0.4887386220772642,0.6857500138543768,0.5626358414674537,0.4068381086904265,0.1478565969149803,-0.2924342800286602,-0.01171348584822146,0.1524102594616117,-0.6703289668557934,-0.01315462858457317,-0.036698375037769404,0.9293833388920998,-0.4096114185990752,-0.05158316175689372,-0.6679866302158934,-0.047323181435879075,0.12359825808118678,2.010030844368601,-0.5723922061680902,0.30722971803808513
0.13215875336512214,-3.9465539813388864,0.826575027752657,-0.051927492854502606,0.07192748346575027,0.6506535713210522,0.7541749815097885,0.06044139639153971,0.04049725323001714,-0.2254354763909589,0.12673052980927735,0.3777043571673649,-0.5821539169107697,0.11690086421720786,-0.10165308347565839,-0.03996851891052486,0.21607939205914042,-0.07189528343229477,-0.4852719398660748,0.6974092457228611,0.5608073086971526,0.40554131996782977,0.15525475433690505,-0.28818681872181123,-0.013453220013610786,0.1536012735335945,-0.6796167377535227,-0.004767766993575109,-0.029562964241786407,0.9062555771398749,-0.376113611440623,-0.056193066537804336,-0.6278510599294428,-0.03686044108860136,0.1408537187374883,2.0001685527377333,-0.5675161029839253,0.3083079862750295
0.13300800691346085,-3.96556563686051,0.8308598533262807,-0.05146235261993763,0.0712163084888598,0.6474548742751505,0.7570218289094373,0.07793536943344499,0.03993736051067851,-0.2271542644522266,0.1417386658134283,0.3730035425540335,-0.5724203082008363,0.11703834770889676,-0.10939601576498571,-0.035560213653481665,0.2167051533558524,-0.07894688353709255,-0.4814872878395012,0.7101244033730869,0.5572188847116223,0.40205891955184314,0.16252018310621916,-0.28461977668257954,-0.01510170046218461,0.15362704896772386,-0.6864333340467348,0.004973543506255207,-0.025279703928481046,0.8777415651441413,-0.3389428995821456,-0.06267618225853902,-0.5880561235077258,-0.024570158561707186,0.1559446940200889,1.9819939517884624,-0.5576311256306635,0.30884726481124725
0.13438270553582365,-3.98526270527073,0.8356875639230147,-0.05182032383290337,0.07009684126940016,0.6447536017400405,0.7594036343902697,0.0940518469033263,0.04093936520436407,-0.22786940552702617,0.1551015726039244,0.3683297152971217,-0.5622683534562065,0.11658197688326964,-0.11370950560239729,-0.03203041404230926,0.21701932242643265,-0.08699384051418738,-0.4775647348461242,0.7229472132662627,0.5511439962898483,0.3972859404879825,0.16932719370507987,-0.2813824245483819,-0.016654394026514488,0.15234199563158488,-0.6916746011603165,0.015837817467995247,-0.024256742376993976,0.8439297206611761,-0.298547396764704,-0.06997314232092726,-0.5499083156292757,-0.009563297531686776,0.1686641358617096,1.9554141954294835,-0.5433589035611425,0.3088219391477739
0.13617987350910865,-4.0054806831367324,0.8408677455369749,-0.052586758446590214,0.06878720324471345,0.6423543887367148,0.7615010129845734,0.10914020789117326,0.0427349700041364,-0.22768986392106258,0.16768845815190012,0.36370897243013456,-0.5512910789934943,0.11514830869790789,-0.11414800912307552,-0.02961617926791783,0.21714620226038778,-0.09583745921882175,-0.4739043639747494,0.736373556526728,0.542192651147141,0.39170329973352874,0.17542111178310504,-0.2785576118677634,-0.01819731216896678,0.1498896626434828,-0.6946197814049017,0.027079765135726394,-0.02490039557841654,0.8043009961175134,-0.2549088456082047,-0.07703272870732628,-0.512631732497456,0.007645933091171592,0.18073860047320936,1.9206515866938396,-0.5259989043630948,0.30859205795074623
0.13816405228874906,-4.025932756455166,0.846373859140652,-0.053517854760273875,0.06732495636959501,0.6405848327621776,0.7630558705014613,0.12251106482314958,0.045002410538595355,-0.22673759402869192,0.17941725810643128,0.3591851533500889,-0.5404496670308092,0.1131749662547671,-0.1113616502167031,-0.028315729714227012,0.2169099165409341,-0.10463808541411601,-0.4705864974281236,0.7493620121910758,0.5313785194553017,0.38557889279586943,0.18046435432140626,-0.2764849872806494,-0.019643237176280415,0.14676782233278532,-0.6948849466120088,0.0382563246507552,-0.02724677648417255,0.7590170562352739,-0.20742468561653596,-0.08546360165642336,-0.4755392828763098,0.025742933729748434,0.1927065557326987,1.8786295372100104,-0.5068943208724087,0.30840258148096716
0.14021713598111912,-4.04631066561511,0.8521475796695916,-0.05392734150330834,0.06512053307134845,0.6398709400958195,0.7638169532235982,0.13323972943580306,0.04784035080742389,-0.22181356697129467,0.18849647693911997,0.354550397076731,-0.5298567560198398,0.11116863952090675,-0.10402867854086967,-0.02747989933561345,0.21436999223896794,-0.11447807701992359,-0.46783252857586927,0.7617258418686532,0.5187045662704428,0.3750694182295164,0.18678806110415552,-0.27505626562816765,-0.020874108107269366,0.14160717731287875,-0.6898328823589022,0.04894800814350288,-0.03181153325931084,0.7062943948571996,-0.15105751365255268,-0.09845629402422769,-0.436635174571028,0.043805713482040584,0.205056378919459,1.8304080605122603,-0.4854435805889837,0.3094393764742065
0.1423481897149018,-4.066799058232017,0.8580077198814599,-0.05439801315305824,0.06320203775052298,0.6402774951319463,0.7636040124414883,0.14164290133999793,0.050153249679048315,-0.2176504420078251,0.19611606110476723,0.3507608898255871,-0.521187073121301,0.11020912858036822,-0.09658922668891828,-0.028609966191577973,0.2120954339451257,-0.12143829500308825,-0.4650943577604404,0.7698171370217896,0.5066099115440331,0.3664314243314675,0.18794893326499298,-0.2766827520995161,-0.021856612876391568,0.13720779706013114,-0.6837109487112423,0.05730828074820833,-0.0424918738244801,0.6484182121556342,-0.08884523565469105,-0.10961810646128124,-0.39848404058748854,0.06166241974034548,0.21768455360856204,1.776462585749404,-0.4644007871772197,0.3095922535672471
0.14452738894841097,-4.087401560843969,0.8638103076032699,-0.05464854441655254,0.061190371852097275,0.6416600433577099,0.7625887907279618,0.1477916006906076,0.052245310106435336,-0.21181539314017894,0.20177970464832595,0.34734914457061195,-0.5131288221837658,0.10989549556710548,-0.08710777246511886,-0.03134946472813045,0.20864907586878484,-0.12790382950143767,-0.46269164285183645,0.7758823117295865,0.4940627327632218,0.3563988692940604,0.18683153601029137,-0.2812337753770975,-0.022678179529243378,0.13198066139305745,-0.6747869396080161,0.06352325275097853,-0.057216221915630215,0.5835758856805623,-0.01746770899212665,-0.11863810611008621,-0.3599721824802441,0.07989538534053721,0.2312197882997809,1.716252629990746,-0.44277737103192094,0.3092255579205237
0.1469586548572713,-4.1082157820393865,0.8693038497838865,-0.055579370620243096,0.05897250172700018,0.6435071901855828,0.7611384064550757,0.15285690549778408,0.05552540250145404,-0.20737543062276168,0.20709757816595356,0.3446721187119614,-0.5061733136675644,0.10932380128445868,-0.07867660702088203,-0.03471188216614541,0.20611982975612633,-0.13247258782012478,-0.4605076264496889,0.7796685072927798,0.48159006986786096,0.34855750287999837,0.18287555735755268,-0.2874369330474862,-0.02334809377659202,0.1277870019732549,-0.6641764021592382,0.07141799830721866,-0.068006102791208,0.5151400812794574,0.05172074115265075,-0.13217027343730497,-0.32284801485302095,0.09718974727319923,0.24466811474137945,1.6513328207224978,-0.4223414239741577,0.31015764334834756
0.14956947934565915,-4.129264271540656,0.8740662409894303,-0.05708266842947829,0.056622505522249636,0.6456510210971063,0.7593880561278378,0.15685505459604243,0.05925175626248995,-0.2046174512440242,0.2122918740461375,0.3437064110028162,-0.5006471506994675,0.1073601400006004,-0.07204225628191459,-0.0386556786681275,0.20507065277461814,-0.13532705391622415,-0.4577321248352211,0.7812088380815315,0.4696782906540189,0.34340882527838745,0.17767331809342654,-0.29359731145535406,-0.02386628997210629,0.12480024425964036,-0.6595590280302733,0.08169759407060014,-0.07187047386010548,0.4595949561436772,0.1222852938529741,-0.16108041726997352,-0.28825039481041315,0.11019898511823975,0.2549442252760425,1.584430352587162,-0.40387349541489065,0.3111849321996629
0.153211714704695,-4.15011346777501,0.8775695873883022,-0.060258015338997266,0.05086782057664959,0.6479730556288903,0.7575700334597094,0.16085468914323536,0.0702440007789988,-0.19829785893488322,0.215091729477051,0.3440855595103669,-0.49655946789037236,0.10418257213418732,-0.061932673503693254,-0.04478081687450662,0.20362836495377465,-0.13810091509470732,-0.4554532897785092,0.7802411081367627,0.4574164526819602,0.3358351822719884,0.17026452260946237,-0.3030485783468415,-0.024223979542839648,0.12030171177258042,-0.6377828320034873,0.103473970112164,-0.05645155389019391,0.38159690385801304,0.1814816583171821,-0.22953020604874655,-0.2524433865462822,0.12396762641213677,0.2580035430715833,1.513602217380872,-0.38380636840881543,0.312745553335643
0.15594883246026678,-4.170100831833912,0.8794592959416688,-0.062218944545755835,0.04569281821803027,0.6520238967279186,0.7542584486756816,0.16022636235688184,0.07962560662520282,-0.19279230963690047,0.21935520756924878,0.3459568145476543,-0.4940607735537687,0.09907422750148805,-0.05208901924469045,-0.05268924655422673,0.2029663794287652,-0.13699992125121555,-0.45408722240591853,0.7763727012917461,0.44384049034981593,0.32885919742577857,0.16182788073115345,-0.31401186057298486,-0.024369320871160942,0.11769666958874268,-0.6004396306717238,0.11408132483723805,-0.004606499090836266,0.28005344202130494,0.23076783846261495,-0.24145473449656368,-0.21517217692547916,0.12823674683608943,0.2541981505394902,1.4402265321808017,-0.3667297503034873,0.31398424108171824
0.15876272195489677,-4.189903372542913,0.8800740195325377,-0.06631503255149818,0.03825262668491812,0.6536832287632617,0.7528859737324334,0.1657599211818702,0.0955559829935396,-0.18908117482444164,0.22432646216754967,0.34798312623057887,-0.4928049542710342,0.09238717329208171,-0.04742600860235782,-0.05895864693899839,0.2033094633881567,-0.1353273530896413,-0.453174727588488,0.7721697441378774,0.4315386057566363,0.3261403357684181,0.15548899632692986,-0.32111693963639926,-0.02422809661270014,0.1166625195741142,-0.5981796736863011,0.1270353841051341,0.0566785844868617,0.25196346374371725,0.24732994961469543,-0.233246886748228,-0.18013982494240793,0.13616334187556142,0.2514939579402709,1.3655719716642882,-0.34987853218615295,0.31330643878354697
0.1609089746967214,-4.2104065479267945,0.880636837497007,-0.06915634293651023,0.03231719969007502,0.6550125563144839,0.7517523195216653,0.1713306534356372,0.10770234915448364,-0.18320271177899017,0.2246996287042682,0.349941890755537,-0.49276058170479986,0.08771746451994201,-0.04103263393474875,-0.06299774516341557,0.20324571271226816,-0.13633228906304473,-0.4521104796397588,0.7690161663654113,0.42195246710864304,0.3221043418538387,0.14864673177735388,-0.3273640004270939,-0.02430010227468419,0.11424481506079544,-0.6028580707243226,0.1356958839191713,0.10791995959224288,0.240711769385261,0.25578854200450934,-0.23250809661880553,-0.14904657098181054,0.13885290242136933,0.24872289457709032,1.2920187889831394,-0.33175858206767683,0.31237111402160517
0.1628047678529323,-4.2315537769303,0.8808470614238872,-0.06914663723726201,0.027744447986531386,0.6567310438216524,0.750435423101564,0.17509197123403253,0.11442593289707596,-0.16906620689898436,0.21593551379867124,0.3523233134749228,-0.49499019176777476,0.08438384216541299,-0.024596376549144944,-0.06341910022478353,0.2022676692345993,-0.14296277696408205,-0.4520758038578264,0.7665280912042056,0.4140553297122913,0.3110454045032894,0.1362952770326391,-0.33372099703678426,-0.024522373782087662,0.1066006674157022,-0.6044853279367021,0.1395702638715423,0.13782044822869566,0.23588738410413598,0.25230298041086036,-0.24038585158210365,-0.11958740743178867,0.13300743716865718,0.24279657188351858,1.2197095841175314,-0.30936894381662133,0.31418340005201406
0.16426642483182072,-4.253362406096016,0.8809166339923304,-0.069333670065657,0.027922289807113677,0.658853391454566,0.7485488604600035,0.17632222837244185,0.1133406323481604,-0.166953743573794,0.21100810274149262,0.3554438264419929,-0.4975996660861487,0.08107478482907951,-0.017794390240277534,-0.06296750976281419,0.20243698471831353,-0.1453079183704009,-0.45090442195914954,0.7653686013621945,0.40705644818754866,0.30713005275820426,0.12891150975885857,-0.33577516784841976,-0.024142801228770015,0.10515109291886887,-0.6094397003167106,0.13788342891356103,0.15086836325900493,0.2324967577510874,0.2387964895139646,-0.249198365176387,-0.10111911723017687,0.1186043137913369,0.2309834547275841,1.1498728894397603,-0.2887541646699381,0.3149003403421196
0.16526117398053375,-4.275744181959862,0.8807472228327222,-0.06873188677217036,0.030086712002650128,0.6616584523542377,0.7460420966204261,0.175831343832047,0.10791486097551105,-0.16604791848737285,0.20309149081502992,0.35943820095832885,-0.5033410589772033,0.07815752966160584,-0.00986949953335912,-0.06144577413729105,0.20205272501271065,-0.14662378811259824,-0.4510104292227407,0.7626615590014235,0.40063060662747174,0.30284823705050484,0.12057231201879982,-0.33692884586829186,-0.023605924240026697,0.10434541934699071,-0.6136501254395492,0.13196897207068417,0.1558752083108093,0.23205025480480196,0.2190168778089191,-0.255801867167697,-0.08622077883448889,0.10040174997638225,0.21605962000682363,1.0807561746960999,-0.2686823098400991,0.3145478665000871
0.1659738390544448,-4.298348639925097,0.8800212768309146,-0.06749051396327603,0.033811380892779075,0.6650725626551126,0.7429537720817201,0.1725671069618333,0.09956653437146723,-0.16647425035070942,0.1945708954580564,0.3637671521953489,-0.5095263977622831,0.07544344987373804,-0.002368995749705495,-0.06028397430751515,0.20127487569510316,-0.1480917447094582,-0.45190235892357355,0.7609262076791865,0.3954626043179012,0.2992574652977294,0.1117808823497595,-0.33821325028176874,-0.023169752958069948,0.10411816365892677,-0.617127152735713,0.1221615843334175,0.16026241838615896,0.23422095486590086,0.1985254604484465,-0.25918586711761593,-0.07341047054508909,0.08258240877473363,0.2030711376188346,1.013438878051196,-0.2521959878870411,0.3124751954593138
0.16642625558116966,-4.320856678371608,0.8786581620088426,-0.06530732862516109,0.037603207608572706,0.6677492807011386,0.7405618473351858,0.17060217503053496,0.09010876148787021,-0.16438690993528401,0.18245370461442623,0.36834411108195875,-0.5174768355030792,0.0739041204916396,0.0070327344672954754,-0.05896844382560032,0.19889704510881606,-0.15145712934769895,-0.45389120153961504,0.760370041072542,0.39296491209353973,0.2952967642910217,0.10059580163562416,-0.34068041253350356,-0.02278298296729757,0.10286048067497959,-0.6425536178515191,0.11571903333369019,0.1656652260608044,0.2907325564761866,0.1544191360077499,-0.25855405409103976,-0.05942609432001936,0.06803562589806716,0.20044947315007577,0.9449901893406886,-0.23453905790822024,0.31042404074168445
0.1670203758928413,-4.343507320341257,0.8764573305817717,-0.06273433423557309,0.04254682567678441,0.6700767650624891,0.7384113351352604,0.1684039644964735,0.0777982595165938,-0.16401024612322437,0.16988920228720242,0.3736984507646588,-0.5248407086880943,0.07296781971453738,0.011603672776828148,-0.05930637299896496,0.19612967526592778,-0.15561202931703105,-0.4548875853588456,0.7620213542526688,0.39287818320137075,0.29455282753619644,0.09177970266602459,-0.3444646439392303,-0.022217759371508595,0.10219721542314825,-0.6767950486156864,0.10905149397222891,0.17113845882618564,0.3697992764486092,0.10104695676619341,-0.2562442982176244,-0.04829642199291388,0.055295599141747226,0.20630805889600307,0.8779766692094733,-0.21810188240864947,0.30935806506708513
0.16775281726776783,-4.366019991205524,0.87348180204531,-0.060240287083951974,0.04777611206894594,0.6721749844375338,0.7363893951056188,0.1659061271916719,0.06496499258526464,-0.16489355201609412,0.15712323902414527,0.3795440792038256,-0.5323769930906255,0.07240133001819925,0.012852146478268921,-0.0606521271374157,0.19322304572812404,-0.15931623800207265,-0.4554041197978748,0.7640862003199255,0.39481236333541975,0.29627738611602483,0.08428358849785361,-0.34907277737946096,-0.0215715195514554,0.10236212504460053,-0.7131201162987948,0.10229235593716798,0.17608711528638465,0.4578406265080901,0.04601264578497064,-0.2531629726448986,-0.0403879694980511,0.043409415993022185,0.21378776423051563,0.815703437775497,-0.2083959614441764,0.30684765147200693
0.16902014393059328,-4.388487962691342,0.8692540436117833,-0.05884290984749221,0.05150369491677438,0.6737816177493824,0.7347810646400902,0.1641685428771122,0.05545162768774073,-0.16532330748238627,0.1437738001574844,0.3857804599582864,-0.5397345366296586,0.07149244444861892,0.011828878896207687,-0.06415107153623316,0.19080626438366155,-0.16275841729626256,-0.4556096092512228,0.7648897274268339,0.3980782199045559,0.3000228878824085,0.07759862792993373,-0.3542172165416211,-0.020821269597115236,0.10254102631365943,-0.7514038212349938,0.10011196540597951,0.1788938035355564,0.555123931978713,-0.009201066223014516,-0.2514589354500124,-0.03633400097200258,0.036267364217278705,0.21283406379803183,0.7639701994869446,-0.2133659052899328,0.2743517239060473
0.16988463796361677,-4.41115860871861,0.8640277653582795,-0.05702916077710105,0.05567967985367239,0.6751642489628008,0.7333489517241765,0.16261851089900148,0.045068137350902496,-0.16548696066363233,0.12900392452524573,0.3915712607560597,-0.5475363797052907,0.07179406192830735,0.008938726105506903,-0.06848777109147897,0.18917161715595276,-0.16563344777655653,-0.45606593474635787,0.7643451464429948,0.4031847320921722,0.3056041919962002,0.07171937370550935,-0.3593384050064624,-0.019939052665080587,0.10262552244540728,-0.7886029571270409,0.09680269310480899,0.1824715312232477,0.6552872265797705,-0.06196587210741821,-0.25039731739457916,-0.03793869681971076,0.027315351150083357,0.2032550809047372,0.7270096159939033,-0.24178668070194106,0.22476834815632352
0.17051331446601634,-4.433646797396508,0.858259259924686,-0.05400925543417855,0.06069532957830969,0.6766707070549148,0.7317894721220216,0.15990573683740902,0.031909024378705075,-0.16392191203232848,0.11339304390430366,0.3973263534792634,-0.5545608451143287,0.0723342471476089,0.0056740803995582925,-0.07134962604159376,0.18851611417197883,-0.16858579607326563,-0.45613404567594357,0.7637344349390165,0.40963603120879677,0.3102135852302601,0.06898096054295383,-0.36261127721109676,-0.018915134234008382,0.1021829746317716,-0.8218646659534701,0.0902807581676595,0.18707757406725925,0.754158534522331,-0.10572484475491042,-0.2500923915055226,-0.04375972814708848,0.0156995823578648,0.1903006516265374,0.7022122765643474,-0.28621221782263256,0.17478599426410568
0.17149021526952057,-4.456209920776974,0.8510368209943123,-0.05206006980261273,0.06472614762500639,0.6774781099748851,0.7308376601206521,0.15871844211444866,0.02192714278334059,-0.16303937524414044,0.09630401760070721,0.40380524911802274,-0.5633882505671393,0.07391464276351589,-0.0006493647810518577,-0.07717477550306782,0.18874007625943848,-0.17094649268121834,-0.4567511905519856,0.7619594659877227,0.41833918179368274,0.3198927995183066,0.06387418298412997,-0.36760345210721884,-0.0178902664614698,0.10171528815873955,-0.858776405710243,0.08824095700228951,0.19004910051712517,0.8656362171188134,-0.1593537426851076,-0.2485706083753844,-0.05317126611870253,0.004993946318285409,0.17142215648834414,0.6757288015454855,-0.324056686889774,0.10621971679266104
0.17305499842588037,-4.478574452095069,0.844419434410805,-0.05192866909394,0.06680602817514694,0.6782110027437501,0.729979591278352,0.15667086588198673,0.017944151404578803,-0.1628932115477606,0.08113640487694515,0.40832680751653255,-0.5708848739348674,0.07694767913105231,-0.0072991185391591724,-0.0800965004697822,0.1897474912464218,-0.17312165664280904,-0.4567619476651028,0.76101506372816,0.42956687688576595,0.3294379107791871,0.06260262868075717,-0.3702222272045727,-0.017025128412840564,0.10239842482763657,-0.8912537781982348,0.09044982140106725,0.1900823583430693,0.9714028658492146,-0.20551081311124086,-0.2481954674670424,-0.06908818562840954,0.006107120434684097,0.16507088112766927,0.6693960322623167,-0.395201331940937,0.0638357760277398
0.1754323063354466,-4.5006465718732755,0.8381659830786272,-0.05392403293838629,0.06615025310132121,0.6785238256661937,0.7296038381817924,0.15484425079447559,0.021111546848631216,-0.16274710741276077,0.06750740546082877,0.4126987265901621,-0.5776226342922605,0.07948481207070437,-0.013998312852451622,-0.08106030969677526,0.19173244013298377,-0.17546541145983408,-0.456263066144669,0.7606544977053395,0.44214159278167003,0.3386822007815383,0.06409052379996527,-0.3704133429028623,-0.016251374816363042,0.10413815805322041,-0.9206227411543272,0.09970043025670991,0.1867098078275455,1.0760716800026178,-0.24902180398839066,-0.24884278087841202,-0.08836483671465728,0.014829980953796023,0.15908390225753566,0.6668425447581021,-0.45511312651061087,0.038372775164475355
0.17837706328176361,-4.52264238688658,0.8320586999603646,-0.05742605304882362,0.06339681818031714,0.6785629415887268,0.7295446704474643,0.15297874381269666,0.029940576611244177,-0.16208654819953938,0.0544921494256215,0.41675281299610145,-0.5834389574290498,0.08163796642095593,-0.020681852756407056,-0.08071688275004721,0.19494800147097918,-0.1782137987628844,-0.45578955089595125,0.7604648223224688,0.4554072115152426,0.3478588739966062,0.06679645533500819,-0.36857883978879263,-0.015537143153231516,0.1064185942735013,-0.9472939015566123,0.1144672798214625,0.1803214966332447,1.1811973264611808,-0.29234680688801595,-0.25052873383180463,-0.11163994436603172,0.029105906459226248,0.1520199990460565,0.6697507768135894,-0.5075937916745502,0.024202770813638468
0.1816013095110771,-4.544802993612175,0.8264616035184938,-0.06138622103524812,0.06021244655434406,0.6781886534736962,0.7298399437181321,0.1509639248190067,0.04045786104691477,-0.1609226327433948,0.04246445389607362,0.4201361760756105,-0.587313662439812,0.08410773297590131,-0.027369306813121143,-0.0789582078463754,0.1992012435214402,-0.18117821586115754,-0.4551398456494163,0.7602776662673926,0.4690554763625344,0.3573305921824577,0.06990364752944893,-0.36490454692135854,-0.014944786571107333,0.10838496044074461,-0.9696856157428465,0.13167051671122243,0.17416082561225926,1.282183927952489,-0.33350727430648813,-0.2523297632769224,-0.1399352834197343,0.04519548188909172,0.14527085928709826,0.678525450850114,-0.5525769150937178,0.016623084733134435
0.18429203177766218,-4.567509292751293,0.8214707464740509,-0.06475538042443374,0.0583002060979107,0.6772566629312202,0.7305691200634578,0.14866355992190727,0.04858192413525686,-0.1594325163511548,0.031889965666835725,0.4222009248626444,-0.5885682918367543,0.08716701931882863,-0.034339912938702505,-0.07642775132214832,0.20366663649593644,-0.1839407545445975,-0.4547705240138518,0.7592939545869967,0.4819642692773628,0.36756192146035127,0.07315547475098935,-0.36026145123613446,-0.014471403211876663,0.1092783491281289,-0.9864816131217451,0.1480354645043917,0.17193803704289048,1.3742716838382392,-0.3701061475819751,-0.2546878730682198,-0.1743317960712349,0.05923257919027109,0.14068032263770341,0.6941963869648671,-0.5901927257156513,0.009987687442531545
0.18622138782790704,-4.591056294241391,0.817356355711171,-0.06745065398992131,0.05838863164208178,0.6750910206769698,0.7323204836494905,0.1471884427897255,0.05291049158818864,-0.15752860825190915,0.023234961458957523,0.42302052532160495,-0.5862986774951375,0.09062834738404096,-0.04179211461624425,-0.07311552282235066,0.20768934511451487,-0.1874782862715933,-0.4545259043299224,0.758160186483804,0.49416730959042704,0.379546424803551,0.07664767399164887,-0.3551351674105904,-0.014232346521155065,0.10845518594531448,-0.9976187132810864,0.16512597060691633,0.17655582780940732,1.456667513344729,-0.40143633323878225,-0.2578574181332752,-0.21728080480800802,0.0706294872287092,0.14010863397714715,0.7189441592505932,-0.6194970008932441,0.0029832777579010634
0.18772185234174119,-4.61439178914822,0.8143077444115224,-0.06961524370117109,0.05991214804415076,0.6721699004490064,0.7346780773179058,0.14548438392050417,0.05465564110389271,-0.15546974429600033,0.017551202694904018,0.423151898061064,-0.5810958535288658,0.09398798268173708,-0.04991252244377525,-0.06851438899117855,0.2111732934962023,-0.19053991075310023,-0.4544583792506544,0.7573010278442345,0.5054899357520948,0.39363061228886254,0.08012932852236491,-0.3498631471163011,-0.014182376155217474,0.10657664737705455,-1.0028851546686655,0.1833678178610251,0.186210316402676,1.5313147227458814,-0.42794871011159175,-0.26092619613335705,-0.26715248018844234,0.08006320559078035,0.14164307491391384,0.7518092158408016,-0.6391068529597288,-0.0011558838774074235
0.18855256470667914,-4.6370400112102095,0.8124522877656264,-0.07067543007907637,0.06296746812896617,0.6702870200626881,0.7360403469077262,0.13993418497106666,0.053615970812021456,-0.15484360026432922,0.014485586227545028,0.42168238200456215,-0.5748350956460089,0.09876333065719552,-0.05879751000248914,-0.062113254096400936,0.21376238117759294,-0.19048913215515076,-0.45486388588379184,0.7551033831349151,0.5158129728494041,0.40860591030123544,0.08364589069197466,-0.34473114093800666,-0.014103570491818746,0.10511401712522324,-1.0020596321564728,0.19840542030446376,0.2041127459980378,1.5969748992141368,-0.4497127261394079,-0.24193077661140722,-0.3212958641708664,0.0850330715094947,0.1427732563111232,0.7904351069838065,-0.6513192287827196,-0.002993881499722494
0.18940988737530468,-4.6583120290184405,0.81208820986149,-0.07082404256156169,0.06509380810079907,0.6702008076156395,0.7359195802623534,0.12996084148333736,0.05336485209868175,-0.15342609826288559,0.0127387943821403,0.4191017766452967,-0.5698773130753287,0.10604797736418156,-0.06478845724177709,-0.05562047836199761,0.21496067340715372,-0.18608038462057383,-0.4554430658896221,0.7507905825081235,0.5250981005775208,0.41690957205934603,0.08696274200238793,-0.3419900690029566,-0.01384145375211879,0.10452303781169243,-0.9934556312440064,0.2075518411386319,0.21827259318448367,1.6530232858505245,-0.46552332941654073,-0.22095768341783295,-0.3687248977517157,0.08810523734467589,0.14041558195827444,0.8251771647328894,-0.648322442417839,-0.0026882500608641042
0.19005036958017954,-4.678584149260105,0.8127777250818279,-0.06967665089606603,0.06757493066726836,0.67163597715942,0.7344956822543831,0.1160095021323482,0.050931071324746086,-0.15502998517850516,0.014457858576222296,0.41539956084831703,-0.564982241769754,0.11539949191654376,-0.07222567071792392,-0.04832292501067355,0.2153145166564598,-0.17511360779802804,-0.4551974677393969,0.7424584421737117,0.5336358866765503,0.4243861308003215,0.08959709220230255,-0.3391012048609789,-0.013319359576451343,0.10585237187620486,-0.9779212736428341,0.20895735960964856,0.23078047265928991,1.6995803620332317,-0.48041622945203777,-0.19592745734124545,-0.4126158722667626,0.08708906161511189,0.13652835256443932,0.8575445639968731,-0.6389689434740856,-0.00043422898184899863
0.1900600613248565,-4.698098880953983,0.8140832236266491,-0.06735252937185927,0.07048674734745652,0.6744018653753966,0.7318998423375791,0.09797962739467891,0.04648800627622895,-0.15865843113685202,0.01978339645339969,0.41095426714883626,-0.5598457240781588,0.12554502849858126,-0.08114301260451909,-0.04171452946542449,0.21473184728878336,-0.1582926406414056,-0.454818532278504,0.7298836295173333,0.5400858477518709,0.4305416347844622,0.09096657588053214,-0.3367260429160331,-0.01266020016931122,0.1090923102845006,-0.9563095181948003,0.20307866654016776,0.24173648013928173,1.7371071153521096,-0.4933888033005182,-0.16964281095462136,-0.4541168746591049,0.08186752996622224,0.1313307194197904,0.8884022895894854,-0.6234320620037422,0.002990257312020337
0.18979387658848196,-4.716947081178371,0.8156899247433747,-0.06509126024410224,0.07308206338472847,0.6780758563986684,0.7284471654282666,0.07761399479581885,0.042278159083750794,-0.16436442837020734,0.027391950819277703,0.40678828881918355,-0.5560288550842452,0.13549512087347432,-0.09106584033441718,-0.03630296062993475,0.213495249776152,-0.13692046900400223,-0.45424593068382146,0.7146708360089545,0.544502408639686,0.4349298547513859,0.09164662642054068,-0.33522525604092984,-0.011794000609729622,0.11360558676501545,-0.9311614892267656,0.19298607619139851,0.24827087206283396,1.7667153643114861,-0.5036970351208734,-0.145355517403762,-0.49134619337285873,0.07527927734422356,0.12405979649773782,0.9126914420486948,-0.6036414844462787,0.005842360943095068
0.18992537580257138,-4.735667636428492,0.8178586110991921,-0.06442070049298812,0.074532887329174,0.6821957384423135,0.7245024475497062,0.05704951291149973,0.04123772080601734,-0.17231906401301084,0.03476528455515908,0.4034094093898107,-0.5555683469892223,0.1455714214922703,-0.10080124940763946,-0.031138192199437583,0.21223732187238947,-0.11308108556688658,-0.4527465593245533,0.6987788843431467,0.5480256623629359,0.4370682617132409,0.09286360506763322,-0.33436329950022103,-0.010665612191850403,0.11868700903808287,-0.9055999316590775,0.18237864369500403,0.24734982229281988,1.7892103131321355,-0.5116284845482074,-0.1268904590890684,-0.5222240750708479,0.07084254055635654,0.11358434095562372,0.9239553739685309,-0.5810782647322875,0.0068529502376752935
0.19109414910527897,-4.75429194652355,0.8209573400594298,-0.0660519210504322,0.0740527309548985,0.6870282839041858,0.7198232240483334,0.036210439945115185,0.045462257326729975,-0.1821633980673543,0.04081378208498351,0.4010133442357305,-0.5599440388002057,0.1561881924514581,-0.10904547183477388,-0.02512274188183393,0.21192365052968515,-0.0870804132116362,-0.4497457212113969,0.6826451195893465,0.5509340896737729,0.43597307347187775,0.09521091261628274,-0.3339024187507573,-0.009228854080630905,0.12398643173581293,-0.8798824860294095,0.17272436889418824,0.23669423612715484,1.8047082315276748,-0.5192616073893099,-0.11699603893749473,-0.5445312811429167,0.07024284276853664,0.09772575119362165,0.9184231124907682,-0.5555826458817537,0.006049105778617421
0.19288508710933297,-4.772745425188552,0.8250941635142777,-0.06917072822495025,0.07193732228294876,0.6926462105359731,0.7143400164135736,0.014533202171513984,0.05377247191520649,-0.19248490507916877,0.04565730321708308,0.3989813508163798,-0.5687040460806965,0.16731117631737852,-0.11516046281496556,-0.018243618311173104,0.2130060487367201,-0.05894371012214986,-0.44563281342069,0.6655552886918309,0.5525008577608074,0.4311956792839258,0.09834762740946552,-0.33388667391582,-0.007529451477844575,0.1292311965730308,-0.8524690937438846,0.16251842855514095,0.21815018518588872,1.8127510539132727,-0.5271873155200169,-0.11521922150476213,-0.5592975764143497,0.07170723822683753,0.07749893547208138,0.899284668560358,-0.5258828028774902,0.004622350695170611
0.19510741817112082,-4.791161089793463,0.830089064493259,-0.07292039859142432,0.06905157962792755,0.6982718583633764,0.7087530646409308,-0.006400905897947935,0.06369970828923567,-0.20173924768522083,0.04926819631743885,0.3975199033694992,-0.5801012858280475,0.1779474622185792,-0.11896210714372973,-0.011060711125583952,0.2155157340360519,-0.030577522743220915,-0.44085546759737687,0.6489123218134651,0.5524236806721309,0.42352085206005585,0.1013785680624645,-0.334246362041946,-0.005738146563912217,0.1338124257979568,-0.8237302659287902,0.15121276885232823,0.19498392837560047,1.8137165182771597,-0.533424574317697,-0.11904846193603093,-0.5692133622634972,0.07394054476055373,0.05673727388610187,0.8706970824818002,-0.4916181859791016,0.004387157307463944
0.1970780039582213,-4.80979747353033,0.8358196446112454,-0.07647771928606999,0.06639635289806385,0.7030719715175253,0.7038696510300013,-0.02495357194270937,0.0727034909305094,-0.2091803113873139,0.05160966319820638,0.39628843233338157,-0.5925021759872021,0.18752297514489472,-0.12059137572068865,-0.004363700881447476,0.21874697456326717,-0.004266873421663191,-0.43593381999108544,0.6342853472352524,0.5515854358726185,0.41453930072499573,0.10406723643449259,-0.33479090582730364,-0.0040304740264060866,0.13724831395596304,-0.7945128902700469,0.1380242072886115,0.17094140149805334,1.8079779519483576,-0.5355884395183735,-0.12648502619358756,-0.5770184124262284,0.07574937903231652,0.03942115708396234,0.8367057424112035,-0.45277363727553493,0.00567867613555928
0.19882046746911342,-4.828846803719806,0.8421101870960973,-0.07988960668994523,0.06401094837642822,0.7069982643521836,0.6997668922104524,-0.040940914616069454,0.08054747215717244,-0.21490049128710859,0.05225215638934491,0.39562712792050325,-0.6057045713894859,0.1959623217686109,-0.11989615073787316,0.0010941932245450195,0.22217484840412846,0.019419158708374514,-0.4307421591362526,0.6222673973652046,0.5505046476267285,0.405607207941945,0.10635430202864651,-0.3355274688413626,-0.00238480822059835,0.13920177278850698,-0.7654937298345764,0.12282716377895463,0.1453644289405513,1.7958026107025349,-0.533126322536744,-0.1377186251286569,-0.5827734817660432,0.07796794449389706,0.02592289018353729,0.7971210502549223,-0.40955018259994314,0.006960896406004411
0.2004649386284701,-4.848281154775456,0.8488271357068824,-0.08340068722704039,0.06154011613840553,0.7104114420980697,0.69611257883468,-0.0551750432206033,0.08810413400651791,-0.21916456608592572,0.05124874896596171,0.3956329092917019,-0.6199947193648438,0.20345792052764947,-0.11673405878813914,0.004936640522383996,0.22564098696314702,0.04120573959393642,-0.42513123303664685,0.6122170859742669,0.5490638130812451,0.3972227569684168,0.10824305948894505,-0.33653293142028723,-0.0007284241859695624,0.13980848063565063,-0.7361231965677295,0.10600182257700262,0.11697423026377875,1.7772614059136325,-0.5273994122687385,-0.15314345653165998,-0.5852329182217803,0.08113397593832744,0.01433588035241972,0.7503956278638442,-0.36223522332640873,0.007449808790475003
0.20180270319739677,-4.867790164980731,0.8558015244079021,-0.08647176936033149,0.0593399333481736,0.7131145489766719,0.6931587447704348,-0.0675225471823869,0.09439167769312665,-0.22179251073494094,0.049928917679565046,0.39606611168518235,-0.6338690404325268,0.20952086345686327,-0.11154098822911584,0.007100118571340597,0.22895097446794493,0.061060056121650864,-0.41939761139325377,0.6041509911639819,0.5471889897232863,0.3898341666639984,0.10938829688136258,-0.3375444374607885,0.000795856352890547,0.1394674007574469,-0.7054873723333305,0.087655169264668,0.08842303714129798,1.752712798426981,-0.518875763960824,-0.17013221177897603,-0.5849747787990008,0.08391613475404251,0.005233686058062128,0.6986452715626098,-0.3108653795441224,0.008881518745998641
0.20255968098553895,-4.887501449767209,0.8628512277099594,-0.08853858140428612,0.057928988306664826,0.7148402077522955,0.6912370283031263,-0.07781553967269679,0.09817753094700996,-0.2230124860032802,0.0494898510818624,0.3965249240973616,-0.6450950967443563,0.2138104679010184,-0.10525452888266817,0.0078066489592242,0.23160781787145715,0.0781092531098005,-0.41370038052695507,0.5981850106684502,0.5454713680295902,0.38398738581881936,0.10944198691430294,-0.3379751910801054,0.002018032978021538,0.13871092961751452,-0.6737243538958316,0.06801406565833415,0.06292557918787674,1.723035331524194,-0.5083688698013258,-0.185918942510732,-0.5832736931933054,0.08466155136847096,-0.00012890169985274634,0.6444569636128125,-0.25605198154920683,0.013746223252989945
0.2027380327883771,-4.9074569686746585,0.8699577612236331,-0.08970598233774126,0.05739624233912371,0.7153431923295267,0.6906103281054885,-0.08548494212015624,0.09940894064693004,-0.22317194583785033,0.050679168879959345,0.3970614804907769,-0.6526617796500781,0.2160052041492505,-0.09893163573274841,0.007216960593729943,0.2329323610133591,0.09213370660800745,-0.4080736072556257,0.5945186396003822,0.5445460774770092,0.38047303227836987,0.1084530728173679,-0.3373105663404596,0.002891506887985615,0.13784517794158302,-0.6412972102569299,0.04746641963224747,0.04094344439623632,1.6882203043095403,-0.4961965062580368,-0.1994808979866382,-0.5808582884156196,0.08413636259858452,0.0002737027924866198,0.5873348983384363,-0.19475941398699978,0.018923640331105013
0.20242169989719674,-4.927504053038635,0.8770408718021455,-0.09021667107306494,0.057599597310121625,0.7147909314938379,0.6910985189568684,-0.0907711317607151,0.09854385507015943,-0.22275502867256902,0.05342567288438163,0.39786710155668137,-0.6572073071178735,0.21609284245326646,-0.09305280752752661,0.00550132930181579,0.2325837850463985,0.10384532298755222,-0.4026399060002804,0.5929572349056161,0.5442865359377702,0.37966769619582774,0.10666224181128586,-0.3354202954816439,0.003506476178223984,0.13693181731737147,-0.6084005855447208,0.02604468554218693,0.02098256111359264,1.64813524763268,-0.4824965959745753,-0.21179348676259868,-0.5772835558642487,0.08284324146422971,0.005382515468668451,0.5264853564048267,-0.12737041998311335,0.023786754433192486
0.20138737671737839,-4.947601768993119,0.8836834920674074,-0.08956278612820033,0.05879919219015553,0.7136167860090307,0.6922949119160704,-0.09487970105377384,0.09480827178881732,-0.2220919931858503,0.057535993237950216,0.39875791462684645,-0.659042201878893,0.21410781097713466,-0.08762769391878865,0.002778997361096722,0.2307346567793118,0.11362228014288615,-0.3978577202628516,0.5929596400835648,0.5439591237210816,0.38111750243197473,0.10383528147576049,-0.3324231808987815,0.003905137778042046,0.1361122846020654,-0.5750802242805323,0.0028223667703742147,0.0034423486422377886,1.6036651803734783,-0.4677072284460325,-0.22287366209220677,-0.5722026116864116,0.07832020730693953,0.01267167758335042,0.46438630999930103,-0.06044840742812202,0.03616520585035419
0.19953009274933478,-4.967763713330534,0.8895466794539,-0.08676629953421092,0.061155312367221736,0.7122255281010164,0.6938778236517108,-0.09898811418914007,0.08676037614872918,-0.21994339529489626,0.06224032074745988,0.399932845019319,-0.6580236153017223,0.21013588275987152,-0.07893842510329192,-0.0012885610423938204,0.22566946805798913,0.12083954227703031,-0.39396423650209184,0.5935024554531336,0.5434174359912193,0.3850488090265454,0.09836517087463786,-0.3251403651416748,0.004142568975791253,0.13488740851757064,-0.5403899331970123,-0.023972594189460662,-0.011434229825439662,1.5551295759439483,-0.4504412244154241,-0.23397609437740044,-0.5617508603520607,0.0677938945832508,0.021601001238169937,0.39775569009199413,0.005284311508135226,0.06884925487189476
0.19610253178284495,-4.987680380161638,0.8943739789199385,-0.08030888441769592,0.06618805342315022,0.7108106916643789,0.6956419950543856,-0.10424526353808992,0.0705209857910091,-0.21728731598847548,0.06883107699569652,0.40102891019871817,-0.6538746592958602,0.203539243753614,-0.06928189369174784,-0.005671960231630085,0.21835714753202023,0.1263105590296181,-0.39165517553167944,0.5949148730445529,0.5420784790992768,0.38913791556230576,0.08996737504048649,-0.3154539660488617,0.0041718089516068054,0.13357861296398132,-0.5036384081321366,-0.05879002871795631,-0.02093328534990292,1.5008783332980096,-0.4311491575083555,-0.24181300149210136,-0.5481226677233506,0.045548730454534926,0.031684382373909796,0.3307759473057137,0.060002451998572896,0.13493013146659272
0.190954577507298,-5.007436152036103,0.8981952328822442,-0.07343995161362225,0.07217641126605596,0.7083231608065984,0.6983376253852366,-0.10671326099873715,0.05512555763579138,-0.21717975008510987,0.07751724955646765,0.39803570602943367,-0.6492425446403357,0.19654563541788433,-0.0657631791418174,-0.008635512411516302,0.2150339109516333,0.1323406302892005,-0.3940900862217298,0.5974050050993291,0.5378725415952416,0.39058132552621444,0.08256021634922757,-0.31200284805849027,0.003960490516905357,0.1336940533060292,-0.46761412219723947,-0.09454564415507245,-0.026197985516053117,1.4433272349054955,-0.4135302054965508,-0.24677326501903016,-0.5491704613553626,0.020987894527899557,0.043385254351725945,0.2922230073604798,0.10116840560808128,0.22498431588034412
0.18801973261404467,-5.026418800937714,0.9008657414958232,-0.06607564355721836,0.07727487528068269,0.7057525105759114,0.7011248082864077,-0.10989411777809505,0.037194436428417355,-0.2159461721756277,0.09024014225427991,0.4003630542672671,-0.6397928632310124,0.183759007619756,-0.058185441497509094,-0.012625984711900583,0.20756795919555504,0.1366596860763951,-0.3939086944015981,0.6020026005097531,0.5356248769940768,0.3912537109802483,0.06994095402796663,-0.30168241936241713,0.003561227934993716,0.13503293336955188,-0.42981086505713917,-0.12733270883592152,-0.03703665275782239,1.3842658226020566,-0.3941114862431193,-0.2565742818484117,-0.5400605559145365,0.005282574727384292,0.04277957264820857,0.24350175233789093,0.1402947903817373,0.249441376489275
0.18563445977637077,-5.045698130066878,0.9029354367335211,-0.060377945382715716,0.08055854146143515,0.704310717657145,0.7027170398547656,-0.11554648394274233,0.024196876168807516,-0.21259326336272566,0.10019239600254691,0.4030119262656566,-0.6323011593525916,0.17074730763912394,-0.05017055587075168,-0.016271382265124153,0.2005040586520112,0.13689360200504208,-0.3941217326378847,0.6079347951645929,0.5337849389753005,0.3906030622307722,0.06074826393879561,-0.29237337041284317,0.003016084597560229,0.13518350357761688,-0.3954868340137631,-0.15315436519051487,-0.052311568528743524,1.3282342150659117,-0.3754102844591842,-0.26607168438426465,-0.5464161246466792,-0.005438526333708507,0.03712896435220593,0.23440838627939203,0.1518171526798258,0.25288560645352276
0.1837195680096205,-5.065814839804142,0.9049834931171923,-0.05806098428026402,0.08208247621225184,0.7024965431090439,0.7045494987033304,-0.11907345288905344,0.01903333968121536,-0.2101338301881054,0.10833712854473374,0.4054910476822847,-0.6266965756767146,0.15765693096215097,-0.040814953469806306,-0.018634279326880592,0.19384270373052476,0.13321310013984447,-0.39485190053864505,0.6156687259832915,0.5327781514616622,0.3885750416096477,0.055609332674424,-0.28404782347824653,0.002344160682856427,0.13521522767614574,-0.3672101923992547,-0.16879209824914285,-0.06795404305184388,1.2749354358852045,-0.3568616312462046,-0.2757699345182854,-0.5533171774300552,-0.01145240562108353,0.03925476834041905,0.23104461648702235,0.14903739901478785,0.26160363741939535
0.18237023123500548,-5.086495377097116,0.9068203921491428,-0.058126323465285776,0.08243981132145044,0.7000883763562595,0.7068955179660907,-0.12009566293700948,0.01946714789397045,-0.20826018754029374,0.11588629605501165,0.408258760573149,-0.6214372957955848,0.14338106223136982,-0.02995381178464271,-0.01983081178143649,0.18817710465426787,0.12643927114894937,-0.3962307119146954,0.6252743057618647,0.5316196840712755,0.3854335479334327,0.05202792267193107,-0.27635887425833794,0.001470974483766214,0.13522239660393948,-0.3436597710471707,-0.17677350323057228,-0.082159155214644,1.2231726635226925,-0.3380797153411167,-0.2850816437473778,-0.5594351223710203,-0.014218115139625394,0.04831132560351965,0.2315624633314678,0.135329817095694,0.2708624865622956
0.18144333070308208,-5.107625203436482,0.9081304092391478,-0.05916574965322791,0.08184858088745096,0.6983487903086195,0.7085966348700568,-0.12210365055547119,0.022904842048891108,-0.20504097548351657,0.12150686806689683,0.4113543683760514,-0.6165942310255466,0.12865706977989752,-0.01855842970990209,-0.020920978411587177,0.18375287670718465,0.11639171744316286,-0.39814742015115556,0.6363771103549832,0.5302441598343992,0.3819274048711511,0.04903981895925302,-0.2698487318427827,0.0004563188611131318,0.13427874630718115,-0.32351126565051597,-0.1798951913228534,-0.09532261927210901,1.1738170630030298,-0.3193347223089766,-0.28660926728610936,-0.5818966767544619,-0.015134124075171418,0.05577883076592782,0.2734006164720093,0.09931672040771843,0.27496820238848063
0.18097497841903568,-5.128891920615737,0.9087646203039319,-0.06101473293275805,0.08057529801650659,0.696844647137743,0.7100650403098077,-0.12371700138174699,0.028443079565999375,-0.20187833303888933,0.12588801122798443,0.4144053650171222,-0.6125018856961433,0.11440645002851046,-0.007808269931360053,-0.022558224296888103,0.18049502266367434,0.10502784086585676,-0.4010459545292984,0.648729674509392,0.5283567025788973,0.3789092976905668,0.04616245125845852,-0.2653347963649066,-0.0005724720276390347,0.1330207697612922,-0.30630421778723127,-0.17781850927790466,-0.10714213316925356,1.1269475284517425,-0.30076354601637634,-0.2886229603052605,-0.6137806919684461,-0.013660313936064742,0.05545497450617506,0.34192575014168464,0.05369296262796029,0.2745957366721717
0.18089193006555648,-5.150186283893704,0.9086018574362119,-0.06367157042072846,0.07884142269120963,0.6950353017202227,0.7117976471939638,-0.12364631195114704,0.03543065691737648,-0.19978698359075922,0.1292754755396071,0.4174330155969474,-0.609585536331121,0.10081343808688834,0.0018020188305165638,-0.024855587894242952,0.17820975214992119,0.09260302173038087,-0.40492020537572865,0.6629311546954801,0.5259774910368726,0.3768847272175358,0.04439718490665791,-0.26360833012327245,-0.0016063027056250818,0.13198387723105404,-0.292692539668799,-0.16984610217135046,-0.11449343559704529,1.082691184261339,-0.2801929694993548,-0.2915124264575376,-0.6455609663786468,-0.01101514025495869,0.043169725875304876,0.4182013759975155,0.009788918667945581,0.2729872341512406
0.18058103300799466,-5.171537475752351,0.9076034576986813,-0.06643520955046404,0.07703563094440104,0.6932943009833135,0.7134387757341495,-0.12315667059240581,0.04265053929178634,-0.1981390526444698,0.13112863339468786,0.41995928910298863,-0.6080110642344242,0.08808973465019201,0.010272555240585068,-0.027647759516043178,0.17649775412034183,0.07839329356633969,-0.4098297855639966,0.6786502212445046,0.5231774603414759,0.3757380054795379,0.044500109294072915,-0.2647139292839501,-0.002660970966964207,0.1309808635476906,-0.28223477290646515,-0.15876292534398995,-0.11678019875102216,1.0402024359507227,-0.25678617842308815,-0.2894252529669326,-0.6790207287562318,-0.010621654259608274,0.022485681503280383,0.5069355199284783,-0.03449389379176853,0.2718977825869221
0.18029645872034303,-5.1926022287737625,0.9056965942507081,-0.06880931211214734,0.0753518952949206,0.6919611949092379,0.7146866972190649,-0.12292248072529201,0.04918524005386877,-0.19649667169638355,0.13224787848403452,0.42246349757462875,-0.6071230610023404,0.07601305149909064,0.01753666363600239,-0.03106217633093446,0.17530061848290665,0.06350216434654861,-0.41530313306018196,0.6946996016594867,0.519863430788286,0.3752701650869382,0.045160513884032784,-0.2679319856042145,-0.0037093920086569802,0.12994863210515042,-0.2735315715396741,-0.14738885425063772,-0.11677252060645003,0.9990112060752855,-0.23370379954456777,-0.277523887154332,-0.7128773596587945,-0.0137956863365488,0.00038669556033025425,0.6052364143358286,-0.07761147696941167,0.2727684355815017
0.17972311628993815,-5.213525854936412,0.902794362604438,-0.0706345664582482,0.07390456623195832,0.6912871581159452,0.7153117768744627,-0.12334058866321478,0.05468921137544147,-0.19479156945091394,0.13248318786734398,0.4246273877054872,-0.6068807631873447,0.06516847678297301,0.02325442696834176,-0.0358709411063097,0.17425345119429148,0.0486389713215759,-0.4212437737848923,0.7090839209878783,0.5165101542013762,0.3752183076536323,0.04568078779863418,-0.2725490014652373,-0.004667406264864307,0.12892944515288113,-0.2659170465268866,-0.13810576620035547,-0.11840037354012875,0.9592523285971161,-0.21624019334406933,-0.256589395575894,-0.745591173259051,-0.019889713249357184,-0.016285574817465166,0.7079130544677736,-0.11850381681893724,0.27415314388709017
0.1792636466783362,-5.234192373569231,0.8991128591057261,-0.07222795849361656,0.07237505524695721,0.6914642830825434,0.715137831897452,-0.124675736559486,0.060001232760320364,-0.19308405792683597,0.13207621105390258,0.42687523991099763,-0.6074353194164573,0.05608383772206992,0.027108122577170785,-0.041728683326382764,0.17329321805766423,0.03405322078266015,-0.4272129932749217,0.7219726102640447,0.5140740120472506,0.375514098619829,0.046076281549434564,-0.27797993512381153,-0.005567908012229484,0.12786879150460917,-0.2587923835245381,-0.13078104637778357,-0.12531911098358378,0.9202397859255405,-0.20554681846692963,-0.22286230208297877,-0.7766849880097171,-0.02621228249892686,-0.024897147496521752,0.8142893463057358,-0.15865986475692034,0.27520946887913245
0.1789253374441768,-5.254533595675092,0.8945698399759723,-0.07375388125157278,0.07060884406118667,0.6922567794462596,0.7143915645158222,-0.12642567072456667,0.06542374549950226,-0.1911912539008228,0.13093359520078085,0.4293286754516933,-0.6089005267086784,0.04831612644820716,0.029090210585514142,-0.048443947491782685,0.17246126236264955,0.019313454393428867,-0.43336392726677475,0.7339080435104465,0.5123896390767065,0.3761651121340874,0.046892185349098565,-0.28427277046728877,-0.006433550675465642,0.12664520329716306,-0.25278313828867244,-0.12426008316137421,-0.13590894509405896,0.882618384975891,-0.20079018121637932,-0.17790151641785132,-0.8064907718140916,-0.031638134175781665,-0.027654261202372188,0.9255382183880494,-0.19939324579906456,0.27537885383968275
0.17846676706219602,-5.2748873613998635,0.8889972073153255,-0.07498298877046387,0.06895087077326778,0.6932775060349101,0.7134350905588198,-0.1277607444300544,0.0699696630709402,-0.1890743054100006,0.12894885787258606,0.4317993309796472,-0.6105838803511067,0.04137951523480576,0.029548627235341112,-0.05589244424914753,0.17189497668162607,0.0040898391571759524,-0.43958799805978993,0.7444225329869673,0.5110872825623934,0.3770077592575677,0.04803499353184352,-0.29103196828983613,-0.007263235989873862,0.12535026388254714,-0.2491587360866241,-0.11879244204536256,-0.1462154313732773,0.8485839108182766,-0.20482368767046158,-0.12822731297588846,-0.8343451480757115,-0.03657526830633988,-0.0264214304457729,1.0381977186733478,-0.2392490588179762,0.2751797332508856
0.17792764841146547,-5.295145639789409,0.882722098490991,-0.07568440692842233,0.06779794557573625,0.6941783809837193,0.7125950354152238,-0.12789093026386192,0.07261735670463866,-0.1869868414511416,0.12688208092952705,0.4343638017401605,-0.6120566779851618,0.03486410709910032,0.02891451146307909,-0.06284555999544783,0.1716838169210466,-0.011176178509856378,-0.44552303266428794,0.7534654521241189,0.5102202260159194,0.37769413948144714,0.049531561994510066,-0.29713932364913714,-0.008092510467012072,0.12426378167142432,-0.24844182646081844,-0.1146987517767566,-0.15280549137292643,0.819392400411316,-0.22023141505831234,-0.08233119618874431,-0.85878061097448,-0.042082701685599036,-0.02338863983744829,1.147296323176892,-0.27595129227692533,0.2753965629045317
0.1774761489266152,-5.315290858633415,0.875879855653897,-0.076411220751994,0.06659626691357848,0.6947336618364159,0.7120894618569563,-0.12578719076526,0.07533629555460025,-0.18541498876244336,0.12473903392765973,0.4360126024788373,-0.6134171402953831,0.02906284556158058,0.027472417307949387,-0.06734026446273356,0.17199523806225273,-0.02514475544741434,-0.45176663028097297,0.7588417256796468,0.5090704368492694,0.37814358659250114,0.050155294637605013,-0.30008428494928924,-0.008955306788999686,0.12397918457647343,-0.2507145936032949,-0.11005235728964245,-0.1551664589958807,0.79661897928801,-0.2505189235670858,-0.04995635433947706,-0.8784458944783609,-0.04726486078520331,-0.020965634902418782,1.249995490655489,-0.3059536552473247,0.2764506653736301
0.17704926319573605,-5.335493576164293,0.8677782729200642,-0.07585825874671537,0.06614165313281634,0.6955282220914473,0.7114149974347496,-0.12413009116160072,0.07407257340052333,-0.18320085782388715,0.12291874442512073,0.43962218721268154,-0.6138593279789629,0.021837357792262146,0.024229825793129597,-0.07334412987118531,0.17274253345904905,-0.041116107026774776,-0.45768239851555803,0.7656014424709617,0.5083783346103182,0.3779837512399817,0.051123402588111,-0.3031709716013078,-0.009759650343143375,0.12337785979021132,-0.2520325480971109,-0.10735991185476881,-0.15389024007893887,0.7666546677905356,-0.2793622088273724,-0.012303772895639229,-0.8959308932848958,-0.0550939331220031,-0.017017336578221003,1.3549325746169096,-0.34325524280454345,0.2771391836953543
0.17657123577412961,-5.355906703635509,0.8598775862295976,-0.075193329488369,0.06636426181010255,0.6961699274279858,0.7108369574661735,-0.12090995212115994,0.07137562128087906,-0.18175514238049592,0.12047102271129603,0.4426799803394213,-0.6148162651151371,0.0163823488613342,0.02022407971805518,-0.07703519038760906,0.1737250823970363,-0.056625971353195574,-0.46250648544020945,0.7698900875000712,0.5093591656499419,0.3773787688963361,0.05330686840053544,-0.30427551585177437,-0.01056782301292592,0.12318308114720113,-0.26196157925606534,-0.10941911637413537,-0.15532729515131027,0.7573111636879284,-0.34822619760457707,0.01219648196102049,-0.9100670183930074,-0.06347294679787266,-0.011890375214617435,1.454541549850211,-0.3766901772411765,0.27819648386821044
0.17607744784566073,-5.376870838758673,0.8521556583753774,-0.07480064037612309,0.06735285108499316,0.6967301041332078,0.7102363125358867,-0.1164991843211983,0.06787458267589389,-0.18047305934407276,0.11700027063659975,0.44538677656585496,-0.6159493348076736,0.011864055116070917,0.01611292166155913,-0.07945510940455809,0.1749742111548995,-0.07232948753849974,-0.46732140192060434,0.7729757514993489,0.5103408269978873,0.37693961114860053,0.05662719546855005,-0.3049146517385939,-0.011353259229070876,0.12278706695445266,-0.2790908315345966,-0.11272734990407601,-0.15380475113895445,0.7544576918526079,-0.40891848453319146,0.032641645545740325,-0.9220381232366581,-0.0722064458737852,-0.005718068924578318,1.5484158180827297,-0.40634238024056174,0.28000193523054784
0.1755121801326003,-5.398207135602779,0.8448207956385866,-0.07440775348354269,0.06963674944057718,0.6972044796729017,0.7095915183208724,-0.11087578082105132,0.0621870409266129,-0.17919967925930355,0.11210071020615936,0.44803176743519585,-0.6176567657570503,0.007814758389926684,0.012856371782459564,-0.08087745286570537,0.1764561148190354,-0.08827298667665033,-0.472037019590577,0.7754038383578356,0.5109791688964368,0.3765394375984883,0.061606133453754666,-0.3062281200439277,-0.012078848318404958,0.12197127170591099,-0.3053565477920839,-0.11819598857226546,-0.1474016973159016,0.7594068863187485,-0.4569554195188452,0.04878613190658115,-0.9329620614202094,-0.08258520387143219,0.002175493625618695,1.6374327875859742,-0.432367786342013,0.2823165385378522
0.17451149598994745,-5.420199483921209,0.8380897882578622,-0.07402059183738324,0.0731274668788407,0.6975725934659671,0.7089187558649384,-0.10409498459442597,0.054464157610538,-0.17870486967445812,0.10546957590619936,0.4499817532722863,-0.6200775172531692,0.005089485185876041,0.01070293393052064,-0.081480355131943,0.17787635180578834,-0.10451659566160375,-0.47641137900999897,0.7767422221463941,0.5120292452404168,0.3760567945990374,0.0688179529981467,-0.3083404140563206,-0.01271039404953565,0.12122393688156093,-0.340129090094594,-0.1252987079850268,-0.1361382563926105,0.7718452789606356,-0.4958391863138854,0.059360314937123015,-0.9429506851593126,-0.09483406412067967,0.011815676262818646,1.722487338387252,-0.45668620533394466,0.28433094307764006
0.17346852295069556,-5.4426666075590635,0.8322241823019068,-0.07410606347329868,0.07692912673127193,0.6977284738708327,0.708353850534275,-0.09599015406315499,0.04675053612278026,-0.179296336061696,0.09885043628787613,0.45146458009143864,-0.6224603997045222,0.004220575142858963,0.008859011637872198,-0.08166706628675292,0.17918435144324782,-0.12003931094518545,-0.4800982015203234,0.7770553318128041,0.5139734725691892,0.3762050848752423,0.07771685156431628,-0.310901922308555,-0.013308007865171686,0.12096739839723955,-0.38051068763778845,-0.1317562315549895,-0.12286401757341646,0.7894580555005202,-0.5260520968272097,0.06547414188606422,-0.949786913264893,-0.10631006949089986,0.02213862115502894,1.8015098494676793,-0.4795323229486779,0.2865455077227056
0.17248136416950588,-5.465298936985617,0.8270034275058336,-0.07501913427093555,0.08004446004778004,0.6976181574084356,0.708021129884524,-0.08656517008861327,0.04114047783578155,-0.18078013236423832,0.09395655506214969,0.45253947991170684,-0.624111569552096,0.005263151640323588,0.005747512335709613,-0.08262007320192417,0.1803341938091881,-0.13351247703676433,-0.4833062918729194,0.7758206847787226,0.5165514377278437,0.37834404300119256,0.08746860898858681,-0.3138120304999012,-0.01388232508666165,0.12135941893177919,-0.42325249150951366,-0.1358063571347611,-0.11098646574150499,0.810296931557172,-0.5485484109435311,0.06840199414578269,-0.9510497717063178,-0.1142345691208226,0.03184059203316018,1.8722434304898001,-0.500582556464536,0.28847175231916694
0.1718288254707169,-5.487705194279434,0.8224548550474441,-0.07683010235276731,0.0823509951409046,0.6975861649340563,0.7075938040036543,-0.07648751967521704,0.03813799575204903,-0.1827285246522606,0.09109477501690708,0.4532056146309188,-0.6249852684243977,0.008915911038709515,-0.00010428339600234695,-0.08472027747724384,0.18151900763985235,-0.14467416416444362,-0.4863724965655054,0.7737396252338333,0.5200660188469814,0.384177834339849,0.09741745701083782,-0.3170186034847809,-0.014453681117815812,0.12205246145004157,-0.46484522984012006,-0.1372792567967052,-0.10202403475409214,0.8266818796948813,-0.5699358969661311,0.06778176799294929,-0.9458257372891735,-0.12003056471530373,0.037787562579154894,1.9342314938270693,-0.5200493890717994,0.2839432390878472
0.17121784196943368,-5.509461207503165,0.8190280495993747,-0.07865881848042149,0.08460629933733436,0.6977270778770795,0.7069876160052717,-0.06622931114287058,0.035009611799548944,-0.18465596056438052,0.0894691176854688,0.45356439014166017,-0.6257552305872488,0.015496905949669711,-0.00914650001984655,-0.08679178482888268,0.18268515301336463,-0.1538749979552441,-0.4883056166647021,0.7710245181039074,0.5255494973865633,0.3938520105943951,0.10871336579013603,-0.3199145147817739,-0.015011044593065853,0.12263541431366637,-0.5149109835612475,-0.1400405399943029,-0.09626713052957711,0.8598678715364093,-0.5669467675138505,0.06876388314672467,-0.9345442177405654,-0.12552548077129852,0.042784065632971297,1.988421035993617,-0.538002153726766,0.2767610249785104
0.17078133292881,-5.5301740239994714,0.8168939478783845,-0.0807860643271402,0.08647776816810901,0.6975125872636518,0.7067329043082404,-0.05465945475642618,0.03304716264486422,-0.18795625604183072,0.09054305832868091,0.4530133415193192,-0.6258481547657925,0.02404104618846304,-0.021112911363642448,-0.0869617604623121,0.18397899857204333,-0.16015082392287128,-0.489366258630117,0.7678032186109384,0.5319905107213057,0.40607557014183976,0.12082752554511067,-0.3215412527919522,-0.015583806198461484,0.12419080417688391,-0.56290399054413,-0.14104523660668555,-0.09124691011955294,0.8893520746751364,-0.556441463999296,0.06787722943428097,-0.9177115693866063,-0.1275083783696813,0.04805417001380697,2.0338394638721904,-0.5530646215196847,0.26978150935939216
0.1703799322071577,-5.550110352408864,0.8159422608766631,-0.0824274254737971,0.08752907908777573,0.696611959404584,0.7073020273251831,-0.041204030903885816,0.03174158496446748,-0.1904228551647053,0.09353241578171208,0.4516449133390046,-0.6246898413369594,0.032583876419574116,-0.030212310589619942,-0.08411777234199073,0.18517912243508727,-0.16537472094744854,-0.49008392946691637,0.7644249481032893,0.5388450064201161,0.4136842567318938,0.1294916351107999,-0.32128729580069865,-0.016108544717411893,0.12593204850337356,-0.604068798973008,-0.14005060019864637,-0.08624307302825278,0.9106133634573103,-0.5424730077183829,0.065835799988836,-0.8950118766478644,-0.12416101276994174,0.05559073153799225,2.069921016901476,-0.5637969524326922,0.2653851352088945
0.17005015125826486,-5.569284846032176,0.8159722558606867,-0.08406266599643367,0.08754718766185099,0.6946765523562152,0.7090087769023423,-0.02483458425964193,0.03215794104750989,-0.1943898641147453,0.1002395357148698,0.4491711468626793,-0.621884920142105,0.04100626487835704,-0.04227780954616984,-0.07899977101241867,0.18638370524159686,-0.1675044074720765,-0.4897993569046276,0.7598627740246345,0.5454817440624002,0.4213359497299143,0.1375152226524131,-0.3190267052340964,-0.016759168039895078,0.12937365079153956,-0.6396900788824303,-0.13557946734409068,-0.08073353859698591,0.9259014716832293,-0.5246091241364698,0.06179367484462074,-0.8663297104341848,-0.11291988391869041,0.065783089166975,2.0961123700605024,-0.5734484558379401,0.26230482087084334
0.16978267072694964,-5.587862282343892,0.8165683666230165,-0.08560818631230836,0.08660384326169754,0.6919760025192461,0.7115758741737278,-0.005896197051269149,0.03398671734104537,-0.19873921319513388,0.1099643218519408,0.4459628449814853,-0.6175501113051922,0.0484199996848911,-0.057450518691305366,-0.07239768947297467,0.1876070378298872,-0.1674090723804001,-0.48940682753315823,0.7543937460532303,0.5513717147769304,0.428426464736668,0.14347178168823344,-0.31471786791496054,-0.017457725499590848,0.13404495240557746,-0.6709772634889746,-0.12845280507426804,-0.07542091134075535,0.9370248470127032,-0.5029822124827806,0.055982643283141925,-0.8318471803602195,-0.09516301017298522,0.07840373076358763,2.112949567763475,-0.5817930618224223,0.26092296705026535
0.16930478988947475,-5.60625512146863,0.8176843724530412,-0.08681133220403263,0.0854525599318467,0.6887519127899284,0.7146904611300408,0.014344160468361865,0.03589331474678704,-0.20291067637333496,0.12148630056584216,0.4419082883145901,-0.6119493966029571,0.05472334457240463,-0.0743720399000888,-0.06483611199054647,0.18907076498392497,-0.16660188993641212,-0.489162756882988,0.7493820155930875,0.5560935854385844,0.4345436973803255,0.14772917896753582,-0.3088263844252477,-0.018284410370103917,0.13883069838127243,-0.6979788958054466,-0.12034531428269164,-0.06958818643448215,0.9419197750191762,-0.47828087606386505,0.04975615119111133,-0.7943297519231743,-0.07410706749638908,0.09382720607802404,2.12130717242135,-0.5870175967277218,0.26251716986570567
0.16842412045860045,-5.624983866883804,0.8194053501399845,-0.08743803149648129,0.0850183710906726,0.6852489756076192,0.7180252841326814,0.034504727043530706,0.036270889224384546,-0.20662901663821248,0.1334746789734115,0.43696137223660036,-0.6053135820824216,0.05990281809913287,-0.09047121172890824,-0.05701021056164619,0.19111602354578558,-0.16713040526232167,-0.48915695343129934,0.7473211881780982,0.559345894204961,0.43924232794394863,0.15159464595205116,-0.3022633385179129,-0.019327595091838384,0.1427027711082911,-0.7208698147136302,-0.11300011894415816,-0.06223806630075612,0.9380902772913298,-0.4509090822667963,0.04464855451206218,-0.757201848038605,-0.05317034033199431,0.11214963774726869,2.1224211400670954,-0.5876982778631885,0.2692343397034443
0.16701908979908567,-5.643940165408753,0.8219385330732861,-0.08712846666905885,0.08584316753323493,0.6812822352462208,0.7217299334388683,0.05464172318649336,0.03385901926144809,-0.20988494737735972,0.14640465114380335,0.43113012414989965,-0.5974934236396853,0.06365791320799863,-0.10354252989894054,-0.0494466070815472,0.19408444289288387,-0.17009491320704867,-0.489321651944684,0.7507403799796754,0.5613969447188948,0.44158560039085154,0.1564212060022454,-0.29583425296002935,-0.02066967718635513,0.14537990075989374,-0.7389747946693905,-0.10730327641033807,-0.05159206395362634,0.9237098499239251,-0.4202290146257769,0.04187636033781271,-0.7210401406584733,-0.033456755828232425,0.1347915480786853,2.116398869380151,-0.5840137092300681,0.28329623771335477
0.16543782345358193,-5.663016684958597,0.825309518989832,-0.08605969761498443,0.0873857090828495,0.6767576351992669,0.7259177429254648,0.0750009311176701,0.029463416914991204,-0.2124967595172911,0.16074839525769255,0.42472000094717993,-0.5881210224239164,0.06581182645945188,-0.11261648475625403,-0.042545697152426815,0.19798197111904392,-0.17473091378220768,-0.4889943969896451,0.7586284864292848,0.5623430267740781,0.4411438348101453,0.16211738729496603,-0.289963837321037,-0.022224287989350434,0.14713038291328726,-0.7522359996386344,-0.101948924051934,-0.03839364390661006,0.900206820839286,-0.3859654989948814,0.040465419178196446,-0.6849637716686604,-0.015848823489269494,0.15698556924336046,2.103159637368652,-0.5771960419031325,0.29180718499804625
0.16441346689161893,-5.682402745113605,0.8293927557758127,-0.08553236124605311,0.08828901699424578,0.6720134057947592,0.7302651895647176,0.09533756887756104,0.026547921664705952,-0.21409223102513206,0.17526718368748995,0.4184169901598723,-0.5779078466196067,0.0665092481200809,-0.11717851638915705,-0.03696018909798706,0.20236509197393796,-0.18081695317008398,-0.48785968930288404,0.7691611917643006,0.5621899959517018,0.4382314761107605,0.16818556609976654,-0.2849146189580293,-0.02382980958923945,0.14793828428438496,-0.7623399038738131,-0.09361634611489225,-0.026585211495661377,0.8715356016204344,-0.34947056919099173,0.03802913740608891,-0.649594376798674,0.0015581048253574554,0.1741823925164399,2.0824671581281566,-0.566265458625241,0.29308929276108375
0.16424665738688424,-5.701993745208027,0.8340270568244775,-0.08627952496602101,0.08771942311683026,0.667613279652449,0.7342708323305437,0.11477493428250164,0.02745048897864613,-0.2144329279923874,0.18877805183172863,0.41254080893132394,-0.5679151411022543,0.06631606458416482,-0.11699515326833362,-0.033045147266739926,0.2065701362426967,-0.1877029516062288,-0.4861452320824992,0.7801663774100421,0.5605905692990766,0.43368147840737353,0.17395581902296145,-0.28082951612485496,-0.025327713514782593,0.14777540828505065,-0.7704695308208609,-0.08129451937413669,-0.019459610338708428,0.8404380245717674,-0.3111506122158038,0.03291625400464141,-0.6150887641952367,0.020873579526356666,0.18623937647977978,2.0543494417861883,-0.5501994844755416,0.293391592146027
0.16437323710120252,-5.722071656768221,0.8390035256267219,-0.08762187106572988,0.08658639461283639,0.6637783932595295,0.7377150185679348,0.13251329780793603,0.0303406958440738,-0.21360834609982285,0.2005236178185189,0.4066077738411535,-0.5582519695677299,0.06574170702710307,-0.1107763816165594,-0.031108260802496415,0.21023687185504253,-0.19514364673957177,-0.4844800228885466,0.7903601680564426,0.5565793536590774,0.42871857357604404,0.1788935926894777,-0.2777930651528006,-0.02668915050228717,0.1464741197219325,-0.7767133034829058,-0.0686603385785949,-0.016605786487765978,0.8049999620784299,-0.26962637273542867,0.028090202378965257,-0.5822523432529833,0.040596626583382645,0.19564758429482076,2.019671660346062,-0.5290401826104824,0.2931597578964306
0.16462216186486456,-5.742339100178917,0.8442673982380018,-0.08924395103225426,0.08517872551641406,0.6603054792199252,0.7407946922297008,0.14899894942650593,0.034258953769854175,-0.21176922892105188,0.21132845026695585,0.4007571706685575,-0.5487622804239959,0.0645171684790328,-0.09793388387896276,-0.03126506253070463,0.21332030562425922,-0.20301293597325926,-0.4830475505053961,0.8005607109519551,0.5502143906406957,0.4236598679917688,0.1831285159343967,-0.27570798452846523,-0.02799872452261074,0.14412504273967125,-0.7804366038890402,-0.056273497288903684,-0.016107872199479966,0.7642968136913529,-0.22448939859919298,0.024306412521685097,-0.5503755026888201,0.06047077333272155,0.20385787556453305,1.9781572594487549,-0.5032516434158496,0.2923922877178675
0.16512136193362104,-5.7629464965822494,0.8496499659257196,-0.09071892234086733,0.08287635393955838,0.6574516339910743,0.7434103416347282,0.16374190230143723,0.03976902267611708,-0.20660590426086245,0.21988624350315575,0.39476696859970245,-0.5389736657149374,0.063087918233411,-0.07022180462170452,-0.03403114011865171,0.21543767004581518,-0.21318037931158437,-0.4819512638419998,0.8117726129276663,0.5415884380127853,0.415182009331591,0.18859585964265452,-0.2737639312925804,-0.02930122070434937,0.13965762136621754,-0.7792412298695902,-0.04328391660319657,-0.016802666083929916,0.7168637017976142,-0.17314070288489214,0.017467200539601373,-0.5174004652766659,0.08119357583439034,0.2120507572000954,1.9304203218510654,-0.4731058539932477,0.2934400035456886
0.16565669699684363,-5.783549843816601,0.8550823846852831,-0.09229016648985781,0.08023907120067465,0.65549928444497,0.7452280890534522,0.17624426510720548,0.045927133405522826,-0.20152527862412256,0.22767763973475513,0.38979247012603047,-0.5304431704498721,0.06160863238826873,-0.044216356772045606,-0.03859230343154847,0.21597997555002013,-0.22176987980665577,-0.4807248847173834,0.820566032320793,0.5331182155702631,0.40735728602440174,0.1909396679084317,-0.2743870068411402,-0.030436477989098723,0.13553673355487272,-0.7748000647908851,-0.02989779441463091,-0.018219804249848807,0.664796849877981,-0.12289424819311115,0.002810334640814234,-0.48363193910281327,0.10070547806695669,0.21987731455825785,1.8776726669612531,-0.4455479706848668,0.29423854417866924
0.16627234347128542,-5.803991275473149,0.8605756650594731,-0.0940125929462813,0.0771939349249812,0.6544567935715678,0.7462499809891704,0.18653946648057487,0.05311513389823587,-0.19619868866123488,0.23532183301880108,0.385258099965922,-0.5221565632732088,0.059865550371359114,-0.022943418473539166,-0.04338923485932271,0.21515028932966707,-0.229130551405117,-0.47971553907967057,0.8278861336715067,0.5243157910337156,0.39873074941883446,0.19134447569589805,-0.2772677444989093,-0.031484597299678035,0.1317951434009469,-0.7669341790682367,-0.016635035249632616,-0.02388162044254857,0.6058815737360528,-0.06561156787383661,-0.016557207708848942,-0.44887242524928794,0.12056512769520586,0.2285058348927502,1.8193463041381739,-0.42023125689178187,0.29492421740437225
0.1669982113683669,-5.824447528247259,0.8659276206784888,-0.0955242769935076,0.0732981875522091,0.6542494109050213,0.7466325713072408,0.19479252341229067,0.06163532742598773,-0.1876839936694247,0.24102475927010536,0.38113674930751945,-0.513758221104432,0.05785795778604744,-0.0018534896635202273,-0.04865993383812312,0.21203695917125343,-0.23756286810387195,-0.4789789808597353,0.8344923331086038,0.5147905329060791,0.3858809881572748,0.19071068085018741,-0.28325948224809033,-0.03246053491492071,0.12653406503697254,-0.7544717306758164,-0.003949148059238672,-0.03307903705357604,0.5394731249582597,-0.000649872788539329,-0.03869170197396983,-0.4123620788636689,0.14093958739752255,0.2378849010367752,1.7553800161198032,-0.3961179035198977,0.29534351731091757
0.16818322122175502,-5.845014149784025,0.870786097348413,-0.09777131700781473,0.06928819397481971,0.6544916753565674,0.7465122655624755,0.2016370435531459,0.07073074090414605,-0.18224123690755092,0.24827900310640383,0.37852251332232584,-0.5053424725697977,0.054366103150672716,0.00897195808472722,-0.053458792290642126,0.21022860659255227,-0.24348838117682117,-0.4776003690842063,0.8393633816266092,0.5053177714783337,0.3765606314848258,0.18787053327060227,-0.28932805579078447,-0.03334887821612861,0.12311592587276786,-0.745535866513436,0.009691715968027058,-0.04125155118932171,0.47915782569905574,0.06811615814376834,-0.07017443747185508,-0.3770063740045479,0.1603702060238542,0.24669404785754137,1.6873248018098976,-0.3748597583236747,0.29600660849507143
0.17040754496836405,-5.8651502597619825,0.8746353452703424,-0.10038147599932616,0.062223065101379024,0.6548841540241785,0.7464439659168152,0.20836899603089312,0.08476523795797737,-0.17194356564690935,0.25299642637147796,0.3772213572022058,-0.4973541879189074,0.04995550691852864,0.02121552862790968,-0.05937936601669382,0.20718556231988852,-0.2510685698733636,-0.47651840880835267,0.8437952261264555,0.49564968430506695,0.36311989546487305,0.182503368607792,-0.2981909547763323,-0.03413502526056566,0.11721589197138771,-0.7231090072845492,0.029655386449661682,-0.03974218936968762,0.4066524668046697,0.12537520255507859,-0.12910145209098292,-0.337953977419903,0.18061843296330718,0.25330873961203376,1.6155249427479506,-0.3539699202212247,0.29827298173297234
0.17463364397016304,-5.884463067435235,0.8773776621243834,-0.10681695515649064,0.05209630271802783,0.6547521488457971,0.7464420519477852,0.21657614814260415,0.10642620493471491,-0.17088274819353766,0.2640500918237707,0.37945789293544674,-0.4901282159358694,0.0425626320373398,0.025854990526388594,-0.06605175252053408,0.20701818810184944,-0.2520425954660976,-0.47351070808156226,0.8462532057338734,0.48660332274850365,0.3574152457128371,0.17743267481449224,-0.30348145199948307,-0.03472181765467736,0.11619259333892222,-0.6950734470716574,0.061221717213616876,-0.020330233301474914,0.3315048512047275,0.15218989980815514,-0.22420209598670443,-0.29949797668481926,0.2057397602912854,0.2537953755764493,1.5382135069984353,-0.3337253841204823,0.2986908286763505
0.17625425132991895,-5.901907768268003,0.8777736780776185,-0.10451910961535792,0.03396315692087723,0.6560965682715717,0.7466321402132704,0.22168633713897243,0.1341169578266842,-0.12662696313314228,0.2542910287955519,0.378609960775626,-0.4852721167911261,0.03668628107794784,0.04008668946072108,-0.07605231290019993,0.19858841164245394,-0.27196271814460327,-0.4753308372780013,0.8472426896754355,0.4763426282554272,0.33295644535334334,0.17001866060320506,-0.32063442065805553,-0.0352489788526979,0.09454404155472775,-0.6423421149695078,0.07535299781997676,0.05131670009235786,0.26011729598101646,0.17848304278574414,-0.21953663497888512,-0.23352212452429702,0.22265202155273076,0.2576135139333564,1.458673358921756,-0.31553959957947636,0.3003503738129688
0.17829768155128126,-5.920129501148869,0.8771731453318675,-0.10914476297024961,0.021789683978587403,0.6561867212608171,0.7463455079447193,0.22934318094100276,0.15877983969369777,-0.12064215433628597,0.26376929947029576,0.38188347936535094,-0.48093477363230075,0.0262603889542063,0.041835509669890386,-0.08454828535373998,0.1984655327776945,-0.2723737206439628,-0.4749703351136802,0.8461989284494698,0.46577054279342783,0.32955082955947446,0.16441524187574366,-0.32639257395598564,-0.03542088529882565,0.09222646962637501,-0.6392899420706363,0.08890755764521353,0.12396166294767746,0.24923912428501263,0.1802686786503479,-0.211522821259684,-0.18976717003973734,0.23939972080221475,0.257496813413523,1.3798562832858,-0.29883082257585647,0.2988133889486302
0.17887022622341528,-5.939816330221292,0.8772388494058335,-0.11124990136752938,0.013942287567659065,0.6569123474148093,0.7455838248494004,0.23375735950486468,0.1743478826235787,-0.11118945038181108,0.26615202096328294,0.38347594065680185,-0.4773692988085046,0.019810591822881734,0.04456587732453342,-0.08911952753521471,0.19739967014708873,-0.27742088102582635,-0.4750687159291065,0.8469052241561608,0.4580403258079079,0.32455626866940407,0.15738564780063966,-0.33127265034999,-0.035956575389292256,0.08755742161894634,-0.637316034510742,0.09436315035214779,0.1799493508440682,0.23806074264068194,0.1838674902437637,-0.2186407708181899,-0.15362116315495797,0.2458703840075699,0.2571914042347345,1.304130833393045,-0.2820533714540605,0.29721488740115193
0.1793540425575357,-5.9603227880155245,0.8776443077513394,-0.05641766528236027,-0.044652772365130454,0.6634105671048807,0.7447882896620874,0.2094241903015452,0.21418107533994557,0.24567150614677247,0.0685676597177939,0.3737551614654349,-0.4801140932391881,0.018744936461451946,0.053918800592199355,-0.08249992105324137,0.18914331480879912,-0.47425277718215786,-0.4897384450040786,0.8485860229853109,0.44680926245436237,0.3039561793816857,0.13769481412657705,-0.3434249620442096,-0.03445703354156841,-0.1081402409885208,-0.4748431108778606,0.08957031859506139,0.20807202008252068,0.22434079049220945,0.1813609782148134,-0.24083647467653435,0.029264110329746754,0.23466496014123797,0.2582181495363808,1.235754259348182,-0.26588917263556433,0.2983085374471626
0.17912635031089066,-5.981570612122891,0.8781276753496324,-0.05313969229657942,-0.04321077319739931,0.6646866962911044,0.7439762079232953,0.21038709548110415,0.2067845001996359,0.25632441968109704,0.05936356544620551,0.3771403415614843,-0.4801093436765141,0.015571723038579741,0.0552398270142689,-0.0819782019755056,0.18942224228337737,-0.48274505258053046,-0.488475721108963,0.8506245480893541,0.4418087042835227,0.30374856536526634,0.13105133522159562,-0.3442819405134168,-0.03440256515534202,-0.11471865889921029,-0.47207159194080756,0.08407183024004573,0.20348090504982244,0.22123793153405855,0.16681000795027248,-0.2583847424868795,0.050377256882370665,0.21899453052205642,0.2528436449551317,1.1665125731647397,-0.2508780438279439,0.2988931090943436
0.17831249369771865,-6.0033065720828525,0.8783556939638106,-0.04861718505957792,-0.03892404337135525,0.6668811202765332,0.7425569739644393,0.20917015812189432,0.19305796372067108,0.2659135034056908,0.04547510935589477,0.37967055394633353,-0.48303992768169596,0.01460217134144018,0.0569718612619,-0.07961008099883182,0.18866528784672756,-0.4905067065054323,-0.4886934219513876,0.8508841804173141,0.43699045751900945,0.30363744196999853,0.12290675658005867,-0.34509992667434347,-0.034101593442754916,-0.12073140354936253,-0.4691818309598801,0.07345215285137453,0.18892237351346922,0.221673692579904,0.14890589006569946,-0.2692272722659584,0.06627626524385764,0.19756940800188774,0.2433052327576111,1.0989212017364156,-0.2367826010204843,0.29899508724798113
0.17671854917229296,-6.025630425867295,0.8780817029016009,-0.043254427328122055,-0.032435203810555806,0.6703702650690962,0.740054538383135,0.205056945587003,0.1747114422461699,0.2742974257114893,0.027940353551412472,0.3819042432641467,-0.4888620360238615,0.015862202657751866,0.058232301301025004,-0.07777945561505327,0.1866188115105443,-0.49716685999181986,-0.4899783999555328,0.8486801846068501,0.4327346433451819,0.304336148598769,0.11495219158852635,-0.3467810537131366,-0.03349522672135052,-0.12643943485527231,-0.4658289443190987,0.056177874933113936,0.1812011575528176,0.22350436717502972,0.13341145732458823,-0.2714969930936124,0.07776372753241735,0.17339355676718876,0.2301851568808803,1.034422877432664,-0.2252752859618443,0.297375009371328
0.17496216350811652,-6.048102748017787,0.8771362745859845,-0.03524004825177393,-0.027637660957643022,0.674730005500061,0.7367046344186331,0.19841163178318644,0.15569351621752564,0.29752919363577446,-0.0008992088832808667,0.3862634506882571,-0.49768398562016236,0.018140366810139284,0.05965049315790675,-0.07905146753629691,0.1804244139424545,-0.5105742519446909,-0.4925036850163317,0.8429244217337669,0.4292576019281203,0.30804625715640527,0.10297997473741898,-0.35072686653324914,-0.03271606739825725,-0.14063292909801003,-0.4690539938753838,0.038526540687346074,0.18884850391097394,0.2592153976909599,0.10486383003895754,-0.26867106505026866,0.09437233910557902,0.1493977308522187,0.2153660877591473,0.9694240317711758,-0.2089875371774453,0.2953310204010446
0.1732575670104995,-6.070670057121502,0.8752582195206632,-0.02752341085713943,-0.02213561049306384,0.6775009178423905,0.7346733852029809,0.1951177771164318,0.13541784239409071,0.31726569216937905,-0.028386805550404005,0.3908077951360974,-0.50540777002565,0.021616518150148534,0.05856930153965742,-0.08271699550055486,0.17393857844876914,-0.5236076074871482,-0.4935906289695675,0.8386704470485777,0.42765573898004333,0.3146522163435237,0.09529752610271619,-0.35600374111694494,-0.031750007296856675,-0.15289753816623627,-0.5029846343799437,0.029296384539272566,0.21004955217544466,0.3638483437256949,0.04782717199224861,-0.26455678724279164,0.106428753814924,0.1268523021603641,0.20620406320292795,0.907386060698807,-0.18991967368361376,0.29399622665260566
0.1720200735959787,-6.092855537783058,0.8722852660047228,-0.020804162519731176,-0.01657595598475297,0.6801068710958114,0.7326302398845617,0.19158891989816987,0.115397890109797,0.332274782002675,-0.053466156616148224,0.3965231354262035,-0.51283612442113,0.02539618210950215,0.056412147069277586,-0.08773420632065959,0.1677709998418545,-0.5339921233443435,-0.4929507682085695,0.8345022955545621,0.42818023357743695,0.32287594777876616,0.08951346939052608,-0.3617761199948639,-0.03063041213454576,-0.16214549422334892,-0.5393678124317607,0.02442467883885345,0.23140406065774238,0.4784119923856489,-0.010906927135290746,-0.2639504683957571,0.11549050999786854,0.10694564630971462,0.1970579832023871,0.8491769683008383,-0.17630487342053536,0.29223577076524326
0.1707409874627638,-6.114618077296688,0.8681944920735247,-0.014729363943027691,-0.010657933540295613,0.6821061230595065,0.7310271480425433,0.18865678296907049,0.09532364530341676,0.3428148448490872,-0.07538015026796961,0.4023159659510291,-0.5197295315965035,0.028862681572563543,0.05453255246201423,-0.092247368337031,0.16375768042057276,-0.541663025609247,-0.4913886196542094,0.8304769121784374,0.4299567543396313,0.3294211519083992,0.08566777447074003,-0.36659928165496525,-0.029424807053667294,-0.16807402727267204,-0.573060148430167,0.01978960981630607,0.24494164671943194,0.5893732706389432,-0.06301722811495913,-0.26454421633720965,0.11970837817628979,0.08718674341155902,0.18710630536338424,0.8023064060563813,-0.18094375857684813,0.2903111025700928
0.16907261144770272,-6.1362983530068025,0.8628537339790117,-0.009128422714543538,-0.005046728204810711,0.6833395411875313,0.730026214517524,0.18697347709802467,0.07685643991971916,0.35154484302414246,-0.09697921172091742,0.4069201487386515,-0.5269784788145582,0.0337899637780281,0.053510326055742484,-0.09802734308810436,0.16056700171538552,-0.5480946945785857,-0.490529230266915,0.8261591986526796,0.4330681017504442,0.3357836802714395,0.08198933116149389,-0.3717731631195975,-0.02822276452397,-0.17303367253138283,-0.6061213346146976,0.013454678815596113,0.24473986973304873,0.7010223552983598,-0.1135459398071234,-0.2647700655244659,0.1197169818356878,0.06795752239593758,0.17354610921894353,0.7702273402078019,-0.21219396965428777,0.2685914134872903
0.16813306640699555,-6.157878858054596,0.8568509020958024,-0.0041754256423195395,4.476254492462013e-05,0.6840795530379334,0.7293954544226618,0.18587316408010807,0.059346332098593815,0.3591954780922133,-0.11771819300275344,0.41141144497620247,-0.5325470396835441,0.038735975454571796,0.053293368444389144,-0.10146480972655526,0.15929084721280817,-0.553946346498914,-0.48855177373306224,0.8226828622432201,0.43777407489414166,0.33939469659344784,0.08028287800100242,-0.37495119634299234,-0.027033725576255812,-0.17658040824019805,-0.6372830279287013,0.005846404447761031,0.23384370318416822,0.8111752522707083,-0.15674699315899454,-0.26497653078879807,0.11667236666796743,0.05338243666408152,0.15666548397864105,0.749311613337709,-0.2600810326335141,0.2083702748328391
0.16741820471727328,-6.1795260994477355,0.8477703232799698,-0.0006408315095147162,0.004528603909145881,0.6846463324383217,0.7288610845424289,0.1842754916731574,0.044691181526037106,0.36360066162311155,-0.13879586533263652,0.41682266624214637,-0.540002092906742,0.04459642447969339,0.05376041534045216,-0.11174383393369387,0.15903412966196537,-0.5580319174999129,-0.48769086168582637,0.8179135157140821,0.4422258077622303,0.345826462985652,0.07492361117314071,-0.3809412431573688,-0.02548362501348822,-0.17983191109123234,-0.6728805822463378,-0.0019616485779807673,0.21663147899105986,0.9316696429365187,-0.2115697035465951,-0.264983048641306,0.1117334037781985,0.03932005838179643,0.13360490530228258,0.7223622556801957,-0.2907481693291989,0.12013696708846275
0.16736166950241121,-6.201102202555054,0.8395883410207216,0.0007887894829411545,0.006742853945441174,0.6854646389525298,0.7280742685176426,0.18021359533808295,0.03682672873850413,0.3677249384067585,-0.16038521981600457,0.41926525835946293,-0.547513561024602,0.05391948958477179,0.05285057667380355,-0.11661285457691582,0.16001305232991747,-0.5631377530507699,-0.48579876139728856,0.8157096688238213,0.4506047539957731,0.35130619960463,0.07305343159084819,-0.3844731947891289,-0.024328231415309397,-0.1819239355811247,-0.7017109885752117,-0.005689894190191698,0.19947761791550497,1.043433754985253,-0.25796470275243427,-0.2648990207439204,0.0987787526670174,0.037591916571581695,0.12362469018880583,0.7196510771451311,-0.36933937090439645,0.06453497417991215
0.16818695343402013,-6.222594196162674,0.8319459642249601,9.533194290349182e-06,0.00666976480636781,0.686388207984745,0.7272047456432309,0.1739838554371089,0.03516109232016241,0.37131926041896784,-0.18179841776895822,0.4212743892006974,-0.5549460036571282,0.06320050132407513,0.04880005196157075,-0.11731278743837335,0.1627932674054426,-0.5692621723190248,-0.4831642819471892,0.8159340241657534,0.46032662278735487,0.3559354746791647,0.07375804173775731,-0.38555981811649176,-0.023152633553848223,-0.18314786564457033,-0.7264049274374288,-0.0018541176017910811,0.1850408163387951,1.1526466539158047,-0.2995416530428303,-0.26519332055967304,0.0816942737813186,0.04219968113447433,0.11392902105597395,0.71979399279044,-0.4382524276222941,0.03306388537939156
0.16936138870926204,-6.244219592484105,0.824611062885495,-0.0023999477722713236,0.004951132438722941,0.6874067007953404,0.7262518531748678,0.16584819756744024,0.03822491915760708,0.37457992340054636,-0.20335831352063122,0.4225998639328192,-0.5622395349982391,0.0720568243720915,0.04117289150463586,-0.11509641680038324,0.1675683050062412,-0.5761631131599171,-0.4805570900872917,0.817489806845668,0.470378348738009,0.35994415918913863,0.07605615282449864,-0.3848303194358962,-0.02193911518007804,-0.1837082663369434,-0.7477513569554942,0.007681786691687217,0.1715399456638232,1.2608599942856005,-0.33853069064165414,-0.2666493764774477,0.06001020774899206,0.0511612273871348,0.10331131449673668,0.724215267925045,-0.5011485642259471,0.016741671454220956
0.170707229942389,-6.266172979577616,0.8177329050089747,-0.005570950380833866,0.002790673278263264,0.6881883360190654,0.7255053347990065,0.1571587888825465,0.043096712583659956,0.37736808055667154,-0.2253125868142725,0.42289394693589866,-0.5691832955650598,0.0812500586997529,0.030490747789371754,-0.11033051187183812,0.17419172094922417,-0.5825612011514555,-0.47781300437001395,0.8189336751543939,0.48053576669726317,0.3643051580302859,0.07871239813896398,-0.38291515037410123,-0.020688405535767014,-0.18419325048208526,-0.7643183054659067,0.020646714471592734,0.15968783063467779,1.3643768669980307,-0.37499757701058417,-0.26912002579773214,0.033461859029501745,0.061747987236765674,0.09295755639509168,0.7329092369644429,-0.557687272567008,0.008358206673997302
0.17191265136866488,-6.288401571506539,0.8117182563888361,-0.008633732025641125,0.001393574232374935,0.688342123291688,0.7253334667064929,0.14848497511583444,0.046892124474218845,0.37972748964505754,-0.24631450488505818,0.42195954652659223,-0.5745983319780591,0.0905181727784203,0.01746095293406516,-0.1029770066876636,0.18187795968546544,-0.5878175602776702,-0.4749410712010681,0.8202684231862087,0.49070931823630826,0.3702345517736568,0.08084943145701116,-0.38042156066842175,-0.019587138803694417,-0.18517840286333354,-0.7742226266576642,0.0346171718916531,0.1507506409151368,1.4583933937948028,-0.408156763441865,-0.27250203056428257,0.0024220420268583195,0.07140749479770063,0.0850741145887862,0.7452839129163493,-0.6064454867987048,0.0004163494813113481
0.1725176748755792,-6.311156750255187,0.806837214356008,-0.011704109436503,0.0011883013024871199,0.6871862943314779,0.7263859846151247,0.1411889667034409,0.04895522727869518,0.3817714561369553,-0.2663846526046207,0.419836421293984,-0.5784988272181101,0.09914709057220378,0.0019443845005700016,-0.09354095449948113,0.189770003741887,-0.5927458194976383,-0.4722842087975216,0.8219118238591744,0.5010185775956297,0.37932759247380404,0.08281486643154372,-0.3783767337576512,-0.018649259485909384,-0.18732315599967556,-0.7775668116679703,0.051657883109219795,0.14687062526637124,1.5424990673805237,-0.43866688370537177,-0.27761697675031255,-0.03447805761901579,0.08005993085831101,0.08181325722993778,0.7617870341198228,-0.6463899637794981,-0.010249987475327045
0.17309059059125512,-6.333846898380324,0.8028685769106132,-0.015141082820508783,0.0014014168302875667,0.6850036432704852,0.7283809390340003,0.13458907591393246,0.05081819086412456,0.3833740945976572,-0.28473146941886385,0.4173829064986652,-0.5806409381665321,0.10637402954560439,-0.016190277086584035,-0.08263379098121845,0.19795273003044975,-0.5965953384834538,-0.46960344598782255,0.8239197656963744,0.5108540247456022,0.3921746337296405,0.08426886515450377,-0.377363810873692,-0.01779932139053469,-0.19012880483436576,-0.774765377540487,0.07342545398233923,0.14581433299077434,1.619528872546953,-0.4674421988723616,-0.283143785431015,-0.07597487908921409,0.08937908430093398,0.08146841537683122,0.7818085191881299,-0.6771412317004041,-0.019436310593414167
0.17431386384463166,-6.355179752790446,0.7999118642581358,-0.018387619331268194,0.0015050881491301268,0.68292598738804,0.730254562406194,0.12686394758875075,0.05261609584245317,0.3842088620589833,-0.3004586971446393,0.41490111140480457,-0.5818413203420587,0.11280901808036724,-0.03619128683911062,-0.06958178824250288,0.20626306329950558,-0.5967784194262689,-0.4664261543966509,0.8254102046470942,0.5204908697299311,0.40738881228911417,0.08479604044737007,-0.3768804916395501,-0.01690299179676513,-0.19245395818252448,-0.7644411039762155,0.09556389339062926,0.14320171068808024,1.6881756040175642,-0.4931000575416734,-0.2870188677344846,-0.11768002368230088,0.09905636878152402,0.08117462185558802,0.802958161532787,-0.6975186828988607,-0.02520695944499446
0.17569494580967232,-6.3749587491657955,0.7989319349814876,-0.02067289498567891,0.000953494136629423,0.682238043379335,0.7308371736767216,0.11566918396465393,0.054354359232108115,0.38507410570362666,-0.31520942291885784,0.4110676425730068,-0.5844214297705531,0.1208696561872641,-0.0563572186726759,-0.053254341997330236,0.21300287968334522,-0.591604207636198,-0.4622709355087757,0.8235084068485051,0.5313690737045614,0.4219391266558728,0.08612517524755463,-0.37524036634096036,-0.015814053977674193,-0.19381093379960163,-0.7453756604108706,0.11223911581325337,0.1351214308772009,1.7454155002646523,-0.5146968810277333,-0.29007728512625797,-0.15691220233716877,0.10802072215270636,0.08018588796390443,0.8244979218068427,-0.7080161966007223,-0.03123601062943427
0.17714163904522162,-6.393563350747193,0.7991008381782625,-0.0213865197128183,-0.0002900279189803559,0.6832385367495087,0.7298819319306166,0.10000730451052978,0.055217140196982935,0.3864282716607446,-0.32820176030774706,0.406688770481152,-0.5870001496055012,0.1290937123121842,-0.0749783047060149,-0.036651114537314664,0.21734533185242164,-0.5798296299844442,-0.4575979424086919,0.8155620800234544,0.5409322818839698,0.4344373199727206,0.08641261270909043,-0.3722745250114063,-0.014551415371175876,-0.1938858157094047,-0.7170114937685215,0.12104213144212538,0.12043494046876828,1.7916110876415674,-0.5349449823631924,-0.2942521418541996,-0.19399937629163055,0.1142087386959792,0.07377836629906849,0.85277030900914,-0.7007603316274037,-0.031309782361730626
0.17825631997497587,-6.41135904583005,0.7998752105029047,-0.02092339553004551,-0.0017905687135613322,0.6853681890777028,0.7278938458206149,0.08100217087690495,0.054753711425777084,0.3877156228457694,-0.33878441591618563,0.40253247057151165,-0.5893937554265838,0.13605132577836979,-0.09155613240989817,-0.022200091789414893,0.21909166859954946,-0.5625258401374243,-0.4531069262708179,0.8028995627132881,0.5486072942507673,0.44465583077607146,0.08522222044476999,-0.3687214039531136,-0.013140595653742284,-0.19298285090142592,-0.6803512869865178,0.12431467934671758,0.10152882442956401,1.8275242942058252,-0.5544385092543552,-0.3001060603700519,-0.229638398161999,0.11765001405717924,0.06484689522774927,0.8830342851068208,-0.6856128292361959,-0.028689463431690834
0.17857559176823892,-6.428511567802572,0.800919214747293,-0.02021017453363859,-0.0036015776853582995,0.6884969622022186,0.7249486261258881,0.05969179323027124,0.05406675572087646,0.3880399074176943,-0.3478179122835909,0.3986599577259148,-0.5933763250607098,0.1413293614586983,-0.10567549132684573,-0.010898778022085751,0.21843669910719127,-0.5410024054175933,-0.4492802240406652,0.7875507000099892,0.5548423574784982,0.45157672694834455,0.08432017057386186,-0.3656454240178361,-0.011489992488409408,-0.19146353290943338,-0.6384895610957072,0.12491985577803691,0.0795178726075639,1.8540955853555783,-0.5708948761743319,-0.3066346071026464,-0.26189471828498306,0.11927272129097727,0.053207880697539414,0.9092064688945081,-0.6664917003537886,-0.026708400219965015
0.1775749305376045,-6.44519845839595,0.8024684588852036,-0.01869273033596505,-0.004493839149142371,0.6930214258181476,0.7206605932054766,0.03558867010658069,0.050768036685586874,0.38769742313752836,-0.35704068039232056,0.3949314478588282,-0.6000992940652443,0.1454080179963212,-0.11646601676264198,-0.0014592865848825584,0.21624158419944572,-0.5161865805294812,-0.44579014994023247,0.7706004559840849,0.5594994229094995,0.45431618927037276,0.08504693880300673,-0.36353490245048503,-0.009654203601931432,-0.19041119088926114,-0.594798014413501,0.12246846776809821,0.0587714366315959,1.8705059799935428,-0.5806147057159948,-0.31071946709491866,-0.28928253424882117,0.11532190949628764,0.0386496433126487,0.9271990519428555,-0.6480564450247389,-0.02590040308079592
0.17674243487440816,-6.461591908449061,0.8047673817809996,-0.01772671970567696,-0.006047076041133908,0.6983988188540818,0.7154636860827053,0.01048828057478386,0.0487491576908462,0.3864636356271255,-0.3661618026048792,0.3922315446942257,-0.6089489241860978,0.14858958077251055,-0.12028663594221792,0.005210804232311389,0.21435436746333048,-0.4898190292559606,-0.4413363094730962,0.755443900001622,0.5645525176446408,0.45154043957297946,0.08771421293502366,-0.3636587974309006,-0.007489156887986361,-0.18986310718589353,-0.5494191241222967,0.12386976797076274,0.04107780511404937,1.8781580015257235,-0.5862261532548257,-0.29801384186248653,-0.30833616232357564,0.11141959876348789,0.022146433953314594,0.9309106298900651,-0.6306217144921787,-0.025891026742252174
0.17631612105888622,-6.4777149925361535,0.8079771184048142,-0.017064580913869726,-0.008317830416043765,0.7049509922286771,0.7090019127838846,-0.01634100152996388,0.047699733019845196,0.3846398800658431,-0.3762614927636808,0.39040946466602827,-0.6211879255899152,0.15113966576148294,-0.12094731771729961,0.013025902637505405,0.21232952132265803,-0.4595690383584583,-0.4350136909216523,0.736899936172104,0.5688097817816524,0.44396611288750565,0.09096233496090131,-0.36363535620661863,-0.004961068567411781,-0.18923867436989503,-0.5017580588034384,0.12592476488647586,0.019917871381855377,1.8766718045676827,-0.5898921815785473,-0.28566906967515443,-0.32052151853602096,0.10687098515765951,0.0017293064919010805,0.923752286496781,-0.6099406395558379,-0.025389478861610394
0.17624279445528862,-6.493679723459975,0.8119919719685734,-0.01683487785671518,-0.010944183448052765,0.7117531312434813,0.7021426435570651,-0.04296669330780259,0.04733012662709316,0.382842154156106,-0.38649610063602247,0.3894758177515276,-0.6351225440823925,0.15185987634175943,-0.11854174003654468,0.020969911623062106,0.21040056913877503,-0.4278149759809112,-0.42812298759341794,0.7181020274058038,0.5715754803627993,0.4322827447424456,0.09395781009676175,-0.36347450705725126,-0.0023199159417811484,-0.18898204770140897,-0.45379793308630995,0.12916240741539267,-0.0031913495329393103,1.8672827096556623,-0.5905045871161111,-0.2742547273698193,-0.3287019124621195,0.10247557648590623,-0.019262486043053174,0.9087699711855612,-0.5859041812225141,-0.02379191773396421
0.17660701017923883,-6.509550500815401,0.8167540140798094,-0.017126734644565364,-0.013481896594751873,0.7180149200621027,0.6956863431122063,-0.06759666727524248,0.047254122028425556,0.3814806270189545,-0.39650693238305007,0.38953402935061193,-0.6490137994496689,0.15028201904337238,-0.11395314715627508,0.028326913594486167,0.20845988003723806,-0.39702917842257573,-0.42111557522589455,0.7017149902999197,0.5731224450114283,0.41810146365943185,0.09605836601589852,-0.3630799706464484,0.00024752241659242366,-0.18954750574203924,-0.40810836523398464,0.13410248292499236,-0.026021352186204813,1.8514357966622832,-0.5872650568743002,-0.2619230476881618,-0.335887742138594,0.09884949906246387,-0.03823263028358629,0.8891827442032487,-0.5576204447659452,-0.02083549753341089
0.17685140804404537,-6.526153824448365,0.8220106841733126,-0.018319889220707253,-0.015914299345316952,0.7237658744317405,0.6896187901611627,-0.09020903957017923,0.04796517186399373,0.37996782232777526,-0.4077623264867375,0.3898314536669563,-0.6631917527182601,0.1472304145823958,-0.10812700351475264,0.03427646865358194,0.20592217119457068,-0.36833480691861353,-0.41427291807117944,0.6878166581441375,0.574275223867072,0.40273451007894767,0.09764698254297675,-0.36278750820872774,0.0028641505024237825,-0.19122989726216386,-0.3668846650571154,0.14134620577208845,-0.04839462364279244,1.83048587595321,-0.5816576464185502,-0.24967427118669291,-0.34319947196686723,0.0968216377103244,-0.055789542895985596,0.8652160051076135,-0.5258308928515525,-0.019070827751423765
0.17719391849667787,-6.543187063042598,0.8277933846504696,-0.020330191137188626,-0.018344894741076007,0.7293199459712221,0.6836245786788221,-0.1115318460802998,0.049582674136211174,0.37793054501447826,-0.419450144079194,0.39075431189039245,-0.6778096144186447,0.14291948734885057,-0.10129300914630607,0.03898352648824833,0.20275042977160018,-0.34025152621039506,-0.4071960722378297,0.6758938849987687,0.5749168341602825,0.38651940535053564,0.09843372156373432,-0.3627084638422583,0.005561446054754495,-0.19362828542459776,-0.3289204356373699,0.150537729928732,-0.07104109031619127,1.8037222006237277,-0.5748539385378209,-0.23716906032613955,-0.34909167987842177,0.0963387620632621,-0.07298550519514332,0.8351999955262095,-0.4906115579989618,-0.018607766443461606
0.17738013159772234,-6.560569741834363,0.8339502739981438,-0.0226317420128051,-0.02031100230850526,0.7342411724229325,0.6782073194515719,-0.13083445223219842,0.051056731966586624,0.3754664004620388,-0.43016757036921255,0.39202036125698086,-0.6911315242128393,0.13724391194087546,-0.09379107282672858,0.042085505646056655,0.19904733937192312,-0.31355084238904657,-0.40031166006553615,0.6664908548744337,0.575066047024751,0.3705439672519694,0.09802942705439158,-0.36247242536232516,0.00811418987941001,-0.19600782392886942,-0.2934239414148522,0.15971409282533547,-0.09180685407144783,1.7711846731915053,-0.5669266789758655,-0.22450146481859637,-0.35418970039697134,0.09601644162562968,-0.08782015631257933,0.8008184982897244,-0.45234827905503405,-0.01789363082997671
0.17666727152459105,-6.578356758746006,0.8403828014889898,-0.024602780175700868,-0.021325853427512725,0.7380383498087177,0.6739727779330841,-0.1473390061677309,0.051146739035346445,0.3727704970031089,-0.4386984194799168,0.3928966666607296,-0.7013395109994192,0.1306295681239425,-0.0861231612567025,0.04304357586456806,0.19457850324137227,-0.2900388462326269,-0.3941918112881153,0.6602731131316216,0.5756350883331834,0.356433158284807,0.09685960007304498,-0.36137046767237424,0.01027357428877113,-0.19771164486714995,-0.2596516905233626,0.16640932181854828,-0.10826394336143588,1.7332146686640992,-0.5577471120798866,-0.21310574223118645,-0.35932619442421604,0.0940526265551433,-0.09782093178345087,0.7641678114489479,-0.41151554377151855,-0.015602074329964254
0.17547510013485024,-6.596394659610733,0.8469828799841003,-0.02607180786618822,-0.021309192581785777,0.7404628801694356,0.671253232571199,-0.1603734673494275,0.0493967445305667,0.36996367761338084,-0.444127092664264,0.393970793025175,-0.7069838442629292,0.12282417658953391,-0.07878150096103785,0.04192967978965855,0.18912289698878215,-0.2702614145125242,-0.38865512890342624,0.6581654538026068,0.5770401086795672,0.3460137953857331,0.09441395871451169,-0.3585005314164122,0.0119302965003657,-0.1986670496126871,-0.22685949584636567,0.1698844054614293,-0.12009328180747067,1.6891599611560737,-0.5470107492956664,-0.20293112279773615,-0.3646066023883924,0.0905135387784458,-0.10208726968725026,0.7253420322244709,-0.3672940190784989,-0.011916648944710008
0.17406454889747217,-6.61454695625526,0.8538189449933291,-0.027233287100286132,-0.020468820680571424,0.7418166211010224,0.6697368708021988,-0.1705409974256529,0.04626314614878368,0.36705445125905806,-0.4470509185078019,0.3953528657708853,-0.7088448831545632,0.11402334428936317,-0.07203129179820769,0.03948516650132028,0.18234692821712217,-0.25384779373717997,-0.3835361657254589,0.6597347377426341,0.5795928806821837,0.34009631555616654,0.09082429000205557,-0.3534004962358649,0.013225633429624403,-0.1992061655011438,-0.19512242896845636,0.17064651122649777,-0.1285570829274551,1.639024474203215,-0.535059841417673,-0.19413062129805286,-0.36946091280325605,0.0863817361960535,-0.10192196883845289,0.6833015516433857,-0.31931827915378685,-0.007746944692395301
0.1720143870933562,-6.63304871666649,0.8606706642292152,-0.028064447415828763,-0.018859211565164666,0.7424470516640123,0.6690508892496888,-0.178875225486289,0.04195211377090377,0.3640876482566067,-0.4484390714989946,0.3964552346082541,-0.7076995612426255,0.10471882014624773,-0.06584227569618062,0.03589427885012749,0.17444307119600524,-0.24091695123181522,-0.37917946074937114,0.6635929452598548,0.5828228939038781,0.33854774108384245,0.08673258437767788,-0.34647968096804854,0.01423272190408712,-0.19928641562655028,-0.16517703126171338,0.16871043712332126,-0.13446856466624707,1.5849182498787415,-0.5226755075594656,-0.18729878545856865,-0.3739970778171382,0.08126917871913247,-0.09775119963210545,0.638997589428107,-0.2693003547936149,-0.0010152969277721388
0.1695693607499699,-6.651896426701841,0.867221278038588,-0.028488920742531017,-0.016521269885609112,0.7427084251655622,0.6688046233575112,-0.1863641327377143,0.03653369106564567,0.3611438077736485,-0.44839230532067714,0.39769443812431915,-0.7037797181171971,0.09471647603127853,-0.05977153701556872,0.03142698695547461,0.16636923635040032,-0.23110986941658154,-0.37545692499504046,0.6688014080774638,0.5857465768870349,0.3404852111709995,0.08209690813935713,-0.33850164919450554,0.014956169775604626,-0.19878891278974883,-0.13762706572011862,0.16441093375570826,-0.1389539389270356,1.5289920077450934,-0.5096773468095996,-0.1814036057462765,-0.37819290086307655,0.0746892711901132,-0.08941163177877517,0.5934653566795887,-0.21895532188660483,0.012520859192015859
0.16681264481871572,-6.670873476393001,0.8734431667431698,-0.028211122654945166,-0.013501794959224907,0.742245377257687,0.6693979638682956,-0.19236880537499623,0.029535182719195554,0.3593863255867586,-0.44614223119960345,0.3996627448034313,-0.6953888018990516,0.08281467692566506,-0.04959891047333523,0.02565886401343599,0.1540672542973908,-0.22540442720276666,-0.372654307470861,0.6751204293881938,0.5887912782146585,0.34853256759625734,0.07525941690521273,-0.3243707965762021,0.015587121519745383,-0.19777974472990523,-0.1113624829331628,0.1572550922919373,-0.1408004148070914,1.4706924596477307,-0.493303960425198,-0.1749974603511231,-0.3793834161295745,0.06646817113282572,-0.07325232803203288,0.5402828901571671,-0.1597078716547607,0.040182255604671216
0.16340232444447136,-6.6902289973632945,0.8790237674645726,-0.02739079249909009,-0.009430502765566218,0.7413543047559665,0.6704883331749011,-0.19746499744795287,0.020902776965985602,0.35729624804779087,-0.4423032564942779,0.40110839197409764,-0.6847733597791145,0.07045505981752155,-0.04049871871388702,0.01921754633361873,0.1449475444647797,-0.2228110475282115,-0.370878778103173,0.6829548718068542,0.591251754485654,0.3605747230661448,0.06887560728090543,-0.3120161908588205,0.015609539158704708,-0.19616829285717402,-0.0877808255977645,0.1465144596889619,-0.14128391867297524,1.4106518684655949,-0.47515981740641694,-0.1705055580439654,-0.3806521945214512,0.055354414403185774,-0.050883423638314836,0.48498877040445065,-0.10068949800794011,0.0759862426690684
0.1593156833899534,-6.70988023612011,0.8838706114496205,-0.02638952373007064,-0.005603478835890782,0.7401957714927757,0.671849993619446,-0.20173908995360934,0.013212304067067908,0.3575735305400673,-0.43926137784016744,0.4015531359606827,-0.6732577141864389,0.058288345424793615,-0.03186573079588152,0.012355553068419685,0.13755105619912256,-0.2240867043789923,-0.3710134892761727,0.6914715968814211,0.5926092348342233,0.3741660464231999,0.06280690845909478,-0.30140089494594413,0.015300814007478342,-0.19541598047694458,-0.06552787317901333,0.13511547391717701,-0.14151777728679224,1.349553836829548,-0.4559145503331797,-0.1686012744480711,-0.38935186868464067,0.04334389844289909,-0.018874359108703824,0.44660172992854313,-0.03923954215227145,0.11021800934693529
0.15501850740494438,-6.729562098211086,0.8880728597877683,-0.02496288748146835,-0.0013372637294912294,0.7393769855942498,0.6728274215189695,-0.20607955916339585,0.0045440450943924696,0.35763770802433803,-0.43658004871088246,0.40247541645849383,-0.6625760191540162,0.0465888108819651,-0.0236821829234121,0.005977670787991365,0.13194605163154413,-0.22725309689765102,-0.3714012908675215,0.7005819372079312,0.5935230129351332,0.3853001171001316,0.057925041304748015,-0.2930172112413939,0.014884939382240229,-0.1946027157237536,-0.045184249072594884,0.12259830952541645,-0.14342350839378284,1.28704448822071,-0.4350346956813428,-0.16902016184100097,-0.3981096660063075,0.029840862133967923,0.01110147195611358,0.4163666123029392,-0.013578356288796539,0.1442302361979765
0.1504934915707031,-6.749429986736964,0.8915380573523713,-0.023135005910732143,0.0035445689515687037,0.7389199306552202,0.6733866226863596,-0.2105979731528419,-0.005178661530573298,0.35717714307403264,-0.4343635558708762,0.403699638636742,-0.6527490948455473,0.035190038365100575,-0.015932165248765704,0.0004293441790474362,0.12848899545118617,-0.23229942788203872,-0.3722622056536539,0.710177478855116,0.5935079939421621,0.39100152736931154,0.05415700632405822,-0.28810945960626444,0.014387727052233679,-0.19354833039151575,-0.026940106066505938,0.10865355701146721,-0.14688602181002144,1.2227596075595117,-0.4115846344301548,-0.17228111509097294,-0.4090936710894006,0.01387989745010911,0.038805875760204604,0.39966006709237484,-0.006519420591762407,0.1745465947365219
0.14575946250847627,-6.769361719958069,0.8941945309078879,-0.02125038171195754,0.008738440741702892,0.7385204166672019,0.6738394876350018,-0.21474794769267203,-0.014822921493186779,0.3567207335344912,-0.4321600597823235,0.4049386316414116,-0.643184051589983,0.02367556492892017,-0.008532640923352158,-0.004655675076050243,0.1269534682966327,-0.23955204554987858,-0.37420402820579574,0.7205424917988014,0.5923378059595696,0.3913933716519135,0.05113289279464118,-0.2867273640967605,0.013720884972173539,-0.19235037570534577,-0.010505979074356919,0.09400754429812112,-0.15107341150066667,1.1565023768229192,-0.3849513269306279,-0.17800284209669157,-0.42331776648913216,-0.0031152435741669906,0.06627461368872414,0.39635759020685,-0.015721040625753458,0.20396465858334592
0.14137831530615222,-6.789488350766153,0.8962477961854324,-0.020110668154808095,0.013485380610578582,0.738244243990233,0.6740987626093403,-0.2183736736555884,-0.022402059877293663,0.35629440906377996,-0.4308098198979354,0.4062889924730246,-0.6344358494543818,0.01333221949764074,-0.0015720006799948261,-0.009205179636050945,0.12689902916538034,-0.2492587697576057,-0.3767143727907375,0.731704760502667,0.590858488685183,0.3879613583375345,0.049041620738893996,-0.2875611313765825,0.012950592930646102,-0.19120816096250964,0.003315277147472795,0.08161914122565918,-0.15676241470680521,1.0902497066910548,-0.35710874567033424,-0.18492236702914183,-0.4405796138691398,-0.01854160916337881,0.08763887887499998,0.4063286045780788,-0.03762474780305544,0.22802891075013357
0.13782167232175083,-6.809783077751273,0.8976895922590952,-0.02044875433728098,0.0170043281622058,0.7381345390079237,0.6741291445957258,-0.22115834750964433,-0.026044796431298152,0.35607145338938984,-0.4310075473499373,0.40785509411235377,-0.6271652040838022,0.00503655357677978,0.004761726648074165,-0.013941000559493735,0.1278771369406346,-0.2611256159402087,-0.3798224002895653,0.7433719542931764,0.589014603155693,0.38296372484755925,0.04779758936889506,-0.2892786404460376,0.012167596320966126,-0.1903666585289679,0.013738077804135577,0.07440319593427501,-0.16433349572157036,1.026807027138231,-0.33022824114340227,-0.19100521235091725,-0.4608249499432965,-0.030127694864488894,0.09650255245683388,0.43093682853564635,-0.06711940950725319,0.24344791006218122
0.13477647976075655,-6.830342576695253,0.8985216100500782,-0.022313963348302792,0.019165518447363646,0.7382289011586527,0.6739086432421104,-0.22304718044988406,-0.02550535740708313,0.35638578645774555,-0.4338412710429115,0.40927231737333625,-0.6222192976166182,-0.0005129426991675216,0.010494079616735014,-0.0191822189307525,0.12954221929252904,-0.2753932442346466,-0.3837797651240249,0.7549473739845818,0.5863488536423413,0.37720291828490665,0.04827224083284827,-0.2913754427655408,0.011402348507487085,-0.19008143433048566,0.020161158544376053,0.07258250978262905,-0.17444769945937674,0.9661341572259319,-0.30135115912747956,-0.19669889241759506,-0.48461990024021384,-0.03835458246284711,0.0879490289787462,0.47331002160958136,-0.1021241300109658,0.2482259681747927
0.132049851871426,-6.850922091786389,0.8986308189552887,-0.025022172239144568,0.02045927204184777,0.7384850371569665,0.673494735672986,-0.22405673163997145,-0.022358021821229618,0.3574283783889608,-0.43855545194816714,0.41068510798520597,-0.6189390771993221,-0.004182122958824644,0.015730046345355467,-0.024981946576434686,0.1320319560270816,-0.29185506468192146,-0.38875455147298943,0.7665319302312247,0.5822664228763968,0.3706364672888449,0.04997610427441862,-0.29413328581699943,0.010581454276135034,-0.19033948206887122,0.023421624400187906,0.07408523497269302,-0.186105109981275,0.9070000506735192,-0.2693063852373812,-0.20010218102841523,-0.5117509770927348,-0.04569796994031195,0.06568242162296346,0.5336340331714753,-0.1417340406627128,0.24641460322016873
0.1296510940516909,-6.871388065194125,0.8979849357432174,-0.028124611759171463,0.021229353656909637,0.7388523983116037,0.6729453575632246,-0.22411374807055945,-0.017704290763868136,0.35887943196813793,-0.44407796452880793,0.4120806136705356,-0.6164161359057393,-0.006192366467100498,0.020206998155878064,-0.031407806906108594,0.1351836859541299,-0.3101747447334436,-0.3946442128353044,0.778383230660465,0.577337010063841,0.3641957316073986,0.05202643812290792,-0.29751058876599945,0.00966541106146553,-0.19088107646788305,0.0242870309151445,0.0775266272495844,-0.19708427566396036,0.851270674147574,-0.24073604784751013,-0.19910374319259694,-0.5405984001217914,-0.053529694098960905,0.03761518187996337,0.6071742600316862,-0.18241326964084675,0.24113330532091276
0.12757278421262297,-6.891615209217991,0.8964605783819348,-0.0313856002341169,0.02169071757693966,0.7392845694449044,0.6723115217290293,-0.22318186201382506,-0.012253020152179534,0.36034025380473145,-0.4492352923701439,0.41345331085628456,-0.6138563763527382,-0.0068908691451375105,0.023431023221174668,-0.038871260355189036,0.13867053300919935,-0.32978775760553813,-0.40146696648841523,0.7906776507032939,0.5721200221018099,0.3591796340033266,0.05375927264432626,-0.3015106046623759,0.008641543595076495,-0.19139447365850437,0.023356139777165746,0.08192098155256777,-0.20536333636179763,0.8018997785370457,-0.22402934870667565,-0.19364812175961485,-0.5696642947209991,-0.06184649508882233,0.012084870306137252,0.6887991651953012,-0.221307131695478,0.23462785471881487
0.125819794847086,-6.9118547719551815,0.8940433682459021,-0.035288967599025375,0.02152194934330866,0.7399122034439459,0.6714323686395991,-0.22163247471667236,-0.004871790182120911,0.3616187715518663,-0.4542924796441102,0.4145996919830044,-0.611352295292727,-0.005665832807883992,0.024875893308557585,-0.04749726329476113,0.14206544514120165,-0.3511007944227347,-0.4090873717120941,0.8036043716751116,0.5673039843663473,0.35665982918099093,0.055866163829961776,-0.3060031923150132,0.007537807818612368,-0.19184868365529875,0.02040250242568164,0.08835860298483748,-0.2119466930239979,0.7604280628009091,-0.22399055019121297,-0.1866275630274415,-0.5991764114111243,-0.06942256430537977,-0.010646077566431326,0.778674444513899,-0.2595741353642491,0.222891128226756
0.1242058932366071,-6.932152293354868,0.8907495623691464,-0.039780385765832246,0.020778821851742273,0.7407122881225933,0.6703216151184193,-0.21941404385792812,0.004242377730720456,0.36261161147863963,-0.4594681743845793,0.4155257432761538,-0.6092743934164769,-0.0024588676592753296,0.024549129906391166,-0.05696772345869645,0.14528450021128067,-0.3741129750016763,-0.41742060880303694,0.817108713391537,0.5628048577390439,0.3564450584037427,0.05904808813294255,-0.3108585892495509,0.006362555069033411,-0.1922056430288833,0.015366433791503343,0.0963414364458589,-0.21773609238743247,0.7254658453683464,-0.2369424177354518,-0.17929270735126146,-0.6291414100148479,-0.07686390714640381,-0.032745385154789315,0.8776174823285168,-0.2985014023675086,0.20437178499250327
0.12250691423156938,-6.9523392017613075,0.8867426211236719,-0.04389935612869297,0.020210800707329397,0.7414212586557555,0.669297308585332,-0.21585826137491876,0.012747921578814983,0.36316991924686376,-0.46404622935183154,0.4163534575518536,-0.6072485033112079,0.0022021368577211566,0.022769195373541634,-0.06636687306398144,0.1485492544651746,-0.39794801485173054,-0.4262608166924373,0.8307801166237033,0.5584005706481546,0.3579211697194606,0.06287017744525167,-0.31586164829598834,0.005084833805402931,-0.192257453415649,0.00866526210101682,0.10305225981876016,-0.2207550311750061,0.6957023112242323,-0.2581702397385057,-0.17089698752911983,-0.6576401629213051,-0.08513521807520072,-0.050148671526600526,0.9803062577389343,-0.3354402365818302,0.18512675817322088
0.12056116988443132,-6.972432304607937,0.8820074183447919,-0.04668651147982028,0.020549006531259156,0.7417652566535474,0.6687169894642419,-0.21026176234300595,0.018206590118961957,0.363290890106176,-0.46766560017544107,0.41717927537681676,-0.6048128823394102,0.007625460052318664,0.019920341530125712,-0.07502300858052868,0.1521190351251011,-0.4217726755455707,-0.43555258849349693,0.8439308602680188,0.5536592639382384,0.3604356338517728,0.06643062549499439,-0.3209434699571435,0.0037177693251400114,-0.1918525368563472,1.564769110268629e-05,0.10572614715318339,-0.2186319648041221,0.6716082023323995,-0.28406780739783044,-0.16166291949327144,-0.6828733275815192,-0.09420802354290152,-0.05817411949938518,1.0805330144786016,-0.368283011996309,0.1716884874288151
0.11820393315962703,-6.9922673116883844,0.8739733245411867,-0.04857694720298391,0.02163546259166096,0.7418140133184469,0.6684939465718904,-0.20287480224910512,0.021897272577159815,0.3613648639311576,-0.4690707091713675,0.41775007369654993,-0.6012921820739678,0.011254183150381578,0.01579106604176185,-0.0867382799148125,0.15626286384093743,-0.4432764825849949,-0.4484502668516754,0.8555617276427375,0.5440997455199507,0.36421830398398003,0.0669191746866205,-0.3284236514774912,0.002313874242233216,-0.18986465064155827,-0.008557945332948964,0.10552035984180291,-0.21001035338848897,0.6405118851910452,-0.2776561790120186,-0.15069451057966748,-0.7060855022605294,-0.10192351471208515,-0.0553930597420584,1.179639976667917,-0.39983608585647445,0.1673760041283679
0.11555229589047457,-7.0116168877339256,0.8666180809215118,-0.04794757172872637,0.02390765000654842,0.7414984947247394,0.6688119593409105,-0.1929867073079355,0.01928363151055443,0.36094727521108927,-0.47076879989347425,0.41896172508071466,-0.5991431742382558,0.01781003308724563,0.010211691090770076,-0.09452535811167556,0.16011862913451688,-0.46703917224119934,-0.458254543523569,0.868310772894796,0.5399307914994104,0.3680216612422135,0.07056661694232169,-0.3334527675415832,0.0008042288154297413,-0.18825160421215617,-0.023673408581954505,0.09951390803987922,-0.19457255032947052,0.6363020288162101,-0.33163016929114736,-0.14209950831026566,-0.7235532710063368,-0.1092373864522324,-0.041731910738140025,1.2741242391402188,-0.42744771033824563,0.16833235314631195
0.11283899736435538,-7.031044541004563,0.8597148521469377,-0.046969075051552664,0.026444568487146526,0.7407748460335905,0.6695873492459664,-0.18117262160776482,0.01604945418241157,0.36118849076299403,-0.47223110560978065,0.4198969881322228,-0.5971522160797411,0.02569693688178133,0.0037554419219882865,-0.09928208753871183,0.16377606206522108,-0.4918447924135516,-0.4679813297475481,0.8808015825562564,0.5368006763353387,0.37190119481019823,0.07563331177890767,-0.33722239808924126,-0.000784722511428589,-0.18705476604962679,-0.041577461551771784,0.09210627358801379,-0.17672086800967404,0.637343609019495,-0.38555586203464104,-0.1340774063030701,-0.7373354740977267,-0.11359580375188927,-0.023280428278823682,1.36375091580362,-0.4518284080873213,0.17272690654557388
0.11009032601383396,-7.050620661731188,0.8532300414989311,-0.046165347994659295,0.029278129307422143,0.7394399636422944,0.6709993233658822,-0.1673543446970471,0.012903787037784288,0.36194393246951595,-0.4727748258577048,0.42109435815217877,-0.5947959634978682,0.0338735992390461,-0.002604551117268502,-0.10290989665259331,0.1674121552028257,-0.5158581440429449,-0.4776511653279729,0.8910478967779002,0.5334300999438234,0.37610786863429574,0.0812567202974403,-0.3410625767574975,-0.0023476671098517873,-0.18651431214764183,-0.0625714832191504,0.08362895715703626,-0.15953851307271055,0.6414219300127154,-0.43395478057980574,-0.12769693616564468,-0.7480283534106547,-0.11571867228101278,-0.003525390156513867,1.4469406662191988,-0.4726735739562525,0.17778323905891105
0.10719794767970818,-7.070342982763198,0.8474627693902729,-0.04581131539198895,0.03293165540134667,0.7373381603127059,0.6731636255779544,-0.15056947012140037,0.009695183088199307,0.3625374110708937,-0.47282590992363405,0.4223978023305628,-0.5928782988766149,0.04243142828041827,-0.007787891141065052,-0.10593436801810266,0.17097535300670194,-0.540819755830719,-0.48769143954875604,0.90194282691281,0.5314099085180883,0.37945849648080743,0.08765334663587815,-0.34588840791626846,-0.00392710839046806,-0.18654797332387005,-0.08809499086446541,0.07350942429245015,-0.14388382562261073,0.6481328644959962,-0.4753531393646665,-0.1225292693032962,-0.75709437919492,-0.11674633242516029,0.01708617627235405,1.5233410842670634,-0.4897467241342506,0.18329964012508665
0.1041327973496468,-7.090284527346338,0.8424638140693589,-0.04553438134311645,0.03726841182162602,0.7345696606796955,0.6759771439959413,-0.13138098341168175,0.005898909580285662,0.3630189406323305,-0.4724740473456028,0.42361899231200506,-0.5908747830952622,0.051963641199492615,-0.011413833730929414,-0.10822172038687358,0.1744604112857073,-0.5655798350563307,-0.49735376450059815,0.9117056602500306,0.5304538158352851,0.3821112235480379,0.09488618469230417,-0.3518729661692453,-0.005515326456119399,-0.18696998002057272,-0.1178719020970859,0.061842766087843525,-0.12859296168021705,0.658553869036563,-0.5114962566819161,-0.11721653562360454,-0.7641524071046474,-0.1167599944256308,0.039684261034121746,1.5943208086172314,-0.5046555089950076,0.1905303824052931
0.10104765875484674,-7.110278460773513,0.8381076432406426,-0.04528103174347307,0.041671175538839915,0.731360322900992,0.679209260375338,-0.11090405344730596,0.0021248109417181015,0.36304070457739407,-0.4703874329291921,0.42493552645056365,-0.5882375472487766,0.0626255437918683,-0.013960482219647803,-0.1100681652004588,0.17789258050551499,-0.5889373572426817,-0.506376868895505,0.9197415509669029,0.5302512103059508,0.38460065527555826,0.10260032565334344,-0.3579229077851822,-0.007114594413021221,-0.18712594661031456,-0.149853843741337,0.05017915896784789,-0.11363739807502317,0.6718739157876811,-0.5428824940357907,-0.11190495871734339,-0.7673030917032464,-0.11506168990238498,0.06314379226673773,1.6593710692999017,-0.5183710692224578,0.1984063288160722
0.09807322770990974,-7.12976340369583,0.8341325123002019,-0.04499508250623627,0.04543034180419773,0.7279865430197835,0.6826031934996458,-0.09040996828970312,-0.0009425710582069735,0.3623400217416957,-0.4645060699005793,0.42670881592063836,-0.5844788669822052,0.07399519171373317,-0.01656696697053235,-0.11209056233890159,0.18129173041036295,-0.6092514702662185,-0.5146222535574865,0.9253830863201417,0.5302398222546172,0.38772975326148534,0.11029919262770345,-0.36242416322740745,-0.008720951466980487,-0.1863515546629492,-0.18127243954095784,0.04002275513501409,-0.09922031393392229,0.6868524169094404,-0.5698615336358771,-0.10664782453734925,-0.7639595854485685,-0.1109729279847492,0.08598217935463223,1.7172089991417328,-0.5312026521024579,0.2059206477338037
0.09558761771295875,-7.147923002640501,0.8305547032196663,-0.04461749038355896,0.04825710980310082,0.7244395820497992,0.6861980930204016,-0.06999831989458227,-0.0030229844497027575,0.36096796638965856,-0.4530753025198843,0.42942414276176083,-0.5790128411069557,0.08565505472064025,-0.020593426005469685,-0.1142896905489467,0.18471966554553435,-0.6257031919385438,-0.5219068510853996,0.9287353758304933,0.5306073981183491,0.39267171874929124,0.11698194970721909,-0.3636616019072332,-0.010358892485113836,-0.1844034356782726,-0.21050423171319402,0.03187561907664623,-0.08502829158611616,0.7027768652484262,-0.5919583122006618,-0.10044033717129067,-0.7525587245645685,-0.10432300957223083,0.10773725980922585,1.7671625893621261,-0.5432718950891497,0.21311337416246287
0.09328621507338665,-7.164984821020182,0.8275242176278844,-0.04458236291824715,0.0503003235200794,0.7206758015898772,0.6900062893721971,-0.04939018374728244,-0.003282759944221208,0.35835667814406164,-0.4371388205699087,0.43198793123058415,-0.5724578184711205,0.09831100666658985,-0.026479801234519252,-0.11605142171973601,0.1878873939136677,-0.6386030878837818,-0.5287469205018388,0.9295244260319736,0.5315809793908445,0.39989169351652254,0.12306443356945529,-0.36133440138519224,-0.012049289104066583,-0.18133553638961944,-0.23448625832156209,0.02678632196656831,-0.06576383822438707,0.7091391144301104,-0.6185461756710625,-0.09936118611749926,-0.7345728613789425,-0.09532385255165456,0.1283409709103717,1.8092541745230986,-0.5542839210295498,0.2191446881298282
0.09079057413365153,-7.181188592242327,0.8257341353420584,-0.04373053894627776,0.05215158610976251,0.7167873101297542,0.6939623938418099,-0.0284568746532579,-0.0049410921217656265,0.35710461779284836,-0.4199970749274591,0.43477180649660047,-0.566163407623626,0.11235984761090691,-0.03351569998198183,-0.11649837530065554,0.19068830563027014,-0.6502782266991427,-0.5337677493215954,0.9286213586502492,0.5342043650115597,0.4080819459657299,0.13010401576115274,-0.35533282947578293,-0.013647237655333194,-0.1787789624852225,-0.26417117890130865,0.02026092861196898,-0.05283598384236729,0.7325368541185285,-0.6239818455311749,-0.09417338363794743,-0.7102825106056749,-0.08590819776110732,0.14966118345262025,1.8435123323860225,-0.5635919125669725,0.22465300503667113
0.08837826219002555,-7.196777685890699,0.8249488694639557,-0.04284733749994187,0.05366901831503929,0.7130911418756367,0.6976996241368961,-0.008022595277315364,-0.006188485625721532,0.35582027817943507,-0.40185172231362837,0.4374412903490498,-0.5602908962494529,0.12724408575326948,-0.04011425088254104,-0.11594610560781109,0.19371816457304186,-0.659995674831173,-0.5378536103874207,0.9263273122434997,0.5361225680299647,0.4158753871030035,0.13738869501836395,-0.34747069959820354,-0.015186874468924961,-0.1763996455733541,-0.2929140469180135,0.014976844905411062,-0.04124360659218562,0.7544175541547383,-0.6233398334995995,-0.09026688634558475,-0.6812594499170165,-0.07511429988207108,0.17022463726407416,1.8694736304787962,-0.5702126235377375,0.23213898515481934
0.0860469251985646,-7.212256300258793,0.8248930906853207,-0.041878989558878914,0.054878499088329556,0.7096402528501854,0.7011741667418047,0.011964782226645121,-0.007043337421814295,0.3544712263840924,-0.3836450292635184,0.43982823984602387,-0.5552599894029356,0.14347641994798063,-0.045071236545845085,-0.11588838239733491,0.1974159308290533,-0.6682605716975974,-0.5410056080489274,0.9223483774531626,0.5372829565913732,0.42196009267206785,0.14378009496610133,-0.33901649980922327,-0.016621246818259737,-0.17411769996546814,-0.32207970706973643,0.010796561901613542,-0.03137266835930061,0.7771528735395227,-0.6167298705228085,-0.08856110613879865,-0.6476143553869668,-0.0629062717668455,0.19037398346915035,1.8870924626980525,-0.5754150722278283,0.24250094244462897
0.08411036058714619,-7.227449974127583,0.8250677080172986,-0.0407957395718782,0.05569219383027857,0.7063354428801427,0.7045028951753618,0.031664109451366024,-0.007497703758994731,0.3529237460197192,-0.3641302873245052,0.4424851598410254,-0.5503378839271356,0.1603274047223066,-0.04813967366928835,-0.11770204105620562,0.20219585378125463,-0.6744636401310795,-0.5433635300663444,0.9164950472132546,0.5372433609244145,0.4264889016212166,0.1476341932363267,-0.33077368212081565,-0.017991787498139428,-0.1717486442336216,-0.35129827178500367,0.007797345502301524,-0.02279211536895443,0.8011560716972312,-0.6055930714495011,-0.08783679566401045,-0.6089232974734542,-0.04929140438135096,0.210124662619157,1.8966944630252587,-0.5797930175970059,0.25557381918843686
0.08269738491995958,-7.241898222067634,0.8252353055896317,-0.03968721076248447,0.05625264318871944,0.7031151895558723,0.7077355407579773,0.05109719886071113,-0.0076893737305168295,0.3510905119307841,-0.34260339812474283,0.4455778469893098,-0.5451763484796075,0.1763736306693026,-0.049160466110115986,-0.12071547066583185,0.2079389945242231,-0.6784218538237233,-0.5452991692631127,0.9100152124647312,0.5353792671050797,0.42966135447147513,0.14928688182003608,-0.323675283815507,-0.019366661840850456,-0.16937875455174053,-0.37874490425161583,0.005976727339049307,-0.014696588604998046,0.8229332088466342,-0.591825311742948,-0.08702945023669412,-0.566514314408685,-0.034592139051057826,0.22948046690863447,1.8984956649244624,-0.5814152783983375,0.27058724576210225
0.08149282185280664,-7.25599426666843,0.825473652720393,-0.038739075919503485,0.05670597230117195,0.6999357889957843,0.7108963412376875,0.07020506967049131,-0.007699404054550028,0.3489765759996867,-0.32023346999086344,0.4483521990054235,-0.5396933389473682,0.19107770532349988,-0.047952205940774054,-0.12339295752484006,0.21369207778264404,-0.681684019098355,-0.5466033410717175,0.9045665614756687,0.5325042562390389,0.4314048958815387,0.151093333351777,-0.31838666981107017,-0.020819196504207667,-0.16726425390801328,-0.4029434620538394,0.0052993800097242486,-0.0063347283160592035,0.8386556248555895,-0.5777338408122586,-0.0861934541317021,-0.5233566721638593,-0.020008209932761964,0.24613094235515323,1.8933433035617389,-0.5796572997686901,0.27760914831252925
0.08072861334484956,-7.269966727083901,0.8261503413069867,-0.03785146094768027,0.05688352403494212,0.696920158993678,0.7138864220488572,0.08886686981449997,-0.0074450191782988165,0.3471196359514171,-0.29813588060540447,0.4509571301162343,-0.5341184806688719,0.20447483356029286,-0.045127310089190444,-0.12324271862711922,0.21796566879866533,-0.6849669908317058,-0.5462659224556171,0.9011818088759641,0.5300743217031844,0.4315521045264122,0.15361995937286466,-0.31682311342143105,-0.022166719759487103,-0.16603422745544916,-0.42256208831779024,0.0058656728007399316,0.002006003303729103,0.846370066432091,-0.5641223007600037,-0.08537858518905671,-0.4793377394061443,-0.005548891182566464,0.2594239291210437,1.880746755332877,-0.5759413494058699,0.2767433111655014
0.0807888977528929,-7.283880530539997,0.8273821887899537,-0.03807265562519475,0.0554823726826216,0.6938288333822542,0.7169893508153186,0.10752773658407712,-0.0034087939627064166,0.3454705079657613,-0.27494931354750596,0.4529249917571971,-0.5271504895538492,0.2170796920618834,-0.040090918439975004,-0.1228216885008746,0.22208185444664183,-0.6876864055099378,-0.5447571836353572,0.8989721905149554,0.5268241097703675,0.43056577404808644,0.15742198941028987,-0.3162772167823001,-0.023681773059550756,-0.16506158109244762,-0.4395204136318613,0.01175317879938473,0.009502685756301074,0.850975839600687,-0.5503354026461912,-0.08584816173579685,-0.43361862807373913,0.01342430459171581,0.2705772421837736,1.859484277461171,-0.5698528996913289,0.27567309714461147
0.0809644001395904,-7.297796974647228,0.8291013881196663,-0.03836075922618091,0.05398892392431797,0.6908410419233726,0.7199668763487067,0.125269948739094,0.0010494378037227098,0.34397663345155866,-0.25104410800232474,0.45439013234550313,-0.5191509420469295,0.2282161386240377,-0.033079584643255694,-0.12202310820863199,0.22579732233704028,-0.6907464649108651,-0.5426519404663938,0.8986346504405185,0.522527724744417,0.42822242534787924,0.1619668809273606,-0.31678450720058615,-0.025356066739496065,-0.1644625140026686,-0.45431954710245864,0.018224186792277653,0.016546808731921936,0.851227210818889,-0.5349100442551542,-0.08687395708233578,-0.3878310299607667,0.032220912750859525,0.2819765786704037,1.8318463603743087,-0.5618156845586441,0.27472246859776395
0.08097108794976318,-7.311826328436602,0.8312385082829098,-0.0384460234355763,0.052766006241461744,0.6880255227620643,0.7227437525813037,0.1416456718015538,0.004777337190058604,0.3430875539039676,-0.227524591389123,0.45554096201835453,-0.5106316258706851,0.2377273851384515,-0.024604827896661827,-0.12104384922129253,0.2289531707639367,-0.6933557827722363,-0.5399596455758093,0.8979308630933394,0.5164136701086761,0.42485551638949914,0.166608373734778,-0.31789103518301987,-0.027057569811529455,-0.16452438313859502,-0.4678656140904301,0.02389059155977239,0.022978453354029087,0.8479980925804246,-0.5169582859272704,-0.0882455144408754,-0.3437046933897829,0.048393432302854526,0.2933152102179323,1.7995961679340842,-0.5512041236461278,0.27408267269760656
0.08112477444101993,-7.326010275999044,0.8337230429393606,-0.03851510873347287,0.052110034385963094,0.6853199651995922,0.7253534834922708,0.15712945293386146,0.007414771636106132,0.3423165717445758,-0.20443176407629077,0.45668795340874374,-0.5013708537089206,0.2452903218894832,-0.014515168756489913,-0.11986878623013925,0.2316059588180437,-0.6970973689053342,-0.5368301509789097,0.8986652187388109,0.5087598871364184,0.4199028200221106,0.1707695021896692,-0.31870763050270456,-0.02881863373603267,-0.16502141652818172,-0.48093458886384366,0.02866179829035969,0.028993584674425598,0.8413532862606165,-0.4962117012411138,-0.08907765180069128,-0.3024350070341591,0.06185762586423453,0.304054765035952,1.7630738328785824,-0.5372738400649804,0.27388743041930547
0.08137561242358972,-7.34051607559297,0.8365706846232174,-0.03856662004822052,0.05181953307424044,0.682718564061494,0.7278205232719362,0.17135596053147528,0.009361247979954319,0.3415526812760046,-0.18145707348988946,0.45757009206918337,-0.49102973909021885,0.25115186166873266,-0.0027747335654915405,-0.11854441634043006,0.23362288267018705,-0.7009889057572454,-0.532908115239223,0.8994085213908792,0.49943562685130816,0.4137387935354001,0.17442011260111012,-0.31918475575811345,-0.03064561886961438,-0.16596313858076367,-0.49287990479256844,0.03292157176907146,0.03472154071696022,0.8307709028279439,-0.4732232690121966,-0.08966583000782319,-0.2632804864984545,0.0733801788005314,0.31445290329020575,1.7218865402134065,-0.5206022210850572,0.27364334387551814
0.0815453324517478,-7.3552528776915445,0.8396705448879728,-0.03866999720570665,0.05170852950551739,0.6803215998717922,0.7300639561301271,0.18425701744945314,0.011160058229576126,0.34107629321784283,-0.15829771150569924,0.45809478012885874,-0.47962155479478225,0.25458669936837397,0.01545900192733015,-0.11736906871031919,0.2337711391053826,-0.7049519000137907,-0.5289934922841723,0.9004791518430509,0.48753739839544075,0.4029554819939063,0.1792139502572848,-0.31945871507882817,-0.0324841212989925,-0.1672154366117745,-0.5036597098883194,0.03691590638670307,0.040017735007419196,0.8165671465639172,-0.4471543482561849,-0.09076741696706946,-0.2258500661009223,0.08284421543434105,0.325025706185862,1.6762573082881622,-0.5010736985134454,0.27514387880993746
0.08169647574420251,-7.370296794208607,0.8429757174464689,-0.03880586857490101,0.05217027782796074,0.6783026298159072,0.7319002043040601,0.19594042016511115,0.012020872727711782,0.33994164870826626,-0.13689482945044673,0.45913627465029055,-0.46979814839639766,0.25816967048630257,0.025161452176845473,-0.11655227189495897,0.234543980687492,-0.7078032494132733,-0.5244462231623721,0.9001240027752088,0.47703925285348747,0.39715982597902494,0.1803159280184441,-0.3206836089313173,-0.03410055652690801,-0.16793244350118527,-0.5140293513109107,0.03978621786142652,0.04444041424838611,0.7992766438752262,-0.4217322898953224,-0.09219692527757771,-0.19155956470770505,0.0881854048554853,0.3340172821760829,1.6279612376962045,-0.4833607371004096,0.27625690223895
0.08168688800719784,-7.385432056417037,0.8464578621041579,-0.03910514555881978,0.05284859381019171,0.6766606307513232,0.7333540785420983,0.20617107718078675,0.012931380565584604,0.3389226828091247,-0.11594792282710242,0.4596557246279306,-0.4597003784035008,0.26043798735817114,0.03304003940622505,-0.11549249624504478,0.23477475803390327,-0.709848633423867,-0.5199226840787717,0.8989036048472061,0.4655871898283178,0.39110354014789755,0.18098407672417866,-0.3223221218234615,-0.035668579591966613,-0.16848831454608698,-0.5237279233962502,0.04208847296065379,0.047825909228269785,0.7788355664648883,-0.39302533576724025,-0.09335198203082218,-0.15994031853942325,0.09060485269387487,0.34190196186988137,1.5760447047231023,-0.4650771382185473,0.27833041872215797
0.08174249386384667,-7.400750574289137,0.8500119514818242,-0.0395918851541214,0.05378851830697282,0.675335386514835,0.7344803562037187,0.215189546965337,0.013703481264122918,0.3378443108262414,-0.09579219550570332,0.4601399787070048,-0.4494427665728836,0.26155969232490395,0.03836508921452139,-0.11409574976432582,0.23464952381688034,-0.7112369651639754,-0.5151524363902026,0.8969557654093094,0.45339724942508003,0.3850809929706188,0.1809308951509013,-0.324281145058625,-0.03716664248149339,-0.16892204953517903,-0.5328407172274829,0.043857044194630004,0.05038685700306489,0.7552894468517014,-0.36223432168391806,-0.09383810321925702,-0.13122436043287697,0.09044149922856815,0.34791163801334696,1.5206242472820444,-0.4466250237845314,0.280391904823637
0.08193878467968982,-7.4161909096291625,0.8536428474812056,-0.040316212249295276,0.0547931459835958,0.6742247421890692,0.7353865046376448,0.22330766784187492,0.014772318653072965,0.33645567573717194,-0.07658511789054474,0.46052458436802607,-0.4394163528968611,0.26200894378410156,0.041483539197989173,-0.11219960287445581,0.23425000645697183,-0.7119708621812827,-0.5100950622958333,0.8946606652898119,0.441294047925373,0.37922868323829273,0.18005628458805534,-0.32642660597381473,-0.03855927780912166,-0.16909825498757888,-0.5406972244804955,0.04579926775405407,0.05273217025248596,0.7283645371853378,-0.33042918329229454,-0.0961464120249374,-0.10518256686586595,0.0878532519663678,0.3515013469201365,1.4624447037169008,-0.4283429853769604,0.28231055986570136
0.0822548519086277,-7.43181818371292,0.8572367188480449,-0.04131589247632383,0.05561748821920794,0.6732193183098402,0.7361898134907225,0.2308347350060035,0.01667358607002321,0.33458208882351387,-0.05858369312409669,0.4607396939326131,-0.43003917376162404,0.2620764918824077,0.04341562765005375,-0.1101615613413029,0.23360332246050686,-0.7118265191505525,-0.5048311771989262,0.8918989801658916,0.42991610714903417,0.3738289522627425,0.1783219977770537,-0.3288107250948851,-0.0398062238693989,-0.16890561145342498,-0.5466509590981754,0.04865888535390833,0.055288229314523395,0.6979136591252538,-0.29892372778116094,-0.10340303567682448,-0.081633853086092,0.08300728555530093,0.3522347690197541,1.4028226841745501,-0.41016043602981794,0.2840938818918722
0.08266247145969371,-7.447719644524767,0.8607767524306478,-0.04276742633815989,0.05613023513092026,0.6723894285336255,0.7368261669788756,0.2378799966084618,0.01979712309413394,0.3320472701405591,-0.04198677560614969,0.4607820033455309,-0.42167969801585853,0.2619424884097584,0.04474738087116464,-0.10849008315717888,0.2326299053363491,-0.7114419709311524,-0.49962338513359705,0.8894171179948851,0.4199093030821099,0.3685782536139773,0.1761400702924349,-0.33135441993891473,-0.04090697673656203,-0.16816204458266548,-0.5503094009866737,0.05268921143020026,0.057018742974956294,0.6628824469752421,-0.2671863703362014,-0.11790584822460587,-0.060869295153850825,0.07566254148793297,0.3482515691830472,1.342047684233467,-0.39100804924232074,0.2856692004058122
0.08306081563255731,-7.4633160711372755,0.8644314610267925,-0.04459495993714243,0.05625997164048722,0.6717691812466079,0.7372735396489406,0.2442370319346638,0.02418934705980062,0.32929688161982185,-0.026217248030265566,0.4606802418092308,-0.4142716416438486,0.2615468599273867,0.045570887971883065,-0.1066850525392306,0.23126203399393858,-0.7099193114534079,-0.4945531436668244,0.8868185224447285,0.41048158042813954,0.3633329386842972,0.17370085153781692,-0.3341370242745935,-0.04186638280913252,-0.16701388782383397,-0.5513738952995699,0.057547956329977,0.05762597413102214,0.6232574348877179,-0.23390949886114842,-0.1383265243691664,-0.04181142120999594,0.06628996813855743,0.3391356555335024,1.279047211310151,-0.3695793486244118,0.2863413438815031
0.08375514644177207,-7.479121887582395,0.8678757462692647,-0.04668800047415683,0.056104791431041474,0.6711511645103896,0.7377185082174313,0.2502670313815961,0.02955123215113256,0.3262332045110976,-0.011904383752855496,0.4607461718521038,-0.40731785185462266,0.260723642822115,0.04650944425268793,-0.10502841757958348,0.22980381300266864,-0.7078718653708997,-0.4891939215062771,0.883915524319313,0.4018482347339388,0.35848619925222747,0.17042537482549053,-0.33700276323921047,-0.042725796726585906,-0.1655848195227622,-0.5507663232211392,0.06345174066189332,0.058903835566640736,0.5811117414868969,-0.20164244611680612,-0.16146565552422407,-0.024208649063090743,0.056731002635745494,0.32726556852059424,1.2149376881438516,-0.34756963163666804,0.28688467292564096
0.08435395245423062,-7.494595350855449,0.8711931111292658,-0.04884815056011988,0.05580064890045986,0.6702763155746282,0.7383967812422021,0.256407273904537,0.03541825553007482,0.32278113624446175,0.0014663365475956064,0.4608121356817337,-0.4015010315972199,0.25946239786837066,0.048328046195009036,-0.10294008894057974,0.22814189673349786,-0.7052526649300668,-0.48418198423227926,0.8819764857286895,0.39417645850776434,0.35361025662837026,0.1665559474078361,-0.3399460694795612,-0.043474804601585,-0.16390476546459076,-0.5487315873391893,0.07023331411783301,0.06285915958847028,0.5381389718029778,-0.1716347006279863,-0.18542712216335314,-0.006650799415993974,0.048073656438457076,0.31627810561174236,1.148983247820322,-0.32486831494255464,0.28654800585481643
0.08506136565834017,-7.510122036319991,0.8742661849543554,-0.05125525974001272,0.05520699057518347,0.6691313079551061,0.7393161564952467,0.26276463903667235,0.04221847783928809,0.3186191637770138,0.013387438122813154,0.4609229108959721,-0.39672765350444905,0.2578063816059638,0.05197548886904364,-0.10070876901981536,0.2262881263544575,-0.7025745793387976,-0.4792057964183688,0.8809779302761498,0.3880218663415802,0.3484745693637202,0.162192422800337,-0.3430179528853269,-0.04412237889630831,-0.1619450005485621,-0.5448698691457572,0.07860956024922008,0.0697235941698008,0.4935308112780527,-0.14510485416554092,-0.2117031121599122,0.010431965954425172,0.041324856975942605,0.3078747077941591,1.0807628842065515,-0.3006985604809949,0.28726979468025743
0.08590401586898708,-7.525508845909903,0.8771399554914091,-0.053979955871143674,0.05411284365029934,0.6677621219487389,0.7404402156870906,0.2693012179045637,0.050383441403572836,0.3139991333890823,0.02407178808172443,0.4610864945608487,-0.39304617152262916,0.2557372618911063,0.057728156750398524,-0.09837389390677488,0.22413362392348163,-0.6991442891459062,-0.474411644715587,0.8804458416670858,0.3828780964246537,0.34303923636572464,0.1574122972438265,-0.3464110981109097,-0.04462252536601228,-0.1596928890776056,-0.538796749847879,0.08878200166371465,0.07871866573400249,0.4468204083718279,-0.12091845186705398,-0.24132459245584661,0.027304132539030357,0.03610802325900744,0.3007022276312628,1.009707667431938,-0.2747484543057653,0.2880322738410485
0.08566273312135209,-7.540832640201692,0.8797991700229402,-0.0557487086045129,0.05407520590931667,0.6664360297612401,0.7415058811842762,0.27487923269312553,0.056485643899774944,0.3092916280400335,0.03332427394655942,0.4607440100514614,-0.3909307678607169,0.25335904840778706,0.06494082756168129,-0.09603436183669406,0.2213532771843129,-0.6951727242860449,-0.47051083025275375,0.8803032227423536,0.3784421303738682,0.33742520441428864,0.15278566794086837,-0.3500025455900578,-0.04504781309425024,-0.15698881940545614,-0.5310200652269317,0.09287774172511708,0.09238759493936533,0.39704606291951694,-0.09739570967369678,-0.2441615270689824,0.042980989741664706,0.027683558563609167,0.29277936469865073,0.9395692431133065,-0.25182096945395094,0.28665283230192207
0.08604532876066094,-7.556176203278423,0.8820849435094565,-0.058014968390523475,0.05317560728024722,0.6647781532806623,0.7428839917199562,0.28084508760869753,0.06421235474909909,0.3051125527375718,0.04064593553398894,0.46136510126183644,-0.3890217041308858,0.25018388867644026,0.07281007914115081,-0.09391790022140077,0.21857452963754784,-0.6918434153621236,-0.46623697058299857,0.8807261291605385,0.374983876142565,0.33211581893308434,0.14757150667995966,-0.35285722102167477,-0.04534437685516084,-0.15445107683445103,-0.5261763902873182,0.09985663603914788,0.10743504696095606,0.35484731410505377,-0.07757855782231181,-0.24201062056321473,0.05874791625219058,0.023069331385131515,0.28123119052436846,0.871005700151237,-0.23314173726361415,0.2687113430922564
0.0865541605336469,-7.571665331715413,0.8840127201424096,-0.05881447257881185,0.05300600518867877,0.6629210938618737,0.7444909969517368,0.2864630792285346,0.06839612929997853,0.3052966943463839,0.043704813394511766,0.4634490667547959,-0.3871439745098857,0.24613910842346612,0.0812900111811317,-0.09204173812546333,0.21580322729807047,-0.6913317133104048,-0.46120051024919784,0.8813186005113409,0.37268063216606284,0.3272163085693942,0.14146190062064237,-0.35430798216623766,-0.04539492671756284,-0.1540241298847572,-0.5279543912197457,0.10520224335891813,0.12468892962584387,0.32936433661009895,-0.09615632558389085,-0.24370151294438766,0.07460455076213159,0.017112837203896954,0.26809910836346923,0.8057231022075539,-0.21891789135331077,0.2462379697817787
0.08713725629291615,-7.587172275938667,0.8855058033122785,-0.05997049259845304,0.05250871996792975,0.6603612763168691,0.7467056709882309,0.29329323765445187,0.0738855130489163,0.30524751360073626,0.0446198928510793,0.4651577059842186,-0.3863276841257839,0.24205428185495112,0.09020263129487711,-0.0899070681320479,0.2127652690561542,-0.6909458083534515,-0.45715194020633165,0.8821247169922659,0.37079149198437433,0.32292972537267317,0.13456535539490308,-0.35454863875827847,-0.0452795736882034,-0.15377637698759025,-0.5294299062978244,0.11300185886799012,0.14669106340460883,0.303252402083032,-0.10581483580861757,-0.24295982867297614,0.08989929829315,0.013114538081242006,0.2569311436408189,0.7411536478818023,-0.2058507752297745,0.22507497515510658
0.08741250711958057,-7.60305116914066,0.8862793719885657,-0.06082105989094148,0.05249818995147441,0.6576158156882956,0.7490568587778763,0.2998000339699137,0.07842263245314207,0.30569053985292444,0.04300663068229857,0.4669616021179478,-0.3864955415190308,0.23745886614432923,0.09842179746931932,-0.08854011450085478,0.2097432605736237,-0.6913086518781849,-0.4540994914708918,0.882981733192784,0.3690592254410319,0.319541153641074,0.1273006884158113,-0.3540987703623134,-0.04508318872859399,-0.1537358393174932,-0.5332176561793732,0.12091465553219131,0.17311774735212423,0.28250592984202755,-0.11487937649460944,-0.24192068321973714,0.10244844692606744,0.009039980914217132,0.24583969212439313,0.6821253147384242,-0.19813250995859386,0.2041702315567845
0.08697783415829011,-7.619531597924683,0.8861096382221104,-0.06106883991775285,0.05335441881570671,0.6549719064274738,0.751289361414561,0.30503106950365116,0.08114019888781113,0.307082571199683,0.0387067943813803,0.4687330146936094,-0.3876731313001781,0.23243438232597968,0.10430983887730863,-0.08848866266896707,0.20713703035180445,-0.6926337139305839,-0.4524854126900796,0.8839762359506729,0.36688964332730883,0.3173786211279408,0.12010292974527295,-0.35374680059782876,-0.04480892996090359,-0.1540546474941568,-0.5429929020163552,0.12841004464035685,0.20426620702105452,0.2753403448152528,-0.12776821235089442,-0.24134533608061906,0.11043260866638835,0.0038835510994331807,0.233343011513053,0.6331662310327876,-0.20050277772614897,0.1820943217025997
0.0860575405949245,-7.636204059963412,0.8853408085673483,-0.06076824107243671,0.05540094761778687,0.6523054060501751,0.7534823243565374,0.3090006871809916,0.0817014767929815,0.3085576758540645,0.032180108589252125,0.4706371592730204,-0.3899574677490512,0.22777519802586113,0.10666705393236306,-0.08753247864569567,0.20535550597759777,-0.6950629570424127,-0.451024147491179,0.8866577198045027,0.36569241634451966,0.3165286840650525,0.11346161930638313,-0.3534829842708351,-0.04450784645414096,-0.15440569024503972,-0.5587458947616541,0.13494560306285347,0.2547796756821161,0.2821395750812969,-0.1412308345091688,-0.25015735520311916,0.11321622725747357,-0.0029140159469592613,0.21876632410722968,0.5952009502068277,-0.21503810614765526,0.1567362186602567
0.08518908748772273,-7.653191574764041,0.8840920836601325,-0.05969794315133155,0.05868798807755479,0.6495782925564518,0.7556718318677456,0.31189836458138115,0.07933546113051199,0.31110699937072644,0.02275522281480169,0.4731297226255342,-0.392514224269177,0.22318015138669683,0.10524662415887275,-0.08528302450758526,0.20474988473543426,-0.6992536905852211,-0.4489842303616895,0.8907561780711728,0.3658135810748101,0.3170585886390468,0.10719912910883311,-0.35278769209708255,-0.04412071490163349,-0.15522390987228518,-0.5812126555078524,0.14239381297221904,0.3046433983870751,0.30334602350068074,-0.15580198145951824,-0.2524086478466608,0.11079168041608728,-0.011593887993252226,0.20309032661245408,0.567981456931617,-0.24100554043799968,0.12986567794135548
0.084145668638028,-7.670021896220223,0.873915069005769,-0.05616098046194829,0.06478148365388482,0.6473376086367737,0.7573660436628894,0.3123351502279444,0.06745716486635717,0.31538931510314877,0.019072285552309817,0.48315590961003296,-0.3895260950069603,0.20570924311748737,0.10125430143807854,-0.09705413633884248,0.20888790574514013,-0.7028585361383026,-0.44862903774422785,0.8909119183988232,0.35620835992264405,0.3210922301648888,0.0915853939312831,-0.357806584870062,-0.043505122820490634,-0.1563065449064043,-0.6135249719740227,0.14837398398771318,0.35518903324013357,0.34888459220921514,-0.18649674678409908,-0.25818073857511215,0.10956287738332693,-0.02632956349890266,0.18842918443292506,0.5257708134864447,-0.20247715016490975,0.10493632613726986
0.08360489167793458,-7.686544799123408,0.8654654975699392,-0.05602888765358623,0.0674138575549986,0.6453897619144398,0.7588070840298471,0.3118506594183003,0.06670293376792581,0.31500337125555183,0.0099667851053269,0.48643255183118195,-0.3926598261667784,0.2005205995749784,0.0936427756533172,-0.10233387655662447,0.21379452354414732,-0.7052698369473387,-0.4478935374354984,0.8953426253316139,0.35834545100734155,0.32534617928305537,0.07708829531324998,-0.36217895703511827,-0.042804271868140384,-0.15581105865921577,-0.6476566339918086,0.16707675574311892,0.39407635222406134,0.4088128766269122,-0.22097784187022515,-0.2608861687972513,0.09940230994072398,-0.030318125600072306,0.17606046320722316,0.51564403488623,-0.2549275110870053,0.08511668008444953
0.08383416006039722,-7.702474352279165,0.8580405928084239,-0.05576269438262159,0.06850710642132611,0.6441370193498711,0.7597926023514783,0.309036897219661,0.06737159253849014,0.3169817810845764,-0.002556553880847854,0.489993241368098,-0.3973131733487923,0.19787142083842477,0.08655012844594481,-0.10234380207146249,0.2173168622389083,-0.7085511574408719,-0.4450747839639472,0.9025327804358636,0.3636692245949841,0.3272408135127152,0.07063217861803588,-0.3641347209520861,-0.04203091134889015,-0.15568008198186475,-0.6820949518117706,0.1913150942373837,0.4195053872968306,0.4863734848180093,-0.25741148190036717,-0.2633920102022036,0.09165809837569261,-0.031079169642748806,0.1677330552822237,0.5056453848872836,-0.3082959853186186,0.07321954898711013
0.08500148383146124,-7.717717695747252,0.8511641804454845,-0.055650998154210984,0.06720908673676504,0.6429743003817422,0.7609007518152807,0.3055561139957989,0.07145086098145832,0.3221118119853909,-0.016925555381533834,0.49453601638207506,-0.4024525613197388,0.1952516918235226,0.07973941152182104,-0.09995066347298477,0.22040784396624755,-0.7126900134307602,-0.44165987448586747,0.9112216701894267,0.3701290616891108,0.32817020904952254,0.06754568670050909,-0.3652683820107386,-0.04104188248342497,-0.15656391316918747,-0.717523713725376,0.22366799718954772,0.43276384879868035,0.5843471135081315,-0.29688805219800735,-0.2652805048682866,0.08747865871707476,-0.027397933167370152,0.16368296966266474,0.49466290773164096,-0.35957050946319347,0.0649818715888297
0.08602200380269395,-7.732528366373395,0.84476493577981,-0.05490253812216392,0.0657317520631746,0.6426592576491298,0.7613501997348653,0.29935912400356474,0.07495681521892533,0.32895091896974643,-0.03222579391464761,0.4992067248212356,-0.40782382004706086,0.19275637573702767,0.0734511617022848,-0.09715381804401763,0.22325439158659427,-0.7166474144648203,-0.43886835538879126,0.9202106578051185,0.3773924101033098,0.32925876217464917,0.06543517087003252,-0.36670103022660455,-0.03993829533488207,-0.1582701039961078,-0.7507135152014499,0.25106512344484716,0.4355543086128262,0.6838693731869635,-0.3326767227739472,-0.24461917379507406,0.082600777170898,-0.023890733002091373,0.1600115278447855,0.48711913565240494,-0.4096254720578683,0.05930467099032216
0.08704168136601949,-7.746978816654326,0.8389739265473677,-0.053859593328563514,0.06446228513747482,0.6426324404836391,0.761555844596691,0.29210740341287456,0.07720996884072973,0.33599576975553747,-0.04776688738032562,0.5035108561169234,-0.412825569463326,0.19135885989991144,0.068500404701223,-0.09450942805026609,0.22598324153484367,-0.718782728137544,-0.43638425243465645,0.9281058581458875,0.3862449565241454,0.3318870475787486,0.06312837134620951,-0.36828979877742885,-0.03874387151852235,-0.16040955955181713,-0.7782800171579327,0.2721553914897045,0.43059714313518793,0.773751958792398,-0.3617564539263844,-0.22155702385730508,0.0758385074664971,-0.020715730950840713,0.1565157104374292,0.4828411177505898,-0.45669438455033795,0.053944123774201325
0.08803106207509115,-7.760783154632414,0.8340374657648933,-0.05286993409438496,0.06320458878557855,0.642388878030341,0.7619360074233408,0.28511166187082493,0.07847755159943819,0.34261855819235315,-0.06355406173902405,0.5072279374191617,-0.41815934668507404,0.19180574719346816,0.06590911530363673,-0.09189908933737738,0.22858910575908625,-0.7193937469347433,-0.43441942663638905,0.9362785791976979,0.39769098805746167,0.33663346230801816,0.061031685619815416,-0.37029587624329285,-0.037483737651514915,-0.1628802782862351,-0.8003538478454256,0.28815372241459475,0.41699494539409565,0.853744665573669,-0.3848259227886402,-0.21341757836383227,0.06701791256003525,-0.017120856202485088,0.15418767330076016,0.4813486861924619,-0.4990700519715242,0.04831058794130345
0.08913009116970078,-7.774372244654241,0.8299941909869086,-0.05189825838396675,0.06178602985617552,0.6421255895662469,0.7623409896598258,0.2777030729810888,0.07924070863359017,0.3491736594135524,-0.08063583481392689,0.5102718485871651,-0.42378788805703765,0.1944759623728308,0.06583081225192891,-0.08931592017402894,0.23101287557581304,-0.71921489333892,-0.43226206433727443,0.9442874826439109,0.411945964677953,0.3435022302977857,0.059843467583340894,-0.3725911862802401,-0.036140282162651714,-0.16571495197121036,-0.8194510595144984,0.29929953272059023,0.3948713685595605,0.9290915122135665,-0.40513882542057594,-0.21630920516939636,0.05621704058463782,-0.012812764219393126,0.15270003089168374,0.4830380989204125,-0.5376523353662565,0.044209856272633526
0.09007414102502587,-7.787688555362858,0.8269312248185581,-0.050758701920397546,0.06025126615394868,0.6419898574528777,0.7626548118472972,0.2695911512956726,0.07957592835996742,0.3556716569214188,-0.09818813087339152,0.5122666893851672,-0.42939434472569227,0.1990201042897846,0.06692437954989203,-0.086601202062062,0.23266471266342378,-0.7170634360401228,-0.4300129561842283,0.9504894648709088,0.42814359302400595,0.3520134847813887,0.05987039470959565,-0.37464310364565445,-0.03467552113652063,-0.16849807191297766,-0.8348381814815797,0.3057618518798464,0.3687965834783598,1.0001114595226892,-0.423960276183479,-0.22538288150842026,0.04492983544052385,-0.008442722203700561,0.15113119445388593,0.48621057250855854,-0.5719205226514622,0.04033896741157901
0.09091841994965577,-7.8002305870164435,0.8247683617403749,-0.04929128683815396,0.05862720057499825,0.6420952706698909,0.7627888854577902,0.2606405692451521,0.07967163459620448,0.3619365013923823,-0.1144454536901801,0.5132012375804228,-0.4341111429254274,0.20464446417197157,0.06736289869196475,-0.08293384390396007,0.23323384971642733,-0.7112677907298484,-0.4276770950075184,0.9532870580362313,0.44513556436029733,0.3617291529658466,0.060429086545991724,-0.37555290868266544,-0.03312602008255458,-0.1706521685342537,-0.8448962825662635,0.30877769599666116,0.34401029038544767,1.0659712914325645,-0.4418695127443765,-0.2345561864110487,0.03508664232793676,-0.004548314600676326,0.14862121496151615,0.4887445250319066,-0.6007349672590736,0.03606159838438432
0.09171126936968334,-7.811688177366287,0.8233908177634812,-0.04737741442904903,0.056822064813422155,0.6422981195048479,0.7628759789329418,0.2513064111236318,0.07958031704705204,0.36765039584637815,-0.12846858735322958,0.5128452933673342,-0.43723455199811023,0.2111625251797555,0.06553839083580783,-0.07775023768486555,0.23228425462710772,-0.7008078390698612,-0.42510802250374874,0.9517572049779561,0.4630904402469918,0.37360675090195605,0.06131867323005908,-0.3742244142179673,-0.03152924319419171,-0.17158127597086886,-0.8480565781350873,0.30933662593061056,0.3219188962167035,1.1259622399639353,-0.459745955293379,-0.24381588267209658,0.028324712373856233,-0.0013515528830831908,0.14511734286459427,0.48858985851429515,-0.6237336935698399,0.030685593056129227
0.09245297266948803,-7.8222645927744745,0.822733379646957,-0.04509156185038192,0.05485367476099761,0.6425874562003963,0.7629149274650565,0.24129297540112107,0.07928504525532823,0.372815117573516,-0.14073312115733352,0.5111448287962034,-0.4387970293959851,0.2187648691002888,0.06135206376236259,-0.07121598128322953,0.22998594777757386,-0.6860400651818647,-0.42214663853873696,0.9461722639463086,0.4820993374801144,0.38830128222444316,0.06274417353152563,-0.37058998155217554,-0.0299168856114867,-0.17167738537826432,-0.8448366393585582,0.3074324428516729,0.3011226699038142,1.1803863753257902,-0.4776488341159828,-0.2548805968677099,0.023608826338054556,0.0013638188252924719,0.14083133450811214,0.48705717603357196,-0.6415422376708979,0.025026902893476182
0.09313425676152706,-7.83233842575932,0.8231135737064612,-0.04250158774304671,0.05348212053112506,0.6430507028877932,0.7627706544816273,0.23051645298942175,0.07733831615594117,0.37733690662232594,-0.1519528413026875,0.5089193623164225,-0.4398402078289218,0.2271006533642929,0.057412716291616844,-0.0646745345149042,0.22780495222707012,-0.6704182918673379,-0.418622901029995,0.9407764853336419,0.502622037363271,0.39775757478860324,0.06578143215863998,-0.3671776418486591,-0.028280787067294786,-0.17167116985116876,-0.8366968866157434,0.302881861596759,0.2843319586467465,1.228437129119211,-0.49334581665026583,-0.2604521610074212,0.02026329556925048,0.00237587850190758,0.132789906426169,0.48031121855301456,-0.65910419655914,0.025275451666227414
0.09394670203720469,-7.842135463834821,0.8246773885341349,-0.04044741712856826,0.051661032769808414,0.6446631672782149,0.7616459445802923,0.21605694756131513,0.07765946572916436,0.38167653787539363,-0.16438713426747392,0.5048804667998064,-0.4419067547134837,0.23737729108746577,0.050373103162463635,-0.05482439572074221,0.2244562936915541,-0.6537845874706388,-0.4141565561755444,0.9319298528350155,0.5254679059894319,0.411551837690241,0.06764294219653015,-0.3605495072174968,-0.026675083749248894,-0.1724168959057015,-0.8267840659666471,0.29715859239581904,0.26783995585753045,1.2721467933013615,-0.5070812902199157,-0.2611817058242911,0.009377641203354091,0.0056856102376545824,0.12694944171517544,0.4914647508454317,-0.6628416570027843,0.02226843437873258
0.09508967064222819,-7.85234437507461,0.8266640408263929,-0.03902132661016429,0.05024053928535138,0.6466406916646793,0.7601375139837042,0.199691116821004,0.07776965198930992,0.38522956489654725,-0.1758950322079582,0.5010398069231834,-0.443137889972314,0.24677580292577178,0.04370987746789121,-0.04700054745682229,0.2226588374110717,-0.6377076035137358,-0.4090950129816794,0.9225371933152239,0.5480443380555431,0.41844781217744453,0.06779219209436792,-0.35557534827819026,-0.025166087935523475,-0.1742530563584342,-0.8160637218862262,0.29307736162351233,0.2542261004730172,1.312159658138483,-0.5190527760396194,-0.26256806515277525,-0.008139682513118498,0.010080635775566373,0.12175696122003307,0.5116482356654513,-0.6620634372646623,0.021476448718726712
0.09573703871932562,-7.863084039654232,0.8286702771230975,-0.03782637276558735,0.04944169568448182,0.6492554799467597,0.7580184733964902,0.18078321477809062,0.07713761591014485,0.38751674611124265,-0.18638457281495718,0.49673394533975146,-0.44424233959558246,0.255731028921163,0.036924958363707454,-0.04232162483912438,0.2218083728384236,-0.6207109809707807,-0.40391888657765984,0.9108507985563612,0.5704306998717035,0.41912638347076514,0.06602350789173951,-0.3531321765112226,-0.02365428811348877,-0.17643962314867895,-0.804162293212481,0.2885316880895531,0.24367089889811147,1.3482464816846547,-0.5303730308236638,-0.26025320838883087,-0.03131957827178229,0.013929962921095508,0.11551049184093301,0.5399400054545249,-0.6593612419663943,0.0218889155254823
0.09580101659637505,-7.873209098575416,0.8306827570521713,-0.03668789971454478,0.048815917001328805,0.6523989065815083,0.7554115904280979,0.16055795268920134,0.07629812963649732,0.3880827385954397,-0.19530983030058455,0.4921529464834579,-0.44704000912889347,0.264625697960411,0.030669468030458592,-0.039256383038151564,0.2215684339445874,-0.6015298510334617,-0.39893141201346904,0.8984599492787563,0.5929585172227099,0.4143476801451321,0.06359642098599445,-0.35277928195752417,-0.02206844776719094,-0.1778814278777076,-0.7895241967200783,0.28314710910771423,0.23508168183153896,1.3799303758482195,-0.5403719359874052,-0.2523833381016841,-0.05396542285572084,0.016767971127824213,0.10797344082214053,0.5674770656315838,-0.6546134519560874,0.022303625444954928
0.09556969128972141,-7.882305973075656,0.8327298142747603,-0.035230644165873924,0.047886611526331904,0.6560313299050783,0.7523885753592747,0.13967489503126654,0.07557673508191788,0.3873582864365453,-0.2035190256704917,0.4875430228963516,-0.45255331185908054,0.27398362703259077,0.026511016801800156,-0.03617861628014479,0.22204027689389874,-0.5793332396414337,-0.39359776671017727,0.884855482296369,0.6152804587586878,0.4060233893081322,0.061527069919303255,-0.3533845016352738,-0.020358139210386077,-0.17808225637816186,-0.7707657741644169,0.27657910234157096,0.22658717965144942,1.4062956780404636,-0.5489158206303224,-0.24394153145601744,-0.0698897689566662,0.01829659527866041,0.09879315830011667,0.5857625903710415,-0.6488037015388534,0.02218508564425752
0.09521863623003801,-7.8902463495800355,0.8349277991207094,-0.03302666310282766,0.04652264053868079,0.6604198245983974,0.7487259436663217,0.11770731812831173,0.07451986778790352,0.3860359085768434,-0.2115438103683016,0.4831508234646993,-0.46158570945718813,0.2840141758983397,0.026382862555018136,-0.032675006154743634,0.22388324152769856,-0.5538021068108616,-0.38773840513152424,0.8690966769387899,0.6371477816159652,0.39452747183495424,0.059733361715242565,-0.35405649820369794,-0.01848237504809608,-0.17693598554714315,-0.7465950552095482,0.26789246800007666,0.21809657133020538,1.4266205965796688,-0.5572414043522964,-0.23474586938896122,-0.07634031743746666,0.017916397867163703,0.08718881329855867,0.5917898677240048,-0.642224051344853,0.021999415656001744
0.0950800214805887,-7.89736556603416,0.8373639513315374,-0.030209934481528384,0.04474378396858428,0.665297322235861,0.7446239498435356,0.09493609541971151,0.07308647450284489,0.385223527605945,-0.2189251998739008,0.4793253750205089,-0.47216567798708253,0.29333422441418916,0.029252243769130024,-0.029050945933063187,0.22602797337874117,-0.5264883448998003,-0.381681086006343,0.8525650163747651,0.6572654607957649,0.38376234323240066,0.05945478441024487,-0.35494226990553684,-0.016446488641964258,-0.17574237995717276,-0.7172967543637214,0.2583517554173348,0.2103208299413166,1.4411270642687752,-0.5656387252584107,-0.2245510995996289,-0.076407456435716,0.016525830690591346,0.07457551642397024,0.5902342313801041,-0.634471171665818,0.02251254161824231
0.09513723575372761,-7.904084544130328,0.8400490446576443,-0.02739781356133379,0.04276214015885436,0.6704626516300793,0.7402030748046489,0.0722032522086865,0.07168567469899256,0.38393458339705566,-0.22694203964422097,0.4760859560701132,-0.4855525658024455,0.30260580853311986,0.034681695526092626,-0.02539732811849441,0.2291815459099952,-0.49766732981916595,-0.37528300252085467,0.8339297865666777,0.6768013297711036,0.37074961770048853,0.05783284028834613,-0.35559053774774435,-0.014293508376721678,-0.17426910510805016,-0.6858100716172822,0.248239516508278,0.20157089858640428,1.4504998337418746,-0.5729129588452807,-0.21357036769611712,-0.07319144154173547,0.015055497485507177,0.060787193018129626,0.5837275874102622,-0.6251463876913149,0.023656540812249088
0.09543873668959012,-7.910937644892013,0.8428402502385093,-0.02528191168122206,0.040589127543040816,0.6752077810432842,0.7360759472266727,0.051447513663425884,0.07120199073066726,0.3822878919166896,-0.23590494665143635,0.47353079513320223,-0.5003515535844321,0.31058566130708287,0.0412269856660517,-0.022097414363426746,0.23232867036973043,-0.4703961369435645,-0.3694978043049062,0.817184967759022,0.6955199531586375,0.3574518974880501,0.0555824138793306,-0.35602485353440577,-0.012141701444685158,-0.17327636931503784,-0.6545981363759368,0.2394203845936618,0.19129798584553812,1.4556769694727238,-0.5781873361149593,-0.20428904073624338,-0.07010961440705926,0.015130800554364604,0.048090936853617004,0.5753712651559304,-0.6145128086349654,0.02493719962669344
0.09592701988635427,-7.917897668000541,0.8456891509782727,-0.024135843309413978,0.03801138505966737,0.6795607707770545,0.732236133016178,0.03268755006972548,0.07234480911810033,0.3801667378365281,-0.24596433199208798,0.47180066078003224,-0.5167236378530391,0.3169956485509934,0.0481268144613084,-0.01906526676342621,0.23457066021113895,-0.44458694772174473,-0.36432004322922745,0.8023692949314043,0.7133582040481996,0.3455827997528118,0.05310651046283461,-0.3562028364019344,-0.009936344106343288,-0.1728858424317702,-0.624183097236903,0.23248086312989996,0.1787095152498729,1.4569145725686863,-0.5817752018541714,-0.19793068063474273,-0.06681262969984507,0.017641737953460686,0.03652060133245423,0.564283740960249,-0.6021919071705135,0.025513164777251112
0.09663260389896426,-7.925041578013671,0.8485151331157209,-0.02369027523982578,0.035128725736287635,0.6837323384101093,0.7285017727496967,0.015316907510425363,0.07470671443404597,0.3775140928098802,-0.2570213985697912,0.47089273372272594,-0.5344170829045998,0.32216581907341063,0.05526981442069467,-0.01633226444165295,0.23580281722954838,-0.4194300392442301,-0.35956727037135694,0.7883921848120723,0.7299432884583631,0.3358657919466029,0.04999507174267786,-0.3560175371477165,-0.007651580314990655,-0.17274604030152224,-0.5939310837170448,0.2268286011885474,0.1643935820654158,1.4540011777459996,-0.5849441600209488,-0.19345641257297477,-0.06241605418240402,0.021925211291693263,0.02553017603963383,0.5496832312698716,-0.5887816717851098,0.025739547714201862
0.09734119885485078,-7.932178193142201,0.8514116515933372,-0.02364667087510004,0.03237715145138895,0.6874394870976123,0.7251341300748374,-0.00017618591714932148,0.07738505810486579,0.3748023982964745,-0.26825173575394884,0.470497064330111,-0.5521689828514409,0.325816176157152,0.06166285548293514,-0.013945536583406712,0.23585928462252992,-0.3952072850005332,-0.35555634947471315,0.7758803233042079,0.74507500861733,0.3283532896390192,0.04659213147636765,-0.3555261260710186,-0.00540955702396216,-0.17295279690179183,-0.5636585044642186,0.22156179477440002,0.15006371589264333,1.4465832823346076,-0.5868732557763625,-0.18983960918979378,-0.05861994589785504,0.026615835587695445,0.015749587208161633,0.5341619581959145,-0.5745069812604844,0.02637677268961156
0.09765666272469505,-7.939621463065748,0.8542633632920997,-0.023763010062048256,0.030219518998297685,0.6903659704988466,0.7224381819930954,-0.013415107342961882,0.07954887750703822,0.37221745254473476,-0.2790471426122467,0.4701260293099951,-0.5679887628183683,0.3276926783867612,0.0654673281559309,-0.012510112369847802,0.23446222350399729,-0.37310235772184264,-0.3525408280031292,0.765681903416753,0.7588108110587272,0.32289716068809715,0.04362104700959421,-0.3551773872146918,-0.0033371649259016796,-0.17358636255687554,-0.5340767938672732,0.2157768486000614,0.13733228581741572,1.434968290565807,-0.5873434036938114,-0.18703836594334713,-0.057840035937589254,0.030261550760775118,0.007906432809167531,0.5211962820175453,-0.5606889438688987,0.027997215904913424
0.09769278949335378,-7.947479505750031,0.8570630449903113,-0.02405113758948036,0.02885212433383065,0.6923327763353435,0.7206000447639961,-0.023930088132248103,0.08111011987541454,0.3696439876099997,-0.28929136923619514,0.4697382754105186,-0.5809887776532221,0.3279158423031037,0.06491813525888464,-0.011522688155676824,0.2312252599392248,-0.3537610922106462,-0.3504575560476314,0.7590175902834035,0.7715497186644974,0.31951254470407386,0.04164692440942827,-0.35522264202014137,-0.0014692916422304149,-0.17483235976947897,-0.5054739331579853,0.2093883937321909,0.1267776396952436,1.4190584521214413,-0.5865609196318882,-0.18497308582780858,-0.06108824493540028,0.032514886271390174,0.002553938503977055,0.5117785667778512,-0.5475168872634821,0.03137389740864525
0.0974426463645184,-7.955659943630025,0.8597317254202446,-0.0246464614708969,0.028023771952184223,0.6935386423322423,0.7194521330390834,-0.032120925837504706,0.08259851853543121,0.36680282601904773,-0.29918488824891826,0.46928872340662137,-0.5918509162893073,0.326649843440343,0.05950243335723451,-0.010740878642104336,0.22599480765417207,-0.33666342804402305,-0.34935495329693983,0.7554388500369205,0.7834952346253606,0.3181516305307196,0.04085843256980629,-0.3557134497222699,0.00026380942279030244,-0.176527749632566,-0.4777615206189736,0.20264125213823134,0.11755407345892639,1.3990478980329557,-0.5851479755325705,-0.18434137081501967,-0.06721962269165216,0.034065524558736036,-0.0008106787692361935,0.5044338492989457,-0.5347519228679664,0.03583940501579867
0.09689895411891022,-7.9640299708703,0.8622278153695838,-0.025422499464916083,0.02752294109629614,0.6942526457064118,0.7187554856583807,-0.03887725815496171,0.084133183227806,0.36381469448823234,-0.30847077775534276,0.46862706087286543,-0.600643990266957,0.3243075551524888,0.04977870407704854,-0.010255714207844437,0.2192946053975509,-0.3211196070085301,-0.34909897479042884,0.7537102568902772,0.7946639414616399,0.3182627445304487,0.04077595292082026,-0.3563911526098975,0.001871699840878752,-0.17829173739698886,-0.4507886392342811,0.19534207802356057,0.10887040478063582,1.3753426165450304,-0.5830522451185559,-0.1849666258674792,-0.07513291009614813,0.035183827782141415,-0.0029346623983542743,0.4985856179452267,-0.5225277040369265,0.04050636058281698
0.09622710041817474,-7.972396691094432,0.8645617004552223,-0.026240489494324917,0.02714305614994998,0.6947450512719168,0.7182645786526867,-0.04543707814669914,0.08575128604757892,0.36095927868995836,-0.31614316374213,0.4679961745360514,-0.6067656593826657,0.32083510795665865,0.03698539130954488,-0.010032945522336457,0.21200596148315776,-0.3066086030207212,-0.34949103529408093,0.7530231316293081,0.8050261237134723,0.3189741021987652,0.04049915615674305,-0.35672825674453335,0.0032971201648122873,-0.17974355871120626,-0.42434162845429724,0.1873844500378179,0.0999144848639093,1.3482771185111138,-0.5800738028094492,-0.18633873421131372,-0.08366293095788639,0.036151092531960756,-0.004526280226774666,0.4935964292190114,-0.51088570866774,0.04483749757120128
0.0954767925338018,-7.980552219502904,0.8667585187877043,-0.027001773975400066,0.026855344404511084,0.6949451697920063,0.7180535534776337,-0.050805393043717686,0.08720523983372166,0.3580347408803388,-0.3230719224910578,0.4671088602405548,-0.6117533355785228,0.31706851488864823,0.021489840377575967,-0.00984270806837656,0.20465101081101847,-0.2923345937800413,-0.35038498492214526,0.752464271633284,0.8149112522546458,0.31967180382431415,0.04003432168983166,-0.35639398918259924,0.004689390991779156,-0.1808200896995036,-0.3980422920140517,0.17830488080604792,0.09031592869398421,1.3175518124328198,-0.5758900783993958,-0.18857596683133276,-0.0925433905721387,0.036828095050860925,-0.005312306175943813,0.4894365419297827,-0.4996376021706146,0.04904991930407847
0.0945976537803077,-7.988763285718286,0.8687677969681804,-0.027820118435746735,0.026767365998623564,0.6947586172155247,0.7182061075572176,-0.0553784952385639,0.08862592138330468,0.3551116745047646,-0.3287795491611665,0.46605503261610665,-0.6145012812760039,0.3124687369645265,0.0033391909998138295,-0.009807665009983514,0.19727285545908343,-0.2794021765229253,-0.3520244031541186,0.7531962543554511,0.8242918254789806,0.32039223944240947,0.03931631170771201,-0.355497904799675,0.005897352044791525,-0.18168166262141555,-0.3723118334563191,0.1682919619489449,0.08030180741375141,1.2832816196622263,-0.5709891358047972,-0.19203043778477089,-0.10250090708436675,0.037174753966814765,-0.005049657479511454,0.4864759091868456,-0.48899732238149113,0.05346165783656766
0.09384454621177546,-7.996871722207948,0.8706009688660462,-0.028759287010174703,0.02677067861736643,0.6944473318207502,0.718469997636696,-0.05960497959258181,0.09019928786601067,0.352189031215155,-0.3334349993778083,0.4650569367367241,-0.6156224345324104,0.3071249015887068,-0.016402751624288576,-0.009594520527600972,0.19014968413949446,-0.26724775534749146,-0.35414895263016233,0.7547136458000617,0.8331421596351583,0.3208463919927595,0.03831089863578622,-0.35416425075027824,0.0069957083221918945,-0.18234748112650223,-0.34733570640530637,0.15833282959639775,0.07015178110430453,1.2461444861310391,-0.5652752764540467,-0.19560451597332415,-0.11308330501857941,0.03760634539777661,-0.004460104718033113,0.48426721734924716,-0.47867865291374656,0.058189335546311845
0.09307525873858064,-8.004874141058643,0.8722338945038238,-0.0299047955771312,0.02679391233917171,0.6942743568913821,0.7185895259646563,-0.06405957344686514,0.0920787845939402,0.34918305925421306,-0.3374151735870365,0.46404277072194183,-0.6160109226435152,0.30118735430477095,-0.03595724854505051,-0.009467390473278643,0.18356775716481516,-0.2554851033523913,-0.3567064272494995,0.7560796261724827,0.841379958383126,0.32073907174549604,0.03742018611598541,-0.35285340166164486,0.00804297587799712,-0.18278934399735464,-0.323618539217525,0.14933737356542306,0.06046374786696201,1.2071808257850891,-0.5586268545767343,-0.1991798150843843,-0.12405768294655982,0.0383399971640544,-0.00441149846505953,0.48254373829226477,-0.46869146850172694,0.06264915032301706
0.09238049701025329,-8.012952221590144,0.8737031896858115,-0.031353026852095636,0.02680870244613165,0.6942385699785356,0.7185618199810823,-0.06870457771469428,0.09445053396286601,0.34608808507979494,-0.3408987375246349,0.4630487089978968,-0.6156058685398097,0.2947163671052772,-0.054262984523514614,-0.009121690924427654,0.17768877324704663,-0.24424431345042136,-0.35945771178896435,0.7570240514219049,0.8490366892558205,0.3198323876913564,0.03659641102008629,-0.35179438924707856,0.009042209408611812,-0.18302731597305005,-0.3014886383784405,0.14165223721413964,0.051373905061314847,1.1665034223317152,-0.5507512426023828,-0.20280872702467814,-0.1354671943946393,0.0396267215680902,-0.00497415699450855,0.481028463607121,-0.4590719845311892,0.0669281990195446
0.09172239430493521,-8.021094107239504,0.8750025900432306,-0.033047356693501485,0.026863869010571924,0.6942321168868598,0.7184900643990461,-0.07328010585751328,0.09715140596403055,0.34286119298078216,-0.3436551379612337,0.46213428858764183,-0.6143176983365244,0.28756000488792194,-0.07130809860556644,-0.008543732382973136,0.17246186221200097,-0.2336675084051097,-0.36244242618975236,0.7580009065163491,0.8562715199650789,0.31809364927998907,0.03584835185297626,-0.3510380351558568,0.009951807441130662,-0.1830317959931739,-0.2806506254514446,0.13484515815079184,0.04283863802713951,1.1237379748381293,-0.541551551254484,-0.20675868370506598,-0.14748021168768316,0.041223777319949195,-0.005800953232602664,0.47999776652448845,-0.44989058158071654,0.07123024326045864
0.09101527594066815,-8.029180247360788,0.8761008168503991,-0.03481327780952774,0.027012253339326043,0.6943452527926884,0.7182917539426071,-0.07802464201546722,0.09983732345344878,0.3394486559963172,-0.3456807987310926,0.4613346093639894,-0.6126295547414105,0.28006723303542014,-0.08658303340160725,-0.008050254938706619,0.1680901080287195,-0.22362038945685367,-0.36568896727228356,0.7593183406889648,0.8632220374933909,0.3157690720182458,0.035300022013381185,-0.35059321730247495,0.01077686374911163,-0.1827399213315222,-0.2607917482582934,0.12881822528524575,0.035284140795008516,1.0792760325254365,-0.5312525101276793,-0.2105041041630879,-0.16003964056271555,0.04268647034639525,-0.007054389559996885,0.4798965177140692,-0.4412833474187155,0.07540176852967172
0.09028615596543782,-8.037127003146805,0.8770623052791943,-0.03646857213853072,0.02729559459076185,0.6946749140796155,0.717880043956226,-0.08315237247081601,0.10215106739118754,0.3359050661769343,-0.3472566920020591,0.46063022674849624,-0.6111597501388053,0.2729475938657829,-0.09919230149101309,-0.00770142834295122,0.164959911938759,-0.21411026459362728,-0.36904682173127495,0.7613398889651869,0.8701513389418492,0.31323085757249414,0.0350842931225974,-0.3502265820606293,0.011523090207336675,-0.18215807896037423,-0.24157201685611118,0.12364057519846156,0.02937264501874361,1.0336103699743402,-0.5200001681411335,-0.2130648822700477,-0.17299326561858624,0.043614650000645225,-0.008889524265284266,0.4810405402405636,-0.43332339288982885,0.07941416646660338
0.08944971883567028,-8.045001390987219,0.8778068768872627,-0.03797780721293217,0.02772585790566048,0.6952780961939914,0.7172010400965351,-0.08877450064024388,0.10401860392817072,0.33222515853581686,-0.3485380446989766,0.4599199425010481,-0.610113546868244,0.26627491152396565,-0.1082556173357311,-0.0077545374243037785,0.16346493507806836,-0.20523707280571568,-0.3725927282675325,0.7643681981463656,0.8771065019548102,0.31062759862969436,0.03526328207155648,-0.35036415933058357,0.012205675330473688,-0.18128047289179938,-0.22291884598548706,0.11937989106112543,0.025700065509576552,0.9866396797741601,-0.5067219475480031,-0.21573887094136227,-0.1864586244515752,0.04388486919632104,-0.011544818154370343,0.48377560718005497,-0.42639063364490914,0.08312441301158988
0.08847743395446472,-8.052705806118752,0.87835237357111,-0.03941188684301196,0.028238895129770018,0.6960938055644681,0.7163118607367188,-0.09477625101201505,0.10560943419563384,0.3285657672236425,-0.34935605326853686,0.4592070577263592,-0.609399478903164,0.2598166564868453,-0.11376643013617571,-0.008140541347378833,0.16352566285617995,-0.19703837955857467,-0.3761944647450034,0.7682311215897684,0.8841956946803162,0.3078762934841362,0.03604788515929127,-0.3510030672976096,0.012804625705354135,-0.18020100232885528,-0.20472872875161824,0.11583702705750103,0.024153580410495302,0.9380383394613836,-0.49068933699971085,-0.2185650562138285,-0.20035692440740696,0.04368253303204679,-0.014877754566009836,0.48789315070013584,-0.42023435930494085,0.08648186377193452
0.08744823822602849,-8.060294072956964,0.8787568515994911,-0.04071021880446429,0.028843986415158153,0.6970387085977788,0.7152955621621849,-0.10100661390388563,0.10687129422343561,0.325033984437147,-0.34996257461983493,0.4585576927876642,-0.609012687456172,0.25401154260029674,-0.11623773361110673,-0.008696074679761601,0.16486688131130953,-0.18965086067897494,-0.3797148949859369,0.7725335335506901,0.8913199644951452,0.30519979656635077,0.03719137589603634,-0.3514394013782993,0.013331916912736417,-0.17901039044328382,-0.18722392339113103,0.11258995172175291,0.02426659480945676,0.8888059620904144,-0.47387678469655303,-0.2188941860743474,-0.2146232539399387,0.04299168747819436,-0.018510253276596996,0.49323124037462346,-0.4146417156516032,0.08937845318214337
0.08635258391092666,-8.067816875483592,0.8789984308082279,-0.04183402172672875,0.029537426572384125,0.6980256788978262,0.7142391802868826,-0.10725803875788087,0.10769576820725245,0.3217245124079138,-0.3506041596237113,0.4580181831765549,-0.609059602616013,0.2491720447782309,-0.11650472502936099,-0.009736182280504315,0.16711116383006588,-0.18307796788926714,-0.38321934774117883,0.776673667341967,0.8981608260522186,0.30298075717234285,0.038468264441165564,-0.35084975346044417,0.013799261763955155,-0.17779109591012893,-0.17084953807459913,0.1092978936136722,0.025493053464766696,0.840582916890974,-0.4593648852271807,-0.21374750917848562,-0.2293338166927672,0.04174714071491599,-0.022045174388238956,0.4998742170775895,-0.40953112040876294,0.09176354088545062
0.08512487312480069,-8.075249037230902,0.8790943551145286,-0.042706963529016824,0.030339835600810654,0.699036895458828,0.7131640964246104,-0.11346956283687536,0.10796843099885557,0.3187050817331042,-0.3514105413231083,0.45749971380139715,-0.609679273830727,0.24551993113499662,-0.1146911206056622,-0.011390925128886193,0.17006257841802516,-0.17744979094306398,-0.3868035510270859,0.7805621465654919,0.9046845097661531,0.30152267911775654,0.03994894208856761,-0.34839182912334826,0.01420663394481741,-0.1765879172185036,-0.15569114794125835,0.10566199675149855,0.02750974415272606,0.7936117705615782,-0.44878111154096634,-0.2004443979400265,-0.24454611538164456,0.03979149254245261,-0.02538078894591453,0.5080917763240999,-0.40488804729523253,0.09338917875353293
0.08383895015741637,-8.08264876949308,0.8789914647378859,-0.044392140607603776,0.03106111793801778,0.7002018535203013,0.7118861630425541,-0.11995029371212151,0.11018039963561437,0.3137566246536688,-0.351183094065591,0.4561378483196673,-0.6108180885821468,0.24325981482992487,-0.11082349523052591,-0.01338565589371288,0.1735860807287556,-0.17140331962095473,-0.3914210358196655,0.7842012952623242,0.9104438576091807,0.30098076659689665,0.04136026849880814,-0.34445617400876266,0.014441037800075565,-0.17424815233619384,-0.13498016979851254,0.1008597604577215,0.027017605121781058,0.7274697444255941,-0.381656750599619,-0.17875526492686397,-0.26066014722911485,0.0388179639105269,-0.029316288147735795,0.5163273408798249,-0.4000659656433391,0.09447009856848683
0.08234842955423557,-8.089873096951061,0.8788868926449905,-0.04451372954818784,0.03215423374043834,0.7013140346937122,0.7107343089199386,-0.12615467744385647,0.10862738095265076,0.3118928304278551,-0.35248610260459934,0.4558677812144345,-0.6124922188340488,0.24160139220663596,-0.1054478704356717,-0.01595380954926502,0.17779471394217208,-0.16799244606627298,-0.39466728326915385,0.7876949093149305,0.9167563540108604,0.3011256814128414,0.043393306981945476,-0.33880745355249786,0.014735969684546261,-0.1733078719441553,-0.12347155005671608,0.09628945723221105,0.03187237331407986,0.6874406138242778,-0.39016015366842954,-0.15759748308091975,-0.2763473565950991,0.03495374285483561,-0.032413147715762036,0.5273180205066292,-0.39658318535063475,0.09503702964860924
0.08086789926615721,-8.097038424828236,0.8787387294327649,-0.04457333630030679,0.03320078822238748,0.7024787756738983,0.7095311797801229,-0.13232034970578077,0.10703234246329459,0.3105781098209846,-0.35402807021717614,0.45556301305037555,-0.6146150348510055,0.2410089360904665,-0.09985126321080899,-0.018561160394854503,0.18222376326536083,-0.16539715096453073,-0.39791831026835117,0.7909400140398705,0.9226180400806886,0.3018136780461561,0.04537018725283905,-0.33309682134339463,0.014976288197393007,-0.1726411426850543,-0.11321947571128659,0.091781513298588,0.038357396343945256,0.6491709116146466,-0.4020896815618505,-0.13807328625693427,-0.29154984779686327,0.03099903493221737,-0.03548571811103843,0.5378184922665851,-0.3929795333081423,0.09543937001494597
0.07936136017138468,-8.104112958859956,0.8785295092507096,-0.04449544270402696,0.03427461421910979,0.7037303811980838,0.7082435717869268,-0.13857684359014413,0.1051232486617381,0.3096797556682478,-0.35566021337736275,0.45530328634469835,-0.6172413353989531,0.24134913340887867,-0.09466045598641065,-0.021174407684634113,0.1868312386803775,-0.16365873690721935,-0.4010264873136209,0.7942349585751572,0.9282328095575288,0.30288461409829676,0.04744358466861479,-0.327883002009437,0.015147270830832402,-0.17208990517360634,-0.10378361940972958,0.08720087759473938,0.047759792851575986,0.6128267433261865,-0.4149376346294004,-0.12155592007758806,-0.3063818199247669,0.02675272169929546,-0.03860245751535093,0.5481059980754477,-0.3893777551301222,0.09534150669705095
0.07786956704591148,-8.111152556448868,0.8782470875818725,-0.044244940596023026,0.035384079322227105,0.7050633312407129,0.7068776776090202,-0.14495301801377275,0.10281449816142124,0.3091953068523532,-0.3573944122920091,0.45509894494345293,-0.6202439936157823,0.24265638083893276,-0.08980534053547831,-0.02374690347696743,0.19169150273690436,-0.1627802989422797,-0.4039076449740227,0.7974384843172233,0.9335810195754913,0.3044416341666012,0.04942536727531875,-0.3231353006699084,0.015266084434421788,-0.17165063537240294,-0.09509205203079157,0.08234747921062463,0.05989254867671877,0.5781623928002785,-0.4280440668878259,-0.10702846244732284,-0.321002495595763,0.022148571163917507,-0.04172941801977569,0.5585644770564377,-0.38596622481399556,0.0947840903217068
0.07640043740544543,-8.118203997839057,0.8779607729586159,-0.043859730895788415,0.03653328026231072,0.7064528131924984,0.7054545103487749,-0.15122518300809065,0.10010654530355192,0.3091563394313088,-0.3593941339172327,0.45490034440974364,-0.6237071262820024,0.2449927571821401,-0.08549902977157335,-0.02624483419269415,0.19649565014068326,-0.16275405298923315,-0.40642324646627354,0.8002669451901278,0.93895178202623,0.3062287544036894,0.05127684398576997,-0.31892920936976027,0.015340618510019291,-0.17136564960256337,-0.08698724215786224,0.07706791673319106,0.07278963631556795,0.5444964086060815,-0.43996521460437,-0.09539428430111435,-0.33528582986700384,0.017184722687586966,-0.044823600718193655,0.5687351799021982,-0.38254711403276237,0.09430610762645007
0.07497823221097207,-8.125272383641391,0.8776731694304174,-0.043343588597129855,0.03772307838880228,0.7078648251039862,0.7040068835351669,-0.1572000249813239,0.09695345759189407,0.3096188793499788,-0.36164059589743086,0.4547918326895077,-0.6275452613857079,0.2482512936633853,-0.08208791883448874,-0.028760123190970013,0.2008795083031374,-0.16325280209866105,-0.40846510235038386,0.8020538585416825,0.944369133416148,0.30806470392905083,0.05282140163516907,-0.3156085983665509,0.015398767002812784,-0.1712791171064917,-0.07939108583975382,0.07129811074620442,0.08417874720762733,0.5114798120129856,-0.4492414126730223,-0.0870024487408883,-0.3491012479221857,0.011864719296455072,-0.04782669562625251,0.5783393327758833,-0.37908018685993267,0.09442941504239241
0.07365675822663244,-8.13224818277279,0.8774345367434542,-0.04295703074521348,0.03881350789486693,0.7093378572740338,0.7024870172126547,-0.16300527853491015,0.09384220383548,0.3103412548869377,-0.3639297316637157,0.4546981312787082,-0.6317437384750625,0.25269113855611836,-0.0798511658741984,-0.03150469574164219,0.20453178396129834,-0.16462118024182018,-0.4096369801965256,0.8035881644918741,0.9508176430552873,0.3097267189060403,0.05456773692751872,-0.3134564573751643,0.015400113371116134,-0.1713314721021698,-0.07219200423592695,0.06578803959697974,0.0935528649624154,0.4784983218823244,-0.4554900158902567,-0.0814467369760359,-0.3622259713731175,0.006835608401378238,-0.05105370457267201,0.5867126587385543,-0.37517369129394307,0.09476074428799054
0.07242076024035585,-8.13926249176876,0.8772333595494122,-0.04264153140825475,0.03981201120628989,0.7108806574048826,0.7008890029744166,-0.1684767503564788,0.09067067464900713,0.3114485360425488,-0.36675688350790525,0.4547780177387061,-0.6367087301722065,0.2583667987471367,-0.07863826595140012,-0.03437502150683582,0.20754098836418386,-0.1662697047891254,-0.4103857543786183,0.8040630156827149,0.9572111955245909,0.31143836948244563,0.05609487749933073,-0.3124971525242854,0.015438264035776207,-0.17154361397024132,-0.06551560846006324,0.06051806763623847,0.10153933768994587,0.44589790076577646,-0.4596169714826127,-0.07793744289500616,-0.37476879577949707,0.002003833472889255,-0.05450965900451885,0.5941049178122884,-0.3710055584295681,0.09511640258554963
0.07111204450206715,-8.146283183778221,0.8767995204171424,-0.04390409611335471,0.0404451721013316,0.7126293857210072,0.6989964070044021,-0.1741760329079077,0.09156928973252898,0.3099959183592997,-0.3679537321866471,0.45338079110364454,-0.6420018972224885,0.264953352743358,-0.07853740597342716,-0.0370202769417087,0.20983580181505201,-0.16620578775873882,-0.4129013057134107,0.803170320422531,0.9622720929827976,0.3128026945363159,0.05728107225414651,-0.3132520342421238,0.01527490337353563,-0.17022360170165,-0.049837276768492304,0.056413979899492345,0.11039763551743699,0.38970925916322496,-0.4748374518300003,-0.07769962546714147,-0.38765839982955724,-0.000638200184276143,-0.059431558768039495,0.5990365147494491,-0.36582490403233225,0.09622375244439806
0.06945272823576841,-8.153141219812232,0.8766511410310249,-0.04194651754063004,0.04222308184676589,0.7139930030142868,0.697618586816762,-0.1785459162540364,0.08452363159007469,0.31306535576150296,-0.3712798007393493,0.453896994498541,-0.647448187317647,0.2712872329194624,-0.07933516558471346,-0.03872706547840853,0.21190670897353928,-0.16918979885881583,-0.4123884349798968,0.8006785303494741,0.9685356364577696,0.31335774060087024,0.059083550942703913,-0.31329537865220564,0.015223573109754774,-0.17099062788846747,-0.04778478262281173,0.047498600753462836,0.11115439325092544,0.3687987719619747,-0.46981390224559094,-0.07415931854812285,-0.39980255144205196,-0.009419742971515321,-0.06100993362156226,0.6081668128194648,-0.36235670616365506,0.09891417456796497
0.06716040686996183,-8.159799294673462,0.876740593258617,-0.03839765802220215,0.044737315466782675,0.7153128882141889,0.6963129069735183,-0.18300385892786655,0.07417769747591064,0.317935668118148,-0.3748878809055294,0.45414999016706253,-0.6526797582703449,0.2775959026285783,-0.08151289592297126,-0.03909005852034477,0.2133344931327689,-0.17338548961903827,-0.4117269248383686,0.7964946045383389,0.9741933991867323,0.3128985297166452,0.06127532524957929,-0.31311013167842855,0.015094002684394,-0.172495167963063,-0.04525900401758414,0.03469810915085593,0.1077303181811231,0.34927503144360217,-0.4608623673692735,-0.07155678606711534,-0.41181110789329095,-0.022218661525652567,-0.06093020048545445,0.6195592795533436,-0.3594323480837194,0.10335999891779205
0.06447601540235685,-8.166357100235476,0.8769409695044014,-0.03373566432366524,0.047795138182981284,0.7165726285961082,0.6950548163026967,-0.18724188836018657,0.061431037768184385,0.3239177915479546,-0.3787601061331036,0.4542873240632415,-0.6578612892351606,0.28397615258016096,-0.08518630204621427,-0.03872275064691045,0.21421955183219546,-0.17841929955444563,-0.4108709927464828,0.7907985268469896,0.9793489403205503,0.31147999628226813,0.06360953730177973,-0.3130253392060292,0.014894237785846667,-0.17439045878916934,-0.042475325455883964,0.01930245362025107,0.10109834593928839,0.33101580528524477,-0.44902221688683497,-0.07002274413848672,-0.4236507837292986,-0.037825443083709095,-0.0595124603872291,0.6323458114326846,-0.35703960507306204,0.10929645245074239
0.06180911942438577,-8.172888875528567,0.8772772100824161,-0.029032675518428416,0.05080383656829164,0.7177128797294401,0.6938762830740497,-0.19067259669849457,0.04864075642728898,0.33019002092125044,-0.382835954041005,0.45434243184815465,-0.6635684710572383,0.290708452352103,-0.0896306866274394,-0.03803922396070944,0.21469421561584828,-0.18415712807388926,-0.40959216483314276,0.7843388404700141,0.984692756584935,0.3087311650944717,0.06626282974608837,-0.3131422646942572,0.014665194570573302,-0.176458854895265,-0.041087481375408665,0.004214387940102731,0.09373185176934874,0.31634060841374934,-0.43696076851673415,-0.06879069221721934,-0.43456649655809737,-0.05336335112191319,-0.05774650101762454,0.6436894361507302,-0.35441367652415307,0.11645840982989328
0.05940093351316742,-8.179574191102047,0.8777577088236518,-0.02527778981887362,0.05310160600962967,0.7186735858055172,0.6928560671932602,-0.19303996379850336,0.038051227926761744,0.33619918146297295,-0.3869316797278141,0.4543490483022856,-0.6699445847937869,0.29801841007155017,-0.09375474624486485,-0.037745529464998075,0.2149225175276246,-0.18936956252071413,-0.40774861413042374,0.7755269746277277,0.9896836057144003,0.30556365377262645,0.06895825834873483,-0.3140333677503574,0.014501399409796015,-0.17863288252872106,-0.042955866049758956,-0.007795986085914867,0.08814407572795185,0.30791911097269903,-0.42734807624132914,-0.06752278321708258,-0.44371111883342684,-0.06609719588894548,-0.05666863704012781,0.6509105843216278,-0.350885297837594,0.12446045353801452
0.05754966074713723,-8.186285104305057,0.8783076873240974,-0.022789220119317624,0.05476451941478621,0.7194342443561229,0.6920230248390264,-0.19378025160986706,0.02994783344304695,0.3415416784940181,-0.3908612781019795,0.4547265719561159,-0.6773750884570836,0.30557191799028965,-0.09699808130475941,-0.03827416672317757,0.2153446943173876,-0.19368533407475153,-0.4051599604626588,0.7651630869651065,0.9945530452011643,0.30138800587534303,0.07133523084404765,-0.3158491684841143,0.014393065124733878,-0.1807416236560981,-0.0505698644110428,-0.015966377174611752,0.08505272904340114,0.3089899831293758,-0.42074005620633315,-0.06616456380806694,-0.4514989067495539,-0.07538746118831467,-0.056099190428207546,0.6532169297358467,-0.34555452143292015,0.13434755344335492
0.05615234505580914,-8.192870016314789,0.8788397743623643,-0.021078976072753438,0.056195039735722686,0.720010101727613,0.6913633253847198,-0.1932308187832673,0.023158726502609746,0.34596243406806093,-0.39414211378685093,0.4554463434632604,-0.6855056765450147,0.31325733745844003,-0.09941357587718751,-0.03938606005270916,0.2161056301368111,-0.19688910804618148,-0.40184156131742915,0.7530172284359811,0.9991413192918439,0.29622284876424415,0.0731277837867564,-0.3185651225011585,0.014295444493160944,-0.18249560556347272,-0.06297010675494313,-0.021793508082232765,0.0832518940864792,0.3178868766971341,-0.4158794520522852,-0.06491905472191431,-0.45860641123421547,-0.082749523588076,-0.05552062290162163,0.6524326037782839,-0.3390856253342157,0.14637437478764787
0.055058109666222134,-8.199052895073336,0.8793626096107507,-0.019930544798360605,0.05732086275399033,0.7203934969555427,0.6909054216181431,-0.19171886512504316,0.017751855384693455,0.3492513713654022,-0.39609838075544895,0.4562248741322584,-0.6941628456282958,0.3211215483095167,-0.10093210755523424,-0.04058307571063854,0.21691158370753216,-0.1991836991714584,-0.3979327101946483,0.7400134273285428,1.0038503162490042,0.2904024865534934,0.07506621715475094,-0.32166812328468286,0.014175165827571478,-0.18362105493013647,-0.07688766073676068,-0.025928547748596497,0.08237348321765363,0.3297996094850089,-0.4119806607047503,-0.06351489405115185,-0.4646524166796606,-0.0886435632461017,-0.055483883292678796,0.6498621793383021,-0.33264011662514953,0.15905686294669186
0.05429878498586739,-8.204661750418426,0.8798793870236913,-0.01910147106204156,0.057973962805510246,0.7205737637500551,0.6906863285421045,-0.18961850890913956,0.013845390122276549,0.35146106010304135,-0.3960429956908948,0.4570085191223586,-0.7027141114949156,0.3290158685512269,-0.10136297170248545,-0.0412394746918516,0.21760232458225184,-0.20076379113471912,-0.39353393969817996,0.7270151222272822,1.0087527596330763,0.2846415694951707,0.0773659110531791,-0.3244508614613444,0.013996799729247014,-0.1839778800735547,-0.08895067234826053,-0.028886972118011316,0.08208032617231784,0.3400699381038748,-0.4085700289769421,-0.06116066934316767,-0.4690930297936077,-0.09337441948261235,-0.056553000502012986,0.6467536881812085,-0.3274227617629677,0.1712115567581209
0.053596364815642374,-8.209781762555709,0.8803915399319304,-0.018682916613692167,0.0579444281128402,0.7205332592586347,0.6907425093184953,-0.18694965832009908,0.01204196057685308,0.3528535095025666,-0.3941953811064477,0.4575375840486609,-0.7113017942940777,0.3370132466225012,-0.10038413483221974,-0.04193895546340162,0.21801987061733238,-0.20186629514236798,-0.38887376096310866,0.7133475708602763,1.0139414854430633,0.2796206276877899,0.08052573730784382,-0.32657047312501886,0.013799734524743626,-0.1836071708830608,-0.09880842242924495,-0.03037065913016166,0.08220650174667854,0.3485350449879699,-0.406100395328243,-0.05798085811767313,-0.4711669558354624,-0.09660261486703084,-0.05914593570776157,0.6416777301678784,-0.3231764076665629,0.18308660635580132
0.05294052820300615,-8.214435336289647,0.8809348142454467,-0.018678680362161137,0.05725625928836707,0.7202967202555456,0.6910466427538275,-0.1835345720984259,0.012171292554093355,0.3538806453006768,-0.39102266807380687,0.4579554330420058,-0.7200710205957433,0.34502006175485755,-0.09801116966557996,-0.04305595188470477,0.21826452106411973,-0.2024943928391169,-0.38390191344850805,0.6987007550829073,1.0191848548206206,0.27536195660051116,0.0845154106328659,-0.3278266782729465,0.013578648860045573,-0.18285574183720418,-0.10778382905048671,-0.030210011192578354,0.08285333564771057,0.35726533042535585,-0.4045266414854848,-0.0543346767181316,-0.47105832021477856,-0.09825762482624813,-0.06300437239929556,0.6344429085858233,-0.3192145232568032,0.19491629052951445
0.05235843436221448,-8.218581487894813,0.881436432390036,-0.0187272289638142,0.05621903188151105,0.719894859343078,0.6915490603283709,-0.17943913638976142,0.013138697061438382,0.3545501694547698,-0.3865575411362347,0.45837526683120466,-0.7285999348260445,0.35277790756668564,-0.09485335825714872,-0.04428755676048515,0.21835009943407838,-0.20280033152026428,-0.3788163485829597,0.6849120338535246,1.0240327112120604,0.2712146594911172,0.08911008658628541,-0.3283001576382334,0.013289495049123917,-0.18189960283786122,-0.11528148753594644,-0.02939925362060096,0.0839696416801935,0.3651576618207274,-0.40322186201916155,-0.05053675033647587,-0.47004094183663386,-0.09936167275380613,-0.06769746070078406,0.6285755382880311,-0.31687158416481215,0.20474455836608668
0.05170552254050144,-8.222437166768982,0.8818801746376483,-0.018450462092415913,0.05514642905570973,0.7193511739499965,0.6922083070490717,-0.17485276399879446,0.01381226246540104,0.35497599441374583,-0.3812358626242816,0.45854832379600147,-0.7363228717988815,0.36031819208779853,-0.09188506766067792,-0.04526269504489636,0.21802409514717278,-0.20352077690118353,-0.3739402905997082,0.6740475982398212,1.0282762535273422,0.26623891395023414,0.09392536449694468,-0.32828203381974297,0.012900947709959016,-0.180993539023923,-0.12080466616720001,-0.0290517345409657,0.0855005099906079,0.3710921113006536,-0.40164132096730953,-0.04720584236839941,-0.46947240330073153,-0.10107238289867466,-0.07280121055757703,0.6276084922390486,-0.3177450551369566,0.2102869156282357
0.050962674873203655,-8.225984284036633,0.8823733041158883,-0.017945953809938783,0.053351216836284424,0.7185263263764482,0.6932182258913172,-0.16950186061296163,0.01563847832339838,0.3572733247457391,-0.3762137751073902,0.45780837794087914,-0.7432047897704124,0.3679195001640404,-0.08964403119531887,-0.045520157730996505,0.2168859661373595,-0.2057325202478202,-0.3699948448991456,0.6666015549158003,1.0315887355378002,0.2595659397147766,0.09862519590229195,-0.328227740263588,0.012350443398743381,-0.18127499265585778,-0.12366414976661164,-0.028010203367193197,0.08780706084790373,0.3756127929417894,-0.400282888175177,-0.044388938728668594,-0.4745796541947763,-0.10398311502284908,-0.08332254675600688,0.646309558601931,-0.337606306853286,0.21619314350084418
0.05024390325910403,-8.229148509473713,0.8828414737783341,-0.01702953468033698,0.051727734447184565,0.717538294450834,0.6943868031825786,-0.1637948368062381,0.016794722711038528,0.358555338379146,-0.369665362679029,0.45708984203086134,-0.7492782952089455,0.3752212841890084,-0.08803444489455013,-0.045303575858654715,0.21510155962954916,-0.20767344288856157,-0.36596747261291246,0.6619303944798913,1.0344515470728706,0.25108824549636943,0.1030096769002394,-0.32773912785110965,0.011768050353547034,-0.1811565527366622,-0.12437960199855935,-0.027843584472806163,0.09057799700515169,0.3776635842478797,-0.3983831900270287,-0.04164314163990696,-0.47625177692791865,-0.10771500486100309,-0.09270466893529113,0.6626394337462348,-0.3511107411894377,0.21318398738280045
0.04947674935250903,-8.232020527487572,0.883260168946433,-0.015850216329998036,0.05010384102054179,0.7164496035963344,0.6956567697247947,-0.15778182068900348,0.01769715514907618,0.3594970434418614,-0.36214285550933834,0.4560300816758121,-0.7543572879852836,0.3822584140883652,-0.08711092920256254,-0.04506532854394873,0.21280873973541634,-0.20957921432866194,-0.36225272337161935,0.6595479604995232,1.0363848108770943,0.24142895711823428,0.10709131942734881,-0.32687233710346125,0.011136319879570138,-0.18101309906731813,-0.12355409215860308,-0.02807964395703742,0.09363644020068497,0.3782235600585868,-0.3962760292892817,-0.03927208433841277,-0.47649452526849567,-0.11217709000822866,-0.10138919149131302,0.6805301921870349,-0.3618771959906374,0.20579871909314487
0.048635341994672086,-8.23463593427087,0.8836645723324646,-0.014438883457214642,0.04853290871493921,0.7153639065807432,0.6969150282335103,-0.1516771155533785,0.01819631159514765,0.3603215534117171,-0.35387984603497546,0.4545368440491007,-0.7582171892115566,0.3891217944379785,-0.08692822054562502,-0.045049978235698916,0.21017675039333963,-0.21167967698097181,-0.35889354621304054,0.6592565614842968,1.0372788103755,0.23131188996117094,0.11098378406870997,-0.32542230659578364,0.01043578552659903,-0.1810538964240286,-0.12164985289726554,-0.02873062535415756,0.09667998086449757,0.377648597043123,-0.3937909709583458,-0.03753386637002193,-0.4754849798106931,-0.11698676745148655,-0.10805428736103188,0.6996263650071319,-0.37138851311604537,0.19747958575838576
0.047760713679805285,-8.23706858221552,0.8840421639324331,-0.012729773622619862,0.047018161049174154,0.7142381795720828,0.6982056059905478,-0.14537373265783984,0.018118297363001787,0.3610517742065071,-0.3448614116188231,0.4526234473180174,-0.7605555720033474,0.3958123045700044,-0.08781602903857855,-0.045128016618205945,0.2072383175335133,-0.21406203431958035,-0.3560000408089107,0.6614474472736488,1.0368794252438958,0.22084358787678698,0.11440412383692389,-0.32326718267197946,0.009661039878438879,-0.18133930541852053,-0.11839217288363682,-0.029899540470019054,0.0998564956781306,0.37560260300352327,-0.3909741361723556,-0.03661136077809148,-0.4735956204875489,-0.12193425535971125,-0.11190161682883325,0.7209540919261666,-0.38152063193259506,0.18890257765668275
0.04694408589623008,-8.239240342092597,0.8844335542142429,-0.010726056088861161,0.045504549569621106,0.7130400694055572,0.6995628257071432,-0.13884009104534695,0.017659749628127764,0.3617453662027239,-0.3349934640979352,0.4503397384657614,-0.7615073448083798,0.4023197167757848,-0.08976568758404163,-0.04496116534394086,0.20395752892706473,-0.21666388274206735,-0.3535593102107803,0.6661265291418891,1.0352527509239522,0.2099046764798358,0.11721953281787123,-0.3204211980288299,0.008815263388119563,-0.18184244812508107,-0.11354087069041277,-0.031492011067037355,0.10325842770629771,0.3719176318239218,-0.38778690507674485,-0.03619484939681816,-0.47088945158513984,-0.12696491042908528,-0.11343088108194148,0.7449351712810213,-0.3926180217668519,0.17937799724421064
0.04614876923987884,-8.241262869144402,0.8848071429742304,-0.008595674199085338,0.044010955526663335,0.711907040034122,0.70084057854019,-0.1324403030716846,0.017061315288863198,0.36234406985595413,-0.3245293967395609,0.4476621206488991,-0.7612868122130525,0.4086862771771217,-0.0921504803954074,-0.044934311520439606,0.20059560089503153,-0.21936719743522862,-0.3515206454711887,0.6720925535356074,1.0324096584588345,0.19938992839399508,0.11949474883148373,-0.3173364922351946,0.007927820199050303,-0.18248137294784486,-0.10809731791898455,-0.03330594539123617,0.10647586658220602,0.36766801529336285,-0.3844782490787943,-0.035892339360410655,-0.4670858136949005,-0.1319146937665442,-0.11313161334589417,0.7694816604564069,-0.40339735912872365,0.16994411648142924
0.045400757567147385,-8.243054005200392,0.8851756545368045,-0.0064981788925069115,0.04255396530634867,0.7109820145307717,0.7018913795748971,-0.12649242274256817,0.016529532441873194,0.36281327955008313,-0.31363053476137465,0.44464798657522825,-0.7602887797182633,0.41504948588475704,-0.09403645872127185,-0.04522928672679544,0.19746977417343584,-0.2219125281331486,-0.3496869065465939,0.6781065108417886,1.0285369472207029,0.19051760292224704,0.12164387077022937,-0.31432667648979584,0.007021281806240054,-0.1831849484756646,-0.10289456885376529,-0.03511769532059258,0.10910301711616995,0.36377108929076296,-0.3810316342224089,-0.03515807991454208,-0.46159933779092016,-0.13643442761579747,-0.11145685790485904,0.7918060005103478,-0.41218840843477267,0.1618414326072616
0.04466287312669028,-8.244818587709089,0.885524779981289,-0.004389501128738064,0.04120132963667544,0.710277927162072,0.7027008246062905,-0.12099490099799312,0.015927373027100792,0.36308071750623816,-0.30252051750478093,0.44115356649753734,-0.7583337403539127,0.4216112717240854,-0.09476159147582444,-0.04585776122441085,0.19486924604466066,-0.22447263303945666,-0.34813153254442586,0.6842175161188585,1.0235260863341658,0.18467447510624385,0.12385313060406489,-0.3116824838084386,0.006106412423012695,-0.1839258229196673,-0.098095155430678,-0.037108869541293464,0.11110898483073706,0.36031254199173723,-0.3776072605869187,-0.03376644023129017,-0.45453870695838583,-0.14051869411226559,-0.10813982812458196,0.811549007153449,-0.41941092324478685,0.1558389829432641
0.043992482929368124,-8.246438554591686,0.8858548096473082,-0.0022176574852282227,0.03992248890340216,0.7097285417961308,0.7033396575161772,-0.11576138303618304,0.015183938304068091,0.36316441085117657,-0.2909613514398013,0.43728176307260036,-0.7554498573668439,0.42824100922349023,-0.09437550764425394,-0.046625495979323084,0.19276752491354565,-0.22698131632793822,-0.34683405400474115,0.6908242729708193,1.0174196429511901,0.18180472751695134,0.12625574926409502,-0.30921890324474083,0.005160395754064589,-0.18472825756189903,-0.09327128385517906,-0.039293644088648695,0.11270300756698255,0.35689889019758547,-0.3740991098310413,-0.03187934182184442,-0.44597277494098125,-0.14410136576329913,-0.10308161661952393,0.8294896487519651,-0.4258376221978202,0.1515577980190968
0.04347121785862655,-8.247959748748288,0.886164917088084,-0.00012349554240764316,0.038650677402722954,0.709385501608501,0.7037601295845174,-0.11093858512319377,0.01454280329984665,0.3630340297419496,-0.279281262409457,0.4331688751457409,-0.752049275287179,0.4351120417431131,-0.0930180608250431,-0.04748553814715973,0.19111426915568488,-0.22934135818817414,-0.34563161708298307,0.6970603831234757,1.010438496696402,0.1810639551057316,0.12844159046905923,-0.30691943384090153,0.004215223830738024,-0.18556643305599127,-0.088710677060329,-0.04126846655025951,0.11372897115856717,0.3538025448057464,-0.3707373971513317,-0.029947421609677727,-0.43583289417508175,-0.14697746318008112,-0.09718874170001246,0.8447477030824979,-0.43099288240646416,0.14834879193238162
0.04306875724895308,-8.24943692913132,0.8864289541472392,0.0017532178839322955,0.03733157008897194,0.7093061778931345,0.7039091035811201,-0.1066384336236468,0.014195965079581005,0.36261799285593765,-0.2678735036743148,0.4289025515921147,-0.7486870573995255,0.4424690599093017,-0.09086869228236152,-0.04864904087886306,0.18982286181755878,-0.23137196132824683,-0.34441581865654597,0.701911063347161,1.0028872321675701,0.18128722854550092,0.1301515037577918,-0.30493981446774565,0.003316545700421364,-0.18639862640818602,-0.08480834742447958,-0.04268658335952926,0.11399143092615305,0.3514451808956694,-0.3678019691494889,-0.028598730789569166,-0.4240454094605432,-0.14906843475013093,-0.09150725571439369,0.8561265982701811,-0.43442833387030405,0.14541608678019188
0.04287442714473537,-8.25084727845882,0.886690925722249,0.0033978647038260664,0.03592720675408369,0.7095409401145745,0.7037395431774663,-0.1029173966574669,0.014194602796165622,0.36197115928600665,-0.2567866864505632,0.4245177172474294,-0.7454012955990754,0.450457311504714,-0.08797593214672941,-0.04987224631637966,0.18899825267772566,-0.23306092625806163,-0.3430536344230157,0.7054914659343492,0.9949277219236498,0.18198824986991602,0.13148746159854982,-0.30335246029611196,0.0024629400958502677,-0.18729330429764499,-0.08146286285637483,-0.043420071956450944,0.11334342760816736,0.34968862762327274,-0.3652327382080505,-0.027880310959757324,-0.4103571546249976,-0.15023106242500578,-0.08608889445361789,0.8630660487504984,-0.4363862513919422,0.14331950884129727
0.04283758046771503,-8.252150439281133,0.8869271490761976,0.00488314138570454,0.03446761577777791,0.7100524079893222,0.7032877905248798,-0.09971161666897628,0.014374350885844333,0.36112062024871333,-0.2458048660540376,0.4200190407102803,-0.7419901747813015,0.458877873212389,-0.08432112623704488,-0.05116444354497683,0.18865950486998018,-0.2344385185865166,-0.3416023285800993,0.708126859702026,0.9864534292667096,0.1833152711328426,0.13277320089192432,-0.3022861679613469,0.0016387566503154036,-0.18826077795981974,-0.07856376387160863,-0.0436704782393676,0.11190575481158434,0.34847999675259045,-0.3629220976563264,-0.02755039151001068,-0.39492395543616254,-0.15060907124119022,-0.08056778226324149,0.8661315446338842,-0.43747382296756393,0.14219308839607528
0.04297552684562961,-8.253309331223159,0.8871846198516223,0.006227962239822559,0.03298405832569526,0.710760396993735,0.7026328503905963,-0.09690109343554845,0.014698601237796568,0.3601211214345946,-0.23510195471916814,0.41551193923035884,-0.7386599487823003,0.46780431831793484,-0.07985404141488671,-0.052241566810969434,0.18849082873561598,-0.23558159194573286,-0.33994403234350584,0.7095114436728871,0.9776949198432123,0.18473653243576327,0.1339780053751611,-0.3015191739622816,0.0008484743699798071,-0.18924225844494874,-0.07608165157630357,-0.043484040484889096,0.10992736204363225,0.3478360372765945,-0.36081739781647354,-0.02749153749951096,-0.3779700704384116,-0.15043263127036346,-0.07550764300777382,0.8654124172587584,-0.43754222553350963,0.14103488281171783
0.04323922403563736,-8.254371491730094,0.8874066317338297,0.007437779319365916,0.03152931010226118,0.7115877904770742,0.7018499828932295,-0.09435911240204474,0.01506276398295515,0.3589092066540323,-0.2248765310545061,0.4111292489857814,-0.7355759146954148,0.4771834918279216,-0.07452366908986618,-0.053192497666737164,0.1881255944911742,-0.23641543265372036,-0.33807432841960594,0.7090877644831144,0.9687229750231635,0.1855803735571339,0.13496680364351793,-0.3009792334887318,0.00010794830558916425,-0.19010933877553038,-0.07420755630969697,-0.04295331423681782,0.10764939935014939,0.3480076825595838,-0.3590708388995047,-0.027673132364260146,-0.35999343869422934,-0.1501077095776246,-0.0716715499404584,0.8611792008240672,-0.43655554296072663,0.13877084588659466
0.04368269402783641,-8.255422230879313,0.8875732295681523,0.00843917016245265,0.030375750278223066,0.7125579723929748,0.7009045799402485,-0.09210769580449724,0.015112261856502052,0.35663894335441204,-0.21483241996822514,0.40743289080429973,-0.7330621259086557,0.4860450185903347,-0.07082414452023968,-0.05287046697480864,0.18806136757156797,-0.23697112598074563,-0.3355137709456951,0.7070256606219242,0.9610498853237218,0.18569330092090777,0.13510533595792326,-0.30086068641728214,-0.0004644946106845016,-0.19050437587896188,-0.07340065267007269,-0.042309265288077706,0.10517923885367832,0.3488441170949748,-0.3577997919132623,-0.028054012890338532,-0.34184210844226404,-0.15030582002786064,-0.06984350945201949,0.8546379208013413,-0.43609608407477507,0.13575310231254525
0.04420746471611765,-8.256489606256084,0.8877326421286147,0.009350228725923858,0.029122018738018944,0.7137143456402971,0.699768757572555,-0.09032006264875328,0.01534007445643305,0.35451461722020383,-0.2052371768093294,0.40336505387863525,-0.7299027119241114,0.4959205882822875,-0.06550212442615136,-0.052977328367777375,0.1875432784762412,-0.23723997976489014,-0.33297541011839005,0.7029556512184324,0.9524884036346857,0.1850931402635263,0.13572001217730004,-0.30084789314430976,-0.001070469786100977,-0.19093387401020956,-0.07297696443328137,-0.04124687725458938,0.1020634416324819,0.35043113160658496,-0.3568611406817503,-0.02885690272969605,-0.32218035196996586,-0.15043298479874348,-0.06972730381352356,0.8446572419952824,-0.4342953519264276,0.13088087800355527
0.04487878624487637,-8.257421246399945,0.8878642408169065,0.010125784388722485,0.027797802325596973,0.7149450490356363,0.6985544556695712,-0.08868915284897555,0.01571840952173014,0.35246274926987575,-0.19617100419200587,0.3995498080667764,-0.7270397061094397,0.5063909020963199,-0.0589282887748385,-0.05322695637307728,0.186581311495331,-0.2372591180208176,-0.33026771145680633,0.6975026507074644,0.9435628167671276,0.18373479867900358,0.136768011725755,-0.3008416669884592,-0.0016418649926372964,-0.19137778783559972,-0.07300006845844687,-0.03969378916277786,0.09872835539164099,0.3528479058721134,-0.3562647383240433,-0.029874653493068882,-0.30137876211020054,-0.1500674039464342,-0.07034272828945723,0.8305918017999717,-0.4310702315686112,0.12564448029692782
0.045604061292867,-8.258369016639007,0.8878236978562589,0.01099498838432451,0.027459159116769827,0.7159313447219746,0.6975438441098972,-0.086284249188254,0.014002485662636838,0.3477208908191319,-0.1864896091407772,0.3969639751841371,-0.7249402450490632,0.5169927314965154,-0.05209412032630859,-0.053504672611515605,0.1854993274152752,-0.2360443969941118,-0.3266178813046774,0.6914559313155282,0.9350221754312718,0.18171902025210024,0.13797304208442496,-0.30055257698070825,-0.0020726537918697003,-0.1905770712299,-0.07386417478836009,-0.03951290906480005,0.0961111197238237,0.3546568609262398,-0.3555013071498392,-0.031208326496626144,-0.2713774365427564,-0.15379333045700494,-0.0772563621919532,0.7956268052365333,-0.37046676465108325,0.11341365435020413
0.0464934388166881,-8.259270744400862,0.887902906925449,0.011223147058478626,0.025664159836725847,0.7170938273750915,0.6964135514265357,-0.08445295371612717,0.01582761856815311,0.34617824105228984,-0.17958125065138086,0.3933104948813844,-0.7237626154087917,0.5289648033543785,-0.044207306896527986,-0.05347113692550916,0.18411495006078055,-0.23620062671387465,-0.3239933230239278,0.6840230361563581,0.925569146423911,0.17878773817426022,0.13940655068645322,-0.2998778582793548,-0.002538333849641839,-0.19091461030704748,-0.07505843387919008,-0.03612094416775039,0.09299317332414857,0.3594727177650444,-0.3562201093537021,-0.032619965275574696,-0.24997976883978384,-0.14886245282221902,-0.07357697689701505,0.7710966054420356,-0.36731753692443786,0.11147051808343025
0.04756653798176284,-8.260243497337632,0.887923838509854,0.01158187913825807,0.023600916651221982,0.7182768587419512,0.6952605346232755,-0.08248646589926832,0.017754504358306042,0.34604024611930473,-0.17483676792257793,0.38973931203833195,-0.7235070038063968,0.5427588833009896,-0.03071993120448764,-0.05465035886052586,0.1814899624067275,-0.23640702782910927,-0.32142185515671773,0.6742281244176851,0.9141324484411087,0.17247049783050927,0.1417648588226845,-0.2976643080859005,-0.0031680139271994495,-0.1921291208476359,-0.07633927074001841,-0.032318665590758695,0.08975364724039175,0.36567438045097883,-0.35804457729206035,-0.03431543902038865,-0.2268643848960401,-0.14324214521397816,-0.0691686944702314,0.7387419155111418,-0.37392025879916885,0.1127347392048894
0.04873519986710498,-8.260778662257865,0.8880069514129275,0.011792822231274508,0.021827655900127033,0.719326411490706,0.6942290663128632,-0.08023015582623548,0.019137266351283086,0.344919790043904,-0.16976358823140317,0.38710842849619637,-0.7244518655328217,0.5559198014668869,-0.020668178205271594,-0.054063592540369805,0.17947488183535446,-0.23662683838104778,-0.31817394425833834,0.6655541906376787,0.9048015003944667,0.16641903269171782,0.14393689877316532,-0.29523163633189586,-0.0035453033672455383,-0.19284292936747166,-0.07777235499521486,-0.028533718988801235,0.08700471617067623,0.3713748821067398,-0.3591603487683227,-0.036049852860480736,-0.20401903263809956,-0.13768968533677423,-0.06542695002783819,0.7032312647416986,-0.3832643173069161,0.11369945384120038
0.05015528510815466,-8.261330910703105,0.8881863607140039,0.011635215395205008,0.019864249923615556,0.7202403722524278,0.6933425124102537,-0.07772915775000996,0.021192988617728444,0.3434931058298543,-0.16536972651811718,0.38470139441006146,-0.725841549017986,0.569969517526915,-0.012592480711378643,-0.0532955132012119,0.17794220439105243,-0.2373252103762461,-0.3146940462572925,0.6577549860588712,0.896491687620429,0.16040249094031814,0.14563301860243433,-0.29292618717645613,-0.003882867543658313,-0.19311303783966252,-0.0797174858450983,-0.02368161126241521,0.08457662788179525,0.3777099260978232,-0.36068104014771024,-0.03786936704090304,-0.18169354919195685,-0.13143751895610908,-0.0640387890512245,0.6669122333935122,-0.39177577848158984,0.11279100199278631
0.051820678383571,-8.261991393903752,0.8883702187921109,0.011038952599216478,0.017625497831238724,0.7210049622502218,0.6926177356682895,-0.07494911328868711,0.02413854803862315,0.3419179447740394,-0.1616635724442261,0.38262786170795154,-0.7277074637608869,0.5850326478184291,-0.005882258628253744,-0.05354215006128925,0.1768742638727196,-0.2383346564577852,-0.3111570389655496,0.6507985651926325,0.8887062891540283,0.15422792125974197,0.14677249545161664,-0.2913703883054547,-0.0041763284385993036,-0.1930439462315245,-0.08249427155142991,-0.017472768575221436,0.08247570474556644,0.38528610016441733,-0.3630363528091304,-0.03989839974854203,-0.1601411907720629,-0.12413898964148955,-0.06592223869955906,0.6305799659598239,-0.3980583050544311,0.10947823198307775
0.05359180740560744,-8.262552153520783,0.8884165951660201,0.010570007155240852,0.01697806382716414,0.7213659276117022,0.6922652806390961,-0.07093013922342185,0.023611509599418212,0.3357599660460084,-0.1557393268734087,0.38247758377404933,-0.7300184024882523,0.6002365384361092,-0.00033107517918978075,-0.05483939858425377,0.176240270359344,-0.23707285094484956,-0.30596403254653326,0.6444194632280607,0.8820222589572863,0.14770239371284022,0.14801707069735168,-0.28999542084100766,-0.004280849036635831,-0.1903688048459399,-0.08611748420007591,-0.013531502605267469,0.08165804324213842,0.39092406978882716,-0.3643745362867087,-0.04217754473848127,-0.12384594775102986,-0.11772917591655294,-0.0733940108429836,0.5591271436192884,-0.42441257749156724,0.10363305259460512
0.05546116870561674,-8.263041463725939,0.8885659231172923,0.009391281460223246,0.014539097167519725,0.7218687091962648,0.6918135479805276,-0.06785677595906799,0.02731520764869764,0.3334762724172972,-0.15197636172116516,0.3814436465748027,-0.7324361440665492,0.6147964177126851,0.002517539289845642,-0.05458137111621915,0.17582673343660038,-0.2382307286214833,-0.3021505251598294,0.639429983555489,0.8760042535721051,0.14365702380854742,0.1483798442597689,-0.2895275329812668,-0.0043080273361535675,-0.1895461506937051,-0.08942527400214083,-0.005856600941827806,0.08011862005439153,0.3990889051424096,-0.36714131216222756,-0.04444198384462429,-0.10719208300220567,-0.1090611283703604,-0.07896562677518734,0.5297156828060792,-0.4231474243800588,0.10048727489415436
0.057357092087538274,-8.263332718731284,0.8887469086563226,0.007995164481929079,0.011623640303339395,0.722319903430217,0.6914151614186418,-0.06483076405933552,0.0323189097517485,0.3315106833118971,-0.14896443522915384,0.37991258040496034,-0.7355409185639956,0.6310125169782748,0.005418952796670641,-0.054788207080579514,0.1752285599241529,-0.2392938235624012,-0.29869517691959635,0.6345076351938828,0.8700271929426338,0.1385985553757681,0.14896223521146928,-0.2889002109045139,-0.004492582991099138,-0.188480990846173,-0.0926314383758721,0.002925273215246999,0.07857621636279888,0.4082315327128527,-0.3707622135595577,-0.047268622712189366,-0.08972735172653082,-0.09911529345203461,-0.08413671019842087,0.49946459516898856,-0.4198184295370803,0.09683786359223483
0.05926140990664207,-8.263436532640657,0.888919947910154,0.006474689740267871,0.008280708522680504,0.7226889175406398,0.6910935079445234,-0.061851151711942325,0.03814806930119402,0.329793106295925,-0.14627841362456157,0.37835449466211063,-0.7392097495241012,0.6478059362705594,0.007780503960515136,-0.054984570702494,0.17445181061535142,-0.24051828113486717,-0.2954638693104478,0.6304798122622025,0.8646317934618519,0.1331703676470453,0.14971438503050746,-0.2881054414097348,-0.004721217776369099,-0.18707534033992573,-0.09526168289225542,0.012651322668582567,0.07708936678649728,0.4176674157432918,-0.37499035686279725,-0.05084183309944051,-0.07211366030982612,-0.08818127891053955,-0.08863479496520961,0.47009029264758234,-0.41523140911916384,0.09231519487524735
0.061298103974041486,-8.263392252693377,0.8891703556500082,0.004799572156292398,0.004586209088235063,0.7229458580387109,0.6908727937456984,-0.0588063619205768,0.04475396090167399,0.328246993117955,-0.14396643323649977,0.37684440957301146,-0.7433549379899321,0.6651461141012522,0.009307898795099231,-0.05472930884096588,0.17353784318800544,-0.24192555063211146,-0.29229275695375384,0.6274344171438303,0.8599340199739949,0.1276052442728211,0.15053733422269183,-0.28706319739449854,-0.004941603873220632,-0.18535680901011037,-0.09741070127451075,0.02330100359496456,0.07578069564946671,0.42721975907835824,-0.37962688013038326,-0.05484872692718795,-0.054396734285836155,-0.07620431901621258,-0.09289508750813216,0.4410607761343369,-0.40929021378409625,0.08674577463962273
0.06342096856526899,-8.263238020304748,0.8896085109641229,0.0031217023947056515,0.0008552145919675951,0.723032984964314,0.6908059251597031,-0.055587916913195215,0.051553319155130374,0.32686142961280995,-0.14207621694586076,0.37522308629339646,-0.7477067486255864,0.683061009478287,0.010104029875346466,-0.05375908577536358,0.17248370834479113,-0.24363696304908902,-0.2892305454161306,0.6253830299230269,0.8560296416436005,0.12191468867614823,0.15123836210876557,-0.28563775423398025,-0.005165311775961302,-0.18358403171354198,-0.09893607703091074,0.033962938696723545,0.07490115667016627,0.4359331230279083,-0.38385139242029614,-0.05841943675478856,-0.03747212412461727,-0.06415540173652319,-0.09618306334247559,0.41336861038793116,-0.40210223407549406,0.0814857627861355
0.0653847890121909,-8.263083416608678,0.8900563394302609,0.00162814213644642,-0.0024966966721877565,0.7228910558226253,0.690955597032515,-0.05206766469339838,0.05784483795128504,0.3254677651511411,-0.14049473694983394,0.37341016934229343,-0.7519801578304972,0.7012092273040613,0.010457362251721385,-0.05260835640048832,0.1712994828542968,-0.24573697408139245,-0.28662899574304507,0.6242920470795631,0.8527054932622872,0.11600310719295706,0.15153281031586038,-0.2840504683243052,-0.00540394192347189,-0.1819652607665638,-0.10004692263084067,0.043549327233246955,0.0746539055531943,0.44335723334059557,-0.38723482129997683,-0.0611619314639984,-0.022784587560944466,-0.05334395658923667,-0.09779723185969062,0.38892446031505673,-0.3944751724973029,0.0775985776704657
0.06723658756535714,-8.263060543066727,0.8904905334469181,0.0002060693389981141,-0.005542101825953875,0.7224904326937942,0.6913586748632801,-0.048144528778739766,0.06383274526396708,0.3239557177358108,-0.13941105708432958,0.37139129302404505,-0.7562648377062907,0.7197832314759662,0.010702640043962607,-0.05153120063216078,0.17006585379981576,-0.248545791078622,-0.2844064854023373,0.6244513729308143,0.8503802913216268,0.10973069411751327,0.15137420460637493,-0.282260941764452,-0.005653681086048467,-0.18053325889206825,-0.10109557081147504,0.05239583094655494,0.07504771879061053,0.44993080734690655,-0.3899679892407414,-0.06294440147829404,-0.01077369459283497,-0.04365060405970769,-0.09733958656885702,0.3682119200525598,-0.3863602701406909,0.07559262030963963
0.06892870060916353,-8.263252524192321,0.8909012569528199,-0.0011845044430992915,-0.008397635947945552,0.7218613926948184,0.6919856981155071,-0.04391478248608634,0.06975312325414462,0.3223155375164208,-0.13887660589213566,0.36907061109561684,-0.7606638709150569,0.7389019518107247,0.0108737718814157,-0.05072120210011138,0.1687807262547065,-0.25191245778833876,-0.2825779421818624,0.6256084105031391,0.8489863773227652,0.10318268144521513,0.15076488161179724,-0.28034125420357736,-0.0058920379816164384,-0.17917491103534997,-0.10209275916442999,0.060808235123186644,0.07596793935723392,0.45591857093855154,-0.3924078789974858,-0.06429808037482419,-0.0010279037402986402,-0.034785373504202535,-0.09527562660132372,0.35075923323072117,-0.3779023177152694,0.07464253585202965
0.07010115906422601,-8.263617298847116,0.8913027993373586,-0.0022646581663878355,-0.010758191803580163,0.7210552849580127,0.6927903064179122,-0.039514330514834245,0.07485113379076092,0.32068150916206944,-0.13874371706585298,0.36617343565243454,-0.7649240536641889,0.7585004983983619,0.010760015235258349,-0.05022193254551704,0.1671773337858446,-0.25570840546997653,-0.2813206783338574,0.6273717592697142,0.8484225349465399,0.09640664343029962,0.14991604230966044,-0.27833147387186064,-0.006150420575141535,-0.17795316470954983,-0.1025469040827964,0.06762287634907868,0.07741857101177674,0.4602484624253363,-0.39398685319888255,-0.06557380443615171,0.0062355942050781495,-0.027825448617592403,-0.09232546779359739,0.3371619702907558,-0.370042914455307,0.07409945039063223
0.0707376492142078,-8.264214432406332,0.8917104926362216,-0.002756291039099048,-0.012292929475654182,0.7201386501033415,0.6937158001458164,-0.035117845524161875,0.07826092840112817,0.31915953634419614,-0.13893356734596699,0.36272518375526036,-0.7683796764355108,0.7785102301178001,0.010006603513049103,-0.04959584349801574,0.1650785694150888,-0.26003571289017424,-0.2804772620143237,0.6295938025956787,0.8486930384574523,0.08947320054961563,0.14865641380266212,-0.27602070297525727,-0.006453821097675724,-0.17695652551049615,-0.10200871257748129,0.07172301671565812,0.07947280405367828,0.4617497909253365,-0.3941908465205498,-0.06646498738017569,0.010622956141355961,-0.023776011491828238,-0.08922299234814862,0.3282621787380755,-0.3640960825268425,0.07410644763560825
0.0708208339110584,-8.264914786207463,0.8921269822784613,-0.0023940673218866195,-0.012692007756333081,0.7190749663173979,0.6948124741226249,-0.03072847615671173,0.07931346400550779,0.31793102166830106,-0.13943339587978099,0.3587084610684586,-0.7710096940464503,0.7991731691561071,0.008127506956794251,-0.04845913619757343,0.16221390952970027,-0.26503496283264155,-0.2800888389212435,0.6324852965041626,0.8499021055206772,0.08221085848192829,0.1468110869924089,-0.27317690866556604,-0.006813840608406774,-0.17632434212614218,-0.09998678620419586,0.07208127060218573,0.08239802560558898,0.4593047816054441,-0.39218074947618103,-0.06642408046599198,0.011141946115238376,-0.023717516792287157,-0.08595431958716043,0.32580105156783,-0.3605708522505153,0.07545688585324124
0.07043045361872545,-8.266199900161627,0.8924570519924896,-0.0012023498627819708,-0.012235444242275784,0.717741036373912,0.6962015893144048,-0.02594716747110994,0.07838206230525642,0.3175376676603558,-0.14212699356393996,0.35331425304855324,-0.7729457095314229,0.8237333181662396,0.003025650453628135,-0.048834228916720394,0.15692124759513756,-0.27186389408945416,-0.2803904764764836,0.6364626627317683,0.8529085738911596,0.07000721925292078,0.14249219659198037,-0.2685824730118955,-0.007321016331704346,-0.1762275103036748,-0.0963680443261363,0.06932465738076315,0.08657198281804566,0.45325033186306674,-0.38847176403103423,-0.06561969390807,0.007933954813649821,-0.027045697213996148,-0.08183704871313202,0.3297651755060324,-0.35985890949383476,0.07841795774087486
0.0699965681865561,-8.267370235823526,0.8927753258546443,0.0003461234973066936,-0.011400037086933122,0.7164821586287445,0.6975121760368306,-0.02169069378131039,0.07641214127699734,0.3176594831801728,-0.14405025266351232,0.34825514623761367,-0.7735934300191684,0.8457252526972728,-0.0023147295893925046,-0.04612021343795662,0.15170728912344386,-0.27859808601679537,-0.28051634452054264,0.6405690421366592,0.8563207821499174,0.06073999716330489,0.13898144346159136,-0.2640939986333738,-0.007691774942076159,-0.17665964251165406,-0.09218768695407484,0.06523654549906309,0.09057615178719287,0.44591106213022375,-0.384045227040254,-0.06438248247337591,0.0034057772512845045,-0.03166607698385551,-0.07807223893416611,0.3364894570961004,-0.360492046334029,0.0815816916935741
0.06962695184062245,-8.26823176751914,0.8930842880376184,0.0016331117919934977,-0.010684855535868863,0.7154328092475396,0.6985979260348723,-0.018133900584415368,0.07487324511152921,0.31727303948257307,-0.1441515263333219,0.34376079369288287,-0.7732312290093484,0.8640185972713786,-0.005359225628671697,-0.04156781342757167,0.14824941315931606,-0.28374077185201385,-0.2805593966011077,0.6436736489522719,0.8589805691856118,0.05640671941906188,0.13752644483979806,-0.26087355887028274,-0.007985074467408272,-0.1768206962120938,-0.0887318431305449,0.0618748743012591,0.0937969460005353,0.43968343514412445,-0.3801885847242331,-0.06379107241493967,-0.0003609552186235017,-0.035359171346924005,-0.07510894085573802,0.34191311414420283,-0.360634649965551,0.08321678327136242
0.06944031606361913,-8.269158170278388,0.8933248663838846,0.0028768141272279037,-0.010029338254693824,0.7143944157029489,0.6996654594355015,-0.014667350734509404,0.07323316569609188,0.31671374196915575,-0.14456286908255142,0.33865160220172924,-0.7710928013826807,0.8830941282826816,-0.008698377038021798,-0.03623973682710891,0.1443242055482583,-0.28870739219541497,-0.28050785352272084,0.6467513351440716,0.862304484379423,0.05235653741061457,0.1358654713235537,-0.256862829966893,-0.00834807570665067,-0.1768118422565066,-0.08514815461694528,0.05894016645191709,0.09711878440979249,0.43330760177632943,-0.3763508282233301,-0.0636810202838182,-0.004096133994317223,-0.03845017443441328,-0.07213394639616053,0.34740602837263973,-0.36127856802938213,0.08359793006748684
0.0693027899214268,-8.27005554192927,0.8935358202598679,0.004384826954009967,-0.009306800563176326,0.7133009507772229,0.7007823559252683,-0.011314508571858395,0.07092606129538313,0.3168052459662971,-0.1461987450190984,0.3323486029601601,-0.7667306567861351,0.9043451738868024,-0.014516943901492975,-0.0289050269939801,0.1375829329962866,-0.2942878059404227,-0.28041705247379695,0.6500949136156629,0.8670073031019192,0.04721459549609147,0.13320726441396863,-0.2501566330998545,-0.008748903212030352,-0.1770448603520798,-0.08066740632078116,0.05558587144073652,0.10084153063974967,0.4257965737241608,-0.3717675801451015,-0.0638473788175617,-0.008219437223650627,-0.041834302712290064,-0.06888911833511878,0.35423071012157414,-0.3627147262309463,0.08305245088717424
0.06939826347729466,-8.270924578255444,0.8936883486070443,0.005799280144544235,-0.008764797782051643,0.7124235629383706,0.7016710152484861,-0.008695580627552477,0.06879077039131097,0.31724628717661707,-0.14723001095673172,0.32695711550966633,-0.7619436745556244,0.9224636738879258,-0.018901027461969415,-0.019963052960893294,0.13187952467875894,-0.2993111945970905,-0.2800536733943314,0.6528468574003465,0.8711328137145519,0.045013861994846104,0.13164937060536094,-0.24460007428477895,-0.009052154102174753,-0.17749816220488077,-0.07673841025874963,0.0528014419770498,0.10378708401323385,0.4194491359585128,-0.36803243486461656,-0.06407300295787544,-0.01165875143783832,-0.0445800697696471,-0.0663718821967245,0.36030680606020793,-0.36400714795192735,0.08214307621156762
0.06966483553723388,-8.271700367211109,0.8938174064586881,0.00701387657734375,-0.008473875433882498,0.7117392368077223,0.7023576423438767,-0.006538424387942544,0.06709640764030031,0.31762137181698025,-0.14813991752158504,0.321979636463182,-0.7575419816194403,0.9386558018064143,-0.022737269134153817,-0.010070657611465578,0.1264524705528455,-0.30375218934006704,-0.27957264850006447,0.6553116703162734,0.8748982313500593,0.04419577075496647,0.13118012705854573,-0.23985311115848224,-0.009313572674251746,-0.17779907811085052,-0.07339862715924679,0.05086254288387247,0.10604243429854933,0.4143283650147244,-0.3648407226478244,-0.06449703198055134,-0.014076554879966424,-0.04643656029559236,-0.06439236055374734,0.3649431413799851,-0.3648899616226912,0.08105709313993407
0.07011056709770261,-8.272387616140266,0.8939427544752968,0.007984906173709654,-0.008515352703673507,0.7112600788289103,0.7028320071724256,-0.004781106875311177,0.06593016864946633,0.3180237727095941,-0.14898597577463565,0.31743246578525136,-0.7532802299580986,0.9527392237389055,-0.026719097831499644,0.0006265612761339164,0.1208497952954017,-0.30753116435620814,-0.27896251361976104,0.6572718537787262,0.8780326282290575,0.04453579144911198,0.13160199661013863,-0.23585534031710495,-0.009533836282370003,-0.17792427162885743,-0.07070857053155792,0.05000780647325731,0.10753384769604087,0.4106919719040117,-0.3623452795345864,-0.06527693614289842,-0.015231433758514285,-0.04717613861473524,-0.06299895174375907,0.3677937527553624,-0.365249167955096,0.0795474919875633
0.07072248111934192,-8.273019924602725,0.8940290467123326,0.008775116579532297,-0.00876852412157235,0.710952383172899,0.703130726945224,-0.0034013262445383354,0.06504738911549976,0.31839584367739365,-0.14962334264671864,0.3133659955204553,-0.7487588385500575,0.9647860505293014,-0.030956095065017907,0.011825855862357936,0.11500326115859738,-0.31066632501619584,-0.2782392455310238,0.6588068264501634,0.8805547783414283,0.046062186191220815,0.13234074948226418,-0.2325237118746839,-0.009722559595728033,-0.17788018439415887,-0.06857093781443123,0.04994817327445578,0.10842797136941672,0.4081597104294931,-0.36038853140614796,-0.0663663102922981,-0.01562625304590368,-0.04709689485648791,-0.06209903444692583,0.3695955930252912,-0.3653786587773133,0.07754972367771393
0.07149496092289363,-8.27350850236121,0.8940889614957541,0.00936227707965984,-0.00910570888409723,0.7108415036095441,0.7032309653163198,-0.0025068739382362597,0.06439589794830106,0.3183518442513228,-0.1492705248466464,0.31047446741137374,-0.7452978609202506,0.9744838193482912,-0.03310475701688725,0.02030792871947085,0.11128687853767923,-0.3128354419677444,-0.2774750966766632,0.6600507453915905,0.8823675591739644,0.04729600684075897,0.1330320173448011,-0.23075999460972194,-0.00988017239045984,-0.1776199261680522,-0.06713997775110912,0.050433841577370714,0.10867942145905382,0.4066370685693504,-0.35890051279505425,-0.06729881024763394,-0.015480825192467724,-0.04647454671889273,-0.061776109310932484,0.37043705155180384,-0.3651954378230359,0.0758662281666922
0.07217541549764714,-8.274140459147652,0.8941688285973778,0.009972598778362396,-0.009544858131398335,0.7108677547757121,0.703190214790418,-0.0021657483339305654,0.06395319238324233,0.31853594059835505,-0.15058229081613583,0.3067672334761884,-0.7422380606523087,0.9843398845110028,-0.03636828045693884,0.03231637671499723,0.104283966652417,-0.3154982347424593,-0.27660618177943014,0.6611688063492607,0.8847709548279985,0.04982190282196109,0.1338667238338339,-0.228453178958938,-0.009997685435487133,-0.17733157036568994,-0.06568485429565316,0.05099631040106814,0.10858270019126175,0.4051999916448642,-0.3573918586397422,-0.06865652605062222,-0.014667565281152706,-0.04576285052798639,-0.06178912675972259,0.3704693097724697,-0.3649741693120207,0.07409252505589521
0.07302018692668606,-8.274623415208797,0.8942584147399242,0.010449077657972119,-0.010037938709813241,0.711144598333298,0.702896448151452,-0.0024891770401730723,0.06370428803834592,0.3184697685489839,-0.1507288892438226,0.3047348014530853,-0.7412937293371489,0.9918020160236711,-0.03637149529642173,0.039731457857285754,0.10066591711402456,-0.31711434056395943,-0.275714780480573,0.6619056585083203,0.886295028165073,0.05087819525865552,0.13431021573349633,-0.2276977018073121,-0.010061962832425024,-0.17705774035103,-0.06480553134410619,0.05187098580792879,0.10777054640023744,0.4045636638160664,-0.35629833631463054,-0.06943929185748852,-0.013074472407462474,-0.044752515297591264,-0.06249040813628699,0.3692590894435419,-0.3644005278929021,0.07358291377854548
0.07383860936698279,-8.275027013632378,0.8943488475716521,0.010836396621459634,-0.010653653755622933,0.7116320832321739,0.7023879627987322,-0.0034105953960659996,0.06374182785363833,0.31834191410382157,-0.15127291937175152,0.3028166098189973,-0.741435609422243,0.9982198243991575,-0.03473269633370572,0.047380893768327936,0.09662737546883397,-0.3184286593932541,-0.27482076080391993,0.6624341524378667,0.8877677113589231,0.05192190950740437,0.13482726402735445,-0.22755336633768444,-0.010100525151345695,-0.17662028630673338,-0.0642144455794305,0.0530570070783274,0.10632844848872422,0.4044603004382589,-0.35530314774559557,-0.07044875449210578,-0.010568478180814547,-0.043418868373466576,-0.06378455645997722,0.36676786113678894,-0.3634655982203785,0.07329795286158915
0.07451670019393233,-8.27544117403406,0.8944394208859704,0.011183080007880809,-0.01132287206798873,0.7122229981462731,0.7017728494329218,-0.004649776680178892,0.06392836997801339,0.3182874101436051,-0.1520402480501426,0.30130036517517483,-0.742763119887277,1.0033802724031495,-0.03180229474483366,0.05415480633830749,0.09253987871693996,-0.3195187812176684,-0.2740032596403373,0.6625971278844465,0.889105754096147,0.052829234936866226,0.13526659073239905,-0.22807860105286817,-0.010108167687077632,-0.17623690341176598,-0.06386308814193312,0.05432817325305009,0.10451428623952776,0.4047581608525134,-0.3544765153562535,-0.07169916659315916,-0.00776676184896879,-0.041998630197995816,-0.06543134859198235,0.36387952510128774,-0.36241599148080916,0.07285862833579002
0.07526035302953962,-8.275726071317605,0.8945404744198221,0.011553343015212283,-0.012004836761772995,0.712799104674188,0.7011703363200494,-0.005917142868625113,0.06415357100096572,0.318415591198024,-0.1528140290229146,0.30040304227836556,-0.7451045834765855,1.0076070641446844,-0.028353964632319806,0.059747308689014476,0.0887808624317208,-0.32023491243514673,-0.2731271738442587,0.6625293368843147,0.8902942032532316,0.0533775954753966,0.13528188627928206,-0.22897056763466841,-0.01009182582326315,-0.17606536982433027,-0.06348269850929465,0.055585996895779755,0.1027184763278737,0.40516063229244803,-0.35350812578823043,-0.07264540818656269,-0.005113052698855255,-0.0405996922336113,-0.06704461333779826,0.3614201880368962,-0.3612353943009862,0.07234001969203148
0.07600676727794209,-8.276037239992469,0.8946067657646046,0.01190344811563814,-0.012683565208432336,0.7133720927144457,0.7005695486051141,-0.007386245468745256,0.06448553445996598,0.3186015077473134,-0.1535401536642677,0.30015614547813707,-0.7486912370705557,1.0108703502103016,-0.02473253835311243,0.06340127882423316,0.08566245000670923,-0.3207406321734817,-0.2723937830076413,0.6622705888614844,0.8913964452453469,0.05340304566598787,0.13457636627724537,-0.2302133497229253,-0.010066220855764665,-0.1761041218927282,-0.06329862834361283,0.05686404211343513,0.10090717879944858,0.4058305838896486,-0.3526260853248748,-0.0734130919862398,-0.002824532258223593,-0.039198904091625096,-0.06865962637577194,0.3595645591708882,-0.36017551993401553,0.0714085270928426
0.07670782350741234,-8.276554465624422,0.8946647351988122,0.012333038582459772,-0.013521365812306192,0.7140317862367684,0.6998740437174552,-0.008953646880862542,0.06499713162432977,0.31944391475976874,-0.15546851442092846,0.30040587479317593,-0.7547774717584251,1.0137429877130795,-0.018329656372030406,0.06530335003914607,0.08224220439374023,-0.32128502037591256,-0.2716084982239455,0.6612141971333814,0.892961342993268,0.05271502222386687,0.13260578877907453,-0.2329733399724704,-0.010028767468427078,-0.17665236444852953,-0.06312460982974176,0.05823091749202038,0.09873372852475264,0.4069077746455702,-0.35201206251116357,-0.07428042356140568,-0.00023285716075389668,-0.037699538397795794,-0.07060424263632198,0.35773002891194794,-0.3592154794252846,0.06998392716181774
0.07740901083587706,-8.276845914832696,0.8947563152999688,0.012691716198725042,-0.014162639371280563,0.7145656528295061,0.6993098510548175,-0.010186039757560562,0.06530311946821674,0.31958497709337297,-0.15590499553239295,0.30099260886378265,-0.7599707294283045,1.0152852998821464,-0.015632190057400384,0.06522212028637715,0.08097875623342816,-0.32096006231991314,-0.2709220599423584,0.6601812456530097,0.8940187905719583,0.05183535868432821,0.13156588340189942,-0.23449935934602603,-0.009912073274683676,-0.17696896614070018,-0.0630298594976854,0.05938840715948966,0.09706593237152851,0.4076914960853183,-0.3511231128482849,-0.07473880857893095,0.0016272369313603588,-0.03644396846943699,-0.0720658051029253,0.3565779473247958,-0.3583161863011749,0.068931050558232
0.07798607230285548,-8.277424533707118,0.8947768532209813,0.013201978522776825,-0.01479402614756955,0.7150291843662866,0.698813358528521,-0.011107741251147505,0.06553982659954624,0.32024585594409105,-0.15703195157513988,0.3019666794196584,-0.7658810979497329,1.0160802191702236,-0.012197742148840755,0.06343563531526006,0.07946143862262876,-0.3207729345876798,-0.27036603137100584,0.6586511109114508,0.8954458463405746,0.05016807283607632,0.12938595099206857,-0.2374214495462188,-0.009893970683111446,-0.17757197288508772,-0.0626992210696369,0.0601804405665743,0.09551176404162733,0.4083092898765974,-0.35045245528159435,-0.07535405200327923,0.003262791859605424,-0.03557028146192179,-0.07342060886897146,0.35597000566139636,-0.3578659220999191,0.06796175529409833
0.07841856621491305,-8.278027820834776,0.8947868709106023,0.013799276542273706,-0.015220147947468522,0.7152919959559956,0.6985236485507519,-0.01159959375092695,0.0655301786479146,0.32076071279430923,-0.15754267103894645,0.30275491982926156,-0.7701549807397581,1.0158671686647356,-0.01282880012985031,0.06153537866295389,0.07818885001081922,-0.32028766336880876,-0.27004418875366043,0.6571645736948301,0.8966362349678949,0.04852696657461191,0.12786420623467093,-0.2396836921932009,-0.00984210989579567,-0.17818896509665347,-0.06214028658051486,0.06040829813053666,0.09466115445375128,0.4083426956896318,-0.34960523866537,-0.07583625569207475,0.003975193521660281,-0.03532205914188494,-0.07413661684525116,0.356517513842958,-0.3578458911303586,0.06764240282934018
0.0787838690572101,-8.278504673284694,0.8948099235030279,0.014463628193594489,-0.015519724982367335,0.7154386615348648,0.6983533941903265,-0.011480329175350978,0.0652926746024612,0.32118950509829275,-0.1578666475437585,0.3038224301324529,-0.774411878174688,1.0146594105817528,-0.016754849380929707,0.059521412937537585,0.07679821196986947,-0.3191957965855847,-0.2697309144992041,0.6550768244111849,0.8977561170011076,0.046707791554226705,0.12709664092995698,-0.2414893702072208,-0.009752685721260337,-0.17884370442620195,-0.06135908933440563,0.060246302663732806,0.09420481442382278,0.4079750616103176,-0.34843550302326465,-0.07611412510761022,0.004187501058825925,-0.03549330163623945,-0.07448874312253534,0.3577752448511707,-0.3578768277442057,0.06773280029028633
0.0790416429369841,-8.27901708408137,0.8948199213441774,0.015167090779132508,-0.015762863786082455,0.7154844730198447,0.6982860877534888,-0.0112056355447997,0.06505556882883767,0.3215278559061781,-0.1579034325710178,0.3048172821146519,-0.7776342596657959,1.0126218232627409,-0.02242510436390592,0.057473306318494094,0.07551254710046187,-0.31800625696282614,-0.2695819810033018,0.6532269901921474,0.8990344633900588,0.045051046026673175,0.12663839644959687,-0.24298352451528962,-0.009685873602896307,-0.17945256942295434,-0.060376500483487514,0.05986854852244867,0.09403459346176192,0.4073235151197804,-0.34728952664439244,-0.07641493329193381,0.004120108077731236,-0.035893739885100244,-0.07457168792788876,0.35943790452557034,-0.35813032066207307,0.06780628528404205
0.07928411919656421,-8.27933625061196,0.8948386206811764,0.015905442224168027,-0.016037327684820756,0.715446810955639,0.6983019989387032,-0.010714144254838196,0.06487783888297548,0.3217939948750452,-0.1574828029200406,0.3057090159706995,-0.7796182444933188,1.0098081582301057,-0.027845435332091484,0.05608216047956502,0.0744858572211253,-0.3164572510588762,-0.26953690261179036,0.6519975331924188,0.9005202672702335,0.043798746010420296,0.12665478156331883,-0.24407474144378052,-0.009623291281252753,-0.17992566089640027,-0.058945105915134716,0.05947027163702685,0.09408581946261682,0.40636582904718277,-0.34605946840880863,-0.07660568141108813,0.00432206567312529,-0.03629346152203502,-0.07442256035499908,0.36093410126534736,-0.35827191123510155,0.06767868946663119
0.07950014251096088,-8.279654547873632,0.8948367410384239,0.016680436502280894,-0.016345781188470722,0.7152915832974827,0.6984357732384642,-0.009976251941921508,0.06483304130315128,0.32197427183615873,-0.15676962014350063,0.30632750740360803,-0.7800813795344828,1.0062193060590274,-0.03221140344628671,0.055490675584369105,0.0741321646848845,-0.31480919348027675,-0.26959986824765025,0.6513748476452791,0.9023650020330756,0.04322897879880875,0.12688030301312173,-0.24475808336451088,-0.009575963248516065,-0.18027135368127806,-0.05711891352760668,0.05905084186041564,0.0944455426699681,0.4051522448002388,-0.3450166228462493,-0.07668540392274123,0.004621396919809462,-0.03670723167707792,-0.07393920331289351,0.3624711627141292,-0.35860075570183414,0.06727658523997722
0.07969017193053533,-8.279920399493216,0.8948634544295546,0.017522973007182238,-0.016672484251417746,0.7150204873585081,0.6986849621563901,-0.008957150134011486,0.06482124430844312,0.32221752044272967,-0.1557995733307404,0.3068063482399617,-0.7794014585946288,1.0018071667114712,-0.03583602014089718,0.055647543560920165,0.07437152395931289,-0.31301667673675077,-0.26970748675572975,0.6511691864955215,0.9045432503571573,0.04321837199970757,0.127475732923515,-0.24495620942972438,-0.009532511751408785,-0.18060430681922282,-0.054825681537832294,0.05851961215947953,0.09512934024819068,0.4035352071895746,-0.3439040278803842,-0.07660956797378789,0.004986254462228095,-0.03722127677996689,-0.07311829360439766,0.3641086081466874,-0.35895583868498177,0.06676038543901248
0.07985717061213789,-8.28006801695026,0.8949075286740094,0.018387870436260997,-0.017036507095028602,0.7147093390833106,0.6989722485720852,-0.0077780190468275615,0.06486328078467345,0.3223735232201823,-0.1546994088972305,0.30706820691997166,-0.7780575257563845,0.9970457281211981,-0.03862259502342449,0.05632699102183145,0.07498474370136607,-0.31089747459762795,-0.26989483623138366,0.6514616834606772,0.9069772050803608,0.04369469444883057,0.12845355160456112,-0.24474103555547144,-0.009474733099299129,-0.18083616163846744,-0.05216791700795143,0.05797489261395727,0.09592585601800169,0.4016517199632391,-0.34277636564888125,-0.07651857106804126,0.005613938031956821,-0.03773069519350976,-0.07220529363006171,0.3655538818785719,-0.35923036404320247,0.06620154935164928
0.08011328274953866,-8.280163896230183,0.8949215287572931,0.019196182605539323,-0.017434712699317883,0.7144513322364011,0.6992044273544739,-0.006891302365215408,0.06502850490066818,0.3222735052615596,-0.15352771537274187,0.30726134257367604,-0.7762742546336054,0.9926985909755264,-0.03970815258845343,0.056581669852958295,0.07554949301228081,-0.3085470447241966,-0.2702170731431177,0.6527806208790755,0.9094679369063008,0.044108394042145165,0.1291709834888443,-0.24437316381645413,-0.009452667945337865,-0.18083366311886792,-0.04960390398394821,0.057620424231029956,0.0965343372988632,0.39999259998309655,-0.34195096125749375,-0.07646286632432063,0.00652696775944257,-0.03804105321401708,-0.07152760317773611,0.36657511215870836,-0.3594236252566264,0.06581476281265174
0.08037629274865284,-8.28006006945773,0.8949603506443992,0.020099872129991942,-0.017932710529993685,0.7141783925653908,0.6994452349012887,-0.005773136466982061,0.06509578209290161,0.32225064641871565,-0.1521446772985136,0.30744269991483164,-0.7739811518796558,0.9878800414334388,-0.04026062516142976,0.05714920688581954,0.07615812117423798,-0.3058739050587098,-0.2705616094118181,0.6548007036745384,0.9123824691637713,0.04495451400933974,0.1300036835868443,-0.2437198863301375,-0.00939892369816883,-0.18070917542176324,-0.04631580823963051,0.05728761226947855,0.09720656911115964,0.39784232708316525,-0.340978320477361,-0.07660888685855781,0.00812239396600255,-0.038286763500470174,-0.0708685380950712,0.3671182745402451,-0.35945821625331426,0.06535564420021867
0.08066096515512641,-8.27997392188339,0.8950184186846938,0.021040812916783648,-0.018509725564831544,0.7138857320440494,0.6997012475587323,-0.004661916493732562,0.06518836229580902,0.3222550786897368,-0.15063245819428056,0.3075401426038223,-0.7708720145334527,0.9827419005247046,-0.04006024166699772,0.05786408960535574,0.07684834220514496,-0.3032360113941332,-0.27097611943773353,0.6577513095804779,0.9156679055563792,0.046253663579287584,0.1306783732382958,-0.24276223546715286,-0.009360039424435708,-0.18047108915250604,-0.042592151898734595,0.05701284239766663,0.09793580784138536,0.39536897145057354,-0.3401573353373298,-0.07687198293724078,0.010161433490136021,-0.038446683372622865,-0.07022354049103204,0.367246396660447,-0.35951854774129005,0.06493646234062578
0.08089900449291035,-8.279774201821459,0.8950965720906059,0.021989698285998453,-0.01911401357505856,0.7136378381563366,0.6999086680459761,-0.0037450135204896437,0.06529737855600966,0.3223325021323907,-0.14908133824337508,0.30752353485762524,-0.7674686493081744,0.9774586875567084,-0.0390155615262044,0.05872974008804798,0.07745870392694618,-0.30045810461460765,-0.2715204278645227,0.661398482491526,0.9190892537163289,0.047895099186545206,0.13135761516010108,-0.24155997461446824,-0.009304817119916693,-0.18023202056391194,-0.03877163756090157,0.056748077612916094,0.09852741467205281,0.39284986591237764,-0.33921056276185996,-0.07725699611221648,0.012481977501262436,-0.03857573757914701,-0.06973340369702365,0.36708791505853505,-0.3593970613481802,0.06440973708911722
0.08111499503026091,-8.279638561147332,0.8951779855220702,0.02285068971355474,-0.019666908998212596,0.7135062581991799,0.6999999129861909,-0.0031512274566803827,0.0654337066123747,0.32234239226851946,-0.14795210164890046,0.3074514572015806,-0.7643399322721479,0.9722769088457486,-0.0371727828435549,0.05958968773840558,0.0780010259402639,-0.29776057332322625,-0.27210095858313743,0.6654920773337848,0.9226216163651011,0.049737766557856083,0.13201324478570822,-0.2401233123145381,-0.009212277272284653,-0.18007327180677887,-0.035408724912154944,0.05650538421927538,0.09878558072949191,0.39053301749721836,-0.3382317532109482,-0.07761583148285951,0.014670603894027141,-0.03867539986106167,-0.06954413676160753,0.3668095071007199,-0.3592467592142237,0.06388367618928845
0.08137152582041048,-8.279679012177573,0.895243764626791,0.02359850835158465,-0.02013710640786315,0.7135483238930124,0.6999188501666246,-0.0030449685784083662,0.0655941879505935,0.3222336513122516,-0.1474101090484545,0.3073507669812858,-0.7615040312863373,0.967280827447357,-0.03440118668492018,0.060398067531332415,0.07849068678087347,-0.29528535599430605,-0.272695403660255,0.6701875007094176,0.9262670120866199,0.05167575492166212,0.1324333928311971,-0.23845300375754155,-0.00909504657470731,-0.18003576751577544,-0.03276507699418329,0.05629882430547461,0.09855913044947304,0.3885772191817379,-0.3373390129751917,-0.07780270042404687,0.016632704813054983,-0.03873135601469589,-0.06978616271543119,0.366422282724797,-0.35922699781720824,0.06348490666226528
0.08163081689151544,-8.279755347913065,0.895294727759854,0.02436158371667458,-0.020598497267352852,0.7137273890212475,0.6996966695004726,-0.003247613354713028,0.06566084903151492,0.32236504288038975,-0.14724475103478094,0.30739702164004923,-0.7588205296243444,0.96157494160847,-0.02832657540136376,0.06183140978427626,0.07907536750936445,-0.2932550604901649,-0.2733020262367146,0.6759053931757496,0.9305470739125079,0.054945415716254754,0.13262601823335815,-0.23553807286753586,-0.008856965533638619,-0.18021348644613652,-0.030266393531247722,0.05604260846151445,0.09790026314294024,0.38663804588838446,-0.3362875313638972,-0.07795294337701475,0.018787304943657004,-0.03880614819862787,-0.07044006335486376,0.3657862058973523,-0.35921550109806766,0.06304892057541729
0.08190452867973386,-8.279785167942356,0.8953684406037862,0.025021229353402157,-0.02104820800538829,0.7139500469267718,0.6994327998561871,-0.0037540812399140073,0.06586917421909518,0.3223677946235621,-0.14741979587225312,0.3071635218822966,-0.7564817825705069,0.9568515314369069,-0.022437444387166494,0.06267449966903789,0.07954379907327758,-0.29107433930686744,-0.27389500959958824,0.6817498702263878,0.9346805819490726,0.05753954834778405,0.1327677343347517,-0.2327835045383477,-0.008696382319535493,-0.1804111569438241,-0.028170108295289632,0.055923201930105006,0.09712795613957634,0.38510621215176366,-0.3353512113629737,-0.07800608530117106,0.020803756874808253,-0.03876009483750953,-0.07118980083591647,0.3651340905173411,-0.3590742233162514,0.06271043280616435
0.08219045065876021,-8.27970979951888,0.895462329051039,0.025656545925723574,-0.0214902834945668,0.714128458622994,0.6992141688719056,-0.0041741262593455,0.06609817772740298,0.3223377828790578,-0.14779535871287813,0.3068241896669047,-0.754554891448606,0.9525879243850857,-0.01689601242788515,0.06324460128391887,0.08009647552268687,-0.2886137575954755,-0.27445390665174924,0.6873921872043297,0.938726450761175,0.06020750762621217,0.13287760087960948,-0.22999217661763816,-0.008505685045704573,-0.18054835731714866,-0.02610947414778532,0.05587914862985937,0.09649860429451783,0.383695315091556,-0.3343588553887688,-0.07814411105993202,0.02273052203797229,-0.03865737213408035,-0.0718183053993372,0.3645775409580347,-0.3588122131691928,0.062304895488226354
0.08261687667055684,-8.279662246591881,0.8955363933337231,0.02626275031008216,-0.021955115880759147,0.7142439818166739,0.6990592072717976,-0.004035657939539644,0.06629293112062648,0.32224334475404465,-0.1486899705588611,0.3066477927759718,-0.7535588421452643,0.9487707162073628,-0.01160373607974271,0.06334273089922601,0.0810735961555532,-0.2858858930450456,-0.27478613381535805,0.6924096590381931,0.9428898980442008,0.06337842671982233,0.13282529551468591,-0.22699591210100792,-0.008257624450617198,-0.18059027264598745,-0.024126502335240146,0.056043782864813305,0.09610075514586594,0.38251873022961475,-0.3335734047067797,-0.07829456664144367,0.02453978254052276,-0.038381525183725215,-0.0722425144513988,0.3641310632242991,-0.3585952621980671,0.062003186090765515
0.08294828445692679,-8.279726557638314,0.8955497697736748,0.0268385705381756,-0.02243175300255636,0.7143373088501256,0.6989268322030986,-0.004066920075232405,0.0665193679827184,0.32212991505287997,-0.14963023210363724,0.30638076809749987,-0.752719976083455,0.9451510644598768,-0.006338936877594946,0.0627558253490832,0.08225403541455269,-0.2832048532656742,-0.27521413066238287,0.6974083055327106,0.947086361552687,0.06732636744258061,0.13253217974878959,-0.22404599293640468,-0.00802121318957623,-0.18060421885417377,-0.022372794568742475,0.0562973566865656,0.09574599342644705,0.3817177803640553,-0.33311118779896726,-0.0788092347572922,0.02620425573099693,-0.038049435945742636,-0.07263917664832376,0.3638285529673981,-0.3586088503816956,0.06144228717365489
0.08323668349478215,-8.279818528959346,0.895562567692981,0.027383719728874562,-0.02287623692977756,0.7144200090668522,0.6988067403242902,-0.004283789973260891,0.0667334127871331,0.32204593616598726,-0.15062982713944553,0.30599547952081174,-0.7519574384312906,0.9417775282739622,-0.0015213995471108222,0.06207447419835453,0.08350462714697715,-0.280701210733344,-0.2755989242804018,0.702651095960678,0.9515088505161119,0.07157180513847834,0.1322994171285186,-0.22099464887971754,-0.007787472101280892,-0.18064380998496368,-0.020796198835510517,0.05650839368718292,0.0954364071737075,0.38104482403502987,-0.3326873221326711,-0.07930254512621661,0.02761176494848238,-0.037782837502436294,-0.0730060358793616,0.36378332545393977,-0.35868663012367097,0.060907978806920525
0.08350290288960817,-8.279914626501064,0.8955633700777884,0.027933109262819174,-0.02321680946065575,0.7144979560064381,0.6986940618239141,-0.00444704169569286,0.06685135006112558,0.32197295215794114,-0.15181437758885127,0.3055600952378619,-0.7515099865732894,0.9385298298920512,0.0022313816395558416,0.06150829855636428,0.08479457439613133,-0.2781127034040842,-0.2758794915095736,0.7073651369631077,0.9560015135780799,0.07595941723350909,0.132141370955036,-0.21790714247224774,-0.007529117073625158,-0.18075248890070086,-0.019460877945851017,0.05651422882522871,0.09514723964642693,0.3804802767010887,-0.3321780746455376,-0.07959922204990108,0.02855137608556252,-0.03775137464669161,-0.0733615934651406,0.3642998790083431,-0.35890043245239767,0.06050432774533858
0.0836769501730057,-8.280079195594423,0.895541675194054,0.028462613574934632,-0.023424638420788436,0.7145681580703611,0.698593954608304,-0.004567947537685936,0.06683743459365674,0.32190693926789443,-0.15318439719197485,0.3050777788419489,-0.751367439272698,0.9352715198530083,0.004361020849569399,0.06090790595238262,0.08609514493880051,-0.2755672528099671,-0.27610463537761887,0.7114444989736234,0.9606749828202632,0.08065005702474647,0.1320070005869089,-0.21483545515472435,-0.007267124375086359,-0.18095936777625354,-0.01852862131599485,0.05623049489597882,0.09487596039341277,0.3801239444503203,-0.33164321324649226,-0.0796356299996054,0.028792728422007502,-0.038050113355989464,-0.07373283445220521,0.3656069890686303,-0.3593669647642471,0.060206977385099725
0.08378459178834427,-8.280238156384806,0.8955029469586275,0.028975599031692695,-0.023516101314280627,0.7146314247439473,0.6985050711399062,-0.004603521513437937,0.06671282515363709,0.321820449146804,-0.1546896261821474,0.30459234382158595,-0.7515743802554945,0.9320432024776358,0.004994498683013905,0.060359148830474954,0.08735469640683025,-0.27308350604064624,-0.2762743787882664,0.7151796286223182,0.9655906526355716,0.08555173876641872,0.13202757791682593,-0.2116918434405011,-0.007000074843630136,-0.18121802525743813,-0.017914996286232915,0.055744885401014944,0.09461685226499662,0.3799410403287339,-0.33102819050849536,-0.07955538981999391,0.028500340984498468,-0.03858509437237177,-0.07411520958470726,0.3675116034976011,-0.3599748014580167,0.05991574763818613
0.0838683955670604,-8.280502409460242,0.8954574453275139,0.02947543864651101,-0.023590230670625493,0.7146858838393799,0.6984259352101876,-0.005031449058949625,0.06665675528615325,0.3217462954473254,-0.15621855233917034,0.30385149398684586,-0.751453006021762,0.9290866214522221,0.004591452335978733,0.05995675841311648,0.08867750934532458,-0.27093415416688904,-0.27635225655712253,0.7189625027993638,0.9707509168302051,0.0905406871553023,0.1319543367516477,-0.20862915062821893,-0.006762281712098107,-0.1815115067677576,-0.01745607954652387,0.05520376758254533,0.09440786073380844,0.379889292928409,-0.33054706812593165,-0.07940534199646287,0.02798891226492064,-0.03919663163953989,-0.0744327883602915,0.36966649846463157,-0.3607422753426774,0.059791152160964985
0.08390839183252079,-8.28083090630854,0.8953870780353498,0.029980302928093006,-0.023673039303068053,0.7147358309746504,0.6983505284364505,-0.005144599050219472,0.06660723119410716,0.32169746738298177,-0.1579876002678157,0.3032110631021882,-0.7519144178022827,0.9261142445030113,0.00395059061003288,0.059246883077615387,0.09001229512838911,-0.268627167108051,-0.2763957222659552,0.7220554469959369,0.9758199321742761,0.09512348784585578,0.13228675769077664,-0.2057203804466093,-0.006484126471703909,-0.1817406122379022,-0.016998113628296955,0.054658382687910886,0.09423674549905892,0.3799028658108988,-0.3302714365129592,-0.07944373640184131,0.02754683676599408,-0.039816859366843094,-0.07465830111366682,0.3717092079116596,-0.3616065892723156,0.05974676445610042
0.08396316304704605,-8.281017114389485,0.8953308630587573,0.03048985392652247,-0.023797251794681125,0.7147611024723846,0.69829837892338,-0.005381463793112184,0.06665528380000793,0.32167833513444033,-0.15958320008996366,0.3024953576819755,-0.7524546010676447,0.9232387871246823,0.0034154930307263975,0.058949791861485426,0.09131374318174094,-0.26624078870810364,-0.276290926417619,0.7250261398801162,0.9808595856839667,0.09900292116873434,0.13311568281574812,-0.20309766360653184,-0.006220165244878833,-0.18190935380158088,-0.016367749915767053,0.05415743253759952,0.09421221473832343,0.37987399327247595,-0.32993176616115366,-0.07953655360171936,0.027336294888883735,-0.04039177850961217,-0.0746450917395537,0.37353717727475844,-0.3622580849969255,0.06000545711450482
0.08393447042472377,-8.281201852250694,0.8952750806365887,0.03099040214744901,-0.02390341405724447,0.7147706696424,0.6982629243988981,-0.005551522255236154,0.06673339376835634,0.3216470174041113,-0.16126682590859526,0.3017331778148132,-0.753326098253455,0.9203737917545436,0.002828429047134235,0.05863815550010666,0.09260090270477267,-0.26392500827618903,-0.2761492376026054,0.7277242766722369,0.985960094420002,0.10219950382193028,0.1344168800216239,-0.20085028494271895,-0.00595065859792648,-0.18202109563730764,-0.01576704586537232,0.053603662667702244,0.09426121278149815,0.379866652699363,-0.3296356029447563,-0.07983163025894287,0.027070645259438218,-0.041031329749748865,-0.0744956674356017,0.3753917955949707,-0.36290719701502955,0.060339745006773055
0.08388367997182969,-8.281379567458563,0.8952184295435016,0.03148407126654292,-0.024030992412487767,0.7147966969508577,0.6982098156630974,-0.005949527796764861,0.06690055564453509,0.3215183072992069,-0.16298669927369638,0.3006922328854022,-0.7541741366226602,0.9179532719891633,0.002232681277631444,0.058453342850273676,0.09394139991638846,-0.2617856248438919,-0.2758541157604851,0.7304320395663845,0.9912541383485706,0.10491132007945424,0.13600435024646007,-0.19871328732394852,-0.005693666282741454,-0.18208292762200853,-0.01516378304026427,0.05306529477623441,0.09426323523078572,0.37991552718108756,-0.3294027837777232,-0.08011783426692845,0.026904628555287937,-0.041653348699769346,-0.07438364056083739,0.3771364470578563,-0.36353067143476986,0.06069991975918744
0.08383894367763682,-8.281524490048405,0.8951597609481975,0.031981098628728055,-0.024195823861888042,0.7148691806283389,0.6981073169835066,-0.006420430150475662,0.06711366961975548,0.3213821106464119,-0.16480180157488014,0.29954560913756234,-0.7551855020955501,0.9158788963138413,0.0018054912049211352,0.058160836734350185,0.09521486458765763,-0.2595358944567456,-0.2754832317609398,0.7326781738925945,0.9963766221235216,0.10745709552879557,0.13776572502988874,-0.1962207258387387,-0.005423104137849908,-0.18212701709637405,-0.014510721898582416,0.05256653020027778,0.09408620237067429,0.38001561145254265,-0.3292204142305448,-0.08027801555620677,0.02700335419238402,-0.042217649226229836,-0.0744953065301633,0.37862293945454606,-0.36412229110512423,0.060941588277404146
0.08379215303682026,-8.281614062573865,0.8951235813389571,0.03247558241227509,-0.024421236393381916,0.7150028219912611,0.6979397569307354,-0.007094279186573754,0.06739591731387806,0.3212946401096022,-0.16656642638749802,0.2983922425420396,-0.756319751480149,0.9140139662273351,0.0017484008333765832,0.057724391465821784,0.09633111941248536,-0.25729531272384176,-0.2750985629176132,0.7346654835468827,1.0014009831484054,0.10995324202811267,0.13954269923673732,-0.19314758386856565,-0.005151451632355536,-0.18214613667096194,-0.013786897400180893,0.05212424135017316,0.0936696763987531,0.38016172625388395,-0.3290207209001229,-0.08021163290158081,0.027459754211941797,-0.04270129313918366,-0.07491022835267759,0.3797561902021033,-0.3646085527444178,0.06103611060625986
0.08377952090110241,-8.281643819345856,0.8951137115052785,0.032970788888797266,-0.02468636074651817,0.7151767724185091,0.6977289551582233,-0.007904177947667977,0.06771624918413298,0.3213171420268227,-0.1681744214530949,0.2974759743830661,-0.7575581225260902,0.9120181520078149,0.002054288896948581,0.05720468152825183,0.09726904282671348,-0.25497329973496685,-0.2747703268965133,0.7362943449974204,1.0061075227487477,0.1123989486919248,0.14118431286846728,-0.18954197883374835,-0.004886850693249188,-0.18214373512804866,-0.012990218890401108,0.051726550123155746,0.0931090118377945,0.38031912586456385,-0.3287864943476244,-0.07992871111451656,0.028183908618014578,-0.043120199439172356,-0.07550416476057116,0.3806030105544851,-0.3649541751970097,0.061112821128045273
0.0837384452478519,-8.281686712205405,0.8950939621145734,0.03345381904302861,-0.024953317355458218,0.7153836840171378,0.6974843070539013,-0.008804108644968965,0.06801180229529848,0.32129586141545347,-0.1696383540454579,0.29667483168048586,-0.7587631729796737,0.9099734723377327,0.0025043402086318326,0.05647255827472845,0.09805799213688396,-0.2525923657792834,-0.27451946081647843,0.7375132635191975,1.010420088801264,0.11482924828874974,0.14297932186858844,-0.18549004240173297,-0.00462666706803911,-0.1821076066200505,-0.012204398542369871,0.05132852693963031,0.09243526831322736,0.38045020850875305,-0.32859135216875973,-0.07968089635835549,0.02900279002160847,-0.04353012965919502,-0.0762211455262696,0.38131000265312665,-0.36533503353840274,0.06111105081449234
0.08362183850077512,-8.2817156737988,0.895081969243251,0.03392460256584735,-0.025185762290154942,0.7156121564442467,0.697218789382377,-0.009661955784931446,0.0682574514258216,0.3210007901288697,-0.17131764888194934,0.29537147947490244,-0.7600359312762399,0.9087744215371245,0.0028201335071733158,0.05587339355625616,0.09872920635353007,-0.25033234527246556,-0.274103115640508,0.7385512018041982,1.0147321866525059,0.11704609839423911,0.1456088854443671,-0.18093753139994412,-0.004365615511663438,-0.18205110877377834,-0.011362949799340874,0.050878333327619416,0.09169325395353324,0.3803304349205782,-0.3282834172680606,-0.07969555686785887,0.0298475587388724,-0.04397005834517752,-0.07700000486722128,0.38188320531420883,-0.365681910452564,0.06092731837166652
0.08357705574952654,-8.281766844807764,0.8950808457663227,0.03439368597051818,-0.02541358510441125,0.715866502839914,0.6969263764338761,-0.010377624539068719,0.06834237475891597,0.32079421487224696,-0.17322659807165883,0.29412579437640607,-0.7613125606361052,0.9078255728426792,0.0027586139650759506,0.05515740892590688,0.0990839206139118,-0.24811510125108666,-0.2735761501392149,0.7389361964879012,1.018460200988851,0.11907377558303729,0.1487623524161121,-0.1753885000820854,-0.004095711151249731,-0.1820859389691336,-0.010405740658534253,0.050438396473601134,0.09092543683577867,0.3799228131372157,-0.32790881454603743,-0.07972510545066398,0.03077367835465625,-0.04438227610157348,-0.07779101457169749,0.38233025863005066,-0.36605991062133764,0.060871899048144044
0.0835039864288125,-8.281848858855415,0.895097042177313,0.03487624677441384,-0.02562886227562027,0.7161494313473105,0.696603761696928,-0.011032402746709035,0.06829635040007981,0.3206709488580731,-0.17524095288805908,0.29292528257890926,-0.7626384283511661,0.9070067573725026,0.0023808614868556614,0.05413898723590315,0.09901424197590392,-0.24602470498607373,-0.273105610096108,0.7388394175967112,1.0216598497314235,0.12095742278239663,0.15245923579258758,-0.16898187998081526,-0.0038265963465119925,-0.18219728274854627,-0.009331336788791186,0.04995858643368658,0.09007259238499202,0.37924575429149926,-0.32745676268946683,-0.07993799675207394,0.031792565675396046,-0.04481693496671968,-0.07866602218242547,0.3826441761823206,-0.36646548995502953,0.06069848948213629
0.08342521457849839,-8.281852068496855,0.8951396133877839,0.035366940424208376,-0.02584162479540407,0.7164525332835328,0.6962594038895069,-0.011755250451218465,0.06814646662758733,0.3207701624641676,-0.17691495494111886,0.2921406147773745,-0.7637723973053987,0.9056446557318326,0.001982473036424285,0.05297824318063371,0.0986334443258802,-0.24389787658684062,-0.2728388433773712,0.7385814937169244,1.024119466769069,0.12275073338289211,0.15636051088164163,-0.16216633872970673,-0.003581922360843084,-0.18238100701984516,-0.008147864413588442,0.049449320930606465,0.0891699693626919,0.37839955024511673,-0.32683805962412255,-0.08014127367018523,0.032942447886862465,-0.04525768987651169,-0.07958819211912989,0.38279206451917797,-0.36671625847367006,0.060533311429038936
0.08349099293102355,-8.281735443238425,0.8951993202087808,0.03583098393240882,-0.026040931666461244,0.7167671142430192,0.6959043859670033,-0.012320317314554838,0.06803011840207637,0.32058543556130653,-0.17873899757630834,0.2910024797404673,-0.7650488759539534,0.9049646654408453,0.0018358018644854777,0.052647659596927326,0.098708701370885,-0.24174136935559223,-0.2722512040722796,0.7385012662878748,1.0267943327116107,0.12437282337043187,0.1603837479820981,-0.15563884142963072,-0.003321622503930507,-0.18249829836449522,-0.0069670398403433795,0.04898825922044283,0.08828682018077566,0.37750181446044834,-0.32606157970454763,-0.0799497140582144,0.03417098516109536,-0.04563617901961571,-0.08048709235797809,0.38276101242360383,-0.3667474989336724,0.06075189268256173
0.08340308240319778,-8.28172747948183,0.8952358869014326,0.036287698413988025,-0.02621646303829329,0.7171062578153042,0.6955246329294938,-0.013012525703451162,0.06789020597084663,0.3204369663507882,-0.18050728415281087,0.28971664551598764,-0.7662170810680579,0.9041337647510514,0.002263136761237561,0.05206045896569998,0.09930902195562268,-0.23989746585014204,-0.27181143156546195,0.7388750273932064,1.0293978929715604,0.12591896120988627,0.1643425210734951,-0.15018751494800267,-0.0030865089165789806,-0.18261039596203615,-0.005904389337124796,0.048434405214849895,0.08731000239464339,0.3766638799465246,-0.32542300448626094,-0.07993899097240542,0.03535900110673276,-0.04610510323533941,-0.08148092288737388,0.38267503614052467,-0.3668926177337773,0.060886106652409275
0.08331007519303602,-8.281771191421772,0.8952696712610055,0.036752492664676895,-0.02638773111063396,0.7174698396675173,0.6951186741105666,-0.013765276254235908,0.06772264580071827,0.32036657286385356,-0.18223861781467426,0.2884414672559958,-0.76730108718242,0.9032790239963551,0.003225970753128375,0.0515331885663289,0.10043150735181315,-0.23815527445097276,-0.2713207721538453,0.7395348573561812,1.031831923743544,0.12722436621351632,0.1681742446122252,-0.14550936869829884,-0.0028601111246544307,-0.18276641051230155,-0.00485796851681596,0.04785361150140187,0.08626967305725754,0.3758005573618705,-0.3248145107036497,-0.07988782684518923,0.03661441512752517,-0.046589976466917433,-0.08253784373504629,0.38247584139326596,-0.3670781298606814,0.061128858787958984
0.08324228096675451,-8.281738402752755,0.8953096917900469,0.037202496378074344,-0.026568169463291193,0.7178258266884374,0.6947202236682547,-0.01450385656065421,0.06753786733340177,0.3204391719360495,-0.18363881781470312,0.2874524009469738,-0.768237526445037,0.9019826829157159,0.004399324093955048,0.05112438945455179,0.10169856014676026,-0.23633078677080274,-0.2709040500038369,0.7401861008587636,1.0338152412623873,0.128225301310324,0.1718768912437208,-0.14093093240832744,-0.002653192129209366,-0.18296370209760085,-0.003786500160628847,0.04729341538755445,0.08526467004303372,0.3749197375049706,-0.3241179688066128,-0.07970220097757576,0.037908618921351805,-0.04704727690406694,-0.08355297324940097,0.3821982340166913,-0.36709700432179887,0.06146659127414848
0.08318707763557123,-8.281763962343328,0.8953557986527884,0.03762238437594899,-0.02673792899948058,0.7181476533235639,0.6943583997998042,-0.015191782271326143,0.067417786597949,0.32033689943651855,-0.18502787611745886,0.2861965989384412,-0.7689484313554452,0.9010862065855789,0.005194321461720687,0.05094207661375296,0.10296533037230968,-0.23485558278228197,-0.27033324684636423,0.7408099319134703,1.0359970374714673,0.1289997581102656,0.1755288991256881,-0.13599462569964868,-0.0024660088987062847,-0.1831339938462913,-0.002791214317277626,0.04677451439138987,0.08434685950045459,0.37405908592137094,-0.32348636655966095,-0.07953959331113149,0.0390349697011487,-0.04746972781752726,-0.08447609400664097,0.38200309049531705,-0.36711096580535746,0.06171848849350781
0.08308006715072266,-8.28179145569434,0.8954095413119155,0.038004653820182546,-0.026924268620917124,0.718433154683486,0.6940349647523315,-0.015822031429591262,0.06735543750291505,0.32029491507364616,-0.18614630811754884,0.2849870142622135,-0.7693827601301245,0.8999688635665627,0.0052365803507997384,0.05067042332628664,0.10380954528623257,-0.23357308405954216,-0.26989519785725163,0.7410615367619408,1.0378832689659132,0.12961674416045604,0.17901847207512864,-0.13020189622943842,-0.002306743181474649,-0.1833310697023763,-0.001841611905706165,0.046298305324699356,0.08351081645241144,0.37325131789956345,-0.32288242585155946,-0.07945743033655797,0.04007482531712499,-0.0478479376955506,-0.08530094938384088,0.3818359039546917,-0.36703450761479123,0.061731842637921315
0.08298782982397546,-8.281866081810964,0.8954290865026795,0.03834043858583619,-0.027106350685286613,0.7186992613923261,0.6937338309436091,-0.016404492763201852,0.06734547722871989,0.3201678753558482,-0.18704898345291399,0.2838134938366105,-0.769528022352061,0.8987708301712083,0.004576908369535945,0.05043467241994444,0.1043912789044696,-0.23246554842190265,-0.2695366768670048,0.7411318630814073,1.039506594949697,0.13013874455702226,0.1821992668737098,-0.12371407460128454,-0.0021717308653626975,-0.18350076637113819,-0.0010365685677473598,0.04587615273958418,0.0827371786530569,0.3725669382981671,-0.3224194660068858,-0.07933749448913978,0.04093864065812391,-0.04817908428382801,-0.08604850528412122,0.3817705065270219,-0.3669843724450242,0.061700265174836184
0.08285843532742046,-8.281952518853787,0.8954603953293746,0.03867024380527226,-0.02727782227319616,0.7189281694269327,0.6934715710542944,-0.016894880508275173,0.06735898957734604,0.3200816555003517,-0.18781552032765783,0.28260970747375835,-0.7695422439744298,0.8975638874892089,0.0035655419247792998,0.05023277187831817,0.1047504002550822,-0.23150226524254044,-0.2692667910664369,0.7410434022128545,1.0409179026049795,0.13075153887208132,0.18517645546629688,-0.11696801789170948,-0.0020555246051961952,-0.18368426695781964,-0.00023832082301255268,0.04544100095813298,0.08204773712793181,0.3718712649984125,-0.321944582259533,-0.07929122396903225,0.041730098463585434,-0.048531452605606436,-0.08672158413066897,0.38172563301759416,-0.36691278038869696,0.06162312531547728
0.0827173619603482,-8.282033227468858,0.8954849496232188,0.03899321255274259,-0.027436864175032192,0.7191104647230119,0.6932581679179194,-0.017239563349730834,0.06734024819325651,0.3200591082845894,-0.18836433679997452,0.28159369625388103,-0.7695164087004154,0.8960985109595189,0.0026460703248907106,0.04987259957075327,0.10507742856247965,-0.2305804136816708,-0.26908610409315636,0.7409335292355554,1.0420406764644028,0.1315884571154032,0.18790366661741684,-0.11047769171473443,-0.0019581040606768785,-0.18387541082636802,0.000577971573144468,0.04497389628494431,0.0814932958779762,0.371155922030736,-0.32147654594133374,-0.07918635171349832,0.04244718349275794,-0.04892687242274261,-0.08729934278502152,0.3817152267288366,-0.36685998650959356,0.06174256675751137
0.08255552204035552,-8.282127117695165,0.895520512878427,0.03933177108285206,-0.027572639870035442,0.7192286039542041,0.6931110853017493,-0.017421023172346742,0.06731737623844902,0.320032617425212,-0.18888226143778686,0.28045656211131764,-0.7694776347147912,0.8948003138034036,0.0019910601900980525,0.04944141084610585,0.10559177761563684,-0.2297208758965084,-0.2688940894780764,0.7407728385551545,1.0430377419287362,0.13296020525354307,0.1905046675024886,-0.10446582916017576,-0.0018659461196966487,-0.18407114566164776,0.0014772395191441285,0.044450020722299755,0.0810972516949532,0.37032511218130426,-0.32096559960518367,-0.07910921764413972,0.04310762455602368,-0.049399096317349234,-0.08779768239725289,0.381702057369323,-0.3668336030817092,0.06208730843191387
0.0823674757550931,-8.282195811733375,0.8955653870844336,0.039636205144123283,-0.027687234062074306,0.7192895863827767,0.6930258864090558,-0.017440578565156392,0.06731709574764226,0.31990908974723503,-0.1892369480027088,0.27930040415674523,-0.7694346121699712,0.8935200909780787,0.0017005251726646164,0.0488949181888511,0.10599802390908925,-0.22871167766663328,-0.26872470860169345,0.7407277662531253,1.0439683356084788,0.13386284920397776,0.1923302306298352,-0.10087323643373053,-0.0017889435865043257,-0.1842069625629645,0.002326365347112627,0.04391738390705009,0.0808762311287344,0.3695229725343756,-0.320475777583527,-0.07901209063569818,0.04364131167320168,-0.04989035566429339,-0.0881617317067218,0.3816991881543431,-0.3667515798727489,0.06253858442722598
0.08223066494032195,-8.282324061362951,0.8956110611590561,0.0399807210862807,-0.02780899157808929,0.7193328928386186,0.6929562693339705,-0.01739519152184976,0.06722138089818325,0.3200600784873097,-0.1894815697139173,0.27841459753790837,-0.7692677110363004,0.8918844275489061,0.0013580379923997942,0.047955768010795166,0.10684065239085644,-0.2281427302738499,-0.2685680161188167,0.7403735686735585,1.044434568907114,0.1360316484013786,0.1949875734113765,-0.09424623942334132,-0.0017244800579173502,-0.18446217057036274,0.0033582347107459836,0.043339347584590765,0.08069338087685558,0.3684661215371918,-0.31988889287359573,-0.07877511877009408,0.04421415824036916,-0.05042780820547988,-0.08850299461703656,0.38171036025681016,-0.3667553229372172,0.06326426131095716
0.08201228047904316,-8.282382149783194,0.8956545482100442,0.04029827205047023,-0.02791261912647508,0.7193654536727151,0.6928999054881549,-0.017305597864476715,0.06713232628089696,0.3202231274162739,-0.18939539555278548,0.27772707061686386,-0.7691138798759096,0.8899801141413581,0.0013746322368263124,0.04681972392908321,0.10731340998299872,-0.2274601452855239,-0.2685624560725226,0.7400600800835245,1.044754303121289,0.13747264105669788,0.19719082011957148,-0.08911905855391189,-0.001682457563828863,-0.18467003000234664,0.004274298833733741,0.04276063043207657,0.08055157554629351,0.36759198406518234,-0.3193373790230056,-0.07866299258731771,0.04470271025378875,-0.0509647401168077,-0.08868927304622232,0.38179435621054103,-0.36669941010759544,0.06364725924110753
0.08179746897185564,-8.282555814606093,0.8956784821573448,0.04055841211212546,-0.02798275037280708,0.7193933843891167,0.6928528988073062,-0.017201903259730842,0.06709558242169225,0.3201618529018634,-0.18933371820149186,0.27693647994516274,-0.7687918684770884,0.8884481723489948,0.0016044691124945565,0.0459984497119059,0.10749345156622125,-0.22669013228597726,-0.26852854055008796,0.739805712646517,1.0451342344998378,0.1376262812726896,0.1983080162937533,-0.08676657852186045,-0.001644657929056168,-0.18474151235397923,0.004934166123499919,0.04222594958144125,0.08047428303446581,0.3669121929742078,-0.3190405657221859,-0.07854124098138339,0.04494836357188542,-0.05146060720519112,-0.08866237843176686,0.38203684109465047,-0.36683789993276494,0.06385017560293535
0.0815828892428604,-8.28266394787521,0.8957061606898057,0.04081993989870624,-0.028050113184055484,0.7194090398790396,0.6928185599400069,-0.016971187782100442,0.06698034711011122,0.3202568827246504,-0.18894602903692037,0.2765054826470778,-0.7684290561133118,0.88650355409239,0.002157860699799149,0.045172097127447186,0.10750843792484965,-0.22596517724914153,-0.26851862346503097,0.7395165759010525,1.0452626501125757,0.1371429716854973,0.19945327342638405,-0.0844609136721218,-0.001622618586052685,-0.18481896869635586,0.005667649636257992,0.04166621393053213,0.08044814274528934,0.36617317198504934,-0.31866110524901237,-0.07831098382148816,0.04519186518095367,-0.05197184211539892,-0.08848784617266592,0.3823380555154134,-0.3669428683204631,0.06403264896544358
0.0814058340942796,-8.282660442516358,0.895741218918307,0.04107613202741342,-0.028114611871689964,0.7194124635440432,0.6927972483161723,-0.016834194451110174,0.06691819130599957,0.32030876137453806,-0.18839224015844763,0.27596074627188816,-0.7679385590910958,0.8848918478163895,0.0029045191753323254,0.044721057413085755,0.10742896615126704,-0.22530452472556264,-0.26844486331856227,0.7392689298098025,1.0453325783851102,0.13616489590582795,0.20053688762747926,-0.08239277974608504,-0.0016162626209580038,-0.18489240142607874,0.006415198026478898,0.04113614831006118,0.08046031495258119,0.36545510984983737,-0.31815314207012696,-0.07800100649244894,0.04546149404361259,-0.05245594796189976,-0.08825241743687891,0.38261961285804647,-0.3669078676088087,0.06422714216186073
0.08121221843444193,-8.282716323951258,0.8957813756587153,0.04128946312261173,-0.02816541811942536,0.7194181269072357,0.6927766221044755,-0.016707889179218772,0.06688315308802295,0.3203046499241249,-0.18790585587594968,0.2753964381503514,-0.7676369186530748,0.8835195857661278,0.0036348277916683947,0.04421380651980282,0.10736026634272329,-0.224848614308798,-0.2683823448897283,0.7389239800200491,1.045370254992589,0.13497289271625282,0.2014985509958765,-0.08059652896191763,-0.0016126121681753207,-0.1849515327607309,0.007006971594557436,0.04063058755533911,0.0804595921876862,0.3648158534766304,-0.31770616226072745,-0.07772765028871279,0.04564207282161168,-0.052922987161028306,-0.08810747005766423,0.3828403850290601,-0.3668602845717315,0.06444879718621468
0.08097966415426613,-8.282847641576891,0.8958154522456092,0.04147773558618329,-0.028205765240337043,0.719428357063237,0.6927531099252746,-0.016597372315863057,0.06687692305605453,0.32027393472798754,-0.1874497352519934,0.27482731998406335,-0.7675827513287915,0.8824096452524324,0.004252735658793459,0.043396213929507044,0.10743471019405686,-0.2245390499781316,-0.268353968076175,0.7383778541927708,1.045296193431349,0.13381100940447527,0.2023496661986704,-0.07904992031747843,-0.001614248583943762,-0.18500993651177314,0.007425333548120883,0.040133832618323304,0.08041115201919281,0.3643086270437065,-0.3173262175083881,-0.07758423389055644,0.045768353511859254,-0.053404039889159566,-0.08812706227908045,0.3829966432871906,-0.36683713417105446,0.06466777973984765
0.08072500962581217,-8.283005151892352,0.8958436017414007,0.04163324458584392,-0.028247229093060183,0.7194422648861926,0.6927276481339861,-0.016466624035006233,0.06688607845802814,0.32024833184531937,-0.18695798739839956,0.2742916225076836,-0.7677535239421684,0.8815151080640878,0.004774120852947752,0.04228959858917561,0.10766505222988428,-0.22434031233769788,-0.2683242490044511,0.7376780473039307,1.045148046740457,0.13267374795455783,0.20311013026577993,-0.07772596017945942,-0.0016252788339535577,-0.18507578435040492,0.007727251420022332,0.039652748123755514,0.08034266431820429,0.36389546789777477,-0.3169915951390599,-0.07745670848472422,0.04583845496861479,-0.05388257386919902,-0.08823787241340951,0.38314303092804036,-0.3668057925110003,0.06493238793667422
0.08050669804988868,-8.283175689737853,0.8958605802153432,0.04176908672247232,-0.02829048545361062,0.7194523989730358,0.692707180155592,-0.0163546498141131,0.06692156138155404,0.3202394311161798,-0.1863939184086735,0.2738526178674116,-0.7680354377775342,0.880821319192875,0.005128465412378494,0.0410791119855052,0.10795151712777175,-0.22419322973240915,-0.26826363290540595,0.7368069927995955,1.0448451949213784,0.1315651580137628,0.2036863211967306,-0.07666881788747403,-0.0016439206970831322,-0.18514354653881737,0.007925075649470826,0.039234193382581384,0.08028731261109431,0.3636247171443088,-0.3167336604944485,-0.07729765743839395,0.04588557191859809,-0.05430669812427879,-0.08835058731659115,0.3832550070174761,-0.36676341581625327,0.06526277941178563
0.08033459265813965,-8.283288541506414,0.8958795797603023,0.04187604160306776,-0.028345845730187964,0.7194505274092995,0.6927004033346434,-0.01649348248875001,0.06697891502863786,0.3202959471876805,-0.18549026272396166,0.27366436185252957,-0.7681405513754055,0.8800652806174541,0.005215107957565735,0.03997001393501495,0.10805403875739467,-0.2242201288549215,-0.2681925008224023,0.7361872106197951,1.044448480521754,0.13037118612022855,0.20409179304363972,-0.07590917702752209,-0.0017149456931827292,-0.18521724317538338,0.008053363643513294,0.03890796265983635,0.08028064759784184,0.3634897813287432,-0.31647877926342305,-0.07703666845864313,0.04593677476526572,-0.0546347718538832,-0.0883756314102381,0.38331611706426866,-0.36661671653933986,0.06566918529229007
0.08015530958137643,-8.283403027180446,0.8958978863761973,0.041944218215164066,-0.028412456130512225,0.7194421653505138,0.6927022344490545,-0.01619688281344898,0.06710233866565088,0.32026900046982404,-0.18493202116206595,0.2733438067707279,-0.7687405255261132,0.8797801612729663,0.004806548882922636,0.03910302654748996,0.10786414457569908,-0.22398478240924383,-0.2680729926075192,0.7347072576674362,1.0439812565730653,0.1291161731285751,0.2044801055503617,-0.07559247940233739,-0.001709391844702981,-0.18527155312011334,0.0080670574298876,0.03866407963263785,0.08031095695099574,0.3635225426748174,-0.31632480587493567,-0.07675956424637902,0.04600012058400246,-0.05486829762122934,-0.08831284958053769,0.3832572048753461,-0.36643616108419697,0.06612512822852458
0.07995660515013271,-8.283548632852805,0.8959183847343292,0.041968712505022224,-0.028486926635016833,0.7194223385018302,0.6927182840420184,-0.01610843433073091,0.06727342266552948,0.320227439940368,-0.1842434971328518,0.2730754762651336,-0.7692423431974155,0.8796660689802083,0.0038918800619372174,0.03841924229759183,0.10732042164400155,-0.22398497701412617,-0.2679647487842443,0.7333459108562714,1.0434860036964921,0.12775798482835565,0.20472721866673824,-0.07576170836028003,-0.0017547652173961438,-0.18531504379007713,0.007942378125985966,0.03849660822481481,0.08038134509439677,0.36372162637719047,-0.31628776923213553,-0.07650061328631512,0.046034059600511684,-0.05502305029615373,-0.08818328797040922,0.38310587842025345,-0.36624018186029067,0.06660891192452353
0.07976207843579614,-8.283727203539947,0.8959293767563284,0.041967773716953774,-0.028564084479541785,0.7193935904256574,0.6927450188211881,-0.015844306255979792,0.06747325521931814,0.32012914218191874,-0.18369216255564205,0.2727722640755847,-0.7699856747888956,0.8799351697554526,0.002581814133580479,0.03786712901885336,0.10657019085321469,-0.22395153505764934,-0.2677955183409167,0.7316719527712273,1.0429294088316008,0.12638786876258098,0.204943174204973,-0.0763450850695236,-0.0017737033154578163,-0.18533743024226837,0.007725304496150291,0.03837367401865954,0.08047863191563975,0.36402802071178764,-0.3163407189883573,-0.07622041934593737,0.046006741651819574,-0.05513477143301682,-0.08801735835277634,0.38296775262338334,-0.3660584410806682,0.06705055100635199
0.07955072024967921,-8.28390727827166,0.8959461637590521,0.041967742849016755,-0.028641336246678403,0.7193467637550827,0.6927904559773117,-0.015683508736859576,0.06767616728671438,0.32003547807973765,-0.18301662198056065,0.2724788221139353,-0.7707531640713854,0.8805057376001891,0.0011432484734744403,0.037339664307887585,0.10574333488918913,-0.22409098870391062,-0.2675971789399007,0.7301571931114332,1.042343417871981,0.12514104702788242,0.205210625255567,-0.0771752736683811,-0.0018270432156376334,-0.18535829671438575,0.007514357358445737,0.03824939263813311,0.08061137196306664,0.36434957862339246,-0.31638920873502624,-0.07596424047468396,0.0458836990405442,-0.05525813904093842,-0.08781701824185911,0.3829683344263805,-0.36584717315172977,0.06727246880965727
0.07936721336920795,-8.284073464521496,0.8959554909091987,0.04196948991752782,-0.028718072055031522,0.7192839051404886,0.6928524359914975,-0.015715667824355656,0.06789352409764188,0.31996181324106693,-0.18208111057304824,0.2723126978165081,-0.771455919893911,0.8812642376594082,-0.0003354969509191,0.0367563200324542,0.1049769806778995,-0.2244472305404592,-0.26738554038717877,0.729016390616495,1.0416599065500571,0.12414809835977991,0.2055654252466589,-0.07812068483018553,-0.0019117289250196593,-0.1853753131239677,0.0072802320864331456,0.03814791076212293,0.08077373713403722,0.3647354911985509,-0.31641638759285223,-0.07565975937863482,0.0456407297908019,-0.055370868376115,-0.0875813953071831,0.3831746503192964,-0.3656174210768933,0.06720972932027061
0.07918387727341716,-8.284210494976133,0.8959633150309942,0.04195541146432041,-0.028802797107725056,0.7192063510424311,0.6929302756755985,-0.01574620302387117,0.06812799708211244,0.3198886954377857,-0.18102668605038993,0.2722100994639249,-0.7723184325738135,0.8822649392287154,-0.001846012906970166,0.03611194886578184,0.10427826057974347,-0.22489054919466728,-0.267144435824569,0.7279206751033038,1.0409090618599197,0.12344376179520702,0.20612394783273602,-0.07915397122405606,-0.002004848070655847,-0.18538791070207228,0.007032159418048307,0.03807327155452346,0.08097272040608769,0.3651801580879705,-0.31644546404350987,-0.07530094467067291,0.045313265090521006,-0.055462411159701325,-0.08729949297603579,0.3835113677899157,-0.36534319387954206,0.06693410427835397
0.0789758633991809,-8.28436654092189,0.8959551399063623,0.04193862297437708,-0.02887070813639158,0.7191157289243794,0.6930225122810035,-0.01571206819273763,0.06833279136108461,0.3197748013461953,-0.17994363838413713,0.27212450136134153,-0.7732992597199818,0.8835221447106826,-0.0032123762494307177,0.03539544988788049,0.10364475133573076,-0.22542103591964816,-0.2668887982817824,0.7267427227202309,1.0401084582693718,0.12292592628061123,0.20680500702280982,-0.08025269028109305,-0.002101853704762026,-0.1853787731581093,0.006753545908852077,0.03797785240790404,0.0812002487493256,0.36562788232938126,-0.31649841510697974,-0.0750060478978831,0.04490235074294334,-0.05557965022602534,-0.08699205472960732,0.38391925344978267,-0.3651093484470102,0.06655599403695701
0.07876793650652572,-8.284525269243865,0.8959482138750402,0.04192365760746949,-0.028927995311067944,0.7190140706848382,0.6931264994049151,-0.015401028220283483,0.06845294180857682,0.31962815029676434,-0.17902838767747614,0.2720316014881983,-0.7745354803377682,0.8851323853638738,-0.004142248395823159,0.03471389364831017,0.1030566494114681,-0.22587338921023095,-0.26649491003936226,0.7250922145175459,1.0393311281767197,0.12242393520444143,0.2075200142349769,-0.0813578685008587,-0.0021782709340990745,-0.18535717713565839,0.006550499422724296,0.03784352721456989,0.08147594665932666,0.3659344625390024,-0.3165451501441217,-0.07470396556956257,0.044533957443766405,-0.05573316782776262,-0.08665774429421932,0.3842379619828478,-0.3649082849024779,0.06637783776640993
0.07852114100097776,-8.284671564326855,0.8959381093980665,0.041922982737377,-0.028959630066693248,0.7188963245889415,0.6932473424668226,-0.015164896164767485,0.06848609704370642,0.31949099692838906,-0.17803785628492003,0.27193286347875345,-0.7756246065772596,0.88693968273126,-0.004306488697666146,0.03407773713752198,0.10247438955191941,-0.22643743885722956,-0.2660527568385839,0.7233607795993449,1.038569869854225,0.12181355213273506,0.20812684672329748,-0.08247135996654799,-0.002282595295913573,-0.18532778648815582,0.0064329705242315285,0.03763210772923679,0.08180123523895927,0.3660736712599764,-0.3165396792346793,-0.07449885236029259,0.04422504023665619,-0.05595643012084536,-0.08630463895049782,0.38441101285826706,-0.3647029611841464,0.06640254025095162
0.07831281535752539,-8.284790731875685,0.8959592051289345,0.04191824091858234,-0.02898414944219678,0.7187678396529278,0.6933798185987722,-0.015073724605815384,0.06848028135667528,0.31941406555741764,-0.17696838327050352,0.27188508742724565,-0.7764565666165055,0.8889392574750711,-0.00366317187601104,0.03358406083878983,0.10191489075814522,-0.22715776278581568,-0.2655931395006313,0.7218112641618142,1.0377854656575718,0.12098683180669594,0.20851082005802699,-0.08351867043085329,-0.0024103360018907114,-0.1853001153629873,0.00640877460202338,0.037406181945428225,0.08218130371450626,0.36602776932523257,-0.31643208348929475,-0.07420345644021994,0.0439859803319803,-0.05618723416570846,-0.08592028995248906,0.3844299342922465,-0.36441535839015665,0.06671102591537444
0.0780914846010618,-8.284925305650614,0.8959651117798623,0.0419266717048836,-0.028988554323318122,0.7186239662422914,0.6935282352292458,-0.014814445234407428,0.06839276946772029,0.31931361149172244,-0.17598499174297674,0.2718992992946605,-0.7773732600723259,0.8911197837779157,-0.002457680585204309,0.03304972545300723,0.10137570498762676,-0.22787812645567088,-0.2650797140065583,0.720007673662704,1.0369798519968212,0.11997695037706103,0.20883609098784844,-0.0845669679336501,-0.0025165501217707066,-0.18526662644882466,0.006434515416010608,0.037138527715760004,0.08260447547508962,0.3658892083288261,-0.31632966170141413,-0.07398424865593595,0.04371879905458893,-0.056460467327142355,-0.08550902764721995,0.3844828176550235,-0.3641988789214672,0.06700717692302191
0.0778818415699647,-8.285117055319999,0.8959753372617811,0.04193254334369969,-0.02899824332636271,0.7184603746336379,0.6936969466373667,-0.014656434559643187,0.06829244994202534,0.31924449756414813,-0.17495179956733004,0.27194896673169566,-0.7780062103599961,0.8935069358950395,-0.001112106192880779,0.03258481732799652,0.10080906648994407,-0.22870734809013732,-0.264591564578242,0.718231072076845,1.0360403793092101,0.11881753340394255,0.20894407960419037,-0.08558548018601037,-0.0026440689303222674,-0.1852491058450187,0.006519524612562352,0.03687411481226295,0.0830899490808924,0.3656431605714369,-0.3162715597155503,-0.07376252544066873,0.04338766508359514,-0.05673397536377696,-0.08503917154322103,0.38460438448717954,-0.3640445106919046,0.06724455860456252
0.07766737458911281,-8.285228104966482,0.8959847449606233,0.04195027586283859,-0.029014349776547023,0.718268746142209,0.6938936158932245,-0.014407657478552615,0.06815894171611744,0.3192098385664826,-0.17380486473344395,0.27204625341364297,-0.7784997219128561,0.8960942155731835,0.00010614987856178825,0.032325722976441165,0.10008561581934212,-0.22945471493799205,-0.26409794279164744,0.7164132454208115,1.034999903818445,0.11744728406049677,0.2090587989725191,-0.08650970356163411,-0.0027724515393164873,-0.18524623852191008,0.006749354849342164,0.0366035427516927,0.08365092125823419,0.36527155036449466,-0.31611076600926,-0.0736128762012034,0.043039315371454376,-0.05701458908771238,-0.08449381448727154,0.3848495581168457,-0.36383698128274133,0.06724489368045615
0.07738837397486961,-8.285316492447286,0.8960173770860793,0.04197216626740982,-0.029026223781623017,0.7180526295017573,0.6941154348214793,-0.014152413149922103,0.06798892302701942,0.3191900762220077,-0.17260658105391768,0.2721155460501367,-0.7787950697069365,0.8989368686371473,0.0011497977080599845,0.032282634235281195,0.09915606459664206,-0.23023150070422804,-0.26363217589031746,0.7145364217195594,1.0338845030246164,0.11590550897796635,0.2091869297548663,-0.08736662152715596,-0.0029073655000055655,-0.18525124308100982,0.007107874319387468,0.036295498354315184,0.08426899075061445,0.36471547359337686,-0.31587207871052336,-0.07363941991849549,0.04268046476776846,-0.05733045328207994,-0.08389862984568708,0.3851299817689232,-0.3636212672265019,0.06698798960511122
0.07715872042661355,-8.285425776998583,0.896040068915725,0.041991594887823266,-0.02903536053099026,0.7178268792356848,0.694347337608757,-0.013793225934639072,0.06773942109685732,0.3191424153856641,-0.17144636266734856,0.27235194969439613,-0.7790337252134326,0.9019303672094605,0.00194227166627972,0.03242115849285656,0.09815157974332615,-0.23103980473905494,-0.2629686140917619,0.7124373332656343,1.0327525680400185,0.11418069402128478,0.2093240737163777,-0.08811916660093444,-0.003040726160822676,-0.18525283956690902,0.007473346707834988,0.035989712203727126,0.0849288571339953,0.3641296127770229,-0.3156533878369028,-0.0735228362774044,0.04229362267132969,-0.057641353057815294,-0.08325995209204437,0.38542317513626734,-0.3634338017463705,0.06684584226138938
0.07693435466871967,-8.285536823453402,0.8960477413190818,0.0420266386090941,-0.02902703463722055,0.717602116427695,0.6945778540997994,-0.013510090455969395,0.06742061821177213,0.3190947644810789,-0.17022764172854513,0.2726890064135794,-0.7791772755435923,0.9049736187023109,0.0024070443374979325,0.03265352447667574,0.09713068623641032,-0.23194493837773755,-0.26222381916438736,0.7102289577689054,1.0315522913941384,0.11224627999984148,0.20953636198164036,-0.08871942390216976,-0.0031821964115993405,-0.18525744554264628,0.007790200881360661,0.03565066682560432,0.08558309652338068,0.3636344094039275,-0.3154613217063345,-0.07327976861165236,0.041912619271065654,-0.05798989328304008,-0.08261419449690086,0.3857028074661509,-0.36328130794312935,0.066851319910944
0.07670300229280891,-8.285648454764043,0.8960572887389533,0.04206911630111767,-0.029014923321253112,0.7173829044251268,0.6948021963961208,-0.013280672384804744,0.0670382737292194,0.3190885085392491,-0.16902641761296705,0.27310210169274834,-0.7792926657622565,0.9080946248319806,0.002389399878039455,0.0328049811185399,0.09613853359846211,-0.23291659453605987,-0.261429257697524,0.7077193764223466,1.0301793639618573,0.11001929835763492,0.20997313751738414,-0.08905462307699326,-0.0033319117855438425,-0.18528462010612567,0.008036626602031341,0.03526897430957544,0.0862139033632415,0.3632622621401152,-0.31527378635516995,-0.07276082342918014,0.04156722968501686,-0.05838217134800649,-0.08197183795115506,0.3859141545216204,-0.3631195041522303,0.06715788267966315
0.07647343255233181,-8.285770626425235,0.8960620724157518,0.04211955107865371,-0.028996074122408424,0.717163948272178,0.6950259293012604,-0.013061411221339508,0.0665937796933738,0.31910319796325004,-0.16784150501186593,0.2735969081833115,-0.7793550723130129,0.91130842429677,0.0018592443320556216,0.03278982066552751,0.09519389070206323,-0.23392975854377382,-0.2606109207118401,0.7049579448497526,1.0285946956801024,0.10749935774015303,0.21062260279579906,-0.08912367207864762,-0.003480615733796239,-0.1853214668875786,0.008238265684622714,0.03485387409318143,0.0868397294866216,0.36296017826265436,-0.3150958886031856,-0.07204318216306627,0.04124663347889256,-0.058806766571567214,-0.08132445679887218,0.3860721924653938,-0.36296871513354334,0.06766955980153293
