-0.0160292712831985,0.00474425197890523,0.8350943118618096,-0.016094363841828486,-0.0716956616311943,-0.14826666758665047,0.9862138200403314,-0.052279605287037456,-0.01080382118249555,0.7158386813496109,-0.534574632025064,0.16876165995949824,-0.5804519353005344,1.3112735826677266,-0.06919388504039005,-0.2712494262237641,0.043429676982380074,-0.6161351290013174,-0.041111868081161906,0.4620971934916617,1.3099593591681213,-0.027315935111781493,-0.29459061132792586,-0.012976310189037754,-0.018281405178686136,-0.2369950192000428,-0.1428832089794855,0.1489977408231581,0.10692153434649562,0.8309927072124412,-0.5036411742911325,-0.11811443575328559,-0.18969005446812798,-0.13813107537063107,0.0748177308506929,0.8035636768534054,-0.4160917715556823,0.18769330204750145
-0.013647631280238059,0.003698147970751344,0.8496919399283135,-0.01084122552432338,-0.06537064159688526,-0.15004404386411951,0.9864562493832385,-0.07208963114080558,-0.01275013482280528,0.5402772106134203,-0.3640895419249661,0.25723050443307444,-0.6380921862987837,1.1322880736434249,-0.4822090976897244,-0.12314306775759698,0.13560454175188202,-0.38390192981377896,-0.18797018529795828,0.5239840120250175,1.1322922455337334,0.19318445366202777,-0.2688846669875596,-0.09919672210060647,-0.0021285847223868884,-0.2890728968965353,-0.1011395651856849,0.13590661013448557,0.12326182733411771,0.7336658395191337,-0.5105202671809373,-0.12402443051703517,-0.15661554362206365,-0.14287106673661756,0.08125427384510234,0.7213811117810495,-0.42797438042130603,0.18933338672665204
-0.013441075968299455,0.003528729694204064,0.8496296273660531,-0.0065230262739219246,-0.04258584458471719,-0.15005640678248178,0.9877383108661766,-0.07606718213137595,-0.010397856480331692,0.4288130676634629,-0.26856812739974156,0.2821578913776859,-0.596631021278842,1.0805638159084812,-0.7824292095239872,-0.09133300147202268,0.2500430065303275,-0.2649043900040886,-0.2409220741343248,0.49010003381422645,1.0841427318049985,0.33679260435789227,-0.255732929293897,-0.21449088496122734,2.5041214348577346e-05,-0.2241161804844797,-0.14678838873393144,0.13417747825360637,0.12313800398237223,0.7324333035323778,-0.5099376708340901,-0.12436392470498657,-0.20360132565578404,-0.14451244637248695,0.08132968655709198,0.723413598235258,-0.42951881679854365,0.18933235696046147
-0.01321104492018063,0.003363554849933353,0.8495607543760625,-0.004787622411518134,-0.03363725804429965,-0.14998575891227098,0.9881041876575656,-0.07766694691371422,-0.0097485200269465,0.3851495280570125,-0.23617722496921273,0.290740811474578,-0.5814296380995739,1.0726466154883318,-0.8831015617254674,-0.07412417073603204,0.30545832247021315,-0.22161635490738607,-0.2596785716724252,0.47770176369997264,1.0740178851185007,0.37962963933084626,-0.214716066013635,-0.27589057592569977,0.0009170466519621532,-0.19810830603359775,-0.16458066757752093,0.1334413622331717,0.12294818312638936,0.7320256630664258,-0.5098770299279932,-0.12457272857685751,-0.2219727475045134,-0.1452255503577346,0.08127707207008758,0.7245213156937484,-0.43049520701326255,0.1892788978351305
-0.013002072125398143,0.0032136025637614506,0.8495726154417661,-0.004265003998781126,-0.03106537008654559,-0.1498800548784165,0.9882068213040834,-0.0783632168591118,-0.009724171214353958,0.3716179308384569,-0.22727296733455507,0.2950391792502979,-0.5770142633972755,1.068931276722261,-0.8972809297366754,-0.06276916668848126,0.31645649328858655,-0.20727145100649275,-0.2685407291277444,0.47289852916442415,1.0709023661401023,0.37948022230095785,-0.18186722534861954,-0.2920787372460852,0.001317370451901176,-0.19043811201313424,-0.1693807096224656,0.13318376701893997,0.1227440466934296,0.7315636155627346,-0.5097750748271793,-0.12470973866130558,-0.226908006482947,-0.14546821726744144,0.08106837504155297,0.724684764925681,-0.43092490123302,0.1891489967219204
-0.012794336605134316,0.003076425653013056,0.8495883226650716,-0.004185277620521446,-0.0307426452679311,-0.1497502539128598,0.9882369324540573,-0.07866976333849428,-0.009880178948194847,0.3687616601826609,-0.22649378501718995,0.2974245307503452,-0.5750378968043353,1.0670562901074772,-0.8963844175690091,-0.05795106811559922,0.3132546449138525,-0.2031255529663719,-0.2739415636752071,0.47012580825391576,1.0714343337400292,0.37520247936554496,-0.1675425914144746,-0.29380495382154287,0.0015487076763693345,-0.18909245508862216,-0.16971670866247573,0.13313287882666194,0.12252759464847914,0.731275242079832,-0.5096979241172622,-0.12472279903160659,-0.22717537568468713,-0.14550643018778447,0.08080803038863102,0.7246531849122292,-0.43116475478631755,0.1889595373849744
-0.012619833565736246,0.0029698842064694716,0.8496023753498633,-0.004124282762712591,-0.030507789259165762,-0.14958381202265225,0.9882696738577912,-0.07878626475711888,-0.010267606254279386,0.36616218667686545,-0.2263598080541731,0.2985310186405489,-0.5737984738425796,1.064693908009326,-0.8935290578347647,-0.05371821245890439,0.3033308743834338,-0.20054497519328673,-0.2763577962092006,0.46879991782587727,1.0701546462706268,0.3698892750451455,-0.15408393250273866,-0.2931663882544778,0.0017212560455534562,-0.1881352052664849,-0.1699578335507523,0.13308149022073454,0.12225815215968765,0.731043396984981,-0.5096111869951022,-0.12470640264140004,-0.22728127938730394,-0.14554790396117784,0.08048071731551151,0.7246451662929008,-0.4314341266656522,0.18866457575369652
-0.012498698572245876,0.0028750556277032293,0.8495849131436929,-0.004074007184122983,-0.03031980161564653,-0.14939307693126153,0.988304518182763,-0.07892832798446557,-0.0107243666567955,0.3639166438233387,-0.22648438200996107,0.2992928501147192,-0.572699484869972,1.061650112190546,-0.8893399765689983,-0.05094771452970591,0.28806171496743216,-0.198976206039722,-0.27749279469797167,0.468410966029175,1.0682649285288501,0.364338950006508,-0.1439830217732946,-0.2906073469540069,0.0018288872264299765,-0.18740507326972908,-0.17017813458066186,0.13305011841186526,0.12195598890129396,0.7308774397836181,-0.5095931266390221,-0.1246969667290324,-0.2273177893925413,-0.14557857155313778,0.08010477136105337,0.7246668045257323,-0.43176524760031854,0.18832664367341673
-0.012362103334446099,0.002765935788839971,0.8495826417171155,-0.004040176203448219,-0.030201634493582527,-0.14918225470514151,0.9883401201667639,-0.0790924000726968,-0.011255942677766457,0.3620075667155767,-0.2268269291162699,0.29996236565536394,-0.5718451894128483,1.0584070501259275,-0.8841893092621539,-0.049344659196269194,0.26926669545532267,-0.19799708627204587,-0.27800564408686174,0.46862948645763586,1.0663518898582693,0.35910737970868895,-0.1370386706069745,-0.2864839809353516,0.0019093645539894235,-0.18684195374459475,-0.17023703546676472,0.1330397027740689,0.12161782035213452,0.7306730742370902,-0.509539020629833,-0.12474858807897957,-0.22713887850321965,-0.14559509629543327,0.0796686189398619,0.7245899559646488,-0.4320288556463425,0.18797999441692878
-0.012164146484990397,0.0026263192488288076,0.8495868803833816,-0.004023861799821013,-0.030156491909560983,-0.14895181279251946,0.9883763210426222,-0.07917933483451865,-0.011872033479054868,0.36032411091293537,-0.2273780756468427,0.30063053454676164,-0.571252452996385,1.0551520201368088,-0.8780381569436102,-0.048548792462928404,0.2478876786388538,-0.19720582476933254,-0.2781882897942011,0.46913355838086057,1.064503290635388,0.3545187438219097,-0.13252993010411904,-0.2812105908892957,0.0019943433516041898,-0.18636157376310863,-0.17008327650131,0.13306570029747244,0.12125518266255612,0.7304096981842786,-0.509428096023485,-0.12489703164378775,-0.2267044611097479,-0.14558489544665715,0.07917449430204054,0.7244046370415228,-0.4321890486832128,0.1876225596041536
-0.012015187382757047,0.0024099529604678684,0.8495875781008309,-0.004027339307118856,-0.030151573948790648,-0.1486989723721529,0.988414527787802,-0.07914198532098451,-0.012413467024115533,0.358791849879277,-0.22835691256274102,0.30117116906496966,-0.570849660964988,1.0520842156979946,-0.8709111419379035,-0.04798347799680072,0.22418674040731232,-0.196334345877076,-0.278345816880534,0.4696728550847856,1.0624301299303023,0.35064541016342116,-0.1300389192866959,-0.27505648374212344,0.0021237567311852305,-0.18593458240171726,-0.16985505170728407,0.1331731732524059,0.1208734147492388,0.7301452333235852,-0.50936385764533,-0.12499081980103421,-0.22612382180064142,-0.14551025847318902,0.07862207093348307,0.7241349503410137,-0.4323548874163797,0.18738171593975106
-0.011918326032136899,0.002192305334882112,0.849594347453045,-0.004030792830268635,-0.030161150131178205,-0.14842559531286303,0.9884553102634172,-0.0791459670912658,-0.012969332470682344,0.3573768115737552,-0.2295762935704891,0.3016497318373543,-0.5707469678487218,1.0491687759730122,-0.8633169407829427,-0.04738030453012566,0.19927781743791304,-0.1956557407991788,-0.27848184100954065,0.4703017201115192,1.0603939451976174,0.3474224213746246,-0.1286519332239045,-0.2681276715018796,0.0022520349344232688,-0.185571641667457,-0.1696470044036466,0.13328511203543844,0.12045345584374685,0.7298677056292759,-0.5092856249196159,-0.12511413267739344,-0.22553481208319812,-0.1454338427522077,0.07802447225237803,0.7238577599912976,-0.43252365261892134,0.1871411309009074
-0.011801337741663434,0.0019859603259690184,0.8496233582661672,-0.0040108353650166895,-0.030168377696992068,-0.14812514222500733,0.9885002399734801,-0.07924484667190686,-0.013629563894760915,0.35607302602181357,-0.23090120490407698,0.30212433250585313,-0.5712146876146523,1.0466108830810947,-0.8560802436367326,-0.04647233695349962,0.17475813655094685,-0.19531547890881226,-0.27852395099282967,0.47105260109619684,1.0585688246503342,0.34473770188761116,-0.12750608602122993,-0.2603829419684125,0.002363576870778893,-0.18529955471407905,-0.1695110693494872,0.1333166455598619,0.11994096962919343,0.729560232984577,-0.509024613495684,-0.12525449200449765,-0.22501131385317794,-0.14542894563403552,0.07737552241626611,0.7236295575850161,-0.43259313711402364,0.1868707119450363
-0.011731644209112458,0.0018626979657938953,0.8496327845906069,-0.003949635210405143,-0.03013168778208994,-0.14781187609449095,0.9885484970695846,-0.07941285868497029,-0.014386806053914148,0.3547721481926595,-0.2324099035248761,0.30259016651184667,-0.5725697977688223,1.0445897786152287,-0.8501139481308355,-0.04499915068869846,0.1518157181619,-0.19539438376105464,-0.2785201372571347,0.4719199075109004,1.056850799034461,0.3424921875941066,-0.12608161470324725,-0.25190721486261813,0.0024632940235342566,-0.18510558703090055,-0.16958892239669107,0.1332295398707666,0.11933706527724582,0.7292732157788896,-0.5086916718681296,-0.12553879516354677,-0.2247268048562218,-0.14553959052531476,0.07667277908791724,0.7235322351157026,-0.43269929626766296,0.18647551072226065
-0.011761246055861851,0.0016991995421012339,0.8496410938180713,-0.00386855344933066,-0.030064549791977885,-0.14748136770143203,0.9886002242165083,-0.07970442686337782,-0.015138636352415578,0.3535552280079051,-0.2340798575814207,0.3029897912806781,-0.5744464938633911,1.0432089212582418,-0.8457016923084342,-0.04265464337773971,0.13073321100637542,-0.19579471032692924,-0.27852744963543336,0.47299698048367683,1.055016289001839,0.3406750896645242,-0.12438069025587081,-0.2426588853806887,0.0025491070766231255,-0.18497996227954716,-0.16983025545698902,0.1331307618688574,0.11867594194540472,0.7289892809038279,-0.5083318277515659,-0.12578000295072098,-0.2246177432284026,-0.14566420022525386,0.07592637211173517,0.7235379469565485,-0.432870654124013,0.1861599508855378
-0.011829994828671494,0.001545979478605041,0.8496613376761503,-0.003778015413560247,-0.030007305599981094,-0.1471018067807514,0.9886588626275509,-0.07995833514744903,-0.01597865413076167,0.35244649734722405,-0.23585406097541317,0.3032780901702523,-0.5767243368871543,1.0423138454380991,-0.8424502384749117,-0.03980207397936346,0.11181502561614579,-0.19638162605436202,-0.2785002710707946,0.47398773188003834,1.0532085378946308,0.3391921421828533,-0.12211800931347538,-0.23257206588124651,0.0026286502965781337,-0.1849004286925336,-0.1701506231972625,0.13298368897027538,0.11790590353926617,0.7287212181719088,-0.507903423949404,-0.12598843877545604,-0.22452670098040198,-0.14582980212124827,0.07510640115566418,0.7235780957797056,-0.43302798663504555,0.18583647536694908
-0.01193043935092763,0.0014237397791642674,0.8496838752392383,-0.003680073285318711,-0.029974110112041947,-0.14664211142346795,0.9887285274234141,-0.08002679416249672,-0.016994778799849865,0.3514279657162021,-0.23770376715544694,0.30346764731547327,-0.5790933886739219,1.0418132675895988,-0.8395462587091944,-0.03692415409183933,0.09536727753937153,-0.19707761382984745,-0.2782647846241336,0.47453221956919306,1.0515519975637235,0.3379832764371838,-0.11921346414442426,-0.22153221583514765,0.0027042547357127448,-0.18480079168555127,-0.1705401743854318,0.13277514672715618,0.11699179807715253,0.7284994408630632,-0.5074368496266967,-0.12614054134867753,-0.22440313093175304,-0.14604898265639576,0.07419636934401061,0.7236577085936081,-0.43317332852842394,0.1854659539778419
-0.01199303369164758,0.001244342619275746,0.8497304085277021,-0.0035958119399195285,-0.029956074566304693,-0.146059496390787,0.988815618427996,-0.08046882159350252,-0.01797393477616223,0.3507128779110696,-0.23922198810405804,0.3035251019423145,-0.5807449108161307,1.0416146369315482,-0.8365627540170563,-0.034168044359464064,0.08163546253782862,-0.19782536179364144,-0.2782269554918737,0.47494359072319486,1.0494171189615658,0.33704604992967435,-0.11603608142433766,-0.20911803299872128,0.0027377863737117255,-0.18463211124758389,-0.17100815884377707,0.13255521663409542,0.1158565555513888,0.7283377435605967,-0.5068404773147109,-0.1260543069118018,-0.22417054799487124,-0.14625993677071303,0.07315403945844914,0.7237430725355107,-0.4332070823198362,0.1851258873787196
-0.012178045540597437,0.0011672864348152307,0.8497501382131237,-0.0035089634274781197,-0.029930376790528294,-0.14537581634293045,0.9889174544639546,-0.08087891315961437,-0.01904217052268019,0.3500182119962201,-0.24081589462025346,0.30349759502332135,-0.5824482408139574,1.0417629033133264,-0.8334383142439964,-0.03170665021404136,0.07084921243240534,-0.1986594714385063,-0.2782698937291134,0.47487977431448086,1.0470771897407027,0.33632219300098093,-0.11236043536073104,-0.19538732192682404,0.002781323808469455,-0.1843829000484694,-0.17171346695147177,0.1322671125327156,0.11451388315860139,0.7283254373206468,-0.5063576807379074,-0.12597813724778728,-0.22401144837168246,-0.14653780060991528,0.07196851642002343,0.7239115887343736,-0.4333746142342115,0.18464197381567643
-0.012383542859495455,0.0011658701943678446,0.849791688412604,-0.0034105352173434936,-0.029893861103455422,-0.1446725926600996,0.9890220251596336,-0.08140731721153924,-0.020106125402610878,0.3495301690122407,-0.2421213564959261,0.30335708784937043,-0.5836536040693026,1.0420159751960432,-0.8299487131451473,-0.02947384675771444,0.06269659220372321,-0.19960780899298267,-0.2785550878256007,0.4748300194676438,1.0444819594705355,0.33583492757993527,-0.10829988476796493,-0.18056983237240642,0.002784468125616336,-0.184132310240793,-0.1725026876974058,0.1319144151796201,0.11311222605989898,0.7283056593752572,-0.5058080273383508,-0.1259866943906238,-0.22390849467861176,-0.14687484005983828,0.07073837006416311,0.7240606512053974,-0.43348086763827665,0.18406416512115992
-0.012586285107956462,0.0011068743458141994,0.8498300834059587,-0.003287419024724408,-0.029846268058065995,-0.1440230491489472,0.9891186756264393,-0.0814388038767001,-0.021277171187148166,0.34901970471390037,-0.24337589317380537,0.30315041648105273,-0.5848479825625782,1.0423949664976389,-0.8256933443561845,-0.02717174773201616,0.0567207698008588,-0.20039568299247834,-0.27868677320241375,0.4746922426850215,1.0421162009445097,0.3356210543837125,-0.10380964198677163,-0.16518042285564122,0.002803196910511466,-0.18393024539874397,-0.17327020787463412,0.1315557592968877,0.11182040954413683,0.7281921315876464,-0.5051242988833162,-0.12595633405521364,-0.22390610687925594,-0.14722011404534202,0.0695754779418686,0.7242174770131022,-0.4334831838181394,0.1836650891707743
-0.012782543576948338,0.0010485552670346703,0.8498419159822417,-0.0031245537148088614,-0.029761166482499463,-0.14348162635015166,0.9892004513917284,-0.08133904403088195,-0.022509250040879857,0.34850753856327193,-0.24423457409322008,0.30278759823184026,-0.5853704861820068,1.0426009412712895,-0.8200247494166591,-0.02474775298486959,0.05291167537074133,-0.20134077166690578,-0.27880107012717265,0.4750017731159384,1.0400233541361537,0.3357643730234547,-0.09896252424107967,-0.1495534424869864,0.0027626794631936103,-0.18377191520486133,-0.17403444441809263,0.13116806776977816,0.11074710479748559,0.7279855800687177,-0.5043562380234679,-0.12601787118731755,-0.2241211562279397,-0.14760783709510966,0.06854802516724386,0.7244236777216853,-0.433424951167512,0.18343897190294806
-0.013075321440721838,0.0010042173464697881,0.8498403230411878,-0.0029329765154570307,-0.029649630866002634,-0.14300011656915212,0.9892741094860807,-0.08115067822252155,-0.023787592627725077,0.3480447662702574,-0.24488230751627912,0.30230666026354625,-0.5853224921203943,1.042639167947617,-0.8127718951234306,-0.02221198296317546,0.051352898200337685,-0.2024806836981574,-0.278905742521904,0.4757016583723024,1.0381425315710078,0.3362845860357374,-0.09379235244012085,-0.13372607521022953,0.0026929938436176335,-0.18365219552969755,-0.17486066973878767,0.1307659018642903,0.10980970193528536,0.7277242962811569,-0.5036027391403319,-0.12613985313595935,-0.2245260112876518,-0.1480276382011731,0.06759806498739049,0.7246606195045421,-0.4333975190422724,0.18337148283285962
-0.013366381153933697,0.0008815756878299952,0.849868014087954,-0.002733488480619367,-0.029525418367539424,-0.1425291440103643,0.9893463603908494,-0.08089416689422223,-0.025068890848959104,0.34772120098751025,-0.24531704120164122,0.30177097125717656,-0.5848902139471618,1.042518690209375,-0.8045961001138169,-0.01963211641723905,0.051350441610744,-0.20364918819654224,-0.2789400961200037,0.47662812454031517,1.036476693785916,0.33717599502642254,-0.08832863386965939,-0.11770855969979484,0.0026137641097570704,-0.18357660140309012,-0.17571150366317206,0.13037977708298248,0.10890118615641291,0.7273929957909671,-0.5026792116597463,-0.1261269179022946,-0.22499718825106135,-0.1484139869130289,0.06669033170503262,0.7248919432119473,-0.4332311259228149,0.18343821750489595
-0.013839679651666686,0.0008766015776655,0.8498891432417333,-0.0024861271733031156,-0.029310858205970562,-0.14198936568620193,0.9894310045652186,-0.08065813512294431,-0.026413084303353384,0.3472704847424125,-0.2456215495756474,0.3011490603030926,-0.5845757556901211,1.0417546174233834,-0.7916336937294063,-0.016379773500360427,0.052210725727503446,-0.20524380200101336,-0.27940555915923354,0.47696823305494696,1.0336370107167503,0.33878760896763427,-0.08004623166535957,-0.09207171926265992,0.0025438947675661197,-0.18338441966219643,-0.17696565972359932,0.12984930668867117,0.10778944888972015,0.7270977884017956,-0.5017158323424621,-0.12619028049247247,-0.22581395770583712,-0.14892621864511948,0.06567225548092659,0.7252441765878461,-0.43319116870860497,0.18327866601618453
-0.014318833975867513,0.0008494543509892646,0.8499594638670737,-0.0023227101681255187,-0.02914434794610254,-0.14146227257834523,0.989511817735009,-0.08024993774354042,-0.027489140680492845,0.3473120326231761,-0.2459016426372688,0.3006976390791444,-0.5833401337791864,1.040846217997363,-0.7871049743977929,-0.015092881597806498,0.05230557681797877,-0.2062946780111948,-0.27933765572917796,0.4777370593208457,1.03271915396669,0.3400667794531362,-0.07553340762106672,-0.07957102129995977,0.0024389970561568305,-0.18335148745658827,-0.17818428366380631,0.12950625757247922,0.10673618262149619,0.7268818289517883,-0.5007852315223729,-0.12611655304279584,-0.22649134497358026,-0.14920496318430762,0.06482720958415979,0.7254372171114728,-0.4329394358046968,0.1829603395917289
-0.014860646173114648,0.000830446793808281,0.8500231806125921,-0.0020800489599992764,-0.0288701857036764,-0.14084250211950042,0.9896087991577672,-0.07997476322540606,-0.0287464422090767,0.3470798299722115,-0.24553846780977426,0.30032381988883133,-0.5813055188500743,1.0389308879373418,-0.7816538275787492,-0.013595668530398227,0.05140926353525533,-0.2077225723316209,-0.27961716045673357,0.4781190497293333,1.0304543468769205,0.34285753669692787,-0.06777140273238466,-0.056859613133872035,0.0023384757653110476,-0.1831434991543283,-0.17979138019455473,0.12895108862737287,0.1053921694794057,0.7266617697671632,-0.49956754820071536,-0.1259353903289551,-0.2275133439385796,-0.14965449805741016,0.06382465182447686,0.7258118580301636,-0.43269454788669565,0.18243998866470032
-0.015287304873728393,0.0006805743941877998,0.8500869348726867,-0.001878546677967555,-0.028543236493563193,-0.14023739132109103,0.9897046169379563,-0.07935026223514882,-0.029795523813374428,0.3469794384540222,-0.24498923731800534,0.30013225306616464,-0.5792331698877972,1.0366912629563667,-0.7788517165359288,-0.012845734150130537,0.04989832598165785,-0.2083549759779416,-0.2798694972704701,0.47830334676972447,1.0285483408263725,0.3456451748036927,-0.06154372062289298,-0.038129463581146925,0.002248854399314799,-0.18288498596733496,-0.18149964310969835,0.1285584124193667,0.10410208248861091,0.7264841537790176,-0.4982142792003909,-0.12556813173986822,-0.22860236899801498,-0.14993339581044235,0.06289853846141581,0.7261309693110576,-0.43217889602257287,0.18211740190298847
-0.016013274397554424,0.0008518072963291732,0.8501559825517692,-0.0016990987803368798,-0.028158778342769537,-0.13963028760100804,0.9898017877585581,-0.07901131353897266,-0.030705381327577254,0.3469997310235127,-0.24452657027753183,0.299771807166539,-0.5765633656533802,1.0342304527660713,-0.7761862173728586,-0.012900603421499275,0.04864240497209278,-0.20957086288290347,-0.2801275578848146,0.4789832778632402,1.0274031812124267,0.3483246704743015,-0.05620983258081779,-0.022645822669662585,0.0021188362300988595,-0.18265009169451304,-0.1835619674827874,0.12816209050233388,0.10275076305677391,0.7264144579734022,-0.49717240293638204,-0.1257624913006775,-0.2299522508293003,-0.1502627232491458,0.06183049864504935,0.7263586219386922,-0.4318159800506267,0.18149708803034245
-0.016689468386777595,0.0008674219817555,0.8502095740569876,-0.001546826117987812,-0.027710715023550648,-0.1390114867209291,0.9899017780373373,-0.07839660911269586,-0.03146127105017336,0.3470920582993934,-0.2438506065146709,0.29959411382810797,-0.5740455016441157,1.0314565180860809,-0.7723095088070735,-0.012956670931968275,0.047593177613413085,-0.20989254438433755,-0.2803184557859374,0.47965654585072753,1.0262850790689353,0.35085325547619417,-0.05222101964081584,-0.009632158137146758,0.0020448568192840194,-0.18230746890993968,-0.1857896455588712,0.127921914778754,0.10137360480468212,0.7263891309112406,-0.49601092568814714,-0.1257969570002028,-0.23139804287761195,-0.15047984460135716,0.060656811901649704,0.7265478826882956,-0.431236791310904,0.1813490346811554
-0.017445118060231978,0.0008514678116723267,0.8502690068452292,-0.0014137335730820802,-0.02720506857777883,-0.13837759929283588,0.9900048109049847,-0.07764397101991753,-0.03208358057243865,0.347301595156609,-0.2431697827110626,0.2994615089134803,-0.5715146725790241,1.0283688582716517,-0.7672737464708419,-0.013042310756144693,0.04667063655885356,-0.20984995940529674,-0.2804866599415611,0.4803370137031101,1.0253533733784554,0.35325694451174244,-0.04924436698108075,0.0013907559195915327,0.0019952188489410928,-0.18190489073717808,-0.1882241042848462,0.12777227448109124,0.09995621675314534,0.7263882929663895,-0.4948400834457149,-0.12580877239722912,-0.23299027520616472,-0.15063348431853835,0.059391592135830465,0.7266898229551431,-0.43057018713565076,0.18142987830439777
-0.01833992579973502,0.0008309940299594373,0.8503602567052945,-0.001305025875837764,-0.02663334700465612,-0.13774526883785534,0.9901086822402783,-0.07704798355817864,-0.032575954636805154,0.34758742476398996,-0.24239440195386264,0.29936806185866593,-0.5688712985217979,1.0251528303977864,-0.7611119118621076,-0.013244291456801506,0.046153032067542635,-0.20994198567083225,-0.28055456122934697,0.4814207781591549,1.0248705051098153,0.3554658256272548,-0.04697202320847204,0.010807055724927375,0.001929840326669241,-0.1815485566649131,-0.190898233071995,0.1277094835489006,0.0985197625195712,0.7263881426366658,-0.4936571833470325,-0.12581909178739353,-0.23478453780963687,-0.15069555672157367,0.05810494496486932,0.7267567830142555,-0.4298276181053639,0.18153176594980464
-0.01927625027492648,0.0008802630314662501,0.8504299338254468,-0.0012136736873483954,-0.02594166302729777,-0.13712375570548366,0.9902134278713767,-0.07618252603069922,-0.032897753803278834,0.34778507169413286,-0.24176698829179813,0.29931460703960344,-0.5671566897605875,1.022078093042248,-0.7536906043360488,-0.013958488384425203,0.04644794242222379,-0.20965012782078077,-0.28072040181848995,0.48222380647155605,1.024427154635212,0.3574408151047702,-0.04498063274387924,0.01908485326729932,0.0019113952078774058,-0.1812318552699926,-0.19394523426105453,0.12768638671250246,0.09705374401693255,0.7264871289360498,-0.49243416060686745,-0.12598033492627675,-0.23694057752175895,-0.15069021765054305,0.05686743072752753,0.7268449725883989,-0.4289816252900895,0.18130972274423185
-0.020327460219278042,0.0009287030761371562,0.8505183142888784,-0.0011507550804741988,-0.02513494118046808,-0.13653198978624229,0.9903160739176201,-0.07536767392097972,-0.03305580027580294,0.3480114616560174,-0.24117843048627802,0.29927457690621034,-0.5659007814627471,1.019281876531954,-0.743977592243204,-0.015006713483978033,0.04830116214380702,-0.2095643270222419,-0.2808113031520706,0.48330203319469733,1.0243395663947947,0.3591039608054984,-0.04327008312412974,0.02630642425195014,0.0018803083181739302,-0.1810647125500566,-0.19734034065301095,0.1277541413049256,0.09560531328865988,0.7266028011336464,-0.49113779730237567,-0.12618041924310114,-0.23949568653147868,-0.15054595973034346,0.055737640470997704,0.7269522220679508,-0.42802565716998203,0.1808081953637373
-0.02147136435414687,0.0010242129627297933,0.850642437205787,-0.0011143753029217254,-0.024246936035620906,-0.1359572161144423,0.990417326003024,-0.07454517456189276,-0.0330688626809656,0.34833964044101406,-0.24067727795632932,0.2991912454708506,-0.5651013866212142,1.016695026649644,-0.7319294458192669,-0.016517285078507693,0.05165182079233962,-0.20965304833964157,-0.2808758901297468,0.48458568544485503,1.024641908135206,0.36041166694495824,-0.041818019208101916,0.032343392070559925,0.001846405050002771,-0.18104093815493455,-0.20098898341237975,0.12787559073361054,0.09414429013398486,0.7266902760846106,-0.4897475814443139,-0.12649443475386757,-0.24231969198169725,-0.15031332417970483,0.0546491925653991,0.7269981754746043,-0.42692118508057864,0.18005025684573522
-0.022601952486385562,0.001006137383127906,0.8508013238977059,-0.0011026991951747058,-0.023306380624199114,-0.13537343286667755,0.9905198788265569,-0.07379218267665172,-0.032923403101151764,0.34865963397226896,-0.24012486495790725,0.29915845707830163,-0.5647698804983319,1.0143721044304854,-0.719515425698661,-0.018031033939284152,0.05527419776340127,-0.20964202738253115,-0.2808438456101784,0.48607293373648597,1.0251921514484075,0.3614368610536622,-0.04067064679693725,0.03757550142693181,0.0018173959747071536,-0.1810702358792381,-0.20477937039246574,0.12809939859285907,0.0926611081659024,0.7267766023929796,-0.48816858525060314,-0.12661278584002753,-0.24520887637591512,-0.14995759880857684,0.05356917217306266,0.7269278193243309,-0.42558497462165845,0.1793813521591278
-0.02376422753619675,0.0010685012227076495,0.8509652659167564,-0.0011015622457562755,-0.022319688147142223,-0.13475033088623997,0.9906275619059279,-0.07291766029849436,-0.03261265485578957,0.3489199083432556,-0.23986163950402026,0.299113641758422,-0.5651300104821732,1.0123184396204583,-0.7095781400547385,-0.019663001061477038,0.05764346605485328,-0.2093443518841812,-0.28090201427866146,0.4870891382205451,1.0256982860718256,0.3623726584603467,-0.03958190447346738,0.042220014689034795,0.0018305115218466156,-0.18105234816308796,-0.2087643059363524,0.1283231172250941,0.09107711553089652,0.7269408907858534,-0.4865747483045501,-0.1267843704607253,-0.24810257012798728,-0.14960871091851924,0.05238768569850568,0.7266711124068,-0.42414111665048804,0.1786367946697887
-0.02497921504170414,0.0011217781841555859,0.8511275322523819,-0.0011220046607196158,-0.02128928324478096,-0.13406909271214695,0.9907426436284086,-0.07220395513433692,-0.03208781797492323,0.34901293217608237,-0.23972485326807585,0.2991773853440677,-0.5661198237445493,1.0105602476859805,-0.7045746892021223,-0.02067791954924606,0.05747285932276755,-0.2089258578517704,-0.28095842918677244,0.48823609631860215,1.0263227078626427,0.3631844403173921,-0.03871902736688759,0.04637775531878103,0.0018579796075253875,-0.1810196882369792,-0.21298249301562985,0.1286056548359623,0.08937132666999724,0.7272355801823919,-0.48495140392519526,-0.1267941252570522,-0.2509646139739204,-0.14921175317734073,0.051085360048250185,0.7262022952932372,-0.4225567552252026,0.1780127693281307
-0.02620680560834855,0.001215527568680768,0.851256960893871,-0.001156657533003258,-0.02018419235012769,-0.1333496890636988,0.9908628164126154,-0.07148480433707723,-0.03138333928640795,0.34894966668249866,-0.23965980740319748,0.29931045095946623,-0.5676346876842756,1.0089824370824507,-0.7041939186521385,-0.02118902234444627,0.054956582599218456,-0.20825711935111835,-0.2810312556316927,0.4892513688963834,1.0270342029824597,0.36387870867397354,-0.038016113657107005,0.04999905775894063,0.0019093529983510874,-0.1809490993590698,-0.2174991551047307,0.1289194949554365,0.08755588069745794,0.727690159120727,-0.4833077810024235,-0.1267977413824717,-0.25393311784178946,-0.1487877195871292,0.04969925152241583,0.7256304813996328,-0.42085745088548393,0.17733603598988049
-0.027477026888279837,0.001239385477770085,0.8513978146321958,-0.0012071271815720793,-0.019065215306508225,-0.13261675499760023,0.9909832777111789,-0.0707327308012338,-0.030589751547751398,0.34897436172329366,-0.23958593535924005,0.29946442239001136,-0.5689051835021637,1.0076099861468881,-0.7063239829697908,-0.021264200031338696,0.051157350568491994,-0.2074660412699785,-0.28099106944941443,0.4899733654339893,1.0277987408946878,0.3645541854911082,-0.037556997939441845,0.05333811682940429,0.0019677511748620578,-0.18084821569020457,-0.22207332803057403,0.12930362606261026,0.08571631665240792,0.7281594333378937,-0.48165617459500953,-0.12669640332689136,-0.2568762576202707,-0.14828757079023794,0.04827875234785996,0.724954232213123,-0.41912350877033233,0.1767526145227515
-0.02874234399914689,0.0012698107844935328,0.8515339806770704,-0.0012693867581091325,-0.018014696215681764,-0.13189841698748525,0.9910987170679374,-0.06984137961055589,-0.02986920375148174,0.34905910353526615,-0.23933072241946513,0.2995919439773764,-0.5698441997107015,1.0064473634338653,-0.7079054725369021,-0.021613265912471164,0.047608210230312246,-0.20655638626187545,-0.2808845694555294,0.49039490417899806,1.0286638809550954,0.36515865884288934,-0.03700919821228939,0.05644553842594425,0.0020201397541142574,-0.18069866315412209,-0.2264483076295271,0.1296884773688346,0.0838888188521771,0.7285728831531509,-0.48005627755884456,-0.12670941715422715,-0.2596340448747944,-0.14778134089766773,0.046839065540241746,0.7242142975202974,-0.4174641618481441,0.17609845112629088
-0.030058965500820066,0.0012414898773032202,0.8516711631016218,-0.0013530075386399732,-0.017010371773602612,-0.1312062875992986,0.9912082156222958,-0.06895806673217576,-0.02919819603197,0.3493072993563449,-0.2387561808390916,0.2996878741172604,-0.5697486052008004,1.0054759503018418,-0.7069415926287957,-0.022599505235135584,0.04536061028962051,-0.20560623843543968,-0.2807218075044765,0.4903549601611147,1.029490467082499,0.36580547946759456,-0.03664869325936078,0.05941074232554324,0.0020510251656225484,-0.18043623341666393,-0.23066424613773373,0.13014271735383576,0.0821137569722331,0.7289442060294827,-0.4785984373711835,-0.12674362032997308,-0.2622522807620876,-0.14719829548705554,0.04538254117707201,0.7233909983561213,-0.41594342442216675,0.17544049553798655
-0.03126392793631458,0.0012496094111282467,0.8517903797980125,-0.001450088889600086,-0.016055515391664107,-0.13052318224411158,0.9913141866051308,-0.0678519548051454,-0.028619759146067552,0.3495122923999465,-0.2379573062602598,0.29982834214029763,-0.5697580418861447,1.0047658120812744,-0.7036486110594908,-0.024453741767978984,0.0441946414108299,-0.20441454303485532,-0.28047294143733126,0.48980534400471004,1.030525469901552,0.3664627331729468,-0.03589674008218419,0.06211240759695066,0.0020876970922398923,-0.18009352847999402,-0.2347104537923439,0.13058503731519341,0.08033405024139267,0.7293053005434061,-0.4771162015864682,-0.12695509618293746,-0.26467677578550086,-0.14661260562037676,0.043889222311903855,0.7224872389702753,-0.4143925743005718,0.17457335226642498
-0.032469041167446096,0.0011707030296749157,0.8519447099290425,-0.0015370384697307412,-0.015114901419797449,-0.12983498460833706,0.9914192120589386,-0.06682489576679594,-0.02808134649176037,0.3498149687214339,-0.23706345614970314,0.30001203693002415,-0.5694485603436324,1.0043600171590166,-0.6994168257760365,-0.026369905897247303,0.04337347076307105,-0.2032997899803684,-0.2800960891382281,0.4891516265881524,1.031617465656127,0.3671267901004569,-0.0351073520404058,0.06468126365932127,0.0021089385711396016,-0.17972065885203534,-0.23867981057621251,0.1310236660512839,0.07855394001896471,0.7295640384339173,-0.47553408521502655,-0.127052541746594,-0.26703145378758864,-0.14601979226395334,0.042408460245166736,0.7215277203444647,-0.41280913326991525,0.17388295765273337
-0.033695528551943243,0.0011373846776965646,0.8520705546260956,-0.0015769649417810192,-0.014153957183449275,-0.12912555769510686,0.9915259800063487,-0.06588245791263377,-0.0275886771781171,0.3499991919917239,-0.2360711534184336,0.3002291358264218,-0.56917956152778,1.0040436269979476,-0.6959186457921508,-0.028152510361736105,0.04208401827406123,-0.20220180196022683,-0.279759765309003,0.48854264011751386,1.032652246184425,0.367665165916815,-0.03415692379830311,0.06705665980814283,0.0021224745462748765,-0.17928761711709154,-0.2427422720893667,0.1313369880768386,0.0767261047218945,0.7298233863831536,-0.473928768092209,-0.12722542472248125,-0.2695194726791251,-0.14556094729220884,0.04096866103868727,0.7207074299675428,-0.41131277496714613,0.17329733558907806
-0.034922439253033365,0.0011041678045304584,0.8522235522503089,-0.0015625718779307934,-0.013206029801376667,-0.12839206783906493,0.99163432577842,-0.06503294226436807,-0.02715297850082643,0.3501531147909922,-0.2350847811989294,0.3004534961956695,-0.569020845006796,1.0039528910139108,-0.6949151650009292,-0.029218188212993892,0.039334583150663946,-0.20119150184574436,-0.2793717118230305,0.48815700430515063,1.0337261556553423,0.3679601232113065,-0.03293129741827664,0.06935871361303436,0.0021293734624374676,-0.1788704542287876,-0.24678524396244292,0.13150911369670973,0.07484121058951194,0.729985435862906,-0.4721587510832261,-0.12740963865325475,-0.27200338206719266,-0.14524857536475155,0.039616878272548776,0.7199157526371823,-0.4098100673518669,0.17297583346390408
-0.03605463066252737,0.0010892707744715104,0.8523749665367846,-0.0015061553389514853,-0.01225923266551476,-0.12764090035452855,0.9917435370433398,-0.06425122295317826,-0.026842339794773403,0.3501754616221232,-0.2338324430640927,0.30074800071334257,-0.5687645313902919,1.0039413589588895,-0.6962593803007694,-0.02983482074440862,0.035181200713763405,-0.20026683534458206,-0.27874907500987456,0.48787276451533246,1.0350844539895494,0.3680483454632087,-0.031205978029437836,0.07158130669615942,0.002110778480623692,-0.17839701048329215,-0.2507944669199202,0.13155160394824034,0.07290921293419338,0.7300885878379969,-0.47022728519926815,-0.12766545761919607,-0.27447534841225946,-0.14505961491230138,0.03832598667245165,0.7191639152335773,-0.40825280811646353,0.17276041780507304
-0.037316342405679014,0.0010630068390298523,0.8524492443537431,-0.0014335145246418242,-0.011277750079780793,-0.12687572476803266,0.9918534709592105,-0.06353540126467051,-0.02646237457677233,0.3501418219410415,-0.2325418377845249,0.30102443581366284,-0.5682129126528684,1.0040191880063,-0.6981163973676268,-0.030022446099994497,0.030817564935673482,-0.19921207324373985,-0.27831198846192806,0.4875956808895407,1.0360059354553695,0.3679313595626059,-0.02999694440437054,0.07363821442213854,0.0021013232564013676,-0.17783743858679282,-0.25500251288505865,0.1315866646122748,0.07095654421717672,0.7303192925302472,-0.46848078589790576,-0.12788075931022372,-0.27718695473514765,-0.14490166326142015,0.037014286156490536,0.7186567341254104,-0.4069442732927736,0.17265913445983364
-0.038569038347847015,0.0010759129933099814,0.8525478875358541,-0.001373769196674325,-0.010319482648723345,-0.1260966073031437,0.9919633393743416,-0.06284736966638743,-0.0260010440725063,0.35037888156870406,-0.231308519391771,0.30110768388980164,-0.5675296212096776,1.0043880902080877,-0.6979304029649803,-0.030216998832577686,0.02744495233611555,-0.1980802128294611,-0.27811105298712724,0.48725243808797564,1.0366166164290704,0.3676980751515014,-0.028997106217614414,0.07551183573897523,0.002101576534498411,-0.17733533886595143,-0.2591799815037355,0.13160628343560973,0.0689952808329968,0.7305317965308902,-0.46665238316548446,-0.1281221533216928,-0.27992182453001013,-0.14475311415277917,0.0355932504785878,0.7182598111999189,-0.40556930062238467,0.1723604495855246
-0.03989794067752692,0.0010778566805731387,0.8526647804592024,-0.0013232605646836472,-0.009355469407536182,-0.1252907789987162,0.992075070179439,-0.06230197784835807,-0.025686795158807067,0.3507362607466075,-0.229892596476481,0.3012577514279076,-0.5663444862418834,1.0048704333417324,-0.6931267038128374,-0.030906539866583493,0.026521871854122095,-0.19735617856888327,-0.2775325247694148,0.48678752938428155,1.037651673735274,0.36756609159153253,-0.028115949000693828,0.07710569139994605,0.002058632195223583,-0.17680824543375778,-0.2634032169275943,0.13164350578639297,0.06701104039200281,0.7307042505503115,-0.46480486796510023,-0.12830829466504937,-0.2827830482221383,-0.14459858605934903,0.03399945087078703,0.7180321381906044,-0.40421090430690315,0.17193461745645688
-0.041144949572308256,0.0010818116295026041,0.8527415553339012,-0.0012698033081385038,-0.008376626644232915,-0.12446034981707067,0.9921884100557893,-0.06181784540116019,-0.025411207156411462,0.3510885498901664,-0.22824910513024982,0.30143165567810437,-0.5651393633451697,1.0055316174490818,-0.6838678539780105,-0.032165967890462895,0.02783545017538771,-0.19650199446308278,-0.27691942140607395,0.48623635102265217,1.0385823450709926,0.3674573573619318,-0.027441681238180738,0.0784949596233445,0.002011545766997403,-0.1762045889688964,-0.2676960664971611,0.13165601325786086,0.06498183988302172,0.7309555772322288,-0.462881715544657,-0.12851292835908887,-0.2857702475835086,-0.1444791357898648,0.032304338718135026,0.7180457264753624,-0.40281820809375707,0.17137873732930786
-0.04239591174251923,0.0010848011889277175,0.8528315037345802,-0.0012067826733741394,-0.007391551337676189,-0.12363346429821714,0.9922996901894227,-0.06134060169421089,-0.025110141778467574,0.35154935322359004,-0.22677219794722284,0.3015890517111937,-0.5641235870764957,1.006468965335687,-0.6728080658621238,-0.03353975197874416,0.030025387990959836,-0.19566067900175685,-0.2764140338785385,0.48580169815163654,1.0393056198766701,0.36731152009436463,-0.02709157908599847,0.07967796911679756,0.0019740697454988174,-0.1756291375467033,-0.2719883590387737,0.13163463276317844,0.06299503449308524,0.731152021160317,-0.46089570078615033,-0.1286649139581965,-0.28883957772615143,-0.1443926363003707,0.030612068664757748,0.718139396108871,-0.40140132322728783,0.17082222985667858
-0.04381991017624805,0.0010938005499479685,0.8529342873723526,-0.0011211955791349565,-0.0063839307144340105,-0.12283221827269986,0.9924062849978911,-0.06074742260632599,-0.02471027674819347,0.3520400204070669,-0.22577163368360323,0.3017373356862111,-0.5635855313183656,1.0076371591066968,-0.6635686747009937,-0.03454647798114726,0.03139272305037306,-0.19471822691279536,-0.27622445834274134,0.485568764783094,1.0395145566678317,0.3670274886821187,-0.027275194804182078,0.08054478047859667,0.0019761414074145572,-0.17511693333539044,-0.2763387759762201,0.13158225986058875,0.06114227241302789,0.7312606496961039,-0.45903134706029647,-0.12870078671116128,-0.29208698161267566,-0.1443374366440401,0.029035458726631484,0.7182856489879273,-0.4001532597431329,0.17040845385080144
-0.045232882778018506,0.001147514761024166,0.8529989250611055,-0.0009824763639074234,-0.005300208622185042,-0.12209030166153426,0.9925043580604328,-0.060177453160599456,-0.024409536800747807,0.3523024501895368,-0.22457693084302552,0.3020735955187023,-0.5630255882869373,1.0085953227207276,-0.6590676796009767,-0.03533830989486341,0.030194100891277532,-0.19382901021132473,-0.276057944681082,0.4858646222117217,1.0397876264199053,0.36658491260791337,-0.027371465280001523,0.08096799020510277,0.0019510728250291222,-0.17450825008869816,-0.28079226413471614,0.13143019194721364,0.059511620992467026,0.7313212343174607,-0.45720235017850724,-0.12869504785592997,-0.29566680514446503,-0.14439019079275556,0.027659976449018044,0.7186298105026762,-0.3990082804266794,0.1700497694537924
-0.04657005895423364,0.0012964519449842893,0.8530949666982405,-0.0008072978302598728,-0.004207297285949775,-0.12138447105916988,0.992596321323753,-0.05963200906569566,-0.024156462173676486,0.3525952704696405,-0.22335274073092676,0.3024340790672069,-0.5623887213994384,1.009545493675811,-0.6589115425098466,-0.035840369122933216,0.02652464936193211,-0.1930625638545767,-0.2759346008079935,0.48663885879119256,1.0400912882486333,0.3659532580418551,-0.027188147561772333,0.08091749229361515,0.0019189397106513107,-0.17392247055740076,-0.28517145850000214,0.1311574856940734,0.05802072529875178,0.731253514094278,-0.4552475616873427,-0.1287826847830395,-0.2993380292322408,-0.14456400436647124,0.026392106094694938,0.7190322790603124,-0.3977857731177719,0.16956936446701873
-0.0478625101225322,0.0014397312150261814,0.8531765478695607,-0.000626098412119735,-0.003081626214826278,-0.12066415709140499,0.9926884066886608,-0.05903660094778057,-0.02386576685947173,0.35281809253717983,-0.22219085464706392,0.30278537066085237,-0.5618596929338624,1.0106552786383107,-0.6610872434020019,-0.03597129574518381,0.0218304771846583,-0.19210797958646922,-0.27588413336995515,0.4874718034666028,1.0400810972494623,0.36528343783123196,-0.027000114120193184,0.08079139884174004,0.0019089460823754046,-0.17334967290689438,-0.28962255907315276,0.1308567197030633,0.056506506792739095,0.7311824242773984,-0.45321236666413645,-0.12886068828170874,-0.30307121208848176,-0.144754568570854,0.025153981574614345,0.719441547627837,-0.39649634988524507,0.16909522862248402
-0.04923491517761922,0.0014535252032261395,0.8532959812386312,-0.0004667611890602326,-0.001959906840421632,-0.11987663119565144,0.9927867516200807,-0.05869660175368108,-0.023532066645155527,0.35313336370502696,-0.22105849183194543,0.30315143972708014,-0.5612364708039148,1.0119786603327932,-0.6629286284924175,-0.035650682156674184,0.01803104450011462,-0.1914216346832062,-0.27573279462963246,0.4884800883635597,1.0399378586238253,0.36478649813955316,-0.026899278887124633,0.08098194205643337,0.0018852131277813488,-0.17292665282982148,-0.2940908518437058,0.13061435966306237,0.05482363223889997,0.7310096835307072,-0.4510698131319989,-0.12877346528983485,-0.30667584710159806,-0.14485383242787225,0.023852313359072033,0.7196642800945495,-0.39511862118152163,0.16880960273939333
-0.050656461504114986,0.0014445416888676885,0.8534191145259863,-0.00033605789423881924,-0.0008336129148541535,-0.11899225846932858,0.9928947751796103,-0.058810430922115096,-0.023222466181850695,0.35349873363326123,-0.2195995686614516,0.30366992037962337,-0.5605550686038915,1.013192749927438,-0.66261888088391,-0.03560746440853087,0.01646112447118284,-0.1911342026116526,-0.2756327876716174,0.4899242027365239,1.039630080923093,0.3646025702047563,-0.02652464628008368,0.08164049464791946,0.0018111171518074094,-0.1726841691051697,-0.29867223040415924,0.1303885540249841,0.05286955244231382,0.7308334995543683,-0.4488284336829106,-0.12875109092500245,-0.310151866589793,-0.14489018222940434,0.022447856550016573,0.7196871290923734,-0.39361153682603706,0.16848047264305904
-0.05206658772962875,0.0014762350899747167,0.8535711014294087,-0.00021792278427555946,0.0003082978307912071,-0.11804424167009256,0.9930082650565607,-0.05891633972947383,-0.022877452770233696,0.35387955552235784,-0.2183644757796623,0.30406541183912156,-0.5604709136245494,1.0148512918408548,-0.6604385342190511,-0.03582064459992771,0.016847041777913675,-0.19087741414192957,-0.2756024113852225,0.4912009968517692,1.039074621799755,0.3647834137059852,-0.025660080862296028,0.08270014038096643,0.0017576770639167179,-0.17257311147721702,-0.3033144194202708,0.13012705724160203,0.05073315473398266,0.7305910227943622,-0.44643415018511406,-0.12887714965297767,-0.31352963725629523,-0.14492191728398773,0.020973478725665337,0.7195126459008773,-0.3919422510961646,0.1680018021087974
-0.05348059022999657,0.0015532869351379242,0.8536795255028318,-9.149599187627472e-05,0.001476645363744971,-0.11707411238817604,0.9931220787775663,-0.059103810981512406,-0.02250900350603005,0.35414432713040883,-0.2170765902866035,0.3044600171144231,-0.5605746707403056,1.0166366529105253,-0.6572233377313444,-0.03634048560657217,0.018398260712259824,-0.19060135242253706,-0.2756575658575197,0.49228100284211834,1.0382706976792067,0.36520677401298335,-0.02472018484327292,0.08396630676557987,0.001698493700941653,-0.17244057264143553,-0.30804253420402755,0.12981393889355403,0.048525084647274196,0.7303727389781162,-0.4440752285852859,-0.1291078515433186,-0.3169521344314582,-0.14499329189867402,0.01946461997664203,0.7193411406887948,-0.39033698115371,0.1674166964391063
-0.05482381039522854,0.0016559999626747915,0.8537792513633418,5.528608128183436e-05,0.002630217811328057,-0.11612294048400083,0.9932313635760119,-0.05930955098554541,-0.022113549348519293,0.35444568255797504,-0.21572519583975816,0.3048703952249882,-0.5606359327261661,1.018438479888406,-0.6540857225283572,-0.0369855624972976,0.019910003412838138,-0.19028769179017452,-0.27573444004793196,0.49295495149337937,1.0373905156044971,0.36570852162070694,-0.023865832022067237,0.08526928498795763,0.0016379466732963964,-0.17226525568630258,-0.3126650739758628,0.129427076885912,0.04634773902673118,0.7301061736078919,-0.4416919569872497,-0.12936808879159273,-0.32031264754813105,-0.14514490411918632,0.01794805106528328,0.7191602895613841,-0.3887740844083466,0.1667854198506019
-0.05612575833552872,0.0017932317306709636,0.8538572601940598,0.00024199029230356994,0.0037609892801122387,-0.1151921738395255,0.9933360758003602,-0.05953148965012955,-0.021728332402632566,0.354761872308385,-0.21429371198954345,0.30537624491648924,-0.5605600810613434,1.0201487055086653,-0.6515473356046713,-0.03776268186008753,0.020907700870094865,-0.18989466353056403,-0.2758615571282505,0.4930442415432232,1.036397721796793,0.36618462659302575,-0.02331235405629036,0.08655828372919017,0.0015775434616678017,-0.17201172892406272,-0.31714787219531704,0.12891105580953305,0.044236908014058836,0.7297559609224208,-0.4393427997707491,-0.12957755136297905,-0.3236136783690622,-0.14544478535101318,0.016379295542633475,0.7190034691897297,-0.38736497838272804,0.16615954475242917
-0.05750046132068929,0.0018478093148157023,0.8539506619230031,0.000450400526928391,0.0048668915832363775,-0.11426268420031693,0.9934385484291528,-0.059762609737415866,-0.02133319887607612,0.35515065481094266,-0.21296874626311235,0.3059915044070452,-0.5603933485591953,1.0219040095801868,-0.6494876853766829,-0.03830009051404388,0.021637821853600095,-0.18953921722771308,-0.2759523766958909,0.49269466656792377,1.0353158413355825,0.36666468859319284,-0.023220071348265803,0.08789147135851641,0.0015226006692666443,-0.17176154957070547,-0.3215280150708543,0.12835442142439463,0.04216126997335834,0.7292801572031687,-0.43700846793884796,-0.12953952268000268,-0.32685652428332423,-0.14578520050384688,0.014773201612699231,0.7188217966846837,-0.3860866822264162,0.16574224439631516
-0.05893047014858429,0.0019819968874791685,0.8540516098366043,0.0006493506578073921,0.00598928297062371,-0.11334932104800324,0.9935369335113714,-0.059955364160901144,-0.020845875430490095,0.3555237335884846,-0.21177660935880502,0.30649939458134984,-0.5601971963388307,1.0237042378496795,-0.6480117086795912,-0.03885518511964213,0.021985886516326315,-0.1892683284126261,-0.27612906482120925,0.4920194019883127,1.0342579877015567,0.3672205062010778,-0.023178161746549228,0.0890256241828739,0.0014706949508398635,-0.1714973599396257,-0.3259445549466824,0.12779326894586776,0.040081578084238366,0.7287821592097106,-0.43473343671461656,-0.12967247739442736,-0.3301117348101679,-0.14611331648170464,0.013197972811186823,0.7185345620634547,-0.3848510664975226,0.165167477351699
-0.0602751526403021,0.002018075767320779,0.8541543887657315,0.0008050276461806169,0.007169446282860666,-0.11246295991172775,0.9936297266177078,-0.06000624930435068,-0.020224595604987346,0.35596397149146475,-0.21045453009706933,0.3072097369562583,-0.5599011498656613,1.025110411506578,-0.647283357873527,-0.03923419058357971,0.021622923792542496,-0.1887841720723216,-0.2763356637738246,0.49118532975214046,1.03300332193358,0.36792242473588227,-0.023167324387588138,0.09004363879278163,0.001424935432324135,-0.1712124028608372,-0.33047244492887057,0.12739724762019294,0.03799185966835899,0.7283687314191294,-0.43236908646358657,-0.12984797349868485,-0.333414462979988,-0.14623721378667714,0.011778072177784345,0.7181559716235164,-0.3834280581410753,0.16458031519658584
-0.06166277057787209,0.001994008540707972,0.8542933862679352,0.000889856727884886,0.008430097875850336,-0.1115956124789587,0.9937175458248964,-0.060005074429649294,-0.019381570875444485,0.35634167912549763,-0.20943408833295474,0.3077306828552401,-0.559339706614114,1.0266482063685327,-0.6477578346729245,-0.03913920695146642,0.020260476301917116,-0.18849571037655907,-0.2764118917891982,0.49031209664056863,1.0319973909416358,0.3689090803634945,-0.02308527079300921,0.09070595779955812,0.0013865638270119918,-0.17091515369445665,-0.33522225205403766,0.12722093524096592,0.03584206919065511,0.7280230440405915,-0.4299682274470332,-0.13017050108254413,-0.3367879249731324,-0.1460844086846312,0.010495116828447554,0.7175035836785028,-0.38174393715236105,0.16396212917243927
-0.06314376951432837,0.0019517158632978843,0.8543982896872528,0.0009321512390887523,0.009767786536117781,-0.110744117794622,0.9938005140943249,-0.05995574419003919,-0.018371050922304386,0.35658891260034536,-0.20857759974882148,0.308195500321864,-0.55857614195886,1.0280615677125247,-0.6494107560929357,-0.0388910993484365,0.0180586638226609,-0.18823421698779452,-0.27646260200341494,0.4892854415782848,1.0309906803077766,0.37015181434629996,-0.023136605954198357,0.09094237769866721,0.0013602570452345925,-0.1705545283826202,-0.34024374520586964,0.12719236002824819,0.03364451981849153,0.727837234700526,-0.4277110703810281,-0.13063811950408888,-0.34032109062707944,-0.1457501383651896,0.009302761288356328,0.71675515709614,-0.38004855604625903,0.16328967549642584
-0.06459035393151347,0.0019438055643058246,0.8544919115909237,0.0009687821744460758,0.011134997457213467,-0.1099346521803294,0.9938759709051816,-0.05976133074707267,-0.017331969281404916,0.35698706653279527,-0.2075862126320889,0.3089265059411087,-0.5577041768442591,1.0288456849085752,-0.6516640620608268,-0.03891585189705606,0.015394335274267621,-0.18788310716513792,-0.2766286049132034,0.48798450774625307,1.0297773525596434,0.37154124166191865,-0.023170662286106706,0.09096515429240787,0.001333409291205529,-0.17016743643963528,-0.3452818811435185,0.12719671036099478,0.03149761991184117,0.72766055018175,-0.42547524833091355,-0.13125856398120103,-0.3439308058285494,-0.14535919054581897,0.008228503848223696,0.7160628459642838,-0.378450754266674,0.16238420013421687
-0.06596303124525119,0.0019054098584831275,0.8545912321354862,0.0010173217029097782,0.012432982228921233,-0.10919166208930083,0.9939424364316201,-0.059590904519058026,-0.016267914554983713,0.3572514288830026,-0.20662612626032542,0.30946328339557927,-0.5570519967887996,1.0299739734779574,-0.653602134903881,-0.03846515151277344,0.013067799105818265,-0.18775059300391025,-0.2767157762405052,0.48725127057858536,1.0289960493705739,0.37270416784336674,-0.023074273142067055,0.09083799906675138,0.001290670139411313,-0.16979357550451715,-0.35003245614419665,0.1272045100088009,0.02950331056175719,0.7274016711768247,-0.42321996014024094,-0.13180551047031092,-0.34747033323358195,-0.14495759839913117,0.007305807371046904,0.7156207284801176,-0.3771279710421603,0.1613075589566839
-0.06728032821958314,0.0018278192140476124,0.8546514957323639,0.0011053768290933776,0.013673220321414593,-0.1085283667105944,0.9939986996003765,-0.059355732301686275,-0.01526644952304456,0.3574834590792662,-0.2054746346312145,0.3100916959047954,-0.5566218120281091,1.0308807530224051,-0.654609449576274,-0.03779557901313001,0.011743297764231444,-0.1876602337271319,-0.27685403972619527,0.4869087190086091,1.028312498163761,0.3734240235844431,-0.023129238727262063,0.09059906353897494,0.0012320509757210252,-0.16940288536613463,-0.3545241698959729,0.12717097870069544,0.027727367751382338,0.727097696688939,-0.421030757532239,-0.13215438150280262,-0.3509393911315309,-0.14465058215073373,0.00651578568101943,0.7153861258991063,-0.3761153751687398,0.16039293843548633
-0.06845029876510045,0.001826475836954041,0.8547483711068884,0.001206578910300701,0.014838901482338431,-0.10792840622816682,0.9940471871592312,-0.059080853300654615,-0.014251478186818172,0.35780598177713935,-0.20436382253129784,0.3105197050092046,-0.5564771889325878,1.0319322604168215,-0.6547776183272225,-0.03701440888009148,0.011209668476288025,-0.18776837415489242,-0.2770203742378422,0.48687025123702865,1.0279468671191372,0.37374392411762375,-0.022849031383947116,0.09017414195353916,0.0011630227351644763,-0.16908712871225035,-0.35869341587021286,0.12707683899654926,0.026087368292784765,0.726689469061649,-0.4187291640559445,-0.1325958150817621,-0.35419584733933895,-0.14441342904012394,0.005828422247681388,0.7151564328226633,-0.375129439978148,0.15931087777857644
-0.06990571434964905,0.0017694719115498138,0.8547956353346357,0.0012947681097029461,0.016011729716860865,-0.1073755838710884,0.9940887445672847,-0.05878045813538878,-0.013156671309588303,0.35801240754606406,-0.20354256051686573,0.3110488266031877,-0.5564439795617152,1.0328976720934315,-0.6543872642485726,-0.03600733465924495,0.01144781838318423,-0.18816935752837177,-0.27716056386652727,0.4871356370364449,1.0276468423888714,0.3736931945298103,-0.02315791417600641,0.08951983479133542,0.0010949670522773717,-0.1687335100614828,-0.3629441506528487,0.12711289664403697,0.024538590152550176,0.7263113555294309,-0.41679330434539125,-0.1329662575693019,-0.3578003607330047,-0.1439893894742232,0.0053334158368869245,0.7154245791221185,-0.37489321002047915,0.1578788827701611
-0.07118382931099525,0.001678957890817412,0.8548412464384981,0.0013413928885824878,0.017167989006716265,-0.1068529979896925,0.9941256950905151,-0.05847405065948472,-0.011934168302636581,0.3582909383114403,-0.2027150249687227,0.31156168978480697,-0.5567213741910509,1.033839327599056,-0.6538101673537753,-0.03503388981516466,0.011468648963172257,-0.18862425071516328,-0.2773094646435407,0.48771933999289846,1.027594586635309,0.37339039492447174,-0.023145329395740582,0.08901557589750389,0.00102433596078437,-0.16839477179175472,-0.367076468012474,0.1272822081447176,0.022961060420334013,0.7259473713791399,-0.4147297818801365,-0.1335978942570458,-0.3616767975104339,-0.14326560594676402,0.005128114804320224,0.7164347861159469,-0.3750980089202234,0.15527142378246797
-0.07254103791175386,0.0015604219170969732,0.8548371580162605,0.0013479808194129211,0.018374025335377537,-0.10637932190621892,0.9941549265639937,-0.05814390602619246,-0.010545753723801744,0.3584945960541029,-0.20214643824087933,0.31219201530418295,-0.5571942665921477,1.0345956069074953,-0.6531617484599367,-0.03417012003148949,0.011090971769537114,-0.18937539492451283,-0.27746041651804954,0.48859536539879256,1.027657334576874,0.37276695505191887,-0.02310497794794243,0.08862189451734806,0.000955219086433249,-0.1680098518678369,-0.3713635394682608,0.12762310269688176,0.021368586950911102,0.7256668469101432,-0.41281736617639214,-0.13447882033884526,-0.3662713280858972,-0.14222976321484654,0.005116475994978535,0.7186358020304981,-0.376355431601671,0.15108673240470688
-0.07390668778545412,0.0013316343796894205,0.8548924044955936,0.0013166783453221855,0.019553751547301858,-0.10595282976521725,0.994178009726279,-0.05778424941735837,-0.009034334312469198,0.35888136669820364,-0.20195311387963655,0.3128554270707127,-0.557878253344029,1.0353835546305061,-0.6523979593405611,-0.0331194046470235,0.010337632821372688,-0.19055408978306917,-0.2774755365134656,0.48983206534367085,1.0280692850142565,0.3718197335421598,-0.0229573995029708,0.08837913793018058,0.0008855533310681591,-0.16772013909573294,-0.3754979999390339,0.1281251755819491,0.01980744648272686,0.7252476728694144,-0.4108181139171391,-0.1353832500644941,-0.3711794534474743,-0.14091251877709277,0.005308819698824322,0.7215952095632758,-0.37824007009844807,0.14587345094270535
-0.07527919000398466,0.0010199875330493377,0.8550086757601275,0.0012479339789184568,0.020670016645997696,-0.10553658823385038,0.9941997895878868,-0.05751238798223176,-0.0075212088084074535,0.35957079407423964,-0.20159493630056027,0.31402225937459527,-0.5585082873413817,1.0353412624532452,-0.6515950742926552,-0.03237695601021284,0.00939318549554911,-0.1919246620732107,-0.2775846128556484,0.4914393455045174,1.028357798375211,0.370707243827154,-0.022888323186898818,0.08822184526158504,0.0007905551399972359,-0.16751198115936802,-0.37940685191201506,0.1287807716108887,0.018254198561866036,0.7247124831306372,-0.40878270036933234,-0.13633635653589277,-0.37602632093175503,-0.13927036213317773,0.005931855197416407,0.7246817133247815,-0.3802183903693717,0.14041290792355424
-0.07655007069336073,0.0006161736516786568,0.8551226018976515,0.0011392532076899924,0.021734007940566614,-0.10508892624396181,0.994224648951061,-0.057276871063532575,-0.00600947243430702,0.36010198487789913,-0.2010311786590632,0.31532037025235654,-0.559165225612772,1.035127029609703,-0.65101672938314,-0.03166672014618148,0.008435525754019471,-0.19307752485586877,-0.27764377208204727,0.4931875229714133,1.0287310811308497,0.3698087044353326,-0.02273597164167639,0.08814866905124152,0.0006958473804917295,-0.16719767824432047,-0.38313206709733527,0.1295935785381522,0.016663621088332223,0.7242004823929677,-0.4067604486794459,-0.13731492468060288,-0.3805555146336982,-0.1372476775294216,0.00720981280686483,0.7273924071828464,-0.38174462503283874,0.1355124708888492
-0.07771716947203564,0.000164466508713016,0.8551933285619817,0.0009839084873362698,0.022773547963066368,-0.10464579750424641,0.9942482861448462,-0.05704336160107637,-0.0044781913759863535,0.36042264775890975,-0.20021732310838994,0.31666138447938663,-0.5597862768860031,1.034798525806756,-0.6510478206909438,-0.03098060520424375,0.007552540197789671,-0.19407180091315623,-0.27762742005165986,0.4951525016863554,1.0293137670571932,0.3692821658528017,-0.02246532801613737,0.0880629905129337,0.0005934810569112637,-0.16672403231124328,-0.3867599272377506,0.13060955612147285,0.015129408185708315,0.7238033557862529,-0.4048187326779537,-0.1383767593862895,-0.3848970752934228,-0.13474719456091588,0.009423001384880328,0.7298042262202635,-0.3829477405191727,0.1312335897150463
-0.07891282593345242,-0.0004547481607030365,0.8552914623872655,0.0007770383546909063,0.023752154833347378,-0.1042098019553455,0.9942713656384746,-0.05682352384516921,-0.002925234901956554,0.36077676912539014,-0.1994876905798219,0.3180662933265193,-0.5603694524296134,1.034519843388123,-0.6517127589752074,-0.029909591750940063,0.006769555698280897,-0.1952358421934908,-0.27734801211651056,0.497449169564115,1.0302500917207036,0.36908969794320334,-0.022290696507548568,0.08798712988700218,0.0004870181765546183,-0.16623507887015918,-0.3901902132625043,0.13186685538743653,0.01365974158935425,0.7233532503919163,-0.40291070934903694,-0.13927928114194188,-0.38907937007237203,-0.13176090159732803,0.012385164058974158,0.7320831177986167,-0.3840365525969726,0.12743853859024457
-0.08013075662376226,-0.0011680977784868322,0.8553791710964991,0.0005475976532071373,0.024638231971019033,-0.10370587060155641,0.99430264510607,-0.05674998996665578,-0.001438915988085278,0.3610621596463248,-0.19878285190523776,0.3195444226351891,-0.5610747507224276,1.0342109089188032,-0.6525325815723884,-0.028770468994807587,0.006129437471738972,-0.19638871766320315,-0.2769256880798206,0.49992175341696504,1.0313038212272867,0.36930676924468936,-0.02215886743743512,0.0879523094623179,0.0003820526631702356,-0.16571885837964614,-0.39342001603917226,0.13320131294125906,0.012041293036344701,0.7229246879408108,-0.40115357838600224,-0.14020418568385698,-0.39290714715993286,-0.12855969570569076,0.015586148252588116,0.7340884238349382,-0.3847870226280729,0.12401042658697187
-0.08119071670189594,-0.0019753153554742937,0.8554339586427168,0.0003155512998451248,0.025379990687530864,-0.10305479210301306,0.9943517819789355,-0.05694499371242518,-0.00013024000411709753,0.36126740240018035,-0.1980199327003653,0.3211152398630514,-0.5620648670104149,1.0339379472467944,-0.6528201077609327,-0.027763898031702358,0.005552850233237381,-0.1972876916176921,-0.2763862878914691,0.5024589399035783,1.0322719156842068,0.3700815990662202,-0.021831024385150704,0.0881729008932756,0.000285887692672542,-0.16519419875772026,-0.39632997523058194,0.13446850141985353,0.010060873641314482,0.7225678483757272,-0.3994623049532095,-0.14125068077145608,-0.3960626134604466,-0.1253980531698368,0.018529389175402297,0.7356709989279723,-0.3847972793332848,0.1209123063691074
-0.08218994269043976,-0.0028822559902457125,0.8554735806817959,8.901545398245494e-05,0.025935923613930163,-0.1022557653134023,0.9944199708386358,-0.05744192875181062,0.0009369917897127621,0.3614891961513423,-0.19737627829471838,0.3228658907988741,-0.5633514659047757,1.0336643510404084,-0.6518594104093997,-0.02699194000219994,0.005308768492620821,-0.19811656995694682,-0.27574040226034685,0.5051705693845076,1.033073637970955,0.37181186952564466,-0.02156719321345993,0.08858666601328821,0.0001977366930177894,-0.16468498279874724,-0.3988103712700409,0.1356545984335908,0.007678316625611194,0.7222116585417727,-0.397951994221312,-0.14241948860579967,-0.39849160848469317,-0.12210812562176937,0.021653139777792697,0.7366950093352639,-0.3838020277310386,0.11808718522889561
-0.08296633864417582,-0.003919935951331085,0.8554090437922708,-0.0001359085638294148,0.02637303942415693,-0.10134572922687135,0.994501627694932,-0.05817040159524719,0.001804169833214352,0.3615605127070776,-0.19648985248182038,0.32487427897570315,-0.5649035893028285,1.033194380309236,-0.6496506027113029,-0.026576432120382815,0.005340247603604886,-0.19857821425577435,-0.2750568999745676,0.5080220573875321,1.033626090133918,0.3745079554893632,-0.021403350256852773,0.0892843220371984,0.00011499924678552355,-0.16408795822610264,-0.40101745201919803,0.13681755720101632,0.004986362274375553,0.7220269160885664,-0.39656017083744793,-0.14367830743244964,-0.4004099824175739,-0.1186520715322151,0.025048055133947346,0.7374346476172798,-0.38201327382705325,0.11554887821572415
-0.08375929126333882,-0.00497699142927081,0.855396742730465,-0.0003730414057761688,0.026665271773222626,-0.10029089191241454,0.994600704363708,-0.05910750611841619,0.0025355143542973237,0.36185124567628507,-0.19608808085598547,0.3269812534497853,-0.5667506858239013,1.032770128615926,-0.64684838534641,-0.02641408956368131,0.005481614308919416,-0.19921735191804293,-0.27425467109567364,0.5106694250163052,1.0340677595017,0.37753579447391183,-0.02116780495880627,0.09011231946546343,5.4832503286468835e-05,-0.1636664357131603,-0.40293637081455497,0.1379247668549111,0.002017242486206811,0.721783112565972,-0.39521898340979955,-0.14510131742833332,-0.40166065940757906,-0.11547082532644495,0.027606254430146207,0.737742164451362,-0.37999413864994186,0.1133977887933798
-0.0844535516125312,-0.006156053562432882,0.8553275442341393,-0.0006183849118951113,0.026923857051672367,-0.09905745731505108,0.9947172179427881,-0.06021436440007416,0.003219145368922474,0.3620043188411267,-0.19580743125317468,0.3292753657343206,-0.5688461390900152,1.0322623012229182,-0.6443752980775183,-0.026280112959249233,0.005318327341295895,-0.19939284245556013,-0.273392953189346,0.5127679417217229,1.0339851237915778,0.37995196569926637,-0.02093874176049618,0.09136506516423187,3.652406889387527e-05,-0.16330393526587844,-0.4048923196749969,0.13900230785805018,-0.0012302505127594818,0.7216749896364358,-0.39386897086259187,-0.1465259967450028,-0.40244271051657476,-0.1129635554889357,0.028274875817052392,0.7379422434986024,-0.3783547467042887,0.11197307651091608
-0.08510494165329975,-0.0073884726901796245,0.8552792503778178,-0.0008517865499029339,0.02711540701375395,-0.09757073841300376,0.9948587739813599,-0.061596329979976966,0.003834662693835325,0.3621565786570207,-0.19607156491970434,0.3315946769102235,-0.5714854904489627,1.0319437231744488,-0.6428455293366565,-0.025903708271279344,0.004502696162951008,-0.19934769812550054,-0.2724706081639667,0.5143465308213742,1.0334379844952999,0.38107846985623833,-0.020414276767769822,0.09311659326409048,6.974879186336623e-05,-0.16310472730742465,-0.40682800290119625,0.1399214974032239,-0.004852760647762892,0.7215712968745109,-0.3924263095647493,-0.14808730434386136,-0.40259016136733783,-0.11148098235074039,0.026345867629548457,0.7379452511840466,-0.3771761781207016,0.11136372243447368
-0.08570837742894975,-0.008638332521250094,0.855202463790594,-0.0010755065989886908,0.027247259286056036,-0.09586706420005625,0.9950205707163131,-0.06322076349707101,0.004372876903150087,0.36218090795228663,-0.19669209417306138,0.3339577362200566,-0.5745796133066039,1.031700466306002,-0.6421690843817384,-0.02542037329009417,0.003115875683825335,-0.19898676632636708,-0.2715799969343427,0.5155262924234932,1.032370433407483,0.38098839862542033,-0.019716990440101386,0.09533185065679663,0.00014559462225143314,-0.1629716130659204,-0.40874533821495507,0.14070463280781817,-0.008838629676056805,0.7215292749120888,-0.39101742310859394,-0.14986841628638864,-0.40219639211798447,-0.11074732755596917,0.022519344684934373,0.7377351877471472,-0.3762321603089104,0.11136019243252152
-0.0863241450674196,-0.009941948849123073,0.8551105547213393,-0.0013463811539707357,0.027332911759530145,-0.09423872633704262,0.9951734329507129,-0.06455812559675136,0.004936128871799736,0.3621478227022693,-0.19745935927596603,0.33617370504825744,-0.5770876239182534,1.03163017791673,-0.6423011947824181,-0.02506823181106133,0.002139780583594332,-0.19849485924276083,-0.27060048610283177,0.5162163768697892,1.0312952806484323,0.3804245921110483,-0.01943634321439195,0.09689770173948221,0.00025404805680609427,-0.16290289326621327,-0.4105303530136008,0.14174980200167184,-0.012514256377639837,0.7216118288520803,-0.38992473569312397,-0.15143623466776682,-0.4015467670649337,-0.11002225763475844,0.018326819895022668,0.7373452764040789,-0.37551635075552187,0.11169996914730537
-0.08684581345000518,-0.011350762461081621,0.855024910455559,-0.001709812901205931,0.027388707932163806,-0.09251723194044023,0.9953328573958209,-0.06592757653024735,0.005639432206640704,0.3621018262652427,-0.1983719681501919,0.3383921495220832,-0.5795190221548308,1.0316318125633395,-0.6426702031499087,-0.024691365785670136,0.0009168682590345789,-0.19789395865182247,-0.26957772891431314,0.5163639889910885,1.0301648025220445,0.3795118123738131,-0.01906465097695322,0.0988925761488842,0.0003797466110594329,-0.16285529711760527,-0.412339837230649,0.14292455508235158,-0.01659348929030754,0.7218659326975172,-0.38873955513210556,-0.15309703942387776,-0.40049040046627665,-0.10913961500100115,0.013825357257263958,0.7365962014811454,-0.37479936957987015,0.1121685192291384
-0.08732261580490512,-0.012849717613847438,0.854957093449277,-0.0022041136007739516,0.027413335824674152,-0.09081314719958831,0.9954881331276159,-0.06708633345947809,0.006580659887612423,0.36204448995259814,-0.19949465144043957,0.3404735154563631,-0.5814857044103762,1.0318247295254228,-0.6433933390987822,-0.02444829595403554,-0.0004065835010771536,-0.19723787325755368,-0.2685273124353781,0.5156673475516547,1.0290700090126927,0.3783751329924482,-0.01866502646345705,0.1011415918779841,0.0005296647246806415,-0.16283037061837394,-0.41414036438611507,0.14444474625434253,-0.020748995594660005,0.7223572558196548,-0.38767952664266225,-0.15463308398525116,-0.3991202992954145,-0.10785907076754785,0.009431788618257043,0.735497044066416,-0.37413884974463724,0.11277536837424422
-0.08783374753530279,-0.014350647574827508,0.8548066281920863,-0.002794735430092406,0.027441080647340615,-0.08909810782908516,0.9956408507730387,-0.0680866338101991,0.007722050603451845,0.3617569923532123,-0.20079390186131132,0.34243223704737147,-0.5831072445119682,1.0321363541525144,-0.644576384115033,-0.024527077296131527,-0.0017314453996239224,-0.19639338460709627,-0.26759470283506914,0.5141034664553611,1.027833888211873,0.37702912301104985,-0.018316124733954203,0.10350619147729023,0.0007083796568615366,-0.16275443751485996,-0.4161075251312277,0.146208452360223,-0.024995762096896176,0.7232063975258207,-0.38696790642925716,-0.15619560162944676,-0.39759515395156897,-0.10642409648906756,0.004783996648465826,0.7342142328308225,-0.37374237320747594,0.1135142782378466
-0.08811909516645318,-0.015843926602771098,0.8547343180093742,-0.003447965043683795,0.027399111623558427,-0.08743898752488076,0.9957870373126587,-0.06888466987658136,0.008964248027291523,0.361623335672342,-0.2022051566255637,0.34403651533831425,-0.584231620890841,1.0327818115585483,-0.6460392621311761,-0.02467680968420525,-0.0030415936368391474,-0.19556255828712993,-0.2667118144700086,0.5120629482699262,1.0267968127159965,0.37559109863872586,-0.017682251446291,0.10595221777776791,0.0008842065435252891,-0.16279336370884695,-0.41777690944318285,0.14810750779078516,-0.02921267406249811,0.724049220021754,-0.38614229895992785,-0.15790701707253327,-0.3955901581791025,-0.10484126381837836,0.0001272721694234617,0.7324735012928328,-0.3731376720921465,0.11414022886684858
-0.08854467335871694,-0.01746301285920314,0.8546018418551051,-0.004117806947920662,0.02737903411112073,-0.08591113950062941,0.9959180228647269,-0.06947425885228396,0.010255864450195138,0.361292147748901,-0.2035851122180952,0.345471326950946,-0.5843475066469473,1.0333657268265046,-0.6474275381594756,-0.02450671303283379,-0.003833463353243729,-0.19483084750876026,-0.2659451419338258,0.5099695193341895,1.025613764646142,0.37420656080018555,-0.017548777495670898,0.10827879335096653,0.0010353643888377602,-0.16283907245606824,-0.4194361933005409,0.15018911139733504,-0.03321544833801071,0.7249091674407285,-0.3855825948608401,-0.15952758420413243,-0.3935706351043604,-0.10300447139300123,-0.004210198420458761,0.730472904956062,-0.37274831117735857,0.11482206529325821
-0.08901140585032523,-0.019104990450145704,0.8544551448898972,-0.004800169404158301,0.027362983741420717,-0.08455526699458255,0.9960314414304071,-0.06984287760859169,0.011574407769566688,0.36094136678276806,-0.20484572668710374,0.34650869120161776,-0.583412690276885,1.0339353690047952,-0.6484012791312469,-0.023983109011964987,-0.0038495944826075464,-0.19426761581008953,-0.26539261792358965,0.5077656436534866,1.0244870842923526,0.37294277366656753,-0.017851896472183375,0.11032809398605385,0.001161782239078008,-0.16298195457728387,-0.4209788850582641,0.15240681106135248,-0.03696643490657569,0.7257259699001248,-0.3851401247620245,-0.16130935180597725,-0.39148063683577755,-0.10092240782910326,-0.008128092300182608,0.7281463651200671,-0.37241670401920757,0.11530947331429989
-0.08927213034167142,-0.020740739641369424,0.854339549421349,-0.005517772390138669,0.027286599342399565,-0.08333217392873671,0.996132894985649,-0.07007696843707988,0.01300342443902979,0.3606244345620862,-0.2060162503323875,0.34690229100779285,-0.5817244254330391,1.03489016168033,-0.6488636240485834,-0.023062678811389594,-0.0031706884261315056,-0.19373385055233897,-0.26509598793707945,0.5055674459216326,1.0235480794662415,0.37176637078594454,-0.01827304655747218,0.11210107385402632,0.001281605070892207,-0.16328374725643177,-0.4222033023912787,0.15475431431638362,-0.040544710065117104,0.726511918202817,-0.38458128503001904,-0.1633394987006475,-0.38903758539861927,-0.09863591293771078,-0.01176640543694591,0.7254308357192633,-0.3718760420595732,0.11552931157687213
-0.08948566541329175,-0.022354448526747627,0.8541976021827601,-0.006236783586539672,0.027207704130968322,-0.08219563909465305,0.9962252357174252,-0.06999003315186501,0.014435931765093701,0.3602909442651187,-0.20710799973215369,0.34704355951564897,-0.5792512753318815,1.035542582506681,-0.6489730650097884,-0.022047619021776623,-0.0018830116349399185,-0.1931663530103228,-0.26500975194400195,0.503034326164347,1.022603445604901,0.37083249027573106,-0.01884360671301891,0.1136115942508338,0.001402543662751557,-0.16355920531217008,-0.42330122588365926,0.15716817509525702,-0.04394803235190253,0.7273183300449506,-0.3841914100592813,-0.16547691993403213,-0.386423938949459,-0.09625534158863583,-0.015195118187432043,0.7224457344884191,-0.37143144457292915,0.11556240267728399
-0.08962474952664103,-0.023916909536031664,0.8540431902367177,-0.006933715835510086,0.027016125235116043,-0.08110805543365955,0.9963149782602713,-0.0697189751273699,0.015812957239104197,0.35988754552037144,-0.20801994406944618,0.34690589502356844,-0.5763341470126448,1.0359129779521414,-0.6488896268158766,-0.02092377834309651,-0.0003161558236888663,-0.19265360239727244,-0.2651493193787003,0.500871749048853,1.0219469773609056,0.3702178527599878,-0.019340474061712312,0.11487444349839228,0.0014998460904347049,-0.1637873842337573,-0.4240390345493645,0.15955247100447775,-0.04716330919360976,0.7281471037321722,-0.38401252494808985,-0.1676095664219435,-0.3833903982588538,-0.09390117090602002,-0.01847156542767946,0.719247352483455,-0.3711636649631482,0.11539872451321459
-0.08960838748751139,-0.025539871135811992,0.8538958300583381,-0.007625899028015774,0.026677057116921605,-0.08006155824427837,0.9964036968915232,-0.06930536818648167,0.01720087108025452,0.3594521056594468,-0.20861825269918577,0.34636571783971487,-0.5726539303115823,1.0360926312977918,-0.6488058116459773,-0.019496562359718035,0.0012426301868294204,-0.19209442585795708,-0.26547928225197087,0.49931855505271944,1.0216599087603202,0.3701227464954017,-0.01965605800401334,0.11603143044759726,0.0015693143223149623,-0.1639171325607144,-0.4242507594393154,0.16199892175949746,-0.050165828181451586,0.728953002226977,-0.3840118208609228,-0.16956418555630173,-0.3795797689952099,-0.09148007423851795,-0.021593418916118167,0.7154690568984058,-0.37100747490810726,0.11517391370638376
-0.08947077263926535,-0.027239775359903375,0.8537203130942881,-0.008320217662583958,0.026230182020667646,-0.07907392951813388,0.9964888685779548,-0.06869597690936932,0.018611848006730946,0.35891678477859407,-0.2089487313973622,0.34543646453286503,-0.5682576777726092,1.0360514918517982,-0.6487616611634307,-0.017800674734439085,0.002744672250423413,-0.19145004501971286,-0.2659753022179453,0.49818494471464597,1.0216702614737894,0.3705918064161095,-0.01975886702688776,0.11711268541533443,0.001627714633483942,-0.16395520250465517,-0.42408278778610237,0.16453611259211465,-0.05296964815877199,0.7298004561123973,-0.38419305311278745,-0.17134369437201602,-0.3751662510438136,-0.08894686176195887,-0.02453996065687771,0.7112278962577502,-0.370999621773513,0.11493307244254494
-0.08926478028900775,-0.028828688858681277,0.8536384484950381,-0.008981116283152945,0.025696108303670053,-0.07814155818677494,0.9965705928094101,-0.06795036357943701,0.019967898189402672,0.3585338880304058,-0.20936546579280862,0.34404229119185636,-0.5635707772020494,1.0358287603124943,-0.648732363086563,-0.016093537713877046,0.004075752061364029,-0.19113874288496954,-0.2666481325856699,0.49732225530981466,1.0221296490390333,0.37139437772480555,-0.019424567976972822,0.11801859622167951,0.0016756106328258556,-0.16406739836068784,-0.42354327429249256,0.16696321154288488,-0.0555982322387997,0.7304595798448887,-0.3843507351147373,-0.173154248395685,-0.37055634690069933,-0.08649549728945571,-0.02735782400732977,0.7069910457821157,-0.37102589507498235,0.11444970962776017
-0.08910771781790323,-0.03038763644035342,0.8536662192237819,-0.009577466700616821,0.02514048579681,-0.07725696790120234,0.9966481771498973,-0.06717061656952553,0.0212360521187496,0.3583297159797153,-0.21004593305085975,0.3423881149825466,-0.5589279779109138,1.0354224634317948,-0.6486253989461872,-0.014353098659896382,0.005177716863072673,-0.19129453136782693,-0.2674131765092979,0.49679079484471833,1.0228553148745023,0.37205338326492304,-0.019015512069887053,0.1187197145326628,0.0017138660344035823,-0.16434005151008538,-0.4228314033609244,0.16921510628581127,-0.058076298397170434,0.7308369801735448,-0.38434761963433556,-0.17477710558517845,-0.3663662826170968,-0.08420740130810897,-0.030066246610827917,0.7034546661394885,-0.37111448810552666,0.11392870292357206
-0.08893924759904712,-0.03186146201519185,0.8537117685790874,-0.010070448168743073,0.024596853058433385,-0.07635259182144245,0.996726573647684,-0.06639105057018078,0.02230587843081051,0.35812587597360807,-0.21081299767159561,0.3404983455313556,-0.5543134239961367,1.0346613469829877,-0.648378320715795,-0.01285406839172262,0.005920442937558159,-0.19166128820872713,-0.26837303280581326,0.4964950596163724,1.0237279068085714,0.3719845210893122,-0.018721318066224922,0.11920198160122862,0.0017392551912573653,-0.16472197172768205,-0.4221030072341773,0.1711436335603072,-0.06053076702527221,0.7310643577850894,-0.38421158398253497,-0.1763113021783617,-0.3628132382513877,-0.08224030915911427,-0.032773248225772156,0.7009951774504263,-0.3714095530916328,0.11326842334691857
-0.08866393236706203,-0.03329957115190409,0.8537739930704905,-0.01047784403759818,0.024040152130098705,-0.0754475825323347,0.9968048696509831,-0.06556653308678737,0.02319838332359503,0.35790485680097667,-0.2115670892920701,0.338355604350548,-0.5496193545645706,1.0336374651724398,-0.6479646516849591,-0.011579676380644496,0.006200215541845477,-0.1921725542795964,-0.2694730325046231,0.4965146171079799,1.0248281089224962,0.3710200726598969,-0.018540799550395955,0.11950873254221149,0.0017491051280016598,-0.1651698245810647,-0.42125729013532087,0.17282660707371325,-0.0629329592592768,0.7311931230277459,-0.38393424682283994,-0.17773858690801392,-0.3596205669690361,-0.08051097034601958,-0.035440439974077954,0.6993068706503835,-0.3718417525769415,0.11247705818523143
-0.08849297175341883,-0.03467209913141097,0.8538505938720049,-0.010834091180960804,0.023522337008448694,-0.07466686249256453,0.9968721993191813,-0.06464372978772406,0.024075110480160353,0.3576301914814499,-0.21244684649417925,0.3360203940066021,-0.545121387251013,1.0322963118339872,-0.6473165312702038,-0.010477453856191149,0.0062210836401405,-0.19314213622256812,-0.27075137153795154,0.49692557752379846,1.026156259504938,0.36947163381263226,-0.018638730197097924,0.1195440579370871,0.0017439921541925548,-0.1656361395438793,-0.4204243950351892,0.17442403545640917,-0.06505851043152593,0.7312265984985685,-0.3837058729012436,-0.1790267559474357,-0.3570186099487787,-0.07888756072311302,-0.03785785208544925,0.6982949890258093,-0.3724525463167336,0.11160826731105308
-0.08848693791687771,-0.0358902034391251,0.8539038969808066,-0.011172117905781015,0.023086615057512763,-0.07414655621332684,0.9969174891576488,-0.06351049005581057,0.025092535300117524,0.3572610147748879,-0.21337095354945185,0.33351395395290145,-0.5412525811793957,1.0305421937744725,-0.6463033418021928,-0.009575008347189945,0.006260802774813919,-0.1946799230983928,-0.27229863952212924,0.497769219458643,1.0278112647261974,0.3679676609526577,-0.018970362322903285,0.11924113494035261,0.0017166545956075966,-0.1660668702372249,-0.41971519924802275,0.17607115153290423,-0.06668130625926977,0.7312893832356302,-0.3836605335871716,-0.18029399692186823,-0.3552216589575658,-0.07726110033594517,-0.039786320455435745,0.6979707415237585,-0.37320248766440195,0.11055375261155508
-0.08852832132884565,-0.036985817748670685,0.8539292312534021,-0.011506153135895609,0.0227624125733659,-0.07399527524402268,0.9969323849968039,-0.06196265401253416,0.026339704174885605,0.35686781992302374,-0.21428402765528015,0.3308257503722102,-0.5382396067551111,1.0284029327900883,-0.6446520627170066,-0.008664164923927454,0.006514442876424993,-0.19685725181595234,-0.27410306559321257,0.4993824167623117,1.0300408059466377,0.3671396765473385,-0.019362977507069404,0.1186566747844748,0.0016506440853975744,-0.16650275305246393,-0.41914854218926617,0.17786205865646443,-0.0676267209609072,0.7314395761710757,-0.3836391263659432,-0.18149829860604624,-0.3545076450514153,-0.07555367501742954,-0.04104481038256871,0.6986230704190917,-0.3738611601163371,0.10927969195223483
-0.08854474021988509,-0.03801475183288364,0.853934196866161,-0.011827881315768691,0.02251895751019556,-0.07413385895176006,0.9969238530264766,-0.06006707261103609,0.027756582508391702,0.3564723704595729,-0.21517314528366524,0.3279476557311716,-0.5359291416060354,1.025892749127553,-0.6422595002710736,-0.007620136029006415,0.007014499436247846,-0.19957609733443893,-0.27607379146301153,0.501683168736857,1.0328564131090365,0.3671368386428796,-0.01971538821477241,0.11785309403372747,0.0015452456769579684,-0.16696192506702554,-0.4186408754361613,0.17975241261172345,-0.06801453731440098,0.7316496779387786,-0.38358642462448367,-0.18258679744187986,-0.3546934993251679,-0.0737911161359919,-0.0417493220022573,0.7002037944694784,-0.3744162950916025,0.1078332672840044
-0.08852147885322258,-0.039027378555330845,0.8538951478829435,-0.012184650255400801,0.022187144183966296,-0.07445815274991076,0.9969028279728099,-0.058087242565096925,0.029349287175516756,0.35648784931491684,-0.21599489573807076,0.3248619371492271,-0.5341419428510057,1.0225321156015588,-0.6374312946572903,-0.005685111123111763,0.007927165960134304,-0.2031012625633673,-0.27808772507202445,0.5045487493214247,1.0366592923425053,0.3681789784210553,-0.020545988886841098,0.1161657901407117,0.001420532654656941,-0.16764212943767726,-0.4178541392242819,0.18179741060873356,-0.06801161320449679,0.7319856957666142,-0.38370711253812145,-0.18366873501821174,-0.3549750947888252,-0.07189586150611353,-0.04205080562944721,0.7021479390493093,-0.3750449075794668,0.10616205582072592
-0.08845687413981836,-0.039954594762439594,0.8537634109847207,-0.012508397603264337,0.021833651355734382,-0.07471440222181265,0.9968874508983016,-0.056425107641984475,0.03088662107229772,0.35618343712856865,-0.21661525019129776,0.3218544314474202,-0.5331925839462501,1.0192033576289978,-0.6334563316282172,-0.004725900041105133,0.008561402436762205,-0.2060154049069106,-0.2801216995284295,0.5062056468041195,1.039676045380976,0.369456862425282,-0.020824299729077497,0.1147353492227825,0.0012838179406454218,-0.1679893053779347,-0.41703780207671304,0.1836634748159031,-0.0680873610784928,0.7325024363536659,-0.38418486300522137,-0.18459265489164964,-0.354946593310448,-0.07014925976404009,-0.04235959076567596,0.7038558078810717,-0.3758854415339486,0.10468829278677964
-0.0884085217089401,-0.04082261280546262,0.8536073316193417,-0.012836324009407709,0.021365798331039763,-0.07493412574576683,0.9968769273317152,-0.05507948447921034,0.03237045598124927,0.35588223554415066,-0.21700833487192986,0.3188832471654161,-0.5326864087069593,1.0156769303610904,-0.6304831023184221,-0.0043796452166766885,0.008582841365326093,-0.20871989858409573,-0.28206949192288877,0.5069082588097378,1.0423605291291074,0.37065420194041954,-0.02081810499882367,0.11351759500387361,0.0011403044127512507,-0.1681389240388437,-0.41591095471285444,0.18545715397835755,-0.06815889594488148,0.7330959844912686,-0.38506640884828786,-0.185424466160437,-0.35431388157879784,-0.06844022630200768,-0.04260311645055328,0.7051222919280554,-0.3769905376357756,0.10325857117485636
-0.08801962443127698,-0.04166399722100914,0.8534639169592578,-0.013157776756617622,0.02079548418487491,-0.07518841093313863,0.9968656497290347,-0.0538943129867073,0.03379458387466972,0.35565349686767417,-0.21686076474013624,0.31590143274205884,-0.5327147063149572,1.0118902592621362,-0.6282969935017177,-0.0043722662349211655,0.0076586755905055075,-0.21115391838298145,-0.28391193356384054,0.507080121357986,1.0450202920413323,0.3718477772217316,-0.020135665285844234,0.11274700030181421,0.0009763196979785723,-0.16818194031171976,-0.4143342165263236,0.18718387783113086,-0.0681313787615642,0.7336921337837765,-0.38585055144165514,-0.18620862023583865,-0.3531861703576888,-0.06676663394258381,-0.04266875059404686,0.7061733653616414,-0.3778706491636823,0.10174823389067333
-0.0875297571745322,-0.042567491927924916,0.8533356801440715,-0.01346765049930402,0.020181777543252632,-0.0754128548258759,0.9968571710993686,-0.052928978089731175,0.03514071243600521,0.3554190946706112,-0.21659474868428058,0.31300590746834933,-0.5332698880305169,1.0079703069022647,-0.6265320345047415,-0.004425146355766427,0.00626437572632285,-0.2135485784749219,-0.2855775798836829,0.5068233480241396,1.0475480962868975,0.3728987642686273,-0.019192355631049117,0.1122874863961867,0.0008065576855396205,-0.1681727342768981,-0.41257180723287823,0.18885362238012646,-0.0681109234463073,0.7342572244931242,-0.3866446571272867,-0.186776140703537,-0.35177447466814404,-0.06514309988659107,-0.04272310569352534,0.7070666579867286,-0.37874351466243933,0.1004654223207688
-0.08713839331390788,-0.04343334967391642,0.853172642586688,-0.013754367680806978,0.01958214079795374,-0.07554511079451647,0.9968552018054155,-0.052222639045674896,0.03638072943559438,0.3550602098107105,-0.21642875023938926,0.31019318765792525,-0.5344558791207332,1.0039995711400687,-0.6247321101841983,-0.004742017969584254,0.00504522169984737,-0.21593264363752124,-0.2871915095944618,0.506129841014138,1.0497734114317587,0.3736048572265391,-0.018159304658763396,0.11187134848086205,0.0006429034759711693,-0.1681409506464853,-0.41093806831063745,0.1903819900689856,-0.06823922644731316,0.734862690511098,-0.3876280841837642,-0.18729922505063443,-0.3503255951662255,-0.06367864363480819,-0.042957782799294714,0.7079297090592346,-0.3798891782373263,0.09937906487830062
-0.08664706965142983,-0.04424147563808974,0.8529941237042399,-0.014009902507918332,0.018961675726229518,-0.07556272756866414,0.9968623032735048,-0.05181796597036049,0.03748370028472538,0.3546666607054509,-0.2162030259755188,0.3074161125642977,-0.5364517979314728,1.0000698404700308,-0.6223289968775413,-0.005131321091414964,0.004220453476391141,-0.2181882641830832,-0.2886830764294656,0.5049942841602616,1.051858248557934,0.3737520033845245,-0.016682224932625913,0.11162931297595598,0.00048156128990360875,-0.16811260201929723,-0.40926858497099267,0.19170622219248584,-0.06856345984578618,0.73548343348891,-0.3886457907322453,-0.18783304851504948,-0.34862305098722357,-0.06243740513079065,-0.04343494830700201,0.7086764793943376,-0.38114017955197277,0.09840083237276809
-0.08595493558908807,-0.04504068792766832,0.8528327922452866,-0.014240732277558761,0.0182883404978793,-0.07550001764856833,0.9968763641902137,-0.05168151037831677,0.038448009694233856,0.3543353412542858,-0.21586610248984345,0.304713734900329,-0.5392217235027684,0.9961551277791644,-0.6193121224809462,-0.00538583785967392,0.0036597950056283116,-0.2203643245853695,-0.28997151541721444,0.5034660116018821,1.0538835947003247,0.37335358501310395,-0.014693232219068542,0.11168349929932299,0.00031637477636516054,-0.1681043850793959,-0.40740623495381995,0.19286873389715428,-0.06901285552864357,0.7360710585438045,-0.38956455782991,-0.18830212307772487,-0.3465615183269385,-0.061358164871824314,-0.04405040271672712,0.7092762420618897,-0.38234479162399854,0.09753578459078797
-0.08535560410543351,-0.045743275509319975,0.8526416220235202,-0.014459151346800264,0.017628401547466116,-0.07537884791444928,0.9968942780898601,-0.051751627701964634,0.03930971389995035,0.3539444629258356,-0.21568389734040808,0.30213451949540665,-0.5425544325277618,0.9922598835092628,-0.6162814472598778,-0.00591117228458097,0.0033338491776570677,-0.22259939483705848,-0.29119002845823233,0.5015739742350598,1.055534862134034,0.3726421899210041,-0.012590430418611262,0.11166932998545427,0.00015671050201395052,-0.16811614072165285,-0.4056644440148204,0.1939118142202182,-0.06956559480514328,0.7367168018795668,-0.39067082657847385,-0.188870594381668,-0.34450661282518685,-0.06040825774889061,-0.04475540637640074,0.709848684133288,-0.38373872691160826,0.0967521161497245
-0.08497306879650765,-0.046456133830595714,0.85249111733998,-0.014689250160975813,0.016971939086851483,-0.07521887454458193,0.9969143895669217,-0.051991721593530306,0.04010072655592895,0.3536775862503803,-0.21593522467733067,0.29968230903548976,-0.5462485346919146,0.9887661321107801,-0.6141133448966065,-0.006572766649049477,0.0029436521041204104,-0.22500272266364013,-0.2922461696422903,0.49954010314929803,1.0567215712077578,0.371942223584455,-0.010780463464501391,0.11139440200121832,1.304895698608459e-05,-0.16830135595295595,-0.40402972200915993,0.19494511665004605,-0.07017603377533907,0.737282919176495,-0.3918520470501311,-0.18938644434649532,-0.342492826373887,-0.05945994372980991,-0.04548234167638638,0.7103100387759111,-0.38519264362189987,0.09627475070416124
-0.08452900031696153,-0.047166151861147976,0.852329188040006,-0.014923143990043441,0.01635478088148622,-0.07497698236247853,0.9969394530419532,-0.05250343735008428,0.04081859607044019,0.3533574677666779,-0.21620198411044156,0.2973410956378794,-0.5504745074264485,0.9856883836932393,-0.6136383038042119,-0.007496911799645842,0.002034199062195142,-0.22708692155114332,-0.2932217105558264,0.49720932575010923,1.0572084434638844,0.3715214919102696,-0.009105561409768873,0.11096136522466703,-0.00010856695180841636,-0.16860546289627776,-0.4025860625246838,0.19589961630260902,-0.07098111521475263,0.737908285578072,-0.392904729075011,-0.19001579864675128,-0.34053269090908667,-0.05856998964096849,-0.04628469072684155,0.7107503347466072,-0.3864767722147644,0.09611446819623946
-0.0840229169409202,-0.0478391351388601,0.8521879662224713,-0.01515542779155996,0.015752777302498733,-0.07465835041648064,0.9969695550661535,-0.053267875679841134,0.04145367366902577,0.35304856677399177,-0.21662072528404586,0.29502061895421805,-0.5552370983926534,0.9830741591466139,-0.6148159060792765,-0.008564401594630344,0.0005781383643023866,-0.22903620916698192,-0.2940768488241815,0.49454686128270486,1.0571565547819848,0.3713529544952305,-0.007504214486199308,0.11038106465750121,-0.00021118935133784751,-0.1690211803762629,-0.4012272056219958,0.1967488038572024,-0.07195240874483995,0.73853162007221,-0.3938401601697961,-0.19075676066838437,-0.33850823381965367,-0.05776935390442836,-0.04717834623160507,0.7110777723057684,-0.38761547878171104,0.09617177622417904
-0.08349972020537659,-0.04843178591355185,0.8520733329070529,-0.015389698089237827,0.015158397092461947,-0.07435630264164594,0.9969977534818093,-0.05407062914780911,0.042031603129874535,0.35275776470287035,-0.21720806945712184,0.29266959117534236,-0.5601852276972534,0.9808085337329058,-0.616925893148739,-0.009814040923079215,-0.001323299052400791,-0.23099471684964015,-0.29487899415220886,0.49183507217404404,1.0567327879352484,0.37125446348093355,-0.006031396484559687,0.1096548395009829,-0.00030458609652690737,-0.16948450929402342,-0.39984111237637876,0.19755733025362332,-0.07288460384924951,0.7391109652347794,-0.39476743233637823,-0.19159622227740458,-0.33648985119510927,-0.05700192555147752,-0.048027210323781655,0.7113595617296669,-0.3886955593098408,0.09609784572419706
-0.08299279142719161,-0.04896255401511543,0.8519489278917654,-0.015629850949258894,0.014583666344394182,-0.074166381273985,0.9970167362306324,-0.05471508698543899,0.042592196019918066,0.35241024763058176,-0.21782604158491592,0.2903158379102697,-0.5648750296894408,0.9786786670053171,-0.6189744998012996,-0.011169416454450805,-0.0035106487739708734,-0.23297872463183944,-0.2956687772504733,0.4894221652408855,1.0560621891614077,0.37095316055183003,-0.004792243247389798,0.10886698264353305,-0.0003994602983540782,-0.16987816883691348,-0.3983619605689036,0.19842732779912547,-0.07356247379048642,0.7396435385386181,-0.3958235611696872,-0.19243348485003664,-0.33458741095679423,-0.05618785855809537,-0.0486825136976391,0.7116983823302322,-0.38984519005184326,0.0956543592533422
-0.08244467777600643,-0.04947694337060754,0.8518258489206956,-0.015902671453134336,0.014016520271552554,-0.07411312288279963,0.9970245168583823,-0.055220135508396516,0.043190338027619554,0.3520503539089548,-0.21838016018317236,0.28800684342095606,-0.5692651363449076,0.9765234644660633,-0.6200287797325763,-0.012487647662132017,-0.006222767429148889,-0.23507708129036556,-0.29642048131230264,0.4876189624838134,1.0552842185816051,0.37023184764012396,-0.0036220252962407026,0.10815775242067222,-0.0005063986093222823,-0.17019400458260253,-0.39670607998329416,0.19944494951725114,-0.07394974779313228,0.7401116223162582,-0.3969701307883776,-0.19322619791023715,-0.33278809626331163,-0.055242629477334236,-0.04912558081628294,0.7121535812273149,-0.3910204989254074,0.09467541660707661
-0.08187063350817714,-0.04999681725174764,0.8516808491887425,-0.016199606505853704,0.01346983850519244,-0.07414743729325107,0.9970247207278983,-0.055696138433736886,0.043815082460396525,0.35163574432182915,-0.21891161448931903,0.2857955928251725,-0.5735188609144926,0.9743437367269597,-0.6201513998053289,-0.013762034557980477,-0.009442141815960509,-0.23720770428700455,-0.2971385742309271,0.4862609694769842,1.05426192425626,0.3690696548622084,-0.002573487035176284,0.10753668648232192,-0.0006152914502161552,-0.1704492633522885,-0.3949932544345505,0.2005647098703054,-0.07415139339773812,0.7405861673412432,-0.39820824785742825,-0.19395625551830936,-0.33110354012220083,-0.05420631661864327,-0.04941835133699849,0.7127197854411432,-0.3922370100408601,0.09340106973450198
-0.08128106188902749,-0.05049679033769695,0.8515630468966537,-0.016481393411490155,0.012927241105409838,-0.07425412782668443,0.9970193451530005,-0.05607925371789189,0.04439988406465119,0.35128796263550827,-0.21965833622379038,0.2835607506259386,-0.5776053984225372,0.9725130891446984,-0.6201584542863597,-0.01490477317640663,-0.012650716170258432,-0.23932181231006416,-0.29781191196322243,0.4850320357784223,1.0530377504933235,0.3675875997051034,-0.0016955446988928568,0.10695648328066648,-0.0007108066794814762,-0.17072884854623202,-0.39315754210621073,0.20167676827538222,-0.07416017747635029,0.7409526038699387,-0.3994240348873998,-0.19458952728741638,-0.3294055219423499,-0.053176064331678985,-0.04953399015015073,0.7131815454916687,-0.3933677561096972,0.09212756165347526
-0.08064533020458008,-0.05092663793184135,0.8514546853153838,-0.016709287043654687,0.012405658531721441,-0.07442273525286418,0.9970096066941232,-0.05631402537353426,0.04487310234066927,0.3509483044138227,-0.2206304293888295,0.2812634609540485,-0.5814510709733085,0.9712946511651804,-0.6211877403483286,-0.015867481138697837,-0.015103716519011701,-0.24116858155571133,-0.2984736009840648,0.4835853509072977,1.0515417448197089,0.36596428457432234,-0.0010452694253469078,0.10639690193407317,-0.0007791013262475258,-0.17102602149843704,-0.39127142649202534,0.2026597207137627,-0.07398839859243896,0.7412738917916037,-0.40058858857771007,-0.19514084582625033,-0.32768301908314673,-0.05226761573145075,-0.04944181621204881,0.7134656749236469,-0.3943630300905721,0.09111931409478043
-0.07990699109114022,-0.051272872862880035,0.8513691118673827,-0.01683547915990606,0.0119987882632006,-0.07464337379805855,0.9969959691341364,-0.056468840647691684,0.04512353700205836,0.3501200639418716,-0.22142528842911197,0.2788838843906137,-0.5848614121312162,0.9708446978590314,-0.6231306130588827,-0.016130757232580256,-0.015796280362743588,-0.2425536351160878,-0.2990248798620627,0.48202984430639756,1.0501015049187727,0.36480384364049073,-0.0007153525164522142,0.10609848207602025,-0.000760688626914059,-0.17112635938910295,-0.3894934923440553,0.20340523064574284,-0.07366287707003846,0.7415206100247811,-0.40152430012601814,-0.1955687388493975,-0.32608469926827355,-0.05157763736902613,-0.049124023279465696,0.7135420080557768,-0.39509281450091316,0.0905442342946973
-0.07933362652133923,-0.05164735785045672,0.8513003746541219,-0.016940435667409198,0.011570924307508718,-0.07494419541948164,0.9969766812333155,-0.0564210294178695,0.04530757015421557,0.3494222400407058,-0.22281700229701526,0.2766520228415749,-0.5884484645002799,0.9710158459655971,-0.6267508171235757,-0.015456640391066642,-0.015510200290592144,-0.24380744285020675,-0.2994444497538286,0.4801453398729041,1.048215916641877,0.363369049204524,-0.0007226109122832771,0.10576678301759958,-0.000747864825658481,-0.17128382767558015,-0.38756771859324346,0.20416727325411846,-0.07309155921544899,0.7416074190250205,-0.40267489180047766,-0.19578524361069793,-0.32438257517381985,-0.05087713604976505,-0.04855433761266418,0.7133365147910169,-0.3959527734685587,0.09033092419614999
-0.0787310749688132,-0.05203213683048294,0.8512232139037067,-0.01701682475121881,0.011148905637881545,-0.07529814855942214,0.9969535186767677,-0.056224248023638526,0.045417584446692374,0.3488663518865189,-0.2244088371918604,0.2744441283584681,-0.5915498420832163,0.9717176736211773,-0.6315679709487266,-0.01428119181550896,-0.014567117211833989,-0.24484202352651196,-0.29981390194141994,0.47819332500244577,1.046111952745596,0.3618052054543706,-0.0009373762284045255,0.1054732781901749,-0.0007328414865194338,-0.17149473135445673,-0.38561018663235475,0.20488097756224932,-0.07235242703794391,0.7416934635559554,-0.40378139269582664,-0.19581904233005906,-0.32272658743293064,-0.050230257040862994,-0.04783296210825187,0.7131292522723838,-0.3967230192884366,0.09032968682800294
-0.07803188063460609,-0.05225908370678514,0.8511775410329228,-0.01707211949744811,0.010761036485024151,-0.075685328399784,0.9969275168710365,-0.05593240552957052,0.04549050246434935,0.34850738450744334,-0.22617331072909008,0.27218779824203987,-0.5936634735776859,0.9728953078226,-0.6367302774823882,-0.013535415885501808,-0.013737588228946085,-0.2459014041105558,-0.30022181421077415,0.47635618721839024,1.0440621191462962,0.36030591738369055,-0.0010008157927482136,0.10513139572635037,-0.0007201146876319824,-0.17175752524266416,-0.38367781748069646,0.20547643176692007,-0.07151324832173593,0.7417391662782573,-0.40472483570407447,-0.1960005255424855,-0.32118717424547966,-0.0497116484414263,-0.04709697857188608,0.7129531635377038,-0.3973040942789652,0.09007501278034945
-0.07746088708762479,-0.052492227711387986,0.8511678133705637,-0.0171298198274943,0.010452469552553682,-0.076117095627545,0.9968969369529423,-0.055538471361504804,0.04558098833231455,0.3482883406009199,-0.22822780547336363,0.2701649840875322,-0.5940827238021839,0.9745724222340045,-0.6418161356819035,-0.013728703793235188,-0.013560195610938767,-0.24711731983051044,-0.3005085245319717,0.4747678480529413,1.0419418465651729,0.3590185828901439,-0.00127928669210693,0.10462874051277303,-0.0007052869540521777,-0.172027792728778,-0.38193661388404343,0.2061021091554246,-0.07050667858327021,0.7417284026118566,-0.40563885726343085,-0.19600909710642947,-0.3199460210222439,-0.04918525424259809,-0.04634254165992077,0.7128104598969776,-0.3978339447784298,0.0898024861432787
-0.07693043148753377,-0.05265054931572308,0.8511290071076217,-0.017168715066501826,0.010222299277632652,-0.07660220847183576,0.9968614956340134,-0.055070628954771696,0.045633157338015734,0.34809594757898454,-0.23033092113994486,0.2684452332880061,-0.593019603911127,0.9765660487460307,-0.6467765736211003,-0.0150929467251605,-0.014165784835615577,-0.24830246444781648,-0.30079391955148677,0.4733548372830659,1.0397310993743272,0.3579854113217965,-0.0017571608559308477,0.10393760329625341,-0.0006828569622273581,-0.17225587783413304,-0.38040159095491427,0.20668532596926573,-0.0693385738587974,0.7417990154342217,-0.4065821156823989,-0.19598211435512083,-0.319003121637792,-0.04872032254790139,-0.045520274986867865,0.7127847642693365,-0.3983580182703303,0.08943822925065109
-0.07640160658630027,-0.052742425751221816,0.8511019409747934,-0.017186364245200557,0.010040908588830527,-0.07709568684437848,0.9968249917155652,-0.054629487061365736,0.04563823981389696,0.3479818016414856,-0.2325022763921286,0.26707737926278297,-0.591138475700214,0.9787193488168546,-0.6511892753991426,-0.017174927280848015,-0.015382264749506633,-0.249499716023872,-0.3010129300084473,0.472202960986744,1.037555021046665,0.3571651246815641,-0.002273712706249377,0.1031549510958246,-0.0006499971011175184,-0.17247737442562514,-0.3789615681874757,0.20717497802507098,-0.06814773618687936,0.7418285093203207,-0.4074714718629945,-0.19596118030258614,-0.31820906944604593,-0.048354590188011304,-0.0446926478335972,0.7127892533312956,-0.3988259858651056,0.08908541811618341
-0.07587449066505345,-0.052847843695151914,0.85110382307016,-0.017178532084254353,0.009890782093103246,-0.07754791727764845,0.9967915484146708,-0.05430045270339534,0.04557665988413151,0.34793238903601,-0.23471580459977295,0.26613605576249283,-0.589198777441927,0.9807237417988973,-0.6543649824835747,-0.019227306049464467,-0.016789111920561713,-0.25072410093803127,-0.30110123832137353,0.47145011519614677,1.0354973032704933,0.3564467678985338,-0.0027860527050285674,0.10248614288972743,-0.0006085218308612897,-0.17271564307369736,-0.377554055993428,0.207547221963115,-0.06707600879901791,0.7417258511278051,-0.4082654845508224,-0.19585508262235732,-0.3174535770881303,-0.048101731044451146,-0.04393115969830337,0.7127704307399095,-0.3992449015150174,0.08898955486883986
-0.0754575377601171,-0.052953657271464935,0.8510881760810727,-0.01712464478994787,0.009789879625272682,-0.07792219572949921,0.9967642831735272,-0.05405260530373123,0.04542060975895905,0.34788751453024147,-0.23699990486230882,0.26562355545157,-0.5874957468598878,0.9823026735190337,-0.6552836660475645,-0.020977040191599294,-0.0178905074714172,-0.2518805801923176,-0.3011464454207316,0.4709305875772031,1.0333667741562826,0.35569713409041087,-0.003321623390457001,0.10205697061576088,-0.0005481927900481579,-0.17294829623543725,-0.3763293750757914,0.20772331598461344,-0.06624988898763776,0.7415556715481404,-0.40907355021153247,-0.19564921905698276,-0.3168522759353581,-0.0480433791169088,-0.043317751034281225,0.7128280491424018,-0.3997733121817125,0.08932818410679945
-0.07494397593111567,-0.052985561761121965,0.8511071814184897,-0.017029364597622453,0.009725423728773464,-0.07824906301891617,0.9967409397688849,-0.054055260504111614,0.04521164340356655,0.3478488627676848,-0.23926846535178423,0.26505301633691764,-0.585656161238273,0.9840277397216877,-0.6536614060180578,-0.022380943188024666,-0.01875819463557733,-0.25314354942970524,-0.3010683764945662,0.47081795212625477,1.0315705579404175,0.35493051767104894,-0.0034684582858868036,0.10194581433879939,-0.0005043760885345598,-0.17318717660682878,-0.3751407965086764,0.20768941229272933,-0.065594620977957,0.7412748567299765,-0.40968280431109855,-0.1954992294714066,-0.316282940093806,-0.04818555494725172,-0.042815380041960206,0.7128726160936486,-0.40015084138519635,0.08983366239273939
-0.07441329160896479,-0.052885943233190874,0.8511143191082692,-0.01691947526971188,0.009695093585919315,-0.07856944063290691,0.9967179036796676,-0.05385036059737061,0.0449966983307645,0.3478122679092706,-0.24173656977590874,0.2647283706324129,-0.5844948796722506,0.9855086786125005,-0.6501223121159476,-0.023738359752892256,-0.019486582348722734,-0.2541578180342989,-0.30110236786469613,0.47081600523032746,1.0296845780480506,0.35417535680093665,-0.0033535704206414307,0.10202459737392329,-0.0004077581349205894,-0.173406103867105,-0.37402247132152633,0.20754619903384033,-0.0649470769218936,0.7409912017224908,-0.41031103721957485,-0.1955122152649535,-0.3158190729643211,-0.048439869131542794,-0.04231925984841983,0.7129731203207359,-0.40054955583759944,0.09018936050052109
-0.07383270782054092,-0.052875959149417624,0.851134544162946,-0.016838082593214412,0.009689441812036034,-0.07894038044782115,0.9966900270528996,-0.05377315196253858,0.04486912129848823,0.3477367169454192,-0.24409699858500955,0.26471836854483877,-0.5836625339705082,0.9868773336555848,-0.6460206078710313,-0.024662626709219097,-0.02041196138860184,-0.2552893224543422,-0.30093245542376246,0.47150775051327093,1.0281054422447902,0.3535730875993092,-0.0032000195498882297,0.10226468371414095,-0.0003415558210054564,-0.17358192867908745,-0.37285946822636884,0.20754148974264958,-0.06409106719247556,0.7406716181925042,-0.4109272546038434,-0.195370793279105,-0.3154187442733034,-0.04855574390138714,-0.041669264155251455,0.7131036445991563,-0.40091631164539726,0.09045460876907578
-0.0732625038783099,-0.05279646642862238,0.8511321875491212,-0.016788092303594973,0.009699076104843038,-0.07940202798394845,0.9966541054104758,-0.05372604019858976,0.044754301556452464,0.3475379254126213,-0.2462954656605316,0.26507316957951244,-0.5833839036647231,0.987756041909098,-0.6424635552341208,-0.025429465302862057,-0.021943100192331286,-0.2567550679292716,-0.3005982421053117,0.47311799591896,1.0271209617686845,0.3532265003664561,-0.0028486148078766954,0.10239267612099662,-0.00031251644234362623,-0.1736881239000638,-0.37165008636155356,0.20766739494259537,-0.06287186754236478,0.7403863207094277,-0.41173345404585915,-0.19529451437201847,-0.3151674063815181,-0.048557992011640606,-0.04076299547517211,0.7133871062539517,-0.4014402610898402,0.0902417136861828
-0.07280052722943836,-0.05271691583484389,0.8511356204912769,-0.016760793495961417,0.009725639530661953,-0.07992356508084873,0.9966126185644419,-0.05349787749660915,0.04471915205628211,0.3473566985772736,-0.2486487376813354,0.26574603762634735,-0.5836924031533054,0.988280918434215,-0.6396962917636574,-0.02595739176664193,-0.02414051566416796,-0.25824304514148516,-0.30018437139027315,0.4752553432467968,1.0263203698049626,0.35313052825383806,-0.002540467888408703,0.10235997968105857,-0.0002572802965492626,-0.1737589376990546,-0.37043089704600957,0.20790360713469705,-0.06138924241031905,0.7400600882572456,-0.4127198980897772,-0.1951515669063462,-0.31506965783602975,-0.04846197814038652,-0.039674063785846,0.7137656288315722,-0.40213123436441145,0.08980908455885328
-0.07223993396631281,-0.05262867586310417,0.8511147770481168,-0.016732339719027114,0.009781108943822241,-0.08045914221068101,0.9965694582667476,-0.05330025432237679,0.04464329298985367,0.34721089507527414,-0.2507109714280258,0.26678480459225173,-0.5842727294550202,0.9883480862651288,-0.6376195113890694,-0.02650045420462052,-0.02675165468103161,-0.25962165227696804,-0.2996555345189038,0.47772639091962504,1.0257602402435944,0.3532489068691737,-0.0021927935837167825,0.10230864102750757,-0.00022003567318984777,-0.17381173821672122,-0.3692470741341445,0.20813156378093658,-0.05986145104027573,0.7397719821249055,-0.41364855426950475,-0.195018893424549,-0.31500506033394043,-0.0483658316563823,-0.03852603029197267,0.7141400421311184,-0.402736767857564,0.08930346215429728
-0.0717176598333424,-0.05249775661757193,0.8510612807916563,-0.016679076883337147,0.009899838862485247,-0.08095131857623585,0.9965293199929376,-0.053169997807860685,0.044486417083231145,0.3470711014434767,-0.25271127892982975,0.2680759910991256,-0.5849375192849812,0.9882123400867224,-0.6359331468671138,-0.027195187697172968,-0.029108673184880057,-0.26093125625426944,-0.29902803814808215,0.4800829225442721,1.025355910343226,0.35353103246398004,-0.002017650732630483,0.10229420474019559,-0.00017806615649981292,-0.17386667584330262,-0.3683096931931793,0.20824731523007212,-0.058513399992700346,0.7395537095746977,-0.41456192823674604,-0.1949450405755551,-0.3150122738899127,-0.04837087638210401,-0.03747871983235655,0.7143769931354516,-0.40330624754571565,0.08896648613186581
-0.07131592344763306,-0.05238511545496287,0.8510106898766849,-0.01659654662069824,0.010072536039474741,-0.0813843077454927,0.9964936994837392,-0.05315109804984362,0.04423685260087314,0.34699332718176995,-0.25475550335402186,0.26960760625166813,-0.5856899085771305,0.988085747267369,-0.6342398955428953,-0.028029133362991974,-0.030512357775970354,-0.26223511331952803,-0.2982386293490733,0.48223298379288787,1.025183411197712,0.3539769598778323,-0.0023113915017023297,0.102377850774829,-0.00013127104535988368,-0.1739597671668084,-0.3676028277698406,0.20824795950203995,-0.057425904215634885,0.7393200747852474,-0.41543912848948455,-0.19484276734022113,-0.31501470178077406,-0.04847885168570533,-0.036590049535965785,0.7143224697344682,-0.40382525367253624,0.08905929881089766
-0.07089373540918972,-0.052237116602004835,0.8509768891468816,-0.016489596522136312,0.010269494971585635,-0.08177826955188137,0.9964612111410392,-0.05320805211412107,0.0439020515386509,0.34701599108525316,-0.25673554667522114,0.27131283769036363,-0.5867350164363152,0.987986360475083,-0.6324591872444655,-0.029099712239891357,-0.0308848901643454,-0.2634654995760131,-0.2973739316230214,0.48426817127908617,1.0253334778031518,0.35461212804240716,-0.0029034394435053096,0.10259997315224643,-8.261618746005556e-05,-0.17410300086208683,-0.3669847498101868,0.20812939198448244,-0.05650475244399442,0.7390660427337431,-0.41618702111216455,-0.19480793723138673,-0.3149531112640849,-0.0486890411378037,-0.03579872900540334,0.7140511196589058,-0.4041914003552135,0.08933130683518987
-0.0703686417732106,-0.052031837205314325,0.8509942224120227,-0.016373860126759607,0.010483307623879867,-0.08213808599663512,0.9964312980806169,-0.053305344533126645,0.04349969689315296,0.34717289470906854,-0.25864756138633543,0.2731295270566739,-0.5879715078568053,0.9879664364371338,-0.6309086070397522,-0.030343802312587643,-0.03056810680634715,-0.26464344877360224,-0.2964175041906,0.4862289523078475,1.0257397386882816,0.355385786987761,-0.003415100988355402,0.10299573476632204,-3.538936034806929e-05,-0.17431984435215936,-0.3663882191452443,0.20791245850803972,-0.05567233486098018,0.7387567006500723,-0.41671412526219687,-0.19481951879533507,-0.3148130354854147,-0.04897637148837711,-0.03507099710032642,0.7136072632494523,-0.40430232906693725,0.08959605606086324
-0.06994859334256548,-0.05184322164262344,0.851037566959231,-0.016269848812428232,0.010750167648308063,-0.08246730981811283,0.9964029650329824,-0.0534150163976276,0.0430591550689378,0.34734081348438334,-0.26062391882534136,0.2751114205695135,-0.5891002447229351,0.9880101084617716,-0.6301727426273178,-0.03148219284816194,-0.029992841550737167,-0.2658962270406231,-0.2953165725928228,0.4882005163537562,1.026171382948715,0.35619074392945305,-0.0038420098174210427,0.10353037917442746,8.965769330948983e-06,-0.17457834404348008,-0.3659642444100607,0.20770514331692252,-0.05482587643079639,0.7384135960122357,-0.41724121239941636,-0.19462547277827874,-0.31481090781466564,-0.04924219401328228,-0.034371160852371234,0.7131401373582644,-0.40440289125806106,0.08991466599813439
-0.0695676603194808,-0.051618990512523805,0.8510801786492961,-0.01617387658356611,0.011088251314079001,-0.08276497664887969,0.996376141343904,-0.053521023818428236,0.04258900323043816,0.3474677581129935,-0.26259044581901697,0.27718844250893493,-0.5902491924669817,0.9881198238485682,-0.6312304569606156,-0.03237675895847097,-0.029781157512748846,-0.2671321891114979,-0.2941549034214619,0.4901905193724641,1.026530118682168,0.3569126607424524,-0.003856692217746095,0.10424561755209019,5.655407536530318e-05,-0.1748689474398126,-0.3657921118730812,0.20748193852690439,-0.05393904759165417,0.738125348799474,-0.4177314607868909,-0.1942461584047486,-0.31503473126582815,-0.04950850044449449,-0.03368087853933489,0.7127545810531835,-0.4044431886409629,0.09014318526389095
-0.06920135351254997,-0.051377780322789404,0.8511394168370747,-0.016083208040246953,0.01149236965548711,-0.08303142819686027,0.9963508607867144,-0.053636593130899614,0.04209111255537397,0.34755696406407777,-0.2645661473371977,0.2793098560708914,-0.5914122027202111,0.9883976315263071,-0.6343647357448218,-0.032886736172774475,-0.030105791512755383,-0.26836660360366116,-0.292895866924415,0.4922259879584979,1.0268894776442061,0.3575167838795759,-0.003421945632235199,0.10516507570214298,0.0001049583732514622,-0.1751878822563084,-0.3658275122639269,0.20723422811137363,-0.05305240409474878,0.7378657026903269,-0.41815521272109213,-0.19369936617060035,-0.31540816342034966,-0.049778950459613884,-0.0330128428604961,0.7123543460312277,-0.4043778169598605,0.09034924492631505
-0.06882893123926884,-0.051115682663064814,0.8512114455079419,-0.015989601320383153,0.01192281458266001,-0.0832786039769997,0.9963266799908984,-0.053769476961744916,0.04157021899345512,0.34763193472287346,-0.26645288429064695,0.28138188620402654,-0.5922353647506053,0.9888235894294658,-0.6387024982433758,-0.03311180006971318,-0.030705785003276927,-0.26953738254928455,-0.29155528299317973,0.49419364497494517,1.0272579465031686,0.3580535409905877,-0.002747164605431753,0.10617127070156993,0.00015019460630404105,-0.1754992167581472,-0.36592997008579037,0.2069464190403503,-0.05219725943974845,0.7375925546640189,-0.41854073678052484,-0.19312653168739705,-0.3158122254280708,-0.05008439448783049,-0.03237608241545466,0.711921447888751,-0.404276725982374,0.09054188372744916
-0.0684676673491921,-0.05084755524622211,0.8512869122534811,-0.015890239781848912,0.012341492811187462,-0.08351443158485253,0.996303431466502,-0.05393707595124819,0.041035024742522595,0.347721631886955,-0.2681541013198197,0.2833541076148199,-0.5923279742469787,0.9893512832413947,-0.6426428741850119,-0.033263482859463005,-0.031022105836863156,-0.2705993825615385,-0.2901491074711603,0.4960078221162608,1.0276680719293785,0.3586127233815747,-0.0022302310375361093,0.10706853745468733,0.00018787029423542715,-0.1757644266366333,-0.3659992316375666,0.20661421284394663,-0.05140328283142523,0.7373057890630434,-0.4189714498663755,-0.19262011907632057,-0.3161672121975613,-0.050435946933989624,-0.031779388359179234,0.7114819793587669,-0.40426609178050144,0.09076754506641697
-0.06810158690008936,-0.05054316252484528,0.8513323933092696,-0.015782470209195584,0.012751349599462707,-0.08374405500308715,0.9962807084196347,-0.054177257563916614,0.04049966804153526,0.3478149006893605,-0.26955144190938685,0.28519127325947763,-0.5914644926833669,0.9899335591337829,-0.6445018120624367,-0.03366448315869162,-0.03040037254433039,-0.2714995456525198,-0.2887510387406733,0.4976269719203917,1.0281955306109742,0.3593308963961148,-0.0022488728565107966,0.10760781188073983,0.00021434153291721388,-0.17595854300443875,-0.3660484272319339,0.20622949112516378,-0.050714948545774234,0.7370459382541835,-0.4194977380393839,-0.19235429773027946,-0.3164847130341407,-0.05085929447640901,-0.03125407514473353,0.7110739338977352,-0.4044187025667582,0.09095989604483733
-0.06770621195553045,-0.05021575264248069,0.8513725650990327,-0.015673536101874174,0.013153737731798388,-0.08395796345337148,0.9962591930930974,-0.05449135258672037,0.03998060425430121,0.34795780639589624,-0.2707616553130603,0.28692390711624866,-0.5899374562029288,0.9906835940432172,-0.64387117991415,-0.03433362056288809,-0.02871239125918209,-0.27226005148649074,-0.28734004759289233,0.4991037884415489,1.0288924163115971,0.36024177387057343,-0.002780532563278611,0.10774747411794441,0.00024134297696671775,-0.1761225404059566,-0.3660858969816487,0.20579986625544236,-0.05011519703726575,0.7367962834528967,-0.4200365320958681,-0.19224135661198624,-0.3167644093718294,-0.05133025890571589,-0.03079285048017492,0.7106824297678467,-0.40463305394462556,0.09112153821519563
-0.06726548772865075,-0.049842906118379035,0.8514084189688444,-0.015555546549792302,0.01354152342470378,-0.08415812957154774,0.9962389579523051,-0.054807433491292926,0.0394410131552565,0.34811453258279734,-0.2718888533866693,0.2885929301776245,-0.5881820545770117,0.9915994143985163,-0.6414266078698783,-0.035187456779667295,-0.02635478419401035,-0.2728422377994679,-0.28592715211309433,0.5004136504807664,1.0296440562589606,0.3612362753176448,-0.0035035097597806587,0.10766267160493169,0.0002817988782383293,-0.17625413995834927,-0.36608162868803634,0.2052955294867134,-0.04953064703037093,0.7365698981378257,-0.4205968149509841,-0.19215991708580912,-0.3169766434387494,-0.05187038584574053,-0.030332738206898247,0.7102743768692699,-0.4048565286412533,0.09126266037498404
-0.0668364031892677,-0.04949685352870966,0.8514535474438804,-0.015425421408146405,0.013906463273591015,-0.08434354480631544,0.9962202733849113,-0.05504871540712925,0.03885774207404759,0.3482618693822168,-0.27310885335008384,0.290285382652619,-0.5865894393926345,0.9927088502162309,-0.638534401123069,-0.03589411539761797,-0.024030278824294614,-0.27323454686562126,-0.28443872967995104,0.5015399593071378,1.0302349225005305,0.36211873484712964,-0.004086877086507214,0.10768453792281497,0.0003486037358602703,-0.17635318051869137,-0.3659969099534765,0.2047418848784178,-0.04887335149439193,0.7363187350985647,-0.42121149784171324,-0.19181057854388683,-0.3171246199315044,-0.05244544078065784,-0.02980358060366471,0.7098477229703299,-0.40508977864482876,0.09156802800646945
-0.06634432914630255,-0.049128829921213424,0.8514982863261695,-0.015271934967618413,0.014227812568842289,-0.08451192378383295,0.9962038305940242,-0.05516167019085448,0.03819622043992614,0.3483666502495762,-0.2743716370207528,0.2919485478879921,-0.5853127170814606,0.9939652592136194,-0.6363867374244728,-0.03638147159274788,-0.022498668521262952,-0.2733311821973739,-0.28293963981632775,0.5024030355464829,1.0305573769476675,0.3627874597707899,-0.0040680166370585715,0.10811913420362629,0.0004404418617495432,-0.17638202386386118,-0.36575617990910153,0.20407647395073433,-0.04809510878092901,0.7360672381914538,-0.4218814430301299,-0.19116341385174393,-0.3171152635147333,-0.05310392634037743,-0.029147550669842343,0.7093585848236638,-0.4052802858667633,0.09198486423349582
-0.06586549489962018,-0.04872472643912365,0.8515502790825147,-0.015097942319120435,0.01452081922865665,-0.08466680117892127,0.9961891038978429,-0.055170119657914816,0.037480913950436776,0.3484485442998054,-0.27571136125700874,0.29354249269933336,-0.5841014872306225,0.9953544780004131,-0.6352297991789966,-0.036644685526413465,-0.02189556677533449,-0.27324017736419953,-0.28142208940663693,0.5029992332923426,1.0305875098300876,0.3632312659699518,-0.0034434831105812544,0.10898914618431187,0.0005458971880650321,-0.1763495529664865,-0.3654148727620386,0.20331676111251867,-0.04723720468263463,0.7357875804136093,-0.42264973411926837,-0.19031992906895756,-0.3170161190466206,-0.05384005164589147,-0.02841232935097419,0.7088127246904385,-0.4054964053477965,0.09247924165990992
-0.06531747866120897,-0.04834710572038405,0.8516102869704069,-0.014914994474052245,0.014809742783395776,-0.08481882330830604,0.996174674277119,-0.05511451217670379,0.036709198705638824,0.3485434744438035,-0.2770034693233532,0.29510234758751575,-0.5828631069854803,0.996858382206604,-0.6349084726825728,-0.036656538965711645,-0.022025034917149976,-0.2729483542262139,-0.2798528415364994,0.5034140969167564,1.0303848486160432,0.3633674799185833,-0.002403582530495476,0.11028424176875476,0.0006529327520911547,-0.17631171519728278,-0.36503229952997135,0.2025251979725871,-0.04636147220630197,0.735492094034445,-0.42333341026719173,-0.18934034430728441,-0.3169066664728369,-0.05460321736158924,-0.027656659051077656,0.7083141570849462,-0.4056453454864339,0.09306610947500896
-0.06469190444603982,-0.04782289997107137,0.8516108551240634,-0.014716229856247117,0.015154408894581759,-0.08498364211936257,0.9961583995740854,-0.05501733383662731,0.03586017307762922,0.34856735054681653,-0.2781709776525923,0.2965619479153587,-0.5815734936678681,0.9983094138540682,-0.6349998202716738,-0.036782994837819265,-0.02238900572063607,-0.2725257126983118,-0.2783948119712203,0.5036021988776529,1.0299649839183027,0.3630763460440777,-0.001133257797292886,0.11176534539679313,0.0007543969047080968,-0.1762803125707611,-0.364849188587602,0.20165008491146102,-0.04555397614695791,0.7353461861840936,-0.42397265792580463,-0.1886609252162913,-0.3170401864990296,-0.05547135171943619,-0.02696300304384948,0.7080859352165353,-0.4058397903148209,0.09341571987134412
-0.06428040296285825,-0.047427085656581505,0.851689092757782,-0.01453115855448723,0.01555163003409297,-0.08516766250323049,0.9961392781624887,-0.054888626884599175,0.03496665870063586,0.34873533462104955,-0.27966609558965544,0.2980405918364561,-0.5800326585564852,1.0000712749694192,-0.6351641126715509,-0.03654413679929488,-0.022420129939213173,-0.27232156691799037,-0.2767111364496125,0.5036714356173145,1.0294557542236495,0.3621555240043812,-0.00032669992403760496,0.11325927001228552,0.0008587245326113471,-0.17640021613625426,-0.3648494066394726,0.2008919949435727,-0.04477021044865696,0.7350879299367017,-0.42453198270878684,-0.1878158075696046,-0.31740068229124363,-0.05624344826795833,-0.02633139990966418,0.7079050201090982,-0.4061167967520129,0.09405310471349089
-0.06386591555661661,-0.04700012938033814,0.8517302307846439,-0.014332333579219182,0.015995788676983085,-0.08536433534560744,0.9961182907716228,-0.054714390330693655,0.03399180097357947,0.3488790490108367,-0.2810594642770738,0.2994657698837973,-0.5784382856298056,1.0018591628063263,-0.6353318494996083,-0.036327527350799985,-0.022081923838570286,-0.27191898033197603,-0.2751030884613859,0.503483545173391,1.0287532657460914,0.36053795499786606,0.00010467409525759513,0.1147330774268339,0.0009710480551079049,-0.17656652471635023,-0.3650222210328967,0.2001083602418236,-0.04400801902365058,0.7349104335069958,-0.4250252158205984,-0.1870347194343626,-0.3179863304394521,-0.05706081776099748,-0.025722124070413868,0.7079490956671831,-0.40644994112690325,0.09470068773869224
-0.06351496514409061,-0.0465838001151149,0.851761627870471,-0.014121923168877651,0.01644712181335768,-0.08555252200471422,0.9960978011464051,-0.05453583399416708,0.032953939123779856,0.3490097418809124,-0.2824507194379095,0.30085855752971147,-0.5768587146314056,1.0037183611268543,-0.6355376044139607,-0.03601623300449704,-0.021422511548756483,-0.2715080147817541,-0.2735009853185416,0.5032837062597009,1.0279408224030855,0.3583610248334366,0.00026217037933649114,0.11622738655599446,0.0010832834732768571,-0.1767479255649819,-0.3652512035515755,0.19929662550942912,-0.04327390206145331,0.7347470293473957,-0.42557253966112807,-0.1862105919314057,-0.3186784197855913,-0.057918723695052396,-0.025155872830928735,0.70814646032316,-0.4069135393121552,0.09540926189883632
-0.06294106557354177,-0.04609749886551281,0.8517891887750083,-0.01388588650839216,0.016847163696193882,-0.0857130034230931,0.996080637436279,-0.05439360091876175,0.031861170348012564,0.34918367031531133,-0.28355612912679956,0.3021572257032998,-0.5755160861319363,1.005471720045504,-0.6358524446975888,-0.0357345576296087,-0.020752198934020496,-0.27095705551334737,-0.2720198168998152,0.5032406429543487,1.0270080361661902,0.3558885200375784,0.0006589614742833218,0.11789453449735457,0.0011860926978544148,-0.1769076867460535,-0.36527864637074914,0.19833507317978047,-0.04260247017588947,0.734580291580421,-0.4260058678944698,-0.18550325677131613,-0.3192438994438181,-0.058915233077041294,-0.024655474877084322,0.7084988084734061,-0.40728295035956,0.09590384377566606
-0.062397408352850174,-0.045552957052208944,0.851768290021279,-0.013625883698513972,0.017217368271751726,-0.08584738777293274,0.9960663248678747,-0.05429473910177095,0.03073130346597349,0.34927917293641947,-0.2845834408886432,0.30349471339398104,-0.5743596873337721,1.0069729173324478,-0.6364101270867396,-0.035490590386108384,-0.02009429176179249,-0.27048209895969816,-0.27063322602877854,0.5033736045669198,1.0257446509255923,0.35334559305050944,0.0011688646219011022,0.11976334852858718,0.0012804994033693167,-0.17699387888515186,-0.3652584813306597,0.1972602875734577,-0.04200104914470334,0.7344420102487981,-0.42660773009104225,-0.1848559561721478,-0.3198811330286616,-0.060025805993297196,-0.024264898483499997,0.7091173836878122,-0.4078553580344229,0.09619844856155914
-0.06186426811819367,-0.0450357199437,0.8517435639134852,-0.013353278607712038,0.017556710960052513,-0.0859629932943345,0.9960541228440198,-0.05421553500961431,0.02957208468697412,0.34943308780852916,-0.28553427823282834,0.3048933703319393,-0.5733093973722588,1.008275102410306,-0.6372378818557689,-0.03518494955001967,-0.01945766312955975,-0.2700432810521466,-0.2692687809514076,0.5036232998655032,1.024157153945754,0.35076654040723854,0.0016828058019618818,0.12187340130645348,0.0013672200172924955,-0.17706674229485678,-0.36516479971088256,0.1961315959951199,-0.041452143374377255,0.7342834019116979,-0.4272580508514697,-0.18413396460572268,-0.3205470792498767,-0.06118956366803863,-0.023957335007967547,0.7099407943644134,-0.4085422166193041,0.0964621191144811
-0.0614806611628785,-0.044518508115065684,0.8516883620661254,-0.013061229316571575,0.017892201665083256,-0.08604315864355896,0.9960451035264201,-0.05417533755683356,0.028381086855189468,0.34956904539923456,-0.28641191699349755,0.3063357963831872,-0.5722473230045529,1.0092861770734014,-0.6381993288953273,-0.03485197824179092,-0.018716148725264725,-0.2696968499023542,-0.2679904799643078,0.5040266246051286,1.022317847059298,0.34811907393968133,0.0020023693728541533,0.12407642557828995,0.0014412257834911233,-0.17710802788055235,-0.36511383331631075,0.19494546343083502,-0.040924740502797874,0.7341231970565364,-0.4281309826942364,-0.1833254515169372,-0.3212587035763928,-0.0624240515514956,-0.02368129332491941,0.7108422372686248,-0.4094970518165698,0.09685094790767704
-0.06082575987490511,-0.04393101737936819,0.8516422019178761,-0.01274970607945023,0.01818903070759131,-0.08607272451419672,0.9960412091131122,-0.05418914278175595,0.02716106297723897,0.34981282467480307,-0.28683108848674294,0.3076442243109528,-0.5712056009941878,1.0100571663555886,-0.6390482313355486,-0.034589101396549124,-0.018030132375797415,-0.2691764462271635,-0.26685839142577933,0.5046690732922937,1.020517126186996,0.3453292019740522,0.00257509096108204,0.12632969658045987,0.001491704981603321,-0.1771505161932987,-0.3649058058224739,0.19361669012529037,-0.04043987554375811,0.7340019987198478,-0.4288502016997482,-0.18260960435874668,-0.321680876503609,-0.06379356911200335,-0.023376798213089994,0.7116221019008525,-0.41025706065408335,0.09725897497532485
-0.06008631767514708,-0.04339399040917019,0.8515941716723487,-0.012419705032882405,0.018470199943307657,-0.086028369165963,0.9960440363455808,-0.05432547509692146,0.025939038775832472,0.35005437369229414,-0.28695688900729793,0.3088983969668158,-0.5699842399250689,1.0106337651518276,-0.6395711063464868,-0.03407445437091742,-0.017220174333140683,-0.2686388816932961,-0.2657257794079227,0.5057190956157603,1.0187175746086823,0.3421920158989858,0.0032064517480934838,0.1284936713907389,0.001519508631925631,-0.1771454110988819,-0.3646202065395112,0.19220980699222184,-0.039978881250433404,0.7338571405362619,-0.42957491550675775,-0.18173979874625767,-0.32184631580988377,-0.06524920977116243,-0.02302056958966988,0.7121924112936502,-0.41097930586921516,0.09808528511349869
-0.059527110798919335,-0.04288453232050346,0.851515191916558,-0.012069131179819146,0.01875496252816678,-0.08592574869238222,0.9960518827675526,-0.05456997631282259,0.024718061580735785,0.35022491013612966,-0.2869802652801314,0.31010674848308734,-0.5685989969034603,1.010958884037693,-0.6397241963546406,-0.03328020014092087,-0.016101891862473953,-0.26824207292450775,-0.2646181261392404,0.5071240467237063,1.016861119660338,0.33863680229920046,0.003647613348591762,0.13041522617734932,0.0015343100976322323,-0.17707190779649426,-0.3644119756293808,0.19074684357626848,-0.03952941877968443,0.7337213151274188,-0.43056907373782766,-0.18068910992096293,-0.3219764505326799,-0.06677961017466302,-0.022646091448524402,0.7126890854312214,-0.41197419324801465,0.09931775458731443
-0.05890409930817388,-0.04231173032346895,0.8514728977392951,-0.011713919074555327,0.019015474697595142,-0.08579702837104505,0.9960622800531297,-0.05482049080479763,0.02350013749447332,0.35049299433442543,-0.2868253636124321,0.3111439061595244,-0.567297395300634,1.0111597792113265,-0.6395664382821209,-0.03246763013217287,-0.01493408182123999,-0.26789420447001383,-0.26360088444126806,0.5087713844276801,1.015173066191439,0.33490029098305957,0.004208194495876973,0.13217009443169828,0.001539000659960464,-0.17703719411614008,-0.3641324738890918,0.1892068521459394,-0.03911667684341266,0.7335744823169824,-0.4315257051418323,-0.1796953378750219,-0.321980879459778,-0.06837475324001058,-0.02229646673101448,0.7131104735051613,-0.4129102535134431,0.10048238463169556
-0.05804417213343513,-0.041661497748219485,0.8514440872458666,-0.01137279664200802,0.019293415363888015,-0.08567659570954224,0.9960712547643171,-0.05495602029958028,0.022319917307700488,0.35079206029548116,-0.2864398309152326,0.3120629814402066,-0.5661810075029686,1.0112450141943647,-0.6392311650157736,-0.031926345585414316,-0.014041677917467845,-0.26747560895490596,-0.2627045412511504,0.5105526440342368,1.013606093074995,0.331392322644225,0.005023422543326642,0.1339360759852121,0.0015380594085757306,-0.17705970528591206,-0.3638464780527938,0.18762954846075894,-0.03877123999391987,0.733510548938584,-0.43229247260304565,-0.1788812415083404,-0.32196326908747686,-0.06997462904552423,-0.022006481291080553,0.7135562425375633,-0.4136231475234323,0.1012262698626342
-0.05745847784033172,-0.041056184606573586,0.8513874565154527,-0.011060922918364307,0.019662404354342564,-0.0855799640320105,0.9960758583539114,-0.054929037890063544,0.02122273416631832,0.3509677559780108,-0.2863113205112981,0.3130752580267854,-0.5650413222394255,1.011176365981908,-0.6387993471549798,-0.03162217930385334,-0.013366400123601446,-0.2673553756168104,-0.26181965752610764,0.5124204435872999,1.0120005427827496,0.3284885985734748,0.005420083049455247,0.13566897641123812,0.0015411340799372207,-0.1771261619023712,-0.363913346270733,0.18616824138461988,-0.038455447304357904,0.733543193557447,-0.4333125418695802,-0.1779749431324261,-0.32237080728718864,-0.07143512821668511,-0.021764511838695606,0.7141859377850656,-0.4146079792452003,0.10171908566687372
-0.05670322586941205,-0.04038625640994992,0.8513485210058341,-0.01075894195814467,0.020048408936790465,-0.08549386897321139,0.9960788647667599,-0.05477571533169981,0.02015915747384936,0.3512086496590248,-0.2860206143393569,0.3139921661230238,-0.5640430289500895,1.0109711053510173,-0.6382698838221703,-0.03177240836426914,-0.01314758749715062,-0.26720856495593265,-0.26109573860871804,0.5143278708608618,1.0105292306758995,0.32631462365474767,0.005823673846233783,0.13746189842968012,0.0015352623084792943,-0.17726684451988933,-0.36399147760127687,0.18467803301833097,-0.038185168897532235,0.7336404207501758,-0.43419440363772177,-0.17721978202399935,-0.32281042334614996,-0.07289012523810004,-0.021542422874385323,0.7148764086525471,-0.41543662006692333,0.10177534549462533
-0.055974404508623773,-0.03971545848295241,0.851337013589118,-0.010465914446518296,0.02044328089006665,-0.08539319270452339,0.9960825967463628,-0.054571496939260916,0.019130006959252134,0.3514529235443258,-0.28574565262146884,0.3148879941235326,-0.5631175526403046,1.0107086884452234,-0.6377108601132712,-0.03213985154582619,-0.013197732361510978,-0.2672019362045598,-0.26042794808583103,0.5163272074225627,1.009114617304547,0.32476265662673104,0.006074137036530755,0.13925010075416758,0.001521654833462539,-0.17743425601087975,-0.3641118220380163,0.183184238595011,-0.037938977364120816,0.7337898208548683,-0.4351405229904639,-0.1764039966873503,-0.3231894860626874,-0.07434629315509267,-0.021376852663379832,0.7154653635920958,-0.4162966881390754,0.10184533130888247
-0.055301434580809224,-0.03913484943142416,0.8512898160512578,-0.010174620562949975,0.0208279645346158,-0.08525594452747538,0.9960894020681447,-0.0543882249023472,0.018111334402261724,0.35159245458286503,-0.28529728328001613,0.3158098325888103,-0.5622552202886629,1.0103750638049127,-0.6372318993733688,-0.03242211258125061,-0.013236783592409759,-0.2671938071513709,-0.2598103923705349,0.5184707401236781,1.0077009115224116,0.3235771190887936,0.005945001458741104,0.14101803464215745,0.0014939352947053468,-0.17753125783097798,-0.3642812958845971,0.18170012005694727,-0.03769803057104673,0.7341071147564608,-0.43629128313614657,-0.1752888390324937,-0.3234158094693413,-0.07582133911639394,-0.021285976023035415,0.7159599813625205,-0.41732593019505043,0.10240571194165995
-0.05441859528883761,-0.03857254882347703,0.8512800777224361,-0.00987681919260375,0.021141099715286642,-0.08505488772860866,0.9961029908693879,-0.05418179886632633,0.01711479285756965,0.351771868869487,-0.2846848847286424,0.3164394392178658,-0.5618091415123836,1.010301739056877,-0.6370124740549873,-0.03241388130359317,-0.013263725522745722,-0.2670050189106869,-0.2593859401619534,0.5207603896190557,1.0064043015436572,0.32259600297033186,0.00575405234019528,0.14277510915318223,0.0014719615747483047,-0.17759458840058814,-0.3642480488743104,0.18013067694347676,-0.03750674453744067,0.734541043430432,-0.4373823781761132,-0.1740196556211788,-0.323123939548927,-0.07741253352351442,-0.021350626853762173,0.7161359034592749,-0.41820334552675786,0.1034432185017391
-0.05343147000280984,-0.03792709323906576,0.8512311433701796,-0.009571994400698275,0.02143559319035939,-0.08480932588487901,0.9961206104236193,-0.054112057133538546,0.01608149323741536,0.35185567036553567,-0.28369943340512865,0.3169838477672094,-0.5614875300581782,1.0100835179626124,-0.637089588810446,-0.03238704845723233,-0.013213425862622712,-0.26691299819672987,-0.25911278742140537,0.5233339674278933,1.0052344607764938,0.32180446901510107,0.005539015636194951,0.14441693448168597,0.0014046346522910056,-0.17758640712263812,-0.36423072682316177,0.1784649270343796,-0.03737766931443448,0.7351954525212133,-0.43857918841278326,-0.1727859630122054,-0.3226036670071044,-0.07912832594484501,-0.021553331791900904,0.7161908736566388,-0.41910447890026514,0.10467445323177875
-0.052604677923861684,-0.03721747234080739,0.8511475567875197,-0.009264528883280412,0.02175650108645042,-0.08455514227282467,0.9961381686695224,-0.05381269284695472,0.015109294016284927,0.35185186220554804,-0.28293659992018266,0.31730951120673684,-0.5614010524219923,1.0099868990040053,-0.637331057695517,-0.03224422468970476,-0.012970487132158828,-0.26684210232126576,-0.2589935061934099,0.5256420959002257,1.0039942829000066,0.32112925285126465,0.00508710992348243,0.14587820844196572,0.0013714601582377327,-0.17752752347347253,-0.3643623885934639,0.1767585141782377,-0.03725458283803425,0.7359772114926305,-0.44008868369231413,-0.1715111254172297,-0.32215176588129607,-0.08090029713226826,-0.021780896435166168,0.7162382645230909,-0.4202727740694783,0.10601682962470238
-0.051649650003654825,-0.03647346697264402,0.8510880048854262,-0.008960959302137191,0.022078858483317892,-0.0843481431045362,0.9961514021328671,-0.0534907988932456,0.014170582941204985,0.35195303647481474,-0.28188397713976954,0.31748399042787984,-0.5612013068601467,1.0098797025492945,-0.6374317970177025,-0.0320811752979789,-0.012719832545917258,-0.266888903537544,-0.2588975436698494,0.5278865299395129,1.0029950341496703,0.32047334180890225,0.004823540445715838,0.14732842582729916,0.0012961334416240933,-0.17750712788454995,-0.36440532727853703,0.1750246769119194,-0.03707381638376876,0.7367701273365934,-0.44154201632969853,-0.17021524336889648,-0.32167293263917407,-0.08266777610647288,-0.02186687086306545,0.716253437808475,-0.4213041704256634,0.10718912757751638
-0.05065444013955925,-0.035683341116870826,0.8510249906271855,-0.008647149885116615,0.022442155265258057,-0.08419855127891915,0.9961587124692768,-0.0530500217121751,0.013245839452166267,0.3520587388883695,-0.2806694412846422,0.3175483761169461,-0.5608191236147186,1.0096465679670061,-0.6370338651122245,-0.03199276536596016,-0.012396143538827188,-0.2670911986072174,-0.25882284765742275,0.5298949771080419,1.0021325156170504,0.31973732375439834,0.004934984290405399,0.1488797015118317,0.0012014126690087193,-0.17750207233969104,-0.36444288735752534,0.17324660043602985,-0.03681254050706227,0.7374964628485625,-0.44297912542188356,-0.16889422057054607,-0.3213466359002824,-0.08443674652555097,-0.021756560060831653,0.7163221532445694,-0.42229356885201363,0.1080987766564677
-0.04964183396972216,-0.03495636887384288,0.8509739135513669,-0.00833045024405398,0.02283469765789678,-0.08408164809666896,0.9961623645947247,-0.05238262892097872,0.012334731222620205,0.35217973827513877,-0.27946156589836246,0.3175531925226771,-0.560458886592404,1.0093980307198003,-0.636050265702912,-0.03182869319363561,-0.011948163425015033,-0.26734398659540276,-0.25871451812739304,0.5315940115485944,1.0013510888612023,0.3189099084179492,0.005370821065668538,0.15060738899446177,0.0011113945639292585,-0.177503596764278,-0.3644655615384408,0.1714794899553269,-0.036479296541881055,0.7381760062398306,-0.4444116417598671,-0.1673647666873029,-0.32108642666977033,-0.08616850821538964,-0.02150324511181044,0.7163871721891545,-0.4232554249126829,0.10902772734911277
-0.04845529922097554,-0.03414894152377563,0.8508757506457356,-0.008018156205088887,0.023242507962603964,-0.08400303294043332,0.9961621280953664,-0.051776314282052226,0.01147478585282512,0.3522230842053807,-0.27784959603915593,0.3174205232151425,-0.5599695759058706,1.0089974889742204,-0.6347147271303203,-0.03183568974327608,-0.011580329725001767,-0.26768237255207067,-0.258739268579519,0.5333229728322307,1.0007663711864845,0.31805712181369183,0.0061788104086214135,0.152352869199467,0.0009764976508236079,-0.17747333609688018,-0.36450661538773377,0.16967554419131917,-0.036110324175459646,0.7390791835614539,-0.445905623993676,-0.16590685068765693,-0.3208222248816637,-0.08793386266353526,-0.021155006986594,0.7165160944070017,-0.4241764498116488,0.10979135435054699
-0.047500843624654794,-0.03341514307230097,0.8507625551027744,-0.0077410725363795665,0.02368431041758787,-0.08394950183458974,0.9961584263448037,-0.0509366126460278,0.010721470303486575,0.3522333266471881,-0.2764851344446042,0.3173172794457181,-0.5594800148246385,1.0085427836927208,-0.6335182441102444,-0.03180179110344239,-0.011331607578233135,-0.2681763759646025,-0.2587086380053292,0.5347197880557917,1.0002874691211607,0.3173154550431836,0.006683491585216742,0.15378775975601372,0.0008649368355576993,-0.17740854448051216,-0.36477214842829453,0.1679965399373286,-0.035699400964899625,0.7402653027459934,-0.4478591964905087,-0.1641950277532105,-0.32067244048364274,-0.0895986197959864,-0.020782123627925274,0.7166558266119663,-0.42543149419105114,0.11084385623545873
-0.04646800933948387,-0.03262057975122924,0.8506295945852957,-0.007494325510594924,0.024119876484804098,-0.08392969464093776,0.996151531144223,-0.05004615332006306,0.010089053461168132,0.35227084127027647,-0.2748787337978364,0.3170947858546805,-0.5590016025446343,1.0079802966505245,-0.6329445619258859,-0.031944697954351224,-0.011617626361537275,-0.2686708496106086,-0.25880218504113556,0.5360219759038016,1.0001464315045572,0.31680372088175274,0.00693533754737629,0.15472615223137176,0.0007327293030593024,-0.1773345364579189,-0.3651186351214495,0.1663489446827039,-0.03527132237162254,0.7418309345781284,-0.45004073838891895,-0.16252199575444287,-0.3204813482416036,-0.09125393412385785,-0.02037923635416367,0.7168457276345798,-0.42675953913401726,0.11184319430973368
-0.04531205554943277,-0.031799328663436995,0.850430076371701,-0.0072749390848655645,0.024576834536564507,-0.08394278561527513,0.9961408852208726,-0.04914325267012713,0.009590812449317823,0.352229934815488,-0.27297646797702374,0.31673085630345915,-0.5583560766512599,1.0073556676986923,-0.6331307088874873,-0.032200074773624784,-0.012558255415297757,-0.26910562749187994,-0.2589869123670836,0.5373208911715478,1.0002794783205047,0.31653612065389447,0.006935205023889906,0.1551709374499028,0.0005804717458112556,-0.17721097060035257,-0.36559142506111847,0.16473875420675974,-0.034832033458044837,0.7437891250088875,-0.4524367343513624,-0.16085441375298212,-0.3203220439028835,-0.0928855663242357,-0.01992653462835222,0.7171488589826,-0.42814691757427453,0.1127913840868526
-0.043934209728916034,-0.030859056430025122,0.8502459795515156,-0.00708614143153226,0.02501671864079193,-0.08398352496554563,0.9961278622357791,-0.048207934037526594,0.009284793308076052,0.3522137176787219,-0.27102694350682177,0.31589070694126375,-0.5576022162402643,1.0070415300230768,-0.6339191266087494,-0.0324721615714667,-0.014093149814634406,-0.2695311036866278,-0.2593083999443192,0.538500307310506,1.0007245888694545,0.3164788546034955,0.0070537971435677745,0.1552168995972718,0.0004314071059795029,-0.17708832156026658,-0.3659922274977058,0.16311095464934758,-0.034390883225873616,0.7459709792549607,-0.4548756902929203,-0.1593393089626948,-0.31994569535610845,-0.09453268088346906,-0.01945008647364822,0.7173129184217899,-0.4293841352357188,0.1136268274177507
-0.04272369986949816,-0.03002045239249031,0.8500360333738157,-0.006947898732088103,0.02546903446597141,-0.08403995681500306,0.9961126144393083,-0.047096992935275514,0.009122529141894006,0.35212829491148484,-0.26928448265895777,0.31500396857434504,-0.5566884395682159,1.0067744140729247,-0.6349367290452177,-0.03257923223393008,-0.01567048502285748,-0.2699933654957994,-0.25956121726473985,0.5393036437522067,1.0011184242057147,0.3165571937439789,0.006893947130424946,0.1550092605727591,0.00030079360694355265,-0.17691976072785678,-0.36649828548553,0.16163271703325355,-0.033916769769143276,0.7483515236565259,-0.4577132053946192,-0.1575069044551767,-0.31949827534092895,-0.09604973753806118,-0.018963632813735195,0.7173176644236994,-0.43083843623333073,0.11499199175361835
-0.04145705341473858,-0.029159090042683262,0.849834648222167,-0.006866873215121661,0.02589355528903741,-0.08410832592174204,0.9960964608698221,-0.04588893471402147,0.009107670364895284,0.35213719008869493,-0.2674471317412909,0.31391358195397884,-0.5556059869635652,1.006504730694805,-0.6358063667924309,-0.03270056395384109,-0.01709628451074122,-0.2703866970434233,-0.2599162521676427,0.5396522904360448,1.0014654769991693,0.3167733545285044,0.006884327788483713,0.15471869922573406,0.00016865180388405678,-0.17674561802903527,-0.3670189117567598,0.16024479464744554,-0.03345232201574268,0.751033415616481,-0.46072765685474715,-0.15559917642823307,-0.3187837066550477,-0.09748765615603422,-0.01847762253594587,0.7170775050562853,-0.43223863273724394,0.11675597321950719
-0.039995800334632965,-0.02824354592428783,0.8496136841867393,-0.006834130754200322,0.026303695017982045,-0.08419190122370677,0.9960788794335392,-0.04459714530743156,0.00925407366016812,0.35217555165190095,-0.2653806965253798,0.3126039411374105,-0.5544007205935076,1.0062400264291331,-0.6364453399169031,-0.032897697139253404,-0.018401878572153738,-0.2705971838681335,-0.2604382006337884,0.5396100513673162,1.0017138294232493,0.3171433738633961,0.007193334869385714,0.15443829182825333,3.304554421552569e-05,-0.17654743940657408,-0.3675354310277046,0.15890599592795163,-0.033014841138656326,0.7540353084040281,-0.4638287360458766,-0.15372593469369739,-0.31781482484419676,-0.09888407803195916,-0.01799241352856219,0.7166387113452968,-0.4334755647294683,0.11872867106144538
-0.03844154017391661,-0.027377652997993232,0.8494622424497933,-0.006823863410381409,0.026679560110661818,-0.08430861601856068,0.9960590811922216,-0.04323086477683102,0.009500216827999647,0.35230880615890225,-0.26332870672539427,0.3111662782232572,-0.5531770219283269,1.0061181416207725,-0.6369359159047723,-0.032874261749962004,-0.019613961603469027,-0.2708643612514973,-0.26096300519820065,0.5393740209328379,1.0020287258220961,0.3175892278186472,0.007641357114401226,0.15418123702371517,-0.00010808024265704944,-0.17638066827381432,-0.3678039471813229,0.15760084763937102,-0.032498782190471205,0.756954708843277,-0.4669814974997073,-0.15165556810954847,-0.31657536436272277,-0.10024859977931462,-0.017469508723862322,0.7159711176115142,-0.43461509409416604,0.12094419630564542
-0.03682681597783243,-0.026335561156515117,0.849249269447655,-0.006778075578865746,0.027058413359581274,-0.08448272514753498,0.9960344216489483,-0.0417937065343097,0.009748233393810719,0.35227434296263516,-0.26111041911195304,0.3095975481337409,-0.5521560356507865,1.0058206572816328,-0.6374274648677134,-0.03299769377685858,-0.020775963857235197,-0.2710461657065084,-0.261763056021139,0.5389256087324306,1.002331872314265,0.3179801606825227,0.008073166615762838,0.15385484519825876,-0.0002561563205762743,-0.1761434797417921,-0.3678646794692599,0.1561324417031249,-0.03182831691937072,0.7597619860215993,-0.4704287950852542,-0.14969863133158742,-0.31533901854775837,-0.10180108021737622,-0.016868332276680078,0.7154039043202258,-0.4359886165163945,0.12290647544777103
-0.03519940565205742,-0.025295732480033552,0.8490105023264185,-0.006712249555720054,0.027418509998373232,-0.0847288773222594,0.9960041106155536,-0.04025668100873014,0.010018107339133137,0.35216734760523644,-0.25879823592211154,0.30799118817765025,-0.5512440966894951,1.005483644065916,-0.6380872318618397,-0.03293014751860241,-0.021956002476398197,-0.2711851629725969,-0.26259911793131224,0.5383920112318921,1.0028042710121987,0.3181087326949314,0.0081957105477343,0.1535066359764638,-0.0004124098760771314,-0.1758441891139714,-0.36761200876496547,0.15461622353152032,-0.03095816726408314,0.7623630269896254,-0.47419823806790223,-0.14759092488281886,-0.3140459067706318,-0.10343357910801128,-0.016180245682015565,0.7148920866577333,-0.43762296388407596,0.12485540568256984
-0.03330749537861307,-0.024292449410643617,0.8488081879886591,-0.006637195534260118,0.027722566122028055,-0.08503841497801258,0.9959698162801305,-0.038622831912085036,0.010308488168669288,0.3521529947920752,-0.2562603720829229,0.30625156061992137,-0.5504576240830447,1.0051809368242846,-0.6389423926948578,-0.032571433494119686,-0.023310379467292437,-0.2711920124689447,-0.26345348861965456,0.5378003543073986,1.0035937776731816,0.3179046485529842,0.008245857496915398,0.15328015318204852,-0.0005784402584075305,-0.17554933125137992,-0.36689617922313683,0.1530594554916801,-0.02992876881231795,0.7647489251503807,-0.4779297689513755,-0.14534075569446098,-0.3124401634653864,-0.1051191245172788,-0.015404055155604165,0.7142631334634847,-0.43913724405011817,0.12683028501276072
-0.03143621398154827,-0.023141542385695588,0.8485757068851899,-0.006523637345466027,0.02802639258319882,-0.08537790477584464,0.995933018255065,-0.036964223264709335,0.010588781326632771,0.35202651045911176,-0.25375470077939394,0.3043837836249829,-0.5498696230844077,1.0047781033959982,-0.6399336996180669,-0.032281940038751226,-0.024673205271957432,-0.27125152302124816,-0.2644979513503354,0.5370768111935136,1.0044071813347604,0.31751628263701254,0.008238294382269175,0.15298304275853278,-0.0007433667549020644,-0.17524069519714092,-0.3660064368502703,0.15133807051376913,-0.028780843288611076,0.7669837256308872,-0.4819337945334713,-0.14313497377023573,-0.31085882214356486,-0.10697885009260548,-0.0145468315107338,0.7137341847225811,-0.4409154524478289,0.12862482451211116
-0.029476883631238876,-0.022052969256158444,0.8483900134367879,-0.006363594657964594,0.028289533464405176,-0.08571365591342524,0.9958977739453733,-0.03535134852742944,0.010849445325591577,0.3519698165585865,-0.2513502249045034,0.30249072996890114,-0.5495969640223578,1.0045994567605827,-0.64092763228459,-0.03183755607877835,-0.025988648040913134,-0.271259667679728,-0.26555543424479133,0.5364565607682956,1.0051064913236338,0.31716891651893053,0.00826450575150824,0.15268212238195347,-0.0008991198036334267,-0.17503723431702298,-0.36476397205222966,0.14947471245334878,-0.02753759325550345,0.7688752488144571,-0.48585334327327634,-0.1406386779691286,-0.30916557906517267,-0.108950859736344,-0.013576937853339775,0.713305166214784,-0.4427483331864247,0.13047817908467146
-0.02743591779524068,-0.020767697471086553,0.8481198878982171,-0.0061487372512855284,0.028558894857435565,-0.08601831738295497,0.9958651673943323,-0.03378900535991569,0.011086793234191636,0.3517478960432485,-0.24890538500907883,0.3005133413088311,-0.5498211643214608,1.0043729865763737,-0.6418272074944441,-0.031849028446787796,-0.027084662211630053,-0.27107488845997424,-0.2669463757443606,0.5358649223954323,1.0054033859028595,0.31709038029765013,0.008623715825667918,0.15225080378601663,-0.0010402772517878844,-0.17484721094242375,-0.36338989238452923,0.14733202429331652,-0.02629168555328832,0.7706594921363441,-0.48993818427895847,-0.1381941118157471,-0.3075375975002449,-0.11115317531150411,-0.012530109790632769,0.7131578859745449,-0.4448594625581561,0.13188608593888781
-0.025189685871453166,-0.01949179291121485,0.847898460339958,-0.005904945002965864,0.028779724938723536,-0.08631097536490409,0.9958349635298622,-0.032249432104340135,0.01133528733594432,0.3516377792265437,-0.2465089649382344,0.29849341920626665,-0.5504452887063702,1.004416467235198,-0.6426133808830786,-0.031946827301593796,-0.027998884242509403,-0.27076845914081127,-0.2683726103489233,0.5354139881354087,1.0054784217519226,0.3173097058692164,0.009379547532905885,0.151786335513734,-0.0011729695082816395,-0.17475794560383237,-0.36161560928027375,0.14503512563995197,-0.025013951191353887,0.772146151904695,-0.49390706786849053,-0.1355506804408456,-0.30567569704936015,-0.11345892250702787,-0.011403773032280577,0.7130212165509939,-0.4469309745887672,0.13313971420599757
-0.0229572651265268,-0.018180613236492105,0.8476429917906808,-0.005584715420556853,0.029008677026709007,-0.08663480846387382,0.9958020473835445,-0.030732238174352538,0.011507200336665467,0.3514475973536388,-0.24419677970167628,0.29649959475077386,-0.5512746555913294,1.0044421588964378,-0.6432228071258106,-0.03212920878349628,-0.028710008648145113,-0.2703924458156271,-0.26992256399674464,0.534804124708755,1.005213379211176,0.3178070178770572,0.01006446408548471,0.15125079381672915,-0.0012985606693677841,-0.1747159311190192,-0.35964753506055247,0.1425415670860888,-0.023570382656718653,0.7733622532190133,-0.4979801808201631,-0.13279553678024297,-0.30395478796867326,-0.11598516339924583,-0.010154909110906996,0.7131400393884794,-0.4492453922931896,0.134485504935103
-0.0206085230531419,-0.016723073921941254,0.8473271033769523,-0.005139538271381131,0.029250414245601816,-0.08703604277146469,0.9957623841416692,-0.02922556411700873,0.011490536637218982,0.35120478357486024,-0.24182952140379244,0.29444961994061164,-0.5522473519547777,1.0043696931014008,-0.643552622957954,-0.03242918105818139,-0.029465473644293468,-0.2698128290621949,-0.2716697414065998,0.5337181296344173,1.0047465760130256,0.3185336284436515,0.010586514824685466,0.1506963456115361,-0.0014186436927891251,-0.17473119304011447,-0.3574526099118605,0.13973322970410393,-0.02184380762212918,0.7743055535333784,-0.5020222103171295,-0.1302329996075744,-0.3024838387683996,-0.11890894227106538,-0.00873458251957556,0.7136825244471284,-0.45172112777218915,0.13595665279214647
-0.01828486828680683,-0.015176633527414813,0.8470143613520696,-0.004557419070571988,0.0294926665410168,-0.08754917267075626,0.9957130886537453,-0.02767911416932085,0.01125005740039545,0.3509459861913775,-0.23964349790757822,0.29238798425519225,-0.5533638192776188,1.0043449825723236,-0.6435813660386591,-0.032617895152846174,-0.03028678257099878,-0.2692569148314376,-0.2734894976456185,0.5322422788782746,1.004316729384788,0.3195322558872868,0.010665755232481589,0.15016017653460617,-0.0015350156884450488,-0.1748580997899398,-0.3549381394963827,0.13664851837823,-0.019696372570677596,0.774789988544207,-0.5060783084390409,-0.12776389096449675,-0.30122711486431775,-0.122224954217612,-0.007089497509640129,0.7144907339810884,-0.4544192504426731,0.13788670756408927
-0.0159136004571184,-0.013620075076195408,0.8466642424192733,-0.0038578657521464586,0.029731975059538326,-0.08814738200803995,0.9956561482640609,-0.026101918454062886,0.010813126450875534,0.3506382754391577,-0.23747398058597294,0.2903819639324812,-0.5546485228331111,1.004293655154469,-0.6432989789021841,-0.032646420975936924,-0.031174386002475372,-0.2685652680939794,-0.27540214356737175,0.530493059830645,1.0038834938052834,0.32081073927314135,0.010245602580356894,0.14973927137016776,-0.0016458375971899408,-0.17506595589321028,-0.3521271402976042,0.1333302198281265,-0.01720325094612179,0.7749149746444346,-0.5101266316957881,-0.12523836665277815,-0.30014191470489066,-0.12585505168336125,-0.005233547300768485,0.7156184924575428,-0.4573254943601608,0.14025005861617862
-0.013377053826615033,-0.011957999962246089,0.8462873982422743,-0.003048402170013387,0.0299695742533338,-0.08877897664729463,0.9955957137155335,-0.024602206742360078,0.010206889606537978,0.35039543402929546,-0.23529932999957157,0.28831763168296437,-0.5559828300082754,1.004103347436135,-0.6426215864267345,-0.03260536949240358,-0.03236245779034583,-0.26761923210779825,-0.2774519381817949,0.5281088714715163,1.0032527719813582,0.32227310574827894,0.009720855481602474,0.14936781348392272,-0.0017401634554240328,-0.17535659934400613,-0.34906682858765503,0.12969814784774975,-0.01456378558854764,0.7747450735291442,-0.5140339557867586,-0.12284957605361187,-0.2992531896460237,-0.12982210078273793,-0.003268204014612722,0.7172106274861081,-0.46032673537833535,0.14254370310465783
-0.010795751463449547,-0.010200656624929187,0.8459138377695616,-0.0021462058815360854,0.030218038814367035,-0.08938583349508147,0.9955362558445154,-0.023288127378311606,0.009460086529447747,0.350294340566415,-0.23332617819509224,0.28624180219542333,-0.5570746133319424,1.0036434208094718,-0.6414279262907671,-0.032438789888076115,-0.03405300794672753,-0.26643873619371095,-0.2795515370786427,0.5247579449235529,1.002095207354518,0.32376796045374023,0.009268452327003962,0.14888314894777321,-0.0018076499742602059,-0.17573523209501654,-0.3459117912820517,0.1257581920084058,-0.011967864946555731,0.7743198021240438,-0.5178219359159243,-0.12058726585525809,-0.29869705605606844,-0.13407220350994606,-0.0013027174925524148,0.7194270770479889,-0.46350323060940263,0.1444792987287409
-0.008194511101306005,-0.008472650290182095,0.8455306139180705,-0.0011797481704827874,0.030517000041607057,-0.08997234150726534,0.995475915663666,-0.022173281039260813,0.00866872912872509,0.3503231832567485,-0.23152932706032506,0.284295170965149,-0.5579397415956002,1.002704520354787,-0.6397052840085519,-0.03191950513657878,-0.036550494306841666,-0.2648941900501353,-0.28161452467398473,0.5202884603468894,1.0001314671037407,0.32525127076851906,0.008969864807777908,0.148199511310622,-0.0018346672096038149,-0.17618455894986726,-0.342776626143089,0.12161009572059597,-0.009481591836626802,0.7736759205141466,-0.521464147293977,-0.11826080778457854,-0.2985590359034849,-0.13848210705929875,0.0006460545573554249,0.7222820771961631,-0.4668522053970266,0.14612182111556363
-0.005545024054894902,-0.006626105113221409,0.8451883083349871,-0.00012919482135133496,0.03084735320635841,-0.09055837394010914,0.995413283525081,-0.021201134657419487,0.00777343494102779,0.35046942389779223,-0.22993518750267025,0.28234164220833613,-0.5587282711072344,1.0013156600250979,-0.637456748131451,-0.0311952382484146,-0.03995817082455629,-0.2630940733987847,-0.2837355128653753,0.5147786661631634,0.9975923598365691,0.326751303051602,0.009072049230055303,0.14724678485694964,-0.0018302797716212738,-0.1767239097101872,-0.33953652045087884,0.11716702373963338,-0.007012443845801868,0.7727022533964601,-0.5249273681349949,-0.11608725746393615,-0.298722347162541,-0.14315002426887802,0.0026058608846926327,0.7256053772824445,-0.4703124311642051,0.14735901778297186
-0.0029545062970837287,-0.004604535611120314,0.8448208698117439,0.001052456571033766,0.031190117279922,-0.09110881422086298,0.9953518236736689,-0.020401062150119862,0.00661502409968775,0.35055324701183876,-0.22848903386089248,0.28042737591604117,-0.5590955552429161,0.9995609106159971,-0.6345162640294847,-0.030553222087107708,-0.04392989042963402,-0.2609767880983383,-0.28598825147855805,0.5084300464838262,0.9944551245953962,0.32812176654017156,0.009253897635685028,0.14605715629605648,-0.001810471439996508,-0.17727968087165666,-0.33623894645723545,0.11232669965921542,-0.0045323489060704,0.771500313700839,-0.5284758747437366,-0.11409953268674537,-0.2992449368409506,-0.1482137110232327,0.004580620804495365,0.7295989781610089,-0.47418532182130907,0.14825549711785965
-9.538090532865053e-05,-0.0026479163929150275,0.8444658223944363,0.0024035250405085493,0.0314513389421999,-0.09157816433237496,0.9952981845475427,-0.01984628174775737,0.005029173964957153,0.35070198414258014,-0.22691500363896472,0.27859742709385227,-0.5586277739464628,0.9979080154196908,-0.6306779801830591,-0.029784911748862317,-0.048087036366242536,-0.2582545324609283,-0.28822571890826887,0.5016837613970936,0.9909022775004179,0.329049023992354,0.00921035802470154,0.14504160323145138,-0.0017842817938214849,-0.17787827008671736,-0.3324931947222198,0.10706316637170821,-0.0019998922956974002,0.7699526663112306,-0.5317899387408305,-0.11195537809723459,-0.29976007525821924,-0.15369744506024385,0.006598352837051579,0.7342904328316577,-0.4781989282655442,0.1491823314389567
0.002852956096875687,-0.0006385519197703239,0.8441101682083707,0.003967935386298072,0.031649268881744526,-0.09193362555237826,0.9952541322500579,-0.01957737074391405,0.002897909541229736,0.35080019802357404,-0.22530034015792189,0.276749537708104,-0.556776658993464,0.9963115059202242,-0.6254398287805707,-0.02906779498246802,-0.05191721206927369,-0.25517342156009815,-0.29064724148019316,0.4947895739602112,0.9868647841380576,0.32939404069568784,0.008617158263704922,0.14428937067175623,-0.0017638536624979685,-0.1785410120397106,-0.32835946679204386,0.10124221512666466,0.0006215676821189936,0.7679444653739143,-0.5350456060959141,-0.10972873924189244,-0.30033308337902465,-0.15978022178282372,0.008647998570162217,0.7396108743387221,-0.48260339181934914,0.15033128296628545
0.005905232444172832,0.0012707200634449055,0.8437312553802858,0.0057121128445440225,0.03180639807318284,-0.09219990620362606,0.995216007761382,-0.019630918118085344,0.0003260644866029624,0.35087202088513336,-0.2235655996781448,0.2750429348168009,-0.5536580376788826,0.9947163040327808,-0.6186843172049361,-0.028167383554144564,-0.05530534521573381,-0.25164968078922545,-0.2931790786374382,0.48770787686225275,0.9822123226376217,0.32907373444045224,0.007199383022857243,0.14388557675535818,-0.0017280148740412597,-0.17925300700552846,-0.32390514650968655,0.09499901992357541,0.003303243560647695,0.7655563484405751,-0.538209218518787,-0.10721507573812754,-0.30102889868520644,-0.16630877842189362,0.010738000171244851,0.7456084176065503,-0.48736075541857726,0.15183290056826562
0.008869907445850762,0.0033103443110721427,0.8433553711071071,0.007614234203712344,0.03193339765457983,-0.09243687190868485,0.9951772235453653,-0.019970968268040235,-0.002592753707786516,0.3509519665274179,-0.22207494070262626,0.27346325211750955,-0.5501936259372622,0.9930655835471196,-0.6109855394549197,-0.027330658271283677,-0.058270560650766474,-0.24784448616348068,-0.2958858451718719,0.47978312178999527,0.9771578334600183,0.32791255959731874,0.005031037676020141,0.14356373764089053,-0.0016399503252773559,-0.17992197913452027,-0.3192876421726251,0.08834372370860583,0.00597847215905973,0.7629232010077162,-0.541510622633307,-0.10479390076136694,-0.30208887071772617,-0.17321806047243518,0.012858228890772259,0.7524614855371288,-0.49258807381900027,0.15286843820884155
0.012190815324229793,0.005438868771655389,0.8429247686870327,0.009623336250829416,0.03201434391373266,-0.09270027752735477,0.99513272066068,-0.0205391453417925,-0.005737921725700413,0.3510974010043123,-0.22054964492842288,0.27219361270513,-0.5474660940999707,0.9914050692952906,-0.6034505234822708,-0.02663839180855111,-0.06117940450653119,-0.24317133022667625,-0.29861032873848764,0.4704708586247206,0.9718958694820763,0.3256702789637576,0.0025998247229939895,0.14336825655328317,-0.0014665428302003767,-0.1804061250014311,-0.3144268117070048,0.08139165119682223,0.008546707417100254,0.7603379688662762,-0.5446379898342857,-0.10261394048068324,-0.30346595409813076,-0.18032127811110527,0.015050630910440932,0.7604173379768732,-0.49780464885965453,0.1527578712842752
0.015360529566453512,0.007417708638815273,0.8424403828368615,0.01199651410861663,0.03220147209449788,-0.09300049190645718,0.9950728904705148,-0.021131333862659096,-0.009701880315094997,0.35070017280592564,-0.21919568211741167,0.2718183336176881,-0.5452976444120281,0.9890898544820396,-0.5921943762335896,-0.025211285939096186,-0.06578772817827802,-0.23638239615864312,-0.30112834576704506,0.4573286967052608,0.9650673268572939,0.3200162289038963,-0.002210239134994011,0.1437572444748578,-0.0012745114812044058,-0.18053954979309855,-0.3095732779968234,0.07373887533307596,0.011110319010222237,0.7571881461878904,-0.5480565012643904,-0.09960130510005562,-0.3060117756742623,-0.18802026264635424,0.01766221684330839,0.770024649144807,-0.5043623421650018,0.15232881036758952
0.018703567493411608,0.009451950186514728,0.8418765320320362,0.014103762461284421,0.032289226389054564,-0.09326685827115429,0.9950174786866106,-0.022225014428386956,-0.013099598911230985,0.3507520090817566,-0.2182278957299252,0.27136747829632785,-0.54394293672346,0.9876104765743,-0.588009189053124,-0.024931144994881197,-0.06776489598646168,-0.23119634835298153,-0.3033830775966444,0.44591094071393594,0.9603851680302363,0.31566306504062264,-0.004542870154181998,0.14367683151851474,-0.0009420572973210401,-0.18054477661969914,-0.3049687202335762,0.0665840804940153,0.013350438667300638,0.7551902245494199,-0.5512589520998287,-0.09748654176112481,-0.30816373958532145,-0.1952239092325242,0.020037269421963596,0.7795163057712711,-0.5096372554395431,0.15129288759561477
0.022262420901860525,0.011395522246310755,0.8412160197059936,0.01671532959563543,0.032438148127337425,-0.0935852396197026,0.994942293416005,-0.023076359538953803,-0.017712667994352123,0.3501770621317047,-0.21692969153892577,0.2718244620963701,-0.5430217133588242,0.9852260818783897,-0.5820847594821097,-0.024314551592635705,-0.07154139615477753,-0.2230090992727264,-0.30532796136289286,0.4300800902048773,0.9537533705183262,0.3062901983805815,-0.00869526756599083,0.14443582528680138,-0.0006731075265338113,-0.18010538896978068,-0.2998234616735473,0.05840931984622612,0.015760372697510353,0.7520899854016564,-0.5547344877650161,-0.09454836833337898,-0.311701211847337,-0.20330058529958422,0.02295251352663778,0.7915235590352562,-0.516471613596911,0.1489651693179437
0.02587548605656302,0.013279180276826381,0.8404653221416974,0.01910999338088287,0.03254002353931308,-0.0939525274557932,0.9948612353518006,-0.024161440599110857,-0.021944685227959927,0.3495074665224639,-0.2159558749799566,0.27260522992608993,-0.5433094569216506,0.9829305459174648,-0.5782989693819205,-0.023637104348288734,-0.07521388708418424,-0.21539146388802258,-0.307299090738995,0.41602321868352693,0.9483096635710044,0.29720836255841376,-0.012175758542366487,0.14485652411269778,-0.0003122216717800453,-0.1791787050987189,-0.29470409604926445,0.050828057105785335,0.018213814269108713,0.7496767637259474,-0.5584942794261968,-0.0922707217902274,-0.3155929375632911,-0.21071004562162182,0.025690668823827992,0.8047148757680004,-0.5226115926794906,0.1446510262079113
0.029704085883538983,0.015128833462486387,0.8396667541869004,0.021538987004708892,0.03248488812134851,-0.09437133081681114,0.9947737712678282,-0.025358774320004565,-0.026304177455943455,0.3490665782288004,-0.21532935082158344,0.273819989842544,-0.5449635661775484,0.980453123716641,-0.5759573019320844,-0.02259517999456994,-0.07956861214376995,-0.20753174231421354,-0.3090409711546629,0.40196259877251383,0.9433575939606372,0.2880533433903706,-0.015273713105642985,0.145153360973359,0.00010023646055215355,-0.1779244506894664,-0.28905611741603915,0.043211844027825234,0.020799665613078205,0.7472989723435297,-0.5623925786188506,-0.09027029734683607,-0.3198239915761273,-0.21796215026842553,0.028704413151725908,0.8195243040735191,-0.5288022856412907,0.13804632077604986
0.0336207741536397,0.016907495984378972,0.8387926167353765,0.02402694129708915,0.03232652454642636,-0.09482808972592806,0.9946785085149802,-0.026665251535860655,-0.030846370274429647,0.3487335452062947,-0.21501400994783043,0.2755767628363324,-0.5477035983701284,0.9776085400327242,-0.5747441444799086,-0.02128618612047343,-0.08462990052901939,-0.19925290781873017,-0.31055166538155193,0.3875124481106164,0.9385884177244656,0.27851813172314177,-0.018405987176123424,0.14548103575305502,0.0005607376543512676,-0.17635730225859456,-0.2830696072062727,0.03552109628579582,0.023469546211438274,0.7449603597758022,-0.5665250044336447,-0.08835689659809795,-0.32452395939849,-0.22514436569914123,0.0320048415861677,0.835840290782788,-0.5351913431985377,0.1297539461715124
0.037765201296976234,0.018534132961208268,0.8379322311309669,0.02642904100683956,0.032084541786451114,-0.09536260033305691,0.9945743121695475,-0.02794589936380491,-0.035359247407103625,0.34862706691456485,-0.21493043729857447,0.2777606453945138,-0.5512187897216314,0.9745518495072331,-0.5739630094834931,-0.019652300586372337,-0.09032052666806203,-0.19060753875615966,-0.31182906055575516,0.37335583282664425,0.9342161555950727,0.2688111241493954,-0.021261993935694338,0.14550810904418732,0.001059957240782264,-0.1746477673669964,-0.27661723806150046,0.02815242648927628,0.026188755494414753,0.7425209755972382,-0.5706382712636774,-0.08660538179732394,-0.32962437382619597,-0.23199452521904412,0.03507260939037403,0.8535376428478101,-0.5409218256845031,0.11998762763790441
0.041860795769638894,0.019896782739474348,0.8370820120395114,0.02859807544599377,0.03183583228999419,-0.0960103315362175,0.994459977124013,-0.029126154210704594,-0.03960852769545032,0.348642582305409,-0.215178945762257,0.28044393295404335,-0.5549907282322676,0.9711919514368851,-0.5727279517431856,-0.0177065329981112,-0.0961285931282857,-0.18179571420269428,-0.31285330048141935,0.36025827678442074,0.9302590972784239,0.2591793067760863,-0.02434514298135038,0.1445026184044416,0.0015880254683792885,-0.17287434557493783,-0.2699263314004286,0.02157718519752739,0.028965749981637187,0.7400674356773927,-0.5750873825404237,-0.0849344537741937,-0.3354378839844184,-0.23820187416435595,0.03739383389537247,0.8727687573107944,-0.5457467384744237,0.10911586373646197
0.04632775615741029,0.021088657154623307,0.8362669483126018,0.0298806078615802,0.0311716435270181,-0.09655719717393851,0.994390358756338,-0.03062993409134111,-0.04197765227930257,0.3506505992335651,-0.21656418796799276,0.2828846334399914,-0.5595259336856176,0.9677238218018962,-0.5703821750942026,-0.015359874361757717,-0.1026006324684107,-0.17330260778328088,-0.3143769811205798,0.3483277143596163,0.9265990886239329,0.2492999518079475,-0.027428238330596436,0.14198277012383687,0.00209655332476301,-0.17193696249377902,-0.2623892033740841,0.016829074174032618,0.03106660181055145,0.7384850119167122,-0.5800083156849962,-0.08362592670978708,-0.35153452613850145,-0.24252328899849987,0.041286144154030015,0.9141764222163126,-0.5305351015761601,0.0991070714189681
0.05081173223152422,0.02203898413729537,0.8354423655926446,0.03145655629473003,0.03071664370320092,-0.0974152671342044,0.9942722155400185,-0.031617096256632636,-0.04530078592706165,0.35135000208204026,-0.21757153742858512,0.28624327044983094,-0.5646922310720021,0.9638132233665088,-0.5669573926868402,-0.012536573237243161,-0.10932011079308673,-0.1638955952046805,-0.3151450604769413,0.3375673565083644,0.9237006575586968,0.2394298874392545,-0.03070018238945469,0.13795802740656102,0.002676395204610301,-0.1701252083123487,-0.25469713879250183,0.011936275602741955,0.03395405282691175,0.7362335426346811,-0.5849110663370727,-0.08234836306614003,-0.36192202754833774,-0.24761755262494214,0.04234267542404143,0.9445656159649227,-0.5238980968370525,0.08803540878723395
0.05534381966850362,0.022777507552890847,0.8346379539137896,0.03288015606449676,0.030350827576586675,-0.09835290946564702,0.9941450738208337,-0.03273946195979742,-0.048538398624394644,0.3519383193249258,-0.21855167485907637,0.2900494367671691,-0.5697845815909656,0.9596223602849543,-0.5627767192630767,-0.009632317538694557,-0.11586990460993815,-0.15412782321493088,-0.3155640328789387,0.3277522529378342,0.9211661851252704,0.22992002384352747,-0.03405758189471412,0.13286042677610096,0.0033018749229828887,-0.16817849078298014,-0.24690775294719497,0.007601337679116692,0.03681993425305514,0.7337850056326473,-0.5898358548191063,-0.08123945700434111,-0.3719223031980218,-0.2522856010603392,0.04226896267392704,0.9736917280614733,-0.5187235124519061,0.07478755791667722
0.059715550901201155,0.023114219643584115,0.833888987504338,0.03394525733112855,0.030146225459050224,-0.09929591987743804,0.9940217527252545,-0.034337177843596994,-0.05121215002977668,0.3526517152179301,-0.21958861864316326,0.29416343269878886,-0.5738539149093079,0.9554545365396945,-0.5583048193371684,-0.006529151118368419,-0.12164182076558652,-0.14442406454777285,-0.3155441587933696,0.3189495081096304,0.9188998463568934,0.22107820421175867,-0.037670097430119495,0.12735851582744837,0.00393488385117531,-0.16645295202399224,-0.23934705801907724,0.004310105446543284,0.03938595097991225,0.7313004568542554,-0.5949014081008739,-0.08001259095637453,-0.38306948836217125,-0.25566231313660975,0.041671437874032,1.003821409970714,-0.5124257982394692,0.05832965381485624
0.06417658574612004,0.02323335324097032,0.833220745831151,0.034571012702805146,0.030119258024690683,-0.10031644500628385,0.9938985291457303,-0.03636851200416134,-0.053120785022277496,0.3535917549154837,-0.22056039586592482,0.29825031859550505,-0.5769671610799164,0.9516750875522724,-0.5532900770021607,-0.0036751444505667462,-0.12650162396695055,-0.13485702205275346,-0.31527060636928905,0.31108895117380214,0.9171015079897312,0.21310846891645466,-0.040786025200284196,0.12158577198010832,0.00456630763035131,-0.16503065150529633,-0.23199335038518437,0.0021492345544585627,0.04163906724258872,0.7288811785644971,-0.5998830554309063,-0.07907698662735857,-0.3959843587568225,-0.25750321012439326,0.04082554939813389,1.0363528288717003,-0.5038403402321061,0.03626442908563052
0.06866229402067565,0.023118147322666607,0.8325931302180222,0.03481899580799419,0.03022521693171481,-0.10141248910095296,0.9937754177110153,-0.03873641759314985,-0.054389681569303946,0.3546376624393726,-0.22167627154308453,0.30238859557100606,-0.579429745996364,0.9483304047854847,-0.5476930349292859,-0.0008436897145623508,-0.1304758616718325,-0.12535436433317118,-0.3147079476053627,0.30423416848034585,0.9157585462283158,0.20593268106896018,-0.04363203509530845,0.1154640077516177,0.005207883740045574,-0.1637791545122561,-0.22475277100848326,0.0010177643861206567,0.0437065567552928,0.7265328129230914,-0.6049449753108774,-0.07836640715271712,-0.41062824646479573,-0.25817699839118063,0.039486751418299215,1.0714184073107915,-0.49281737462625785,0.009925764789425586
0.07316869611514644,0.022836038937280465,0.8320064190247193,0.034762028428614145,0.030420793211967372,-0.1024381091152263,0.9936662470471561,-0.04166237128123214,-0.055163473003885966,0.3557438383854415,-0.22285994029876746,0.3064772036917515,-0.5811477765566408,0.9452180771549287,-0.5425660260301421,0.002122015604131809,-0.13377664232756933,-0.1157718887529256,-0.3138944374592033,0.2982276305232709,0.9147230508684583,0.1996698096534735,-0.046096836433401324,0.10927544375493455,0.005860023890636913,-0.1627147767899859,-0.2175038807041987,0.0006953472213221699,0.04545892628610618,0.724096738707899,-0.6101019548915217,-0.07798310643509132,-0.4260478390733841,-0.2581464182245347,0.03730836008144597,1.1070390336474978,-0.47955522857732663,-0.017518555593367582
0.07788707426701616,0.02228573482695831,0.8314703498368483,0.034469369613339455,0.030655569974772923,-0.10324980488084376,0.9935852134467624,-0.04536395374704571,-0.05561961362619338,0.35683303583801856,-0.2237936285181472,0.31045757649780853,-0.581949571872801,0.9421848687694521,-0.5394849471273071,0.005648097597938359,-0.13687092439681842,-0.10576372883437855,-0.3127763385645755,0.2930138461340799,0.9138268440534983,0.1945747712498665,-0.04784097156474861,0.1037061182726803,0.006523739916830041,-0.16184499201364227,-0.21001058890459748,0.001019143660603658,0.04676731227603266,0.7213547118094338,-0.6150597852957215,-0.07779916877919218,-0.441031261068106,-0.2577975744388063,0.033893686536123915,1.1409111173761772,-0.46461066647711563,-0.042708119303398885
0.0825430548391502,0.02140291781946836,0.830962339797773,0.033887822436817865,0.030933031154086705,-0.10382674097552837,0.9935364970309404,-0.049853770471562725,-0.05566190583521047,0.3578804193831937,-0.22465583650583648,0.31434718344926055,-0.5815044256273207,0.9392714670428266,-0.5399734826083054,0.009512722972006038,-0.13975949682897465,-0.09535758246910629,-0.31134557049611106,0.28850752094286736,0.9127567317936626,0.19083756228799204,-0.04920787389320643,0.09890037550614011,0.007211789514313651,-0.16115421621174067,-0.20241220071540084,0.0021832873197195945,0.0476554639792663,0.7184384116301374,-0.6202090903502818,-0.07764650771374826,-0.4555972482490584,-0.25710087845230134,0.028776147216061664,1.173191479133419,-0.44922335242176387,-0.06602643031922424
0.08743819510459258,0.020351949572114426,0.8305412226364408,0.0324422714944645,0.031091025325336943,-0.10430900437567137,0.9935293044347786,-0.05490940897616518,-0.053855183412259804,0.360149071614647,-0.22602395517929177,0.3173294132457416,-0.5800775199931435,0.9368467018866651,-0.5443679160841587,0.013583386801066391,-0.14296381829258606,-0.08501407163717482,-0.310268361843736,0.28454256709414133,0.9115286895481792,0.18828793661880344,-0.04973147703219883,0.09446114251232683,0.007869726938749669,-0.16131422754451882,-0.19446079910263722,0.005242775697884984,0.04809872348573941,0.716064007385096,-0.6256897151831384,-0.07790883800153649,-0.47437585358799345,-0.25487647879139924,0.022570736534842373,1.222841849908052,-0.4847366177869703,-0.09126641775851597
0.09235629340638374,0.019094710595030318,0.8300666701769,0.031254271251565394,0.031453550599768336,-0.10449497877663265,0.9935364331989402,-0.060932128601126984,-0.05283019669623774,0.3614051815630312,-0.22679127459103507,0.32050409330699703,-0.5777079456581371,0.9342108135671391,-0.5514220810479713,0.018111556780006265,-0.1461992364942187,-0.07402139091660273,-0.3086395856773408,0.2814109891104832,0.9105591584130781,0.1870317740592556,-0.049789710754991647,0.09096715520601541,0.008571665662622806,-0.161184192702589,-0.18665639024251734,0.007978238833178329,0.04808506089050136,0.7129992133315366,-0.6308419670297836,-0.07844683752846394,-0.49159000841751205,-0.2529654388926796,0.0158245996518163,1.2600588594091948,-0.4921757138170562,-0.11268292147630546
0.09735944118128911,0.017780619615320174,0.8295792739649014,0.03016572993762105,0.0319541543030855,-0.1044733481005783,0.9935563800292163,-0.06779121709599388,-0.05204658574040861,0.3621904869330971,-0.22750609516989084,0.3232800407427964,-0.5749220908077973,0.9313498846926253,-0.5590518212911867,0.023836117617667983,-0.1495040824314345,-0.0628581597089595,-0.30688594321482804,0.2790190490725414,0.9100835445816743,0.18672493055172346,-0.04948403530244003,0.08857143895241401,0.00929905333386223,-0.16107826325969274,-0.1789368191868814,0.010619571341304186,0.04767365220673286,0.7095143849194432,-0.6357076111888562,-0.07951726340968442,-0.5073577080352887,-0.2506652805405926,0.009463295570519266,1.289753566447227,-0.4897655952856189,-0.1280121937798328
0.10233247947440295,0.01628967088778848,0.8290929537376934,0.029120009298200144,0.03257486015829688,-0.10420196577732141,0.9935959208210762,-0.0755473477252164,-0.05136815733758461,0.3626964964934114,-0.22846347286039054,0.32558250520387466,-0.571653132939155,0.9282330334667461,-0.5659527200828351,0.0314672289512273,-0.15259701824197677,-0.05175227838432588,-0.30497159877361885,0.277604033629126,0.9101755794809517,0.1871219540337487,-0.049158492790856365,0.08735057873692234,0.010040947627168402,-0.16124437171898215,-0.17135523159899022,0.013335674766006155,0.04680626812852496,0.7056599859446786,-0.6403083551796753,-0.0809445981916764,-0.5218833312681687,-0.24714590568880623,0.004230924723510627,1.3131063678786383,-0.4838846136211856,-0.13482510705550554
0.10731010362017297,0.014630663259416582,0.8285534233508688,0.028037423056977193,0.03329983072552346,-0.10369530756086044,0.9936560307127583,-0.08416416514595085,-0.050637173214749275,0.36297217638224283,-0.22963276733746807,0.327364344658997,-0.5679251760139027,0.924925802555172,-0.5721365818321846,0.04065987076344915,-0.1554241318109592,-0.04056849281328989,-0.3029685624496892,0.27705126316228174,0.910713065830352,0.18819088476863177,-0.04877625259706761,0.08721463491074004,0.010804205377509632,-0.1616599972160467,-0.16390240902518247,0.016307884533178954,0.04549546778074001,0.7016070370387746,-0.6448214652541091,-0.08273592247632999,-0.5355527690711115,-0.2421977939870758,-0.00012507055864582867,1.331425048088506,-0.47719626804694637,-0.13446340586664507
0.1124132128541203,0.012855877871562754,0.8280547751945432,0.026934915188592853,0.034021589428089624,-0.10301765090177971,0.9937325623120381,-0.09351015750944562,-0.049895044596164215,0.3633642539764153,-0.23133105483557645,0.32859903798153245,-0.5642888760956344,0.9216276957962182,-0.5777627582249494,0.05098446199905735,-0.15838982915899633,-0.029537613739100733,-0.3008952024901384,0.2770953545550416,0.9118534699633815,0.18991467198412593,-0.048095661864250815,0.08820048225194331,0.011602315328347169,-0.16227517424222368,-0.15617414399928187,0.019431603918773445,0.04383483902918419,0.6971444932388908,-0.6491103925271837,-0.08484552809740768,-0.5487021152028061,-0.23651905710257703,-0.004416894318961409,1.3457126242143278,-0.47015056004746575,-0.12992142924297975
0.11778321903040823,0.010889601407797052,0.8274717878913131,0.025850720549748758,0.034732398665654564,-0.10223163312175991,0.9938179380144265,-0.1034276399744918,-0.04919307116827338,0.3637581585100383,-0.2333649000833318,0.32960962531347143,-0.561181341464916,0.9179216499373988,-0.5830351963884653,0.061813569499277,-0.1620894248025564,-0.018267282885884327,-0.2988835887792293,0.27733608448817965,0.9132571724741523,0.192242568018761,-0.04745913742099542,0.09053537844308744,0.01243912617480556,-0.16279320945999262,-0.14807848694955608,0.02264247411801314,0.041945323213416486,0.6923698754576351,-0.6532888622662839,-0.08703803780290306,-0.5620148594690686,-0.23110812890113352,-0.009597883569934955,1.3572883083002238,-0.46262234321261575,-0.1245590833876493
0.1231307196859168,0.008779036489792648,0.8268815742796859,0.024769675056635083,0.035399310890183326,-0.10128846936541565,0.9939185066994678,-0.11406790481516119,-0.048518460017741655,0.3643652434000986,-0.23613747882122615,0.33040634522945966,-0.5584509916925631,0.9136953332698616,-0.5883732609245585,0.07288519626946881,-0.16668089227053592,-0.0071589581850264716,-0.29705219497138136,0.27780082547907714,0.9149108582236609,0.19493386752304784,-0.047718657595361924,0.09402366403853657,0.013315201313640992,-0.16328558325547368,-0.13954118524607204,0.025961792369904715,0.03969446180320974,0.6869891769973202,-0.6575406050797968,-0.08939459505150607,-0.5756887202084886,-0.22645745234636078,-0.016150337194264796,1.3662466336248131,-0.4546435399625427,-0.11928949102048193
0.1286508801957044,0.0066594294435407975,0.8261366039006369,0.023690367174756633,0.036096552552952556,-0.10017580424548025,0.9940325012999768,-0.12545300588815633,-0.047834510722778126,0.3648920962862084,-0.23904171980502123,0.330978438639645,-0.5559224136758504,0.9085863369308558,-0.5937374835924489,0.08358663148819438,-0.17227843374194649,0.00427313174326552,-0.29564834329392986,0.27841884735915734,0.9166415042649315,0.19789398331194427,-0.0486914643595116,0.09852396624570134,0.014209737252764844,-0.1636970997825657,-0.1308076618318508,0.029362269538719846,0.037047418949177645,0.6812998298021105,-0.6618696555462917,-0.09225360089225396,-0.5896453604600219,-0.22248958041974237,-0.023676482917078176,1.3724736525192933,-0.44640359396992685,-0.11346460598019421
0.13412477826243493,0.004470021682532888,0.8253399057880979,0.02264157260336548,0.03680178761068896,-0.09899864284324937,0.9941490111315804,-0.13728207286194105,-0.04718719012784243,0.36553340237200327,-0.24268238887565532,0.3314088864523373,-0.5538605490665854,0.9030456679203994,-0.5988507338758622,0.09390221652905141,-0.17849260624547472,0.01555735711917212,-0.29444514155963575,0.27899353496233553,0.9185832976743517,0.20147580116236777,-0.05004992896758588,0.1042087757599498,0.015153513818387924,-0.16409650203686535,-0.12207720823646499,0.032866564074890414,0.03434983140027345,0.675715886247533,-0.6664119255699338,-0.0952708951389888,-0.6040827073660793,-0.21902525899748157,-0.031719438052995444,1.3763028235743595,-0.43834667086919116,-0.10690953539388051
0.13982137974638728,0.0021928998049589514,0.8244473646254307,0.021645138172949396,0.0375359316866499,-0.09787497780591418,0.9942550128339213,-0.14916776865462858,-0.046480450692445205,0.36626921429971926,-0.24686836578218554,0.3317554388079883,-0.552799715061492,0.897046494819644,-0.6030188811178603,0.10336498263802055,-0.18509290910492895,0.027067253600672178,-0.29355255534956237,0.27893411853605066,0.9204899255595982,0.206220934241574,-0.0506705730108925,0.11139339350033554,0.016155218244907732,-0.16441073576800738,-0.11346220465734494,0.03644574280729682,0.031916723716613825,0.6707142238492434,-0.6710198294956153,-0.09828782174904802,-0.6191136266046116,-0.21606244634460228,-0.03988761335306437,1.3784035418858327,-0.4305360187923849,-0.10038609565043706
0.14544912273392807,-0.00023499611174666364,0.8233878409007644,0.020735017837895223,0.038349264044018234,-0.09686384216680238,0.9943423902576161,-0.16119186752005044,-0.04590364290850435,0.36687274316673135,-0.2515656826194639,0.33227379989302225,-0.5523647691787051,0.8902986330662188,-0.6058836401932063,0.11205499622380613,-0.19184267670496097,0.03829176148477035,-0.2927873221928253,0.2782566746376886,0.9225439455374653,0.212729527413824,-0.050435695479374015,0.12059099614841941,0.017151659127693786,-0.16459696741885171,-0.10524705186716322,0.04010166760259076,0.029950589974576062,0.6665303610045946,-0.6761721795439308,-0.101063928652697,-0.6352232091972586,-0.21369787067168003,-0.04800627577229342,1.379087817386511,-0.42317851478857677,-0.09367175998407218
0.1512029376843936,-0.0027636071506311217,0.8221839855463714,0.019886975247181752,0.03920877813883323,-0.09590464544418492,0.9944191666066191,-0.1733974024168733,-0.04543721830882211,0.36745769813127266,-0.25668323438554075,0.3328089202727377,-0.5526967669933983,0.8828653135864786,-0.6073806414848222,0.1198357775334412,-0.19880793444661246,0.04927245696514788,-0.29218788626587744,0.27695639902996255,0.9249723104967364,0.22107199438533637,-0.04887472838406531,0.13168422321331955,0.01814853516111335,-0.16469697114995288,-0.09714906822789217,0.043823672851907795,0.028236777784729668,0.6627946408835333,-0.681551679255813,-0.10385452076082026,-0.6520032906695755,-0.21205750742407642,-0.0562814750775404,1.3779894356717006,-0.41590063406533406,-0.08710445796129745
0.15727091995377626,-0.00548527260486609,0.8208526493638075,0.019060102615124603,0.04007311151455033,-0.09491285846681086,0.9944960570658399,-0.18548323366353467,-0.04509964393627752,0.36808009557705157,-0.26247838983280064,0.3335036717873354,-0.5544551291311018,0.8750743275443186,-0.6076346605317792,0.12641033855843406,-0.20577715976947106,0.06019596854847974,-0.2913241775002303,0.27492406276442727,0.9279754787084973,0.23096244563772125,-0.04568629284817334,0.14380239531518751,0.01918942527868781,-0.1646709673989969,-0.08906866426407091,0.04771987167014091,0.026561010737795033,0.6595580460281006,-0.6868207905869943,-0.10663799542053824,-0.6691251753984153,-0.21095081665002155,-0.06481263546955271,1.3752839181851944,-0.4086179929006795,-0.08112470274753751
0.16330809760125614,-0.008215576618963617,0.819378602062794,0.01821160863279726,0.040930240559031446,-0.09380707818214033,0.9945819648484058,-0.19769245115687104,-0.04463978570461612,0.36885448389839376,-0.2692919859844124,0.3343480017854283,-0.557417249925596,0.866966395719052,-0.6069996793533448,0.13126214934125147,-0.2120489138776062,0.07108206207634041,-0.29067853065618476,0.2724693294731299,0.9307387964261975,0.24183542445730105,-0.04220367808873506,0.15574224280382593,0.02029260816503598,-0.16447782535308442,-0.08130844498729868,0.051846341352512794,0.024695346214937408,0.6571697188808376,-0.6923780574089217,-0.10968080205129592,-0.6866716447082621,-0.21019041377829603,-0.07355238208159522,1.3713639507389888,-0.4018699585747186,-0.07635874535610204
0.1694015672310991,-0.011102241984243776,0.8178079178937968,0.01736875135709394,0.041758634827163035,-0.09256311556819236,0.9946791505455297,-0.21010686980399118,-0.04411148962386156,0.3699173872884489,-0.27699954632639207,0.3354896483403188,-0.5617121412399524,0.8586627360191389,-0.6055359029737714,0.13432887269420707,-0.21738076377147628,0.08205770432826025,-0.2901491748227038,0.2699064246034281,0.9333669538488913,0.2534310027230189,-0.03880608276115267,0.16690720542502155,0.021450621139514677,-0.1641281047526668,-0.07379235753470528,0.056158629856546564,0.02259323606595172,0.6555638974024339,-0.6980464829597859,-0.11258092771116814,-0.7046188693996095,-0.2098066246322775,-0.08256813600130038,1.3664144909719913,-0.39506328990199246,-0.07302714807114294
0.1758575475270825,-0.014276616821140573,0.8160652094223204,0.016535269437823345,0.04258979113035235,-0.09122820120401552,0.9947814382371493,-0.22260067201007183,-0.043572184733226,0.37113875219540443,-0.2850738861136229,0.33703727947683554,-0.5673581719489865,0.8497823628151323,-0.6031274005935859,0.1357053765591549,-0.2219881076593688,0.09341201701680171,-0.28964222554443975,0.2670919618144715,0.9360213182440741,0.26569326262805687,-0.035106084918182054,0.17742323467761537,0.022637886258602875,-0.16358737722766228,-0.06636063159314237,0.060684153882409345,0.02037361291769479,0.6546071877056321,-0.7035594980902806,-0.11519088989251325,-0.722968161864749,-0.2098670684153143,-0.09182295682479262,1.3604476657212383,-0.3876921178547395,-0.07084978855103753
0.18234814103532482,-0.01762699333101512,0.8141131114094556,0.015631448174494935,0.04344914003791568,-0.08982733161874856,0.9948863656479514,-0.23513138003756776,-0.04282894387633247,0.37233690547378995,-0.29370243382190325,0.338854395866622,-0.5738478626564869,0.8403442654072057,-0.6000191721385993,0.1356125047721175,-0.22556322352070057,0.10491201752716305,-0.2892540350475551,0.263866372729883,0.9384547755121287,0.2782824606155929,-0.03156083162532057,0.18714234109589725,0.023864426931868153,-0.162848269743876,-0.059174838261150775,0.06565975117414445,0.018132292463097846,0.654429487276807,-0.7093632724548783,-0.11794871396770638,-0.7415088307489819,-0.21007231093692608,-0.1012052922390434,1.3532172704788106,-0.3806522214984671,-0.06907454704950196
0.18903104713157765,-0.021317629985419608,0.8119663642082929,0.014539858769290186,0.04432573670329846,-0.08840077443135216,0.99499202240652,-0.24744948335983605,-0.04162378431029881,0.37347471882704786,-0.30253886042754613,0.3408192030108858,-0.5809515179819309,0.8305490585591035,-0.5965312373759003,0.13473219622633692,-0.227940250909252,0.11666277656417934,-0.2887959081539615,0.2601630259290908,0.9409615521884835,0.2905359879566945,-0.02791428228724879,0.19585603463347537,0.025127042824124732,-0.1619491801666705,-0.051967289194351694,0.07145849506897428,0.016017828933751622,0.6548431976125925,-0.7151798623693815,-0.12098672341427892,-0.7593835165992783,-0.2099037669520168,-0.11073304878195388,1.3443692889518515,-0.3742106390737452,-0.06664857670379441
0.19610102234910695,-0.02533186248265997,0.8097023561047574,0.013160680900756484,0.045180981354756594,-0.08691901624433097,0.9951032911297036,-0.2596020999459362,-0.03976588301990957,0.37467626563425527,-0.3116596172973337,0.3428111680450166,-0.5892091886862016,0.8205291860275021,-0.5925542985279676,0.13356299166978286,-0.2291303801800842,0.1286480146993962,-0.28832784829481006,0.2561245378802896,0.9436701119580473,0.30191837274731637,-0.023917669256163766,0.20293490145526147,0.026437286229354894,-0.16083730464593515,-0.044367408235397816,0.07830823020536917,0.014104640426700463,0.6555034925256702,-0.7208374782639098,-0.12456543260360795,-0.7761832562961218,-0.20922766334872323,-0.12059351256680252,1.3336185210323173,-0.36771659328872464,-0.06346285199864245
0.20320392437977827,-0.02944514669589391,0.8074899406116308,0.011563303526118028,0.04599697853860983,-0.08537674574346865,0.9952192619031933,-0.2716733684104743,-0.03743571702057884,0.37614280991364596,-0.3216824726184921,0.34479720387163226,-0.5986010426545738,0.8103811823682381,-0.5880367208580936,0.13213043978761224,-0.22886330068501454,0.1404013662134598,-0.28792789568586713,0.2517353403439425,0.9463782914847365,0.3123888996794241,-0.020159322091413513,0.20807860263664285,0.02780645780425801,-0.1596351009625304,-0.03654904774252403,0.08594721088169124,0.01232629482172974,0.6563769528912321,-0.7264722032564621,-0.12873857713710693,-0.7922376146687502,-0.20822896871095986,-0.1307081557456205,1.3208974855926607,-0.36102078323855846,-0.05989735706018532
0.21056714496191628,-0.033949018803261385,0.8053855923605642,0.009867194939419965,0.04680452937038455,-0.08385452311471904,0.9953292889529815,-0.28344463538158826,-0.03478014969176995,0.3778382219782379,-0.3318389784132203,0.3467679099591595,-0.6081275425428768,0.8000824439866054,-0.5834796655134068,0.13072521782307414,-0.22722786478918977,0.15200470407183628,-0.2873080293245629,0.24685946293968689,0.9494064789976011,0.3219813705248927,-0.01633117699091809,0.21205771497263365,0.029170514782088396,-0.1585624639671275,-0.028534117872712175,0.09413898121296937,0.010648811628090888,0.6573876252158439,-0.7312432521974088,-0.13280894918954803,-0.8074390563588545,-0.20678977407935498,-0.14079992397976127,1.30651035975432,-0.35420824132235157,-0.055648713438583866
0.2179940845409129,-0.0386361909267145,0.8033741007178276,0.00822928506892543,0.04767420260127978,-0.08242874287137399,0.995421996754257,-0.2947256874734308,-0.032011237879378575,0.3795490964829352,-0.3419533127451346,0.34850140814895564,-0.6166915377383723,0.7896101318227841,-0.5797280281048898,0.12903076491596488,-0.22412768627857743,0.16307430226888284,-0.28662580782934377,0.24091126444974914,0.9526350343991624,0.3309596388905889,-0.012467020680611667,0.21580272491106772,0.030492268272546915,-0.15778464583034957,-0.020803556297042267,0.10239062775903064,0.008939777596449563,0.6588814093013687,-0.7350571711471663,-0.13671951298265314,-0.8220692787339501,-0.2050219214309805,-0.1503763008599357,1.2907046652305567,-0.34778436357174974,-0.05109652351279753
0.22563915702973344,-0.04336576140866696,0.8014344919208434,0.0066568628330653055,0.04864446847047617,-0.08109593778878424,0.9954962836387713,-0.3055179983815135,-0.029070153609422722,0.3811642900300334,-0.3519526479330864,0.34987831730026353,-0.6244929684963487,0.7791971296328634,-0.5778376650858947,0.12679981004847887,-0.21968827724343704,0.17352017258305452,-0.2860744718585711,0.2336628215368896,0.9561893147179963,0.3398536378470197,-0.008282902444411492,0.2199547339388591,0.03176686581940398,-0.1573150207445015,-0.013480691181149992,0.11055663981929943,0.00705086960155157,0.6610657590705055,-0.7379039851811489,-0.14039380583719194,-0.8362047123442528,-0.203030262661253,-0.15957578595864483,1.2733280853484499,-0.34083033960134024,-0.046498619927160756
0.2333301115020676,-0.048196314618541305,0.7995586110992778,0.005090844292077769,0.049717872166943344,-0.07981205626487976,0.9955562526378695,-0.3159119058235546,-0.02584930688254419,0.3826187476525013,-0.36208423454703303,0.3510267460476449,-0.6317358479328042,0.7690150554997943,-0.5781231432420455,0.12433722938502248,-0.21390186596363894,0.18346967237410172,-0.2856056109978662,0.22523475469143878,0.9597876363461845,0.3487659136822919,-0.004265856808227557,0.2245569315738068,0.033018639449900834,-0.15700472929828563,-0.006519773895336155,0.11883642801818847,0.005075197498006113,0.6638250786650267,-0.7401568490127451,-0.14388064127531394,-0.8498556873435604,-0.20070003250701168,-0.16857516959978602,1.2542496918752144,-0.3332593498070963,-0.04137755666779449
0.2413550785515348,-0.05330123435707736,0.797688957844322,0.0035532240734743605,0.05085647767383986,-0.07863174386046799,0.9955993381550413,-0.32576772068082244,-0.022353214984722918,0.38384381023107467,-0.371529813836995,0.3518101907024814,-0.6376523768530163,0.7588531858440698,-0.5798879409669653,0.12182355730496616,-0.20715865384503077,0.19315035811612852,-0.2850680315801494,0.21566556951280233,0.963800625069359,0.3570286508088694,1.6939641247488155e-05,0.2294691958926391,0.034195666263406456,-0.15676763576884778,0.0004945307277129435,0.12726229616036536,0.003216703322549324,0.666735994470393,-0.7412303849892192,-0.1474645485534931,-0.8625635684453109,-0.19783716219638342,-0.17700106362613585,1.234131821000847,-0.3263452458461273,-0.03579089381917419
0.24942484927662698,-0.05851154246419743,0.7958387690849584,0.0021033085587597905,0.052038053661534064,-0.07761800202307714,0.9956219477423005,-0.3348287327521871,-0.018703979341718528,0.3848125940021444,-0.38030582271099284,0.352073268075328,-0.6415169202876227,0.7486587886914372,-0.5820015801711431,0.11917266947198454,-0.199516410246941,0.20236359109226454,-0.28440349270229687,0.2046961416560873,0.9680963996245034,0.36358499359344987,0.004412578344246852,0.23422190865712839,0.03531145755255725,-0.15656412783110307,0.007609296073623459,0.13571408991818057,0.001659814945024196,0.669586217110523,-0.7412206677131697,-0.1518810227371625,-0.8740639756452038,-0.19436182180412134,-0.18435132519447725,1.2135291503258763,-0.32195688231188624,-0.03019011376521076
0.2578008441716847,-0.06396673207912554,0.7941264559001447,0.0012539787557594865,0.052946767792541864,-0.07705538708633455,0.9956191714900726,-0.34263975314748435,-0.016480570847076097,0.3860066265817334,-0.3882009907402434,0.3523360140202342,-0.6430679002803431,0.7384671655171973,-0.5836815776109614,0.11653962925709824,-0.1913295138888691,0.21057990569021262,-0.28276595504422286,0.19202859194777816,0.9735224379605928,0.3672151223392757,0.009491788639254447,0.23829613948193076,0.036387930455167423,-0.1566559099664866,0.009897707047871112,0.14292669335216457,-0.003224294220404232,0.6876159562730946,-0.7247823671225376,-0.15643973542892742,-0.8841852514167217,-0.19049774550273904,-0.18919711450532972,1.1925900735584567,-0.3193730111578313,-0.02485623974537428
0.26634362767246966,-0.06952473713917462,0.792331974377147,0.00021021575811869912,0.05422566947017394,-0.07639220413939102,0.9956022115918448,-0.35027977973383634,-0.01309695175593364,0.3862926044767824,-0.3950930715576791,0.35178529791305657,-0.6427917767438146,0.7284967480410182,-0.5847987954194871,0.11373938647440558,-0.18281782569172672,0.2187907752148749,-0.28129492705983455,0.17747043506666094,0.9792758010102091,0.36741038173031737,0.015033530255968756,0.24152134001375491,0.037380586339922625,-0.15653776915255124,0.014633868390850869,0.1509400338260939,-0.0058784724656442645,0.6972239569796123,-0.714683362890595,-0.1635037933252364,-0.8934218734294384,-0.18597840969031423,-0.19375009263955212,1.1707038999699673,-0.31812224059816785,-0.020067540548074407
0.27521458390968695,-0.07516065189478653,0.790546908719357,-0.0008252588238349933,0.055474208920086976,-0.07596109113729484,0.9955660920932353,-0.35687518858088485,-0.009349010091194376,0.3862346321005315,-0.4010959404319408,0.35042974016812883,-0.6410460765294977,0.7187595840580413,-0.5851225755925175,0.11106883020338454,-0.17397802412824506,0.22645409796874474,-0.279943812601165,0.1626879122933998,0.9856039194997495,0.364979048460489,0.02156612726959833,0.24404503985549272,0.03828580225987275,-0.15633902946258768,0.020423617275529632,0.15897746126437703,-0.007589253381240263,0.704903523771812,-0.7057115787872627,-0.17098351587286556,-0.9009967567554091,-0.18077995709318637,-0.19770907030505058,1.1490699308072019,-0.31928844525633243,-0.0161756873004681
0.28450639801277433,-0.08095290807568879,0.7887198389480046,-0.0017579256346810556,0.05648112350235586,-0.07588968018549584,0.9955137110189484,-0.36198668522411054,-0.005605293514374023,0.38585368729714986,-0.4057681536664838,0.34839980579945595,-0.6380901432202062,0.7087147904688086,-0.584291699871687,0.10888447049623819,-0.16477686818366566,0.23362624026111944,-0.27883918846822264,0.14943974589431855,0.9922218416418499,0.3613170031653129,0.02935255251790369,0.2464535663441666,0.039071981217527196,-0.15604121885075367,0.027182641207829178,0.16654096472782515,-0.008923773194776679,0.7125234947362633,-0.6957367853267982,-0.17688149420667917,-0.9064745473635282,-0.1750001595409438,-0.20127163583676336,1.1295802187549897,-0.3239790040957409,-0.013232361202950115
0.29416524341543093,-0.08687385689382626,0.7867966610021777,-0.0025543845269772915,0.05717073375325911,-0.07624590327853127,0.9954454000873397,-0.36556978835230614,-0.001972670978739443,0.38508037157480945,-0.40874987694359344,0.34562943572316074,-0.6335501043551476,0.6980776919503376,-0.5816870883630534,0.1074126767037664,-0.15498393165484434,0.24049639751233295,-0.27804203306293096,0.13790313682101965,0.9989010159038202,0.357306628957584,0.03806686914714097,0.24902869510145076,0.03973336664593688,-0.15553908863282692,0.035202469440399106,0.17348394830975905,-0.0100196264841745,0.7203000701408719,-0.6843935978757862,-0.1809248602568003,-0.9094988387207762,-0.16891625246545813,-0.20516870071114024,1.112325679289208,-0.3321982608314079,-0.010843752265502238
0.3043082067331289,-0.09305304583936994,0.784743784784071,-0.0032359078364285975,0.0576273121532191,-0.07696365248132775,0.9953618527908349,-0.36788024947494125,0.0017055750557227886,0.38394941689299206,-0.40989848667419454,0.3421854323457599,-0.627431484616276,0.6867882029095851,-0.5770664694644011,0.10671293849413427,-0.1447979143170136,0.24710460118666208,-0.2773971722991189,0.12746997869918467,1.0058430020473057,0.3530657104260086,0.04775233890025212,0.2518861899912865,0.04026719023793958,-0.15488047002031177,0.04426104109150195,0.17999021127485254,-0.011023267651267672,0.7282714609804726,-0.6712151181608618,-0.18352583907485226,-0.9102719755535179,-0.1623833897154724,-0.20928949002708905,1.097009084144471,-0.3426410187061562,-0.008744852838999883
0.31491341780423243,-0.09932227446238028,0.782671704401665,-0.003806140839155942,0.057900583067393825,-0.0779737061286419,0.995265360054761,-0.36895926058535994,0.005462544657455976,0.38270783148609744,-0.4099565159292264,0.3380227835357946,-0.6206409917461515,0.6750662657567157,-0.570837927541357,0.10655306702440417,-0.13467248001541687,0.2527653104838023,-0.2771017874062906,0.11852112220691642,1.0130023000929314,0.3487970301706286,0.05872767571680801,0.2552091546597084,0.040709616460606224,-0.15432848337394436,0.053470809642421846,0.18598060346650283,-0.01204196141793222,0.7372336157784342,-0.6556756253541333,-0.18483047650764284,-0.9093739568175131,-0.1549421746831646,-0.21228081922933495,1.0847622024555819,-0.35417099901355914,-0.008073254085105007
0.325778138436832,-0.10581837780962501,0.7805544978461545,-0.004261941125988873,0.05808378798786284,-0.07923246506022696,0.9951534182784582,-0.3687925852444606,0.00934078677245422,0.3814071519881703,-0.4092520072987442,0.3336266648437889,-0.6137917073588975,0.6625959175384535,-0.563884217813728,0.10686422185925341,-0.1252576250870783,0.25714364848055876,-0.2770949414698604,0.1116840948183754,1.0198978631152957,0.3446198229454048,0.07084331177197452,0.25960069102805433,0.04103761298516875,-0.15407759776072635,0.0616838398688854,0.19148836609609024,-0.013112729869710196,0.748319558115295,-0.6375191814255297,-0.18435186974910436,-0.9078173590962187,-0.14594487607852993,-0.21247642689831875,1.0776263687732677,-0.36540209290475484,-0.009504529438899517
0.3366108597814359,-0.11229674708282607,0.7784750670858168,-0.0045735194720588615,0.05820757359083869,-0.0807640410728143,0.9950216736161553,-0.3673087209321727,0.013281474645832157,0.3801378795238583,-0.40809592733909356,0.32889276110413346,-0.6067749946096285,0.6491341333634703,-0.5569809169337869,0.10754021030967321,-0.11713639705479945,0.25965250623522634,-0.2776425705400408,0.10742701710252468,1.0264202472217046,0.34019037744334235,0.08364563743888839,0.2652034696976634,0.04124286498990197,-0.15430310995242955,0.06890040251229541,0.19638003050885391,-0.013785051009426456,0.761285640370872,-0.6174061675054879,-0.18271393502031769,-0.9062865003874968,-0.13454915847723703,-0.2079539049345276,1.077601275773386,-0.3746402200897056,-0.015408224303530739
0.34752415832446004,-0.1188152103889324,0.7774996529330849,-0.004773779289571038,0.0580089509312011,-0.08247593651247667,0.9948918999265931,-0.36496060866555113,0.01715146041441118,0.37977201329085,-0.4069396709198767,0.3233034747684295,-0.5995322339279348,0.6362770076164176,-0.5502125763550154,0.10957454727287284,-0.11103545135247436,0.2590337130135595,-0.2784887574677778,0.1059638867809089,1.0338371336901067,0.3354017528542008,0.09639447974047503,0.27115626508772694,0.04141002277677696,-0.1553205595685313,0.07648520104309196,0.2006575461415398,-0.014121392535155009,0.7741950476372379,-0.59419026484869,-0.17994862761423963,-0.902556802523345,-0.12041603979864951,-0.19836002163321984,1.0783624643927021,-0.38724792944859426,-0.026208721103636135
0.358979450754352,-0.1255632224661494,0.775978122642825,-0.004345433917857347,0.05799382478740344,-0.08426230270594026,0.9947450416228705,-0.36172787453458116,0.02018404634277682,0.3768892597787455,-0.40211466350146924,0.3187942381097419,-0.5918770846882005,0.6201492875259613,-0.5438031093494129,0.11015474582666643,-0.10664695704792757,0.2597318879909752,-0.27961076568512255,0.10572883108577633,1.040197336722541,0.3311717885537894,0.10927747881260809,0.27846986737961954,0.04130519158392029,-0.15525344169377345,0.08192723826458369,0.20341347141489086,-0.015201138906063873,0.7901342934032604,-0.567045618205936,-0.17572563501134952,-0.891534204486327,-0.10316922824590981,-0.1861312807311368,1.0728897806479953,-0.3242854364021842,-0.03250745136046023
0.37087159686743393,-0.1325083870063976,0.7743752414866496,-0.004709995251511486,0.05778226613951719,-0.08686890347604044,0.9945314571562751,-0.35639070685883917,0.02510987501906212,0.3757970698803556,-0.39703704256312455,0.31387851150409735,-0.5841874787393391,0.6036325690097907,-0.5371121213755531,0.10949576005966011,-0.1033731436794351,0.25853116566749107,-0.2815717045070544,0.10586900324857576,1.0457079868203034,0.3284918388143172,0.12244635764192346,0.2873829177593118,0.04102445615274481,-0.1560541256772494,0.0859152583465866,0.2072783869276528,-0.015191125957928344,0.8103631279657096,-0.5363203788971769,-0.16988492711166903,-0.885613909063633,-0.09100751406136529,-0.18103333337215136,1.08653040986359,-0.3271741502497252,-0.04227046916864901
0.38290926835970657,-0.13960339929994187,0.7729119750214102,-0.004659301943775179,0.05713389522974738,-0.08938717782691065,0.9943459867477785,-0.35066200250487967,0.028987608828977954,0.375218445764408,-0.3909631303827885,0.30969896865117585,-0.5763755655641019,0.5859936328229772,-0.5270480158548252,0.108420273600926,-0.10025269773107197,0.2548801538333786,-0.283359581849674,0.10714853881041218,1.050407415441841,0.3293678309276573,0.13834444794325979,0.30275999837753964,0.04069428350343393,-0.1575230248088318,0.08788670653969324,0.20982775999909528,-0.016504650352657448,0.8342335569502232,-0.4999125517614992,-0.1615316975924351,-0.8766619475822708,-0.08183869456967377,-0.17871364380130536,1.099359867016992,-0.3381124635280256,-0.04739877359693826
0.394875440615843,-0.14677312482101762,0.7715553217726723,-0.0043188915023164515,0.05641417748192498,-0.09193707924523058,0.9941561050534697,-0.3440647740405865,0.032446955652896535,0.37388806900020777,-0.38413673853284536,0.305876985007232,-0.5691206030784891,0.5689053724103161,-0.5178648235892481,0.105601694268293,-0.09819831705980843,0.2508577282339838,-0.28503736263181967,0.10898807783093344,1.0548920254509266,0.33490694404681426,0.1501990255940483,0.3187929992388845,0.04021156391471019,-0.15878390772382908,0.08730414799968986,0.2113928417167412,-0.018618334039599782,0.8618482747808626,-0.46007773542473107,-0.15179856373839362,-0.8658205833089805,-0.07443811112615205,-0.17763808417301832,1.1121699565830006,-0.35396341478693233,-0.048357829144785085
0.4070341745195124,-0.15416348815402708,0.7702388361431285,-0.004134075532084301,0.05568440021424199,-0.09473440193069696,0.9939353852656159,-0.3365644463040771,0.036278168731750514,0.3724073222036014,-0.3755987653192317,0.3025257366877987,-0.5618213704909306,0.5513188405760012,-0.5086627500393447,0.10121033862298713,-0.09666462717644014,0.24586981257425494,-0.2866437160720041,0.11097530337541159,1.0589705707956996,0.34319862934789735,0.1604939717978646,0.3351125452306748,0.039551966696296785,-0.15964099043467259,0.08446039056004419,0.2131280295494888,-0.020490067702658658,0.8929417600407338,-0.41649969880824267,-0.1414162240192004,-0.8537489392084409,-0.06681767245329212,-0.17708277546359172,1.124521175487677,-0.3720444582461798,-0.04871930615049915
0.41928366090104896,-0.16192588963711005,0.7688324280189389,-0.0042722456899633035,0.05507109877228726,-0.09800960012622667,0.9936513675730915,-0.32788162034784885,0.04069055906440493,0.37048703464453514,-0.36567060565235415,0.2995749751275122,-0.554801812416544,0.5343359631531649,-0.5016476365878911,0.09586415723976031,-0.09501165986260919,0.2407025251919007,-0.28796262301043446,0.11253961964367305,1.0621275139877284,0.3488726582555799,0.16793931152422345,0.34589251957703654,0.03868006809939075,-0.15940301696278544,0.07865768204633448,0.21654381489265906,-0.020548815748081303,0.9355386169408985,-0.38288687922014103,-0.13118690432310998,-0.8417007090081433,-0.05729807765687672,-0.1760003628036551,1.1362815528623362,-0.3894925856666515,-0.05138233112843731
0.4316748185071903,-0.16978284642513466,0.7676631486561748,-0.005262309164453562,0.054496130724701844,-0.10174575568974756,0.9933027136967946,-0.31844904734721213,0.04682182283023639,0.3695076953333865,-0.35409786330559895,0.2966742385768883,-0.5469790427965137,0.5171384459553108,-0.492619530478306,0.08911073556852224,-0.09271641379212427,0.2331397510554137,-0.2897373763826876,0.113638088277294,1.0644407253481782,0.3551902515901184,0.175769072617181,0.35648817387458975,0.03768336193168838,-0.1587548400425576,0.06969040045344788,0.22139773567781226,-0.020217006411858206,0.9797528083136464,-0.3403984788075083,-0.12096790445614919,-0.8291171689774833,-0.04480241774086825,-0.17499923899393838,1.1467309900618186,-0.4065144482661224,-0.05896250776164288
0.44436170658348495,-0.17784064742093342,0.7666264563272862,-0.006776250430306738,0.053924996984205456,-0.10588411687825107,0.9928921043715033,-0.30801124828874565,0.054053613827711504,0.3688245274257483,-0.3407102279012793,0.29415321300828146,-0.539016698759109,0.49971424044854573,-0.4818643001551421,0.08107476769645261,-0.08980486106490418,0.22417843246809394,-0.29165725475771564,0.11445625331419997,1.0659249365897088,0.36177214243189953,0.18354062486110753,0.36627022827282313,0.03648642016744665,-0.15761981687682716,0.05825664716986162,0.22753316344831756,-0.01907317738394964,1.0274724398188138,-0.2949952005147633,-0.11041975371385455,-0.8157230074672434,-0.030392669881589788,-0.17410743505541393,1.1562653478170566,-0.42371175194006516,-0.06966493670910272
0.45730491494469205,-0.18609831297422527,0.765608231978936,-0.008672039026578697,0.05341016367020499,-0.11030797972377332,0.9924234478110154,-0.29682603797289936,0.06201631173588229,0.3680673612467005,-0.32583405383044456,0.2921984268041583,-0.5312481078297705,0.48217263812671013,-0.4701934059691885,0.0722492086807643,-0.08660037116146768,0.21406434452781975,-0.2937112964695941,0.11554028039322599,1.0662843688940207,0.3680073604579651,0.19120090062075848,0.37480034820767494,0.03509296661663278,-0.15589413190784604,0.04388627665252396,0.23485051787000233,-0.017278339062609945,1.0788943247438565,-0.2485046245917756,-0.09975956679763387,-0.8014510415783538,-0.014647198184502903,-0.17315150604382354,1.1646074845978402,-0.44117381862942684,-0.0809879187520084
0.4702651777457107,-0.19452220481716756,0.764571360278364,-0.010784681264148735,0.05298831060091704,-0.11492823851267502,0.991900917220095,-0.2851236166457494,0.0702665996306235,0.36700827498363076,-0.31017828650799745,0.2909221996074753,-0.5238850991953117,0.46492517620018153,-0.4586984370568306,0.0634359714573097,-0.08353605333390644,0.20275826650223192,-0.29589026969992743,0.11756780235446442,1.0651800541809842,0.37307286516385185,0.19857758740727577,0.38167818782137086,0.03354463215835029,-0.15354992555791397,0.025996475805445323,0.24315517840235584,-0.015021081752975772,1.133515131279137,-0.20277566360144006,-0.08934296283409954,-0.7861622459662551,0.0018223487578837524,-0.17186389634445956,1.17133678337298,-0.45919077712606066,-0.09021743999253085
0.48326893341520305,-0.20315863926446548,0.7634366215310147,-0.01322359660048126,0.05261724572779862,-0.1198404174111859,0.991309657120156,-0.27297432979270736,0.07896550404590127,0.3657112149083561,-0.29356799871177547,0.29037468520382664,-0.5168693066927201,0.4478602889072678,-0.4482727538148438,0.055112723211866665,-0.0810148582116333,0.19033766979430378,-0.2982715958058504,0.12064586133181193,1.0622915839316878,0.3763992010847328,0.20588748657674227,0.38645888625804115,0.03184202540613383,-0.1503867333708518,0.00394451532772518,0.2534619984129953,-0.011441090924645963,1.192849721668278,-0.1575956706307519,-0.07913625138639603,-0.7694283366212484,0.019317203005715156,-0.17009678752953883,1.1761329253662436,-0.47831288994545207,-0.09628155739946619
0.4960953050410717,-0.2120606665544776,0.7622199690424201,-0.016035065734120932,0.05231099900037466,-0.1250850146914669,0.9906362476459868,-0.2602534227533647,0.08822923564968344,0.3642007168074403,-0.27604445429432006,0.29053083176705213,-0.5098551376546206,0.4310519394227209,-0.43902988634575796,0.047431170661474356,-0.07899375751242474,0.17662407436081498,-0.3007270624164566,0.12475726320371563,1.0577069827276637,0.37776547138173944,0.21292299066668993,0.38907333920498904,0.02999318545626132,-0.14644747046323006,-0.022291611821198307,0.2661982971353645,-0.006782727811053818,1.2572776846405556,-0.1137247583113034,-0.0685645215625472,-0.7515409777364578,0.038090736155316225,-0.16781978064048306,1.1792141896106156,-0.49856293995600476,-0.10027291573102677
0.5088625488706776,-0.22083861588736697,0.760832665827839,-0.018940628645325072,0.05214521699558703,-0.13044496488211713,0.9899021366114463,-0.24702947970590972,0.09759908861856141,0.3622716334661832,-0.25789156548645176,0.2911329389053081,-0.5031987369153508,0.4144580286768385,-0.4308111249339573,0.03974434101048306,-0.07743888235256094,0.16150655267819955,-0.30348405073051093,0.13003839454947627,1.052155273286176,0.3771693097115455,0.21989213574262365,0.3893458140072635,0.027999718109443385,-0.14210151586633993,-0.05148967036155624,0.27938398882373605,-0.003148321264772375,1.323609101407831,-0.0746195880933793,-0.0582676205220067,-0.7333075377007842,0.057018518526416824,-0.16502053454278318,1.181446709161507,-0.5191892066311496,-0.10361482411092143
0.5213783002576015,-0.22955588672002927,0.7591956046646275,-0.02159766798838224,0.05219535772098362,-0.1356860018218755,0.9891402803846564,-0.23335996840268206,0.10642017280608328,0.3596874421553487,-0.23957992015538324,0.29237684491447236,-0.4967049652656036,0.3983157081610742,-0.4233947243233488,0.03197044246231145,-0.0760299418960244,0.14496900873460594,-0.3062243798972819,0.13691264424849278,1.0461521158167726,0.37431483685363987,0.2264605072609221,0.38746191425404397,0.025868292688221772,-0.13774848658709407,-0.08234789835527229,0.2901357521639945,-0.003218187868139982,1.387837407537897,-0.04576381615017555,-0.04878206736463265,-0.7157092828959091,0.07508756670525045,-0.16176060337622378,1.1837908373384678,-0.539499843275714,-0.10686452666503968
0.5337104188827168,-0.23797580092410586,0.7573525873887832,-0.024092852535081723,0.052951595332176145,-0.14050380074308688,0.9883695386773348,-0.22001230418030396,0.11519000305773756,0.35458994991558646,-0.21950604761209466,0.2941806946065991,-0.48984443907868114,0.38267170050795735,-0.4139200095991139,0.02197948319949642,-0.07464616744050334,0.12679359112618188,-0.3093237794108342,0.14759403450686268,1.0404026937058468,0.36579832853658223,0.23607913575743217,0.38060319431657874,0.023666830822980017,-0.13232810092603403,-0.11526934827288672,0.29654685520990753,-0.009309044060116923,1.4491701404596802,-0.034144259443489804,-0.041884233485046246,-0.6998156584387774,0.09209487289116634,-0.15886845456107027,1.18654210729509,-0.5600802554343343,-0.11120562390538088
0.5458653076146875,-0.24623380691737684,0.7554669611356696,-0.026336786518275698,0.05347992110415089,-0.1451671276084786,0.9876096277256964,-0.20625279862661067,0.1229528579670592,0.3501423732503434,-0.20098082447000848,0.29651297338724797,-0.4842106821126385,0.3691967282914584,-0.4073022639943218,0.01244627984008181,-0.07330225145580932,0.10685133193302455,-0.31224954917987524,0.15915653870041735,1.0348179240741264,0.35394552798449136,0.2427932271580888,0.3700588080657822,0.021305205068885835,-0.12758716431961034,-0.14828981615851602,0.29809466401342893,-0.020181845771967223,1.5080365226856787,-0.04144917836122175,-0.03904731893747129,-0.6836095450297502,0.10798788198561969,-0.1558371059142064,1.1894665167602796,-0.5797084657871758,-0.11531736166954615
0.5579206124941014,-0.2542537663427312,0.7535825280669507,-0.02818163863443101,0.053859838732876086,-0.14990861386638107,0.9868294282722863,-0.19187299382258688,0.12966873019971845,0.346577879458887,-0.18319458896074078,0.29917122489797476,-0.47866290411442736,0.3563255498191505,-0.4023661562514456,0.004104418067520381,-0.07175571980648858,0.08504298482031335,-0.3151384991094113,0.1715270619927202,1.028563288002076,0.34001576284011503,0.24807117309998755,0.3567075140960315,0.018856965181699572,-0.12358749945485896,-0.182310392697523,0.29633791021521616,-0.03235496365085548,1.5639824795353285,-0.05973046957249324,-0.03779021290852962,-0.6669899186005767,0.12291367915297341,-0.1516570291409234,1.1919517784336664,-0.598941655989604,-0.11911177006357875
0.569839832662032,-0.26192778270816547,0.7519207863424913,-0.02938778007780881,0.054051834088364135,-0.1550459383200762,0.9859896118236893,-0.17623170185182674,0.13505027518472557,0.34430176104392346,-0.16641915508135838,0.30193653799973086,-0.4728295589763604,0.34319940000612303,-0.3982967279406501,-0.001554669869169893,-0.06971447019512253,0.06152031155767943,-0.31795252567621585,0.18359308427739104,1.0208386467558268,0.3256309954011461,0.2522930397669495,0.34149032154411324,0.016370876286975287,-0.12054738944464692,-0.21813639342878885,0.29299734775753905,-0.042452383732202996,1.6159671457243063,-0.07929476804481136,-0.036314573656600076,-0.6497530885774294,0.13676706450715106,-0.14518994898406073,1.1934057893734271,-0.617453094077712,-0.12218496925154661
0.5817575285676544,-0.26918184682737456,0.7504950906509577,-0.029740938769720573,0.05409498094776899,-0.1606606385334351,0.9850773415439954,-0.1590805230102356,0.13876331138726677,0.3433090207119975,-0.1506878673983607,0.3048771032724797,-0.46677519037459003,0.3295763295352627,-0.39500822295698673,-0.0046737559503332434,-0.06705686981337487,0.036034696581678634,-0.32080394123131833,0.19601636641336131,1.011653865983108,0.3117817610678708,0.2567456898884868,0.32506195162783064,0.013804149219968833,-0.11857069671054152,-0.2566735029302102,0.2882284651685119,-0.04968582603035076,1.6641367845805934,-0.09578135453760316,-0.034148153836699446,-0.6321731588452659,0.14917821202287748,-0.1359336376523881,1.1941422003592077,-0.6351966834751122,-0.12434263485153972
0.5934526103707226,-0.2763028956723155,0.7492899579110964,-0.02941688023721193,0.054040282557282264,-0.16660242187303442,0.9841026003645547,-0.1407442707526274,0.14107296351837736,0.34332913496552453,-0.13595145285329663,0.3082235346624576,-0.4602156939453366,0.3157335956690902,-0.3923912303067684,-0.005389402301839619,-0.0634995790862945,0.008696063557336422,-0.323510140075777,0.20905961195467573,1.0008975156879472,0.29821437909519155,0.2611634709234117,0.3077218618242669,0.011172035386304393,-0.11748055183154411,-0.2979468397614029,0.2818578953201198,-0.05547308551049088,1.7091025025360185,-0.1117554276832454,-0.0316172253927836,-0.6143393818342435,0.16035692584489805,-0.1246448201377799,1.194239177552236,-0.652343566885026,-0.12550491725575563
0.6051962174039373,-0.28310585981990755,0.7484522504197978,-0.028769634610941466,0.05379558851879181,-0.17281091509041985,0.9830639503134482,-0.121408003588907,0.14267510695228586,0.34453430429599724,-0.12201260659731591,0.31149372851053786,-0.45353478911009487,0.3011559098511049,-0.3897437189432812,-0.003446717997542757,-0.05900557816949571,-0.019493382075772794,-0.32631088169310235,0.2203073853989177,0.9882405859407197,0.2853923648704898,0.264839340858066,0.2895380549466049,0.008566338193844794,-0.11715732251951785,-0.34057436496180554,0.27501897023203437,-0.059566045484458985,1.749884595528168,-0.12763561509694454,-0.02945868478201589,-0.5953971124327696,0.17060160452586287,-0.11208143102595497,1.1929267166708404,-0.6685108598652282,-0.12698799083331963
0.6170297247870892,-0.2898835221228176,0.7479370233667666,-0.028143801002585418,0.05333078444967094,-0.17923756777821276,0.9819560317000249,-0.10106591111217278,0.14420274445228376,0.3467008149127653,-0.10814839839834134,0.3149362664999842,-0.4464445104411813,0.28443840419215416,-0.38596144987173936,0.0017496231939834427,-0.05320037178658739,-0.046695064795979596,-0.328962412009687,0.22730343226493324,0.9726965676102033,0.2738522908889775,0.26664626067576175,0.2717089764211749,0.006063326540491507,-0.1173287601783752,-0.3833012430366973,0.2692975493478415,-0.061921673814316125,1.785309951491654,-0.1431767665056761,-0.026660470146835792,-0.5747209408786351,0.18048278327823777,-0.09892813927879979,1.1895600822378765,-0.6834940545491947,-0.12923720171247455
0.6288607332313436,-0.29689226731393,0.7477540218193803,-0.02769477993494263,0.052731069447198804,-0.18594363005289977,0.980753485806734,-0.07934661299417747,0.14602776036127602,0.3496059960959426,-0.09419884622847695,0.31868743422258794,-0.43898770311217455,0.26477535658377277,-0.3799651166769238,0.010973466441355818,-0.045148160844286245,-0.07243016729884877,-0.33136891883344316,0.22928905872956115,0.953927466124467,0.2645876082622168,0.26655872270304654,0.2554804570705956,0.0036860037750452296,-0.11780663466576578,-0.42629854565641423,0.2654293424913692,-0.06291042651419194,1.815098163448809,-0.1581951099157267,-0.02260368310219001,-0.5523527077153063,0.19044427987209647,-0.08544946380869423,1.1839241999943078,-0.6971458487411102,-0.13253694201295266
0.6409649296691823,-0.30394892287169273,0.747855763791841,-0.02722306233230853,0.052056811282638865,-0.19293534601420717,0.9794513492433978,-0.056221215131395795,0.1478425271905679,0.3529967106285711,-0.08005094839067793,0.32268231631429206,-0.43157926987513656,0.24233082118161378,-0.37163234409804907,0.023280275870874098,-0.03482497765081128,-0.09696877094913732,-0.3339550935942067,0.22707891623539586,0.93236036590295,0.25811249010333354,0.26558886579545327,0.24119144481166235,0.0013846752849868385,-0.11854998011427596,-0.46992699120678283,0.26280341024109977,-0.06241968797376535,1.839413672546212,-0.17238914432146127,-0.017563558307480718,-0.5286013160672602,0.19998937259968774,-0.07123643222778647,1.1764249278983396,-0.7094537145649676,-0.13686745418350413
0.6531281960677646,-0.3110768565228024,0.7482182103163979,-0.026576199482688637,0.051256107196333556,-0.20011359821298366,0.9780700715727815,-0.032224656814705856,0.14931025436512294,0.3566068734760164,-0.06578407863595212,0.32698425820332233,-0.4235223476505754,0.2178343996503445,-0.36139689868153374,0.03756354304611922,-0.02304884338288512,-0.12016037777460334,-0.3367604401832304,0.22131221433396012,0.9083368526289076,0.25356366820217313,0.2627628789503032,0.22871807495439242,-0.0008433714857118227,-0.1195385583888843,-0.5136464595668259,0.261234198103889,-0.06028030802113198,1.8577867955258007,-0.18542066288893214,-0.011534919573144455,-0.503498484353186,0.20865759402431702,-0.05588873350414309,1.1671579379981132,-0.7207527742680255,-0.14101809377507526
0.6655611857372898,-0.3179226248318211,0.748871033379386,-0.02560572093965509,0.05022388312861669,-0.2073508891157451,0.9766409357596847,-0.007956896281507302,0.15012215281465238,0.3603593985607342,-0.05134212081804045,0.3312997710568831,-0.4147597486959711,0.19206315508092206,-0.3501475756909882,0.05189599694398513,-0.01158881634038065,-0.14171676028657268,-0.3401354367097066,0.212341068374158,0.8829058388840683,0.24977954548455533,0.25775332359178427,0.21761509502016826,-0.0030057257862367327,-0.1208284111874603,-0.5560419913276314,0.2603815264538377,-0.05576504932490396,1.8692687476846428,-0.19623667696458735,-0.005486929530638177,-0.4768359561393104,0.21567916129954123,-0.03912753925603486,1.1561801704489931,-0.7311539696153557,-0.1446029317945123
0.6782009390565107,-0.3247200118343321,0.74983541449161,-0.024396703144144355,0.04890318390977034,-0.21478136791406827,0.9751319108080427,0.01665510489808437,0.15048993813852726,0.364353923754338,-0.03622525769237004,0.33567074505868616,-0.40432818812841703,0.16478936368850589,-0.3386489327137285,0.06594468895194344,-0.0015677111829824424,-0.16141169985294704,-0.34358035221623645,0.19900338906957374,0.8558890174107949,0.24614202355741022,0.25088352815164333,0.20889848656294074,-0.005088038201041597,-0.12231773372115863,-0.5966372880105172,0.2609503598498157,-0.04843719983123806,1.8733883250699381,-0.20333033873131007,0.0008218880515601347,-0.4483176297904366,0.2213055889618102,-0.020573554225295464,1.1433110882517754,-0.7408634692274991,-0.14694516890906972
0.6910561637815488,-0.33140756268315524,0.7511949137501494,-0.022992846667540253,0.04733397177156859,-0.22242342664345321,0.9735289638211259,0.04185208176649266,0.15054479949343466,0.36865989294174095,-0.02068160144737902,0.33992332961632077,-0.39251454507988826,0.13599032022623178,-0.3271123507781808,0.07970301848904762,0.006809972658817077,-0.17959055130964713,-0.3471939072859625,0.18156162452202287,0.8274956043386902,0.24273759096533007,0.24298352151851355,0.2028574582281688,-0.007093292157709393,-0.12405692386860684,-0.6356117951885539,0.2628919282915562,-0.038337106316093016,1.8702964781748335,-0.20668208803262023,0.0073302531560455525,-0.41805193205483615,0.22552070740196922,-0.0005177584150953078,1.1284944854560175,-0.7497307229107842,-0.1487392625879325
0.7043142256369644,-0.3379801668079567,0.752923235233709,-0.021165926927509373,0.045604711009771634,-0.22995829920510605,0.9719009180455118,0.06716772809695097,0.1497667265658584,0.3730175758219282,-0.005062980931136289,0.344194921438254,-0.37997823544822223,0.1064671524612329,-0.3155702599835051,0.09254832900257198,0.013536907423661839,-0.196033442694519,-0.3514532204197343,0.1631606251178799,0.7985216044535739,0.23878966685329142,0.2340421016459147,0.19799186540621524,-0.00904943912846634,-0.12620733904081066,-0.6723809720855451,0.2648822548009802,-0.02605559143806307,1.8599652879490471,-0.20751125162615522,0.014257279866099065,-0.38654359706549524,0.2275220524122061,0.02024194999670509,1.11197429885656,-0.7572068806748736,-0.15025336270882025
0.7176282780824706,-0.3445203501328755,0.754990981345341,-0.01868181323535319,0.0438357561463846,-0.237063076795418,0.9703249527645896,0.0919163187892914,0.1476227621766642,0.377271942207664,0.0096432793267267,0.3485536917084716,-0.3667845485920095,0.07762456604661387,-0.30390165800809354,0.10394331219881182,0.018958507049962582,-0.21072958390239832,-0.3566432984635728,0.14757315279592062,0.7697964678086406,0.23273526531794106,0.222825756266269,0.19168906390515902,-0.010926999492207292,-0.12896052745547318,-0.7065266965677091,0.26557821813236526,-0.012418431923752665,1.8424217635287174,-0.20740484094479145,0.02229287838175463,-0.3546430490141437,0.22671642473742146,0.04084245198485777,1.0940769006128659,-0.7632207178604402,-0.151144305887303
0.7310529089773341,-0.35074722014483,0.7575204768528055,-0.01548705212984333,0.04178239868483569,-0.24381605381546775,0.9687972513783887,0.11611570618887873,0.1440292192608791,0.3830151176463812,0.02267377921571538,0.3526443432810526,-0.3531448502851703,0.04807051451079642,-0.28857427891488435,0.1165471294982314,0.02288117532683791,-0.22368881907314103,-0.36310442878974375,0.1352767725796526,0.7411022646824887,0.21905595615212275,0.2081553791819198,0.17911827364771687,-0.012641901639726,-0.13350696180201566,-0.7368810996879468,0.2654479455968023,0.004156416361444719,1.8171030534333374,-0.20614040775230602,0.03317746101984655,-0.321721913381399,0.2227319098979907,0.06159892933062399,1.0740028756283009,-0.7680461574600947,-0.15149836904411987
0.7448041084890613,-0.35677883383992315,0.7604342851075298,-0.011660467454994102,0.039885484960774195,-0.25013595314164266,0.9673185548381132,0.13959805701092692,0.1393619802982855,0.3880197842232256,0.03527733464986438,0.3564448732695157,-0.3387627194389443,0.02091193777108121,-0.27490132682030677,0.12434431998666837,0.024389041952720424,-0.23454921873160547,-0.37034261440353783,0.12609777772043146,0.7135080636772138,0.1994578189325773,0.19254078422124274,0.16188493359205638,-0.014183055353200951,-0.13797214454888557,-0.7643348678318175,0.2643034261099448,0.022966237982474963,1.7841157917120816,-0.2028901171905918,0.04548655193260506,-0.2885572466006671,0.215726054584982,0.08190119473021638,1.0518054215058348,-0.7715247873178975,-0.1510115091439024
0.7589295149944082,-0.3626928658990839,0.7636465027175869,-0.007253936950185023,0.038016987592071394,-0.2560004928813512,0.9659015667746125,0.16200405036770515,0.1336139548362547,0.39266950431728087,0.04753679026052669,0.35983495996428555,-0.32383149752887713,-0.00471997563337174,-0.2621917662536978,0.12952068825703386,0.024431220026800572,-0.24280981192563444,-0.3782836457778759,0.11997556640400678,0.6863914851503572,0.17635284093719153,0.1752593738830408,0.1405442208510236,-0.015585852636230616,-0.1425357893486989,-0.788090962780953,0.26076588739532336,0.04239237501119033,1.7439305812192396,-0.19875655576660792,0.056470421631843806,-0.2556518573079235,0.2060577224720588,0.10135481629897305,1.029177381973765,-0.7731618719980955,-0.15012271548351833
0.7733432761640766,-0.3685082220988234,0.7670248522168492,-0.002350347198554363,0.03587836326770153,-0.2612994451782008,0.9645879010576696,0.18265064526327718,0.12676682630510805,0.39807221746010935,0.05893859917902793,0.3628849842894356,-0.30857254530071665,-0.029572224814797512,-0.24750380915678094,0.1344388164883259,0.023807818779155034,-0.24854042578687616,-0.38691244351331705,0.1177898356785004,0.6600560316022116,0.14970271936888435,0.15394350900181988,0.11153083110136375,-0.016782675694136884,-0.14783316384731565,-0.8071932839032625,0.25321532560751053,0.06022253235082846,1.6971476961039982,-0.19467424284826915,0.06312229909210038,-0.22324136199739955,0.1940208609414515,0.11927522783642512,1.0078684423926692,-0.7726313199943929,-0.14914278253139068
0.7881102879601722,-0.3741907064823685,0.7705020886154511,0.0033355876297469287,0.033895513277159096,-0.26576329981427627,0.9634364724810185,0.20150086200353598,0.1181796457677995,0.4023206269767673,0.0698435459593471,0.36546100722630637,-0.293772936651167,-0.051730411121649035,-0.23427329407561948,0.1369821726050547,0.024223804598069016,-0.25090776652332725,-0.39620869434039374,0.11948004838096431,0.6344639317866938,0.1296582034656103,0.13117830892526972,0.0814870270296582,-0.017802288925159497,-0.15259043589825758,-0.8226265291216334,0.2402396709125101,0.0754075165188259,1.6429517505271676,-0.18890972639270492,0.06523528204525607,-0.1922143761188056,0.17914618464192805,0.1350742356397519,0.9876145195185061,-0.7699485383731153,-0.14773174468760747
0.8030944352179468,-0.3798625372184069,0.774018693517391,0.009401732123461475,0.03200852766261288,-0.2695455356108731,0.9624096143650046,0.2188113198245945,0.10890320972603518,0.4060847861352938,0.07985122300000212,0.3673174056265083,-0.27924634119666053,-0.07168127750527764,-0.2214877092076576,0.13822050517152443,0.02536061236110228,-0.24995624459668822,-0.4063606184931204,0.12441304118339874,0.6091133337863004,0.11485418985251848,0.10633580603902387,0.04967568260383687,-0.018623490096086256,-0.15732471618172378,-0.8343162341316454,0.22351721480893516,0.08823125140652119,1.5813784914003186,-0.1813353715874756,0.0647196965199392,-0.16605700300884424,0.1626917128687894,0.14697621220257778,0.9773635053960192,-0.7538694081275127,-0.1456282056407774
0.8184859430443026,-0.38580768842309554,0.7774740984272985,0.015717987636809944,0.03011626356493849,-0.2729180242259875,0.9614373133939198,0.2343984633169144,0.09902468210335799,0.4094375349395795,0.0901903065912734,0.3689459194990894,-0.26466152698968726,-0.09040643776660932,-0.20711011644385074,0.13972480864823483,0.027485025068550897,-0.24584189197668804,-0.4163743566657241,0.13181079879833818,0.5850775335543811,0.10397010338824104,0.07838826358438938,0.013644728485996096,-0.01923859663627191,-0.16181107807707312,-0.8417646332408111,0.20444059060141342,0.09886363991498383,1.5142279759896329,-0.17430492094316935,0.06002192108846002,-0.1390975508491336,0.14506560519954928,0.15853350274458636,0.9641689850425025,-0.7401678163854803,-0.14300606459846382
0.834278639913895,-0.3919436491127923,0.7807828950825123,0.021657834248472417,0.02853695886651277,-0.27622080533921256,0.9604262839448283,0.24839154880523362,0.0898698659859756,0.4107029007900643,0.10213809930577057,0.36994580807723215,-0.25060643395673177,-0.10696928689448254,-0.19577043101353322,0.140189580754923,0.031059583517608604,-0.23862096973263144,-0.42612473032083514,0.13834834393991835,0.5618677150593814,0.10110609369063216,0.052469568549945396,-0.012989857865362608,-0.01982327078367976,-0.16459507596819564,-0.8458038025759361,0.18529464772697957,0.10668872433692618,1.4442884215114382,-0.17049785707289472,0.049224832468397164,-0.11381306218817303,0.12817672375497094,0.16914896919713182,0.9526484645946449,-0.7243864858184604,-0.14083431029991172
0.8504085692572116,-0.39836258877696573,0.7837854808564115,0.027309218487450854,0.02697731573895685,-0.2794870504724784,0.959381790341738,0.2607242502396258,0.08118694743026815,0.41113350505303553,0.11542678558301926,0.3702954031334421,-0.23637685063364025,-0.12221539089677207,-0.18405068075542977,0.1409906995219332,0.03629727748600811,-0.2282734652898349,-0.43535650394261016,0.14458122304746973,0.5404351187812833,0.10636203632276242,0.025283931082915878,-0.03643457306034299,-0.020274816032318385,-0.16657011659418264,-0.8454697246525774,0.16608663391117473,0.11189081585207647,1.3701582083255992,-0.1683664053336595,0.030810592852515372,-0.0900707862351627,0.11189561837800033,0.1788711980481191,0.9443818162842744,-0.7056849624618835,-0.13913278398701556
0.8669453201402081,-0.405140189059534,0.7864112793034329,0.03277578181168321,0.025484405950415408,-0.2825683258922448,0.9583482844887028,0.2714129500276119,0.072636751858779,0.41052641907844495,0.12984587809436735,0.3700698991878163,-0.2221982835251666,-0.13593250503575047,-0.17215550898652246,0.1422770178370034,0.043169495422369863,-0.2144191484103279,-0.4441905616772785,0.15065989902606183,0.5204434416166083,0.1202905850558825,-0.0017016626996088258,-0.05641582571313916,-0.02057642888505964,-0.16769744351340218,-0.840863739632985,0.1463254547055516,0.11437129749357942,1.2909986517844667,-0.16687606794248508,0.0061551039655039445,-0.06784394128599837,0.0959680973636391,0.18761738679927245,0.939159282773284,-0.6836050295560653,-0.13757508282296355
0.8838924978756995,-0.41225784115127784,0.7886754820115935,0.03756759122133964,0.02398835243964924,-0.2854992287042988,0.9573418540136571,0.28024912726185314,0.06510360412801028,0.40892319906542096,0.14484526568794615,0.3694688114508377,-0.20913006174771656,-0.1479119127750133,-0.160691017349624,0.14431453229885424,0.05145790842960557,-0.19765189690382814,-0.45231557864305455,0.15592341386928096,0.5019367236914215,0.139359334130253,-0.02684477120627047,-0.07261939598806379,-0.020720579376469022,-0.16795985598062252,-0.8328593940841021,0.12714953125719602,0.1135997254311281,1.2110314147734704,-0.1690919293470842,-0.021495070009182087,-0.04695238305855324,0.08133237741226643,0.19502274948975476,0.9367309572185484,-0.6574640822535905,-0.1359767508084122
0.9011814475471803,-0.41979337484041745,0.7904882681534644,0.041233605434165085,0.0224269370484269,-0.2883203114151628,0.9563828837358956,0.28709306851950733,0.05934141094135979,0.4062594402421415,0.15986882566812777,0.3688122056088707,-0.19799182748462962,-0.1577102981704483,-0.15237888255985088,0.14644337095128568,0.0598436960167897,-0.1784135355430668,-0.45942185130783,0.15989183562771883,0.48390027516300876,0.15475748157087033,-0.04728768401584152,-0.0824578159460363,-0.020705258561969222,-0.1672660858177132,-0.8230135810073854,0.11002615747379327,0.10939183668587506,1.1365208760187597,-0.17797576960792627,-0.047338925699026056,-0.027357665412802202,0.06893686187551733,0.20050856931494984,0.9371963792263006,-0.6268611792014356,-0.1337068775251557
0.9187641257665252,-0.42803691897934176,0.7916961024519117,0.04360692247671605,0.020523872165459693,-0.2910898112540229,0.9554809934098856,0.2919641593985601,0.05558190850299537,0.40289715953471417,0.17536083103870306,0.36813374891662426,-0.18866565915107522,-0.16580654536422396,-0.14505435294764563,0.1496005939673467,0.07044813879663409,-0.15622265233926122,-0.4650284092162149,0.1626540140994478,0.4666691577521453,0.16758280183370522,-0.06591441959317967,-0.08803647890854664,-0.020446882933940484,-0.16573846361322642,-0.8114563005609672,0.09505038736982337,0.10054291714219406,1.0693976027514729,-0.1936876100381301,-0.07070917266697699,-0.007891902962836487,0.05908120017437885,0.20373237201934544,0.940158863113775,-0.5916256302321963,-0.13052953532120448
0.9367988073635687,-0.43688685066816024,0.7923551950031169,0.044981766346182346,0.01837258955689727,-0.29376107536126056,0.9546431371208544,0.294907453312313,0.053209155778371424,0.3986999041243306,0.19149135937091774,0.3673200912552461,-0.18135070099246967,-0.17199764373446158,-0.13926469368614416,0.15373088406205312,0.08302740931471596,-0.1308354938015681,-0.46937949940150214,0.164416111314442,0.4499836296442626,0.17660144269646474,-0.0816466077298117,-0.08816858389693528,-0.01998527195414444,-0.16332533079175834,-0.7980154133456444,0.08187746503041507,0.08774988998335659,1.0081209504439819,-0.21401992896423092,-0.09277636375898644,0.011352646172515666,0.05120964134602369,0.2049832791171912,0.945481875598451,-0.5519598616655357,-0.12673519962781227
0.9548299458694881,-0.44616903406321845,0.7922573378014595,0.04569649895479726,0.016246407231120953,-0.2961663158227046,0.9539042916390302,0.2955805345928534,0.05155626202557352,0.394071594871738,0.20631283206096246,0.366916016225011,-0.1757996177869067,-0.17603159526218215,-0.13649815554058634,0.15743783379947257,0.09384343917576501,-0.10407320307427786,-0.4725025470792001,0.16589252618704242,0.4340999373455278,0.18024622326583792,-0.0941499658633609,-0.08436282450823765,-0.019333676846996533,-0.16071935943775878,-0.7841815982690623,0.07113244015371589,0.07384050522043983,0.9549465904094708,-0.23775089246329348,-0.1119006192924685,0.028261070345632428,0.0451356719652011,0.20449866482831552,0.9548990519103555,-0.5094493678775684,-0.12156990199093927
0.9725109058921501,-0.455674538381932,0.7913740643160062,0.04615966892591458,0.014572773713058845,-0.2980003721497093,0.9533376618122206,0.2934431280128869,0.0499381802207273,0.388809334699522,0.21789391701188934,0.36717107457675163,-0.17304772981098884,-0.17827946118442664,-0.1354612571522999,0.16201719031470566,0.10512642953087484,-0.07675549176785747,-0.4745740071136917,0.16655499497500498,0.4198886305743507,0.18093990217217526,-0.10636779126080205,-0.07663539011749988,-0.018456775855458095,-0.15815145946885348,-0.7718463732872849,0.06283380080452154,0.06131120686252223,0.9130228271596779,-0.26305177478946834,-0.12925199823906822,0.040612002056214506,0.04053465415142386,0.2023708199254048,0.9694470829083125,-0.4641478860969799,-0.11419404243086936
0.9896092631429142,-0.46502880520047535,0.7897219332830431,0.04645660854882644,0.013571995510551837,-0.299134979474286,0.9529826066172038,0.28822570026647143,0.048160062774561606,0.38302223867768354,0.22492771451057575,0.36817738700087627,-0.17380487594548663,-0.17805288114754286,-0.13782553071711606,0.16580960848245485,0.11498242482223082,-0.050360526935844155,-0.47572228530069705,0.16670443005034263,0.4080898996009781,0.1767506524942835,-0.11763411872997526,-0.06501760253634771,-0.017375432426666317,-0.15610809305754905,-0.7626557808565444,0.05691131177177579,0.050899243255679745,0.8853411918319796,-0.28598612840854887,-0.14541987961379393,0.04722904731712256,0.037728104493205544,0.1987407956629695,0.9899608560925268,-0.416257680796433,-0.10519329288195216
1.0061846012701026,-0.47430291898846977,0.788389216799348,0.04622339852449024,0.0126164110677703,-0.29980239384625523,0.9527973280003827,0.28018986329582457,0.04700797096385639,0.3785979524012649,0.22610408760264963,0.3692231087566893,-0.17764934587860864,-0.17326367443226343,-0.14205568380014402,0.1686043207278881,0.11921889273347341,-0.027517305666929323,-0.47543812713146905,0.168623743868585,0.40088013118961624,0.17022738077168661,-0.12378782537887142,-0.054438154880851186,-0.01615721590828744,-0.1554528272500779,-0.7542194453170067,0.05321931690673905,0.04185163172113483,0.8701590833039078,-0.30215134121233633,-0.15908677305194097,0.050010274424976596,0.03535529628908902,0.1915806997705487,1.019965763663537,-0.3757788544901169,-0.09818278828858046
1.0223212275936673,-0.48345236900939087,0.7869412256146868,0.04596163196327774,0.011673543087617387,-0.2999813887791256,0.9527656706479298,0.26974771701285755,0.04538240908022128,0.3739368260009226,0.22316262035117934,0.3711431626670909,-0.18457176097702002,-0.16565964010148354,-0.14872584830485833,0.17050722841230898,0.12203798639934862,-0.004597638028890812,-0.47418194118623613,0.17010241570230236,0.39588295440392146,0.16007288287475174,-0.1286070171350776,-0.0400485873864936,-0.014689750179926566,-0.1548964529908584,-0.7460623618552542,0.05036394124612629,0.03407179642921774,0.8658620401790013,-0.3155371367084266,-0.17225554501372575,0.0491975667330842,0.03486752987412847,0.18476406519029528,1.052403405361781,-0.32942973173747575,-0.08820901129001307
1.038698016496165,-0.4927738897567647,0.7852806830082009,0.04564089974677932,0.010358936205332838,-0.3000090240342346,0.9527875871405036,0.25763529741488683,0.04338548698499945,0.36906941632011264,0.21733860543872666,0.3740354550226666,-0.1936345595096165,-0.15584543772462175,-0.1557207980702456,0.1712740913885423,0.12341525815301854,0.019516601139804503,-0.4721743060813047,0.17120321521973125,0.3931586477119811,0.1488237923720005,-0.13240595530179838,-0.02345981977516211,-0.012978464606185592,-0.15389719892973475,-0.7360801795807121,0.04807844232724565,0.028407720487686697,0.8699656015507089,-0.3287378071057518,-0.18332927908974397,0.046834258396903555,0.03491804118204135,0.17814523759493756,1.0878890388305045,-0.2842933876521848,-0.0759378742619315
1.055630763535508,-0.5027267962197218,0.7873895258908025,0.04473591271888635,0.008084687405973491,-0.3000409998112695,0.9528424499228654,0.2440381585690871,0.04187654982729185,0.36620654536965064,0.20500922482010087,0.37707444537783996,-0.20696555807660222,-0.13802648592482888,-0.15951566070684256,0.17497411494664214,0.12144330678368871,0.04073400370922237,-0.46812248966651543,0.1744553779206599,0.3982200685033973,0.13924142784252103,-0.12844291388221454,-0.004847961651505436,-0.01109288422963696,-0.15350411038609577,-0.7244216568304401,0.04735276879917154,0.025527414729843344,0.8855396958665447,-0.3330719980059285,-0.19401308416246454,0.04572853382205307,0.03622592649898673,0.17287267155562683,1.1228995304120484,-0.241190952644134,-0.06116820579914567
1.0726424749804233,-0.5129712838296286,0.7880877177211111,0.04309888832689357,0.0055708469815237294,-0.2996875079189015,0.9530471389633629,0.22809851347415416,0.0411507202983126,0.36252494473309826,0.19284045202283606,0.38238668176008006,-0.21986777196117444,-0.1234745715746829,-0.16074392396390444,0.17328120029106242,0.11894659639344653,0.0661296250631559,-0.4646351003340812,0.1754036101262592,0.4001154927787954,0.13076933461164486,-0.1274376578222799,0.013677880229699369,-0.008904954261034841,-0.1524336322075258,-0.7071010832173139,0.04797340739268354,0.0246650064219313,0.9083224124209369,-0.34914722315397406,-0.2035447763915867,0.0413021217045108,0.04045674589020048,0.16765054959449555,1.1672620979817752,-0.2024417781025304,-0.043921124782429925
1.0893854167753416,-0.5229363310844013,0.7877759502523866,0.041575025874768884,0.003447620229151802,-0.29936547178481265,0.953226072577394,0.211202783695105,0.04035240751608133,0.35691888147015366,0.17818054140272394,0.388816338162074,-0.23411694378613984,-0.10873563395484746,-0.16103355328519556,0.16786325806327593,0.11620879883114285,0.09386743254317746,-0.46149846343063955,0.17448835958413383,0.40269482910391297,0.12334251282977603,-0.12909122728359054,0.03163160758959469,-0.006442139680940257,-0.15014759858855647,-0.6839570894421959,0.04988262853629674,0.02739621672131715,0.9255652076141582,-0.3318249656151238,-0.20402645790981377,0.032305519281256585,0.044254663954941785,0.1613691718257138,1.2173613393769678,-0.1690145469505789,-0.02709726830350018
1.1062209477445508,-0.5321603439001307,0.7865846484934462,0.04254588945651983,0.001512979096852042,-0.2988663123863848,0.9533448932601302,0.19419088641245427,0.034564781072497754,0.3506403317238084,0.15770670877862986,0.3981004807490755,-0.2525945940093661,-0.09003679917084012,-0.16531696848843466,0.1547418722613251,0.11510364787849924,0.1235598462543159,-0.45794039649627305,0.16838179529924205,0.40766463086607596,0.11037775218091314,-0.1351976607807589,0.0643666429923923,-0.0039918797333714775,-0.14675243987017692,-0.6690462236077573,0.045750215322804565,0.030365763027616937,0.9513738571493947,-0.35390261458549,-0.204282546775795,0.017843840274911756,0.039851605567229734,0.15052866228434977,1.2723214480650364,-0.14418501090838792,-0.014069463268716215
1.1226407846710906,-0.5403403177826545,0.7845534756502557,0.046249614041569596,-0.0005603155599655178,-0.2984189094757656,0.9533135967323518,0.17637535847698058,0.023611767797712454,0.34533223167604593,0.13094642176406684,0.4078797834653656,-0.2731586800260557,-0.07312028875945653,-0.17783827104262237,0.148165451827041,0.11661498311854766,0.15148804516107803,-0.45386479926178536,0.16273818294334602,0.41581931474673395,0.10250860404977194,-0.14282118822563575,0.08525748692598338,-0.000891909099087772,-0.14410581124013122,-0.6564719192641663,0.03616178480367621,0.036098141698363284,0.9751269294888362,-0.3763115413582277,-0.1954947623873322,-0.0017487821114109308,0.022888492915625728,0.1317195578747984,1.3330872827450695,-0.13796164630922175,-0.01103683006332605
1.1393366280292445,-0.5479562942204955,0.7820031540964789,0.05188701133469632,-0.0028019732158659156,-0.29804243877212394,0.9531372365465608,0.15819237618148382,0.008979144964673462,0.34026474942609236,0.09863401770504276,0.41878447998769003,-0.2972547475613492,-0.05623030203698568,-0.19744275678103818,0.1463045328460614,0.12027408234257687,0.17935713315667068,-0.4490726920769593,0.15602172428248504,0.4271334727594578,0.09790983333488278,-0.14972643940387664,0.10023607924577377,0.002546104802650278,-0.14151429847417937,-0.6450011787585478,0.02253594051902087,0.044427379929254385,0.9984528715790801,-0.3992324297033026,-0.1796125763171889,-0.024542217323396124,-0.005197088131784971,0.1070996829158276,1.397944078028595,-0.14821746353426804,-0.01596511163831907
1.156142295005139,-0.5555164143446712,0.7788532511853952,0.05827268846698157,-0.005111932123992911,-0.29757913679647036,0.9529033630291461,0.13923639116553216,-0.007278361151261408,0.3357149786119602,0.06233950594975096,0.4301555374086969,-0.32181194758492554,-0.04117704727077559,-0.2155829110666673,0.14792125965266695,0.12392627398647281,0.20638490361690598,-0.44387853234430413,0.14936509458342853,0.4411397552892285,0.09633680234009899,-0.15420379407314308,0.10916020327709813,0.00636678614118137,-0.13929336281819588,-0.6332235193400134,0.007080414405632311,0.05365403510096639,1.0202231229989351,-0.4227341439706858,-0.16208255856918716,-0.049783310261378874,-0.038296948344189626,0.08181573725151083,1.464224442856827,-0.16617712220244005,-0.025272472705691777
1.1728038847496738,-0.5628249606857875,0.7752345548533381,0.0647448665294248,-0.0069631759841742615,-0.29676434082970166,0.9527279477637948,0.11941966753126228,-0.02405952180848834,0.3297337753235184,0.02289856218685089,0.44167623419419466,-0.34847513026453714,-0.02666377774287363,-0.2393277020808014,0.1494714315399965,0.13301731134947423,0.23262844643901193,-0.4381232595409745,0.14135339091872506,0.4604896425399951,0.0965605740080726,-0.15945529847486983,0.11837951418427681,0.010042912780567816,-0.13615123499143442,-0.6204395250259839,-0.008739416929425113,0.062437684389061894,1.0385175145160805,-0.4476674524286087,-0.148073314271165,-0.07860982230948751,-0.07062538861679853,0.06040507679797907,1.5290872537386184,-0.18294557888748203,-0.03760091460615766
1.189365323008609,-0.5702331426184517,0.7716973813944864,0.07096957632733529,-0.008945356612237318,-0.29552941779705266,0.9526519107457523,0.0977327193978802,-0.04042596921255592,0.3245894388366146,-0.019331273306611024,0.4526015055127576,-0.37377417331237744,-0.014713953458974539,-0.25342387389329385,0.154300009054522,0.14088418286350826,0.2561732386776416,-0.4326133593787542,0.1351426560173304,0.48454080531509097,0.09805910577704369,-0.16165433536893692,0.1224390384657327,0.014063651362680412,-0.13361591881193133,-0.6044269158016838,-0.024359374881892607,0.07054968525443944,1.0525692177383839,-0.4740346892261838,-0.13991893932325825,-0.11012298037357067,-0.09971947110600209,0.045088178562219715,1.5916420051274645,-0.19474655354078635,-0.04953585058034767
1.2059422557501638,-0.5777670325098032,0.7683858099923293,0.07764822626990155,-0.010958879159880537,-0.2939420454887472,0.9526010339163967,0.07472337692578929,-0.057641004306277506,0.3191781162752425,-0.06513209142224538,0.4636766488838029,-0.40090916319576536,-0.004238845955835513,-0.2655568107507308,0.1630570076724352,0.15247719720976918,0.27838374847280395,-0.42673514738173696,0.1288192146648811,0.5141676802753858,0.10096806437494739,-0.16393824255479214,0.12445431847605846,0.01808805694984789,-0.1308681292779907,-0.5861715576801428,-0.04089190103454928,0.07848249903758013,1.062758840390373,-0.5015465709527099,-0.13421418103840269,-0.1450718591928374,-0.12860910884164042,0.033896851694672187,1.6534597151550925,-0.20571152141878846,-0.06351559464087596
1.2216232998576046,-0.5853906308576312,0.7652351041846936,0.08375362458570723,-0.01268739963033822,-0.2922153581356206,0.9525935884358276,0.05052546067113746,-0.07375780048440878,0.3140959989718623,-0.1136897257374101,0.473716547194758,-0.4263873858167899,0.003845638976075207,-0.2755257739484993,0.17337012773188645,0.16660022175360242,0.2981439418453903,-0.42088127197523717,0.12259138527636998,0.5465554724123979,0.10658269421277194,-0.1646263493693495,0.12393783711591407,0.02219363768490457,-0.12857524700186013,-0.5669156610775012,-0.05599402099575941,0.08468427188969027,1.0702891708099342,-0.5295220747970003,-0.13041682248997008,-0.18361054924905032,-0.15438859870000798,0.025942751168400974,1.7129390768628012,-0.2157382677912348,-0.07855984448480091
1.2363614583663987,-0.5933187701479995,0.7625522750766598,0.08828752758673479,-0.013917602319920949,-0.2906070425854111,0.952658994403583,0.025525478985332105,-0.08686921482159467,0.31036221367891464,-0.16295424864640085,0.48223740342857047,-0.44730792271119435,0.008558501445785188,-0.28361207277142875,0.1824951248554894,0.18033010751527861,0.31477261495940434,-0.4151506989594136,0.11669825922965592,0.5792314715883614,0.11715504782250585,-0.16000789556300368,0.12050578780542247,0.02624636009857108,-0.1274826016574866,-0.5471863609510564,-0.06765099247497627,0.08789025448970833,1.0759204432650042,-0.5560626340697705,-0.12782358981425088,-0.2245397503810629,-0.17396256469935995,0.02032013153879835,1.7664343513273388,-0.22359380742715965,-0.09295212462028932
1.2502556880630904,-0.6017029003995655,0.7602309932070433,0.09081108090262272,-0.014377650035730058,-0.2891736497410965,0.9528511064485153,-0.0003325662651726993,-0.09593813753570267,0.30854365916451704,-0.21221920914516038,0.4898115714930366,-0.4621104262776847,0.008623154524477651,-0.29047878071579913,0.18819834407197666,0.19103320078317432,0.3279711718560704,-0.4095607347128222,0.11086563952895476,0.6116938678951613,0.13512106394513326,-0.14919544174709726,0.11352410803142465,0.0301207057023415,-0.1281165176673339,-0.5277634500253418,-0.07483270989745672,0.08765381494224499,1.0805701580155884,-0.5811046692327949,-0.12647784375805246,-0.26868793943304387,-0.18509354201539088,0.017017365277369217,1.8133702979699913,-0.22841852027909135,-0.10504196323991684
1.2636063159682775,-0.6107206266329595,0.7584976500323637,0.09180397027583131,-0.014287743992495612,-0.28780949661896094,0.9531702812557358,-0.027146299846451772,-0.10175261549363049,0.3084597113855127,-0.2621268384064749,0.4967288498991633,-0.4718305150080261,0.004983187174102375,-0.29657480766944094,0.19115690238219832,0.1979879176711309,0.3380118802536712,-0.40399619462583125,0.10533516776854522,0.6449225356075469,0.16040855353771424,-0.1327138097460302,0.10304658346841467,0.033846304942494417,-0.1302163191665883,-0.5077437510881967,-0.07840402810622642,0.08485750221870032,1.0834343101571011,-0.6048383589668387,-0.1264964351407077,-0.31606074693212693,-0.18901422919383734,0.015622970329067825,1.8543240534497336,-0.23096916377682886,-0.11467612662602691
1.2766631715153163,-0.6201651871651122,0.757290319672905,0.0917460922619257,-0.014090896542435595,-0.2865055944077036,0.953571520947634,-0.05461240265537706,-0.1054746803703537,0.30962457395959314,-0.3124246381810229,0.5025222306319702,-0.47722373024200465,-0.0011920147144990191,-0.30252429199076414,0.1911836820566818,0.20178985714361478,0.34661883010419803,-0.3989190952036257,0.10012583303202668,0.6763585077116072,0.19053166769115087,-0.1113666392784992,0.08991190451190402,0.03756974760987125,-0.13312792461468323,-0.4860477809582696,-0.07949474966154878,0.08043800887446542,1.083779210478413,-0.6269572097001775,-0.12778243018113344,-0.3646977629428093,-0.18851790632119078,0.014516225617851408,1.8886368712710007,-0.23213072278150562,-0.1228976075155762
1.2896280680519872,-0.6297234075880921,0.7564673808128046,0.09105553377273583,-0.014573694871139147,-0.28531042993716604,0.9539887084008036,-0.08218327150583911,-0.10849457561677384,0.3129859291873153,-0.3638180057708403,0.5069400744814802,-0.47988482639605223,-0.008190854807499693,-0.30990168879654517,0.18815290529206377,0.20378570394726395,0.35510074745767184,-0.3941849960478884,0.09518773324093936,0.7016386182756701,0.23080379083673278,-0.08404726849476345,0.07117621502936393,0.04136861462004226,-0.13707805417384275,-0.46089643225291466,-0.07933919236261218,0.07535910339979777,1.0808517678600074,-0.6475908735077208,-0.13037472104324352,-0.41132772556250025,-0.1867849915648588,0.011910887535725109,1.9150010845958614,-0.23224083503672144,-0.13077929502252508
1.3026202999515843,-0.6399834226937893,0.7563034386738944,0.09008056787350929,-0.015096616195872993,-0.2841053131692878,0.9544326872545809,-0.1104702803869024,-0.11104411547083444,0.31476526307873,-0.41190805988167056,0.5094924370666243,-0.4775500481403515,-0.01707968325416802,-0.3151627837451565,0.18466229152621053,0.2036505616157447,0.3667680294838184,-0.39120158914409686,0.09164395377101557,0.7210014143041015,0.2587580997675875,-0.05959880191600645,0.05866615591932405,0.045233283118892145,-0.139559579142496,-0.43309562851800454,-0.07801866050886434,0.0697947907840134,1.073651345726376,-0.6655145384590976,-0.13337714078872298,-0.456567372513138,-0.18419054467855986,0.007072990003565204,1.932217441943717,-0.23028562324274482,-0.1356984694051527
1.3153752116512214,-0.6507117175573455,0.7567299039924562,0.08852811635058681,-0.01574183931114778,-0.2829537748932964,0.9549094870112832,-0.1391381721966035,-0.11283036336367479,0.3168317432281619,-0.4597437100513064,0.5105861748134921,-0.4722543095209963,-0.02736643595313038,-0.32006140538555283,0.18062687496514285,0.20176848742686077,0.3800023363719018,-0.3890536793200927,0.0885944609830591,0.733638069415249,0.2879387079572066,-0.03480916985564442,0.04581975107917369,0.04913306308109592,-0.14196433331439523,-0.40280905672928247,-0.07496450087854538,0.06358666444220125,1.0627361533636552,-0.6818526564064658,-0.13727318214609419,-0.5011203781175884,-0.1798329568066718,0.00040978785400907906,1.9409971339513223,-0.2258437794747924,-0.13842922826624038
1.3280972549905647,-0.662018141383937,0.7577747978721008,0.0864321192012334,-0.016392979958276415,-0.28174698380792634,0.9554472230812158,-0.16813377890882053,-0.11353029752752304,0.31843105973724367,-0.50662712296077,0.5103766053658746,-0.46538206622570555,-0.037818663810998694,-0.32470654535674687,0.1755566569686763,0.19891693488726928,0.3950485204962708,-0.3877846331293997,0.08563324249379674,0.7413868241092813,0.31426494728537896,-0.011430550726269847,0.03430611662286198,0.05303505739643533,-0.14417261620249774,-0.3706910737596918,-0.07032911851548113,0.05652227566929538,1.0487903107037002,-0.6954545397080022,-0.14152026878262433,-0.5437274888282488,-0.17445844400845562,-0.00871248206870616,1.9410636961716472,-0.21992557430410004,-0.14014514412676182
1.3405461159190313,-0.6738048033558078,0.759338802469541,0.08385219641762341,-0.016955327786034976,-0.2804002208766146,0.9560633044667874,-0.1973651078420271,-0.11321019152189893,0.3190807640091276,-0.5513603331275791,0.509048634253665,-0.4580169171354261,-0.04737062924626852,-0.32983220654124706,0.16916937652998779,0.19654627987710926,0.41149832711736023,-0.387369441926121,0.08251878353979766,0.7456212412695885,0.33230461465925143,0.008330443096931076,0.026079717079212965,0.05686434510245115,-0.14613720346406625,-0.33763079769638316,-0.0642193019518664,0.048464094482502065,1.0326992706582943,-0.7059830736246667,-0.14563193496232066,-0.5831932176198851,-0.16903490396704246,-0.020966105960674872,1.9325812633549018,-0.21365313903932934,-0.14241677246441392
1.353117267245884,-0.6861702996452235,0.761503879636293,0.0806908657493114,-0.01744918043060962,-0.2787809665480186,0.9567997089137713,-0.22705748401849565,-0.11171176324863306,0.31886257385416267,-0.5926966679950917,0.506127975853024,-0.4506117746267396,-0.05604180517964665,-0.3357936319198404,0.16190626907972414,0.19566546729771497,0.4292002511633515,-0.38779701785601267,0.07861958608890947,0.7471061109057824,0.3358115536366977,0.023616339893505985,0.022881631042458953,0.06050055847720205,-0.1476344005055693,-0.30289306764788626,-0.05647000284742177,0.039126772041651305,1.013438838500429,-0.7133984197032232,-0.1498281858883185,-0.6183910675977194,-0.16403810226580368,-0.03705259319082154,1.9148141283648694,-0.20571262878406282,-0.1464221418016082
1.365752281769287,-0.6990514756897039,0.7641739477156901,0.07743134636866252,-0.01745500052929509,-0.2770963289415405,0.9575580055762566,-0.2572141197005449,-0.10999711797398784,0.3152834559959939,-0.6291865234535201,0.5018421190384099,-0.4431579611997269,-0.06492340992551368,-0.34043049965422156,0.1562275351501585,0.19690061324531322,0.4483873951350135,-0.38940515495547157,0.07534536203916369,0.7474986688246089,0.3281741859576417,0.03138739539959842,0.024087080194743964,0.06361768942117305,-0.14752052108816818,-0.26761964133730465,-0.047449492278887714,0.029484666679889915,0.9910631390037506,-0.7176387882553431,-0.15378961732723445,-0.6512418132992017,-0.1590701678493937,-0.05537622290168017,1.8885141031737775,-0.19631713936257728,-0.15046674589546533
1.3783807550192737,-0.7125227676224971,0.7673630123154362,0.07366015980757037,-0.01738303398992105,-0.2753744855528661,0.9583532249087093,-0.28636522179491625,-0.10653944989234446,0.3116142617221775,-0.6642977807772452,0.49653549737907726,-0.4377959753857104,-0.0724837428753911,-0.34513727357152235,0.15066607873789012,0.19859258548609704,0.4693848090055503,-0.39149530995036436,0.07115195211736125,0.7439708018197807,0.31246564782822067,0.03698724889601463,0.027845721817857525,0.06702733505450427,-0.14731256231227002,-0.23182030038029608,-0.036793615881004126,0.018992003526755653,0.9671679846340601,-0.7182011542648183,-0.15856237311298385,-0.6798999200459535,-0.15397785225148564,-0.0765125936713667,1.8537244718961168,-0.1857724047285798,-0.15505653946447207
1.3911475000941145,-0.7262861755861646,0.7709319026818516,0.06942397138029341,-0.017723766129464028,-0.27384398628486833,0.959101481329056,-0.31405434882820754,-0.10218398129752239,0.31113260158818934,-0.6991018385709731,0.4900379669010355,-0.43460167078432443,-0.07932675238901524,-0.35201700783001016,0.1428374627366067,0.20186920704306696,0.49058055839389275,-0.394481755234866,0.06589192114995636,0.7353455558767165,0.2808780788737379,0.043213470857857275,0.03648082258751858,0.07055905367663329,-0.1486218826387979,-0.1997432496218952,-0.024999734621360344,0.007792580398194116,0.9531218086400337,-0.7031101730160106,-0.16706624674879114,-0.7026875749863779,-0.14907932946604238,-0.09953957942936353,1.811135314034579,-0.17500668103169995,-0.16086957475368138
1.4038623997323219,-0.7404601286159679,0.7747836018665053,0.06581303183932975,-0.017208356610446625,-0.2730364718574529,0.9595955410163796,-0.33921704826252574,-0.09776165193951443,0.30644597578542193,-0.7277447217269835,0.48448225269699896,-0.4336919550968599,-0.08885081657572645,-0.35567078735218743,0.1367812739538648,0.204849638470128,0.51146992025509,-0.3965551372816861,0.06246221655070815,0.7307053313319392,0.26218433588051493,0.04678825772245673,0.04267026987944529,0.07331911698892546,-0.14873197408277766,-0.16873258160808297,-0.013380387740476191,-0.0025559680524327817,0.9364222298248246,-0.6880546072338006,-0.17394679462008322,-0.723526458760816,-0.142606778669115,-0.12058184763058101,1.7617341747880406,-0.16583340653398093,-0.16393369214690742
1.4164422272946438,-0.7548496024939413,0.7787167572120461,0.061708326929425086,-0.01631943716451648,-0.2722865273692195,0.9600967687537632,-0.36295104245680165,-0.09148553575058974,0.30174574272076965,-0.7535769168500029,0.4785076449005883,-0.43548080886764273,-0.09917971724339471,-0.35861746697763286,0.13074728886544856,0.20858504487444973,0.5333003548513326,-0.3983864277119716,0.05792484460962471,0.7236775615931776,0.24264285221783416,0.04981159025842184,0.05030289733626147,0.07616633197959394,-0.14861135733503,-0.13908429009547865,-0.000272821994271916,-0.014080072641231471,0.9202533917870203,-0.6683308652897139,-0.1827573783523168,-0.7398654443775473,-0.13503314397321656,-0.14305711126855067,1.7040664870627487,-0.15615120254364553,-0.1667758159659031
1.4291017760705413,-0.7695275552345774,0.7828385294126362,0.0576813345553807,-0.015321783471892463,-0.2720566783650705,0.960428690925108,-0.3844910918118701,-0.08495791879557903,0.2970733348991714,-0.7749681845231526,0.4722756283351966,-0.4385809302960292,-0.1110515078526075,-0.3606911905403808,0.12396547991525599,0.21289964268055794,0.5547283636636388,-0.39951779901742046,0.05327046589554739,0.7159109390858748,0.22351972269350634,0.05305459423318524,0.0589532297153636,0.0786684875951341,-0.1484406424407019,-0.11095013963473316,0.0128826722702794,-0.02566088985129401,0.9055699983657064,-0.6433245466708327,-0.19125626568443715,-0.7517603067929864,-0.12722641699995504,-0.1660246711352139,1.639518836717367,-0.14720476079803238,-0.1695831110722167
1.4418986089761163,-0.7844721685355145,0.7869411852043099,0.05415724264455319,-0.014444401220182106,-0.272645076363003,0.960480616502771,-0.403302112166282,-0.07930092644395081,0.2925191786651018,-0.7909793762206999,0.46574721718843015,-0.4414074306056778,-0.12463047072441168,-0.36176844297044786,0.11513651854786208,0.21720452155836414,0.5749271788112099,-0.3997546511576003,0.04911284184666088,0.7080525826085639,0.2060022027290584,0.05708794470033154,0.06782986317547068,0.08069674577951674,-0.14827498450912813,-0.08477937870287167,0.024844455630204786,-0.03657893213691236,0.8935899135719868,-0.6124800472848932,-0.19753665859192482,-0.7595339759483447,-0.12016959790022912,-0.18902698741963275,1.570141530362843,-0.14010724977433409,-0.1722103276292186
1.4547355117721994,-0.7994781455834801,0.7909750929093073,0.05119841226002067,-0.013598791877048112,-0.27424661104285164,0.9601992458719439,-0.41898917608978564,-0.07463589364895895,0.2879105900327661,-0.801319592954556,0.4589990972492317,-0.4436314461472131,-0.13970272620923183,-0.36157532869108433,0.10333943978017258,0.22049755547699462,0.5931337348870466,-0.3990437683123813,0.04622514524727545,0.7006240319393514,0.19172972023626153,0.06227273346354477,0.0758852049027858,0.08228138349402389,-0.14817621561566977,-0.06090436232832994,0.035287467916605406,-0.04658361477834646,0.884667337477698,-0.5752441581980047,-0.20107400925223742,-0.7630287716374771,-0.11388754640364532,-0.2128491777415825,1.4944190935082642,-0.13331071780490647,-0.17552008845160483
1.4677702624859854,-0.8146321043441476,0.7948685052402861,0.0486667161639181,-0.012780125314465379,-0.276702757735853,0.9596373288884413,-0.43174294846382366,-0.07068191326825053,0.2831401524168442,-0.8059507248894539,0.4523060745500315,-0.4457362278038399,-0.15636123996554455,-0.35993312164807006,0.08835916913524514,0.22220599223054074,0.6096048718523474,-0.39725300233963007,0.044543395580769536,0.6937933064873416,0.18163073531268403,0.06876956200939748,0.08261260661589837,0.08350724581984825,-0.14810204164986523,-0.03894833250972209,0.04437535881985852,-0.05615437070289755,0.8785867479757039,-0.5318762029866605,-0.20276379750171725,-0.7618624267097518,-0.10742778989812486,-0.23777189999913168,1.4117284034920492,-0.1264039591357424,-0.17922734840574522
1.4810443907026867,-0.8300206761458316,0.7983843115606691,0.046661006569074695,-0.012316920211667439,-0.2797206722777769,0.9588677643152523,-0.4422280033307457,-0.06785311832789936,0.2784540320384475,-0.8050087951230517,0.4456059311204598,-0.44718939693482895,-0.1741662324146951,-0.3568414379021102,0.07052328695802701,0.22240844256604403,0.6246764360604466,-0.3943016596697966,0.04317676150366896,0.686997244303818,0.17514845247404817,0.07630621396326176,0.08827475190208588,0.08438030795601731,-0.14796539231627887,-0.018376587350391375,0.05166677979201682,-0.06555134754907897,0.8753731806332165,-0.4840509068547965,-0.2033250605977062,-0.7567944281448985,-0.10048471325164753,-0.26230536986730024,1.3261720161617367,-0.12248037308846309,-0.18142759072498518
1.494667583906128,-0.8455328162062582,0.8012425439169747,0.04485152761176307,-0.012556457709799629,-0.28285830778880766,0.9580301944905114,-0.45172437515963415,-0.06560172482126282,0.2755559289422565,-0.7981506760942747,0.43857287470492895,-0.4454800531341015,-0.19179899254346966,-0.3493650580583237,0.04347858519152351,0.2203297182789162,0.6388718322158091,-0.39090762357086556,0.039667511971803376,0.6761853275407499,0.1685322684748939,0.08860396286971735,0.09636940816090639,0.08509885236898304,-0.14829353199381284,0.0016034228083744622,0.05747961603721253,-0.07534868740100617,0.8745655481053641,-0.42888812048145647,-0.2041811898525052,-0.7478840402533291,-0.09322000567052774,-0.2861703259816236,1.2419381242821033,-0.12528078182376198,-0.18139135513634888
1.5085593958650578,-0.8610653261816705,0.8031233739106601,0.044328081892800734,-0.013917980625195257,-0.2864304235924321,0.9569738363255723,-0.4591893225362365,-0.0668636721598873,0.2721573420333205,-0.7861946859537918,0.4310206262595864,-0.4433229410037127,-0.20948304910870158,-0.3404623370523724,0.01655509195555821,0.2170362590750294,0.6514370983943832,-0.38614862966475516,0.03543847561575918,0.6670990517155191,0.1643423284962281,0.09935977705554383,0.10391506047305749,0.08522998613634347,-0.14830127730115777,0.02134479227279517,0.0591488231588516,-0.08482468800151945,0.8765140779546465,-0.37583653379860865,-0.2046084983379349,-0.7376946218958081,-0.08675870408666231,-0.3055600350544349,1.1625326559598521,-0.13539627467752874,-0.17651136887793392
1.5229698003352907,-0.8764686453204472,0.8039249571256651,0.04450936512834698,-0.016058188039308082,-0.2903973384709225,0.9557355475348668,-0.46481544030386596,-0.06985377486575732,0.2690179901532528,-0.7688092448574556,0.4224857011501987,-0.4408682152986406,-0.22755712909961984,-0.3299758046769548,-0.010526669723029472,0.21261576518953426,0.6624870819761208,-0.38083913501064487,0.02985251807253915,0.6587593010895437,0.16148635901957709,0.10943815320360276,0.11120916901084328,0.08497004799218785,-0.14818175808238948,0.040777839456240625,0.0578190026191218,-0.09414694629070786,0.8804495120035398,-0.320440381485808,-0.20558856483092017,-0.725315533154126,-0.08078451291103748,-0.32276602299845064,1.085290081739527,-0.15077440286499816,-0.16916543221642652
1.537847470294518,-0.8918579252541978,0.8044722948512832,0.04574310848961022,-0.01906479112645031,-0.2946820812988567,0.9543094742935271,-0.46823209555304035,-0.07530097769248034,0.26542558128519395,-0.7478906326842557,0.4134774494589357,-0.441594342542456,-0.2451588135831044,-0.3228285561361915,-0.03016280414580838,0.2091394664408603,0.6708217010720907,-0.3744322096234821,0.02478260618923917,0.6540464967044147,0.1599303338626153,0.11655430634219878,0.1158918479980246,0.0843609340724782,-0.14765907805015052,0.05868561229779353,0.054301681778352096,-0.10103885618128346,0.8922117241793714,-0.2785469327987573,-0.2063932533355833,-0.7122447795189005,-0.07590424398924069,-0.33557349470700193,1.013866795468394,-0.16882982648337208,-0.1608763689441478
1.5531660170124904,-0.907078273649015,0.8048362584310574,0.047085361072509706,-0.022607948434418847,-0.29902733987454694,0.9528139899517699,-0.4704860850689668,-0.08067511303638623,0.26369155770852415,-0.7237494750286642,0.40371360950328267,-0.4420422522010133,-0.2614622493389825,-0.31472604275556937,-0.05025135740861907,0.20387365219054643,0.6770114466152461,-0.3678433854260121,0.01762940542262305,0.6473710076168084,0.15863562288343025,0.12487645660051191,0.12110471096191668,0.08360472699143708,-0.14746430512487768,0.07567904434388074,0.049061763265905466,-0.10796929197404598,0.9047612350748913,-0.23216327973920098,-0.20953050715917518,-0.6986104860811747,-0.07146387764100502,-0.3447914812347331,0.9516883411087487,-0.19213902326372082,-0.15213528875084947
1.5687811176513695,-0.9221688641217685,0.8049837005167512,0.049044059166234104,-0.027121464288942247,-0.3034894562120804,0.9511851851261243,-0.471484159299113,-0.0875585951857145,0.26356378377140033,-0.6968471480004036,0.3933931038541544,-0.44236222016779797,-0.2765832318008377,-0.3061079922139068,-0.0695412352028956,0.19700780797653755,0.6810984643167054,-0.3606595107931967,0.00846438821166497,0.6388577334510175,0.15776621914715463,0.1338246499869897,0.12701648236223695,0.08255620002710337,-0.1477031571818425,0.09228471688566117,0.04121671236666272,-0.11448487576774362,0.9206845111876446,-0.18828134409994518,-0.21543997805098458,-0.6859671126136015,-0.0693946578646952,-0.34889146963072437,0.9040882820411483,-0.22021220772943909,-0.14509126838790276
1.5845806393234465,-0.9369856424467493,0.8047018902150475,0.051633984210820605,-0.03251926519502167,-0.308171628556525,0.9493717272062155,-0.47051543956776226,-0.09574221907832416,0.26451745913481256,-0.6685174479105976,0.3828545183880017,-0.443524496057909,-0.28989304078678735,-0.2970582899919239,-0.08720000485120974,0.18844352567082123,0.6838105242786411,-0.35281103390122565,-0.003040815091821217,0.628577564462537,0.15736600902672743,0.14276956521905354,0.13362676189360848,0.08131476104049937,-0.14834263435863257,0.10796657357953758,0.030572174937260648,-0.12071911342668773,0.9411887237028277,-0.14843679274510052,-0.2239189540355227,-0.6746154060536388,-0.07007326024352292,-0.3484725340837938,0.8708319882403558,-0.25153298454053097,-0.14087564913678408
1.6003489242341422,-0.9516792775308375,0.8039831225321014,0.054444574376130164,-0.038044746448575875,-0.31313774348219814,0.9473822561118315,-0.4675188811333209,-0.10424584874754907,0.2662996197963395,-0.639583190856395,0.37202472602637193,-0.44588835320105585,-0.30148030028907397,-0.2888286842834723,-0.10343059134499269,0.1779862323553835,0.6839221544690907,-0.3446049954464595,-0.014856159974479276,0.6175670332776864,0.15767265408328607,0.15230276698469647,0.14061914842472228,0.07982532824919711,-0.1492289026285875,0.12104259456879207,0.01913588314244065,-0.12520324949974548,0.9664387054076288,-0.11319552888621463,-0.2332259181476201,-0.6648729559507428,-0.07160459716224107,-0.3439154836300663,0.8493547310950591,-0.2829420791699622,-0.13870442067742267
1.6158912608203708,-0.9660386547544005,0.8027337605103247,0.057037304170749425,-0.04288833421421161,-0.31847965526415584,0.9452396764334903,-0.46187646143541683,-0.11148382970623012,0.268217518688992,-0.6130582960181087,0.3611433475816887,-0.45031333098147286,-0.30922564473678305,-0.2831143469228644,-0.11849009674867177,0.1644979007595504,0.6813345983381124,-0.3366069743977036,-0.02529735438784114,0.6056035686882099,0.15884386790132043,0.1628996505188707,0.14735305165718157,0.07832283402063672,-0.1502579752876143,0.12946508160503842,0.00926429890442249,-0.1255643058002923,0.9966195276161507,-0.08354503816376374,-0.24144115033450983,-0.6571760850297113,-0.07178092485454572,-0.3352152530089005,0.8368286987154799,-0.3112452332566284,-0.13737589778121956
1.6310530876115021,-0.9802381817789423,0.8008166148867133,0.059492204508660995,-0.04683477031827153,-0.3242173403666137,0.9429476645591395,-0.45365984276947313,-0.11727275973691517,0.27002092588398585,-0.5890674080863043,0.35038285060815305,-0.4556565316196159,-0.313222042068846,-0.28096771574631396,-0.13305280548543902,0.14775374303614272,0.6760437739767243,-0.3288142700401025,-0.03351856423502804,0.5925101953007659,0.1608346284222328,0.17472319079073992,0.15328572433228702,0.07675558677826658,-0.15141524255258743,0.13242184061603707,0.0015466832005163532,-0.12028531036524946,1.0321829490033578,-0.06083091491055364,-0.24552098441366663,-0.6513002879782026,-0.06948007697316014,-0.31979252827649757,0.8318857808524387,-0.3341687361020047,-0.13086386144999784
1.6460122076496293,-0.9939959748794279,0.7980471354347128,0.0620613938655372,-0.05010350321090362,-0.3305680679329634,0.9404056437625898,-0.44265959872038285,-0.12207628227257444,0.27148067221447547,-0.5669461158034689,0.3392587179718688,-0.4590120981571083,-0.31211971750277767,-0.28230553752176485,-0.15227164717438393,0.1181023971865136,0.6686001516342764,-0.3210540889549876,-0.04110697451938573,0.5747108771487309,0.16583606046627658,0.1939787497798195,0.1610904496424605,0.0747784953793512,-0.15280768262879219,0.1304666897679766,-0.004524215646481421,-0.10893249781346145,1.073004392344433,-0.044802871906549066,-0.24622913200392332,-0.6473417826435873,-0.06500227855820197,-0.29665388271370774,0.8354757107779641,-0.3531547996017121,-0.11940657977763823
1.6603387448940643,-1.0076646683487105,0.7947726439075438,0.06409160161391479,-0.052482621209452816,-0.3371669080657457,0.9377933232748753,-0.43000725736496376,-0.12475432428948967,0.2724491412048156,-0.5464162385066005,0.32846160540511526,-0.4635727711466563,-0.3073775634043237,-0.28860923915114933,-0.16783817466546805,0.08979611796904373,0.6585418635430518,-0.31411288071014987,-0.045741122000719836,0.5577988072071676,0.17039006439820903,0.20994140869537303,0.16588965839215092,0.0730275427250296,-0.15350762988105066,0.1238378559803191,-0.006531278218328782,-0.0931323740739722,1.1179118779486632,-0.036503267867848646,-0.24470915196724585,-0.6447717877277276,-0.05830551499355697,-0.27286518511951297,0.8465560895236375,-0.3654447513148118,-0.11463667435788362
1.6736170747998476,-1.0214062973769746,0.7967790982363753,0.06409023382563805,-0.05493709354734463,-0.34381881139196313,0.9352341859736335,-0.4163705546431926,-0.12421679804027655,0.2789629871306173,-0.5273811948774304,0.318837776532744,-0.47282447624788004,-0.2958449411184428,-0.29820820232212525,-0.1702236477069644,0.0693827108919626,0.6365840371304319,-0.30789389991354077,-0.04500835355868512,0.5504403807994173,0.1719103689003737,0.218697461229083,0.16655960841317727,0.07160414471479182,-0.15586821441439547,0.11712775930646248,-0.0013855923534521553,-0.07380429006603721,1.1599820378209078,-0.036016321005819106,-0.2431528473201355,-0.6523107941805204,-0.053867061242448125,-0.26120697397821824,0.8808158246965563,-0.34811317033493533,-0.12429113652250727
1.6870184685409573,-1.0353980660682007,0.796509234493457,0.06390575005377962,-0.056179445571903776,-0.3515629295441552,0.9322893497062114,-0.3991914376061572,-0.12203282864060223,0.2831017454577127,-0.5130542900300733,0.30873276685090545,-0.47750569682900623,-0.2818863881999966,-0.3206995456406421,-0.1806328646306293,0.03554198029759955,0.6201824974324366,-0.30271664531157777,-0.04465206257179716,0.5312191551754216,0.17486223962588623,0.23613888570756986,0.1672777374674052,0.06968911945894564,-0.15800708523691884,0.10589810183570181,0.009718994781682557,-0.04662405822476889,1.2085396278646503,-0.04329456434153086,-0.23969980258441706,-0.6537694879368591,-0.04321124850621191,-0.24911567486396713,0.9146944907294812,-0.34815981877036845,-0.16634441814066495
1.7003056375461423,-1.0497413612690072,0.7936747652492633,0.06334217597693059,-0.05641909009285491,-0.35930683791534906,0.9293563639653396,-0.3813672969497936,-0.11782067601302182,0.2851602120154022,-0.5003615400151503,0.2995267859288428,-0.4803502769898086,-0.2655818895572882,-0.3463082629030786,-0.1963513387453576,0.004837816632584747,0.6061525759106239,-0.29880854996000444,-0.04378900944043471,0.5066216611686766,0.17725836705308523,0.25408009584511704,0.16781822732773355,0.06806683902820444,-0.1586314179048769,0.09089483772675873,0.02673344821543676,-0.015359311829543573,1.2610779436437722,-0.056119291015297,-0.23414593858846067,-0.6592201157245798,-0.03301021629358865,-0.2451025299189121,0.9599610357391865,-0.34889401594297936,-0.22777319521435266
1.7136411062713794,-1.0639132759750662,0.7890212843748374,0.06348681407128967,-0.05669343576390169,-0.3663523804251931,0.9265749900235588,-0.3644449956903434,-0.11448627867121697,0.28459575231080714,-0.4868687684079423,0.2907656853075876,-0.48158213528702093,-0.24587866201005038,-0.37284325444597205,-0.21425568739474096,-0.02188129723993172,0.5914441271901192,-0.2963845578303821,-0.0408171122497101,0.47988686855799056,0.17883638982799613,0.2728155603536251,0.1679836930372264,0.06634734752352038,-0.1572292508823046,0.07328889956620936,0.04491763448422877,0.016099451586444186,1.313764445028387,-0.07073643733840046,-0.22438207131517535,-0.6613820658524268,-0.02804325158893307,-0.24442288094297687,1.0050719634868999,-0.33153461527769695,-0.2673689621298213
1.7269980959705415,-1.0784407157890412,0.7838000340670619,0.06299009335565839,-0.05726041810631756,-0.3727483344065921,0.9240195733069987,-0.34866366743213817,-0.11051351630709705,0.2852070232612429,-0.471683892412305,0.28238032898727483,-0.482410191613922,-0.2232234176837887,-0.397727783546545,-0.2310627648737302,-0.04329728038134456,0.572158095906145,-0.29574370585081944,-0.034570137927481585,0.4543017036339224,0.17893880555503883,0.2925195706859367,0.16721067791591457,0.06436079786750584,-0.1550725166132344,0.05429375215553072,0.06450595790631339,0.04308076522458819,1.3647246554062928,-0.08437291602764584,-0.2107882655360863,-0.6627115777258297,-0.02129028789263203,-0.2369842842561255,1.0511430837651592,-0.347536625191195,-0.26950719110556354
1.7389589491768527,-1.0949857336038138,0.7783967112750395,0.058690100510362914,-0.0559050557454955,-0.3798809278009998,0.921477388511096,-0.3313768209172995,-0.0994554453654391,0.28697375579961937,-0.4530931694526248,0.2755579384741874,-0.48320590191672996,-0.19720659566403914,-0.41844197062774496,-0.24642677123110696,-0.057594084978041346,0.5485542157314935,-0.2962477466463123,-0.022788717629720984,0.43058165979251956,0.17662207476270766,0.3138504193985736,0.16526166518579571,0.06214883299979374,-0.1512287345667252,0.031998805341192205,0.09416737846511725,0.0633904734202667,1.4167354521204398,-0.09939280944966933,-0.1972549282736924,-0.6555814420664218,-0.0014430853780070768,-0.23422573097719468,1.0822823747714145,-0.3718273205471625,-0.27202856458230806
1.7497223109089306,-1.1127286957577471,0.7731054154786021,0.0515207226679512,-0.05318485196802927,-0.3875673869485401,0.918862616080768,-0.31309700726633366,-0.08291762808423071,0.28976847483605195,-0.43283502109718835,0.27002640554128493,-0.4837345743373384,-0.16708690831732173,-0.4361183709689106,-0.2595465197592291,-0.06578834523454173,0.5211910773615523,-0.2981913841115007,-0.00665154097443022,0.4065947233028091,0.1716641436802797,0.3361503174933018,0.16176727494014553,0.059704104854299306,-0.14638400292781392,0.006527827199948391,0.13236508971646951,0.07873424414333477,1.4702007380046158,-0.11759515157222791,-0.18258486967631166,-0.642205823329257,0.02696549867002961,-0.2343840958878938,1.1044443380730486,-0.403287072852611,-0.27356824285569326
1.7598213575925574,-1.130997953193539,0.7682235061708522,0.043447107060320955,-0.05000900150490843,-0.3956192938685595,0.916022283012545,-0.2944723902657623,-0.06445811265956422,0.2933116648390207,-0.4114451221463802,0.2661244639199995,-0.4832864815718968,-0.1360268908256814,-0.4532410069821211,-0.26905116878772434,-0.07019756254811131,0.4901651183482672,-0.30111183747126485,0.011625278182352483,0.38175858147459263,0.16446074845221953,0.35846600747546165,0.15694081587826472,0.05697922694980784,-0.14169484289772807,-0.021819945652752935,0.17303978470711057,0.08973851406601606,1.5227324669576219,-0.1366756973158088,-0.1647807776116705,-0.6248683432945982,0.058193281878066605,-0.23366910917193967,1.1209233134805379,-0.4370355347544778,-0.27255173637061864
1.7699381334301456,-1.1485239901144666,0.7638681512476775,0.036486757755930015,-0.04720675988350923,-0.4038154114750057,0.9128928479208467,-0.27596150648983003,-0.04768364889236871,0.29737537148149656,-0.3903624172653577,0.263461117682607,-0.4816363811332585,-0.107216427136065,-0.4729357828501589,-0.2732021153268544,-0.07373101518354953,0.4553562834844061,-0.304888762694583,0.0292155026918258,0.3556055811978336,0.1561213486806981,0.37909722619547687,0.15103616879656753,0.053999117648510106,-0.13830075176823453,-0.053749545073624276,0.20946025617747785,0.09722702166318528,1.5724431364158944,-0.15405833478611375,-0.14346314452208977,-0.6066163583243254,0.08668508328875874,-0.22959046142846234,1.135091525133514,-0.4681598817049677,-0.27020011679200107
1.7800471928978208,-1.1648385425918855,0.7599584682054951,0.031069127389325282,-0.044673285746475784,-0.4123458834718907,0.9094008353018304,-0.2570428571407513,-0.03323107876760114,0.3018342333551066,-0.3696143855798207,0.26201699365843767,-0.47820671712818313,-0.08223588173926823,-0.4966979739543767,-0.27143869928896236,-0.07737995982619258,0.4159005156664931,-0.3094366817549974,0.045836209837259334,0.32859283884546625,0.14715648182996896,0.3976285622088343,0.14464746788280333,0.05067994711402142,-0.1364518551006117,-0.09094900659564546,0.2398186497695189,0.10076913358843327,1.61963779075951,-0.1687699909600073,-0.11823428922916716,-0.5887136627893772,0.112151776200435,-0.22221812240208463,1.147175545664319,-0.49581067040865784,-0.26845471222128403
1.7902157947031359,-1.1807343450599,0.7565134137780154,0.026257796832752936,-0.04207561181667745,-0.4212180769883674,0.9056022872177195,-0.2374672471104841,-0.019604900720634057,0.3065910375869393,-0.3480015681698834,0.26215895228710345,-0.47338181768241483,-0.0608721712685474,-0.5240005223507905,-0.2652384117400786,-0.08104385867024132,0.3723764974092064,-0.3145642415954985,0.06235716973602829,0.3014521219079119,0.1379023631198176,0.41498648961468154,0.13814243109479443,0.04700347500873201,-0.13543852544139942,-0.13307463585262586,0.2667532489568605,0.09962170695406257,1.6645472083759887,-0.18145240707048488,-0.08982203999832995,-0.5695914672600934,0.1369599168271333,-0.21303516795763727,1.1558131362593937,-0.5219588723150774,-0.26793694844806726
1.80041285563793,-1.1961929371140667,0.7534969890968467,0.022119623577146606,-0.03987640348125563,-0.430015546987681,0.9016691322470188,-0.21778842332724738,-0.007403287822506934,0.31157358453451967,-0.3260700393877362,0.263989037989027,-0.4674077534151324,-0.04325652133553408,-0.5543292071514533,-0.25534922476681166,-0.08530444994953741,0.326731320096566,-0.3198557449765161,0.07819500746424972,0.2730579811363282,0.12926626269177824,0.429850228741041,0.1313945803409317,0.04311709794532739,-0.13500822417744818,-0.17865014254663925,0.2902800954981406,0.09499302459361414,1.705894129514457,-0.1927118344468892,-0.05953241825739864,-0.5487506551668193,0.1598686237295793,-0.20229792194304827,1.1619969210058962,-0.5471207195157823,-0.2681959649709779
1.8110013180654652,-1.2116508549567888,0.7508622375986698,0.018729633416521358,-0.03860837313092324,-0.4382861646707983,0.8978105770230317,-0.1985888510587909,0.0026633172192057275,0.31683872173184646,-0.30364932513630344,0.2679062739984313,-0.4611049370015139,-0.030905782759951615,-0.5868240036886248,-0.24420718904538358,-0.09130611268651088,0.2817212081681985,-0.3247860427113799,0.09232893448524318,0.24283742311883721,0.12278804080604781,0.4415454264362698,0.12435973824257529,0.03917774227960586,-0.13493385877261874,-0.22481822103795868,0.31011019279566365,0.08880968073879698,1.741267534134896,-0.20237515800333733,-0.029222032330458676,-0.5252935026925776,0.17940127708504838,-0.19027412721836567,1.1668149530964185,-0.571462480262849,-0.2684646237545918
1.8216147663051423,-1.2269890283958287,0.7486100105706752,0.016249451280123,-0.038549590811184094,-0.4457721382199838,0.8941683762961926,-0.1804918582559765,0.009970193171333772,0.3227259381742502,-0.28072227066516703,0.274259675081415,-0.4532865026261952,-0.0252613903746953,-0.6223801128952231,-0.2340360456766648,-0.1003427773372949,0.23727576657876295,-0.32886183736438196,0.10486956764348919,0.2104617273524036,0.1202454674253363,0.44979799916156904,0.11727849734043262,0.03515450535058768,-0.1350798969977722,-0.271803534192562,0.3253954476969116,0.08151587549432178,1.770602056768399,-0.21017950251868817,0.000945760918883873,-0.4990098940008471,0.19470758566380428,-0.1771405359568293,1.1707581791716593,-0.5961092330706563,-0.2679507270939609
1.8324001236580736,-1.2421294914083147,0.7469590151910691,0.014640895504294498,-0.03942643226490153,-0.452722427722947,0.8906590840800621,-0.16307802024037274,0.01474735091176598,0.3293167185793368,-0.25690637287292134,0.28307159869384996,-0.44397763839186716,-0.026415793368932537,-0.6608521439748567,-0.22704086660954215,-0.11267933345029175,0.1921828654228956,-0.3322558973207234,0.11613693061092784,0.17720305125250116,0.12230396866982834,0.455842783233808,0.11060693052522723,0.030961271977291465,-0.1356164767681867,-0.3200457408832346,0.33578863593457337,0.07354233222416508,1.79408655995491,-0.2158264232096442,0.03061134153005739,-0.47013146449660664,0.20635379213561258,-0.16290403638805973,1.1729929155616723,-0.6205506269430024,-0.2674270965592137
1.843199652453953,-1.2571472631048164,0.7461150581270064,0.013644343843021026,-0.040846491850203274,-0.4595577514158146,0.8871031896562347,-0.14518617491442612,0.017857551161402235,0.33616303483101634,-0.23239047805244292,0.2942351492764932,-0.43403527527571084,-0.03271797670320562,-0.6987003814721484,-0.22304055609288867,-0.12690492171270304,0.14674481656888785,-0.3351400254171302,0.1266065960638511,0.14406297089503473,0.12776769407866342,0.4596583115363364,0.10483154674778927,0.02666245494619776,-0.13680048377225848,-0.3681722654308244,0.34255962489679403,0.0661202789822533,1.8107694087887323,-0.21996832144072562,0.057868123795962616,-0.4391170222171468,0.2155817707146868,-0.14721266819633635,1.1725018426831988,-0.6431996744832352,-0.2668808482988708
1.8538300341016398,-1.2717705741820462,0.7459134779145938,0.012991576156374734,-0.04235922254416253,-0.4667030602311938,0.8833035541563649,-0.1256207429702598,0.02035218316358985,0.34252967072464124,-0.2080299444370057,0.3070996753942224,-0.4247286873026114,-0.041944900964530525,-0.7302211097603729,-0.22031348566478443,-0.14064497046799176,0.10202374313853772,-0.338032461200889,0.13619265384205875,0.11129588350265592,0.13463031419420773,0.4601888269551185,0.10018670341666472,0.022420755634304686,-0.13878331693430904,-0.4146531119636069,0.34727889223190317,0.060590333301334905,1.8198064880104294,-0.22312264185568895,0.08061750815587021,-0.4068917649850923,0.22361431533858525,-0.12965417920252678,1.1688505725788954,-0.6631870252556111,-0.26654980729246897
1.864083020652868,-1.2862329496912417,0.7463037683622088,0.012570428177647147,-0.04385848721341612,-0.4742833858457298,0.8791892215817324,-0.10385186953240402,0.02286196439389589,0.3479719397793049,-0.18403855892240495,0.32155385815325677,-0.4172833179730079,-0.052972611460147055,-0.7496296492289641,-0.21630259215151293,-0.15247997798771845,0.058534689604727685,-0.34114888426407486,0.14521406836114575,0.07881833645836037,0.14058290626169773,0.4578688515739544,0.09709260216287309,0.018301445599545895,-0.14153154623391093,-0.4586428423827341,0.3507812374033736,0.057735718594926336,1.8202579985250522,-0.22423069539922538,0.09834746691807468,-0.3733485310161052,0.2308825197094477,-0.10990454529347794,1.1615584642321208,-0.6803008373074613,-0.26590984074442864
1.8746698156297201,-1.3012454675622998,0.7475584666130456,0.012505349357877997,-0.045563155889523414,-0.4820385550911186,0.874875103353897,-0.08062051487512352,0.025044394053909555,0.352743465803801,-0.15952827328522656,0.33743052750774527,-0.41205712132617417,-0.06614669731136949,-0.7561012243383675,-0.2110163755052979,-0.1630712642898709,0.016789443869799393,-0.34470453765847475,0.15348244448324386,0.04644390919459531,0.14499119486665882,0.4546601987323537,0.09557205703351887,0.014227319463078076,-0.1447990252964015,-0.49946268226884855,0.35221382958324365,0.057740752074532574,1.8117853187664414,-0.22206856754316895,0.11140578546853293,-0.3376663609485421,0.236381987794169,-0.0883965390188773,1.150736817456146,-0.6940911353566794,-0.26515707598910493
1.8850279031650885,-1.3160164261531824,0.7491682347449518,0.012891947570311892,-0.04737435674110712,-0.48990832113559074,0.8703903175548992,-0.056403298308775475,0.02665248198562812,0.35696907658415816,-0.13534478384124157,0.3539934095448,-0.4067455229485394,-0.08132592952390882,-0.7516588019189732,-0.204056887389021,-0.17230080882841484,-0.02356412259974519,-0.34866273498688816,0.1609928686106045,0.013942250187763966,0.14873251790651287,0.4478367722866149,0.09506163493851552,0.010173487208587283,-0.14847711854002216,-0.5379505276600033,0.35124467942073817,0.059865827397519805,1.7957894981466342,-0.21854313764597877,0.12099187654015835,-0.30129412330139976,0.2399482263923091,-0.0655825340501606,1.1378170185112313,-0.7060196507948377,-0.2643888053948738
1.8951201784221952,-1.3306716384050816,0.7512011893654125,0.013755924309583535,-0.04930720021678264,-0.49773049002323405,0.8658198044942164,-0.031776687479379395,0.027333212040897087,0.3610428305613836,-0.11058754605805719,0.37096241736211744,-0.399999283458221,-0.09806015925052439,-0.7402746573243564,-0.1960016274321834,-0.18032283131894053,-0.0609599552999619,-0.3528044212367225,0.16749416632545405,-0.018003356555451856,0.15305464305472516,0.4358459896563004,0.09520082154993541,0.006157485084337679,-0.15242652613018776,-0.5726948301748211,0.3474460791685259,0.06349775544815774,1.7719961507983737,-0.21485639229089534,0.12832099929166182,-0.26459856043895974,0.24128714383825606,-0.0421802729002797,1.1233374999236292,-0.7158007782294717,-0.2634709577852378
1.9052021150568403,-1.3456124987712776,0.7538515646164049,0.015100830575919266,-0.05129783820445664,-0.5055761987111625,0.8611232223138789,-0.006391852994040497,0.027218506990093937,0.36494792645927393,-0.0850076253582602,0.38809754051551115,-0.39216827086308487,-0.11570668984534244,-0.7252005461924053,-0.1871126184831263,-0.18727600066168013,-0.09389484737962318,-0.35708050750460074,0.17239314313471268,-0.04970927590914544,0.1592504632701069,0.4194440255027283,0.0958873615129506,0.0023414091592822888,-0.1566802232743466,-0.6029434652427365,0.34145355617426665,0.06949195747567205,1.73993088342796,-0.21018684314810032,0.13576658036566872,-0.22710922772198172,0.24029725653394016,-0.018088985713242134,1.1062412703954896,-0.7228681769640284,-0.26228659797145726
1.915409126654706,-1.3607070510572536,0.7569744670014722,0.016707999168773864,-0.05382989588235487,-0.5136136946839367,0.8561682998722783,0.020121421085224862,0.026320057633443614,0.3708870329044937,-0.059970637820150496,0.4051628749849003,-0.383828185195439,-0.1359396750167462,-0.701813008170965,-0.1735343944844925,-0.19575244759497523,-0.12392244721021599,-0.3617761305787391,0.17562543624617857,-0.08136477858307457,0.1701075868419739,0.3977010676239322,0.09840914476352673,-0.0012358426414071828,-0.1627872592219813,-0.6277582624429844,0.33371706463994827,0.07841003311798495,1.6997450303563821,-0.20385053089933894,0.14279015877135656,-0.18795650956299637,0.23692813744196256,0.007255318753328621,1.0868294681547765,-0.727682252719276,-0.26109492799195755
1.9259086671554884,-1.375988552448432,0.7604428402935955,0.01874907157278613,-0.056218663546707064,-0.5213135933695829,0.8513049227816518,0.04653669216740247,0.024852645639689825,0.37522372107004737,-0.03469825544302439,0.4215407237583934,-0.37478512673683934,-0.15497954300985967,-0.6776825567041007,-0.16107159533506774,-0.20183249182732502,-0.14936495067826364,-0.3668493444327724,0.17688651045510012,-0.11230629997960023,0.18209318261543012,0.3727656493753691,0.10190564430093554,-0.004632968703941541,-0.16805038973795997,-0.6490047445169362,0.32289427921844,0.0870176347921355,1.6523237057370523,-0.19688918577504955,0.14470532107694536,-0.1494540696866804,0.23108638323614494,0.0318976427764839,1.0666166839307214,-0.7295071216010172,-0.2599127553480363
1.936600215061154,-1.3917547545995201,0.7641351306212381,0.021194140031979496,-0.05866899302417726,-0.5284759874605418,0.8466533460416016,0.07185058754738084,0.022283116516542866,0.3783830382483904,-0.008151344928104261,0.43708105958792126,-0.3635545488465273,-0.1731635363368659,-0.6537394845011404,-0.149562902855307,-0.20601247282204396,-0.1703450376979664,-0.3724775155980599,0.17751403500935362,-0.1421457720267689,0.19335725838527876,0.34456675105948553,0.10650199498696238,-0.00792923694662765,-0.17234928146205533,-0.6657628277160288,0.30803369675226244,0.09333863716133918,1.5979437559386211,-0.1897848465471869,0.13867179418093992,-0.11195906971994307,0.22295250125437843,0.0553343180225974,1.0470759541683756,-0.7278341868456133,-0.2582605838117048
1.9476759310770189,-1.4076562981760266,0.7679548634798088,0.0238239720965346,-0.06161000124542713,-0.5350117005732654,0.8422583370616078,0.09579700126038254,0.018922802468245375,0.38263935297667656,0.018250379920145627,0.4509106331377296,-0.35021747232096123,-0.19108035609255963,-0.626233676393588,-0.1370443840050644,-0.21022775940138158,-0.18773714522431423,-0.37940316891680975,0.17659739502458138,-0.16964887537889642,0.20500398025968028,0.3090074717830138,0.11381412751518521,-0.011060481061101534,-0.17708119865071814,-0.676679877924981,0.2885611570359503,0.0969398713966153,1.5352329590211713,-0.1809239120208406,0.12249489199151595,-0.08077372571902465,0.21174810144580836,0.07127548345507874,1.042241323102148,-0.7069649331781558,-0.25558551232749316
1.959021786892602,-1.4237402748976973,0.7718768662559699,0.027371452660640356,-0.06413767170102179,-0.5409483858013581,0.8381598931868093,0.1188612960631236,0.014113579342677946,0.38314287344623,0.046122367319336235,0.463393713230395,-0.33486131226639254,-0.20594288905216002,-0.6065688211866033,-0.12881576846138085,-0.21104753352712388,-0.1991132918244664,-0.3870503687659287,0.1752207076166152,-0.1972937729056056,0.21164049775188973,0.2755497385084252,0.11940328798149971,-0.013975345179578815,-0.17937499023063277,-0.6838271222708058,0.2649086661895629,0.09866649930917207,1.4636366607666937,-0.17010899251925,0.0995168788014462,-0.048574999944352326,0.19867222993823985,0.09001091664250511,1.030639840144174,-0.6911674041082503,-0.25375066357828846
1.9704393012366013,-1.4403878169883733,0.7757600378251032,0.03074595117435086,-0.06673957327533288,-0.5465370107819139,0.8342048979063724,0.1407629175659862,0.009225449644060546,0.38375054848775925,0.07492003505790443,0.47471385682470263,-0.31787539712419893,-0.22083326219342408,-0.5834242845476021,-0.1185024941797563,-0.21116450336741416,-0.20636121104811864,-0.39534134192220893,0.17299164953797205,-0.22281929810242546,0.21656910555135625,0.2359336846710414,0.12710740571909424,-0.01664459565666179,-0.18153413712368097,-0.6861163651438835,0.2388832550536683,0.09665446632677441,1.3864126818252909,-0.15991969188289895,0.06957570355548134,-0.016607517151140203,0.1850449776413372,0.10821825230457288,1.0182819453468994,-0.6732075353178765,-0.251975927247415
1.9815978685390923,-1.4575559227438155,0.7794362453177512,0.03311794578129463,-0.06858027649257456,-0.5519373339793091,0.8304005820706306,0.16133067331216172,0.0064107402367730645,0.3823177985510332,0.10410510254318742,0.4845236660222791,-0.3001511500118822,-0.23277659347036664,-0.5650515792232613,-0.11028948527219172,-0.20896908883450563,-0.20969502300078324,-0.4039156900155399,0.17201208663601436,-0.24940895327615656,0.2169855513492888,0.20242322444232574,0.13185078331391537,-0.019131797416252743,-0.18203759091929617,-0.6862154303913596,0.21381727468826794,0.08921949595074045,1.3087790761177809,-0.15416130054949412,0.03723846839947252,0.013386513143222544,0.17339925901517836,0.12442152590243358,1.0070139816290173,-0.6503729304497655,-0.25031854532816467
1.9927158327612169,-1.4755694631308913,0.7828685398013012,0.03448170510454081,-0.07024583537689114,-0.5571068769802041,0.8267457059136443,0.18053559012797765,0.0050452368456779875,0.38030663211406146,0.1343265798770001,0.49257994116386616,-0.2816766032740009,-0.2428759617781243,-0.5451857398802729,-0.1012004365952661,-0.2053073794988957,-0.20826115860916283,-0.41288331305192105,0.1714695714725061,-0.2757342051929946,0.21318990318499298,0.16965778549838453,0.1352785538068968,-0.021323032464334327,-0.18164294046087284,-0.68285014677489,0.1884727618058897,0.07437251331216731,1.2300708129977167,-0.1507090401048506,-0.00027401649068193104,0.04263780089709397,0.16295358755455439,0.13767647496210655,0.997429473040221,-0.621427963694703,-0.24897015455804133
2.0036862129627897,-1.4940254776267599,0.7858141283483072,0.03510730906706106,-0.07169265690832603,-0.5619915425100879,0.8232819358777571,0.19845455370239432,0.0048091267753460004,0.3774132760957689,0.1647784039513515,0.4987792879086342,-0.26251647977010956,-0.2507932230604985,-0.5240940507236952,-0.09160138589215278,-0.20009272812222736,-0.20222264075129273,-0.42235902481883614,0.17122270090465397,-0.3019857292759928,0.2047353885036097,0.1380860831251945,0.1368798335631728,-0.023200100970886657,-0.1802870997329898,-0.676101306678342,0.16324320602969628,0.052733420736171314,1.1491942203116574,-0.14941503555234137,-0.042082802337162876,0.07064955551496095,0.15348366230395794,0.14823966016533127,0.9898965760209075,-0.5873485639535861,-0.24778226333322698
2.0142008249630647,-1.5129692931255272,0.7882015237742522,0.03470435811109357,-0.07256814589160626,-0.5667786640933379,0.8199337885820556,0.21479492305374606,0.006565738164178435,0.3739121245984255,0.19449368553611457,0.5034876111953803,-0.24317981283178158,-0.2570034279893106,-0.5025679210697654,-0.08074657741565595,-0.19400140898177878,-0.1929363578834002,-0.43204237974079324,0.17193631526672173,-0.3285701105835733,0.19198527996446413,0.10853251688864252,0.1372371358358614,-0.024812835273861106,-0.17845154959745146,-0.6670276758755472,0.14203734537953405,0.027803237096348358,1.0703643491007102,-0.15395012048248996,-0.08379380901812589,0.09685018731636273,0.14651721084625013,0.15731429542002331,0.9842816634486897,-0.5483046551482214,-0.24620871793924062
2.024157774158288,-1.532314017597126,0.7899005325336647,0.03306226100246328,-0.07258463664581313,-0.5716877824350476,0.8165852293759045,0.2293418657722245,0.010917196734400458,0.3701916417730732,0.22107772088669628,0.5068438662376148,-0.22476975438371075,-0.26100159199912115,-0.48652493748113673,-0.07067222004233245,-0.18849529086144276,-0.1826792234813235,-0.4414139218238619,0.17426940206482697,-0.3565281039838046,0.1797162300765095,0.0848551877754873,0.13702806909248805,-0.026144906105610106,-0.17683808024256417,-0.657887575797265,0.1284299909000644,0.004952667057896894,1.000138321272185,-0.16697838532285453,-0.11916537227267016,0.12026652204828048,0.14327346117199644,0.16617830247499235,0.9812648367394452,-0.5055157678471173,-0.24432691787550925
2.033242121044824,-1.551696544999846,0.7907295209377716,0.029941027332059923,-0.07150624838083854,-0.5767645854886752,0.8132238340400976,0.24198727143609794,0.018258458449656352,0.36629933748518506,0.24475831722283928,0.5078108782396032,-0.20660988618055104,-0.26428746893296534,-0.4698944707600706,-0.05852563829189944,-0.18237748363828038,-0.17277500749370553,-0.45081000989499753,0.1780165026610851,-0.3843011551753613,0.16461871455001184,0.06318455515452026,0.1367416046902305,-0.027286584362478036,-0.17582448939901288,-0.6503655376746376,0.12279224548213805,-0.01619273478100459,0.9411882009755826,-0.1887618011510101,-0.15394236692872298,0.14051076962551987,0.14471698520513038,0.174737005734471,0.9806483364275357,-0.45708879468606844,-0.24287859431200398
2.042245765483078,-1.5709506345028263,0.7908517578684955,0.026724240679662597,-0.07016557263152136,-0.5817657008662503,0.8098834957405833,0.2526094108669221,0.02586320598391671,0.3621731923008854,0.26541058819921615,0.5060799428762672,-0.18952488230803502,-0.26567176302216555,-0.45393911003002296,-0.04498066578896741,-0.1760294077010201,-0.16237844894542555,-0.4606092350850417,0.18313121655237602,-0.41230296858631,0.1472421906567246,0.044442804489950916,0.1360992291920486,-0.028180837855751602,-0.1750986772193905,-0.6431692179144065,0.12033532604398806,-0.0336932773886188,0.8901380611019228,-0.2156310731799392,-0.18648596511437288,0.1569255066509349,0.14549834503984022,0.18343718344445067,0.9842415702821695,-0.40588577037921986,-0.22507590983944253
2.051347510258194,-1.5898221183997894,0.7902582168521113,0.023909439111047624,-0.06877854961411804,-0.5865269243285179,0.8066498725420486,0.26059179516884134,0.03277755592141472,0.35759471888999866,0.2816090345916599,0.5024682035148988,-0.17490276960296053,-0.2647747871514889,-0.4395103597977903,-0.0304710178772813,-0.16979575653950973,-0.1514431506937166,-0.4701216314245986,0.18916004227641076,-0.4396397694136418,0.12747738755645072,0.028031198429611267,0.13505908961782,-0.028767510092471013,-0.17429758701306097,-0.6363232677036166,0.11986865268663383,-0.0455527700538309,0.8471945284939149,-0.24668736124363871,-0.21352143275596344,0.16963374505467557,0.14560566695818158,0.19348478887295867,0.9922490091656394,-0.35459352446601344,-0.19456342557404283
2.060387356050941,-1.6084837350796777,0.7888665936513022,0.02149854689152948,-0.06742584615234093,-0.5909256959161029,0.8036158221801409,0.265403536071117,0.038931371188193044,0.3527214707146657,0.29194050305385666,0.49824762725875565,-0.1638513515502461,-0.2616482494817562,-0.4272457530426822,-0.01535827253237276,-0.16385592286129239,-0.13962702857649695,-0.4784112657721363,0.1955624275686094,-0.4654325760721069,0.1050457343518366,0.012124459028915492,0.1342012699043832,-0.028966812985797966,-0.17325473033333968,-0.6300131926415942,0.1215175469554455,-0.05034918029261075,0.8144055450156878,-0.28100612701666383,-0.23105408602114164,0.1794965310304873,0.14616651678030865,0.20484063075794534,1.0041394414506382,-0.3049316008939547,-0.16078619759480228
2.0692751141108694,-1.6269862049227801,0.7873749674926946,0.01917058384294279,-0.06625565057253417,-0.5945789782495386,0.801073352512781,0.2659086497207586,0.044575649520615525,0.3486028900352047,0.29462775889283777,0.4938088765634483,-0.15723076651887313,-0.2540761474413055,-0.42075711592418535,-0.003643264252358328,-0.15986108358676912,-0.12748862063154898,-0.48442480979937225,0.20221589104162396,-0.4887559888887549,0.0884616759100973,-0.0008142883083150504,0.13448233832108317,-0.02859554174377317,-0.17260577699680338,-0.6236558312596078,0.12565834306250434,-0.045698188335712826,0.793030625734773,-0.3158347204084474,-0.2328016991039438,0.18572642125475655,0.14777613807322912,0.2165773692371878,1.0271886171608002,-0.27118830981047365,-0.12828399213543742
2.0780189272169527,-1.6452379409615714,0.7856631614874654,0.01701121645721487,-0.06503632497303881,-0.5981146894051402,0.7985860712950361,0.26402383350769426,0.04966690855510348,0.3447006907483874,0.29119651136670766,0.48859290514135667,-0.15433267673961445,-0.24450322529059831,-0.4147385663930311,0.008134561377357881,-0.15553194701484027,-0.11410683892403968,-0.489270102981233,0.2086945603779051,-0.5105501725423507,0.06756477379473072,-0.012756514070381818,0.1354162998418012,-0.027762027888778795,-0.17225417504562682,-0.6175784473521633,0.133027057232517,-0.0320375651213836,0.7837919493851274,-0.35426990323330065,-0.22424208753048788,0.18965229472400474,0.15267020346269178,0.23453360513698152,1.0507302026366792,-0.2294924667370437,-0.08707391963114869
2.086845704016187,-1.663422337792618,0.7835547435116876,0.015396475298066474,-0.06403253115957665,-0.6013697040151453,0.796252009475914,0.2593631963104325,0.05328749514719019,0.3412945406348542,0.2824678372641036,0.4836336811920727,-0.15466179864149918,-0.23371190411575077,-0.4102959819455933,0.018943220687367666,-0.15118991989406666,-0.10027990311483174,-0.49284112724902435,0.2152186880782816,-0.5305892040211161,0.04356312201633506,-0.024258895840573776,0.1374694602473594,-0.02659848543637558,-0.17200583098729544,-0.6117270134791752,0.14039420779440073,-0.016012774182449757,0.7838870056154229,-0.38945660187075465,-0.21335478296027321,0.1911759195466161,0.15767046614483332,0.2525674360829485,1.0776581969192283,-0.18960182745472723,-0.043604855521870343
2.0959793442205945,-1.6816679252737414,0.7809658612261119,0.01490386947775749,-0.06352881465759737,-0.604315994906974,0.794068097005783,0.2520154959347365,0.05413904473402442,0.3386871195805408,0.2690843677573301,0.47958984527969056,-0.15764116882869844,-0.2227323442739097,-0.40864682560306176,0.0286168125536621,-0.1473380145261549,-0.08645992715194956,-0.49531015644595866,0.2218397518059376,-0.5483469406491975,0.017831400886023353,-0.03607583071207634,0.14094720415326017,-0.025179570053963277,-0.17169429364050742,-0.6056106063165095,0.14411240373574824,-0.004608054888818982,0.7887498693843962,-0.41380002672133054,-0.20993859104445955,0.1892107073977517,0.15820138551894927,0.26373178836649813,1.109302096963149,-0.15689592679034892,-0.004002699201278943
2.1052049116739053,-1.699176428241224,0.7782274154767024,0.015995891521090034,-0.0634781716673117,-0.6069366238994431,0.7920496119219852,0.2420267146482276,0.051402340238515046,0.3366363112843197,0.24972961446008501,0.4766692224490342,-0.16395754659002104,-0.21123878368309043,-0.4106266927319695,0.03749497418641667,-0.1440708552975005,-0.0734850952463852,-0.4963366553228971,0.2285378963643532,-0.5626428999614077,-0.010215407546586367,-0.04724800922076699,0.1454417339122451,-0.023462811013197724,-0.17135980808127593,-0.5986718614304583,0.14191457511883449,-0.0019623174122194685,0.7946693890307074,-0.4219425415030611,-0.22005928558399393,0.18195381536304964,0.1511417507842733,0.26381482698917685,1.1466652974567693,-0.13506367256760568,0.030007157837661884
2.114552379953143,-1.715811099279659,0.775441171219791,0.018444004636089077,-0.06408449836299061,-0.6091490620152177,0.7902470601074888,0.229594785051472,0.0451884200542308,0.3359635904672585,0.2234075178685644,0.47537616978601044,-0.17518932733755188,-0.1992287657971498,-0.4193294843803246,0.046417522465999006,-0.13927369007168036,-0.06097296235354583,-0.4960125306755454,0.23420033073943966,-0.573164013115615,-0.05626205962684292,-0.05934040416691937,0.1538268631450838,-0.021483668362657884,-0.171483723431745,-0.5902064349429583,0.13402865962424243,-0.005916312563864555,0.8023989045508795,-0.4154063197319032,-0.2411581819889694,0.1699459588494703,0.13666313775915828,0.25429058428895324,1.1898806337581442,-0.12281708851274023,0.06096554458758628
2.1241787103838248,-1.7324207139779917,0.7770111161288289,0.021447137518938984,-0.06617984121515265,-0.6109983755759353,0.7885691053753946,0.21406481225742546,0.03593439729576911,0.33998231342258645,0.1900830412044678,0.4737531186526733,-0.19103442782395477,-0.18183604458154895,-0.43214410737504694,0.05804184564743415,-0.1392128394592243,-0.04924765775624133,-0.49435861837618905,0.24075074575571154,-0.5787716704293812,-0.0917827415788261,-0.06002944769802494,0.16618426192333163,-0.018690884834193625,-0.17344146794988793,-0.5845450734966804,0.1207170233053313,-0.015773665172755337,0.8209787441974082,-0.3831555363061092,-0.263126367172608,0.15675242417338955,0.1145356583783305,0.23702463675895988,1.2338092843319888,-0.11893602312336983,0.07879370927402775
2.1346681729900734,-1.7493738249685686,0.7770350672917423,0.025173961820149172,-0.06868866267207141,-0.6123294755774206,0.7872107421813311,0.19654453206503888,0.024643492714738053,0.34267545725141546,0.15792340185336043,0.47444901786302396,-0.20460051842024013,-0.17081210505782485,-0.4474578777388907,0.06278452760945606,-0.14014509239909007,-0.03606733493152827,-0.492180369054832,0.24380559972558744,-0.5839746125886592,-0.12010583182354821,-0.06600053555912047,0.17879625664784238,-0.016028577043752927,-0.17392466203004864,-0.5737095601252404,0.10480112695539147,-0.01767679348295091,0.8371951496869579,-0.3645248567029388,-0.27072612327522827,0.13807092077830313,0.08759437507923568,0.21515465749188176,1.286777768947003,-0.12106841930348598,0.08655868621098808
2.1452777109221595,-1.7662714825248238,0.7757426040462309,0.029000641714048824,-0.07180079853477472,-0.6135809811306155,0.7858256725920415,0.17780769531276241,0.011864261891389718,0.345309385542326,0.12353188610810525,0.4774784163762391,-0.21727602742838972,-0.16179358722258938,-0.46997287316319813,0.060045178775143426,-0.14140630634737109,-0.02286918182827542,-0.4891405230084357,0.24408154399088253,-0.5838298032627254,-0.14787993887369558,-0.07859978182105182,0.1965201296301056,-0.013305199862581685,-0.173356309354368,-0.5653934010566911,0.08922590007644694,-0.014305215813505034,0.8620043310380862,-0.3542480744536309,-0.27063393985007184,0.114398497212167,0.05358023209657169,0.1868175581008167,1.347468421621384,-0.13090829480769192,0.07639719858584196
2.155807090260374,-1.7832777637288255,0.7730670979139141,0.033022068143550756,-0.07508210800434346,-0.6148137471665547,0.7843954846683957,0.15777040449174423,-0.0019970969953892904,0.3467589157301476,0.08782999996204854,0.4823783129955531,-0.22892169709862698,-0.15474470562597914,-0.49314511425885277,0.05201918292892989,-0.14299277461480162,-0.008009975960962238,-0.48553956611434806,0.24299082023223678,-0.5803500058866218,-0.16561420530816773,-0.09486569562497417,0.2141143854557403,-0.010298056238003233,-0.17126264621467185,-0.5601698251664682,0.07502816219389143,-0.007786160835263909,0.895462613186086,-0.3536003102286067,-0.2697953662505913,0.08620599895898684,0.011632883210302356,0.15302296174522037,1.414299235088627,-0.14929112132061034,0.049876254960432236
2.166127889387514,-1.8001897374174316,0.7692958857037316,0.03721458027114378,-0.07787174374153048,-0.61580266071735,0.7831590831978706,0.13626831821801175,-0.015991385605548566,0.34633555200306704,0.05034224494777903,0.4883953861101261,-0.24042535468276766,-0.14866702861246373,-0.5177575816129482,0.040172603996905074,-0.14471952520961706,0.009962261195592674,-0.48167904576618475,0.23971323346321727,-0.5746906906022939,-0.17471765908018222,-0.1122060948093763,0.2308033018809589,-0.0069295192601378985,-0.16767095916033853,-0.551319489425442,0.06406412398034148,0.0025777072205835187,0.9222951591924166,-0.3271359637444877,-0.2633310557380046,0.05401358058542018,-0.032654791910393874,0.1212224643618623,1.4830424024884088,-0.17108358111210592,0.015518390522276678
2.176094907622567,-1.81634603186986,0.7655191502632982,0.04188840388995897,-0.08061130485849559,-0.6162421769999343,0.7822996602549085,0.11302405828833985,-0.03143380320847756,0.3469247900781279,0.008544811573651057,0.49533897337472427,-0.2522745195844463,-0.14193195234907147,-0.5435633013062228,0.026242318367896134,-0.14634335984559266,0.029518910213766566,-0.4769132365012385,0.23411187088705773,-0.5670350496401506,-0.17303642901841326,-0.12604518471038814,0.2445567784569102,-0.003004164923532419,-0.1646753006807336,-0.5472204311051178,0.051899895697816306,0.0113607186806341,0.956531845871778,-0.3504744909655506,-0.2646568480428508,0.0186293057658347,-0.07347167666135354,0.0988018414422627,1.5495260794525447,-0.1907091537834456,-0.016818516461894202
2.185296503687742,-1.832291140985326,0.7618245410145302,0.046976108746291594,-0.08278248389770654,-0.6158852921610676,0.7820649669090541,0.08734562289898289,-0.04730053725540406,0.3470873234818239,-0.036288210406181694,0.5037471334717802,-0.26458163104728677,-0.1354748406206619,-0.5708950821731866,0.013558512872971934,-0.14848094864997227,0.05205240253943129,-0.4711664787796226,0.22658294037912147,-0.5578528307077713,-0.15665882794434247,-0.13738234873252328,0.2555155315890776,0.0013355495870066008,-0.1613509020251875,-0.5415482436216696,0.039761621860857334,0.02020017652465724,0.9842535216146295,-0.37824616511896586,-0.26538610170960875,-0.021097711538931283,-0.10629341860686534,0.08756167956507997,1.6129074537407047,-0.20530202626255192,-0.04335806701912716
2.194206026476773,-1.8480174191316834,0.7583959722073749,0.052982110927916035,-0.08502694839372499,-0.6147289628775863,0.7823500598631796,0.059165743822578866,-0.06497957398479241,0.34649782725413797,-0.08431432615967505,0.513240430646811,-0.2781029175370544,-0.12944798593962475,-0.5997890553903988,0.0027454320562965502,-0.1515731067731094,0.07711129920255584,-0.4645464915141136,0.21665044245932338,-0.546308659121591,-0.12648533551946678,-0.14634256582818336,0.2634211146053872,0.006053109382868591,-0.15746153159629744,-0.534681908087245,0.025236973937721847,0.031131822324002117,1.0072416820331151,-0.4095584932975392,-0.25614149138870534,-0.0653733430103513,-0.13467395804079316,0.08512008265984856,1.6749723874342557,-0.21821136375107286,-0.06731938392094883
2.2024604201160085,-1.8634716413154162,0.7553474354298619,0.05883199233439176,-0.0868375194917191,-0.6134788130986886,0.7827143717637465,0.030004769376242846,-0.08223032418206445,0.3449744907957122,-0.13428536954245235,0.5226459320239694,-0.2913860443831686,-0.12389745930701819,-0.6286406293721823,-0.0069614208805903795,-0.15465539371246972,0.10327933440881104,-0.4572147822133887,0.20540634451033252,-0.5329516908416357,-0.08627951165157446,-0.15035941993378385,0.2666152201062922,0.01101377900573839,-0.15347868004031298,-0.5263639846973587,0.01125781002871112,0.0418865494480049,1.0262091907943292,-0.4417072845601909,-0.24414363882632323,-0.11336349902420513,-0.156796920445946,0.08977652676455056,1.7338448310642929,-0.22953095080024977,-0.08798564047609365
2.209822272784886,-1.8788330042535364,0.7526993587520844,0.06368082821644026,-0.08790802912147673,-0.6128033626103602,0.7827445108763664,0.0012709745684131633,-0.09723068226254133,0.3427274565331491,-0.18384459055990648,0.5309947119661486,-0.30227515227536333,-0.11933320046040659,-0.6550561941243163,-0.01621878916032219,-0.15668727989420708,0.12945981961818548,-0.449679184373379,0.1947856859514778,-0.5194414645258133,-0.04043311439382446,-0.14700681640188945,0.2635297426424062,0.01598302153950532,-0.1499251106277386,-0.5158993487637669,0.00018931137891448242,0.050917734180335995,1.0416948056923658,-0.472157281793078,-0.23403583116030258,-0.16324361747237306,-0.17127401701968012,0.10015868166844062,1.7867058681736327,-0.23878431239904127,-0.10195521865412838
2.2165787964954893,-1.894126333386118,0.7503516994696653,0.06735618811398472,-0.0880810533696056,-0.612951787670792,0.7823010788380873,-0.026858036039737836,-0.10930919124838773,0.34020539031689184,-0.23234863294275318,0.53816543483697,-0.3096873850473752,-0.11637984847652735,-0.6780090702327803,-0.026461995825122587,-0.15800585704458234,0.1555709081078288,-0.4426427275838821,0.18524271812643747,-0.5070739824811136,0.011993896626727603,-0.13575628069297496,0.2530433170554447,0.02086121871125701,-0.14717721378577547,-0.503139561561951,-0.0070506619492922635,0.0580011564314039,1.054148382725073,-0.5013927626528188,-0.22846993072221403,-0.21493389966126872,-0.17584430936203094,0.11720963580212472,1.8328489875642617,-0.24469943414503986,-0.10619468087723143
2.222740709484107,-1.909612102083198,0.7485900628461593,0.07012210253859148,-0.08754364025357692,-0.6136043217993491,0.7816065110116991,-0.05515776234850874,-0.11889121371452824,0.33784678582472405,-0.28057445326138775,0.5445975160568446,-0.3143606417509126,-0.11459663135046752,-0.6978595769629529,-0.036939793178998113,-0.15952260389536874,0.18212392424482096,-0.4361720544688346,0.17718360665797503,-0.49551006344252074,0.07197924935551733,-0.11741142886676256,0.2365125972714418,0.025690631020207758,-0.14515405123117484,-0.4879210612279944,-0.011228249903222607,0.06366489558365954,1.0631736864431953,-0.5301864379751996,-0.2257560725868403,-0.26817708741594787,-0.17061281374173368,0.13972498430407998,1.8725792507274495,-0.24739143147477988,-0.10107587010619806
2.228448330076538,-1.9253708373065521,0.7473454477533793,0.07206633456324134,-0.0865635132945387,-0.6145312961797018,0.7808101482463081,-0.08353130184565832,-0.12626474081316144,0.3354837790654255,-0.328122752309294,0.5498056707416035,-0.3171871691517399,-0.11381703740492378,-0.7142319028455971,-0.046743723392097244,-0.16009609491806714,0.20937832486240077,-0.43020611053981833,0.17033160840634448,-0.484354705235126,0.13237184219598822,-0.09352013838529431,0.21507695279908393,0.030499076727451686,-0.14350045670920283,-0.47015768899740695,-0.013161570888423797,0.0679065599082145,1.0686926542064055,-0.5575817255663463,-0.22495430346661638,-0.321473301658251,-0.159560816321867,0.16275450512803916,1.9055343468687853,-0.24828337920581,-0.0922391184670383
2.23360005540561,-1.9417950282927579,0.7466750854603055,0.07313273964132251,-0.08562210621647816,-0.6154255972984203,0.7801101149898595,-0.11217146111303154,-0.1318675081019461,0.3338834367137994,-0.3744755491961362,0.5537547995896478,-0.31944635696855017,-0.11437348911809234,-0.7233454491839721,-0.05221162540241113,-0.15868977034883397,0.2364678617544916,-0.42500018102051157,0.16402924958847012,-0.47126875418966946,0.17126588313905244,-0.07049668669791613,0.19666694738201146,0.03529612665838956,-0.14233274062961848,-0.4491306867677016,-0.013875557979374184,0.07049627086031382,1.0703202634226014,-0.5817853208433199,-0.22414696101202425,-0.37251778140746217,-0.1479447545499629,0.18056210754626148,1.9305801649038652,-0.248456448306632,-0.08506565702607534
2.2381291646505366,-1.9584781913891185,0.746745106270151,0.07351898887116869,-0.08455418111743078,-0.6165430794666081,0.7793075002158992,-0.13971518373220218,-0.1357547640544728,0.33196090136766876,-0.4204950437438263,0.5561903778766637,-0.32279726139741327,-0.11403700428478718,-0.729293257162279,-0.05546261849316365,-0.15553252648639943,0.26533349442957793,-0.4197162035947806,0.15778720819183706,-0.459252235827397,0.1998299921163767,-0.04470407622006148,0.17337664089192625,0.040026357768670785,-0.14088325096859405,-0.4249980488453101,-0.013222023734072167,0.07224572085025892,1.067587548207814,-0.6038685789939152,-0.2228671990853273,-0.4226804271372459,-0.13638944498801278,0.19345738279765862,1.9476884253745412,-0.24760012952889698,-0.07861066550206548
2.2420210949329165,-1.9751632248837572,0.747304475525475,0.07327531168510759,-0.08321357014650675,-0.6178353521471961,0.7784508385749696,-0.16669497697532693,-0.13788259702073685,0.32968254740197733,-0.4669183906459005,0.557326586658706,-0.3271706456666722,-0.11299270974724522,-0.7310114359739671,-0.056472314061825984,-0.15056125217882987,0.29574792554965773,-0.4149545924561874,0.15137412685806648,-0.4482320656820491,0.2144730354796946,-0.01869080025191644,0.1455590207057021,0.044732705659762506,-0.13925336225789342,-0.3983874397885872,-0.0109476083664679,0.07299909704852392,1.0608889686907523,-0.6243205616557034,-0.22222102297379562,-0.472518710297887,-0.12370104979267828,0.2026978995404971,1.9572561872221257,-0.24522923440570044,-0.07108833306427996
2.245319957709629,-1.991981336921639,0.7484685335678705,0.07242917651039585,-0.08169163372105236,-0.6190181732228336,0.7777512408153894,-0.19383766305464428,-0.13864224764512376,0.32754362675121196,-0.5108740377942362,0.5566788035580561,-0.3309248221395502,-0.11289271613897577,-0.7290784779742435,-0.055156310226798975,-0.14314359352893272,0.32663268135958795,-0.4108646629469304,0.1443830782313097,-0.43728233321096766,0.21592642498450393,0.006057066594636572,0.1155798122078447,0.04925229399142518,-0.13793781270631952,-0.36964318218979864,-0.007244349180389521,0.07259795803711423,1.050312125541013,-0.6420879352843378,-0.22252834860836793,-0.5207965631828989,-0.111357071585947,0.20692544210146296,1.9589668822631365,-0.24178022589026665,-0.06481092758864683
2.247741422424082,-2.0087885911088126,0.7499874400836715,0.07108603585654481,-0.0798977632061326,-0.6197888888112867,0.7774476549883791,-0.22187134709686568,-0.13824739665407054,0.3253682014548653,-0.5515780411537489,0.5544875528183074,-0.33353540770553575,-0.1138802976941507,-0.7244210738436623,-0.05146620804793846,-0.1329737987449504,0.3563261501001757,-0.4071636372271568,0.13659076402228987,-0.42543915197177756,0.2071140875529887,0.02755137525073361,0.08620370462354783,0.053432634178436356,-0.13721261192815165,-0.3398777444466931,-0.0020657135698271844,0.0709269395780439,1.0364829128172,-0.6568916785190109,-0.2235014755435684,-0.5668989655358792,-0.10101007724741828,0.20446151355881456,1.9532247142596466,-0.23760928370569556,-0.062349292876975035
2.249241713341329,-2.0258803219856607,0.7519796092686893,0.06904168372277143,-0.0777620952670288,-0.6199999034761963,0.7776801541365921,-0.2511642561605512,-0.13658303878190514,0.32347266304333555,-0.5881874522336024,0.5506242097385264,-0.3347268519292722,-0.11602566086807135,-0.7179286218122138,-0.04604726778880391,-0.12055802517019841,0.3847495130571834,-0.4031276269837281,0.12729972503650747,-0.41183528926035523,0.18845851640182829,0.045202831923608064,0.0585625231088399,0.05723238589300694,-0.13743000105208023,-0.3085022711547241,0.005112595788280307,0.0679255661925978,1.018316962919597,-0.6687620274150062,-0.22497147806062676,-0.6102276308352614,-0.09380213000417494,0.19326759288844456,1.9392968308997185,-0.23097268998165887,-0.06583491422110854
2.2502381526123094,-2.0430011655979845,0.7544564141077849,0.06632183260139068,-0.07530069449306165,-0.6198062761363304,0.7783131760360164,-0.2811915575273307,-0.13374505470397358,0.32184599195566166,-0.621485030343495,0.5445997255267582,-0.33542876270584365,-0.11867007581040574,-0.7100519174645554,-0.03934261625764403,-0.10642675399506084,0.4118505322752358,-0.3986698888451853,0.11584332057286316,-0.39651404090584585,0.1596658497363093,0.059026131398887016,0.031858245717884454,0.06071840016432567,-0.1384448836193223,-0.2755395576785609,0.014104423240308389,0.06385991653843709,0.9960746846883237,-0.6781052356623338,-0.22749335448906155,-0.6509577597733766,-0.08942506928806666,0.17457079194037234,1.91730097752988,-0.22159317595950265,-0.074441197672865
2.2508245675719176,-2.060613367951406,0.7576148838085642,0.06344705096999462,-0.07296388628666178,-0.6194932191804988,0.7790243220917695,-0.31109655673954123,-0.13099972047895164,0.3201005009739029,-0.6499629243893021,0.5378208894657645,-0.33468942613741254,-0.12304343743119096,-0.7041154848701087,-0.03391918912084643,-0.09595912889148368,0.4371790362689863,-0.3944610928204507,0.10313157136107168,-0.3793845775237232,0.13729706699595218,0.0689809065401842,0.015603411748453314,0.06390497582452626,-0.13954358925880306,-0.24146962334866748,0.023510207911570685,0.059205305715304066,0.9714207877969299,-0.6825497670282399,-0.23013448815713528,-0.6874822147742844,-0.08642892997094831,0.15281899826715245,1.8879927157465421,-0.2121713519962057,-0.08281551999866718
2.251129948820363,-2.0785304658377703,0.7612956927734668,0.06019242332152914,-0.07041401533758937,-0.6190564699099819,0.7798639789612749,-0.3391238450216871,-0.126667803077447,0.31904656815615,-0.6777265131369868,0.5285179610529955,-0.33982286707540643,-0.12663674798287278,-0.692884084660542,-0.024213850546274854,-0.07715479158525429,0.4626631946877976,-0.38990657801841205,0.08758978781550987,-0.3627822101532901,0.09643786550542434,0.0790901990060639,-0.007773780020345091,0.06696071841738789,-0.14126794925048086,-0.20744060125593267,0.0340070824872175,0.05328945095493109,0.9461423376346103,-0.6820376136986755,-0.23479557895780212,-0.7190947280822984,-0.08519316450998979,0.12770146298549437,1.8516108931449404,-0.20252582660534374,-0.09520893041132374
2.251235084554706,-2.0968584630334797,0.7654493807392387,0.05753507120669067,-0.06849880266912951,-0.6188307766650133,0.7804140564253782,-0.36617420228645375,-0.12433008745073387,0.3172283419086967,-0.7001061728147698,0.5200357818367654,-0.34377472424175975,-0.13308282517182585,-0.6856894999198062,-0.017550045469561033,-0.06352160217118308,0.48496425025911544,-0.3864510072816215,0.07212358567466821,-0.3449075673628644,0.07317143284856997,0.08784978337831564,-0.01907818848563606,0.06967131799964262,-0.14231046378939372,-0.1769511868795439,0.043257226165527365,0.04686896482628153,0.9289728360416485,-0.6680706165014518,-0.24151753677536245,-0.7456036980081012,-0.08372811021521454,0.10533442708991016,1.8094203524965111,-0.19460661031578508,-0.10451477534556662
2.2510691544544854,-2.115234018957549,0.7698462334044543,0.054687324582510556,-0.06623740803253647,-0.6183553655302841,0.7811904660369628,-0.39247034316967727,-0.12081670402977228,0.3151320356149561,-0.7194958527628725,0.5100978923160896,-0.3505655478709544,-0.1404967311629415,-0.6777175308669098,-0.009476111652003528,-0.047212107017432614,0.5061440339231041,-0.3825136878877785,0.0538848092217233,-0.3268871546746166,0.04961022810908375,0.09613482196340431,-0.027400148612634914,0.07215881419542006,-0.14335556538272745,-0.14550599203368839,0.05333915074487928,0.03883228778768356,0.9077682173635023,-0.6514216662943917,-0.24957144635128697,-0.7674537354700105,-0.08315809829098768,0.07994463296385028,1.7601275263310796,-0.18649750342780735,-0.11729592804117316
2.250741947956672,-2.134058351549521,0.7745268778832226,0.05182537100019918,-0.06410715206034812,-0.6180638181541517,0.7817937839763852,-0.41690771526472803,-0.11734875588984693,0.3131907502336279,-0.7345998990733023,0.4992424428301723,-0.35908866548838114,-0.1496164805285684,-0.6682415857061726,-0.0012570711238557193,-0.028464770536734726,0.5260120535812266,-0.3785693960879854,0.03423843050993661,-0.3082932375453396,0.027266598603595912,0.10438561429795253,-0.032665455202287766,0.07425378627289292,-0.1443813224461679,-0.11430305791109045,0.06328924324848237,0.02974586195450077,0.8866547348237486,-0.6299929745991155,-0.2568380155644449,-0.7838969097535076,-0.0827111376834411,0.054200739868526415,1.7048698998501726,-0.179286993539155,-0.13010364119979384
2.2503433457101236,-2.1531608567457705,0.7793652123158946,0.04914843875876224,-0.06234193713318287,-0.6182667401475989,0.7819489445413428,-0.43842180007553994,-0.11449405772030193,0.31143386331988165,-0.745324027952793,0.48741990224659726,-0.3686353000198063,-0.15988580685140827,-0.6555895504572901,0.006030671050505315,-0.0077324090204770515,0.5440200900603118,-0.3746099841960121,0.014313046268361537,-0.2889225999337217,0.007436280585219545,0.11245244333025775,-0.035749183375669125,0.07596560497949213,-0.14540929716735077,-0.08450131514993243,0.07179917617791583,0.01979121122332314,0.8682313139044281,-0.6029107444875728,-0.2585713327157518,-0.7953576873216587,-0.08168931043302712,0.030180689302425547,1.6453053133004487,-0.17400058876375973,-0.14105694324098833
2.2499756935524537,-2.1726671328052833,0.7841646373215,0.04679502811289535,-0.06113206317468249,-0.6190133801796627,0.7815980625324427,-0.4568250840810366,-0.1128466390566434,0.30962123109342055,-0.7512301201100109,0.4749435166108193,-0.379242584656136,-0.17186800098896285,-0.6375304668316002,0.01130898240220027,0.014928802532333214,0.5603017209576516,-0.37066921832528243,-0.0053545011003937265,-0.26833133525137975,-0.007899154747547571,0.11999875869111434,-0.03721346941511774,0.07730323555682672,-0.1463268158155447,-0.056094915075308005,0.07908489983938065,0.008880737930067165,0.8532430219275584,-0.569121002934826,-0.2597746128903733,-0.8016124356025875,-0.07958104895841825,0.0094694475389026,1.5808831116082698,-0.16934808890816058,-0.1485709514003166
2.2492545119512366,-2.1923943621031774,0.7888025347285241,0.043956013496388474,-0.06046544774297102,-0.6200883217499669,0.7809624009746287,-0.4724106170182085,-0.11169966827506325,0.31063524500674317,-0.7541305537325536,0.4619295227672891,-0.3965211492577223,-0.18539878174266783,-0.5873072726921699,0.021342008207762563,0.06689081835509719,0.5734324559248952,-0.3659003212757037,-0.026868580474287144,-0.24571566452224566,-0.02855801284399756,0.12558531995077993,-0.03340833118186304,0.07798485959472408,-0.1485937093424983,-0.027992163742548856,0.08656093984289667,-0.003907760802156732,0.8408319817974642,-0.5246476079926771,-0.2616538558871211,-0.8010514843812008,-0.07637616505145196,-0.011054944094894395,1.5100457288141234,-0.1646962440665376,-0.15581762939299357
2.248424362901101,-2.2125223710413966,0.7930610145391217,0.041664514924963494,-0.0601821035648101,-0.6218407597463365,0.7797154943469319,-0.4852414062689009,-0.11185544661148215,0.310419984174362,-0.7512878565522639,0.44991406131884404,-0.41011934960558166,-0.19979872766429846,-0.5377062491122477,0.019896012721245002,0.10960431330439249,0.5846589621814332,-0.36160386265936906,-0.04581135050243465,-0.22241538316231013,-0.03355728706413732,0.13156669092415887,-0.02858573118100581,0.0785748396181317,-0.1501874344002082,-0.0017380938838010775,0.09263459527565542,-0.016238078456189353,0.832312544745505,-0.47948238192327786,-0.2626891182821061,-0.7972329607198567,-0.07177531602002989,-0.02866043943912362,1.437178810255147,-0.16241765378458117,-0.15976580076605132
2.2475662153436935,-2.232875589662736,0.7967829030519474,0.039926548550047944,-0.0600824740866882,-0.6240126852290846,0.7780772042038565,-0.49563372857111865,-0.11246279340335152,0.30887648415775815,-0.743082644184016,0.4374692401712124,-0.4189877736609646,-0.214618672858696,-0.5017946642636829,0.01074132429430699,0.13481435698135358,0.5944552809542134,-0.35708205575139934,-0.06300644231766876,-0.19988293748173083,-0.03146464561936881,0.13912240512443075,-0.025484633450824662,0.07886219093285346,-0.15109744246564044,0.022203818636168507,0.09726364695456914,-0.027924717266261806,0.8267325605689398,-0.43297219964446904,-0.2630327139052151,-0.7915647850573042,-0.06756286384248594,-0.04613277189189573,1.3657666293441832,-0.16463375612119768,-0.1641243244707096
2.2468592564800547,-2.253184147031807,0.7997859530330161,0.03855628123800786,-0.06024490445634195,-0.6266571038130949,0.7760056951496715,-0.5036411936047556,-0.1134874066582668,0.3073320860367978,-0.7303667606114792,0.4242450351044636,-0.4246956270258217,-0.22889047522789402,-0.4648047539747022,-0.00426200084699774,0.15451136463937176,0.6014251193778951,-0.35245177652477766,-0.0791035836895986,-0.17773267799084602,-0.026133129112139088,0.14779837203639754,-0.022096319313826086,0.07871012156610131,-0.1523354126741557,0.044240833482040186,0.10034482948909314,-0.03865034878814948,0.8232877557130662,-0.382954337503699,-0.2634361588399551,-0.7840168301138449,-0.06427382713997613,-0.06457384068020013,1.296000378568859,-0.1708194298061965,-0.17142116537380486
2.2463643315754704,-2.2736004639971563,0.8019525292996547,0.03752413547610366,-0.06068273534492594,-0.6297788597784104,0.7734908743249872,-0.5091882390826407,-0.11496366492349869,0.3056230486022981,-0.7129107792723187,0.41019153323033003,-0.42767642981994675,-0.24297756750193397,-0.42803449674591787,-0.02430547929919307,0.16719782289735188,0.605954835998835,-0.3480688666335905,-0.09394675296690343,-0.155674447016414,-0.018088468253844234,0.15790266553451413,-0.018761671752487757,0.07817575723829516,-0.1537247943004083,0.0646610069800255,0.10172850601052912,-0.04870824428598034,0.8220816665496998,-0.3301093721530447,-0.26395671992293,-0.7742110190836629,-0.061336918852302844,-0.08338671436931085,1.226972666740717,-0.17976267838141977,-0.18028092690262004
2.246061637535318,-2.2940671125118945,0.803149713366803,0.036825781719469125,-0.06172379521667463,-0.6331353613041328,0.7706968594532383,-0.5124163903871045,-0.11712011835920796,0.3036649059581167,-0.6921422261295954,0.39552797777659504,-0.4289948847831454,-0.2559193159214297,-0.39335701588393646,-0.04712770411922064,0.17198634850098554,0.6092824256359277,-0.3439094328175249,-0.10784242008528996,-0.13498967985581262,-0.00931830639359413,0.16933600642662935,-0.015632171075094032,0.07740148462505902,-0.15498026372862592,0.08381042158183624,0.10108874425551923,-0.058527449444450264,0.823819809554443,-0.2771859741596582,-0.2645152624838587,-0.7623822051430365,-0.059099345786711666,-0.10220997603022769,1.1613069562902048,-0.19290798781540003,-0.18832819217983662
2.246171028780137,-2.3150163930169874,0.8044266811237846,0.03666352821838559,-0.06386398926239273,-0.6365538036499091,0.7677085590462731,-0.5131445463575993,-0.12079194747008819,0.3008462726198946,-0.6692703250729464,0.3808279691883542,-0.43218657786529685,-0.2674891999972221,-0.3746778929356721,-0.064129645257537,0.16964905649491613,0.612711890780795,-0.3400905283943068,-0.12034348456013079,-0.11528447666656882,-0.005274940914133284,0.18179631232098922,-0.014693511603430257,0.07656662918159488,-0.15543704550165524,0.10170462800544464,0.0985506566565176,-0.06659618699479672,0.8336734840474169,-0.23824168622616143,-0.26326827942772696,-0.7488809364749466,-0.0583138612065257,-0.11955697565858724,1.102370151529705,-0.2083477680934543,-0.19215355204968698
2.246866608833362,-2.336448083683039,0.8054365681591528,0.03669168153645025,-0.06729753542735567,-0.6398327719018883,0.764682147190437,-0.5123780476457541,-0.12566448407002984,0.2986365978749729,-0.6435513851982607,0.36517084071122535,-0.4338230663637502,-0.27747323248979294,-0.35857098895197476,-0.08136364178257843,0.16118740317033622,0.6156662648076918,-0.33659250185284284,-0.13332566749393432,-0.09838268863246226,-0.004399714306273842,0.19678339468872788,-0.013895440577629193,0.0754453593019131,-0.15589262253563532,0.12011156823026557,0.09268902517000911,-0.07578656130350628,0.8438890568084686,-0.196776894380308,-0.2605848455915336,-0.7333758407358525,-0.05991075214930584,-0.1368413843653674,1.052054737526013,-0.22845918126549597,-0.19245597997030464
2.247824708228603,-2.3580839346258946,0.8059703907858877,0.03700547973268358,-0.07185311838039389,-0.643155168134974,0.7614585698185028,-0.509666808365416,-0.13193759087699772,0.29668659496210675,-0.6153803377728431,0.3492871323937808,-0.4337016819822158,-0.2864318668246665,-0.34681607409004567,-0.0978356712174785,0.14584751397975468,0.618241928842065,-0.3334300230722668,-0.14596452969595258,-0.0846398765758394,-0.008070828236476146,0.21403511560783442,-0.01339135631733344,0.07406692968470376,-0.1562739946017363,0.1382834242804926,0.08415350120363702,-0.08519386326421174,0.8567896017173778,-0.1575872729418047,-0.2572778517907622,-0.7166620917613833,-0.06346366327165141,-0.15370088428964065,1.0098773753136852,-0.2517294641966567,-0.18889615306420296
2.2488610501032036,-2.379788815361673,0.8061150668478052,0.03756947581244667,-0.07684070913262674,-0.646564503139264,0.7580490638391745,-0.5048210925277772,-0.13852558110432545,0.2950228949037383,-0.5861524285069899,0.3334596706962096,-0.43310639404202544,-0.2941249640540052,-0.3400694195511437,-0.11309032337921227,0.1242629077516546,0.6203043842643421,-0.33086150036896506,-0.15782900660038024,-0.0735898426655292,-0.0162005237296872,0.2331184415915016,-0.013369941138809809,0.07256720196307086,-0.1566051788006836,0.15445444529988342,0.07424512552159329,-0.09366428252286303,0.873399379385823,-0.12119835800265312,-0.2533164272949674,-0.6995177134417134,-0.06834667363653923,-0.17115560583753353,0.9750291722324591,-0.2766916466408902,-0.18373244160789362
2.2499959353039256,-2.4012501852858477,0.8058377397205273,0.038352499408310196,-0.08148948102596497,-0.650120161008987,0.7544748680512177,-0.49770764319259936,-0.1442114900269899,0.293556814338704,-0.5580889677980878,0.31786382294690224,-0.43350359757493423,-0.2994367119737818,-0.3379428253302951,-0.12711707116615412,0.09828786297972839,0.6217079180545823,-0.32917218923074026,-0.1686463070897354,-0.06503568584457715,-0.027434120705019528,0.25271127688153683,-0.014021866812195777,0.07110532427353225,-0.1569014801631781,0.16639273040788496,0.06435371324617062,-0.0997590690262845,0.8948783247470085,-0.08749858339776773,-0.24902713713031324,-0.6830809819523502,-0.0739230532960732,-0.19038097939356302,0.9471988315098939,-0.3024596405292422,-0.1800945425203566
2.2512332452302957,-2.422346971055258,0.8049617128162269,0.039580438752732774,-0.08592967371409645,-0.6538505271200292,0.7506856653942373,-0.48814385763926804,-0.1492589249897337,0.2919314166549323,-0.5314461265663873,0.30274331281608824,-0.43491355929977954,-0.3021035163483462,-0.34040262050926573,-0.14001596162028124,0.07000128208020459,0.6232412341253486,-0.3281594426737407,-0.17839128210037083,-0.059528518742112506,-0.041171377240752045,0.2711060663852958,-0.015568857204182645,0.06970500428425812,-0.1570713002397956,0.17337148991575635,0.053616832059879035,-0.10360258363911648,0.9221120041400304,-0.05563984055335584,-0.24339528192223783,-0.6668784933627655,-0.08154413617861175,-0.21323437787960162,0.9265122020304606,-0.3311047682672884,-0.17663529586398122
2.2524621042888837,-2.443121772344238,0.8035832787089358,0.04126414804677649,-0.09033622112853949,-0.6577081919246007,0.7466971082798303,-0.47638492896065476,-0.15403164967548255,0.2899625247866948,-0.5051361202970049,0.28824523348370323,-0.43693063242506347,-0.3023654955705516,-0.347600962353027,-0.15171710074531533,0.04065686453375337,0.6248344675034869,-0.3276128372684101,-0.18683399325837963,-0.05671193217206093,-0.05739796069905791,0.2877753563642496,-0.018038009939307525,0.06827497184701983,-0.1569437949592629,0.17607708532283792,0.041926330830852634,-0.10547742348210712,0.9545173012290988,-0.026030016975583634,-0.23650807490888956,-0.6503384407000518,-0.09128044020301813,-0.23941919567984718,0.9128006419776588,-0.36228206290540893,-0.172581928263988
2.2535120362367302,-2.4634041783399336,0.801411996629501,0.04298311647632186,-0.09396975130626346,-0.6616857565983238,0.7426264855580659,-0.4629401879844852,-0.1572892582401599,0.28797334500858973,-0.479911448645991,0.27451149021245436,-0.4396710650670643,-0.3000943796883586,-0.35837722260455196,-0.1629409635841226,0.011583596553577824,0.6258578749503276,-0.3277637078776427,-0.19368657032069175,-0.056485256129028806,-0.07468496025852102,0.3024719888665654,-0.021265326738666032,0.066864722200747,-0.15649923007505104,0.17417319274041598,0.03231069446431829,-0.10380511818992139,0.9918994886305138,-0.0011535177208887703,-0.22979981159090335,-0.6355742858159558,-0.1001594545220553,-0.26573902838821006,0.9069007061998251,-0.3917730051064684,-0.17289710984863652
2.2542693683755166,-2.483086084678457,0.798368958987054,0.04449255082296002,-0.0956937900024087,-0.6656858828315018,0.7387323039336267,-0.44856117297885817,-0.1569576168407128,0.28490311464204,-0.4556463944001896,0.2610994544993918,-0.44037606883106417,-0.2939280398147041,-0.3756106190163608,-0.17874431317298126,-0.028820079744263136,0.6260554784948055,-0.32942280984452504,-0.19903707255047903,-0.059959092968736145,-0.09857687661646777,0.3210299235544596,-0.02704336466487517,0.06516078368043368,-0.1550765826551089,0.1667697809763917,0.028660561220051842,-0.09639160037452428,1.0332041076526408,0.016409470930690312,-0.22336936638631455,-0.6256767686497198,-0.10507818347355932,-0.2886625653877187,0.9094972857771567,-0.41531030772758915,-0.1853990205418981
2.254433433938093,-2.5020323294414943,0.7947634717518187,0.045085456372641365,-0.09597878473351161,-0.6699985939638355,0.7347497931889679,-0.4325077143675919,-0.1538523510191755,0.28516216816752216,-0.4349132726307871,0.2500963612636102,-0.4466872203878405,-0.28559050535669006,-0.3851722614260898,-0.18918824057406744,-0.04893827442732617,0.6225598694283305,-0.3311241802736397,-0.20031354610678134,-0.06230979242818349,-0.10728569857342075,0.330969751149623,-0.029822101260456858,0.06413750179552494,-0.1550076676015651,0.15683419513816965,0.032701809325850324,-0.08077469734769005,1.07703937848575,0.020981573620359007,-0.21818522611734933,-0.6213274066893375,-0.10406213144398473,-0.3039321976586822,0.92215808089715,-0.4225812361080638,-0.21649163308362407
2.253755269049393,-2.5203340176148274,0.7906641229577814,0.04520123062864979,-0.09471173715617351,-0.6743973391659416,0.7308726048501287,-0.4151666231068367,-0.1476280726379398,0.2863890796574563,-0.41579376996660905,0.240478550307465,-0.45279803844203304,-0.2736015891421935,-0.394872069576949,-0.20086785413399727,-0.06696048083257597,0.6168735187285946,-0.3334177421295611,-0.19862888883020635,-0.06718007341643902,-0.1117071711119684,0.34139366411295874,-0.03099142819740269,0.0628790771846313,-0.1554195570959404,0.14322436709837522,0.04410245445773295,-0.05791394937279594,1.1241242474787032,0.01372303545881089,-0.21092297932526716,-0.6222095733643508,-0.09913855528518412,-0.31557267257609967,0.9442486816212321,-0.41585190053143234,-0.2651760349550977
2.254347640064307,-2.5390488723584066,0.7891696645330557,0.045141579123004746,-0.09513397939537127,-0.6777057616050353,0.7277545358745767,-0.39937473464664863,-0.1432678002116448,0.2908146910550093,-0.3982801012645729,0.23105003490556983,-0.46144446972631425,-0.25596284732601965,-0.40595131899850845,-0.20902755577294094,-0.08439789908178745,0.6053279573677994,-0.33751460923488635,-0.19492549104460472,-0.06949497036248267,-0.11248862319660927,0.3538556853022671,-0.030682114346333535,0.0613189684787336,-0.15693742037832634,0.13134197674367765,0.05562256031536939,-0.03243596496723727,1.1687688933832936,9.370928235338718e-05,-0.20085950924684567,-0.6309664651933055,-0.10799546547175977,-0.3314586266104937,0.9927555101507486,-0.3838373918632097,-0.27568291375990667
2.254513302649628,-2.558330038885049,0.7859583482436238,0.045003437221619765,-0.09481225012643706,-0.6811872279222024,0.7245476439681975,-0.3829127169736347,-0.1378891543586844,0.29149496843079786,-0.37938129641065393,0.22290340246484658,-0.4665179307478651,-0.23761794775705553,-0.4206992347848585,-0.22322703089665724,-0.1047090596185529,0.5975439512111322,-0.34210504020228616,-0.19085542862702345,-0.08041360161998021,-0.1107913627145936,0.3718595880347448,-0.028776219915051953,0.059552383747760534,-0.1556424849950928,0.11530904034480456,0.07014098290433723,-0.007971119236266718,1.2184511838423107,-0.016671612303022304,-0.18691901236545713,-0.6283527437378944,-0.10381784012183694,-0.32784904950719207,1.0230630126337354,-0.3698524063609349,-0.2756750088192425
2.2531156133583305,-2.577670022094523,0.7819711606387748,0.042784750014582686,-0.0931291081059663,-0.6854306777183439,0.7208891873458411,-0.3641097049568568,-0.1286691325668026,0.2939889462033006,-0.35986931091631263,0.21754907001288745,-0.471518811893933,-0.21983028532628257,-0.43065790009786775,-0.23245130662808047,-0.11717340624438338,0.589525464760257,-0.3464097617055938,-0.18500676459861465,-0.09346797446290563,-0.1107065850911375,0.38503385912195903,-0.025229685867837,0.05804636429361204,-0.1532300068385666,0.09741647740209242,0.09136285010787087,0.013601604642722224,1.2719160493317385,-0.035223651202807814,-0.1737248053963896,-0.6231293002310602,-0.09334077659543517,-0.3271457477333293,1.0560196318181876,-0.39110886354743174,-0.2801504470578094
2.2505352994446217,-2.5974006874524505,0.7767483099686368,0.03917002159346852,-0.09019584243191485,-0.6901344290364178,0.716969238722932,-0.3438010576264001,-0.11620583603364787,0.29699586716281434,-0.33935615076065717,0.21484241192524323,-0.4762782914181066,-0.20274074624977212,-0.4371472009521212,-0.2403831339428543,-0.12402377029182891,0.582138506770468,-0.3510719284010186,-0.178053292917419,-0.10980099633937726,-0.11244506530465895,0.3960507789885892,-0.020935644075809844,0.056549572210402486,-0.14983746617365357,0.07746812398682462,0.11883843819046837,0.03377867580986717,1.3291651615988798,-0.05694451485840497,-0.15859086023430122,-0.6162477076051373,-0.07658879141855797,-0.32468948826521915,1.0902738209320066,-0.4240431098159826,-0.2817223379040097
2.2467307703971597,-2.6172681009035763,0.7709458293444869,0.03484951558489713,-0.08617712182350848,-0.6953106248822031,0.7126725404164477,-0.3225639992440424,-0.1014255494931719,0.3001299916141624,-0.3172169706359333,0.21498157574247334,-0.4793510685215263,-0.18676235878307035,-0.44329200191107965,-0.2468834486727113,-0.1279237317428698,0.5716637441257822,-0.3561249356406309,-0.16867267422523385,-0.12750363130146847,-0.11598902807458962,0.40784552422131837,-0.016392061263223737,0.05481148777795256,-0.14582117893112945,0.054741178220011746,0.15014505862798658,0.051964419036304964,1.3876098767893135,-0.07921366614297795,-0.1402757711594802,-0.6075065293389681,-0.055705325638227506,-0.3210588234419739,1.1222383273636956,-0.4607491013634553,-0.27930584719111
2.2423004797648,-2.636966439474986,0.7653647446175722,0.03048987512233221,-0.08130362044076259,-0.700951559885606,0.7079032416313568,-0.30099011404602116,-0.08537883014970962,0.30326533574409525,-0.29381484353154863,0.21730403027865633,-0.48007019920318295,-0.17220413297295487,-0.45315060124779794,-0.2512096934326076,-0.13153267506109928,0.5542391547518953,-0.36195570124114557,-0.15648116739095197,-0.1445016910881029,-0.12063499238344613,0.42262648337779124,-0.012501793369597709,0.052651165397165405,-0.14170153687178771,0.028124042802814764,0.18223284054414415,0.06726792603958191,1.4449693572802607,-0.09912755419083037,-0.11901379455692461,-0.5966416202683712,-0.032447922102420534,-0.31756447161670165,1.1476220655284228,-0.4935093708451618,-0.2756825112255095
2.237517871471102,-2.656091762900094,0.7602808377830529,0.025805540361016285,-0.07493204843346934,-0.7073404023497061,0.7024164131111933,-0.2782873405137669,-0.06673859026759578,0.3064604502275858,-0.2700414974860894,0.22119778488467212,-0.4782835579296138,-0.15861644808392014,-0.468816088048013,-0.25312809720342583,-0.1357946890589279,0.5286327233892567,-0.3690063783573949,-0.14125411874364524,-0.1607751207122654,-0.1263369674272331,0.4413975512318842,-0.010379032501749832,0.05006663915502902,-0.13739353610728364,-0.0035806777324471776,0.21666658834000477,0.07963857017562875,1.5021185988788686,-0.11705367116570979,-0.09511980903802575,-0.5834776716203507,-0.004691641191412202,-0.31545582928930127,1.163812392577928,-0.5208838237914942,-0.27388200210608615
2.232549417710103,-2.674695468575004,0.7555776430782154,0.02052410363460452,-0.06715238190396991,-0.7143634828756787,0.6962428693411143,-0.2545774054103295,-0.04532103503714454,0.30958902827208606,-0.2457723468614976,0.22675014559883339,-0.47393859706953306,-0.14610466608697031,-0.4899057824583643,-0.2532260911597015,-0.14024765710349152,0.49627418870096396,-0.37706103266681223,-0.1232966496127181,-0.17734225639455015,-0.13317050928221189,0.4629139148910917,-0.01043977191929035,0.04707877312211241,-0.13279701951749429,-0.03986288258510014,0.25432983693969463,0.08866379387639385,1.5597563965494026,-0.1345238377093043,-0.06865571633511174,-0.568113951693335,0.027740977736967917,-0.3135540743052024,1.1730631272717331,-0.5466161676198661,-0.2736225809157125
2.2278539529554138,-2.6926635495906424,0.7514023682429293,0.015392998085153884,-0.05931136633870039,-0.7214108699946088,0.6897909640511444,-0.2316441233552044,-0.02396464055183407,0.3125455237958997,-0.22043339845212936,0.23404366342238186,-0.4663533919046609,-0.1355782843320777,-0.5162503041734066,-0.25134120900351264,-0.14466744903305423,0.45735697260572333,-0.3851835499036228,-0.10305561071490134,-0.19379250523096764,-0.14045910996221542,0.48449435013060416,-0.012189204270692335,0.043572820099575665,-0.12845923265367837,-0.08036538720703315,0.2907915579131591,0.09306116479473307,1.6159770229727324,-0.15064779856444252,-0.04022789102567086,-0.551120950764046,0.060521061587234914,-0.3102812093155798,1.1781703307547065,-0.5712773943620395,-0.2742144614439146
2.223731892013359,-2.710181255128626,0.7478119772137184,0.01120560936716958,-0.052802751208814946,-0.7278830757540785,0.6835733551084856,-0.21097571938489337,-0.005784339139803343,0.31560399739856376,-0.193601794605727,0.24301530579357494,-0.4555423968610595,-0.1282348579260768,-0.5477656943490294,-0.24770398507153196,-0.14916134034307799,0.41262378446421744,-0.3920922970829592,-0.08159502256606069,-0.20944034097689357,-0.14682721078688865,0.5035548875284833,-0.014565201365443207,0.03952713177447004,-0.12498499763087514,-0.1245679796233477,0.32077259247144885,0.09185305307350489,1.6683134415606482,-0.16411887579880377,-0.011380293079823082,-0.5329812012485611,0.08907481361559914,-0.3043695247311178,1.1822605055125048,-0.5953601401881546,-0.27442576625746434
2.220012688842141,-2.7275263699174412,0.7447309840849694,0.00827331036264718,-0.04800471517442045,-0.7335973660679681,0.6778362664794535,-0.19285417031134852,0.00801979242722308,0.31938532159648686,-0.16515688816695248,0.25371331947844494,-0.44138270825430986,-0.1250435181650114,-0.5856940510001977,-0.24351707648456333,-0.15437247865540005,0.3620099959856194,-0.39666895125188834,-0.060068485529396816,-0.2241926340423169,-0.15104583696956522,0.519947503362401,-0.016041083198020264,0.03493085019893858,-0.12262733211580415,-0.17363949576346074,0.3420356461751754,0.08435088813752922,1.716820219947949,-0.17378906565342467,0.018091318136302804,-0.5137655753329153,0.11217373614645755,-0.2958057713047764,1.1861185327904653,-0.6191827785518395,-0.2737674728640005
2.216813818898345,-2.7446721323033665,0.7419566524668774,0.006249492193444827,-0.04427006310383163,-0.7389008198025759,0.6723292971864212,-0.17568699248428052,0.018651648420365156,0.3238311782872942,-0.1362204716132957,0.2655564820562312,-0.42504672581437464,-0.1249564834737513,-0.6301285350016289,-0.23997698379295088,-0.1603504203334031,0.3058221173817548,-0.3987977961651835,-0.03951811474511752,-0.23810506843848264,-0.15212240197449595,0.5341159772271091,-0.016431270837928995,0.029891603053263008,-0.12111842908287627,-0.22810552026091113,0.35627497283821374,0.07169046245169981,1.7626059477445521,-0.180262200209929,0.047586895101024186,-0.4935348707614925,0.1317316078293641,-0.2853466587180396,1.188826763949454,-0.642840471101847,-0.2734034432196657
2.2137410733408953,-2.761932112672996,0.7397667795640671,0.004912590747794258,-0.04157967458082501,-0.7439625815152717,0.6669082953592863,-0.15820536186750883,0.026538048166378253,0.3286344550512488,-0.10682064521884668,0.2786018799086902,-0.4079555848073904,-0.12655782982251226,-0.6783283132793473,-0.23653039251584917,-0.16647581309457096,0.24605517055003523,-0.39825403918711205,-0.019336059468466688,-0.25090618645280055,-0.14996164013400567,0.5460745966666473,-0.016221199280907463,0.024493029617601705,-0.12035241496662427,-0.2850907685483067,0.3642688775467354,0.05614804052424755,1.8031846453757052,-0.18461335884835836,0.07538583190150966,-0.4716468596786815,0.14824368902589638,-0.2731723301529863,1.1899024852351918,-0.6651873320937809,-0.27295125004846005
2.2106685631696785,-2.7792210363421965,0.7380701038498899,0.004050666167125382,-0.039849574829827594,-0.7489595643259795,0.6614039420007433,-0.1394540986913367,0.03230776195830039,0.33314714494243974,-0.07762620798428786,0.2923857535341217,-0.39151509759225556,-0.12849229976809,-0.7260601591978729,-0.2324205617369667,-0.1715370351222251,0.1847052579193938,-0.39531744558070286,0.0011279553464088499,-0.26262945325033255,-0.14465301649644857,0.5547188047914545,-0.016661221013816584,0.018908453905953478,-0.12012491258018348,-0.3415972494104123,0.36684347764828085,0.04018677843377591,1.8364182729448615,-0.1880605475328063,0.09873768328745225,-0.4480750286609749,0.16212125432049346,-0.2593845927217342,1.1894828355731768,-0.6858830074897555,-0.2721518077831491
2.207895008029422,-2.7965142654539012,0.7368864735007065,0.00371299599855354,-0.03932701767457706,-0.7537439587918694,0.6559799112215998,-0.12007502287349989,0.03581469122839182,0.3371655508417313,-0.04865123070185905,0.306430619234526,-0.376374699457892,-0.1299297740063591,-0.7709092535088197,-0.2276189318105012,-0.17471065817906037,0.12152240785369552,-0.3899125678698214,0.022418772350018046,-0.27281758342276735,-0.13604933829664878,0.560426733017843,-0.019536050950788763,0.013108453673819092,-0.12023901372645647,-0.3967897104064991,0.3624977966388336,0.024378034118333385,1.8613199495949686,-0.19022378445805194,0.11542511937737682,-0.42261765443700855,0.17254939751091855,-0.24424013468925165,1.187963546576741,-0.7056895655802694,-0.27142931583839364
2.205475609456711,-2.813699015815185,0.7362236726807345,0.004012431406083414,-0.03996637898420601,-0.758276069675282,0.6506950062071386,-0.10032137287959593,0.03689341962641615,0.34087698205737693,-0.01990517825054835,0.3207867231851739,-0.36213338191550537,-0.13110383437759812,-0.8126528497522816,-0.22263956591302683,-0.17616515720414025,0.05572390373023275,-0.381814295668117,0.044613805991090064,-0.28113501263417295,-0.12452596393830212,0.5639413926570365,-0.025168308459128645,0.007040216999259138,-0.12075302712248474,-0.4513168111218543,0.3508782922064764,0.008791275305066477,1.8784137929531457,-0.19066961044279856,0.12594764726647648,-0.39555390982966016,0.17940968272215246,-0.2278344889768404,1.1852286476870268,-0.7249307546854966,-0.27088441210733777
2.2032870270552674,-2.8308748074968912,0.736123115891587,0.0047712818782650645,-0.04121456850442692,-0.7628873503967262,0.6451987948042788,-0.07910165997923914,0.036370141506942975,0.34419444976747937,0.008319926567800501,0.33547354748041935,-0.34883484542413346,-0.13216748598192335,-0.8501487805211633,-0.21789460020582804,-0.17669851761237398,-0.01132341723046346,-0.37161235408017146,0.06729530704892056,-0.28741049814273445,-0.11076658110364695,0.5650886014969737,-0.03239213594415033,0.0008559740200757591,-0.12182175235203287,-0.503864653868508,0.33507424117158463,-0.004848228417320088,1.8875638939977244,-0.1900041698582161,0.1315428902419889,-0.36734503658084433,0.183979490865173,-0.2099948171032816,1.1806113606958886,-0.7424075606615508,-0.27045477177036475
2.200990290219945,-2.8477494673600576,0.7366110993450827,0.005797027646371007,-0.042458716528441534,-0.7679295869473216,0.6390992108836779,-0.05555983298460374,0.03534930940652202,0.34697034438601865,0.03554966368350094,0.35032209495066424,-0.3357564484934487,-0.13321216790188464,-0.8814985441292239,-0.2127877670724759,-0.17714816970667435,-0.07831295970343449,-0.3603637241630476,0.09056157992136775,-0.2915653445008388,-0.09580152867159863,0.5627108082620134,-0.03892725891291608,-0.005298897742423795,-0.1235725677883193,-0.5533544915801603,0.31893604705622325,-0.015118178512020172,1.8887111526959275,-0.18890067294424784,0.13439121712570287,-0.3386379010453422,0.18780287160099463,-0.19035241776220102,1.1733905266605753,-0.7570565261246548,-0.2696200856165049
2.198700341932335,-2.8645302376763544,0.7376310788815111,0.007071234724585068,-0.043432097459786684,-0.7735878155055301,0.6321594278748793,-0.02944388495964793,0.03481299079016155,0.34886544881647535,0.06193362866324559,0.364912990351939,-0.3230709681811609,-0.1342935859482375,-0.903717222573159,-0.20726467456408834,-0.1783335914516665,-0.14478923425621099,-0.3491514218772411,0.11420304061228966,-0.294521560683039,-0.0806098588146389,0.557684045178426,-0.04333582146720852,-0.011333002860934532,-0.12597665846468303,-0.5995261306674742,0.3035700639495248,-0.021650723977740902,1.8816579768126844,-0.1860972852694058,0.13430681968882258,-0.3095408294656015,0.19127349512342892,-0.16856218976669174,1.1631659642546983,-0.7686737927641766,-0.26876827476031145
2.196306764873427,-2.8811395011534287,0.7391428947423195,0.00869760856337014,-0.04433153548548929,-0.7796511481559405,0.62458238347387,-0.0014704261850090885,0.03459193903041598,0.34967879636617377,0.08756887181576187,0.3789654102551207,-0.3103414485494169,-0.13529577694203532,-0.9159082139768162,-0.20073715115559265,-0.18052369204064486,-0.21114311391091473,-0.3380087733259879,0.13867153437598834,-0.2963757706551932,-0.0656193839248408,0.5503488052002011,-0.04520926724256375,-0.017290456295517582,-0.12876334546126803,-0.6429053645924452,0.2880142400185878,-0.025280158927558742,1.8663794428457934,-0.1810691194075418,0.1313510846209218,-0.2800181976948325,0.1937421071042257,-0.14486081911897322,1.1503457164528845,-0.7779539261218065,-0.26765766588269735
2.193724020027771,-2.8980923833733354,0.7412437482263481,0.010653943953497523,-0.04538319623140475,-0.7858275644190185,0.6166862232751189,0.027370670986783887,0.03395535097570575,0.34970944771605195,0.1130842250577432,0.3922770602285054,-0.2971274953539673,-0.136687347782906,-0.9198452623204121,-0.19365329624199595,-0.18419613588160194,-0.274979304614303,-0.3272123066204819,0.16320063261676118,-0.2976600894504654,-0.0501836465765013,0.5396729204631472,-0.04404136204471057,-0.023070890142823663,-0.1316649121411812,-0.6821534451660156,0.272795076609452,-0.025801690404130842,1.842907713074477,-0.1750471657840559,0.12684150054696755,-0.24972556738042423,0.1945429676975461,-0.11992693388494931,1.1354394414011149,-0.7844237140448356,-0.2663095236302361
2.191267327837798,-2.915274149634613,0.7438488455580042,0.012977085167022381,-0.04676785489638836,-0.7918578641507227,0.6087737559977539,0.056083656941635585,0.032202459256158465,0.3492014968731155,0.1381988977102248,0.40431510297265955,-0.2827335135067647,-0.1388992198521117,-0.9184520513367371,-0.18658969471612077,-0.18928971259284966,-0.3344661818363363,-0.31729002316650456,0.18672485839803588,-0.29825597556557343,-0.03246999471051509,0.5233857603469094,-0.03918420023423259,-0.02853198655089434,-0.13445203514141227,-0.7165812667045406,0.2585942050752211,-0.022906764438650577,1.811986608525023,-0.16961967015849255,0.12244075117461467,-0.21904826205545364,0.19303078610433294,-0.09441594375967961,1.119412952612897,-0.7885046706390605,-0.26509039229420406
2.188508785051879,-2.932853465162191,0.7469665831248755,0.015326472728190266,-0.04893839602608745,-0.7978472654232759,0.6006745155945151,0.08474173081791767,0.029091393528938914,0.35097581509810005,0.1629007621023682,0.41508593612258704,-0.26530738210371885,-0.1437206682870421,-0.9121237517090126,-0.17829745034896072,-0.1985356146425883,-0.3905530016975747,-0.3085007028583201,0.21110149289095642,-0.29688012240856165,-0.003708479951441128,0.49674266204825335,-0.02586228779406885,-0.03338957171853628,-0.13850630931292293,-0.7442304900723049,0.24632267483074918,-0.0156597140323862,1.7730556993574331,-0.16370904773522735,0.12105953467132255,-0.18658918465347327,0.18921141760228738,-0.06748207019429975,1.1016558656542697,-0.790081587862915,-0.2632200250466163
2.1857071385966287,-2.9507731328519795,0.7504013709406742,0.017489078338796708,-0.05160768298259066,-0.8038165010223624,0.5923764106378592,0.11387116891026865,0.026039756977665026,0.3552481756452574,0.18512439691377647,0.4243680182621448,-0.24676135673101796,-0.1502692104989019,-0.8979047015781789,-0.1690333896087544,-0.21392059080706366,-0.44300382963557255,-0.30131022869243335,0.23329976284029189,-0.2939107715651864,0.04209916731379435,0.4564593161130849,0.004798510681914417,-0.03777605076965322,-0.14442783913461288,-0.7658626585324734,0.23596533631022198,-0.004642686931169724,1.7267117555683171,-0.15683999318752476,0.12235604812546301,-0.1525151478546652,0.18333760294571555,-0.039782649673641306,1.0820194372334706,-0.789205889086944,-0.2609601897078869
2.1827271605650815,-2.969347679515164,0.7541577007042584,0.019953691212234583,-0.0538130656341657,-0.8095448341414402,0.5842458093037266,0.1426084415393945,0.023688667483621945,0.3567307087891406,0.2076665302204602,0.4319220398246355,-0.2283499763150326,-0.156139873575261,-0.88168078620398,-0.16018254574106675,-0.2280604124947556,-0.48877091629582364,-0.2964713581200032,0.252204502777786,-0.2930402362364739,0.08710999264719033,0.41253607176778123,0.04227938828351573,-0.04217770134239414,-0.1489172003951123,-0.7833756397374088,0.22688601185050172,0.007626749944273087,1.673925466166014,-0.15072827389825616,0.122553177516601,-0.12490060313289171,0.17519263845282357,-0.01768829205799825,1.074722604277269,-0.7684423331993978,-0.25899368220601315
2.1799180050102764,-2.9880327203772916,0.7579828123650962,0.022954144772002444,-0.05599557071722584,-0.8148444371003417,0.5765120524537748,0.16986544996961075,0.020287412331240373,0.35530957803966634,0.23038866871342817,0.43774886526954054,-0.21008655785769617,-0.16168938781649245,-0.8648126546960222,-0.15070816521272737,-0.2393977938177349,-0.5279796757517168,-0.2929578660212832,0.26846554229336994,-0.2923448448126677,0.1319381050294357,0.3636447134615137,0.08137589283646064,-0.046217021113737086,-0.15170320873313656,-0.7965022881393671,0.2172411896583276,0.020615037196114502,1.615275995955118,-0.1472650851513672,0.11854583311559544,-0.09618957879545295,0.16554065444788613,0.005738537931784742,1.0615964901679,-0.7529722347656381,-0.2578383843207369
2.1769921758249864,-3.007228875448548,0.7618253336373783,0.02647039439562939,-0.05830606629759793,-0.8196539245178409,0.5692689741026994,0.1955243700343137,0.01558181941991034,0.35124157110083,0.2541073197030483,0.44179352587257176,-0.19165521212414635,-0.16642658859114884,-0.8508493144758628,-0.14110001725674629,-0.24611883369376814,-0.5592625949179677,-0.2914922645283863,0.2833920530371169,-0.29525547280928616,0.17056200289106738,0.3150781451352479,0.11396047679722549,-0.04994197933500881,-0.15283297901779097,-0.8037523959667499,0.20730019120910861,0.03521508503758925,1.549204625137566,-0.14545887018176928,0.11100140459848612,-0.06842318288321167,0.15354253907082202,0.02774116826407896,1.04805142128188,-0.7360638014470579,-0.25629275583360067
2.17383815019459,-3.02684390052222,0.7657728448939772,0.030157357819921595,-0.06089503881934928,-0.8240990028528337,0.562355013771083,0.219867899550727,0.010086003101149266,0.3465681063492059,0.27739578182095104,0.4438359942243884,-0.17324786520661956,-0.1706641346564321,-0.8370453187256496,-0.12974326615122528,-0.2510622959992413,-0.584233025957488,-0.29223040956424806,0.29694174743876767,-0.2991422084553526,0.21208504836814035,0.2607092118770024,0.1472515137610349,-0.053234320069170185,-0.1535510033081273,-0.8044362391153665,0.19715612299630833,0.05178144498067737,1.4752308047990046,-0.1444631966209211,0.10066499295011132,-0.0413115204897286,0.13956262088554958,0.0484150066215634,1.0348835124563553,-0.715792488917572,-0.2542816246971589
2.170072824733217,-3.047551807609502,0.769715595534356,0.03341738461639832,-0.06333148643564479,-0.8282449027455733,0.5557722395975042,0.24260353861453562,0.005248275705268118,0.3414791124166069,0.3006910582354728,0.44450110173694113,-0.1557635614090435,-0.174655132303628,-0.8239014450005921,-0.11665616306826977,-0.25485608724975634,-0.6026298582889392,-0.29483546653744824,0.3091405375680836,-0.30555247334363467,0.25131204414196817,0.20329725729945428,0.1788091874034605,-0.056183900930987275,-0.15387017457362195,-0.7997257016650898,0.1864371504868833,0.06696289633566543,1.3968772950343613,-0.14464341810942696,0.08558923101320573,-0.014375682382829652,0.12532416457674944,0.06705329029464027,1.0221324486460992,-0.6899314654984876,-0.25231264899883354
2.16608459362614,-3.068295647140693,0.7733449259951023,0.035999155390934005,-0.0650097706178873,-0.8321557576777739,0.5495403401926716,0.2632609129007343,0.001924766348669746,0.3348237623961755,0.32242263401897703,0.4441101193694794,-0.14013103700790056,-0.1776008699570222,-0.8128897596516644,-0.10395289414577348,-0.2558896538409895,-0.615768299577468,-0.2981371206349573,0.32111795203207394,-0.31452528633081756,0.2765390300055077,0.15379075255435834,0.19991022910040193,-0.05869532163517305,-0.15325004939300985,-0.7930344393658009,0.17497761388040106,0.07702914486496755,1.3184656817685174,-0.14772869887549087,0.06417914308040572,0.010667828597376921,0.11262069578717732,0.0829989148044676,1.0113190736332542,-0.6593704892557306,-0.251320844146161
2.161398429179763,-3.0894652378130742,0.7765645766487133,0.03764917725560316,-0.0662130456826549,-0.8358500207357141,0.5436479696177549,0.28186847914594254,-7.017245913296154e-05,0.3274108063074628,0.3436353815396698,0.44294244898272905,-0.12574589806216055,-0.17947056261944358,-0.8039090591539217,-0.09118276318171567,-0.25476442522099446,-0.6223533558230964,-0.30200921089978555,0.3338284405818042,-0.3265914824318878,0.28819951955579187,0.1128761535418909,0.2121113799799133,-0.060737980153501125,-0.15201102401907818,-0.783360326373625,0.16285722349686457,0.08119706039195095,1.239638251696002,-0.1513078076532736,0.037042585406386316,0.03530154959235375,0.1012796378156799,0.09581375934853413,1.0018005532601095,-0.6233924120280466,-0.250316903596551
2.1562049611909866,-3.1109312258789044,0.7793112862004492,0.03853720916112151,-0.06733400716313874,-0.8393771708439075,0.537984181975179,0.2986357252661792,-0.0015627284843899307,0.3203830369081765,0.3644505971089615,0.44055047049119195,-0.11226681092052865,-0.18179220205319063,-0.7939830181532794,-0.07554442367226456,-0.25183097777747704,-0.6232027921763634,-0.30695519969181007,0.34608527922184307,-0.3383062766950091,0.2925108778899265,0.07095128625517243,0.2208024720746683,-0.06237919523554922,-0.15067600479161794,-0.7696955778875783,0.1502915661844702,0.08090530457923945,1.15878986526582,-0.15509275279997742,0.0026615804233272597,0.05949639847288683,0.09045706799864692,0.10620016015667118,0.9939910189487421,-0.5816070085743078,-0.24924929070239593
2.150610137961817,-3.1326486571308387,0.7815176833633236,0.03882966126836816,-0.06838133623051408,-0.8426415619514779,0.5327020258391039,0.3129385523359236,-0.0024320157271896805,0.31390745284806887,0.38372850828181554,0.4376135219658954,-0.10060814787978288,-0.18425118566671167,-0.7835310459859399,-0.057638061317495354,-0.24782237247704383,-0.6187520382937026,-0.31262752204407934,0.3581585966273871,-0.35085624333797105,0.2883309985393125,0.03053288347565665,0.22537062822484907,-0.06364335762399163,-0.14945019653968042,-0.7532199563072947,0.13758720361034135,0.07719575444687056,1.078808897157551,-0.16142235231783617,-0.03481393034029331,0.08228904874323525,0.07929470978064786,0.11411818697206991,0.9890122020968029,-0.5362974096449028,-0.24150218190515996
2.14453414418416,-3.154455702766701,0.7829658386348373,0.03826016163010131,-0.06887846954272882,-0.845717512270174,0.5277819681507094,0.32444186599063296,-0.0015981583113728794,0.3082176225714422,0.4003110066485215,0.4347870448418942,-0.09112467591688962,-0.18723206537891174,-0.7725738557173122,-0.03853492882923379,-0.24385771916969912,-0.6098202575515127,-0.31845192757203816,0.37006197581646944,-0.36465678101524485,0.2758624783828905,-0.006929674181092388,0.22579426420577428,-0.06449767828333391,-0.14865822053855798,-0.736103936758578,0.12672872807347296,0.07014793250976971,1.0052822308207854,-0.17324996150215732,-0.0724799522084308,0.10332681271385723,0.06988623865456665,0.12030224822249627,0.9871330834369227,-0.4887013606482009,-0.22937127547875505
2.1379644412062198,-3.176200312209094,0.7833822776056507,0.03631009170528794,-0.06840789017503364,-0.8487318848714216,0.5231215206859264,0.3331604541383428,0.0019761544415673755,0.3032135135420731,0.4142567483526286,0.4321840955206631,-0.08330507714557242,-0.19122694253699588,-0.761143068473341,-0.019818942205564554,-0.24047251223759997,-0.5966458722083384,-0.3241846909685499,0.38214053112085017,-0.37986405514220145,0.25449850750084696,-0.03927651665693414,0.2215058938520548,-0.06492668611045047,-0.14855165779867088,-0.7191250912566944,0.11903765888013246,0.05828114895431834,0.9406230948146993,-0.19165139426813027,-0.11237525366081297,0.12326593382635567,0.06416061331330321,0.1251237374180586,0.9878678273676937,-0.43827408123669853,-0.21578461785298897
2.130726451419743,-3.1977542062196056,0.7827611296066679,0.03308774366900858,-0.06717253889461569,-0.8516470448242892,0.5187392044943187,0.3391391507468517,0.007760865541832701,0.29889566718216337,0.425743868934984,0.4297454442059265,-0.07641797612914161,-0.1957631725841369,-0.7494165040361277,-0.0017188575159205084,-0.23753690008084966,-0.5792092175161179,-0.3298203595621131,0.3951567766242033,-0.3963279665739573,0.2241014917525904,-0.06565658119706885,0.21282544922428676,-0.06491764550920034,-0.1490577226280524,-0.7015959717642004,0.11435665161070739,0.04223161127063801,0.8832848237646448,-0.21522020851183635,-0.15430469984530815,0.14250534203324508,0.06175636009078711,0.12853939846057436,0.9908237304130121,-0.3849540816943637,-0.20085697587643395
2.123312915544958,-3.219190389448386,0.7820275837194839,0.02925864888390755,-0.06547197635528658,-0.8542859811981529,0.5148328020881425,0.3418557446082535,0.014750488886548327,0.2951670752141565,0.4329767274923834,0.4274993959532472,-0.07151842410142885,-0.19712657242153514,-0.7417697833551602,0.010538282480915186,-0.2361782936725378,-0.5575993369948673,-0.3350552146342448,0.40743802694735376,-0.4146819984684219,0.20021869202769993,-0.08260722032397548,0.20617338431985402,-0.06429016280554639,-0.14970964967919595,-0.6844319006990546,0.11205034105285035,0.026243832982198182,0.8342667597618926,-0.23955905461952035,-0.1877278979307799,0.1586768734938522,0.06018503026214117,0.1284029283825381,1.0043224579307937,-0.3480191953915002,-0.18951699041808417
2.115959560396491,-3.240130661665348,0.7811861489094636,0.025742688274608738,-0.06410270583862293,-0.856453356273827,0.5115816705393764,0.34145720543688457,0.020585467748583594,0.2933767362568366,0.4347511497216581,0.42575934210032934,-0.06953465726434395,-0.19840119122491554,-0.7323865868212623,0.024089086288295324,-0.2355582595350634,-0.5323051909091718,-0.34068442476141353,0.4180805538128335,-0.4331517761301434,0.1707976641611949,-0.09807499534856719,0.19791896605978318,-0.06312642542564463,-0.15099458017709746,-0.6677907889523044,0.11046121054815122,0.012695379929526941,0.7942981277487471,-0.2666431899932468,-0.21614271095929694,0.17157618921400752,0.058924100571476,0.12781734043957194,1.018683707098671,-0.3039273394270419,-0.17525988964528338
2.1086737684120624,-3.260770463927789,0.7801839397142204,0.022155195850629108,-0.06301369640835995,-0.858105583565341,0.5091102324799215,0.33809388111116445,0.026293264548054952,0.2947437840336218,0.4292282757431863,0.4251906572460174,-0.07296346706498288,-0.2009842944809069,-0.7143923276590028,0.0444129691291001,-0.23690946655534556,-0.5028416757574958,-0.34728821820537176,0.4262479704912229,-0.4526934751751034,0.12061091528235603,-0.11450331266334993,0.18579231251515474,-0.06146176562871373,-0.15404609247856316,-0.6526756111213243,0.10997781006802218,0.002727884176762818,0.7677215092063311,-0.2977036155785264,-0.2313077604012261,0.18188351472013942,0.05904952215240866,0.12763046025174965,1.0366602638182165,-0.2569042259268158,-0.15730779451059126
2.1013556833848375,-3.281139462223467,0.7788827710694843,0.018805110083319105,-0.062188813962844855,-0.859295541183548,0.5073362712784498,0.33145824608140995,0.030771208829152845,0.2976777473898864,0.4181836997500612,0.4261475641094595,-0.07816908961097094,-0.202332104327267,-0.6960598319985063,0.06059242329447146,-0.23964660629069875,-0.47075652532923756,-0.3527399456329972,0.43101197948225556,-0.47322035265431145,0.07662310476494165,-0.12729209667577276,0.17882375271913153,-0.05912633466878093,-0.1578031506034788,-0.6402478471181864,0.11016958958948705,-0.003935193128370606,0.7550645709443544,-0.32742147240551084,-0.23001295514279535,0.18876860720194968,0.06028866372900451,0.12700412330592042,1.0602775407007476,-0.21399297406559428,-0.1391148577932237
2.094385098724305,-3.3011209167560733,0.777299629596217,0.015955294610839544,-0.0617148331427309,-0.8601144743877528,0.5061025576824568,0.3219765965174194,0.03367644300744982,0.3013332863243175,0.4022535902656206,0.4285085452080761,-0.08566137706857227,-0.2025308491748435,-0.6774100526452879,0.07280065214072008,-0.24283173720625534,-0.43661437497143324,-0.35757096255023885,0.43282606094817505,-0.4927148960604725,0.037936463734738746,-0.13763536498392204,0.17525459935326956,-0.05629897689073572,-0.1615797538232582,-0.6295679483160389,0.1100425008308812,-0.009184762980174808,0.7528322475594167,-0.35306487728162045,-0.22489228576863202,0.1917727639942171,0.05996501863647771,0.12281813720309998,1.0893297013942145,-0.1777943605376589,-0.12175593857390632
2.087836968625285,-3.3204842413137694,0.7757267209203994,0.013887744787326298,-0.06184576908276797,-0.8606758559880282,0.5051923418961899,0.30999223553663935,0.03436054576466438,0.30523405839798456,0.38220788925156784,0.4322975611232087,-0.09542096161375209,-0.20105028613658538,-0.6590180737760896,0.08202804407654342,-0.24511084923796755,-0.4016797801821629,-0.3617775883405236,0.4326312145802319,-0.5085365923392801,0.0056489385707467876,-0.14632104095766435,0.17467353650510903,-0.05310225492297385,-0.1646917345951106,-0.6193210869719866,0.10830411035222794,-0.014211013449442663,0.757023210432733,-0.3708769854982075,-0.22558134817058326,0.19090946802594658,0.0542955863227068,0.11095702271470043,1.1230334999669802,-0.15232489415509218,-0.10768790071251425
2.081923219276298,-3.3393457098902135,0.779576799408785,0.012262544810356248,-0.06325396364772326,-0.8611979282339484,0.5041693113262453,0.29533259186216254,0.03247809830698169,0.31274625153770413,0.35456266804688213,0.43482555712989446,-0.11055349278002968,-0.18990472941034187,-0.6473160432593146,0.09036749170218744,-0.2480896215466929,-0.36598505240926726,-0.366009236098094,0.43263148645982247,-0.5173328952952452,-0.009691874181644144,-0.14658974789452248,0.1774435457932208,-0.048974701192067614,-0.1684674970577339,-0.6134279893696957,0.10319392090272869,-0.022320219446750944,0.7740474511331291,-0.36315880686857577,-0.23809342768850955,0.18928879299145301,0.03855512437188845,0.08770128532867583,1.1566144171471453,-0.14412099895570707,-0.1003549006108917
2.075821522264036,-3.3587211605033507,0.7813257967403292,0.011241225786477321,-0.06503002200151012,-0.8611965134234392,0.5039695391078827,0.2789543553879219,0.029005740120023254,0.31998259973542126,0.32566147487579555,0.4424596939016426,-0.12784324904096392,-0.18697398202675167,-0.6257933524241341,0.10112780827163653,-0.2505258645013251,-0.3287272727319695,-0.3685942859618187,0.4282701821130257,-0.5287580255054773,-0.031879918485429246,-0.1500230133380447,0.18246409524369137,-0.045404501344199016,-0.17248549408153438,-0.6016965690414365,0.09582365732710864,-0.02848286494352733,0.7950595747126601,-0.35654011456946344,-0.2633031931093319,0.18466685786284467,0.01460189090527834,0.05100495633343821,1.1993732942178665,-0.14926879375824942,-0.09594644760316581
2.0707002652262068,-3.378853794690416,0.7816710448859995,0.012100346610986091,-0.06838393301136529,-0.8608204404223881,0.5041481812610215,0.25982145501401344,0.020527202837686356,0.32537673190830546,0.2973294941167374,0.4505697276921821,-0.14454670947658782,-0.1863902205960147,-0.6064654636903579,0.10727127564245825,-0.250909193362138,-0.2905694465271249,-0.37033689326909586,0.42195988091380204,-0.5355657203164662,-0.047442751062436714,-0.1594583970893305,0.18756690950813987,-0.0414842814425915,-0.17402792560615052,-0.5893480541639037,0.08056614840487052,-0.03205909558305419,0.8177220706773769,-0.3464644664340393,-0.2707584578015425,0.17579497456911974,-0.017824475182259773,0.011763949522504353,1.2489172547702339,-0.161391515444715,-0.09529161287782789
2.065822840667251,-3.3988094998390017,0.7808478854935584,0.013777879584921106,-0.07239742080758656,-0.8601600908798613,0.5046715779119133,0.2386478668035161,0.009469502103656241,0.3292693630885941,0.2672181577337579,0.4601994791388637,-0.16189073953183633,-0.18538855054160366,-0.5908097597207799,0.10924334508380619,-0.2485007670215837,-0.25172086080866574,-0.370765089386389,0.41316573575281945,-0.5361974052643873,-0.05547419277121672,-0.17181435254757996,0.19369035248089012,-0.03726807746477,-0.1734957767656258,-0.5775751445451659,0.06360840062960837,-0.032670548569924844,0.8406626794829267,-0.3392980001630914,-0.27089252848850465,0.16231186642851494,-0.050761665836703766,-0.021910281094326363,1.302691793540012,-0.17352642443527205,-0.09880211359322667
2.060698443227462,-3.418700843255395,0.7787312719424629,0.015931946160074904,-0.07671606805528537,-0.8591822560066815,0.505634916671068,0.21542372716124655,-0.003380504136531894,0.3311429991677402,0.23580649951136223,0.4722725496501754,-0.18170146040209711,-0.18315276432443672,-0.5747983569132883,0.10861040284982862,-0.23856826273322082,-0.2107299047250852,-0.36937597965019797,0.3997165950301608,-0.5285845706414852,-0.05416378061206141,-0.19136572117697137,0.20774118638549713,-0.033019059340362554,-0.17003774680571246,-0.5686068490843955,0.04784461085642052,-0.030437443598605052,0.8673672080762889,-0.3409274176413538,-0.2715374488515165,0.14359402816456066,-0.08124586180776726,-0.04798664246009399,1.3610477808539694,-0.18494208745996468,-0.11028223492592797
2.0556782010790564,-3.4386282319066144,0.7761074708343552,0.018266334154367955,-0.08119127468540446,-0.8579623690320748,0.5069269092052513,0.18988524235457988,-0.016914357309376547,0.33172470706573576,0.20228920300042394,0.48430182059917776,-0.20429363030136458,-0.17860149788795102,-0.5689039773336703,0.10533984190729516,-0.22619510600328593,-0.16735829310636693,-0.36751306316935484,0.3827378623679223,-0.5158992855121503,-0.04196531323895327,-0.2094858916942213,0.2221383831216468,-0.028295000679279876,-0.1644350305529479,-0.5569359791149275,0.035875660005224526,-0.021121380197532375,0.8898264800017612,-0.32065310030928373,-0.26361257500185226,0.12030401926017639,-0.11021511799239049,-0.06829487827480683,1.423369846983014,-0.19881597278800375,-0.12892728583144905
2.0512276322446974,-3.457966693056162,0.773221599934987,0.02079921163776463,-0.08622511466879883,-0.8565973783501579,0.508304587623637,0.16318927829775634,-0.032182998918046234,0.33323431309719986,0.1643267606178661,0.49674959889127845,-0.22893306061630092,-0.17256231387939583,-0.5689370495892506,0.09893026284502979,-0.21302874342407485,-0.12442389194487848,-0.3645991265748395,0.3627360486465263,-0.49937074330716164,-0.02324947225018769,-0.22336971465894814,0.23426386461096366,-0.023243836195242264,-0.15912782482092483,-0.5506574938960135,0.02080331556575642,-0.01421797699586361,0.9230177292288908,-0.3470093901548572,-0.264173179566926,0.09305497549555439,-0.13834952031552566,-0.08311454046813403,1.4879139589213735,-0.21488029715406848,-0.15004343900995462
2.0465638544107976,-3.477127146960413,0.7699233454502228,0.023364843203068322,-0.0908737016437888,-0.8553684871526798,0.5094514752533227,0.13638365633038405,-0.047189787764821696,0.3342672005191508,0.12456864310147459,0.5093313592549598,-0.2531492823512154,-0.1673737087368175,-0.5741244589632947,0.09099371669769764,-0.2033944536761474,-0.08188727538958106,-0.36121455252124146,0.3425829108689965,-0.4822923431771625,0.000734783148010947,-0.2320679324764231,0.24179944404898662,-0.018087526897523017,-0.1543676077599571,-0.5421668899282297,0.006598168623084938,-0.007368846992358396,0.951940029588445,-0.3746192111069422,-0.26442136163982405,0.06272629157961501,-0.1631624681890448,-0.09200331936104116,1.5498946565287408,-0.22901661585719962,-0.1663497834116247
2.0415083823881766,-3.4959775092553658,0.7665718424216159,0.02600509442390451,-0.09534392753222373,-0.8541777598349634,0.510503305719029,0.10887757175675533,-0.0622490392300605,0.33556313529316895,0.08201333624977779,0.5222376287761846,-0.27660745107009194,-0.16338102675817157,-0.5844572365745314,0.08346673992681508,-0.20122600564743176,-0.040733052154683744,-0.3572792417306933,0.32355214371641944,-0.46379979841409424,0.02794547700617704,-0.23475872913120738,0.24267958818113505,-0.012674288456649857,-0.1506106530334925,-0.5305710323089607,-0.006855693372906607,-0.0007705475111065107,0.9754520802580877,-0.403913794318684,-0.2647317971466241,0.029195224715347433,-0.18413168895002602,-0.0943098072837226,1.6083990039825153,-0.240625928892844,-0.17350577157605832
2.036550944225167,-3.514377120109864,0.7633385421422131,0.02908190933063722,-0.10023074780022806,-0.852823685071507,0.5116637586600655,0.07978305605081584,-0.07861594412549494,0.3367551407594129,0.036712190670003496,0.5350153418954567,-0.29964282827589883,-0.1603575413027281,-0.5977539003651089,0.07631927335172783,-0.20330940987441723,-0.0012869488083683644,-0.35292404911099917,0.3046349481343757,-0.442313157043493,0.05648320547496437,-0.23273575510997416,0.2393723951410751,-0.007034997556628278,-0.1472749913838973,-0.5167427813684065,-0.02173433210570404,0.007055566257323894,0.9945303174369748,-0.4351629185080388,-0.2572599406431074,-0.008166137365121326,-0.20257735391514753,-0.09018216032931653,1.6650590807208625,-0.2516043182133818,-0.17408753624114334
2.031101252022227,-3.5323022963871167,0.7605110040112586,0.03225218498810848,-0.10470386902767012,-0.8516884195401819,0.5124682745256294,0.05062732087425842,-0.09455311625342377,0.3368306436047072,-0.010642195766459368,0.5477506688718717,-0.3227870552035435,-0.15765092846076154,-0.6151885899176812,0.06840562809636691,-0.20803267854527305,0.037482544662132494,-0.3478201727686496,0.28499772002357293,-0.4200961837622457,0.09235820440615967,-0.2259053349829775,0.23285200931051872,-0.0014658793486473523,-0.14409454017851128,-0.5010835810070976,-0.03588270035416269,0.015041622146789746,1.0095511314231334,-0.4665257858025616,-0.24487141776715912,-0.049405695155092244,-0.21724718298941206,-0.08149115149898897,1.7184927624749067,-0.2617165565703732,-0.17182724305847608
2.0251786714906372,-3.549654652309832,0.758034382464572,0.03472246733747832,-0.10783432052859292,-0.8511638180174514,0.5125292815791979,0.022052932158536775,-0.10747968575199039,0.3366437964128233,-0.05881905476956893,0.5590425392556881,-0.3440059826148947,-0.15672497026484164,-0.6330111885754418,0.05903872657744862,-0.21359844334201253,0.07393753917229139,-0.3427912562727077,0.2652943127925359,-0.40060009956574105,0.12965349251280944,-0.21304851785108547,0.2234290736893764,0.0040468063801807315,-0.14201991129121133,-0.4838524058894477,-0.04641547113545428,0.021739902908520868,1.021751106977588,-0.49647697715882216,-0.23422826134986888,-0.09417569872955199,-0.22649609828859874,-0.07022748069641412,1.767283014092437,-0.2699443469069382,-0.17022005547328056
2.0189524292467507,-3.5663167542315093,0.7558617415407493,0.03632824015167775,-0.10920791275930973,-0.8515458376630336,0.5114915220382434,-0.005410439748922015,-0.11621014005713418,0.33713613868667147,-0.10800501105499864,0.5689512118942567,-0.36237177163565526,-0.1584891583279509,-0.6489279946124823,0.04743104829413392,-0.21926810257619625,0.10754811010268603,-0.3383371507400136,0.24573154699747096,-0.38627383064464843,0.1647982405958052,-0.1949402329427781,0.21106342898039337,0.009496575983063445,-0.1418319444842729,-0.4652709710241435,-0.05190459268943707,0.02711809695305636,1.0318089441070315,-0.5257267391408329,-0.2277411012339811,-0.14396266658404372,-0.22874920236126178,-0.05552529449402691,1.8116781739050305,-0.27528547143535426,-0.1691577709382756
2.012402433776022,-3.5825876706948887,0.7540375095415777,0.03729473523173239,-0.10919647715064752,-0.8526127328441493,0.5096437578288527,-0.03231798995152157,-0.12142520903264693,0.3385008091102758,-0.1583486375504063,0.5779324274968193,-0.37806091372076495,-0.16285015554910764,-0.6627852708699248,0.033346566055035005,-0.22514726577365848,0.13967738171465577,-0.33496138824842175,0.22613296782341108,-0.37718308380438137,0.19667545556536356,-0.1740389178885447,0.196067017428141,0.014954555057451187,-0.14326633253865062,-0.4450545480224187,-0.0532073539958655,0.03145968600573237,1.03943567173889,-0.5549279098444577,-0.22497459406785683,-0.19831287465080122,-0.22439906112574423,-0.037593473949422127,1.8517190324999964,-0.2779520445461753,-0.1666806696359568
2.005311730637725,-3.5986549830917323,0.7527525705458172,0.037722954821362176,-0.10834571544264303,-0.8539292593269557,0.5075854654046786,-0.05934435272144642,-0.12421526606318942,0.34016701446042513,-0.20905196687276503,0.585659685838691,-0.39137079699028043,-0.16847969814981628,-0.6743084570152736,0.0178785653894388,-0.2301935872901554,0.17140186790534087,-0.33278258692108437,0.20645345674678267,-0.3722022250556372,0.22374446834979758,-0.1519700979574468,0.18015455341461095,0.02044406693374701,-0.14546817346095342,-0.42267900928985264,-0.05191279538999937,0.034743733511226636,1.0436072161042589,-0.5826055626138089,-0.224091972518709,-0.2541639557019697,-0.21629439880803633,-0.020473713969959513,1.8856742486072458,-0.27884631679160926,-0.16354864991314408
1.9977240144659028,-3.614887027656431,0.7521357902281985,0.03772347463460593,-0.1073137839486644,-0.8550452643202778,0.50592320286737,-0.0871915451415689,-0.12591411592656676,0.3414258157153116,-0.258785106236611,0.5917409611728076,-0.40318179135260446,-0.17428205347129738,-0.68297023172196,0.0023753595021278233,-0.2328990407052664,0.20366191799153194,-0.3317952186072944,0.18600374344988505,-0.37016960874876215,0.24369054747524835,-0.13026732867899823,0.1655598310312344,0.0259241427918052,-0.14751541722738265,-0.3975711245158529,-0.050038169499823794,0.036929851941085105,1.0433334366156533,-0.60726552365209,-0.22333439406340994,-0.3080293278862932,-0.20839571620849623,-0.008266593579509136,1.9116255383497258,-0.2786224921746072,-0.16128281031450678
1.9895496100058954,-3.630944863307157,0.7521001495204093,0.037353231778128895,-0.10621490523374824,-0.8558884267645306,0.5047555159802143,-0.11578555375505699,-0.12673749448127236,0.3419597710965796,-0.30814306394273083,0.5965429896770753,-0.41467289281875214,-0.1793780685152312,-0.6879822216253898,-0.010746318780529908,-0.23218588489059996,0.23657998264958768,-0.33136439263073614,0.1639255907019019,-0.3711608318914915,0.2534260798074581,-0.11049515594801104,0.15450555534019664,0.0314027019653456,-0.14909606000986103,-0.3695383711181577,-0.04776076909697879,0.03852440295712195,1.0379510929046565,-0.629553385048321,-0.2213240382332871,-0.3599180219442952,-0.20188741699063906,-0.0020654685820143985,1.9292180725779127,-0.27629408059681637,-0.15841346199796272
1.9807674144946374,-3.64660917187787,0.752527695601484,0.03662842497091913,-0.10478965485354885,-0.8566466596641827,0.503819399394289,-0.14464177430269345,-0.1263510452888515,0.34200356102755436,-0.35738069588344634,0.6003009572595187,-0.4261350608676204,-0.1842706184381438,-0.6890968629332266,-0.020529231766818465,-0.22793712212043496,0.2701937988695369,-0.3314269446857784,0.13956793032759757,-0.37576267179943534,0.2521357986453098,-0.09351468443568697,0.14750924310184638,0.036874327687542764,-0.15051515323964298,-0.3391030993014175,-0.044227998926641685,0.039568820978465424,1.0280782517849314,-0.65005193292703,-0.21900265850789932,-0.4110618755662906,-0.19560728385401577,-0.00044478566769798886,1.9389975995038389,-0.27127774103902885,-0.15431870543472842
1.9714561764088894,-3.6617859623170426,0.7533548565169723,0.035678209523773534,-0.10327175523801456,-0.8571416779292356,0.5033588718716422,-0.1752124704544046,-0.12586394359945272,0.34103439450951073,-0.402079419827283,0.6022091967727884,-0.43324948283168097,-0.1912497354608222,-0.687408013381919,-0.025000909333981754,-0.22203355324931168,0.30147083067970104,-0.3328582609552929,0.116129153842331,-0.37932233591927905,0.24562993090212842,-0.0837921756121326,0.14370966842575342,0.04214256084553155,-0.15137849258009967,-0.30724993179507865,-0.040184992921808285,0.03905851914334234,1.0148397223717203,-0.6665861886314356,-0.21728822395699526,-0.4600143888800891,-0.19072819899588336,-0.003991748853260906,1.9409686127727472,-0.2658896454591233,-0.15218164318429087
1.9614206007629467,-3.6767856451254954,0.7545080286263889,0.034464456547128805,-0.10136262670305342,-0.8575898975298534,0.5030679743310087,-0.20507225280959462,-0.12479184738086309,0.3394481626727522,-0.4447495179355867,0.6028897414817271,-0.44030430507001644,-0.19818332190025054,-0.683879106502384,-0.02876853834751442,-0.21420013933580062,0.3337359290674635,-0.3340832629590026,0.09189354599152817,-0.38482059185880396,0.23601932266548167,-0.07449174366372362,0.1406674845947758,0.04708326087107706,-0.15230494059912333,-0.2743818701475023,-0.034876156609928294,0.036911600701710824,0.9992413854359372,-0.6804607315373016,-0.216417416527286,-0.5056697664649336,-0.1865313008056044,-0.012146994484130159,1.9350243903929834,-0.2600594961226272,-0.15349118821531416
1.9507401980585832,-3.69170692675702,0.7563256170649554,0.032858591245445934,-0.09917437561887268,-0.8577892899719404,0.5032715869303633,-0.23579197686931513,-0.12365437687224494,0.3372329127926516,-0.4829332995743353,0.6013029065388305,-0.444911787141439,-0.20501642209513338,-0.6789963546230151,-0.03199804787324135,-0.20492901381679937,0.364289086672364,-0.33561296999975343,0.06921382811505777,-0.3893428741905682,0.22560928698321345,-0.06474589987190355,0.13813093047493738,0.05134707678954858,-0.15322505973868455,-0.23989028578273144,-0.028550666593459707,0.03240283807476144,0.9801986106118692,-0.6902541045150276,-0.21673164635952513,-0.5468240663111764,-0.18444731079409923,-0.026729550517822904,1.9207122274799178,-0.25409918950568355,-0.1617634388162514
1.9393993810485814,-3.7067026516867676,0.7587660709941361,0.030820928713268116,-0.09673529724920968,-0.8577528460005373,0.5039369085484193,-0.26736885352368533,-0.12233200913854789,0.3346384254601117,-0.5167001295617096,0.5977523844501764,-0.44698157949376877,-0.21207268837844867,-0.6730736579016827,-0.03492905319685882,-0.19476792071959503,0.39309347310280857,-0.3373943906534408,0.048133237230038615,-0.39305760090459585,0.21518243066726286,-0.054778893984305216,0.13589351564699026,0.05511867982098422,-0.15415885883650587,-0.20355158219369918,-0.02110884274677993,0.025952249037036943,0.9574939562730158,-0.6960027344955642,-0.2180133570072382,-0.5834536358325898,-0.18452529945808085,-0.04769078552391785,1.8982570980077142,-0.2475886156643925,-0.1761925130460939
1.9275202748342661,-3.7219712710260366,0.7618083820212935,0.028544413013336947,-0.09412675862059626,-0.8576284363215705,0.5047760245989525,-0.2987377059594298,-0.12056041894581036,0.33182604386028114,-0.5472127632331865,0.5927503876496418,-0.44816386525009877,-0.21920653990757,-0.6661754980041913,-0.03780865249543858,-0.1840711780825721,0.42090245337185445,-0.33937659210988624,0.028157784584005738,-0.39633110358200163,0.20509581954552064,-0.044920715756826365,0.13357957251107594,0.05865127845055098,-0.15510119039600032,-0.16653418950998178,-0.012794627302522864,0.01816567695265507,0.9329711127672069,-0.6966287432443111,-0.22061345268042226,-0.6153082693865445,-0.18534212422175286,-0.07251010926584243,1.8680076826124636,-0.24107878794492305,-0.19350073920741107
1.9151540083658873,-3.7371608092184276,0.7653811194578002,0.026278898279039457,-0.09175889693284536,-0.8576256385470119,0.5053394784159829,-0.3283073553187539,-0.11903407513478226,0.3292506814239621,-0.575691863745817,0.5870883682530931,-0.44984286069196383,-0.2261580491901154,-0.6580669346873229,-0.03996839250863667,-0.1725334405130545,0.4478046671371289,-0.34083622912383155,0.009599158173284932,-0.39931252008877394,0.19542618539790277,-0.03563812741090917,0.1310827913029577,0.06207277661822093,-0.15615302128112413,-0.134385432988467,-0.0042829376331549795,0.009484373648329663,0.9188921751176967,-0.6813919431352397,-0.22670509451261003,-0.6423763182759503,-0.18540254416087398,-0.0977724343934972,1.8306412834493981,-0.2350939054455469,-0.2096069369845763
1.902184516725965,-3.752239464514071,0.7690418805670042,0.02408970982354456,-0.08895894082352705,-0.8577113863927716,0.5058034898855124,-0.35621897836823024,-0.11628658022989191,0.3258700478920478,-0.6018718792762118,0.5807936646956557,-0.4530807393522113,-0.233445601272238,-0.6485167161327846,-0.041261814840964535,-0.159794632071677,0.47501565784284255,-0.3420478218644771,-0.008044999978091607,-0.40216037308290986,0.18644907248624032,-0.02750849196499263,0.12818347121165818,0.0653809821745441,-0.15675248834726646,-0.10181733187717078,0.0054003883685887835,-0.0003329731241304944,0.9017483211960932,-0.6638609152070091,-0.23370180289600959,-0.6646399158807899,-0.18349813217431357,-0.12421616751051233,1.7855012048636951,-0.22860883959922174,-0.2238069625993998
1.8888188952259253,-3.7673962447350435,0.7728067578916683,0.02192215786462744,-0.08587180497276904,-0.8578812110336607,0.5061474882489265,-0.38257100110296194,-0.112876405100825,0.32185585116272936,-0.6255542623061564,0.5736002033212003,-0.45788720586305254,-0.24100612050151599,-0.6375132337496887,-0.04193787949863525,-0.1458190517337033,0.5019325773741126,-0.34293019134566427,-0.024859716610178974,-0.40417208686062067,0.17841633620080044,-0.020060153116454885,0.12477363106812626,0.06848557657114886,-0.15687909738167888,-0.06991866776420178,0.015963623775350655,-0.011196624943888825,0.8845836865441157,-0.6420769269880842,-0.2422598902244144,-0.6819152466744649,-0.18000677995037057,-0.1518437796350241,1.7323836828278354,-0.2212318635904306,-0.23701853614085353
1.875146598539676,-3.7824619851428976,0.776694331829245,0.01990657689832981,-0.0828200117912918,-0.8581947108346535,0.5062078744335246,-0.40706550307195016,-0.10940415503161684,0.31757489834180797,-0.6462263359891073,0.5656364572602371,-0.4631442177314158,-0.24885314289010912,-0.625164478152963,-0.042197270370955255,-0.13072802818547827,0.5279018988386344,-0.34311615829234837,-0.04035353257216425,-0.405483118733599,0.17140948001867795,-0.013215502939484071,0.12097643157837794,0.07127596186801244,-0.15687265606755027,-0.03972513657207557,0.026440986462351025,-0.022974668108656723,0.8689648169880617,-0.6149307544949272,-0.2509350529662887,-0.6948346869064134,-0.17449177017067563,-0.1790300272701361,1.6724599564439162,-0.21387579449990102,-0.24784212506614495
1.8612861063602641,-3.797438339163692,0.7805446166714588,0.01818810740574516,-0.0801663056567094,-0.858726947451332,0.5057969809194885,-0.4293834712913838,-0.10657963858652457,0.313234206749455,-0.6634146320337083,0.5570057280100515,-0.4676896616838068,-0.25732114145389723,-0.6116908070011108,-0.04280769489390072,-0.11485199374621186,0.5525950037140452,-0.34228332699461184,-0.054474059838442015,-0.40649395273439437,0.165398760256835,-0.007035152925213352,0.11685215193437837,0.07370769680903512,-0.15709437138722288,-0.012034528043204746,0.035658237754165975,-0.03537231566591522,0.856227356191288,-0.5820875199463276,-0.258064869239494,-0.7042365000958338,-0.16659827922697512,-0.20335408278226896,1.6073785771129594,-0.20714557702700467,-0.2543301571515838
1.8472727610385993,-3.8123490716861865,0.7843228580886294,0.01691124379091223,-0.07794551209073687,-0.85952781597174,0.5048271392756215,-0.44923934051712244,-0.10464502165727445,0.3086357291128777,-0.6772727258703897,0.5480745862377067,-0.47158338505488673,-0.26646313674033173,-0.5974082995519145,-0.044654739789630984,-0.09890115781718162,0.5758817522652875,-0.3401111823950343,-0.06714099538863517,-0.4068522227887895,0.1606515838607392,-0.0013757474971988282,0.11238896904157149,0.07583844345181465,-0.15773426863232273,0.012639178568792039,0.04291859927572511,-0.04845090910526708,0.8468497411659014,-0.5425892860784352,-0.26155580211554075,-0.7104273106043261,-0.1557521642810018,-0.22356298820557632,1.5356856884341512,-0.19898050904789705,-0.25553566140427453
1.8333467749479415,-3.827527141652326,0.7879954172123347,0.01611268755010104,-0.07631712678618076,-0.8605288558962461,0.5033946420343712,-0.46684160810179715,-0.10396122638830255,0.3034844566011504,-0.6877399380897682,0.5386063419319632,-0.47524677460306947,-0.2762512638342737,-0.5825548974187311,-0.04826468482435385,-0.08332956651185305,0.5977915243636029,-0.3368018636004017,-0.07872045180152534,-0.40630453444901177,0.1573092994502396,0.004074360694427542,0.10743788266801005,0.07769184199015103,-0.15863456322247407,0.03496867215796092,0.04773399135779051,-0.062324691386827696,0.8401517036692002,-0.4966263558590745,-0.26305064011123663,-0.7132432108208698,-0.1428114124742309,-0.23963473137405253,1.4571882742119884,-0.18922880167814007,-0.25228405491820316
1.8194284242794259,-3.8428266508921873,0.7912568421164504,0.01557137189500212,-0.07530042687529101,-0.8617028172033372,0.5015532204198658,-0.48223501598165047,-0.1042861687474577,0.2979488062704717,-0.6945249317718991,0.5285515366035849,-0.47782942132636763,-0.28640556640667997,-0.5669836680939572,-0.05333375539610582,-0.06800704058711425,0.6185265630603567,-0.3324344901427413,-0.0889294507012877,-0.40578943449742805,0.15503257035319173,0.009046988131610784,0.10219023740111001,0.07923422545035026,-0.15953422977740078,0.055549277321497614,0.05058110013874848,-0.07680860317354116,0.8361998455603379,-0.446725903155789,-0.26417472901226696,-0.7130057971447146,-0.12860842945871948,-0.2523329643538565,1.3755448128994772,-0.18127831028304728,-0.2449703923508567
1.805555421908024,-3.858493220121607,0.7936976189758435,0.015081683684605407,-0.07512023054912936,-0.8629903525882245,0.4993767566869077,-0.4956202351645765,-0.10562953279939405,0.2922614030943765,-0.6975748447623896,0.5176627810890141,-0.4787364750136558,-0.2968148683745151,-0.5504396766013163,-0.05988556444545006,-0.052790829836141626,0.6387352351760162,-0.32750962963612207,-0.09833957772140861,-0.4064786116390146,0.15313048627569686,0.013310898866819357,0.09679414342023854,0.08049998869520711,-0.16024465929129114,0.07541934579871569,0.05116080826524755,-0.0915832247762149,0.834727879711994,-0.39570433203593103,-0.26524169955508453,-0.7103094052435746,-0.11487642091435067,-0.2621328061193327,1.2961387644527558,-0.17879309874475582,-0.23480709183492882
1.7917801476076587,-3.8745017263388526,0.7952914490425377,0.014479401463283623,-0.0757663639203452,-0.8642986464414524,0.49702882692156597,-0.507449006984853,-0.10771489224948978,0.2873704446143676,-0.695727719688171,0.5051011159511086,-0.4770475341034214,-0.30653776740738803,-0.5231384219196127,-0.07025349361492408,-0.029790903357452474,0.6590420264809882,-0.32163845440808997,-0.10743561180536795,-0.41027961176398486,0.14976074549478696,0.01894684228160032,0.08923097355638289,0.08135963139455087,-0.16137016462961115,0.09553132479049277,0.04930137525618145,-0.10775669027719624,0.8336230589900904,-0.3387092466978247,-0.26692739250660885,-0.7045248487384,-0.1016825558766703,-0.2692667553305034,1.2182862448858522,-0.18239128967887935,-0.22021338488044653
1.7781380504693318,-3.8908609536641268,0.7957764594884557,0.014094606240755677,-0.0776161434041783,-0.8657535765088908,0.49421434734338104,-0.5175028034645581,-0.11193671510041382,0.28175156733278034,-0.6897386998602284,0.49246271035992667,-0.47268192911794493,-0.31725918994993063,-0.4982347360809011,-0.08216396486720638,-0.010709160045171258,0.6781755115277408,-0.31587116388665,-0.1146938003858352,-0.4144383828885108,0.1458810699229435,0.02302392259066981,0.08297917654877006,0.08195788533169918,-0.16217642907418597,0.11514920148652738,0.04416359800410525,-0.12373586401496522,0.8349584493945162,-0.2854668431672164,-0.2681789828301352,-0.6970564492899126,-0.08976343344841327,-0.27292423143605765,1.1428095661087314,-0.1903949969621707,-0.20465535028700393
1.7644372275202345,-3.9078341227712294,0.7961518659989755,0.013821515401438446,-0.08063096660146325,-0.8673545389016828,0.4909212938787345,-0.5252155667637554,-0.11811716032181961,0.2754000814878674,-0.680404448291104,0.47968530241547874,-0.46856738362681105,-0.3285786067673119,-0.4832108753499951,-0.09163059854405338,-0.0004550788604264031,0.6953602022153794,-0.31022797601458174,-0.1200232499256824,-0.41628649207906404,0.1430182005019953,0.02610003707019767,0.07971537631207398,0.08231018326708409,-0.16232969922114074,0.13346601315595913,0.03722539404497744,-0.13687784095086694,0.8440469748900165,-0.24683435305277923,-0.26827314030938415,-0.6877382900564003,-0.0802600298041788,-0.2744750597282055,1.072109802762494,-0.20146613580696507,-0.1910568711851744
1.7505443326924635,-3.925489615111761,0.7963878276895345,0.013162438388710887,-0.08408240311051908,-0.8690914710570752,0.487274988726769,-0.5305120222583126,-0.12402425026273915,0.2699905062973095,-0.6682637887182863,0.46539590526197305,-0.4644963384006115,-0.3389975690383852,-0.46654965904935264,-0.10159086575068459,0.009031043300855466,0.7120337599211504,-0.3047805255751273,-0.12535076226395545,-0.4189480670743956,0.13946629695286666,0.030028897319900487,0.07706884567271995,0.08256383198592192,-0.16235434548932026,0.15154442009393596,0.02902201065481704,-0.14889058945289105,0.8535583174182533,-0.2033702625935434,-0.26802486436561107,-0.6763877320508928,-0.07285847739067333,-0.2762048260429744,1.009688653462322,-0.21831812561690184,-0.17779884687300757
1.736514777548316,-3.9435527431012973,0.7962028053862089,0.01205351542476083,-0.08860185137673483,-0.8710421657535646,0.48300100432386267,-0.5329691192354493,-0.13112048855696182,0.26520133005761604,-0.6537916886986761,0.450369487019565,-0.460550770400337,-0.3487219307765477,-0.44753873502000263,-0.11087913812819816,0.018326411454256942,0.7282878033980767,-0.2996883272589655,-0.13020154690862384,-0.4230058169521577,0.13516482289113635,0.03391831872030995,0.07543758636327368,0.08261238633134223,-0.16201465724388833,0.16962443875946498,0.018740600783465726,-0.15897902869550495,0.8669324254042906,-0.16174734371819918,-0.2674178557712124,-0.6639533112816153,-0.06920671303126306,-0.2787555544156494,0.9601072576834367,-0.24171841293695343,-0.1674278837744174
1.7225539577155604,-3.9618785507357623,0.7956468720565343,0.010601866283523154,-0.0941132141957549,-0.8731602806464517,0.4781437311588016,-0.5328636440553541,-0.13939656551963076,0.26113834288328375,-0.6369332113091214,0.43468857126406113,-0.45681533870680174,-0.3582101557379771,-0.42605444203508575,-0.11905447122365588,0.027547837169896706,0.7436984237920313,-0.2949414943521988,-0.13466114673407584,-0.42810533518316773,0.13002124418559838,0.037507825032842966,0.07498813900914733,0.08239589256956319,-0.16144475360031998,0.18716768557003255,0.0063066772550898625,-0.16757560618309272,0.8847971400492702,-0.12343928271313984,-0.2669880377139745,-0.6506580385824773,-0.06904432727781798,-0.2821787919823191,0.9223913242225494,-0.2698296817077559,-0.16067419381647544
1.7087196835250456,-3.980180863326404,0.7945845398026113,0.00901819383416791,-0.10008555159378121,-0.87531790076887,0.4729906205578681,-0.5306457803906769,-0.14826424106790154,0.2581711384122299,-0.6186262233348002,0.41869863198076934,-0.4536897999927405,-0.3669830140645415,-0.39049141956591815,-0.12872347477961446,0.039619606056436656,0.7579280430883961,-0.2902838723462418,-0.138957139072359,-0.4353547479273714,0.12111543987008702,0.04325474819236652,0.07689358078104584,0.08191323445160825,-0.16087635403630168,0.20256113850041266,-0.006693592949963239,-0.17389212808772722,0.9071142889651576,-0.08661334421238762,-0.2672310790845026,-0.6373226521495008,-0.0710161057576799,-0.2860201421595709,0.8951806860617353,-0.30278641871473316,-0.15673770703926176
1.6948941121110606,-3.9980969934722927,0.7930494767784746,0.007758396547894117,-0.10481943132616695,-0.877641829205255,0.4676510597964247,-0.5262518245246415,-0.15443527571438764,0.25598669412174585,-0.6016933353005429,0.4035360360036731,-0.4521264497263804,-0.375100895345306,-0.3615448514197106,-0.13809026335142,0.04650905830155291,0.7686999476863013,-0.28666950559000004,-0.14232881337077544,-0.4411153091721303,0.11345806714638534,0.04818018988335855,0.08057449104261927,0.0814350164617854,-0.16046254967652857,0.21223651092941598,-0.016263574263338423,-0.17434616920937027,0.9354212837119927,-0.05734578117245804,-0.2671057848135641,-0.626079864386089,-0.07130409848714919,-0.28930431371672183,0.8754574206733571,-0.3318527031924106,-0.15609186987912044
1.6812321351466102,-4.0154416592997535,0.7908700675187608,0.007055829722436623,-0.1083792682309956,-0.8800955589696756,0.4622076985149607,-0.5197962959784229,-0.158017124130307,0.25433847149654015,-0.5858790247038271,0.38843430309815924,-0.45087476065660576,-0.38225067579512995,-0.33872044008921576,-0.14732522108223595,0.048895031930950614,0.7756416884705707,-0.28375000860543237,-0.14463641177206352,-0.4458943827269263,0.10698425453640786,0.05245407709997545,0.08606996074478056,0.08087891501103414,-0.1601966878642662,0.21542728208551304,-0.02255069657443786,-0.16833733901111272,0.9697379049045973,-0.035286117401185826,-0.26585984132187507,-0.6167039581837526,-0.06988972248337484,-0.2911007386367555,0.8618981391657957,-0.3575021895173468,-0.1550095704588699
1.66794752167873,-4.032328380607168,0.7877590921660546,0.006801667449397594,-0.11114783730588504,-0.8826854833595186,0.4565810257210717,-0.5112493958777762,-0.15961363944528822,0.2529677455496215,-0.5705628923053221,0.3731248936469586,-0.44968417638628916,-0.38834144131232956,-0.3206034371030413,-0.15598444297664943,0.047964990889718465,0.779243890030328,-0.2815601797165891,-0.14622129342707907,-0.4501507977244992,0.10133927832137701,0.055182110748054604,0.0930992685666268,0.08019291889272284,-0.1598465624084699,0.21305987205335933,-0.02636585284011071,-0.15690535401456923,1.0099451239191342,-0.020372847479352765,-0.26421333930751956,-0.6088303931621345,-0.06762796377251276,-0.29150347702861656,0.8554997169832131,-0.38126981296947,-0.15420062493573186
1.654538458637691,-4.048514833946443,0.7841452355149645,0.006661765865331378,-0.1130224834550362,-0.8853977389001839,0.45083520610047073,-0.5008022259649929,-0.15929076437926643,0.25230444885694253,-0.5550646979745298,0.3583846356583052,-0.44871701195212454,-0.39297892498975445,-0.3069136114916485,-0.1639708801973298,0.04443684236562597,0.7791375769883621,-0.2800730942374572,-0.1459641475099194,-0.45289511304144014,0.09683043759455434,0.05713026148629359,0.10180538214448885,0.07935694532953898,-0.159356518571181,0.2064030150509721,-0.026177522252300613,-0.1406645055274545,1.0540728107363317,-0.012045036646895942,-0.262157815812302,-0.6024185566570935,-0.06393095695813157,-0.2908991165560395,0.8572238764356442,-0.4014455966454647,-0.15831879562362136
1.6412340396880185,-4.0637195559431785,0.780281606405747,0.00635742668781428,-0.11382040586987342,-0.8882346938772968,0.44502092863845394,-0.48874997279346166,-0.15678922827654293,0.25266389023864055,-0.5401427332357234,0.34414598180760664,-0.44808692271928663,-0.3945973956920036,-0.2978045726470257,-0.17077692198360303,0.03880337398762549,0.7744780499411119,-0.27973259405985196,-0.14372891818262637,-0.4536241137222403,0.09379264555566887,0.057903141762009905,0.11132625429369877,0.07835527918745454,-0.15871178100014147,0.1959850659934848,-0.02052253364150805,-0.11985504454669797,1.101300182791127,-0.010871279900629843,-0.2605686588887036,-0.5987744978880692,-0.058479578536585114,-0.2894176680110184,0.8696108677087644,-0.4173896166824069,-0.17376668404570234
1.6279044186205027,-4.078569277153392,0.782557426398151,0.004434832505560734,-0.11379884030149966,-0.8910465685832109,0.43939295490798164,-0.47523045304808625,-0.15263415464344887,0.26069674136138243,-0.5263827239723543,0.3315294793830485,-0.45325075694729183,-0.3905844523679024,-0.2982222775508941,-0.16998221634242375,0.030415233791975922,0.7575324971840497,-0.28041080413442043,-0.13714799426976204,-0.443613669589639,0.09379699345046964,0.06653646096777112,0.11801103827121942,0.07702320229012301,-0.16115618826498787,0.1871284660103002,-0.006979152208327329,-0.09208663095729949,1.14504829764906,-0.019795162192427683,-0.25921476855309117,-0.6114552776344462,-0.058742231261413855,-0.29756242866029814,0.9216402228874424,-0.3922055873280841,-0.2047297114069818
1.6141830146929694,-4.093904245925927,0.7816925337886209,0.0033278943364988276,-0.11299835079769074,-0.8941162655462926,0.43333174534280233,-0.4604546436105587,-0.1465476925835912,0.26554619916886385,-0.5141097365758034,0.3179884094873301,-0.4539159342060176,-0.3881381441158797,-0.3027394497285874,-0.1759072374481178,0.016345082875081175,0.7447006911732499,-0.28339089319040617,-0.13350194422209194,-0.4425522800244372,0.09546293127218286,0.07341148384869021,0.12874413390583472,0.07587814687381712,-0.16243330811076861,0.17319704071575615,0.012788303224982367,-0.05640990138582356,1.198596826537852,-0.03899843515729038,-0.2540901529146934,-0.6141846406478942,-0.049243044470810515,-0.2925859327960493,0.9642321407689921,-0.3915960219669633,-0.2631501314136629
1.6010893870942016,-4.110236065588418,0.7788454290762568,0.002538387581741064,-0.11398582194863677,-0.896335422567197,0.42846656723070453,-0.44759058845071625,-0.1432408764413462,0.2685764840513577,-0.5015914606037893,0.3046730656139787,-0.4536823183977183,-0.383213599531661,-0.30940814407683515,-0.18629992178727078,0.0038683531598263914,0.7311929617472029,-0.28768907693847573,-0.13003724257735258,-0.4430924151057943,0.09765850198026697,0.07497331529344176,0.1366929765738542,0.07463988339193826,-0.16171876794224546,0.15772051082646263,0.030532591435514254,-0.02382972601580632,1.253455075537316,-0.05852698920875661,-0.2497609864378492,-0.6165693267252769,-0.0498750857315686,-0.2855100906339711,1.016314624435314,-0.3969502700263784,-0.27290339228273186
1.5872080001036555,-4.125641236444981,0.7741832365748356,0.0013179993929880245,-0.11248033897297446,-0.8990312532510397,0.4231893688409367,-0.43291544483146793,-0.13529173809481795,0.27166485299414944,-0.48659140126019945,0.29266659973952674,-0.4521717260316406,-0.3760758392453496,-0.31664289972649046,-0.19876190714150518,-0.005972053534366594,0.7147726946881877,-0.2934195631035571,-0.12309474410781271,-0.442424686141135,0.10001113570481159,0.07325885167370537,0.14233282034353206,0.0731280274788781,-0.15917540828373467,0.13834495401857205,0.05289525741538489,0.0024306133712287434,1.3101089212701906,-0.07742987862119984,-0.2475044702222528,-0.6144671261194834,-0.04126213147885668,-0.2794454590871627,1.0599870100838604,-0.403989327391902,-0.2728661404085996
1.5713209236296743,-4.139670559736556,0.7690853530657352,-0.0012288601186974098,-0.10676391844983868,-0.9025662828707258,0.4171019787114012,-0.4155140416866861,-0.11965445141264157,0.27686435089803907,-0.4678901485544237,0.2828330005900283,-0.4505614921263681,-0.366354111084305,-0.3245523397744134,-0.21153445180674083,-0.014402874608322035,0.6941995778311314,-0.30053138886020414,-0.11085628794642667,-0.4378739853045181,0.10207138542452349,0.07243061963442118,0.14562255569434437,0.07125341473708288,-0.15503442602468273,0.11568529054165981,0.0844414939797418,0.02192892033721661,1.3681323434210786,-0.0967556587262929,-0.24419751501313927,-0.6065354477803064,-0.020024014903485973,-0.2787254974671872,1.09018331393677,-0.424650031928059,-0.27518809398662386
1.554815430784704,-4.152900383736597,0.7642628704712184,-0.004299909688726206,-0.0999063688184389,-0.9062791436107599,0.4106803405354712,-0.39723440287132916,-0.1017814122490822,0.2830437243420148,-0.44705359523573207,0.2747841522843877,-0.448459937384888,-0.35370921956015955,-0.3337634566213977,-0.22301842630128124,-0.022409491587572352,0.6685310805515285,-0.309298372159336,-0.09391015153285186,-0.4301797715844048,0.10387680696568989,0.07284165743024666,0.14625937030726116,0.0689898833170611,-0.15019220580610895,0.09013658087005502,0.12211678156293479,0.042848048706900316,1.4272405232671033,-0.11781334510253608,-0.2232381594973977,-0.5947012995594058,0.005456955479656715,-0.2778136645659917,1.1154419664814383,-0.4528110862809295,-0.2756284195579774
1.5377483817309499,-4.165518396091302,0.7596074078399457,-0.00747141600623604,-0.09202987158456892,-0.9102258800616316,0.40368741365692534,-0.3781349346204479,-0.08186914045091818,0.2896299481660787,-0.42437034655965883,0.26868080137750705,-0.44563828156028085,-0.3401781952134346,-0.3447050184332113,-0.23316478535774737,-0.02987460205115246,0.6381717313269145,-0.3193002947531917,-0.07335938994955325,-0.4216549325335093,0.10689875173083287,0.07586882650738447,0.1451512419749507,0.06643239092679137,-0.1453818504938638,0.061718767108611614,0.16233491068492106,0.06042681176754088,1.4859476268597354,-0.13898396825943288,-0.19854928162458504,-0.5798504647696298,0.03407585680787696,-0.27596917610763444,1.1353802500778176,-0.48343331369066483,-0.27367743909173453
1.521673347836839,-4.177801618436049,0.7552790151393292,-0.009811680204632198,-0.08488553705227608,-0.91418944491815,0.3961765204188065,-0.3584986103900442,-0.0630673366073532,0.29570115069835384,-0.4013776560085494,0.2638791273864626,-0.4420600478813847,-0.3262325051732841,-0.3580357285073608,-0.24010762165031657,-0.03635346790642464,0.6017328434306383,-0.33022999045633705,-0.05054955730634141,-0.4140259696051565,0.11319357116059078,0.08195418508760584,0.1430357447327561,0.06350683609322814,-0.14174214040944566,0.029113985551481217,0.1986560052297367,0.0744213571435422,1.5424850147083715,-0.1579233415227794,-0.171828804099153,-0.564361524534787,0.060781741933861204,-0.2712415856853752,1.1519728422873015,-0.5128189160333035,-0.2710355081511087
1.5067060803248848,-4.189868684063044,0.7513617646177201,-0.011000812498626968,-0.07854780879996967,-0.9182736451256821,0.38792104418900225,-0.3375123661107146,-0.045784708696337495,0.30123345471052165,-0.3781763431302945,0.2606043649894751,-0.43852210029606226,-0.31220518155935006,-0.3744492854933291,-0.2440943375574478,-0.040676364059067195,0.5588533001387003,-0.34191184348164894,-0.025472773210666218,-0.4084475673087628,0.1253354797903862,0.09312455142346812,0.14102436358245243,0.0601974050825414,-0.1396755662453899,-0.008961535631155669,0.22962714556125838,0.08431519481584844,1.5966641125579875,-0.17351985648147178,-0.14276807723744794,-0.5489051582071153,0.08546072589288806,-0.263733806520941,1.164871259319785,-0.5399355526043647,-0.2692534212733556
1.492229599843261,-4.201719021607537,0.7479815217689293,-0.0115244766134934,-0.07230205552822945,-0.9225109982901336,0.3789631344061298,-0.31500608727032975,-0.028773723297072087,0.30650113469489887,-0.3540706593487831,0.25900035304281926,-0.43514803798164525,-0.2977457885039058,-0.39411516752734826,-0.24553961534501173,-0.042637606818731195,0.5102260827426622,-0.35379180945400357,0.002242905177613922,-0.4047027668730711,0.14343645818194772,0.109584513710879,0.13938080171315462,0.056421170921889,-0.13856310880936387,-0.05225392275748238,0.25760649483248094,0.08959624291017508,1.6489714977112022,-0.18689764317769417,-0.11172116380126129,-0.5322303759092684,0.11013044412558598,-0.25446470611596667,1.1733101200671048,-0.5664704466558286,-0.26858168664432713
1.4779460973558995,-4.213943497477114,0.7450020776006676,-0.011835895700175356,-0.06672540343827961,-0.9265967495248296,0.3699001160840491,-0.2922035527437376,-0.013035554431210307,0.3117732952806035,-0.3285181653649792,0.258802886552257,-0.43120780253440616,-0.284512052528384,-0.41649157795070724,-0.24474119952475776,-0.04355080161240455,0.4582307153063955,-0.3648553832572813,0.031136182931292774,-0.403314809354426,0.16502440916854097,0.128941784063198,0.13792020328733254,0.05219767761759884,-0.1381020614432531,-0.09862752162225963,0.2824265737883488,0.09101926892465789,1.6978809708103595,-0.19841220074841445,-0.07973777652078243,-0.5134458829708838,0.13313785254960225,-0.2438705023605882,1.1789663071120153,-0.5921869923292095,-0.2692784312264748
1.4632960813680167,-4.22632604742091,0.7423500563203466,-0.012374182715929343,-0.062361366468280194,-0.9302610730973789,0.3613478593461347,-0.2701322832531805,0.00045147710997134956,0.31746415642380654,-0.30064870233370655,0.26031753316597456,-0.4249147223265554,-0.2749441071765232,-0.43998873670372235,-0.24147872385173746,-0.044947429884892844,0.40505304590811547,-0.37383017693501247,0.06067576811356509,-0.4041704358581073,0.18660225047991558,0.1474861878916306,0.13716906183741187,0.04756024919817778,-0.13800416799139462,-0.14588274922108965,0.304078773034237,0.08970746047992299,1.7413243087484995,-0.20876346551539726,-0.04742838172121061,-0.49164814541456775,0.15322285925412152,-0.23226039713582985,1.1830179376701775,-0.6168016755554927,-0.26979810311471225
1.4486541714196444,-4.238756485786617,0.7400231461224384,-0.013223328943700015,-0.05945311214437047,-0.9333780939026167,0.35368885316152215,-0.24921848817512932,0.011183428114007856,0.3237003528471872,-0.27088677771065905,0.26322561807149586,-0.4157150644194399,-0.26957220314846303,-0.4647479957976953,-0.23633085162750453,-0.04873506954433962,0.35088890292540287,-0.3804376300670434,0.08970994760513219,-0.4071226156012099,0.20634056042220245,0.16332684919528673,0.13712002096772963,0.04257039410288503,-0.1380287554271166,-0.19452472025240874,0.32162738635941346,0.0855443176148159,1.7794170797314681,-0.21792007561121524,-0.01626849435100125,-0.4664978640098157,0.1695256158381499,-0.21996364732697188,1.1858236425696413,-0.641709674315349,-0.2700273467073434
1.4340550876964855,-4.251067807633545,0.7381593599449044,-0.014182566047704551,-0.0577425770476981,-0.936144534192416,0.3465516710648742,-0.22849346455938527,0.019412819384329007,0.330566082884737,-0.2392339210067147,0.2678891065087942,-0.4040221892769512,-0.26833801423262893,-0.49033104820817314,-0.23058115796257936,-0.055102565510581195,0.2951347095638982,-0.3848030157921184,0.11835772868518159,-0.4117926972308345,0.22410978785626598,0.1766008765381709,0.138074517766175,0.03723435767631964,-0.13842481348927346,-0.2452551910037344,0.33483853134612734,0.07897099861554042,1.8124438787057542,-0.22563530625000217,0.013931451878979824,-0.43842591098434797,0.18270405262681144,-0.20667234304632862,1.1865917226896805,-0.6666383599433962,-0.2698913227448363
1.4197202137767095,-4.263231478903546,0.7368507189728396,-0.015023316327937882,-0.05694329477730701,-0.9387929045572038,0.33941072979424664,-0.20694747939293273,0.025671867475672194,0.3376826317705935,-0.20615773255514483,0.27402224570302597,-0.39085354738846795,-0.2707451416865842,-0.5139960941957742,-0.2241685644437426,-0.06291139246192733,0.23771454287395796,-0.3870359206898576,0.14622187921017948,-0.4168577860521432,0.2393586532601176,0.18668035361351293,0.13973311065043692,0.03158041709631614,-0.13941979828290757,-0.2966978350327165,0.3444338462586875,0.07263644960539647,1.839226883503997,-0.23256764184547912,0.04237393204838698,-0.4085759479829427,0.19333966958694915,-0.19155173464980574,1.185149352448276,-0.690180149056003,-0.2693633271627308
1.4055677742145292,-4.275395685863271,0.7361805559272104,-0.015579381388142239,-0.05676680327664435,-0.9415348896095944,0.33173312250838166,-0.18366284668889243,0.030614446886402906,0.34467954983411764,-0.17192346587578786,0.28128037329678296,-0.3774067488611067,-0.27644471667688825,-0.5315481821206821,-0.2167121440750219,-0.07045115832980885,0.17929646720747178,-0.38740779478399784,0.17298476893494177,-0.4209930201801953,0.25104611428401613,0.19317087719127637,0.14182212563773347,0.02567936900647785,-0.141204684968278,-0.3465399808192292,0.3514171887417793,0.06906113445176712,1.8579214184753312,-0.23895980171496056,0.0673669291795086,-0.37786961835893945,0.20208748301826573,-0.1738921198564195,1.181366117328962,-0.7105538991131661,-0.2686129366940319
1.3917316321716058,-4.287597676329026,0.7361994930813685,-0.01573803861077529,-0.057228968809010156,-0.9444171733504808,0.3233471229969885,-0.15830063838159888,0.034422313709483704,0.35127405492718894,-0.1368034355060382,0.28900643826627087,-0.363985836235419,-0.2851414882906144,-0.5388579062164544,-0.2074319045758656,-0.07660689073272409,0.11929253957436121,-0.3862267863027772,0.19873583632997088,-0.4235328985806428,0.2573834323215617,0.19655412843123887,0.14436589317749385,0.019516434081755768,-0.1437935985483786,-0.39421783802958954,0.35618485324210347,0.06998256295258212,1.8678255448549637,-0.24470707558841792,0.08833935721645314,-0.34665936774319267,0.20890692535737812,-0.15312138139762607,1.1753047832955161,-0.7277638035855654,-0.2677998376168953
1.3780468853475782,-4.299847859547247,0.7369036635710933,-0.015561148514335347,-0.058420147960889325,-0.9473171587589644,0.31453956458605414,-0.1313721812503597,0.036977182276060366,0.3574523042127893,-0.10060157861053362,0.29714931766478564,-0.35007789815280355,-0.29689158984357245,-0.5353348715311714,-0.19653834719344673,-0.08155830099050296,0.057846906039083164,-0.3836062922520195,0.2237457606132374,-0.4247472678637548,0.2580391240210796,0.19730333296398522,0.14745872050495132,0.013062310946525768,-0.14694395113269862,-0.4400144899244307,0.35827488505874217,0.07470580865207074,1.8692150168257695,-0.2495433816047443,0.1056164121728339,-0.3145041497037929,0.21336275689095183,-0.1299038804645206,1.1669920301789258,-0.7426033345082438,-0.2669039334556213
1.3641791565566368,-4.312032845922423,0.7382259078685376,-0.015093231605770514,-0.06010396175435087,-0.9501884901623346,0.3054530099772268,-0.10323899752928746,0.038577767494128744,0.3630066119752774,-0.06353842914063369,0.30593037305107196,-0.33540052941946075,-0.3111099169914059,-0.5229870303568404,-0.18447161254243882,-0.08553717821688069,-0.0035191329912056084,-0.37946975494393526,0.24806481330826705,-0.4245161636301768,0.2548869507475035,0.19486297561095242,0.1507999584609905,0.0064363145958250805,-0.15039933902466693,-0.4833853556642462,0.3576368071442895,0.08180872752768707,1.8622085221947025,-0.2534082244497849,0.11952275123693866,-0.2814129481401009,0.21563513661184147,-0.10535488160405725,1.1563384400710246,-0.7548250492801302,-0.2657492266209918
1.3503209349260292,-4.324058862184222,0.7400881969995011,-0.014322394598659645,-0.06201921991537793,-0.9529956446662691,0.2962225288886199,-0.0742755736260837,0.03958703701133774,0.36753327648666967,-0.026762616370883785,0.31498368378449676,-0.3201820890980479,-0.3262021749287564,-0.5051374408956801,-0.1714071884993305,-0.08867442277226881,-0.06320794745291422,-0.37378275534282535,0.27115870256633406,-0.42228443700285245,0.2510058204696869,0.18878478955097786,0.15358681854802503,-0.00013357287701737955,-0.15383812358169716,-0.5240068998260707,0.35418515210647217,0.08977660139168828,1.847179616521485,-0.2559799659249225,0.1301702023963284,-0.24783227951202264,0.21581797962042243,-0.08056253406080975,1.1434689025921738,-0.7646325192729022,-0.26464775040568644
1.3361950249335062,-4.336034290640399,0.7424785178773409,-0.013222554149980378,-0.0640841776817215,-0.9557678722915095,0.28675103579231953,-0.04427914213516988,0.040353050117999556,0.370899717454645,0.010119581910644753,0.32399445619590267,-0.3046848907016253,-0.3416035555045035,-0.4833634644118064,-0.15716235060429676,-0.09020584259783657,-0.12027204468548061,-0.36671429133780187,0.29321310026943836,-0.41813129848710084,0.24857920695563002,0.17933496782636654,0.15585644327528397,-0.006547813715696339,-0.15715618120416042,-0.5615649485986498,0.3480201153861182,0.09812042435333508,1.823782988074238,-0.25540596667071896,0.1387957559418285,-0.21335895641722477,0.21376992308281617,-0.05568918280811931,1.1275525547323961,-0.7722320565107176,-0.2633807146197611
1.3218698665650395,-4.3480741634557205,0.7453729816772976,-0.011728558587648607,-0.06636827569118096,-0.9584965430898936,0.2770235906560272,-0.013219352170686652,0.040729361648065905,0.3729955246522341,0.046899510690560725,0.3324757489664391,-0.28914296737516804,-0.357086340962954,-0.45806089968710045,-0.14150563960640805,-0.08974147388087449,-0.17517532878931186,-0.3583683140239574,0.31429415492321666,-0.4120944268602266,0.24801388063392263,0.16749756907669403,0.15784524938033817,-0.0128047948713436,-0.1603238243707849,-0.5962039980650529,0.33948579257405487,0.10748832303083744,1.7920652508741677,-0.2514678265321067,0.14550194114063375,-0.17834073207451728,0.20936316940274685,-0.030389745804885775,1.1089207336165747,-0.7776481698239224,-0.2620021552201759
1.3071008399979833,-4.3600898656979865,0.7486469605200334,-0.00997618500219729,-0.06885889869375718,-0.9610800558967626,0.26736502007734575,0.018113031282192743,0.04028745447036222,0.3739445555840746,0.08309044259948786,0.34062961433334576,-0.2730032550388995,-0.3725669926031191,-0.43121489459408613,-0.12504409975532782,-0.08802389681218459,-0.22698897478028662,-0.34877401569396377,0.33447593275662935,-0.4048745002815263,0.24942694664038967,0.15371205552771167,0.15972299294833164,-0.018840407401244104,-0.16319997977689935,-0.6270777775794935,0.3290658645332925,0.11761177448469558,1.752453261183941,-0.24582874514134428,0.14944273396439386,-0.14334600228292144,0.2030266966532132,-0.005222483100255493,1.0888361069678096,-0.7797621398593443,-0.26031917981628805
1.29168059802021,-4.372159862942657,0.7521894956677451,-0.008440021045477248,-0.0712706079079508,-0.9634452807841678,0.25811326472674384,0.048621708676761896,0.03963801615649627,0.3749170928267279,0.11759593688312664,0.34814645241308856,-0.2557998641651301,-0.38787047979305445,-0.40546103318098603,-0.1086490029295416,-0.08661900886055494,-0.2748190321557775,-0.3386345143924914,0.35343910749410345,-0.3977758606847498,0.25289096708343856,0.1381501725541954,0.16141932547377139,-0.02454008569989466,-0.16612164038844096,-0.6528385486017155,0.3177427788462707,0.1278712743424189,1.7057779949244771,-0.24005264415642708,0.14915764840355406,-0.1141914651824049,0.19481760585151844,0.012943193122606828,1.0820371123438346,-0.7609350348375823,-0.25743465126915793
1.2759230970911402,-4.384358123725302,0.7558205160493385,-0.006325181938100782,-0.07341344388731504,-0.965448246660862,0.24996027954361194,0.07821213467850921,0.03898469600012853,0.3723034672997071,0.14814340078064434,0.3548449762036872,-0.23953906280849283,-0.3977999889818771,-0.39190083199796416,-0.09916024026257043,-0.0854204769524736,-0.3132033373602467,-0.3285781469353252,0.3680836728367359,-0.3959353628758538,0.2565233914997573,0.12687025973147004,0.16244933695257568,-0.029598179485214923,-0.16739057962043782,-0.6759198680361701,0.3049663586715083,0.13758417175749094,1.6521732615741769,-0.23357396981078976,0.1455576363998026,-0.08349161749344863,0.186321994910899,0.03266041758777122,1.0675787010927456,-0.7469390749596135,-0.25553947875806676
1.2598513808772822,-4.396544743249525,0.7596409540121378,-0.0038818506714433936,-0.07620151761809131,-0.967344856492177,0.24170682358219214,0.10731431633454651,0.03614025535249284,0.36903212833704896,0.17922869452395307,0.36059851268653087,-0.22002051547278675,-0.408786076380068,-0.3803226178497706,-0.08924450593139929,-0.08481972435191566,-0.3490081940034519,-0.3182218021151609,0.3838416468586973,-0.3933338540717888,0.2623888255064152,0.11477208122425034,0.1637674334176825,-0.03447453493438944,-0.16836325115917922,-0.6932002839037085,0.29041079989054913,0.14941495207990887,1.5898787138051094,-0.22516232110600162,0.13814852991649146,-0.052882009474930096,0.1762697973249712,0.054679861531548815,1.051281437833,-0.730324414866305,-0.253756579188352
1.243268045260547,-4.408640352704701,0.7634912633178476,-0.0015120893322525938,-0.078922461177976,-0.9690826623253231,0.23376858704266698,0.13517186562940262,0.03270430525109992,0.3653606484061388,0.20958473240952405,0.3655848733302651,-0.19871155073235347,-0.42024351514881275,-0.3706522645775861,-0.07913352124707276,-0.08484542422963623,-0.3810043614773225,-0.30770679843155435,0.3995374081057625,-0.3906862407372548,0.26992050649447435,0.10157521132347104,0.16523790955890644,-0.038915279740814906,-0.1690994344714208,-0.7055760249828108,0.27498779894419934,0.16093411815608127,1.5210000974330529,-0.21626467640614785,0.12568078334319774,-0.02311369862975765,0.16569449193449887,0.07600383317901495,1.035165389178067,-0.7097466153904478,-0.2520653784667522
1.2262172179039446,-4.42075088130215,0.7671965724022451,0.0005352800864944493,-0.08109760418414158,-0.9706880374940647,0.22624682525229323,0.1608864462311066,0.029592443971477374,0.36133468877516794,0.2388364164131822,0.36952926303043054,-0.17662801048583268,-0.4320524827531238,-0.3618438725389131,-0.06902500131892364,-0.08510749128896836,-0.40908285905308345,-0.29763085310021187,0.41499807098701863,-0.38791112356582735,0.27786219503459214,0.08681209375700487,0.1667899759285331,-0.04293163885415041,-0.16957625408687463,-0.7137304082628183,0.25942268411042535,0.1706077467905114,1.447786707770746,-0.2082621943879105,0.10588347951284718,0.005081897264218048,0.15553861187687315,0.09511660013828827,1.0207925716347397,-0.6840763214682476,-0.25081027638732906
1.2087711130199017,-4.432749780030088,0.7707271479397604,0.002332050353537934,-0.08268758209351457,-0.9721689870953754,0.21919120839720738,0.18449620423495708,0.02701054317394536,0.3567617920232839,0.26672938351944897,0.3720219341125343,-0.15376522350611374,-0.44366315476161405,-0.3529820669165526,-0.05887546474242256,-0.08525786113747347,-0.433142786855225,-0.28873625786566,0.4306396091804992,-0.3852991095484354,0.28477061287716604,0.07023657019398961,0.16830834465212094,-0.046555807218433956,-0.16971508807743674,-0.717277968304707,0.24388316507718563,0.17869726467891306,1.3684400065935334,-0.20007202259991416,0.07706171374296855,0.03134181032787437,0.145742386781671,0.11121285534586525,1.0085764484458766,-0.6527565886839878,-0.2497454349046979
1.1907372289928535,-4.444700730296183,0.774014496713397,0.003915204792964348,-0.0838030687579182,-0.9735353252043716,0.2125810137745201,0.20631973840930093,0.025003900931426595,0.35166098756457204,0.2932354802665132,0.3730911705749096,-0.13021491729713297,-0.45488460602840125,-0.34394092848275704,-0.04874788743914133,-0.08524537508231923,-0.4525814742329043,-0.2814225035980136,0.4464603569456628,-0.3837153819085262,0.28992995405576477,0.051670824833792255,0.169733939382561,-0.049756410083667074,-0.16948516615275266,-0.7160098129064666,0.22810114915836277,0.1851751589525183,1.2821880417049039,-0.1909799843701452,0.03957780315294682,0.056107059996932426,0.13626683220918662,0.12472410345081344,0.9980259890550218,-0.6157087460429722,-0.24853846700574803
1.1721253811846428,-4.456557006126535,0.7768532770400156,0.005052452168405461,-0.08421665909941076,-0.974829930323638,0.2063701383495938,0.22594130883992364,0.024117157334456477,0.3462548911816817,0.31765078519038514,0.37317711078243426,-0.10685070365750066,-0.4658746605931688,-0.3345357367882412,-0.03848870782984414,-0.08492672000597232,-0.46741031999923116,-0.2753565902993171,0.4618710886825505,-0.3826309616846169,0.2932831219408057,0.030909865697109955,0.17112079282323756,-0.05244355416182005,-0.1689550880274898,-0.7114732869506681,0.21254009233360188,0.18802502264322063,1.1934924074741577,-0.1834061767609251,-0.004903071098387106,0.07970330815495742,0.12823066028180044,0.1363428636302859,0.9890664303532016,-0.5735126102366803,-0.24731792939434463
1.1528988409193948,-4.467988233588471,0.7789830725028205,0.005440533319306407,-0.08362351549038488,-0.9760882017662046,0.2005725071565085,0.24285055226337018,0.02513735584701267,0.3408635092724559,0.3390006417095278,0.3728684168088619,-0.08467836491019828,-0.4766167313877249,-0.32457572537364393,-0.02763796857040212,-0.08388066298963119,-0.47772924230818276,-0.27005887629318326,0.47629730514144525,-0.3810841486501265,0.29517870953069075,0.00761267750019233,0.1727719380320435,-0.054513319128412036,-0.16827620302827812,-0.70575724873767,0.1983174568426284,0.18503194818161386,1.1087260718102565,-0.18041573517412876,-0.053104293588667306,0.10256963556205398,0.12301608006145857,0.14659190154385057,0.9815580000996522,-0.5269323465733609,-0.2459460768773001
1.1329027871303665,-4.479043096260307,0.780396616995833,0.004545705085743608,-0.08205489687384214,-0.9773455457784431,0.19504362232929745,0.2566328105968699,0.028394880091719022,0.3373315016458965,0.35898971523308876,0.3715795931782403,-0.06269445729668467,-0.491104483853993,-0.3075555505181985,-0.009360314020746049,-0.08259621284983111,-0.484823272740668,-0.26559690183698276,0.48931439661733245,-0.3739549457124362,0.2958127456577008,-0.030720914073551826,0.175616703251038,-0.055713695004584375,-0.1680768371490476,-0.6975874598179216,0.1845718691831609,0.1726136230101046,1.0273650194866317,-0.18195771642207997,-0.11720602043663189,0.12653353327399758,0.12096315453913715,0.15613491270922397,0.9736102776536782,-0.46922433189944596,-0.2447951601556749
1.1128468121432569,-4.490814610694924,0.781181576349551,0.0032277882407059115,-0.08053992593840655,-0.9784172776653309,0.19026963099473265,0.26798788364603965,0.032592276418176316,0.3335735776615477,0.37370126970711964,0.3700892852122694,-0.046860361945964574,-0.5021946894085287,-0.29171916960301414,0.0071731103661883625,-0.07901224973265299,-0.4849656158476314,-0.26396690257115085,0.49896072080398185,-0.36989551867784565,0.29289911996133094,-0.06801421976288721,0.1794609058114736,-0.05656013661031758,-0.16793139607501312,-0.6881301799723379,0.16933079959287187,0.15706876781800716,0.9489507456917124,-0.1865332430105694,-0.1761360022930572,0.1483735052764265,0.11630317285863435,0.16482629671026722,0.9697727724358666,-0.41344737373855195,-0.22008034743143612
1.0927922163699952,-4.5028081297438325,0.7811156426124579,0.001832134938183407,-0.07940268739475853,-0.9792456601719546,0.1864666017024257,0.27594322191602355,0.035871669440393356,0.3299448981971385,0.3838186715505978,0.36880173420260237,-0.03444165218098212,-0.5114986010628498,-0.2774163882338416,0.02207793717241246,-0.07316338736064369,-0.4804808576030478,-0.2642746886709455,0.5065343003586478,-0.36698230310289204,0.28794732081783647,-0.1045825699502346,0.18472828292917703,-0.056983569352809404,-0.16766010126852585,-0.6779606438418833,0.15347213186902522,0.1415998613572554,0.8759536474573607,-0.19670321456336598,-0.21876495576202717,0.1684027593474005,0.11162208959109485,0.17294630224389293,0.9690243623836199,-0.35758486333426676,-0.19102841950299249
1.072930277147971,-4.515269700296592,0.7800448933567369,0.000743584756308822,-0.07938844534084338,-0.9797268310725831,0.18393547320880865,0.2799389168061605,0.03656001353203651,0.3269046059535007,0.3883575151743575,0.36821240206912426,-0.025318032557260763,-0.5194386458260994,-0.26583053355918135,0.034972864464956774,-0.0663577632016836,-0.4725913783375224,-0.2665684198492116,0.5117279718526508,-0.36495627391924157,0.2837671950240961,-0.1405130961996488,0.19118396712342745,-0.05692368209090502,-0.16741270362092767,-0.6682606284786857,0.13619017047854634,0.13056793227053162,0.8132995409204621,-0.21407311601275225,-0.23124587019079712,0.18581754294724537,0.1056856098377557,0.18008581612164573,0.9729241253415579,-0.3045271866619987,-0.1603841681065215
1.0527372405959023,-4.526735143027589,0.7787651552301007,-0.000984436499422997,-0.07763308300099407,-0.9802461150191812,0.181905715408674,0.2813447917891715,0.03999745052016079,0.3233983667870172,0.38594351396259113,0.36866596067771457,-0.019341001284206356,-0.5229921160206514,-0.2615434180598349,0.04301528693960736,-0.06185009181953466,-0.4606095948236452,-0.27032769754471786,0.5160462152417026,-0.36602850573374496,0.28387795107256697,-0.16322504008343647,0.19675580988325425,-0.056175065694444026,-0.16721433394483823,-0.6610092051006446,0.1284500791241678,0.12133989571886174,0.768984493489957,-0.23745848029773506,-0.23947346971237082,0.20087855285923945,0.1062931051741922,0.1886060372168173,0.9863293763044013,-0.2682696431713046,-0.13425614961366716
1.03238954594414,-4.537428433997373,0.7772907147662099,-0.003231081940730556,-0.07533183730617782,-0.980692284079069,0.1804364662293808,0.28028624395966206,0.04376939356845378,0.32128253628699943,0.3768164867017181,0.3705071606327163,-0.016209722411864594,-0.5256128148392196,-0.26018208469232845,0.05110753061773447,-0.05787886033223109,-0.445490624742858,-0.27549570855219824,0.5172981384069162,-0.36618505881058766,0.2877547974104559,-0.18625722587567328,0.20386823965193504,-0.05469475059783249,-0.16766535251551037,-0.6546722616336093,0.12640278700743343,0.11410015348751007,0.7399203794302784,-0.2669165783937923,-0.24740270767183448,0.2152576916599683,0.11148343607509063,0.20062146015915744,0.9982160435092535,-0.22334142597146095,-0.10292762640025453
1.0121837678419279,-4.547844781347357,0.7756025184687612,-0.005689414633598595,-0.07291823751944107,-0.9810398259978577,0.1794754050121587,0.2768831366886728,0.0476121676346872,0.3205931619063778,0.36145014900583416,0.3733853200820745,-0.016589134844680265,-0.5266426423794992,-0.26160875792368593,0.05800402778735805,-0.05475206280249013,-0.42806644240671676,-0.2826538783092736,0.5155765547538648,-0.3661215390493449,0.2958313928296582,-0.2089631970393134,0.2115283742755415,-0.0526683775000304,-0.16886255428253874,-0.6497778246865112,0.12677213424335856,0.10749030159403589,0.7242635282264309,-0.2977649409057537,-0.25340659950736977,0.22774640226342768,0.11772515531130136,0.21100167266104924,1.0127974248103635,-0.17993833790242222,-0.07127875501754051
0.9920601153401986,-4.558429528749572,0.7736547216605326,-0.008397983222234043,-0.07126611143516158,-0.9812385635204288,0.17894551321303184,0.27166863902157234,0.0506172585412666,0.3235992500245144,0.3387012986422738,0.3775882522354967,-0.0218920716486155,-0.5256832453650695,-0.2658991253931557,0.06474370951210419,-0.05072400556708582,-0.4101135326504747,-0.2921443381522525,0.5088051096621595,-0.36315333739874484,0.31433682238506844,-0.2412427266869892,0.2210784138051513,-0.050491108478180384,-0.17193118905319044,-0.6442907923872815,0.12528590207643997,0.09891275498957625,0.7174707012561989,-0.3263663982111251,-0.25793426676880493,0.237726301772386,0.11997980279495118,0.21347733617678005,1.0321358050402485,-0.1415636823842555,-0.04014825304242976
0.9722864168613391,-4.569170991358309,0.7712195492716024,-0.010044284642725108,-0.07106044054987669,-0.981162420697864,0.1793595002925165,0.26318643957035665,0.04938495663643494,0.32682938110451765,0.31110697518412694,0.38302050254471126,-0.029350954080524523,-0.5217399911389153,-0.2688735089481054,0.06654076018652909,-0.0468463027661956,-0.3908946560551382,-0.30267558731986344,0.501945425498496,-0.35981993833351306,0.33542679194173963,-0.26785897734514197,0.22386744392993693,-0.04779443227489395,-0.17518969362778586,-0.6390774801025747,0.1186415713092793,0.08648837281450546,0.715826141445973,-0.34574575046623096,-0.2613397148450453,0.24168380997125624,0.11409785834110946,0.20068576311701558,1.058906832084085,-0.11673199004614053,-0.018713781935789996
0.9532735249668852,-4.579747840717456,0.7683085990141387,-0.01135858928676893,-0.07164628021758344,-0.9808853061427661,0.18055971082611288,0.25212994951040385,0.04591641668520123,0.3316255770650633,0.27584744124519284,0.38997578472305033,-0.040904792260205526,-0.5135313869453295,-0.2700773623363706,0.062370860003856284,-0.04140238170713948,-0.3709180231285529,-0.3141426764140615,0.49235588148152454,-0.3536296308509573,0.3667215004750268,-0.2941810458559164,0.21727966254063413,-0.044645207565013306,-0.1795245857643235,-0.6334515403457268,0.10897901394391894,0.07017544598740613,0.7208201775341374,-0.3580928511269731,-0.26498177118539995,0.2408617805010907,0.10195577123294644,0.1755156889518598,1.0925137124300677,-0.10322213337778556,-0.0033704035006313833
0.9353461469288717,-4.590207709712137,0.7655524196591874,-0.01219131380882555,-0.07291698076366053,-0.9804920478891148,0.18212586255152127,0.23888083752177272,0.04039614512728827,0.3358629841567722,0.23601913473744895,0.39750137627716875,-0.05572637445943408,-0.5010025750883648,-0.2686014838930605,0.05430974433820889,-0.03672030631363561,-0.3484931410118565,-0.32653668851259626,0.4813912088976558,-0.3461220096871157,0.3992198474479313,-0.3111161186263235,0.20495168794872273,-0.0407763128230911,-0.18300969814595577,-0.6277610663046258,0.09719684145118228,0.05307920762203069,0.7317619141598102,-0.36279989034819793,-0.2674376355713402,0.23506100233782493,0.08361200306820374,0.14182465486162238,1.1323526412219729,-0.09912405438086162,0.004210929835811057
0.9177520686105018,-4.600880430720126,0.7692541222124675,-0.01428565908644661,-0.07585169878815662,-0.9799925645587493,0.18345847798611398,0.22404855726306966,0.03279159711155634,0.34669568641089166,0.19013523252869535,0.40451562780189243,-0.07787942925091951,-0.48041606283908384,-0.2666813215539763,0.05745555967915116,-0.038559086578146745,-0.3244037170379786,-0.34054227204717297,0.4691780594075968,-0.33349122816339744,0.43923026705875856,-0.3145616902909398,0.19831185391289663,-0.036334180189593036,-0.1886590114420738,-0.6271489233563552,0.08264991063570487,0.033019495169472814,0.7597821764230269,-0.33837501350903365,-0.26686964230610477,0.22991476295258034,0.05713697980332932,0.10366074397724145,1.1722029466715256,-0.10342154070831903,0.0010363874388570784
0.8996066616691235,-4.612528355561054,0.7709228130992484,-0.015929500989117197,-0.07906397942774349,-0.979450125514226,0.18485829650154484,0.2076915214833436,0.024054440074102193,0.35353392791811544,0.14865552747683675,0.4122785105305109,-0.09749349749563618,-0.46463040112887866,-0.26228830564634875,0.05410644631523649,-0.036901777231946944,-0.29828826259707036,-0.35360348702947325,0.45198720757820704,-0.32098967037528453,0.47730338981672543,-0.3242905101083067,0.1897828234983834,-0.03202515298471879,-0.1909614497070407,-0.6192501940164725,0.06793036509290834,0.024223978761425707,0.7866682707062337,-0.32687438796497076,-0.2668750050701912,0.22002270790808906,0.022839859545430812,0.05771763955489766,1.2238536618114895,-0.11651862818337758,-0.012680407746299109
0.8814834982868798,-4.624781906635564,0.7708649853954883,-0.017147963789426054,-0.08314236106020988,-0.978831009246343,0.1862341281102775,0.1897812506950289,0.012991249482201437,0.3583319217706743,0.10728413735764634,0.42052104571249743,-0.11730655382594717,-0.44788779633218806,-0.2539375281054108,0.0423509103319076,-0.028956177944877953,-0.2702881392694301,-0.36601817933873954,0.42987516714963214,-0.30537288289944886,0.5190796834524208,-0.3402011355790923,0.17614204494567007,-0.027659344882990305,-0.19114062256019368,-0.6125695628158351,0.05136017397301597,0.018453785322116143,0.8208554818806431,-0.3141062260565287,-0.2661749384876666,0.20708964164109414,-0.02176827256090126,0.004547950748427755,1.2838502103027003,-0.13777392399131663,-0.0382432628290804
0.8633337548334711,-4.637139589087514,0.7691471548597848,-0.017653624243022626,-0.08767547505383072,-0.9781823130910386,0.18751192757005092,0.17064562728487204,0.00038818529962326813,0.36067429802265516,0.0658439087395204,0.42889069643591304,-0.13759009232474106,-0.4306958089959269,-0.24550253406131697,0.02725617772008052,-0.018041934823856045,-0.23897265658064845,-0.3776841573621468,0.40476145503673105,-0.2894884234492973,0.5562075196947326,-0.3552979483379891,0.1627136660017747,-0.022961768780141507,-0.18909702080290672,-0.6067123819133899,0.0350192780060885,0.015673162707136753,0.8580858391865138,-0.3046714322721436,-0.26595752404750106,0.19131453012158608,-0.0708007248551536,-0.046103494855068525,1.3480983025289395,-0.16216382197650886,-0.06897773826781542
0.8453667589967451,-4.6492681006112475,0.7664343767166175,-0.017544612350420184,-0.09243598777027259,-0.9775095930251901,0.18873995413301967,0.15059025187846237,-0.01311588312503834,0.3621716873117659,0.022476915798016063,0.4375392655857775,-0.1595611481907777,-0.412405404164971,-0.23993162875621762,0.011228410570817696,-0.006637412539843067,-0.20403425180403614,-0.3882819093618766,0.37639686401315514,-0.2756942451361583,0.5928921407326061,-0.3666327979206893,0.15026799381986647,-0.017890247543770662,-0.1860118809960196,-0.6000305457506814,0.020042557732570174,0.014976331721082987,0.893199859451983,-0.3032333463858634,-0.2672922381561167,0.17158199069581648,-0.11659547280263347,-0.08433385470188008,1.4129153007762947,-0.1839546614183865,-0.09842035194570242
0.8278338882655734,-4.661049996626252,0.7636031349472024,-0.016732311328806582,-0.09753525831163992,-0.9767622268736947,0.19011169163525507,0.1292241714480384,-0.027776584995619386,0.3625466368536977,-0.02334984214298474,0.4465243440829586,-0.1842091047172461,-0.39169546249969056,-0.2383756192942195,-0.003318738329792545,0.0034538055413473405,-0.1646544047985943,-0.3972085338542256,0.3441969160232919,-0.2634686901655032,0.63303916222197,-0.3737511119303614,0.13872749563007897,-0.012392166754636844,-0.18115063392526856,-0.5887299358146131,0.009333470453037297,0.020829024166995957,0.9193394693210428,-0.28814789917815253,-0.2617037467263073,0.1456181138519098,-0.15560421152281914,-0.10648394454853363,1.478124436816301,-0.20278937281578274,-0.12542485704993886
0.8102173807794751,-4.672322855996874,0.7604267075016898,-0.015541904877684344,-0.10355758668651903,-0.9758755400950117,0.19157558737142305,0.10642316677025233,-0.04500579503773816,0.36294546570888786,-0.0708992496481898,0.45637172086415595,-0.2098685448654443,-0.37031644215674453,-0.23969367404521918,-0.01584735868957271,0.013319550481754462,-0.12262637020100822,-0.40366106154922293,0.3090550176586729,-0.25168604773154857,0.676689429389434,-0.3798984457108651,0.12792692374107537,-0.006574157578978786,-0.17534492963511328,-0.5828771827379127,-0.004625693550176493,0.02469633613320372,0.9556583793452151,-0.3216028424743846,-0.264242187930338,0.11435731845872615,-0.19037671528133543,-0.11674711304013066,1.5449661910388062,-0.22162657641031244,-0.15168795822027864
0.7926482844156039,-4.682971638321158,0.757071817063571,-0.01387125323634371,-0.10964413274154369,-0.9749669568126231,0.19293829483163746,0.08229323123473944,-0.06277603816133193,0.36178271309822946,-0.11863262433005896,0.46586932107437595,-0.23611743011499814,-0.3498990701613182,-0.24456924060570753,-0.024926049019333756,0.022373541031567634,-0.07953325369773877,-0.4083780179255794,0.27328709094657844,-0.24028432192784674,0.7200581375467181,-0.3834726302669074,0.11787873828435733,-0.0006872702412672104,-0.1691404893388916,-0.57578011585882,-0.018686790449957295,0.03083163522668502,0.9881393458486413,-0.35726011962035564,-0.26004129999723274,0.07745739054024707,-0.2202671364128916,-0.11738726455821989,1.6113083754173985,-0.23944959620381964,-0.17445294158161836
0.7757817960453075,-4.693435602159127,0.7539991841652312,-0.012027954386785033,-0.11568979413129248,-0.9740596225033928,0.1941109261625316,0.05658013550742909,-0.0803155299998471,0.36035906678543955,-0.16644679781797642,0.4739053233160183,-0.2622845901322974,-0.33321200118477295,-0.25309939000606546,-0.02875708766716118,0.0271088530278676,-0.03878461786291873,-0.4123401067043782,0.2397139113431564,-0.22940032852819445,0.7522966360315099,-0.38105032207544337,0.11120900395635647,0.005239789464003608,-0.16476562984091322,-0.5655645397318545,-0.03413559559746709,0.03972046530772359,1.0133137188816812,-0.3902303069930814,-0.23999213268127687,0.0360657563175389,-0.2462515023571965,-0.11013996470443889,1.6744082968315852,-0.25509214751971276,-0.1896547933952172
0.7593185824916218,-4.702803963480691,0.7510906907943065,-0.01006686913320816,-0.1193927294579842,-0.9735414376006604,0.1945792989319937,0.030394583624984456,-0.09334565406856175,0.3580055446252829,-0.21461538181538173,0.4817447724447664,-0.2890733590776688,-0.3198065464121671,-0.26981616994951463,-0.03138548527156346,0.0312239113173433,-0.00046104459431361316,-0.41486058989486296,0.2077211659087796,-0.2205034017013331,0.7799181060776545,-0.37486213782844474,0.10637994360954385,0.010897549855125869,-0.16243022519734665,-0.5536004628053157,-0.043399565891661634,0.04636607605797622,1.0335097070371597,-0.42248216052247356,-0.23044864790182332,-0.011698927048728975,-0.26229011064381386,-0.09532270058199488,1.7331710668809641,-0.2663880178167812,-0.195224857090535
0.7430799555404017,-4.711160476349241,0.7485486004121354,-0.008345195544111221,-0.12158920056467261,-0.9732688015632394,0.19466449065258257,0.002865773186769037,-0.10321731724634545,0.3568889360769922,-0.26332077101303597,0.4892105140085276,-0.31492982060607494,-0.31074700988090725,-0.28932222025867727,-0.031803216513155534,0.0326240182828437,0.034464768466689256,-0.41655138414934684,0.1781687958796206,-0.21290303916163592,0.7960101865355304,-0.36705055492969063,0.10473179205588494,0.016717899355882478,-0.16246618332752447,-0.5391493449579827,-0.04826099068345657,0.05176024746160153,1.0494462219567555,-0.45528042749260467,-0.22647562979444227,-0.06451805339059605,-0.26886305072047567,-0.07306794716041612,1.7881846585576668,-0.2738052338933998,-0.19077030321625882
0.7268724148496959,-4.71917475732255,0.74657835702294,-0.006668316225203425,-0.12269532551424539,-0.9732245141274519,0.19425610867372628,-0.024750753247983467,-0.11079432298673496,0.3550585947134298,-0.3117478473333986,0.49524214720716114,-0.3413948229830348,-0.30418675769422904,-0.31300346905364657,-0.032803079262179756,0.03345265351894546,0.06992368511953867,-0.41738610024819794,0.14871358232607704,-0.20797242750470316,0.8084358294967533,-0.35720061570091527,0.10422680801864255,0.02224212734378814,-0.1629709182994897,-0.5224060795683932,-0.050260584055376555,0.0564305682877016,1.061375353888577,-0.48783185746792557,-0.22520693000833736,-0.12061902070744879,-0.2687424600982135,-0.04703961825131967,1.838061190009192,-0.27877719955403957,-0.1828655359333531
0.7103365427700605,-4.726888858535136,0.7451614390439698,-0.00543430412431084,-0.12323352916590749,-0.9733022571794038,0.19356312096439504,-0.05284142979151207,-0.1169522860814471,0.3526580935119128,-0.35711724198054245,0.49857021960091585,-0.3648514668811357,-0.30115434789192885,-0.3336064919673521,-0.03409646045976731,0.03350450849153346,0.10552321521262908,-0.41775416035509405,0.1217665212499943,-0.20474916585695765,0.8165344922536548,-0.3455239617285251,0.10360021969723116,0.027474569726155505,-0.1631818398073898,-0.5026569532250253,-0.051223237861531504,0.05992637367381877,1.0694633270959757,-0.5181336981739648,-0.22345099703977198,-0.1764440609709377,-0.2654517116203405,-0.02251346836841725,1.8807594129913054,-0.2822522354178632,-0.17621999605019828
0.6934887075084647,-4.734370492340172,0.7443177702461662,-0.0048104813846331605,-0.12342695070198818,-0.9734969440842377,0.19247427611997178,-0.08122078699550793,-0.12207342229009314,0.350186903564831,-0.3991238240561836,0.4990377630963115,-0.3842180203935158,-0.30290317262039096,-0.3440269534993898,-0.035087833099626535,0.0318801838455999,0.1413345962574197,-0.41795347198333666,0.09806612399333042,-0.20363909931480997,0.8195383563799954,-0.33157928700310896,0.10170036534450447,0.03246093432136133,-0.1631285935792333,-0.4793035930927925,-0.0516060499435361,0.0622302882383952,1.073539400176513,-0.5463077576030106,-0.2211119245759664,-0.2319376721521917,-0.25960330733774983,0.000783158572006906,1.9160063024732346,-0.2838542182409604,-0.16991709890814685
0.6761399238111102,-4.741259974474892,0.7443207015653632,-0.004717706088865278,-0.12303749233968736,-0.9738366592995491,0.1910017793956741,-0.10986380179336364,-0.12563038778086955,0.3482083154460023,-0.4384741142242333,0.4976372791066104,-0.4000328484941877,-0.3094839642306628,-0.34322101833369245,-0.035542438710341406,0.028070088463873717,0.1773562257204088,-0.41802776629024263,0.07753752492458713,-0.20486366831090955,0.8174697452011331,-0.3162892562224143,0.09884868107179981,0.03727573929499621,-0.1634329644892217,-0.4522553375634445,-0.05021056589414515,0.06332439319408176,1.0730720068791992,-0.5724853337917681,-0.21983216516269588,-0.2878809388736488,-0.24978578086196068,0.023669220827988616,1.9440504210578136,-0.2833642980314738,-0.16128180801898506
0.6585808765261487,-4.747574447592308,0.7450840209393637,-0.004964058610138992,-0.12196873926853782,-0.9742647992176169,0.18949165092112752,-0.1390830813994281,-0.1274201680181389,0.34610506784184447,-0.47582920699316256,0.4944191886497367,-0.41306531945752417,-0.318484117624489,-0.33487136865318934,-0.03694757538331491,0.022439313605556534,0.21329124933459293,-0.4179804124455491,0.059083606416959054,-0.20741468075888184,0.8110710699691084,-0.30069689975970276,0.09529383406319153,0.041934302490603655,-0.163961825207717,-0.4225007885391801,-0.04693953980131413,0.06313502463590218,1.0681884281398089,-0.596143676374517,-0.2200167568877899,-0.3433204841099554,-0.23816208823411233,0.04291514699396466,1.964488590318823,-0.281715327173068,-0.15436014316136898
0.640888771058765,-4.7530661748104786,0.7464362484844447,-0.005791552273164599,-0.12040601370717993,-0.9746229294704527,0.18862395164942844,-0.17043470319144322,-0.1281803224021877,0.3446082260834829,-0.5096527400210935,0.48993465415541,-0.421648437634363,-0.3282925821477561,-0.3286120657283289,-0.04004764793489946,0.018619891138302296,0.2454543966889229,-0.41789080033562587,0.04346274532921782,-0.20712461830272016,0.8048232581514159,-0.2903317302862975,0.09220379524696554,0.04628963981872974,-0.16485862604718501,-0.3903848994805168,-0.042352148960392695,0.061019117040855594,1.059070535320946,-0.6151577586532407,-0.2208677002314289,-0.3952711887756149,-0.2285128559795144,0.053459026098931745,1.9761766245958359,-0.2797919552221679,-0.15330062096559455
0.6228109775883672,-4.757562114934859,0.7483483998309128,-0.006663223639286835,-0.11778024741955748,-0.9750864207066612,0.18785602711116878,-0.20132187538741653,-0.12677331162501987,0.3423584959656334,-0.5423424521685181,0.4848520958965325,-0.42996603921803267,-0.3367298707169372,-0.3233992767359011,-0.04472650998055404,0.014445992490783773,0.27861142647707837,-0.4156171883858534,0.028456128948532347,-0.2062337736754827,0.7971713701068811,-0.27997901372757256,0.08861750975811843,0.05047475080019244,-0.1661823542836032,-0.3562637919417368,-0.034706366863080255,0.05829239493757489,1.044849731224741,-0.6328826747647409,-0.22226196290514152,-0.4456867077451855,-0.22007346229941355,0.05516613397428514,1.978843386376398,-0.2752219586676205,-0.15749373642448178
0.6043597374291133,-4.761201490170609,0.7508649732883853,-0.007716138726041304,-0.11432867526423864,-0.9755772322535372,0.18739925059618623,-0.23272479809403732,-0.12396150430108673,0.33966900904291425,-0.5731509252943644,0.47871514223717343,-0.4371791309809752,-0.3441339144466331,-0.3201167014283075,-0.05058362829519193,0.010229420007668171,0.3113441536789181,-0.4117034842972936,0.015074745354410354,-0.20399596633105874,0.7886830024620631,-0.26968388503797935,0.08476054565056335,0.0543719888139756,-0.16766821481441588,-0.32010895729216776,-0.02468644816373551,0.05460937968105442,1.0257724879927643,-0.6479993694266936,-0.22442595043557179,-0.49414099256175165,-0.21326319659906465,0.04851401490448619,1.9724855151275198,-0.2678572558166285,-0.16636244271629527
0.5853751726433833,-4.764489696079392,0.7539009370551425,-0.008958842534386502,-0.11043068617716258,-0.9760926220508426,0.1869973151379338,-0.2639015106684471,-0.12046054823928623,0.3365476396136818,-0.6014308863923086,0.47146499433194256,-0.44393146028513863,-0.35082119736225964,-0.319101438100766,-0.05775866596259391,0.006112151766325214,0.34362694767017243,-0.406834948558842,0.0027919964125989512,-0.20085774221667224,0.7799524679546291,-0.2594494746814609,0.08107886685853126,0.05807108921667797,-0.16900701446698005,-0.28245392579577905,-0.013307951683617127,0.05040136090374057,1.0036308781083318,-0.659031191509723,-0.22720804174255643,-0.5388586924485691,-0.20774872818031334,0.0360051652289962,1.9572836672397729,-0.2592515167095955,-0.17835494713237723
0.5658242419510081,-4.767489282682486,0.7575894304872715,-0.010374720643324845,-0.10645108302427717,-0.9766458638449365,0.18634212816512752,-0.29387316857551954,-0.11685682515945384,0.3329979926973509,-0.626262317125745,0.46329800310367253,-0.4505719074290858,-0.35666738898211814,-0.32026373607828684,-0.06559890258883258,0.002353158211576673,0.3748681312166816,-0.4013777102281716,-0.008461058729469687,-0.1970725204219004,0.7717667429638225,-0.24943761541798917,0.07842968573973969,0.061493361231142525,-0.16991825934563237,-0.2437721336084728,-0.0013836824828739381,0.04611910589913571,0.9799072156577467,-0.6644921655247598,-0.22991595265666415,-0.5780064038839476,-0.20265175130920382,0.02023139554076968,1.9334036662707157,-0.25102579763800714,-0.19121851944710447
0.5455148451022893,-4.770330902153988,0.7619125324985163,-0.012130617467165601,-0.10264218386514819,-0.9772504577450978,0.18519981924466025,-0.32230946422003537,-0.11386064731187916,0.32933485598698536,-0.6467893170468368,0.45453905887814594,-0.4569516243105301,-0.3621804614644153,-0.32422288690258194,-0.0737731356655156,-0.0006530188415685772,0.4045859947848963,-0.39561447923502646,-0.01861673509508347,-0.19288478038664225,0.7648569094061644,-0.23987453434047645,0.0777019234529943,0.06454022127924641,-0.17031276307862936,-0.206359709143356,0.01093326104320917,0.042373421022734024,0.9617372623898769,-0.6562289049770266,-0.2344420180198963,-0.6102947778479711,-0.19846834122469298,0.001334715677042614,1.9005863923406376,-0.24287565737166603,-0.205442303436374
0.5247648169788691,-4.772771644162601,0.766684993191261,-0.014020864833749577,-0.09849624046777906,-0.977904080136747,0.18386276407943308,-0.35001806594806684,-0.11023971591475433,0.3250399690872148,-0.6629724475345643,0.44512158218606307,-0.4625622083394007,-0.3672909048017897,-0.33130452026224705,-0.08146871715931277,-0.00267004414442783,0.4327226773079958,-0.38967776195573717,-0.02771957112258093,-0.1885956774120091,0.7591784275636488,-0.2310794133042009,0.07883585562955478,0.06716361895143325,-0.17016037035758744,-0.16597103096688673,0.024212856208252642,0.03848551145512244,0.9377775115220283,-0.6455919299086726,-0.23819979754513887,-0.6366024803251056,-0.1946682408338854,-0.022378129315619135,1.8588162203457095,-0.23421774451299443,-0.22161982040202782
0.5035564697402523,-4.774820990998617,0.7716201487171287,-0.016038908630911963,-0.09430153695292239,-0.9785814305656646,0.1822864703983889,-0.3766617278209027,-0.10656615488777063,0.3205721089807975,-0.6757270151292768,0.4354778298485748,-0.4675822968526607,-0.37266901027527777,-0.3403746855666025,-0.0887662601168351,-0.00370650280854945,0.4598546901441026,-0.3832379151537556,-0.03632916722933218,-0.18482145659922755,0.7541094061210424,-0.2232957040532332,0.08108210386340499,0.06952852583891246,-0.16981469141274422,-0.12568311484869285,0.03785469541729383,0.0338645843286141,0.9134855364882598,-0.629837133175033,-0.24172030917715712,-0.6569943290290209,-0.18967755907588554,-0.04842790209336777,1.8094359391641528,-0.22585822043892131,-0.2376522109686516
0.48187236252754023,-4.776606833645259,0.776692751776486,-0.018072790209713648,-0.09026731429923204,-0.9792553715708556,0.18051067412445282,-0.40193588794801655,-0.10321861895206334,0.31608417932240235,-0.6860788940936783,0.425997224237463,-0.47291146607517326,-0.37852723553462925,-0.3493909385341152,-0.09599962188814529,-0.004209565114174685,0.486285736523886,-0.375728071435523,-0.045079335809389054,-0.18152000788658149,0.7487862769660465,-0.21602239802624146,0.08340991978585989,0.07176877302800151,-0.16963257123100825,-0.0878080093149841,0.05115642898616744,0.027577470141507125,0.8921794463613726,-0.6068684706070523,-0.24534335388958226,-0.6720075090411514,-0.18186143259200055,-0.07339587546563933,1.753711897003431,-0.21816856608388221,-0.2506517839837718
0.4599452721995761,-4.778009876275511,0.7817006671969603,-0.020012942134510988,-0.08623945379225835,-0.9799557132452832,0.1784629900978389,-0.42567083037014564,-0.10007775115556422,0.3113850432150586,-0.6943324574075118,0.4168854082279981,-0.478803935544968,-0.38506400481460457,-0.3562016685945493,-0.10299394440889445,-0.004284177877189355,0.5117620691409294,-0.36656844789233,-0.05407328414938932,-0.17861181527743056,0.7426253127543001,-0.20904754452942317,0.08488879716955947,0.07386378020859452,-0.16960044486799766,-0.053413999092998043,0.06423284286974264,0.01885058375770926,0.8755267930526791,-0.5760025757041067,-0.24936465591293683,-0.6822818276626857,-0.17027891035907317,-0.09654008394372138,1.6912595755468272,-0.21021985948644606,-0.2618977339723354
0.4379115248965381,-4.77907473677929,0.7865299123405834,-0.02184270680289938,-0.08220716354151515,-0.9806894468349462,0.17610533009692694,-0.4476741917300975,-0.09703282643301843,0.306121940596317,-0.7004089678357531,0.40836927037694665,-0.48537074802701247,-0.3920028893757511,-0.3598848604418041,-0.1095932878679303,-0.004093621526329767,0.5363853937197409,-0.35578742009989384,-0.06324883977065485,-0.176003143110814,0.7354748275969855,-0.2022930756731438,0.08519672071158321,0.07578303928261612,-0.1694930655290807,-0.021901951329254543,0.077054804039667,0.007973621648457817,0.8628550904612323,-0.5380997220562427,-0.2537346673356598,-0.6878431208129117,-0.1555374119547471,-0.11865693768442007,1.621700736996484,-0.20202054675845538,-0.27273482166611795
0.4156569942830769,-4.779978602702982,0.7910931526453363,-0.023595253770187515,-0.07856305079036405,-0.9814001965413396,0.173564873400843,-0.46806642873063453,-0.09484932423991552,0.3003712317370945,-0.7038818752239795,0.4003750953878366,-0.49210790990931946,-0.3994811551760694,-0.3605723191372318,-0.11637544551731532,-0.00378528020730809,0.560181203891269,-0.3436716818955489,-0.07231228386646713,-0.1738643118488993,0.7270556882504724,-0.19554171074192703,0.0843739321221634,0.07745542586599234,-0.16931886555906883,0.007100563299642101,0.08869922023174401,-0.0043353665378044245,0.8534851707648604,-0.49452943427532814,-0.2576874943160241,-0.6890807964618565,-0.13873999992260014,-0.13856916830035987,1.5470941254493356,-0.19494934605696104,-0.27980910468559783
0.39362316437458755,-4.780929857181005,0.7951025616933087,-0.02526630109442903,-0.07578200624906771,-0.9820285954606249,0.17099280468927266,-0.4868220847769969,-0.09419652020799912,0.29389882842683307,-0.7056043680718322,0.3928018716980425,-0.4982506404577566,-0.4061872721364944,-0.3589070224268154,-0.12340908612585744,-0.003572105848698977,0.5828767257095535,-0.3306422562021722,-0.08116922868524727,-0.17292462089519828,0.7166316896554235,-0.18880317280225034,0.08240067314197792,0.0788967808035269,-0.16915348441914468,0.03340264020702433,0.09802815178635764,-0.01703994744384779,0.847246899570221,-0.4474636603942286,-0.2604758203319849,-0.6872903028376994,-0.121280957052521,-0.1544786844136234,1.4704432841295982,-0.19051374761462786,-0.2792862598430063
0.37168919431610675,-4.782049622190519,0.7984629014845914,-0.026777200020211278,-0.07410477290312524,-0.9825593836757277,0.16842957502418573,-0.5044540293404567,-0.09568627504224966,0.28672510886276525,-0.7046046430913598,0.38561991358287273,-0.503203947417284,-0.41284473242530884,-0.3552784250252639,-0.13136924130719652,-0.0034221584748679013,0.6041552668641168,-0.31677463455441723,-0.08920528429371272,-0.1730950906106674,0.703455960106732,-0.18166308240598864,0.07925040268127215,0.07999669454689544,-0.1692280336186594,0.05699135506264346,0.10406013838740356,-0.030239579871830662,0.8432910339010963,-0.3960169514846509,-0.26118885992484003,-0.682480413002941,-0.10333614509480138,-0.16475326270721852,1.3907871028389793,-0.18699261209435647,-0.26802784070657293
0.34969421911252324,-4.783503555714498,0.8010041063415122,-0.028152830165412594,-0.07327249294143005,-0.983034139821481,0.1657782853007783,-0.5208017980697648,-0.0987212385956816,0.2785563384942009,-0.7010976582434456,0.37900459475124115,-0.5074349571570225,-0.419113791898135,-0.349775904669234,-0.14031398698657196,-0.0036400236898168283,0.6243316260553675,-0.30219670995858433,-0.09662772263981134,-0.17429816545649612,0.6871386235270986,-0.17386939038758578,0.07479098837263322,0.08088379275782634,-0.1693849310057986,0.07812289731871076,0.10742979659425808,-0.04403654689527286,0.8418012945117416,-0.340295044861356,-0.26165776031708865,-0.6743430332461029,-0.08462900404242349,-0.16983009305805932,1.3071292714674003,-0.18349230272732384,-0.24785467360507413
0.3276573476946094,-4.785339403831541,0.8026615617604,-0.029684808497708107,-0.07357318916424621,-0.9834223647468686,0.16305290704655695,-0.5356530817223765,-0.10363610981064145,0.26943870508455087,-0.6949149311140718,0.372774797118525,-0.510386563755722,-0.42446967501771626,-0.3429030734230075,-0.14979443301200426,-0.004278455386909417,0.6435996999497687,-0.2873048990956358,-0.10359436560999241,-0.1766734888819105,0.667899627563575,-0.16595469114811637,0.06942139495780608,0.08153598547978542,-0.16929665723397733,0.09819489163121221,0.10802546311859967,-0.05728147478845934,0.8427143327709891,-0.2836636653901655,-0.26197217650236876,-0.6633195861062134,-0.06719158618659762,-0.1707162334140924,1.223342369533554,-0.1825995878363983,-0.2214952603403087
0.3052442718878573,-4.787799642406383,0.8043405004054629,-0.031846263255898295,-0.07566592925672967,-0.9836683605026052,0.16017814836134248,-0.5485995297851196,-0.1118262281001545,0.25940092457418695,-0.6852786465195717,0.3670393579610942,-0.5125023462412881,-0.42838766712085075,-0.3359171821454474,-0.15935739827570067,-0.0059236430565808035,0.661721905078368,-0.2724849200107951,-0.11014922479778683,-0.1786186782958379,0.6467600302566077,-0.15758387471056398,0.06434055528565165,0.08194126875316335,-0.1685813879474063,0.11846946607105374,0.10582508139678186,-0.06764937064099154,0.850577084960454,-0.24013876943009924,-0.2624226122940222,-0.6494654090594437,-0.05393841646122254,-0.16872748876395285,1.1445628526829277,-0.18661270981520015,-0.19324661597241552
0.2821168442647979,-4.791072060959741,0.8058449329147005,-0.03507480367187218,-0.07950863878354286,-0.9837020495991025,0.1574116009723944,-0.5605054776443973,-0.12296287220196243,0.24910263060649912,-0.6724063633367285,0.3611124956073401,-0.5127060567885752,-0.4313011588406997,-0.3300957669312131,-0.16895919603261142,-0.008642363646094208,0.6794015925715031,-0.25856509385628057,-0.11761578557438644,-0.18152167721767948,0.6244693539871762,-0.14968339506709838,0.06012624277857438,0.08206771020078492,-0.16741261883338177,0.14144374025249254,0.10039830417801682,-0.07564251003980929,0.8575330183417001,-0.1962300680548994,-0.2618401467810824,-0.6329405240146728,-0.04573267224052541,-0.16505695019355798,1.0738985596431787,-0.19634801490477619,-0.16415239598449563
0.2587557973756023,-4.794928440996056,0.8069141888715033,-0.039196223302816025,-0.08512050842857813,-0.9835226397732786,0.15460068621147036,-0.5712379513906659,-0.1373429012942581,0.23837854065062397,-0.656901373203255,0.3550811496559149,-0.5103427046786493,-0.4332708622786753,-0.32575172502204364,-0.17829826053696637,-0.012092683744919938,0.6961899292357053,-0.2452010172671231,-0.12574476366477103,-0.18580109224191094,0.6011153250270288,-0.14296372504520813,0.05706041277268218,0.0819240824469781,-0.16596570465508215,0.16575791682633195,0.0917961544901805,-0.08122337831242847,0.8662726696758197,-0.1555111039350267,-0.26071611129660804,-0.6144506626537386,-0.0422444617124098,-0.1594709034363578,1.01051165694628,-0.2112272207153388,-0.1338477030798489
0.23539423602290274,-4.798940535666417,0.8075410803546786,-0.043557195781876765,-0.09133216601356237,-0.9832694288290619,0.15146760867281286,-0.5799234565662935,-0.15257391612856444,0.22800124027386695,-0.6400756071290435,0.3491362105286395,-0.5063866867128604,-0.4342683155452161,-0.3228333531688101,-0.18756073960142158,-0.016044205528214756,0.7112394361712094,-0.2324410719740742,-0.13421292395800755,-0.19071188544084827,0.577004329096057,-0.13718287818255812,0.0553834658551169,0.08164411583499832,-0.16443445020618191,0.18872420305306922,0.08212656451275242,-0.08493298826145328,0.8785559543541288,-0.1191923925555447,-0.25957208569932433,-0.5956605447081851,-0.04166059229084921,-0.15469830465717188,0.9542124999895503,-0.23028602282387198,-0.10573504184580197
0.212244247833065,-4.802628010763595,0.8076364851329286,-0.04739444814685795,-0.09678003832302827,-0.9831349316313603,0.14776026757301142,-0.5856729110333025,-0.16575699796986298,0.21893029199062114,-0.6233440105212692,0.34326611866679385,-0.5017803525803214,-0.4340437612540891,-0.320923287608675,-0.19697131532556847,-0.020022098688585385,0.7233969445517512,-0.22041627839196737,-0.14257832706666262,-0.19549142580682816,0.5526534252824642,-0.13185560511783123,0.05517182286014114,0.08131125790245121,-0.16307660630345885,0.20715630467583368,0.0738234233073328,-0.08741985468853108,0.896295022965606,-0.08839990020166363,-0.2588867942299232,-0.5788885991657231,-0.041843903440696946,-0.15401404913342817,0.9058620593796365,-0.2521063560343181,-0.08447804291783007
0.18939554885032836,-4.805890708371306,0.8070997840981283,-0.05048231703524064,-0.1010211507689011,-0.9831895923462622,0.1434729530820022,-0.588342718386646,-0.1757847890930813,0.21137232696397115,-0.6071090322498699,0.33723414138724184,-0.4967469078288116,-0.4320795685800116,-0.3196973072876161,-0.20635295996913955,-0.023412293207827138,0.732171093672735,-0.20917623403446306,-0.15117865180808193,-0.19977427687082602,0.5286291162962259,-0.12691207204083105,0.05661103514761327,0.0809011728924433,-0.16217960028479553,0.2196452861623432,0.06736050112971284,-0.08987104105680267,0.9211523138878672,-0.06473003597969808,-0.2588156206112579,-0.5651600238872315,-0.0424773889221244,-0.15945222224326774,0.8671734253121477,-0.2767861890177303,-0.07360039136166202
0.16706187562434846,-4.808715361069534,0.8057755325633295,-0.053009668640143864,-0.10448511434735128,-0.9833694142249414,0.13877114641516108,-0.5883850981024534,-0.18344943850625794,0.2048731541129467,-0.5909068547666644,0.3308253851535944,-0.49070863244991897,-0.42810287872772035,-0.3189273635898478,-0.21515915531506408,-0.025558528530361502,0.7377992683097045,-0.19874160533971136,-0.16005213453114825,-0.2038117364425022,0.5053610920970057,-0.12299722776737596,0.059827408411737004,0.08032188112620287,-0.16165940708767493,0.2268247767925536,0.06200662173608111,-0.09237435903108805,0.9529863919137482,-0.04903718717667431,-0.2589619020120276,-0.554065405264839,-0.04402876687540346,-0.1700819407963635,0.8383865083248748,-0.3043668073361231,-0.07166267138451622
0.1452806589514964,-4.8113070342526045,0.8037193828372042,-0.054820318755146535,-0.10736193263974635,-0.9836316651168311,0.13392869539770824,-0.58632596269397,-0.1889349941291113,0.19897601672491416,-0.5745747585383042,0.32328327634420356,-0.4833130383274879,-0.4203857700659177,-0.3185183804723653,-0.22772785327667372,-0.02733108164904653,0.7408667002164795,-0.18933253813439335,-0.16939120866996485,-0.20822767227713765,0.4710277807742931,-0.11838252337844007,0.06858898997030612,0.07945582014417622,-0.1609742004168464,0.22907249637637675,0.05800129243250602,-0.09324291573708199,0.9899174442211823,-0.039891243069557984,-0.25758738265608566,-0.5454198384422615,-0.04646120267122843,-0.18460826429070568,0.8182916798760894,-0.33473435224404713,-0.0759549394899653
0.12395198986907752,-4.814200634781599,0.8011276420200694,-0.056060848373002896,-0.1100645224778983,-0.9840227892943152,0.12822687830890372,-0.5806865091053955,-0.19335625126760436,0.19459851566778896,-0.5599736565652114,0.3162689354192262,-0.47894708701378863,-0.4126220622189604,-0.318765478568355,-0.23425434324873204,-0.027463381504778107,0.7399449601226472,-0.18223899445450115,-0.1773534209270567,-0.21061523360748363,0.45441168422639006,-0.11540810711589446,0.07232258995786903,0.07881382078985368,-0.16039541526090453,0.22890486594641057,0.0556240430346326,-0.08651100496578111,1.028105583497317,-0.036441729857958516,-0.24926462564165858,-0.539479494995888,-0.04863474477172608,-0.1978608710249129,0.8058287209644903,-0.3581568341893407,-0.0816346266594293
0.1028403937943152,-4.81682342238278,0.7976205534879124,-0.056501584446007835,-0.11153769415097142,-0.9846165024458582,0.12205431925933578,-0.5720560848759523,-0.1946106947266173,0.19192460135733908,-0.5455002142342241,0.30843206590762956,-0.47440996132935387,-0.40264211863759863,-0.319403073717265,-0.24168726057956932,-0.027015899031002374,0.7363001212604243,-0.1763460853458352,-0.18374487709406417,-0.21278550315767994,0.4404997206968456,-0.11207925644170208,0.07440589147272558,0.07794987114360294,-0.159436033096134,0.225535666682317,0.057813344765989406,-0.07453655334233363,1.0684117239033137,-0.039564024820164016,-0.24381705590664465,-0.534517966423156,-0.04856891864825696,-0.21360023252398966,0.7962896822703373,-0.3760569172210681,-0.08379418723201594
0.08201467488177407,-4.819106897568488,0.7933887172402082,-0.056141357580680784,-0.11158896873633171,-0.985437510011071,0.1153644827862533,-0.5605169475771872,-0.19207823353822132,0.19120987869671363,-0.5312535997713121,0.2995259349357347,-0.46887619988459245,-0.3882329778781231,-0.3210460768908832,-0.2542724554166663,-0.02565538621917848,0.7293314074934041,-0.17212573448414348,-0.18824032029860496,-0.2147243816457269,0.42466636592422613,-0.10716150524314724,0.07529374388679175,0.07668711924873349,-0.1583965433339266,0.21864562560728906,0.064903761342143,-0.057356183612879155,1.111843500741822,-0.05110121912616178,-0.23970002069673849,-0.5301125633834217,-0.04592694266712134,-0.23242867438941117,0.788900834427544,-0.38862773738620265,-0.08268306221225082
0.06166636990526953,-4.82061696763373,0.7889032410545648,-0.05555715330510869,-0.11079572835937149,-0.986377262297312,0.10815547011967733,-0.5464513026439942,-0.187923190733343,0.19281511380695235,-0.5176593971010855,0.2920043281644585,-0.4637685410882363,-0.372874461291094,-0.32269507630821165,-0.26391678869045143,-0.023714100281105367,0.718245545956192,-0.16931871997030262,-0.18950629041315475,-0.21522817294327737,0.416469663239167,-0.10256391772566611,0.07348480612662563,0.07552873808133918,-0.157735445575796,0.20906444261043308,0.0751058845560796,-0.03832444107738241,1.1574261203977059,-0.06740771846728529,-0.236504869239454,-0.5273621259032224,-0.040430094171326265,-0.249803979586724,0.7884412536224732,-0.39557638572686155,-0.08784945883928774
0.04175197143612364,-4.821387316611815,0.7839514426932523,-0.05497195205919989,-0.1087923461066244,-0.9874342336810819,0.10057804964340793,-0.5305505060567285,-0.18141137543311114,0.19737966254826647,-0.5057481018710304,0.28522553777072757,-0.45878934327315773,-0.3559066827149471,-0.32431697745514526,-0.2721879607507821,-0.02117041078065668,0.7037901202666986,-0.16794233624643562,-0.18885097929153144,-0.21632597870631223,0.41098901342932626,-0.09814292591797216,0.07042451476814109,0.07433680620006414,-0.15765137727234793,0.1959926165622359,0.08894366653735791,-0.019692469314467498,1.2064314218370342,-0.08554496665878462,-0.23111926749764408,-0.5284681664759677,-0.03104088014754098,-0.2628461306192643,0.8011585253982835,-0.4002694098354457,-0.11158671458982564
0.022001154049693113,-4.821998289126366,0.7782650607335883,-0.054491572628481304,-0.10600686212879536,-0.9885210555229875,0.09284038174091878,-0.513509919581049,-0.17338946859713011,0.2043169191360932,-0.4960028004400758,0.28001567754276063,-0.4550314136742307,-0.33921136688413517,-0.3253213019381859,-0.27679421066267407,-0.019657604556918697,0.6868835006741285,-0.16778698489926203,-0.18797782651708675,-0.21889481781094683,0.40624625487930804,-0.09485747351081601,0.06810544837070018,0.07340389910687298,-0.15787206475410606,0.17965794123602752,0.10529367921023208,-0.0027545322976531388,1.2588682129533364,-0.1027552764829432,-0.22405587791310924,-0.5371489626630591,-0.01933546032125181,-0.26976240744231417,0.8362676855947899,-0.40195441708693946,-0.1642226393548647
0.0019701395303557655,-4.822597715283621,0.7715180564975197,-0.05391272459274311,-0.10181295781446675,-0.9897228102968966,0.08471303634075011,-0.4948203108276524,-0.16199534964119552,0.21424916969497693,-0.48816675508140234,0.27499637163925117,-0.4512959710826186,-0.32064250823473905,-0.3263858415677833,-0.2841901816229405,-0.018027837114891723,0.6676715195399783,-0.16935029413808814,-0.18695060151033374,-0.2238656213088219,0.39879872008059164,-0.09101596629966005,0.06534326838510321,0.07229545445868962,-0.1587096279616889,0.1603235024554065,0.12641398613885,0.014792277295320237,1.3153659522858447,-0.12196526754250617,-0.2132285827108534,-0.5522379430462568,-0.004125740087399865,-0.27492365312961214,0.8894620160180742,-0.3960759787881241,-0.24646071968783417
-0.01781141147974534,-4.825447640587051,0.7697770883277529,-0.05588007318404493,-0.10047535600833404,-0.9902948883400476,0.07809068051641128,-0.47772454496187566,-0.15616123900245357,0.23238135865078333,-0.4828224131333437,0.2692467886630636,-0.4494634785757785,-0.2937591078501354,-0.33258258398300233,-0.29311206319742417,-0.01812400724470019,0.6369507011693394,-0.1741223346172759,-0.18240019933455637,-0.22331823717799493,0.38556659194744064,-0.07618786994402374,0.06307215892556757,0.07021364413324593,-0.16403801013417094,0.14364276284609118,0.14243310056644484,0.033368603203766264,1.3677739061780023,-0.14355014936922722,-0.1919700692147432,-0.5810570378244936,-0.010049863802223362,-0.2797051132701591,0.9907991124063174,-0.3552673732592379,-0.2704593921474577
-0.037394003940228314,-4.826647789901191,0.7664460098385443,-0.056424659955957426,-0.09836029117001277,-0.9910216359410683,0.07083521699333485,-0.4591739121411136,-0.14907252133332616,0.24512696859456568,-0.4734891084731831,0.26546941613533165,-0.44449564753429516,-0.27045172859562244,-0.33807679436263727,-0.3012501244939257,-0.014741661232659012,0.6104696622440604,-0.1796983178840575,-0.1752510847471353,-0.22786194106137633,0.37351667294925794,-0.06537315337281036,0.06210999575053064,0.06842440342044734,-0.16505798322041004,0.12060167856999798,0.16031872400798364,0.04707901369544553,1.4237291069322064,-0.16516174268928235,-0.16870178463953056,-0.5852012043389931,-0.0003921666732974856,-0.27278412791153805,1.0382357816278054,-0.3583069457244336,-0.2711692504220824
-0.05706762785632506,-4.82517410881149,0.7624754160730243,-0.05563448365838306,-0.09112753698003905,-0.9923768105111017,0.06155357172275858,-0.4363825333166281,-0.1323855392132525,0.25911324372020833,-0.46024085618136173,0.26300669717300895,-0.438351528808812,-0.24778895247367733,-0.3453146378592136,-0.30963607641817914,-0.008120490746566643,0.5827741628323884,-0.18750792529765442,-0.165079917005543,-0.23282799055429848,0.36374947258279183,-0.056330715445147124,0.06227517367235504,0.0664043217338477,-0.1638946653954378,0.09261116404938025,0.18985157612409517,0.057099146986846976,1.4822989517553449,-0.1891829294729026,-0.1449450059372755,-0.582480948636006,0.026564991952675646,-0.27054393480820604,1.0664744764087766,-0.37261646702154333,-0.27406260685828887
-0.07688863042256056,-4.8218108099706365,0.7582461243026926,-0.05399040428912585,-0.08023527793065295,-0.9940186118227161,0.05073791255193046,-0.4108795328812462,-0.10846854223268612,0.2739298853805484,-0.443719601205514,0.2618915352369789,-0.4312353835170588,-0.22481266096610134,-0.35550723866587,-0.31830571875166036,0.0011415238724697607,0.5527464076082494,-0.1975994829011439,-0.15193215377035446,-0.23802595572416366,0.3556311142794171,-0.048245800732123,0.06300698305227992,0.06405819574356156,-0.16131812018211864,0.06065406150072404,0.22822183546749028,0.063290332067963,1.5427577212368186,-0.21615409670191973,-0.11896123823419139,-0.5746014809729706,0.06474431601846385,-0.26930975699399023,1.0842321428177093,-0.3965406156718531,-0.27557743921106215
-0.09637652034814354,-4.818138129961501,0.7539322558598495,-0.05191512501720441,-0.06852036885164756,-0.9955260953255428,0.03921189070626446,-0.3846182006740692,-0.08233498851498376,0.2879357652633721,-0.4248553674487698,0.26153201922590585,-0.42322547574171265,-0.20194088029804824,-0.3674437481549272,-0.3252621213713337,0.012427038817467307,0.519471506850414,-0.20948801506366171,-0.13648005681186787,-0.2435864092171014,0.34824447332418956,-0.04110741809521129,0.06340648030816783,0.0613213438886704,-0.15831122302181735,0.02497813213444169,0.2682556319031764,0.06586851498596635,1.602719086065499,-0.24275426288859372,-0.09068702608516194,-0.5631182571266433,0.1051790681728356,-0.2655756057822722,1.0967558264423827,-0.42572967035447035,-0.2741592957322039
-0.11508089102271654,-4.8151329323514656,0.7500612073654418,-0.04990057740771497,-0.058786682680744114,-0.9966314143831226,0.02792637066406159,-0.3591057099408812,-0.05929837766608314,0.3004505850370622,-0.40388122216752914,0.261924723513548,-0.4143141799657267,-0.18079387542461853,-0.3784185657731963,-0.3278789833371087,0.024995412026015587,0.4823739666455365,-0.22208263195458208,-0.11860089791049076,-0.24906588658791481,0.3412093486745842,-0.034422732226525705,0.06341843621960727,0.05813906787334681,-0.15606359090964544,-0.01433643381409661,0.3027604959586853,0.06558238002080041,1.6588898298531998,-0.26524300203269147,-0.0598910723848691,-0.54985877383061,0.13998929422192438,-0.25809674625801815,1.10793381886045,-0.45383796751320965,-0.27046864172152013
-0.1332450609271589,-4.813173897069726,0.7470095441459954,-0.04789548281453432,-0.051707849026167395,-0.997369548361701,0.0169205518771179,-0.3338103235828327,-0.040936632728086175,0.3117503425261514,-0.3806819084013938,0.26285187807902527,-0.40552100695624005,-0.16204093480481432,-0.3854295979094855,-0.32632102833423915,0.03835134276006455,0.44147683751549005,-0.23501385292023827,-0.09816735562339769,-0.2542801292236657,0.33515359327853134,-0.025946687957177857,0.06278882955509511,0.05453012576197085,-0.1549457432574962,-0.05799533125811278,0.32998742852777574,0.06354978439844071,1.710643684514589,-0.28162960621296806,-0.026378435433167053,-0.5352446874166503,0.1681327932229884,-0.2478650803400042,1.1174204645809698,-0.4787991685861724,-0.2677988148263571
-0.15133629721276232,-4.811607687918385,0.7447931936218227,-0.04578350318139828,-0.0459283044211182,-0.9978778253827947,0.005857243271747731,-0.3078994998502315,-0.024959852951409827,0.32238258419128457,-0.3549202421234797,0.264689496437164,-0.39676625029800333,-0.14566140363360075,-0.3878963420336237,-0.3218866261641307,0.052014414814370705,0.39735274225544914,-0.2478949296239657,-0.07472150725961503,-0.25965842876035855,0.3305034680597274,-0.014762473625961912,0.06174048097168844,0.05050480435768449,-0.15437633697341915,-0.10611744433646288,0.35321239642363106,0.05925479527474034,1.759021004472833,-0.2936128877860809,0.009318830974674782,-0.5181810525147375,0.19359376223958297,-0.23620998686506042,1.1230006196110243,-0.502544334291648,-0.2672898845924127
-0.16952914303630776,-4.8102079996993305,0.743125461296131,-0.04392756372410415,-0.04128406718325774,-0.9981693784320027,-0.004887422914195449,-0.28198768391863427,-0.01106489883850753,0.3324368066814397,-0.32718414277933056,0.2676881035139329,-0.3874046661221078,-0.1327680229981541,-0.3873148347352208,-0.31442970438186885,0.06463242157643075,0.3511929724488676,-0.2598918010529854,-0.04934274020063868,-0.2662294660598669,0.3262825372450658,-0.0026919251719271318,0.060976692897278445,0.0461255885975742,-0.15416986921056752,-0.1572391810606337,0.3721782148936046,0.052341739311091554,1.80291191531639,-0.30262902923494284,0.04546953376773566,-0.4986226450972292,0.21627207005020138,-0.2234990509539736,1.1259402533986438,-0.5248285613465314,-0.26821084479772794
-0.18793760321614944,-4.808654234720461,0.7419450120583851,-0.0427088205717505,-0.037658438008245324,-0.9982659522339882,-0.01492941065540691,-0.25651894350179644,0.0009209891386394134,0.3419985512295876,-0.29805006648295373,0.27213705230018875,-0.37722465535593624,-0.12496672334217489,-0.386231531700941,-0.30343200532255654,0.07425311012171038,0.30459131040281723,-0.2700726495572754,-0.023704403566224053,-0.27430444154451233,0.32091666390789036,0.00811219687710316,0.061900667001599234,0.04152605580971513,-0.1541226671155787,-0.2091601252293179,0.3859101479948833,0.04275190350540468,1.8400086412089398,-0.309801325207832,0.07879697731034412,-0.4762002168270458,0.23582817433440767,-0.2096782152742613,1.127279356628977,-0.5455353477207175,-0.2687508707614568
-0.20651054990015705,-4.807127874753704,0.7411969985365197,-0.04237660894125213,-0.03520028842411677,-0.9981984893973435,-0.023768434411226363,-0.23202005738520556,0.010664514458184397,0.3511687619634829,-0.26793465101877517,0.27777843354136367,-0.3664615465565749,-0.12345790178758388,-0.3867943191510833,-0.28920812597594947,0.07915220471753782,0.25824576362559204,-0.2780578693783142,0.0003379601073110524,-0.28420494528917617,0.3125531087747927,0.01650123148324051,0.06598032130011607,0.03678884249161187,-0.15396701515481084,-0.26175959642627455,0.3928320791825846,0.030427047591313684,1.8699743379716496,-0.3152231238293782,0.10789675859901249,-0.45034656037548254,0.25126259898105424,-0.19492717113246763,1.1275749898832617,-0.5659919858623526,-0.26825449169402493
-0.22472440868454063,-4.805717372155794,0.7408209037851238,-0.042608623533310463,-0.03396399023169957,-0.9980110637017424,-0.03169967345342651,-0.20763833419041092,0.01793939851935718,0.35978966490102426,-0.23707449477711157,0.28445627537543366,-0.35511350161285304,-0.12791806579406212,-0.3886270900120284,-0.27314053297605106,0.0795071211956616,0.21144849098078058,-0.2840309814216474,0.022891244179969746,-0.29541113263102003,0.3007912782168957,0.02224374180260935,0.07368797166924945,0.0318783759003034,-0.15381546643087385,-0.3158413591674554,0.3928668707025512,0.016622443092510666,1.8933426750208768,-0.318699321935364,0.13312442961393126,-0.4217322997109252,0.26285214830269527,-0.17925763558922025,1.126229739800659,-0.586868908896967,-0.2674252349474917
-0.24277950315376565,-4.8045043674415675,0.7410164769530678,-0.0430136397142936,-0.03368886199355908,-0.9977217312729972,-0.03957567841137752,-0.18191645928193786,0.02316719118067137,0.36770303909224367,-0.2053002745128204,0.2922213021743548,-0.3437205893774255,-0.1373888283990538,-0.39089625615809137,-0.25717070573121575,0.07593143342163058,0.16461258816717514,-0.2883827615640579,0.04421654725181964,-0.3070051076247634,0.2868052829184366,0.025955529781323258,0.08417984384687825,0.02682215224001568,-0.1540456113584108,-0.3692367400947043,0.3873399091504884,0.0037852692234944477,1.908644900690577,-0.31986026686964186,0.15272511932579227,-0.39139285583466676,0.2716532633071083,-0.16207988054258135,1.1228955729864725,-0.6063640995330776,-0.2669237589290252
-0.2604465111969137,-4.803469404143969,0.7417795197021634,-0.04311515804344211,-0.03405266680283424,-0.9973209876056413,-0.04829437557120355,-0.15349925605610407,0.02709344426775016,0.37454077058232754,-0.17332632939359247,0.3007510194962079,-0.332044016079487,-0.15022138042499308,-0.39186684139214906,-0.24213816145265202,0.06963796629639238,0.1174927248104595,-0.29165203584061195,0.06525800160783808,-0.31808612322914087,0.27256672460187836,0.027806208066283,0.09584870860211843,0.02164732364370502,-0.15501352754444242,-0.4202428554244936,0.3781816353775103,-0.006106986573558939,1.9147417062282908,-0.31839186439076084,0.165579551070483,-0.36081971771170096,0.2787955888990261,-0.14262078340987952,1.1174570893132145,-0.6230920225940476,-0.2669966257381148
-0.2778070600420063,-4.802455575514259,0.7431326546337658,-0.04284055870692173,-0.03499298044078548,-0.9967703649062402,-0.05821526856616255,-0.12172036690957314,0.03001481198747295,0.38035254055131723,-0.14145312051924266,0.309721109734478,-0.3200543748503679,-0.16605902404523182,-0.3899793797192426,-0.22764044077630224,0.06109220069811715,0.06978811539037709,-0.2944297570482113,0.08715769853336355,-0.32868271095131996,0.25986011720108054,0.028440304442027914,0.10741744617115992,0.016377586823282088,-0.15695149116962004,-0.4679251703661237,0.3655840938363439,-0.012747399133519646,1.910509539574191,-0.3125242793352024,0.16955566773890002,-0.33003485371863556,0.2842743451464619,-0.12039726933013074,1.1096387982266898,-0.6368084532615595,-0.2671134922103616
-0.2951070814983054,-4.801410459023566,0.7451262186830074,-0.04241869074026234,-0.03659605365433967,-0.9960532437028095,-0.06884271378963872,-0.08763483183139936,0.03190994257609734,0.38543913578967715,-0.10945079798764863,0.31878378588229134,-0.30750528895547746,-0.18500810453400723,-0.38516902846156137,-0.21321941402315273,0.050294066644574364,0.021584938682327748,-0.2968586653564355,0.10999357070242034,-0.33906958508951157,0.24909889698000443,0.02803017960808895,0.1185704399821755,0.01099092160648325,-0.15969475271163092,-0.5123495666871243,0.3491808608511293,-0.016751922321892362,1.8961073844648353,-0.3019357149664252,0.16555600972691592,-0.2983288444061052,0.2873705341264301,-0.09586769440470054,1.0995052917410146,-0.6481086856136008,-0.2668731194438321
-0.31229467887951995,-4.800110393839285,0.74771616452713,-0.04184511860039089,-0.03875077813585437,-0.9951803849377565,-0.07977070062575212,-0.05245228839410939,0.03297915438391427,0.3898271455756194,-0.07710827549886894,0.32778159774023785,-0.29343912368936703,-0.20609222151699694,-0.37790078622835016,-0.19914522820209518,0.038127411697939116,-0.026138334066881604,-0.2985618921446135,0.13310381306309454,-0.3488710925323079,0.24003695393146549,0.02551407058030241,0.12946870735756238,0.005526377219048785,-0.16295851203135384,-0.553290538133086,0.3306278203837122,-0.01804043741807489,1.8723963552644816,-0.28901668145580156,0.15822163826833172,-0.26610054698051905,0.28833251055518166,-0.06965152230988045,1.0874790857122199,-0.6568527380244855,-0.2660898061743122
-0.3296791608668012,-4.798447669743675,0.7507398354496768,-0.04113766282884966,-0.04134669235545029,-0.994181618949287,-0.09055966139301702,-0.017410742423208433,0.03330840331452,0.3934846321484316,-0.043974582514782985,0.33655926487880866,-0.2772786600878014,-0.2279622508330511,-0.36924935644830725,-0.18644898545585104,0.025889636517903047,-0.07111437528750032,-0.29927003778945654,0.15493970588276207,-0.3581173835339178,0.23217818030937618,0.019744964658962458,0.14043362238777768,0.00013674393461883506,-0.16633415580791497,-0.5899990374344339,0.3119155603358176,-0.01633651255051473,1.8404469471284581,-0.27605178794401536,0.15289905866574596,-0.23361330361043806,0.287403191937404,-0.042490591567113045,1.0740902221881259,-0.6626378313130772,-0.26480544742501905
-0.3471938141858657,-4.7966227495647455,0.7542185215831942,-0.040156390859953026,-0.04444959695644663,-0.9930518132702265,-0.10129064006228258,0.01784340054693558,0.032810956104312755,0.3962611096919666,-0.010707170790716408,0.3446714906860565,-0.25922677257097826,-0.24917437370773066,-0.36034724889971587,-0.17519162445520997,0.014331509589638195,-0.1128668513780974,-0.2991391473403304,0.17434192089742648,-0.3665765239937182,0.22534085369376494,0.011142083144488514,0.15197406498772778,-0.005046959956009024,-0.16978202143645485,-0.6227169095514535,0.293889731634541,-0.010842520850802555,1.8003940057024206,-0.2626538201293936,0.1532477506824058,-0.20110909567591378,0.2844782995638833,-0.013878602963738641,1.059034370976181,-0.6657855052753315,-0.263136431713141
-0.36478923827205806,-4.79478472903547,0.758027625950027,-0.03854289998896455,-0.04752828797639239,-0.9918809680539157,-0.1114793788774423,0.05322730830508798,0.0329001594598903,0.39643191842018877,0.01984621034467876,0.3516159644945372,-0.2429927770291398,-0.2646324975185042,-0.3545094552306359,-0.16959783525623628,0.008869797280429135,-0.14879940703269734,-0.29823196082882003,0.18943609296498637,-0.37611465194255594,0.22153330309725391,0.0027489997720810885,0.15964411378439644,-0.009832968191178936,-0.17214313774968873,-0.6532852862370888,0.2764091829799575,-0.0038116586241020555,1.7530478483305159,-0.24959446514200997,0.15715579874289415,-0.16965952163670917,0.27969242159251395,0.013677313684456271,1.042130842530946,-0.6662449850618166,-0.26116657192271503
-0.3829941433865764,-4.792946109543641,0.7620712645741811,-0.03690394658145714,-0.05127439343951215,-0.9905346144590067,-0.12186144945252161,0.08830679691406226,0.031045119241148555,0.39617978792796577,0.05251929800714894,0.3578989409502777,-0.2240735139112851,-0.28182094982601014,-0.3484808378701742,-0.16380919649209033,0.0036705263713720957,-0.18255843686119042,-0.2975133096271552,0.20427899495147814,-0.3846821469630438,0.21786584860748096,-0.0067356670358678815,0.16815278101413553,-0.014650577189795233,-0.17475084927090878,-0.6779983329530452,0.25876403739102927,0.006456425100026235,1.6975502563612037,-0.23626189372631978,0.1610016945836452,-0.13833043261610353,0.2726983007405276,0.04280917955338768,1.0247475989272843,-0.6637371829649765,-0.2592529641663069
-0.4015944996640899,-4.790718128485436,0.7664000767091829,-0.03565549741417082,-0.05472308530832565,-0.9891123782148159,-0.13187407895684525,0.12187941842059735,0.029408494010973826,0.3965144761382489,0.08519929991784946,0.36312468351609534,-0.2035421869597842,-0.29887208248309466,-0.34195487330908897,-0.1570416244743803,-0.0013411139573087827,-0.21344843234063599,-0.2965896322065215,0.21839245684326272,-0.3918279536860076,0.21412784544668884,-0.017195749806358723,0.17699078693286033,-0.019247095572999067,-0.1776490108799146,-0.6963663227550198,0.24196604616676892,0.01684604319246944,1.635087688124121,-0.2248481943200617,0.16112902933767856,-0.11407232585958758,0.26384793544235596,0.06205088462519578,1.0231159885282022,-0.6408925197363361,-0.25571527782224734
-0.42075958027285487,-4.78848829621058,0.7708734591040493,-0.03430470586806136,-0.05869093355283847,-0.9876690404130953,-0.14102633826160596,0.15332933742036056,0.026228577867649677,0.39539028706766227,0.11837560291671244,0.3673127254472279,-0.18216196748395938,-0.3150992576499433,-0.3351599871918455,-0.14993035466137616,-0.005874281828524948,-0.2389335706639747,-0.29553250720201757,0.2310907343648924,-0.3982778851778555,0.21027504799588262,-0.028348545644179747,0.18535174021762912,-0.023470449836503503,-0.18009069490839083,-0.7090352559186652,0.22401789453906204,0.02798271663042286,1.5642537381866009,-0.2145551779716513,0.1561757255023066,-0.08706198890874789,0.25290282975452477,0.08376791709421198,1.0137379264337136,-0.6211064684299046,-0.25349203299390427
-0.44011514015525066,-4.7859882260332505,0.7752924885732705,-0.03284706392563806,-0.0629453546945059,-0.9861975153771942,-0.14957744942903584,0.1832126409227137,0.022108973389940712,0.3932037406150647,0.15139661399829063,0.3703860924673235,-0.15951894073927736,-0.33017985114097037,-0.3280524125351235,-0.14239498571562262,-0.009560948466357282,-0.25981332038260446,-0.294392452373354,0.24271957463454644,-0.40401746300066005,0.20639496542878827,-0.03985513094145697,0.1930812550151227,-0.02734806775854542,-0.18204154357654442,-0.7162492334929847,0.20541130193702226,0.03953724927993158,1.4848722122464608,-0.20522969162337654,0.14759933916683407,-0.06026536752779746,0.2404961227332437,0.10514514280800463,1.0027414605250924,-0.6009239826057394,-0.2516650110713987
-0.4598667441566522,-4.783258187796282,0.77964444823158,-0.031475999416802285,-0.0668703463012209,-0.9847200957222276,-0.15768307241766422,0.21112775457576366,0.018046556610771244,0.39018258718265136,0.18463161879433607,0.3724188629329614,-0.13648491903348503,-0.3443224434932067,-0.32049540793313075,-0.1346063384151124,-0.012314203676571659,-0.2761894398328299,-0.29337834097874627,0.253411749399664,-0.40892695502802073,0.2025126010312385,-0.05127467317472313,0.20011588152433252,-0.03088756716379604,-0.18346349175151952,-0.7183552291359704,0.18700133531568008,0.050153606039013185,1.3998995628463133,-0.19803227564702558,0.1337060512677534,-0.03397954845011548,0.22789859217243652,0.12520457064892535,0.9916858637320887,-0.5779101145316922,-0.25025267719571925
-0.4800780135812785,-4.779964539655853,0.7837643553061864,-0.030372171260972483,-0.06979531804959058,-0.9832668127873757,-0.16550685684347188,0.23677247579026817,0.015221732265537889,0.38642393053656265,0.21819749103763203,0.3736293925020581,-0.11336252946955262,-0.3577740259462969,-0.31202304751501175,-0.12644750778955616,-0.013845298071380751,-0.2886512805259129,-0.2923771743198589,0.2640487013524577,-0.4128395261698954,0.19865419590688527,-0.062595150193674,0.20666135123056542,-0.034144278170380016,-0.18429300592827919,-0.7163749561380662,0.1700517771691528,0.05796633517162658,1.3134936187212873,-0.1936578530422575,0.11296324957134975,-0.008067909496273052,0.2167980303840965,0.14353653671788674,0.9810886771520597,-0.5507136121907705,-0.2489943180656476
-0.5007458941726617,-4.776160494315787,0.7873748899951494,-0.02963773572390112,-0.07162117134425643,-0.9818612638330639,-0.1730331500625658,0.26019259174807585,0.014031830146264277,0.38175974900026827,0.2523761837796741,0.3735050576683424,-0.09039023983682279,-0.370487252428556,-0.30213074058738376,-0.11820378266234936,-0.013581073384499846,-0.2968744050664574,-0.2917227113398402,0.2745967458542943,-0.4160288751533302,0.19468708568940388,-0.07421427229303472,0.2123787489739598,-0.03708448704631465,-0.18435761537539358,-0.7101120469514415,0.15487303078812162,0.06327512691949301,1.2250722469066342,-0.19030309989806904,0.08383616064408002,0.017659096605146352,0.20740274411285833,0.1598747531747186,0.9712380676805549,-0.5187401493981436,-0.24798844234834794
-0.5218852677835245,-4.771831617228933,0.7904274246329815,-0.029211616670903558,-0.07251330906040555,-0.980511858393059,-0.18023594816565197,0.2813237682270369,0.01420392819073954,0.376281249210428,0.2874278590057471,0.3720148627853091,-0.06729858710429927,-0.3824857711855795,-0.2907422468922256,-0.10996827931806474,-0.011234664869677204,-0.3006824736587059,-0.2915193111261158,0.285239535169904,-0.4187311852629695,0.1906114583182184,-0.08629189427135359,0.2171184511258039,-0.03975593970392837,-0.18368230877966196,-0.6993314348661368,0.1411473594322177,0.066382806153945,1.13319009296626,-0.18677801610560474,0.046466180908419225,0.04337893133433005,0.19940203429473122,0.17437032742720754,0.9618697242061465,-0.4822171851354101,-0.24708179675950775
-0.5434125412261569,-4.766752920372011,0.7927754937234687,-0.029005747049277365,-0.07227730906614922,-0.979229639330445,-0.18720034906226946,0.3001228934239696,0.01601598099330493,0.3702373492483934,0.3219372109944701,0.3698185007090801,-0.04451817690532534,-0.3941087809800741,-0.2780614868640134,-0.10144716136458168,-0.007178804389719714,-0.30103655568339494,-0.29158313757595433,0.2960266055997513,-0.42096900033832485,0.1866562205020875,-0.09886566564225709,0.22129793619794497,-0.04210270744865685,-0.1825507497305074,-0.6859872871857393,0.1293964123172155,0.06556712883109671,1.0424498557751307,-0.18521219578631984,0.002765059261771171,0.06899347087696564,0.19354484134488523,0.18733821973485384,0.9530028703200054,-0.4419272884708371,-0.24609603841775415
-0.5650213158093614,-4.760703650312809,0.7941143876559759,-0.02889565059972048,-0.07066847950937606,-0.9780329099611511,-0.19396554955242437,0.31622998333950414,0.01981438777730962,0.3639051046569721,0.3540163031018466,0.36765773115341427,-0.022476644971911666,-0.4059498222591239,-0.26445016905357266,-0.09249319595767869,-0.0021126511536546187,-0.2996631931025635,-0.2916230473087159,0.3069376965733131,-0.42257750166436825,0.18315888726415347,-0.11194982562877138,0.22554149679540877,-0.04411091795322071,-0.1813711984126905,-0.6731827202880158,0.12067002033279146,0.05903271087448023,0.9601195384245095,-0.18890221859028297,-0.0437298034281303,0.09414616772331033,0.19070576446687013,0.1989348950947341,0.9449327651394963,-0.3991174786538621,-0.2448377535570127
-0.5862614429152462,-4.753766122462576,0.7943867105486647,-0.028907659410839608,-0.06726383717575049,-0.9769319899486233,-0.20060860014167795,0.3297387383476183,0.026344875090889366,0.3572960558742532,0.38282562940027987,0.36552307687037616,-0.001747922421710223,-0.41793874199174436,-0.25039691820583365,-0.0836119113833533,0.0030627643857385695,-0.29715864401667436,-0.29173660691172737,0.3171787617434184,-0.4231187733529185,0.18052141028715332,-0.12498088615659667,0.23016232744347542,-0.04570025795238201,-0.1805418032567595,-0.6625768993466875,0.11580162957494436,0.04429883578801855,0.8894690594388992,-0.19869375070309037,-0.09410011761256126,0.11920529830743899,0.19190765906859877,0.20950210625189655,0.9371283810152123,-0.3540838406827093,-0.24378599548619073
-0.6072887616982747,-4.746074098895904,0.7936173330351163,-0.029155815567809534,-0.06221588335966565,-0.9759164750827352,-0.20704143531776684,0.34072877011795266,0.035495754645924554,0.3505772951810612,0.4089144997501083,0.36324119804533195,0.01759168649495369,-0.4298237644620516,-0.23639722313487951,-0.0754470304391141,0.007851069905909447,-0.2927306572787709,-0.29227474103776774,0.32640190522298845,-0.4231514501486158,0.17889595000221573,-0.1379209494266189,0.235252259322501,-0.0469064795576019,-0.18006882229143295,-0.6534429503138304,0.11485796730465081,0.022724041762704712,0.8294555478749835,-0.21387801505606926,-0.1477858222343046,0.144740832263951,0.1963871311578687,0.2184400368305753,0.9292481981508356,-0.306994761444631,-0.24308621433005845
-0.6280161643283108,-4.738948129748703,0.7922054625394832,-0.029470857560292125,-0.05743068788700163,-0.9749403915052429,-0.21289532088585253,0.34833855319495605,0.044208241819841274,0.344110156122796,0.4307427919305985,0.3606519159947356,0.03381260652403319,-0.440790555019419,-0.22302253255929982,-0.06779815020850088,0.011371582276650334,-0.2866888538685785,-0.2937982067735825,0.3340359122777644,-0.42253785700686836,0.17778498209809,-0.15041434366182882,0.24046512977056247,-0.0477508617153821,-0.17967675495517316,-0.6449474491862792,0.11455343242250107,0.0014061033750953841,0.7781389876507939,-0.2346075195616615,-0.19729395277888112,0.16774052184525653,0.19881282561359823,0.22733015691083708,0.9247320860128246,-0.2610898182190563,-0.22526744154164127
-0.6487040564571923,-4.732658374589733,0.790092220639648,-0.029699425170240535,-0.05425522906170339,-0.9739876934075041,-0.2179960718791706,0.3523310672857399,0.04981089250500698,0.33834778317250974,0.44694344100528105,0.35883851375936565,0.046615398814042946,-0.4507026261523352,-0.21093343900397854,-0.06059945560927141,0.013631659338321719,-0.2793701112341938,-0.29600709057749586,0.34063646932010533,-0.4216778805870107,0.17647754365568305,-0.16280453865452454,0.24567513291357718,-0.04829679097784215,-0.17914739405862895,-0.6372166599460106,0.11343350473710956,-0.01278324422135044,0.7370143733685918,-0.2605737373094627,-0.23251131181306572,0.1866195491465277,0.19733029897867643,0.23653759808409885,0.9258765104894113,-0.219229791814608,-0.1899572412176708
-0.6689597512744834,-4.726303410211739,0.7880618721053728,-0.029846375369365376,-0.05116849725463759,-0.9731863692267801,-0.22225946440412714,0.35237575525226505,0.05497540839008637,0.33326068819891796,0.4554947806519167,0.35850579633922336,0.05544658974395035,-0.45821419005511527,-0.20058984712836267,-0.05267514861709639,0.014131503905719035,-0.271365032086149,-0.2986098620333952,0.34700121416187657,-0.419511537318147,0.17476647507176354,-0.17365943721790575,0.25150710994961806,-0.04844770447987186,-0.17882150845066827,-0.6312725105834093,0.11530346542162426,-0.018890325026826815,0.7104039145969069,-0.29230491469461667,-0.24465299489876868,0.20101730034840481,0.19766433634939173,0.24540501130026143,0.9396698047229372,-0.19453578970329707,-0.1511790413796997
-0.6889443922375642,-4.720008138247683,0.7859153814589749,-0.029946692697865686,-0.048728366551392795,-0.9724455135601333,-0.22600545357681187,0.34950876807388154,0.058163493165358925,0.3292059299274885,0.45688844640054843,0.36029112115593764,0.0608914228478487,-0.4642237907529805,-0.19271463140658598,-0.045656748632186904,0.012964176842852894,-0.2627764519702361,-0.3012360585453663,0.3526205453773493,-0.4169521029611741,0.17237379731210942,-0.18285184077534936,0.2578739242120412,-0.04816032720957982,-0.17905742220443108,-0.6277204610914587,0.11889387497541778,-0.01808637687151442,0.6989707895481087,-0.32784298765868386,-0.23746503562095178,0.21373177795746656,0.19850132091034,0.25581861898827174,0.9518799999187915,-0.16175757934837545,-0.10808339157762158
-0.7090097680314955,-4.7138051434290285,0.7835284454151845,-0.030109161720694007,-0.046876353850386146,-0.9717661639374857,-0.22927400301035775,0.3438952954794112,0.05991431891646314,0.3264260135893352,0.45205267099499175,0.36395524828312287,0.06284654525253482,-0.4684165757901529,-0.1879352551552755,-0.04052412457621763,0.01100861216512433,-0.2532121754827903,-0.3040191881453684,0.3571282102735103,-0.41426378641417605,0.16889012848240775,-0.19129455533826917,0.2641736772953693,-0.047470585515600204,-0.1796030409527488,-0.6256466920106813,0.12283352294701123,-0.014837861352043957,0.6997685241841585,-0.3612975576614663,-0.2233586663473754,0.22378604495985618,0.19776527151558976,0.26217903245040897,0.9674481831568417,-0.13082677058894365,-0.06599898238674995
-0.7288872695419425,-4.707761319884978,0.7807979852585889,-0.030270235697036487,-0.045912377528136275,-0.9711127956059825,-0.23219755517854274,0.3359439467404037,0.059751144586351154,0.32478119907607605,0.44119899056168194,0.3695511325353181,0.06108560418588614,-0.4698909535878037,-0.18672904902059342,-0.03785369825601093,0.010023742190681573,-0.2427744260006798,-0.3065372093370828,0.36011108556456134,-0.4103022620545429,0.16389531052752548,-0.1994557591771629,0.2692458102938188,-0.04635340087313333,-0.18001464293039524,-0.623726613243148,0.1253312863387696,-0.012744333895304865,0.7076405061260008,-0.38530277196534707,-0.21587101341758735,0.22884880997638782,0.1917151481050531,0.2569015241178433,0.9899185012525382,-0.10792978031305542,-0.03154886076458924
-0.7481788758056106,-4.702447119230386,0.7781726047898871,-0.030493285389442872,-0.0461287905419114,-0.970467964132967,-0.23480678188866655,0.32597065214130067,0.05715951824376489,0.3250967246919928,0.42213174295052985,0.37754881648466865,0.05312727585906447,-0.46703327855990817,-0.19125214358994402,-0.03796874457010559,0.01188570439475319,-0.23182740865262166,-0.3087529598934884,0.3603294669286895,-0.4028991613620158,0.15132771533587408,-0.20976112807315755,0.2739452775657512,-0.04481911753651755,-0.180844674174537,-0.6203870731582967,0.1244996802122035,-0.013868129229945054,0.7196881509614719,-0.3937159840866101,-0.22483710749175273,0.22767644136462298,0.17559030949404114,0.2318262778370086,1.0210900223002477,-0.09735051703282907,-0.009779922573722963
-0.7670372204026767,-4.6975258674948615,0.781732859340187,-0.031347046902731886,-0.047624527503883976,-0.9697476829951283,-0.23735774340873977,0.3133904490859365,0.051839593862059816,0.32936525804957567,0.3941994827281734,0.38538587595350965,0.03733583069007304,-0.45454358645641507,-0.19900390233165377,-0.030210691704215597,0.011380350504388207,-0.21962817735083395,-0.3111794926759206,0.3613122825060215,-0.3910743525489109,0.14394978906744224,-0.20487864617060383,0.27726671073895065,-0.04240428389067202,-0.18300894852907204,-0.6220895443237702,0.11929311044829669,-0.02062657758171087,0.7469444243782231,-0.3670500787895034,-0.24389683016308475,0.22421673271007445,0.1483399367872641,0.19098202091560032,1.054083794606823,-0.09948966162166234,-0.0052022061040406095
-0.7865503521540855,-4.692567255312751,0.7830903741241582,-0.03249005614617938,-0.050027411168425635,-0.969254742189176,-0.23871928939069176,0.29809742814368073,0.0441542522285496,0.33433259247171937,0.36246026934794234,0.3977569753439956,0.018729465210342806,-0.44552819244907865,-0.21679703302287617,-0.02746356692589342,0.019551870128450336,-0.20720067177562806,-0.3120662037596883,0.35920115517286405,-0.38176574155333726,0.12963373273659862,-0.20552994867729849,0.2790112280889763,-0.04019256484549438,-0.18493618771000336,-0.613640996083383,0.1109630374494052,-0.024027716757119812,0.76881440728985,-0.3444981671107755,-0.27074167502640795,0.21606417900451463,0.11459965894529782,0.13909152888337392,1.099820659345513,-0.10953989699874275,-0.0059621813210355805
-0.8072105542256868,-4.688393359782552,0.7828876088018756,-0.03431095420884212,-0.05417589048760737,-0.9687303367011668,-0.23968576525525417,0.28050469928401656,0.032946397899216745,0.3401241784320157,0.3288121139071145,0.41120332832358847,-0.003734765508303108,-0.43488064151992667,-0.243802130014665,-0.03400321690038852,0.04008371499752686,-0.1934692175709413,-0.3129479835758838,0.354503311608038,-0.3699239065754853,0.11799105921208713,-0.215116193156324,0.2758034040179558,-0.037606535383929406,-0.1855991121780171,-0.6032989644878158,0.09674519051372882,-0.022655063569792924,0.7925549462621753,-0.3256344492742323,-0.2746033459635577,0.20517533253695414,0.07636987483240992,0.09202343506398158,1.1529171320580083,-0.12027317672142275,-0.009090185971144806
-0.8279128708261777,-4.684089912709595,0.7814300041294827,-0.03666468458063663,-0.05831569821513387,-0.968200747029846,-0.24050424881305374,0.2612458958961152,0.021146096578155575,0.34539426519626776,0.29140898833303336,0.42650753410449654,-0.031721650615433285,-0.41919308811533296,-0.2801249806367073,-0.048541647042710016,0.07615524990573674,-0.1781322828667413,-0.3129482865126361,0.34771296373180377,-0.3526491682292703,0.12058238670114946,-0.23166743792247094,0.26346123055228904,-0.03449120271668224,-0.18402900433239658,-0.593936547970803,0.08448800420227723,-0.016051593403318857,0.8222913087425794,-0.3166000345302981,-0.2749640204345399,0.19182490080917913,0.03883788494164343,0.052439759890649446,1.2115018709835434,-0.1322237558538069,-0.01612673387910789
-0.848728572623091,-4.679779776535422,0.7787316007949665,-0.03927509815966564,-0.06285617279105278,-0.9676712858554417,-0.2410785157111376,0.24037645203591176,0.007958459314209226,0.34957044567124745,0.250592571394204,0.4432797271887915,-0.0647268693514788,-0.4008465296931637,-0.32014583814586584,-0.06487659819095708,0.11951555709439698,-0.15972873281196726,-0.3124273529437058,0.33864994015203514,-0.3325640100761112,0.1365312055803047,-0.2503028003390493,0.24330831897430702,-0.030847937321947964,-0.18023002166901259,-0.586102796187712,0.07309527491276123,-0.004815907416861734,0.8584423037549798,-0.31831800945098354,-0.2733557437470279,0.17568621662699435,-0.0005139586186596203,0.01657818655024148,1.2756930445052443,-0.14843233450193058,-0.02983112755005498
-0.8693308409401697,-4.675726584327824,0.7754480009619766,-0.041579962182997685,-0.06730971304226495,-0.9672136799572058,-0.24132593432672814,0.21789923307815476,-0.005212325240853252,0.35227771761895826,0.20596514736044466,0.4605728140541939,-0.10320177166456225,-0.3800534386804562,-0.3626542453596173,-0.08023614463364395,0.16627229833401397,-0.13836700007517574,-0.3122674845368667,0.32712549109367395,-0.3112925858814418,0.1611331160849226,-0.26713044005784486,0.21832914278847915,-0.026720378325987445,-0.17522921280189427,-0.5731409751465733,0.06528249789154375,0.012320659617700118,0.8859702911939485,-0.2922905105619319,-0.26248876664733206,0.15612662568479588,-0.03941914911118147,-0.014563240352221285,1.3422354423705436,-0.1664208730906795,-0.04830695988479689
-0.8891320422831845,-4.671863598447027,0.7720873654248043,-0.043795243531591733,-0.07209318729765718,-0.9668149561722057,-0.24115013894047257,0.1940222909193734,-0.019501665324595893,0.3566382368539052,0.15573109931310516,0.47883134388896753,-0.1454492851896399,-0.3584388868204286,-0.4021564214302818,-0.09255867440744221,0.21191836280639675,-0.11678079920888595,-0.31194254806035493,0.3137595545261152,-0.29074597859922685,0.19078318607607295,-0.2790014679872525,0.19210133415358752,-0.022074164931176688,-0.172046090840181,-0.5656793535978867,0.05344777169415113,0.022757722472940948,0.9222844930930164,-0.3182223509951823,-0.2627480700050763,0.1330957553453559,-0.07668078632318447,-0.039692656895799726,1.4085619111460979,-0.183529735474329,-0.06740720400238716
-0.9082183636343101,-4.667697249599448,0.7682697898414756,-0.04525427998394582,-0.0770430240529795,-0.9665767461426983,-0.24030359215812883,0.16831903141871193,-0.03428006708647799,0.3602609026527798,0.1014951681862145,0.498480280190072,-0.19159059338234724,-0.3371484772278758,-0.4332886222505366,-0.10105579380565041,0.2560491391822502,-0.09312463774151519,-0.31132016378712574,0.2979887815803605,-0.2714114238919866,0.22594107203744565,-0.2895911873702161,0.16665165633381646,-0.016991895512300945,-0.16924128796389196,-0.5578817183430158,0.041247199471736724,0.030579916632588546,0.9540182048244055,-0.3486510927741046,-0.2637418526322057,0.10496462883509218,-0.10990421028710047,-0.057471586786010574,1.4743407192032816,-0.19855998009268117,-0.08417520222237096
-0.9268322712155779,-4.663085417579179,0.7642878070878728,-0.04622738644848145,-0.08210939934489697,-0.9664549735312413,-0.23892647282812876,0.14099377433951865,-0.049664649844135114,0.3630392144148201,0.04270948692334699,0.5189989787164182,-0.24319237661508009,-0.3157763644562594,-0.45689869379771764,-0.10535554176140824,0.29846458383777286,-0.06670500171716741,-0.3104435154139525,0.27928874035440265,-0.2525692871341557,0.2667961711011778,-0.2988930307250678,0.1416397794495404,-0.011380844726863855,-0.16627882503624347,-0.5497583566926414,0.02895108256845333,0.03715564160830726,0.9830547952752405,-0.38329362452924104,-0.26434786062988225,0.07200372746783378,-0.1393637607936093,-0.06854500985536117,1.5401394701272173,-0.21329358712111698,-0.1000115117758364
-0.94474103004137,-4.658291188582341,0.7604903500394078,-0.046890553970909535,-0.08731335166436577,-0.9663475008594486,-0.2373818909523934,0.11268212335116737,-0.06561873692148185,0.3648228439063739,-0.020173702134174562,0.5386649413653297,-0.2984450271812555,-0.2953618129367814,-0.475958760811461,-0.10587354012675304,0.3350095765812156,-0.03889956372611595,-0.3098871069229072,0.2593439783313379,-0.23528752211792503,0.3084544133195706,-0.30306262700867487,0.11676543883063156,-0.0053430320574473136,-0.16373954872343618,-0.5403202283122168,0.015690282076120967,0.044453164854036754,1.0077960065295002,-0.41859658851159753,-0.2556926971247234,0.034657338662603,-0.1663225239626123,-0.07422839710073491,1.6048193536237965,-0.22806703010577492,-0.11499012008832504
-0.9619114801212683,-4.653122257243483,0.7570652281117921,-0.04731764877955756,-0.09146015385042829,-0.9661977634089709,-0.23634289148424323,0.08420050865934942,-0.07962604577007931,0.3659634822586012,-0.08412179073132471,0.5563405350603271,-0.35171266679856383,-0.27958378180253046,-0.49108736145318727,-0.10434045005740328,0.3537088822806179,-0.01127991337521483,-0.310503518044354,0.24070336178594123,-0.22143083956975382,0.33864567042224636,-0.2994715699297789,0.09727675497325877,0.0009914245616043664,-0.16243625429327688,-0.5286211995591016,0.004453853074914659,0.051505779403430915,1.0283637198519646,-0.45192761979514157,-0.24333784299719083,-0.005585066047618364,-0.18955425876839305,-0.076525130812134,1.6653608578574046,-0.24144266006982298,-0.12984341299432334
-0.9785329645973126,-4.647540116147185,0.7541148442624823,-0.047247811853800455,-0.09353348932912385,-0.9660401190155372,-0.23618979465970524,0.055423292261119986,-0.0893051132752494,0.36686924571788776,-0.14829249366045313,0.572484957685082,-0.40192248055512325,-0.2699059033501747,-0.5041929530989387,-0.10401317449794789,0.35758199849277045,0.01504309318581747,-0.3130916273906672,0.22425582184178228,-0.21160147296113338,0.35687017092371043,-0.2908732824551658,0.08293736824944277,0.0075178393797918205,-0.16301411670774643,-0.5146719973866551,-0.0014679960627427796,0.056840435230717766,1.04578823008419,-0.48375126950765407,-0.2359821840253789,-0.049336718199272885,-0.2069773930085489,-0.07579187508945485,1.7210158816687546,-0.2520663078377934,-0.14420428968341217
-0.9948022076339381,-4.641661946513752,0.7516281770608783,-0.04667435319971815,-0.09415096482733079,-0.9658975334009887,-0.23664119579092152,0.02636213036336011,-0.09563157949408406,0.36793773189706386,-0.2152292074011596,0.588148791855345,-0.45243500579859575,-0.264659858248614,-0.5184600057323316,-0.1067394907830691,0.35521052491544924,0.04170654421814881,-0.31729745904533546,0.20856277764565573,-0.2069235918704765,0.3710133272207169,-0.2795290391811036,0.06870462325580218,0.013957425460816096,-0.1650861655922328,-0.4987783168419073,-0.0032978353863663316,0.06074020286344373,1.060216277608737,-0.515981523036931,-0.23205907241207294,-0.0973070522854975,-0.21923936500667834,-0.07158256026686613,1.772854694368854,-0.26056188165588956,-0.15722432329229294
-1.011002757773509,-4.635557486136736,0.7496226148799746,-0.045861266629904585,-0.09401882762588687,-0.9657891668860555,-0.23729409895843234,-0.003472843653045396,-0.10004970021988807,0.36866550503772355,-0.2818575194851078,0.6015010207539627,-0.49947695562354755,-0.2635152701788761,-0.5335866583678088,-0.11353149718035047,0.3465079720950164,0.06977564483796102,-0.3231408824271981,0.19367281888123478,-0.2066051227433837,0.38002849609016087,-0.2669142939882926,0.055073687502057524,0.020424957260568366,-0.16758629288183066,-0.48071452622337985,-0.003196500188933114,0.06348813965632341,1.0709403182473287,-0.5469367128291056,-0.2306072711040763,-0.14769558773008412,-0.22803037178378605,-0.06581227778704656,1.8195811909115918,-0.2672971401119983,-0.16998117650295275
-1.027684683767673,-4.628942250577249,0.7483417865272433,-0.045276806331393395,-0.09390728054495687,-0.9657019585582958,-0.2378048794826405,-0.034257965095299804,-0.10433970891584045,0.36865576682274953,-0.3445433169031882,0.6116921311841637,-0.5398815359295065,-0.26541422438984846,-0.5497955207816045,-0.12446307423605163,0.3331297749925207,0.10045148567336244,-0.33005454760016706,0.17968556285349113,-0.20911759120504156,0.38493640445808935,-0.2543092987157146,0.04256028368994787,0.026712079545073694,-0.169391794043435,-0.45947425624004645,-0.003631538141779268,0.06554288159708252,1.076744148489809,-0.5744686275456306,-0.22946804520899983,-0.19756642576912467,-0.23551888122777345,-0.06070202900032149,1.858992316424258,-0.2724460790000715,-0.18289511552842763
-1.0444204709099927,-4.622080447113387,0.7477196059074868,-0.04501130240908052,-0.09414989935351861,-0.9656249114304714,-0.23807206793753902,-0.06587715246083178,-0.10926632465901706,0.3670786058715777,-0.4045776775361739,0.6189001623618848,-0.5738713448171584,-0.26858645839268996,-0.5676045282780436,-0.13865946718277902,0.31510243629643986,0.1334887043964653,-0.3375433309804102,0.16649597372817626,-0.21399724630553538,0.38567505728577073,-0.2415194193740218,0.030894207418118443,0.03287737794922699,-0.17001601134573813,-0.43502333018278816,-0.0054873912569862815,0.06714279044329938,1.0771651839658776,-0.5991889637402394,-0.2282566015694397,-0.24755975155586363,-0.24233825100017747,-0.0563091744746792,1.8913676262725576,-0.2758092853982106,-0.1954935839309495
-1.0609388518195175,-4.614737337158867,0.7477285112471134,-0.04483144157800132,-0.09433527629620728,-0.9655711880930206,-0.23825045271056816,-0.0980908079683502,-0.11394346573423957,0.3639428381744305,-0.46291747646977904,0.6240413937043293,-0.6026660642104932,-0.27302236630303095,-0.5865506474791415,-0.15536579137091955,0.2928469717796658,0.16877301740928982,-0.3455336686363335,0.1541614776170706,-0.22146141951467005,0.3821615492254414,-0.22890082688275082,0.020450042974954688,0.038993006953793714,-0.16986659064463397,-0.4078204677138044,-0.0072660993488225245,0.06804397236447889,1.0727000213723117,-0.6217448564512578,-0.22757851722449937,-0.29849473594793,-0.2473347899670354,-0.05246799298460695,1.9169514179416192,-0.27712508331197977,-0.20675012076449875
-1.0769543956613015,-4.606741336542179,0.748244814852168,-0.04458351967940226,-0.09426240432365333,-0.9655703333494268,-0.23832926857521902,-0.1310231232758846,-0.11770325476862395,0.3594677244460113,-0.5171385137563845,0.626605463616689,-0.6247338660159035,-0.27893989602705466,-0.6047998132260303,-0.17302147816906108,0.269002277275086,0.20530001813470697,-0.35365901399525035,0.14246283259751802,-0.23013325841254223,0.37572968794576705,-0.21805745140841826,0.011492379089929186,0.0448067997406869,-0.1691698081708598,-0.3786605976499385,-0.008085433743017668,0.06817448315851607,1.063981662159501,-0.6418069401942261,-0.22719850615825388,-0.3492801352726738,-0.250584965437078,-0.05062762040508163,1.9352413799402661,-0.27733125793377,-0.21752058127538879
-1.0924346249776833,-4.598088072040789,0.7490384480135734,-0.0445672007585689,-0.09365244329816698,-0.9656571448073029,-0.23822103845680492,-0.16551454698136217,-0.12027350945355465,0.3552240940924703,-0.5610024680478262,0.6255927624300051,-0.6370619223524662,-0.2887110065296912,-0.6151477133565796,-0.18424914569665682,0.2540096457084796,0.23910941820208872,-0.36168496286785934,0.13172258447485088,-0.23540235324435457,0.370392466313812,-0.2134053278254867,0.005771643031620586,0.049819484868276996,-0.16867238272966578,-0.3476532264956531,-0.0073997624337352845,0.06732237533402426,1.0519886904297964,-0.6580374947934052,-0.22705452218191446,-0.3970005705971559,-0.252411143662023,-0.052375092857761714,1.9452729657350805,-0.27717991687108234,-0.22761147055570227
-1.107647720898463,-4.588885947938448,0.7503947334161771,-0.04443787893287754,-0.09244573872123893,-0.9658295918197355,-0.23801735204298896,-0.19999561677436442,-0.12155921439288563,0.35059105296148085,-0.5991016826105633,0.6223345321493741,-0.6439133759757274,-0.29856023485221633,-0.6252902904952714,-0.19500035768756582,0.23965544383849346,0.2736583255006282,-0.36838275514291574,0.12029528914163735,-0.2391473980171096,0.36474154754924226,-0.20913267956804604,0.00025888546576529215,0.05425758077638191,-0.1684062643096676,-0.31451860072425,-0.004795619644038779,0.06597020346165815,1.035263479071578,-0.6725246151418937,-0.2273361875760078,-0.4418316809002845,-0.25377325804211326,-0.05919623091908656,1.9463669767165832,-0.27581213514315384,-0.23967582128120585
-1.1228872815231108,-4.57895684628512,0.7525366592001316,-0.044478005332107697,-0.09070239229982456,-0.9660896748854731,-0.23762475281933082,-0.2349268636990182,-0.12200364064236596,0.34589868129464174,-0.6311728772824396,0.6167667873292256,-0.6450447523969214,-0.3081310293163969,-0.6349605365694729,-0.20462128726407877,0.22673434067848028,0.30801554596997455,-0.3739424300383374,0.10919575351642688,-0.24053746026489925,0.3594534883479995,-0.20495604812535742,-0.004493983789490951,0.05815294938165345,-0.16842880012081415,-0.27861896773612077,-0.000702809311798098,0.0639780810755207,1.0136564723711732,-0.6837414392897068,-0.22798003167222186,-0.4830645037819463,-0.2545691455170359,-0.07087625147330547,1.9384431135012319,-0.272770129430981,-0.25224524719841496
-1.1383083836160972,-4.568552483169369,0.7553139766752631,-0.04468283134816517,-0.08861295041717389,-0.9663351171557482,-0.2373765594001709,-0.26925334348163876,-0.1217884037964434,0.34126831052394596,-0.6580311623193752,0.6088308351889938,-0.641879926861497,-0.3176496236040468,-0.6434916742686931,-0.21264707942915806,0.2154779729936951,0.341951932998419,-0.37860882912310456,0.09781405829631162,-0.2402909738186803,0.35464684280646,-0.20076790405548384,-0.00859297196837902,0.06172076738004355,-0.1686507902559076,-0.2408643329140204,0.004290447700397248,0.06152887383002413,0.9889985984996463,-0.6906431879616173,-0.22949304962429376,-0.5205786108361111,-0.25395349703907005,-0.08520853851898859,1.9222753229022271,-0.2688671903372606,-0.264852166297592
-1.1540985369212282,-4.557547517941158,0.758727751874539,-0.0450263918420363,-0.08635307926948396,-0.9664509568693992,-0.2376727113166124,-0.30151682856988127,-0.12085228778487803,0.33672909876583657,-0.6806730157948004,0.5992323987671959,-0.6367553879902369,-0.3273203348443276,-0.6499272469253794,-0.2191330928966995,0.20590793776791474,0.3758295515170232,-0.3824533069747062,0.0857139305653472,-0.2391074895502719,0.3504677720987259,-0.19639006560585445,-0.012040029352809905,0.06512285840919402,-0.16890954627938026,-0.20195223517541241,0.009752052149900759,0.058856823752655905,0.9629023007730901,-0.6918047424704957,-0.23193544301742575,-0.5538070878644505,-0.2505624323398397,-0.09956402311549742,1.8982212786184718,-0.26453341285371174,-0.2756669288065696
-1.170249867145984,-4.546197598618828,0.7626122014906027,-0.045892332546320816,-0.08446205827180567,-0.9663638410121902,-0.23853926576166873,-0.33155695437724403,-0.12056919094114313,0.332412323245239,-0.6992043596538285,0.5878898190427907,-0.6297938790055534,-0.33752650561399916,-0.6532539482667539,-0.22351611679635913,0.1981943754534338,0.4091935792590955,-0.38533644233090936,0.0726292061800852,-0.23729477086413506,0.3470322240571005,-0.19195877951167384,-0.014802017304197813,0.06826653423239447,-0.16915272346192195,-0.16481124920742243,0.014787085456720937,0.05722845027375407,0.9436196904431833,-0.6783224810155105,-0.23901520000431245,-0.5825865345630883,-0.24416079897776227,-0.11064404096824315,1.8667681026321534,-0.25938983869335747,-0.2813243196132571
-1.1866057024665777,-4.534550849928601,0.7668215494006164,-0.046912825807573416,-0.08256962233210577,-0.9661804460217839,-0.23974317501824724,-0.36011989409782585,-0.1200245590823805,0.3276916491982599,-0.7131419927907225,0.5746459924355809,-0.6206281397778695,-0.3483419474379795,-0.6531915914150503,-0.22570590749471478,0.19245013212732634,0.4421942685017934,-0.38738456517891057,0.058555751212694025,-0.2346765129664676,0.3443232279159486,-0.18764837151080574,-0.01694689922886801,0.07102498473277971,-0.16922815378416434,-0.12437065397735778,0.019548828052596893,0.05469349306243644,0.9181957703692599,-0.6626558293131705,-0.24605941600233966,-0.6072621551084468,-0.23536710666834726,-0.1213731638895299,1.8275923596325159,-0.2529405205200712,-0.28621304352361004
-1.2028179877748657,-4.522438169327803,0.7711796636805381,-0.04785108463685329,-0.08047168617131718,-0.9658676816493291,-0.24152474608034147,-0.386391644068611,-0.11881003150883229,0.32314166864121874,-0.7235601411328595,0.5603764717998533,-0.6097624703551695,-0.35954947897719003,-0.6498471202077435,-0.22610428347028996,0.18848618045997734,0.47458872204135877,-0.38815634641306057,0.04398628446960646,-0.23169503143768325,0.3420970353560262,-0.18356720106635094,-0.01867737142059404,0.07352094039862413,-0.16939728098936507,-0.08427066716508706,0.024881125500791045,0.05105307470477249,0.8925063970701486,-0.6426096877371578,-0.2531361791713186,-0.6281358663443418,-0.22443658317465673,-0.13312010803193777,1.781272936318544,-0.2460284156488811,-0.29098220891040205
-1.2188013201805168,-4.509851000231425,0.7755279182039035,-0.04844256544367367,-0.07819264616177204,-0.9654160718689633,-0.2439488391375486,-0.4101355333092484,-0.11686621518629396,0.31901242247144174,-0.7308087522552661,0.5453571806670353,-0.5979911025675804,-0.3709746626825875,-0.6438045403823814,-0.22553337522848224,0.18594874442606285,0.5060070893494888,-0.3873482438661775,0.029234627536834576,-0.2287674197728529,0.33985592031504275,-0.17949219078181838,-0.020420099569439267,0.07577232681996059,-0.16988023678865874,-0.047221841460529865,0.030243614759819702,0.04561023535145602,0.8700702264304673,-0.6169013379315719,-0.25700275679806867,-0.6454841842415524,-0.21208973893412353,-0.14601019874717958,1.7284830931247284,-0.23930038162402475,-0.295237570181269
-1.2346340824220075,-4.496965021211433,0.7797883215728488,-0.04871221966225488,-0.07612021826733749,-0.9647987505970891,-0.2469740935256301,-0.43063535596354735,-0.1145265102089176,0.3145127033495173,-0.7369252029611854,0.5304995370121457,-0.5867130216207932,-0.38119592962923926,-0.6353721894233412,-0.22489571957290344,0.18397765769743213,0.5374099639590811,-0.3844404314114195,0.01355702888313162,-0.22598740600356973,0.3372845639662798,-0.17550823505332164,-0.022745713588500124,0.07801145333017444,-0.170742232898445,-0.013849251867595721,0.034485514871088224,0.03774213047411515,0.8516022765317726,-0.5843613621614662,-0.25807584132484324,-0.6593612712314583,-0.19842251184287263,-0.15934943000524507,1.6685212000567713,-0.23192082535339265,-0.3001362874387978
-1.2501466519366506,-4.48401270397159,0.7839207155465588,-0.04857924613894483,-0.07405855828043652,-0.9640254934679472,-0.2506197014080851,-0.4485600088066988,-0.11188651524265635,0.3098956419288664,-0.739803277258789,0.515096268151771,-0.5746419102982924,-0.39093073032769615,-0.6245823771353879,-0.22369072164280085,0.18272505083421225,0.5674712509604066,-0.379259034310681,-0.0024999330838650843,-0.22284491695440772,0.33433192694640523,-0.17140210785475596,-0.025715045129117348,0.0798830922905194,-0.17169946253730423,0.01620368270139236,0.03853042473183796,0.028017905041764674,0.8368154264609254,-0.5459148382107208,-0.25907255443211286,-0.6697253542078718,-0.18244851920150548,-0.17293736994665163,1.6007887816144561,-0.22398375695410674,-0.30569039828072647
-1.2658983070147118,-4.471139393864458,0.7878118263015349,-0.048600126606830524,-0.07274141192543213,-0.963156989443753,-0.2543134451234201,-0.46477727389877155,-0.11032434874805605,0.3048305816304814,-0.7396889667069532,0.4993991003609926,-0.5624933349794897,-0.4002051201456922,-0.6119985806954424,-0.2226007254643851,0.18188402825538813,0.5967072143177917,-0.3726099671690575,-0.018765646396444173,-0.22000009459877692,0.33074304165326024,-0.16704178780667053,-0.02926120328142116,0.08145668806485173,-0.17262589419778623,0.04419376521483656,0.04040328310953947,0.01671385013595479,0.8243615355874816,-0.5025012230087347,-0.2599129791878089,-0.6763364352480985,-0.16687202477247243,-0.18430348851460507,1.5283963652152726,-0.21758412569688565,-0.3047884016323292
-1.2816743904687653,-4.458200279511229,0.7912368532111455,-0.048670712927008676,-0.07199898411455262,-0.962202415982822,-0.25809652974511593,-0.4791762119541508,-0.10960605244335794,0.2993872078536979,-0.7366064336510905,0.48361555597771194,-0.5503494970820197,-0.4088727292187626,-0.5980065944898025,-0.2216795518541781,0.18145471295742033,0.6242798209611274,-0.36483718587658265,-0.03406051793211028,-0.21798934857009586,0.32623985119456766,-0.16221714263504478,-0.03288219720668753,0.08271478866583938,-0.1733666633967373,0.06990296148524933,0.04093872153881993,0.0050591828752365765,0.8143115925332916,-0.456166287946267,-0.260433703344843,-0.6799704550707114,-0.15288914232367537,-0.1954089924119111,1.4542905622838866,-0.21446707255522823,-0.2981317571126926
-1.2973850591204676,-4.445227745698908,0.7940438867794553,-0.04849327255769164,-0.07162892164380677,-0.9611698740451602,-0.2620499443403947,-0.4915318033285072,-0.10896356074595727,0.29344406260418515,-0.7312105072698412,0.46827341531634037,-0.5384293983814041,-0.41657613789242254,-0.5828535945314365,-0.2213266981469429,0.18129920387606288,0.6500946179214667,-0.3560417181578935,-0.04834442207236484,-0.2171575437144651,0.3202776491712357,-0.15681187669454985,-0.03633783381666797,0.0837407924452262,-0.17406410389101962,0.09274426308247748,0.040701900652039005,-0.006375888692711478,0.8063955623199637,-0.4068000421233029,-0.26087507689487976,-0.6807331442283265,-0.140636902589095,-0.20901220768683423,1.3771392642168903,-0.21350332141034106,-0.2907654075172776
-1.31306796638667,-4.432301677560375,0.7961959462255053,-0.04808312339772852,-0.07161306572920237,-0.960044981255716,-0.2662202397018223,-0.5021497459266306,-0.10845645568675559,0.28726594238357084,-0.7224075056192253,0.45317411718612777,-0.5261032051013361,-0.4238882508678806,-0.5667288431257521,-0.2215809937987551,0.18154825529286,0.6738038842617227,-0.3463388582205571,-0.06159997260173467,-0.21740864678821284,0.31259624349082127,-0.1508583626360899,-0.03950297114422698,0.08440196493713872,-0.17475807155308942,0.11284772953059988,0.03949644028562455,-0.017851965136591035,0.8006163284887238,-0.3544613345573886,-0.26155147310623444,-0.6784842987937396,-0.12940918962867978,-0.2248461709846253,1.2959595733356128,-0.21402725887970814,-0.28269882437762506
-1.3287629196630266,-4.4194954142494565,0.7975103289183814,-0.04783282693599555,-0.07201190136260882,-0.9587989660103942,-0.27061199069304426,-0.5107694767041433,-0.10843746448627842,0.28083162080777546,-0.7105488775803457,0.4382595120659774,-0.5137339732099002,-0.43023899253173115,-0.5498864371288764,-0.22206282679475203,0.18196609543212908,0.6957954886571505,-0.3363963443563901,-0.07376024067080285,-0.21899476005395846,0.3032806037759261,-0.14481755475065822,-0.04224097823231309,0.08477457372105393,-0.17511954442506347,0.13104655744485766,0.03700018279304815,-0.029348817364244648,0.7978695455092181,-0.301711343657543,-0.2625894073232519,-0.6737994567624938,-0.1193348999951743,-0.24180502670239715,1.2152639305232489,-0.21858321934448344,-0.2735773335396096
-1.3451331737792702,-4.406366343690155,0.7986179871674888,-0.04839553726135805,-0.07309419940307041,-0.9573545667494906,-0.2752950117795524,-0.5167134800475802,-0.11004009980050215,0.27402260719932753,-0.6964438933477388,0.4242992498254878,-0.5031838233960756,-0.434778164440858,-0.5332740295064461,-0.22350471229048688,0.18186836535060616,0.7166794430948925,-0.3266743933680296,-0.08457913633900435,-0.2206251845144903,0.29293985130758665,-0.13774381972797392,-0.04409627130668482,0.08502880106066725,-0.1746885493677029,0.14857726281320513,0.033048741824481406,-0.0399821281113008,0.8026479347543231,-0.25916695712217286,-0.2637648986884254,-0.6668580485213899,-0.1114321074249417,-0.2585570177690701,1.1410576054511055,-0.2285597225255488,-0.2640916570432389
-1.3620359490270846,-4.393084390331036,0.7993570569887423,-0.04978316023196829,-0.07445693612479974,-0.9557319721636811,-0.280275220104001,-0.5203725933738526,-0.11242421547143855,0.26791654406892745,-0.6799435266247678,0.4103621640574913,-0.4934718949533152,-0.4376685254390884,-0.5173760315269916,-0.22532390881847403,0.18160322005392243,0.7358260437125176,-0.31786813702191263,-0.09445206378434153,-0.22320870392313685,0.2820593812681465,-0.13030457175266136,-0.04493261754775703,0.08499354040948373,-0.17360084222563804,0.1661780973845081,0.027269536278119146,-0.05159168777235913,0.8091213064377052,-0.21605231818294365,-0.2646967103224327,-0.6584962262577013,-0.10597363197096643,-0.2767057015924966,1.0762041985855009,-0.24421730954895626,-0.2559101893581962
-1.37924584173415,-4.379635777613869,0.7998018035374993,-0.05197443003542803,-0.07625258162584898,-0.9539079219597907,-0.28555888856808326,-0.5218291939853877,-0.11598588210826977,0.26252996642011994,-0.6611154900903425,0.39694998290259725,-0.4843199592317463,-0.43926021670575943,-0.5025666632441954,-0.22748500322325127,0.18144881202054652,0.7530547658927956,-0.30972061894905717,-0.1030996598272503,-0.2266151219403252,0.27098878947064053,-0.12273591688935427,-0.044494752742488854,0.08467232369077254,-0.17216546538611505,0.18356888459626242,0.0194953612451971,-0.06392269989091111,0.8185538909612797,-0.17557695908378773,-0.26536206717596533,-0.6487715926228041,-0.1030418116983876,-0.296584673530562,1.01952593719825,-0.2638264946621207,-0.24939110753020302
-1.3966726360327402,-4.3663223149205415,0.7997057340016076,-0.054600470333915706,-0.07832957120728948,-0.9519408847482016,-0.2910185885104382,-0.5213747751551921,-0.12018365762452012,0.25789655092160824,-0.6415089678798495,0.383997809725091,-0.4761708407534235,-0.43919424473506385,-0.48907303871924707,-0.23007477164300455,0.1811924192919954,0.7678048920730804,-0.3025308773417959,-0.110704615039902,-0.23089029166084843,0.2596456773151939,-0.11515859017700865,-0.04304793037862436,0.08417192505677058,-0.17057355116472847,0.19914600221179804,0.010545356311219516,-0.07515927303627629,0.8325650700831271,-0.13841889492490278,-0.26580551477185366,-0.6388693311432849,-0.10164840637635422,-0.3164575432212345,0.9719520901980861,-0.2868256261846343,-0.2441326165633298
-1.413977527138898,-4.353034108357264,0.7991411894762511,-0.05724247397926551,-0.08047997841663629,-0.9498989775304539,-0.29654376529171594,-0.5191135436399433,-0.1243244859076687,0.2540916345445443,-0.6222161835375177,0.3719470048284389,-0.4692984115604571,-0.4370772145261412,-0.47700694038206914,-0.23328062638592642,0.18062376240812394,0.7792088242308058,-0.2962801007272877,-0.11636363910956013,-0.2353251517547956,0.24800761579059233,-0.10727791338671061,-0.040708602198648906,0.08354884016298203,-0.16902017956287624,0.2115292067518093,0.0019242919022510485,-0.08271861700770951,0.8515747296798494,-0.10418664137721201,-0.2653131885151095,-0.629722100258957,-0.1004336566805268,-0.33411126443899575,0.9342645691506529,-0.3116654610073583,-0.2392459434102115
-1.4311627173273331,-4.339886187255948,0.7981103150885133,-0.05994544165960146,-0.08286061475384544,-0.947742287613195,-0.30220062676400455,-0.5148367357573378,-0.12859428464884382,0.25091910499929504,-0.6035333909180508,0.3606157359608418,-0.4637858964173226,-0.432420958529696,-0.4664829821492852,-0.237042723008951,0.1795123310157738,0.7869674932026764,-0.29116968466636745,-0.11985106502809287,-0.23959479826932234,0.23587773038752544,-0.09914563167316645,-0.037841693309515555,0.08281056594182727,-0.16752251121690873,0.22038492317289485,-0.006729592627175041,-0.08554122087478865,0.8761557860608961,-0.07203707816493979,-0.26369622825993305,-0.6211256327561586,-0.10029011036477035,-0.3494826845180654,0.9075367609215534,-0.3387489714117569,-0.2326895036530421
-1.4482747883598854,-4.3267703863131235,0.7964437176825608,-0.06278060411114625,-0.08544831894900982,-0.9454375611611232,-0.3080665487876512,-0.5084665944199515,-0.13305189009221713,0.2483700813709259,-0.585059563392869,0.34995841796352734,-0.45939090223954054,-0.4254836357459087,-0.45755786796132425,-0.24144444497526138,0.1780107035369055,0.7914452481696755,-0.28722082416547606,-0.12129450842243684,-0.2437915583306327,0.2233875743529218,-0.0911527212927148,-0.034696030981607,0.08194697970860954,-0.16600272394685311,0.22612153008545288,-0.015427126963769099,-0.0842839873016357,0.9063125005551779,-0.04216497688473238,-0.26166286143392,-0.6128232633085313,-0.10154034958141259,-0.363389205873767,0.8917818163047233,-0.3671654402045917,-0.22552895047588653
-1.4651060269973444,-4.313796674410955,0.7940625067801995,-0.06529253447517427,-0.08777194405757363,-0.9430700323676514,-0.3140889759737488,-0.5003082010833586,-0.13653206948507926,0.24675965840928368,-0.567341053607419,0.3400219633253943,-0.4562111241853976,-0.41605480742043666,-0.4502645776220602,-0.2463813429922282,0.1762068710799796,0.7920893361562064,-0.2845046497880769,-0.1209334511344941,-0.24784221350724064,0.21098720581377906,-0.08345167473075038,-0.03143915872489852,0.08098977971731715,-0.16454301841694208,0.2280958163849673,-0.0220315582175356,-0.07860763016922509,0.9418150179270567,-0.016702990676579276,-0.26052703370579117,-0.6063106500272868,-0.10218850110553082,-0.37408334009839556,0.8864262036106288,-0.3931876556532562,-0.22377580081404821
-1.481545370330804,-4.300946446557211,0.7907599992497976,-0.06697927398688366,-0.08923964496137891,-0.9407412801691181,-0.3202435111116615,-0.49063012893506247,-0.13760803472660535,0.2465184458443194,-0.5510065164933374,0.3308663992263386,-0.4542325588739846,-0.4042072912954706,-0.44462856866990497,-0.25204237625806586,0.17434338663774732,0.7887413230050374,-0.28311192731703416,-0.11921675551035886,-0.2519961751627046,0.19944480212973636,-0.07624949612296297,-0.028269787499951706,0.07999681099779253,-0.16331028331544614,0.2259902544805132,-0.023921016166540243,-0.06781610920183662,0.9819854281227496,0.0013436280577868009,-0.26046082320901165,-0.6035343366161693,-0.09966228516660194,-0.37890232258982126,0.891230913812552,-0.41259457435980995,-0.234786169849817
-1.4973309857487505,-4.288141396229426,0.7868273792954149,-0.06768332922514876,-0.08977108777464857,-0.9385177482067895,-0.32641163436007103,-0.4796183215938859,-0.13589651864384614,0.24801520738062535,-0.536170774446034,0.32279431702862765,-0.45337937830322594,-0.38979484532754616,-0.4404674133735096,-0.2582624791699165,0.17270200658107543,0.7805564940685457,-0.2829417706641496,-0.11568650123124305,-0.2557271651656255,0.18974336695927901,-0.06929212783876332,-0.02492289688886483,0.07894581944969722,-0.16271396673696495,0.22000676375123884,-0.0194886677947648,-0.04995373476596707,1.0263624259344934,0.0075962063442046365,-0.259384377020918,-0.6067914624163341,-0.09245407196031295,-0.37472747902692266,0.9077676690598231,-0.41890333233668,-0.26799716416818553
-1.5134003129982059,-4.276046713211284,0.7826878830740038,-0.06882215298109566,-0.09097775991616786,-0.936425003488284,-0.3318053213883842,-0.468771525856903,-0.1348826628928075,0.2502197284729141,-0.5228305475105757,0.31450808213259995,-0.453232214480789,-0.3700419370195114,-0.43667827328296027,-0.2690609543264528,0.1706759319266609,0.7678947461952907,-0.2848332687825502,-0.1109271019995238,-0.260211966741692,0.17788971665988804,-0.05954133903019453,-0.02012217238478874,0.07759323618634444,-0.1625347548655081,0.2124483973491527,-0.012965903628290776,-0.02611610762980795,1.0729891904021027,0.002673516056122185,-0.2554456518832228,-0.6150575353299556,-0.08950751494110849,-0.3601641291044045,0.9403886759333384,-0.41307198356489605,-0.2923508261499428
-1.5299854284839647,-4.264139641954238,0.7782234626961672,-0.070906550147548,-0.09264540379840498,-0.9344877897295547,-0.3363356376412917,-0.45847103549609075,-0.13544243884499543,0.2535876624407433,-0.5100081941813768,0.3072996555150052,-0.4546094287363332,-0.3491142304720265,-0.43630558520943175,-0.277870900179462,0.16924795366825596,0.7517863783621795,-0.28778808582089754,-0.10510399586172706,-0.26390650753001316,0.17074071967622567,-0.05177602917760063,-0.01673377207526417,0.07628122347812848,-0.16236556548566294,0.20428747529550212,-0.005961894600297773,-0.0023244992493533434,1.1209334384679106,-0.008083589243805747,-0.2521065646615649,-0.6234833965258824,-0.09074444371012336,-0.3394788307876498,0.9830543105192786,-0.40160939939777346,-0.28890837001640385
-1.546025789063812,-4.251439317920872,0.7752050333714026,-0.07217942604230747,-0.09189719653073879,-0.9324312697209131,-0.34193122550103416,-0.44497716063301856,-0.1316511241691342,0.260836669094095,-0.49689077929848313,0.30129406671765563,-0.45763545050979054,-0.32548232626392154,-0.44036564757416186,-0.2840835338569477,0.1678398063680236,0.7297970865714867,-0.29166935323111637,-0.09625467135587143,-0.2648879553249118,0.16634892904278287,-0.04101888528998272,-0.013908479226019444,0.07470694055035375,-0.16294608467680421,0.19390834918253622,0.0074650561583115395,0.021221314814346956,1.1705472338078555,-0.02173971556306092,-0.25076564167681975,-0.6336784496853478,-0.08936438903251817,-0.33472625189876193,1.0338927152914845,-0.37440053958614045,-0.28357959107385616
-1.5609652262567828,-4.237907584614813,0.7719003834818118,-0.07211406006226327,-0.0892601958997051,-0.9301522236263767,-0.3487821965814609,-0.42803792920126776,-0.12338221312390732,0.26765225874200316,-0.4832939665840072,0.29670299515635024,-0.46036664645280095,-0.29970309484813257,-0.4466052325662628,-0.28968896579106296,0.16852780675333878,0.7078600342995015,-0.29599414986257017,-0.08526352283643202,-0.26800838231647844,0.16284703531052683,-0.031116821537384105,-0.012051999369987618,0.07311809885874154,-0.16191596613765435,0.1791272463465319,0.027605820988111842,0.04446614369751966,1.2253610574866174,-0.037881930898461716,-0.24993801325594062,-0.631300515150201,-0.07082076078941882,-0.31829036858868714,1.0706840603187315,-0.40219315789698057,-0.27920289564127826
-1.5752671182653404,-4.223353664277185,0.7672928047570893,-0.07099888598695153,-0.08516718031270243,-0.9277225974657833,-0.3564217890891842,-0.4087105103587362,-0.11151334452677604,0.2738607651045063,-0.4690742605331264,0.293644478381481,-0.46281896558950686,-0.27295291435166397,-0.45403760857718733,-0.297416105346598,0.17188500869316004,0.6869809355813915,-0.300809173399296,-0.07301737245027119,-0.27427811562117715,0.15953218750050735,-0.023308704811944966,-0.01151696289136736,0.07157900975239896,-0.15934205323184644,0.1612620704126914,0.05403024459455974,0.06771690379598569,1.2846672152020704,-0.05618740863903124,-0.24743368284509554,-0.623029584857203,-0.05489166307614393,-0.31352154132773863,1.105506554417116,-0.43825009844390544,-0.2804807059298713
-1.5886015355142866,-4.207733530636564,0.7620272508840238,-0.06886337383940411,-0.07982105470351133,-0.9251534769305958,-0.3646607726267007,-0.38764158507497776,-0.09665089047360212,0.28011474430480393,-0.4526845499856031,0.29218019988752725,-0.4642826474790694,-0.24607896171939664,-0.4633506365572686,-0.30589541792170566,0.17707514474383867,0.6633979055374731,-0.3062222497054812,-0.057815906760739125,-0.2814937147292542,0.15692737580980348,-0.01533897369810831,-0.011363078003553446,0.06981432440388242,-0.15607960353342906,0.14025838850133496,0.0854800884595128,0.0901073161625606,1.3456528981952747,-0.07465398707619664,-0.23808486108861454,-0.6121561789747305,-0.03522873146957697,-0.30968221548553077,1.1371368289893946,-0.47890301390879897,-0.27780954106237055
-1.6012823129960072,-4.191750999942772,0.7570985901839511,-0.06642140592982239,-0.07456321184719142,-0.9223838926425,-0.37314404573435866,-0.3662014778746561,-0.0818983681187881,0.28642829747040005,-0.43307761078958584,0.2915834070032888,-0.463802022901585,-0.2201697620758405,-0.47613117232632807,-0.3127404448117534,0.18238439441389506,0.6334100857313071,-0.3133616068498884,-0.038578080593567314,-0.28815325708567296,0.1556795117201024,-0.004656184382288403,-0.011139107942075118,0.06750849455749305,-0.153188564715052,0.1158875732070713,0.11759753289543806,0.11074339709935772,1.4050140101844149,-0.09081627669141577,-0.21921302467419362,-0.5994145635576912,-0.014396784644140913,-0.3042529695942937,1.1628340632737597,-0.5141879695577695,-0.2736075285347594
-1.613228800205645,-4.17541153667748,0.7528373627112421,-0.06252962859141997,-0.06781389159682374,-0.9193477907909117,-0.38248001414790656,-0.34332880907444646,-0.06374736524581424,0.29313694074107444,-0.4103118478978856,0.29136148737596546,-0.4614138095263469,-0.19444921684313968,-0.4954027066153387,-0.31754387790464134,0.18622455857162526,0.5954067435074017,-0.32290597020377226,-0.01471449917091076,-0.2932757814249142,0.1551498635226224,0.010565726327336867,-0.012153890041483092,0.06456990603558717,-0.15042348383158977,0.08684251005595138,0.1528554280180322,0.12617724032898758,1.463834918292562,-0.10595987982718776,-0.19900161732311925,-0.5840910046397892,0.013164209978903402,-0.2993421391770811,1.177925085050591,-0.5409862889331464,-0.27152088514850375
-1.6245568738723364,-4.15930356493191,0.7488771596931956,-0.057322119984362464,-0.05954806155670589,-0.9159804342475005,-0.3926169214400939,-0.31931853564829143,-0.041905294182059086,0.29979392363936175,-0.38509576825201103,0.29146647132417286,-0.4565079810244356,-0.16862384481461487,-0.521128677983286,-0.32022060066962427,0.1889009958176473,0.5501630420129849,-0.3347342452059694,0.013384819427068876,-0.29821024077496155,0.15468211281167932,0.02848820423516631,-0.015503779530609215,0.06098089279880337,-0.14760661851357537,0.05295316090456299,0.19170983321430837,0.13643229525068626,1.5235470977465242,-0.12161073089833979,-0.17778095553811576,-0.5662890119259314,0.046415072469147535,-0.2947174453678878,1.1851935129079123,-0.5652742071186225,-0.27122235568471986
-1.6357692786992735,-4.143752092565641,0.7453564145893764,-0.05206956670801687,-0.05116480300883219,-0.9123817590254805,-0.402778411727188,-0.2957975922957352,-0.019695394386964625,0.3065283616838944,-0.3569209264077854,0.2922450758782731,-0.4491646059493574,-0.14528388475964732,-0.5496620603951591,-0.31952408544899413,0.19092988046733306,0.49946840032500106,-0.3474845487478068,0.044010089412991074,-0.3047452232337737,0.15537519566057512,0.04789943482870212,-0.01981515294908362,0.05677923622709092,-0.14529778128423537,0.015347650240116294,0.2298757719931214,0.14124149724225865,1.5817768520092124,-0.13660811909496642,-0.1544296239919682,-0.5461125666137625,0.07992884616059714,-0.2887872609674404,1.188147177919677,-0.5884898724108083,-0.271777449251245
-1.6471010114277245,-4.12865079095702,0.7424294784236444,-0.0481091265580676,-0.044204895717141895,-0.9087448987737691,-0.41220643867982965,-0.2738599529544669,-0.000955798146389922,0.31390387997358987,-0.3256161810770134,0.294233672315071,-0.4400115164557372,-0.12773733770430823,-0.575208968626986,-0.31406940433822333,0.1925894989220077,0.4458153883672284,-0.3595334533129245,0.07472361517181397,-0.3152152147145803,0.15937851487007904,0.06755085508604236,-0.021917061599056632,0.05208921316303966,-0.14413343343588633,-0.024931600814996888,0.2623924078969761,0.14080030551489683,1.635716575293621,-0.14974396505615428,-0.1285280686710233,-0.5236427039826711,0.10823597495151206,-0.280321106999876,1.1902497961600333,-0.6116266462909355,-0.2714877461108116
-1.6587718884272245,-4.1139458411855205,0.740039337131657,-0.04584403190667018,-0.039266351967648376,-0.9052342181854038,-0.42060371915611167,-0.253813879232006,0.012637121448019782,0.3224684871954936,-0.2909182115983026,0.29723181402097915,-0.4295195553448897,-0.11784327480841665,-0.5921207529658427,-0.3041438245163385,0.19324934243543893,0.3896602997544573,-0.37061108721268243,0.10382584704159631,-0.3314144329706215,0.16976608850664607,0.08745768520427225,-0.018797919649286957,0.04691348583919659,-0.14427662907055097,-0.0690301636534915,0.28616614126310425,0.13407721518242902,1.685420374142886,-0.16011873558869721,-0.10050670555113864,-0.4988697385533762,0.12944480689789434,-0.26955287340168566,1.1925897668953103,-0.6356171170741886,-0.2704677624034088
-1.6705694638234998,-4.099733395517348,0.7381116861602167,-0.0446058934094983,-0.035665498919846654,-0.9017850622270791,-0.4283946638370298,-0.23449210795865416,0.02261554057452541,0.3319468141127963,-0.25338769100430514,0.3012739637351703,-0.41792721794732596,-0.1146135867603886,-0.599598237311737,-0.29110597925913867,0.19176152134779162,0.33009776325705553,-0.38087536415892215,0.13132586175951602,-0.35246003417096283,0.186921119135329,0.10714330834698706,-0.009997961050521923,0.04117449194156298,-0.14540933197655528,-0.11794432663877097,0.30292732300457625,0.12171370642671939,1.731987908857492,-0.1684119744797256,-0.07145086633397525,-0.47205882885969475,0.14628367465895845,-0.25734969666834434,1.1935145657493855,-0.6599712945245072,-0.2700604572807552
-1.682395871420894,-4.0853019587168555,0.7367047658443342,-0.0441986030841743,-0.033014558603170006,-0.898282408649483,-0.4359417813384353,-0.21472289028963862,0.029866918204406144,0.3419372033765025,-0.2133905647722761,0.3073467484263146,-0.40560293539605197,-0.1176406971737645,-0.600127412092981,-0.276309081741129,0.18777691175261665,0.26888966799543407,-0.38978349061690165,0.15712352806336813,-0.37669679406919326,0.20787499388662378,0.12441089980273774,0.0036921226669559314,0.03496302699411652,-0.14740957094287893,-0.16908788254651838,0.3151395020117484,0.10703216180618015,1.773385607354836,-0.17530277915127543,-0.04244617377944367,-0.44325820918573244,0.1601539601888508,-0.24362931741369842,1.1925314025060179,-0.6827731796970808,-0.26977613634060044
-1.694047857905331,-4.0708889030472815,0.7357920683906637,-0.04428024562328542,-0.03096416631681664,-0.8945980004257535,-0.4435931670867904,-0.19339425448612815,0.035569210528449656,0.35149824060249013,-0.17304335799559736,0.31533957546085406,-0.3932813906751246,-0.1255213038776723,-0.5976475788648695,-0.26014340704817995,0.18116706490250256,0.20715744363282299,-0.3970640453793415,0.1801826445753867,-0.40163823362670414,0.22810395678207404,0.13682882264909746,0.020109760794782224,0.028488469063291732,-0.15003611509428724,-0.22021011261537723,0.32559574396809005,0.09402734327295874,1.8077616347857595,-0.18167432304956715,-0.015780603278338107,-0.4130463837336938,0.1722152306505721,-0.22796475360402155,1.1892419057475225,-0.7032819125181562,-0.26942813187590486
-1.7055668179832304,-4.056795299491828,0.7352678574300121,-0.04487582507332631,-0.029505392849982572,-0.8907249094272596,-0.4513587573566687,-0.1703941799521234,0.03992270718455491,0.36033284877096977,-0.13259381956985938,0.32490827114338033,-0.38112535922992086,-0.13884895746185513,-0.5945409667147633,-0.24301141490003936,0.1727177027492151,0.1451835273127622,-0.4026968738862405,0.19989655864789485,-0.426560468638739,0.2436803535612437,0.14392675879093897,0.03746448059545455,0.02181830066487967,-0.15309940501090874,-0.27062700322067745,0.33503041171257897,0.08453135168581172,1.834378121724663,-0.18761552886408753,0.0073812666236250275,-0.38154108586880475,0.18222001879890704,-0.21003625950861474,1.1839460932975927,-0.7222969002567525,-0.26889587560563305
-1.7169637980992527,-4.042929918179082,0.7352809746307188,-0.046028982445487455,-0.02879831412247713,-0.8867286869529727,-0.4590906507579879,-0.14619227107544766,0.04251471752111392,0.36858638981277714,-0.09078566058173039,0.3359390412548215,-0.36838155244409754,-0.15810876303434573,-0.5909242191892504,-0.22572092300641342,0.16335817621584733,0.08225699266590639,-0.40700465292321725,0.21735989864760705,-0.45126381259697373,0.25397897997797764,0.1469823225171037,0.05540900361388869,0.014834843212830236,-0.15654969343859038,-0.3208747148476396,0.34211079588964105,0.07773533477320177,1.8533578296323343,-0.19285878050164473,0.02774356655807487,-0.3486196417075888,0.1895810037309103,-0.19015042347408626,1.176599689462245,-0.7401197997513573,-0.2680639979342866
-1.7284679819948532,-4.029188222138527,0.7359567388183981,-0.04742382725558027,-0.02875133068832318,-0.8825679180745836,-0.4669027860032303,-0.12070479516009684,0.04365154508078049,0.3758201704671351,-0.047552021024861134,0.34833877748114817,-0.3546837926872936,-0.18168070678398934,-0.5873190176442572,-0.21012803219383994,0.15304092262038177,0.01886080115357622,-0.4104996767283156,0.23312208966164183,-0.47470629322875124,0.26008412350769455,0.14659155554551068,0.0731262129603889,0.007583031412501782,-0.16024221562710297,-0.37018507964962116,0.3465960656417882,0.07348744849028627,1.8643507547873082,-0.19705202947784398,0.04566237589285605,-0.31472336026232595,0.19457029945997897,-0.1687175666552484,1.1669096102935606,-0.755653078483406,-0.2674485151471224
-1.7397664749668742,-4.015344461900918,0.7372757075596953,-0.04867839439792968,-0.029236174860844583,-0.8782001270478184,-0.4749107251384633,-0.09385772832099805,0.04380258817990581,0.38147850270101297,-0.0032367114290042737,0.36197412236760196,-0.3387302421764224,-0.20723797131243538,-0.5837063759691594,-0.1969483002941523,0.14159577927169334,-0.044451601167063357,-0.4135807025273454,0.24846817515903516,-0.495530566276301,0.2639313962529207,0.14223107353011183,0.09021449658725245,0.0001332449661914424,-0.16396165239345908,-0.4178257515696687,0.3487319840667234,0.07119540870563756,1.8670546291907435,-0.19950808895669397,0.06258519686825299,-0.28051432864639936,0.1978579930710949,-0.1461167917035659,1.1545408430043342,-0.7678232454300404,-0.26671999789834655
-1.7509729968538625,-4.001578372551221,0.7392472421133548,-0.04959926572471727,-0.03021424189681696,-0.8735408674150077,-0.48327359268017656,-0.065357508595597,0.04333213989354553,0.3851074585228875,0.04125463352652073,0.37615500099834037,-0.3205960148258785,-0.23325945379607943,-0.5805076588706021,-0.18618150086956672,0.12802844397891835,-0.10830411281943372,-0.41705617420614477,0.2638498850064928,-0.5131003362547865,0.26665571589822645,0.13486077261693924,0.10617000659048641,-0.007410253525106053,-0.16766686283466015,-0.4638570200043606,0.3490043000996623,0.07143178720018947,1.8614064781061104,-0.19822061306180017,0.07944987192130902,-0.24613825752590918,0.1995198342698444,-0.12216687954450467,1.1388215935212802,-0.776648939166359,-0.26616965364864836
-1.762052676960658,-3.9876562070856685,0.7419255622115436,-0.05032936240404286,-0.03174071205853109,-0.8686344902765976,-0.491867466681763,-0.035440209686183194,0.042180560705068815,0.3869006364703284,0.08614645584240394,0.39048586950066777,-0.3002085744969613,-0.2598724645624786,-0.5776648366273652,-0.17675886161347218,0.11244235567228456,-0.17245601748222195,-0.42090446902791456,0.27956584617442404,-0.5280579529762189,0.2683036717726625,0.1250552811236685,0.12099541561584436,-0.01502229287185909,-0.17129345953795347,-0.5080193598827972,0.3476001517714558,0.07435197272745711,1.8473051184259854,-0.192968728206447,0.09616287228741002,-0.21138282729079458,0.19920480589847506,-0.09686431233740753,1.1199095951972091,-0.782336631714388,-0.26527458255635283
-1.773191513903805,-3.973395775813967,0.7451559211160828,-0.050971829494882104,-0.03388052873286504,-0.8636411107480458,-0.5003778714098053,-0.004850509575583998,0.04011502377061659,0.38707346750429994,0.1314455920998461,0.4043208543271322,-0.2778038541693269,-0.2866548229586965,-0.5745199085584354,-0.16860029121347975,0.09607331883621086,-0.23399979716764585,-0.42472972152466243,0.29405118199241254,-0.5414905468148203,0.26925070790444433,0.11197027009685669,0.13408694575411917,-0.022471131902517875,-0.17450241745585673,-0.5490815066799036,0.34391229859937755,0.07929861109774852,1.8249131678129287,-0.18582448350751282,0.11094368089917142,-0.17677587089481472,0.19651705746615275,-0.0709724682157222,1.0993677412982952,-0.7848478534177948,-0.2640127261566575
-1.7844535533321406,-3.9589305875602356,0.748738047663076,-0.051595135331832284,-0.03670418834370479,-0.8587442148554202,-0.508477254182001,0.025608849484278343,0.03689355607013482,0.3856408986337098,0.1763853696977839,0.4168397030285823,-0.2538160658078378,-0.31219410117466995,-0.5700758398722218,-0.16153531070599206,0.08063984275916695,-0.2898243227147251,-0.42805107517755925,0.30563252819722736,-0.5538468399142211,0.2700239969867744,0.09499455671998848,0.1447296676545079,-0.02944767620724553,-0.1768684291538898,-0.5858863758262364,0.3371935993395059,0.08539207082621925,1.7944503410788328,-0.17914832194457178,0.12187880563318004,-0.14312387696180917,0.19120597098563843,-0.045322542824871165,1.0788300839212919,-0.784480488693853,-0.262472805858958
-1.795956169526042,-3.9440201504597634,0.7527251346923732,-0.05228498933711956,-0.040227648963039805,-0.8539794026684553,-0.516107736782691,0.05594752262846351,0.03250084095957194,0.38274315949654264,0.22043812521566875,0.4276191908442638,-0.22872708696609348,-0.33500170059022905,-0.5639554160832686,-0.15536066929023326,0.06723421277767085,-0.33844033749579305,-0.4311398270567532,0.31385526282425935,-0.5655944711759072,0.2715385500281724,0.07453965569676499,0.1532719476982307,-0.0358005096680476,-0.17833129915345453,-0.6172975627685482,0.3273381573038815,0.09295974549289786,1.7551645253674046,-0.17298509717509145,0.12984200482597433,-0.10992361652902913,0.1832685153085006,-0.019747825110496355,1.057669728970217,-0.7811300095596023,-0.260367777754905
-1.8077192671436086,-3.9288496822732184,0.7568935452274503,-0.05293408686558622,-0.04394478275523367,-0.8492995306515349,-0.5234091571145693,0.0861825115726475,0.028140893583744574,0.37911918584511084,0.26247182162982785,0.4362687191837748,-0.20309717050821055,-0.35500329565584704,-0.5561965705701264,-0.1498901840637352,0.055659015150712955,-0.381923364348505,-0.43468046180881514,0.31913450902668566,-0.5764839374165361,0.2740161991259497,0.05146315713547074,0.16000845018055243,-0.0416198451852131,-0.1794935858335402,-0.6438079937297384,0.3154890736360942,0.10153735710729624,1.7077499130253944,-0.16677446880375188,0.13529109592396021,-0.08262566394466474,0.17260574369257908,-9.473033807071347e-05,1.0491124040638238,-0.7589424751758762,-0.2573059735228563
-1.819862468313409,-3.9135056675486473,0.7612498102222368,-0.053217887590931,-0.04770360103359011,-0.8450533275873309,-0.5298840405431792,0.11530858797753855,0.024346018619434192,0.3733089168853171,0.2993542643632612,0.4432700977426283,-0.1818024858065299,-0.36790599267920415,-0.5500308332922873,-0.14696682895486912,0.05153234457048844,-0.4171454038709334,-0.4384194201528547,0.32114737505714275,-0.5892066651503141,0.27545723698088653,0.034123425662914736,0.16210852119260166,-0.04651951226361838,-0.179531957152061,-0.6670114436430984,0.30139463044535364,0.10884283854470395,1.6534975601164816,-0.16116377703840726,0.1358886002683374,-0.05389407925433721,0.1611827793784838,0.020392347631000576,1.033771365099968,-0.7420746043545525,-0.2555971148489132
-1.8321372900225148,-3.8978653436693267,0.7657267591836853,-0.053607359682226706,-0.05204374562478074,-0.8407583060548144,-0.5362305197665289,0.14276884010916857,0.01872744819568539,0.36639635226462214,0.33733990045245676,0.4481934418290484,-0.15836004885214258,-0.38015227305356636,-0.5426190718091056,-0.1426949890912852,0.048649122985851015,-0.4500309793735155,-0.44146887388453826,0.3246138204873388,-0.5934015612764414,0.275659884710022,0.00856136580844576,0.16250955433516864,-0.050975834887966726,-0.1787322118706486,-0.6848954487026346,0.28489201542507864,0.11640277919763366,1.5919814567975918,-0.15571183421552498,0.1308374790580772,-0.026915218962394703,0.14793817409923798,0.04090133123923854,1.0188776351014426,-0.7219894794039298,-0.25421606579287104
-1.844695895078276,-3.882012910554917,0.7701605001159567,-0.05403620900844191,-0.05676896871496713,-0.8366683707059649,-0.5420732512929046,0.16853805816339792,0.012328583644058491,0.3589833368481296,0.37404860071080653,0.45094211327050693,-0.13506576336650508,-0.3908337670222164,-0.5339026536715566,-0.13689739959195255,0.047403727499709794,-0.47804966881653893,-0.44440402785067723,0.3279024553481318,-0.5934120485167567,0.273635232221472,-0.02189838849698962,0.16067615654136178,-0.05478342787710362,-0.17748527260942054,-0.6977557042657702,0.2655789706901139,0.12311448489241171,1.522289082714291,-0.14902319476706552,0.11890890637908565,-0.0023664253468079015,0.13264208908972508,0.05917377622742511,1.0063989967038225,-0.6980335855087797,-0.25294973905245527
-1.857349296974323,-3.8657630367252658,0.7745540754104332,-0.054475511898090995,-0.06173843291925265,-0.8327966635247861,-0.5474216854729993,0.19289300236911003,0.005499209370595726,0.35145767622516644,0.40868856101011664,0.4517833099101703,-0.11236583014725135,-0.39935269986912575,-0.5238642246052774,-0.12926725519083565,0.048169923712207685,-0.4999169708944447,-0.4478696783019198,0.33081678124984953,-0.5934120747348575,0.26922622476811914,-0.05279127214891041,0.15727102673144527,-0.05811471533657394,-0.17611942845674167,-0.7054236829665168,0.24369924932402373,0.1286037295656306,1.4439153245258063,-0.1410184719180724,0.100759275727011,0.02021275559480886,0.11586457963061478,0.0753133094820338,0.9958327516236679,-0.6697701019930388,-0.2512702723746047
-1.8700120464434409,-3.848978090506311,0.7786309381494053,-0.054812356900423215,-0.06628573475584186,-0.8291162318421625,-0.5524202032825662,0.215517261474161,-0.0008410271977080472,0.3438493860218282,0.441315616280022,0.4512528714439654,-0.09073603235618914,-0.4063114805515842,-0.5127885587583633,-0.12010753581416198,0.05095292328984844,-0.5159187369201512,-0.4515807874746645,0.3334061691660012,-0.5934120748004027,0.262345071618441,-0.08326163255501212,0.1524246465615386,-0.06094347630343259,-0.1744824683112425,-0.7088825068436682,0.22104252266034166,0.13122361932055035,1.3608092287365303,-0.1340494953106661,0.07658732862994141,0.0413525096100448,0.09945898756510414,0.08924745462199148,0.9870703671616137,-0.6369755996740609,-0.24973737435739748
-1.8823588532529563,-3.831479206643621,0.7822361267183483,-0.054920261767502886,-0.06969372583597436,-0.8256130646875721,-0.5572159517132323,0.2362246425681953,-0.005558902582480032,0.33632581546305873,0.47177596625982193,0.44987053503816826,-0.0705518662759348,-0.4121060563951981,-0.5011947448143175,-0.10948700858518783,0.0554723434444676,-0.5263658058563683,-0.4551894169180291,0.33622867921620625,-0.5934120748005666,0.25315204576521777,-0.11261027851297126,0.14638941175890285,-0.06328108823774113,-0.1724689046767476,-0.7094199942930728,0.19988130032000875,0.12933269968281375,1.2778720835339137,-0.13039444842379513,0.04744413169846239,0.06179303841718695,0.08537280924442879,0.1007088155881054,0.9795308476021317,-0.5994780621957981,-0.24859394355477826
-1.8943903085514937,-3.813332450235604,0.7851656098188746,-0.054801647728659246,-0.07164331563035577,-0.8222721152321782,-0.561900866028263,0.25510905213814267,-0.008106928968438346,0.3289562982086473,0.5003888001092315,0.4474548158062327,-0.052043051919155016,-0.41691231017284236,-0.4898504551369109,-0.09796087491406155,0.061726665529361735,-0.5310104042325668,-0.45876855283330764,0.3391628019478478,-0.593412074800567,0.24150731407717774,-0.14053986157267798,0.13885746490245224,-0.06507838292935161,-0.17000920426393856,-0.7072595221803528,0.18123749740869513,0.12233469059043534,1.195884137182883,-0.12939565173237633,0.013166824867029359,0.08218366641816473,0.07414953797520789,0.10909864529937248,0.9726558693011689,-0.5564711031955978,-0.24838306964645698
-1.9060981858711987,-3.794464006924821,0.7873908506758951,-0.05452486018173283,-0.07233670263842669,-0.8191243297384272,-0.5664183732049429,0.27218398411027894,-0.008684542721269374,0.32183375896418115,0.5272183579119523,0.44388362914821533,-0.035065229359371515,-0.42038920276467595,-0.47929180218173983,-0.08556018975215046,0.06977397066408196,-0.5298103286957162,-0.4624951281530128,0.3423764179368896,-0.593412074800567,0.2274732797674353,-0.1675286140692561,0.12992329187770474,-0.06634363498149325,-0.1671881297639874,-0.7018932680179796,0.16484548171827795,0.11089108021234861,1.1134201940322495,-0.1300505950612978,-0.02553333352024121,0.1026356273452947,0.06514999949084763,0.11433531800492262,0.9663757942990631,-0.508283542226499,-0.24842053778872944
-1.9173862941957636,-3.7749302384545627,0.7887083017795647,-0.05406473818094737,-0.07190718938502089,-0.8162390472156764,-0.5706664332170032,0.28703892239372764,-0.007387395120718045,0.3150638540556416,0.5513247809418056,0.4396740143799883,-0.019843616441183487,-0.4230369997862639,-0.4696214178768896,-0.07219677415067831,0.07929109531136884,-0.5238869619397355,-0.4662049993753184,0.34572413629589455,-0.593412074800567,0.21156966712358544,-0.19389618907818357,0.12013566988378899,-0.06714200230119606,-0.16417877248881632,-0.694391084943026,0.15099732783784647,0.09572775077699686,1.0336626370876862,-0.1344731968189107,-0.06670311592240077,0.12251989801478169,0.058409930853177125,0.11722280497260114,0.9618651347725733,-0.45707162900641557,-0.2479541327448567
-1.9283119384896934,-3.7550719893308715,0.7889643914853606,-0.05319073115501281,-0.07082112046365642,-0.813787251758194,-0.574373940818447,0.2990389400837806,-0.0049454114462558615,0.30787850667516486,0.5731708606542342,0.4349109653719315,-0.00738402202782111,-0.4285371709192217,-0.4557872643161319,-0.051489954323942905,0.09395817762105216,-0.5125765344297359,-0.4702991281178684,0.3488046020708273,-0.593412074800567,0.1852018396655718,-0.22667516025820758,0.10565686516824653,-0.06769872932870054,-0.1604133864522605,-0.686304339492629,0.13871992701884567,0.0757494161756193,0.9597729470299304,-0.14658758724662246,-0.11692105262415696,0.14062404969399506,0.05376432880341187,0.11869742373706042,0.9594986406486506,-0.4001515965501754,-0.2469122446773012
-1.9391553748292603,-3.735044787181176,0.7890689245573115,-0.05239275727782966,-0.0679923776649134,-0.8115471438549686,-0.577947462028462,0.30821063079892397,0.001298855029887302,0.3023056937935609,0.5868619845572393,0.43043709762951204,0.0008706435117513838,-0.4283014388068933,-0.4489947212380609,-0.03780274663584,0.10217985485470417,-0.5003440605132775,-0.47394387501663715,0.3508501204703398,-0.593412074800567,0.17056234827196842,-0.2481910921176049,0.09852046346757644,-0.06744490408763273,-0.15810120290666577,-0.6783772361997117,0.1306786154391289,0.055550765622663624,0.8972415394389643,-0.1614404157771256,-0.15429820184756496,0.15699896537211683,0.05196086709611354,0.12028651480489497,0.9691928726283868,-0.3666153182218882,-0.24257612504663242
-1.9498413230325693,-3.7150011124978817,0.7889320501098274,-0.051833301985648644,-0.06488669809522783,-0.8095707494369465,-0.5811180834147769,0.3149472383499215,0.0073813045235566555,0.29808531120498666,0.5960071464064511,0.4257178554396636,0.006888048674739139,-0.4280119889338239,-0.4431851472080439,-0.0236015842631159,0.10948576539282456,-0.4842331017308055,-0.47711348312995255,0.3519507246392681,-0.593412074800567,0.1559027315180315,-0.26836423897776157,0.09237174519125624,-0.06679020560113073,-0.15618811327261473,-0.6693732568955612,0.12344567548408619,0.03237091539592004,0.8409716338691684,-0.17980664587133582,-0.19813107918617043,0.17156976524624765,0.050979955190331744,0.12272817259360246,0.9791707264317723,-0.3250570635266893,-0.2323792014996559
-1.9602130183121327,-3.694952375080846,0.7885094201905718,-0.05129209264383547,-0.0612794630548562,-0.8078707949613776,-0.5839167126298028,0.3191102355528398,0.014227449256048503,0.29484923614202796,0.6002955229386503,0.42144435821009396,0.0102853524178046,-0.4273994760027505,-0.43818284473660596,-0.009087916859403383,0.11560698837048315,-0.4652685916577013,-0.47979227718721956,0.3525318540329248,-0.593412074800567,0.1415302306781211,-0.28660148259295803,0.08768157989646742,-0.065776452675093,-0.15472175051382853,-0.6602405234047147,0.11847802792389851,0.00972547670723794,0.7936444229290567,-0.20249022396519423,-0.23880917392816553,0.1847393488182818,0.051633334889829775,0.12478310641647616,0.9910961665356959,-0.28265791116300304,-0.22046772466297437
-1.9708369660058311,-3.6753349474998807,0.7880011959246782,-0.05126819787797305,-0.058594211551254285,-0.8064874414360041,-0.5861026335592077,0.32032833567408825,0.019307738607063953,0.292755966662068,0.5989305861886115,0.417879121534529,0.010016449566418804,-0.42606048473381675,-0.43358493824368755,0.0054632769906377285,0.12032031686218131,-0.44388864158653335,-0.4823681056371367,0.3525232173920676,-0.593412074800567,0.12701007867078185,-0.3022560923868446,0.08429173297495257,-0.06445363799670396,-0.15354893576046977,-0.6512068672315673,0.1124115034734056,-0.005681413494408293,0.7561006851686716,-0.22929936919442984,-0.2581518379732533,0.19514524743373385,0.04990233763916113,0.12498189513000549,1.0070681959436956,-0.24399024345610856,-0.20600788348510907
-1.9810541841073979,-3.6558923110292896,0.7871138983312448,-0.05121117748581113,-0.05586308389578838,-0.8053154742702041,-0.5879827531987005,0.31964564902496007,0.0241258939931215,0.29186622490228037,0.5912954336397896,0.4159242182762505,0.006812966912040859,-0.42464964310848985,-0.4286385961266868,0.01908827877121695,0.1239281947862496,-0.4202125414227901,-0.4840560896229923,0.35170990240836136,-0.593412074800567,0.1118273122934981,-0.3154605118646452,0.08195366894796763,-0.06271501084278104,-0.15300231424885832,-0.6437784471139327,0.11024167158811188,-0.013358372482928186,0.7332785898489891,-0.2621629990602877,-0.2657084928439382,0.2034294495930392,0.04872152316706564,0.1240403747368413,1.0263691514569757,-0.20970165625239554,-0.18757334844106408
-1.9907145465151928,-3.636574055790811,0.7856999594546706,-0.0509427035980632,-0.052567840801845026,-0.8043302842841491,-0.5896560496144602,0.31728070456387353,0.02970892566524647,0.29215409847912627,0.5774613000127566,0.4156061795557407,0.0008375540358711428,-0.42305416336323404,-0.42301461297054005,0.030620979948248635,0.126363908190518,-0.39439012898719117,-0.4848328821027215,0.3500478384585092,-0.593412074800567,0.09593430957639613,-0.3259207202641637,0.08056404293025006,-0.06054840233589556,-0.15327711992045198,-0.6384777879240685,0.11308728500088387,-0.01549282123519339,0.7259634722672486,-0.29965483977423296,-0.2695988763652549,0.20974732130138998,0.0494425322824614,0.1223893383146811,1.049199945235425,-0.1795967543219093,-0.16620544780624302
-2.000945436595518,-3.6176308763551535,0.7837428419273063,-0.05133864335272181,-0.05045931948112157,-0.8036216873074299,-0.5907710084841356,0.3121286698034489,0.03283474033610429,0.29363397504216904,0.5587942351565706,0.4166319645218766,-0.00850984201923299,-0.420874018857808,-0.4171542960943979,0.03944877287791094,0.1276616868230628,-0.3669693140686737,-0.48540303244331456,0.34781622325684536,-0.593412074800567,0.07965080157706471,-0.3333161701999388,0.080036602226183,-0.058159215865381156,-0.15394996572599814,-0.633741294789283,0.1131232542241703,-0.013063176389414979,0.7284048935776791,-0.33549996801367993,-0.25820308917464074,0.21225841067886858,0.04629675432356061,0.11729347110497307,1.0783591794008147,-0.1554052720126804,-0.1460435740922444
-2.0112991897190984,-3.598880767878159,0.7809672790599838,-0.05225402931009721,-0.04918245945867681,-0.8030498933821991,-0.5915754143313368,0.3046879813526412,0.03409983209419462,0.2966961182776917,0.5348560781439384,0.42030618955955446,-0.02256227579262328,-0.4183682657621266,-0.4088505896822198,0.04867165790372515,0.1312165980447688,-0.33823963634917625,-0.4856339574493931,0.34496098247564017,-0.593412074800567,0.05613885766485854,-0.3372377033685989,0.08289422753220668,-0.05585995463210808,-0.1553381952931219,-0.6281718529382155,0.11154359070534285,-0.010298146272362675,0.7360902268453542,-0.36522755336125345,-0.24923868949508257,0.2097986850785216,0.03822884286259128,0.10529490952111818,1.1150466463222106,-0.13704182726948627,-0.1330561045832712
-2.0217338728382215,-3.5804195754851156,0.7776305740983827,-0.0535209782193233,-0.04926057314602391,-0.8029149078738326,-0.5916388691911021,0.2932074202609331,0.03236858852868103,0.30009948517293,0.5075568873382271,0.425091019910817,-0.039024788834659895,-0.41404371420585523,-0.4042077637162264,0.05506640444016245,0.1359360239282511,-0.30907395600559506,-0.4850629313017097,0.34245050785579323,-0.593412074800567,0.036590238811687,-0.3332010224082947,0.08747571482233285,-0.05316263533074318,-0.15678807928726177,-0.6206850587043576,0.10700759935762053,-0.008799451089084082,0.7442766446593906,-0.37962710442320197,-0.25169899327222117,0.20137664937989969,0.021978773365645545,0.08060942453484168,1.1602271854010884,-0.12988753984698342,-0.1373153954213376
-2.0323228985175947,-3.5629191913137377,0.7744894115201664,-0.05507489606843491,-0.050316419033374575,-0.8030640518590891,-0.5912048227225236,0.27879543488127406,0.028533339774183035,0.30399599715448045,0.4745889583479607,0.43104336671685684,-0.06058606953031412,-0.4072009963045732,-0.40267052241636453,0.05994820369997744,0.14125747325284094,-0.27814053780171843,-0.483994232993571,0.33914943664300096,-0.593412074800567,0.017787499663303702,-0.3191192902866313,0.09194223979544164,-0.05011210455384621,-0.1585039766614862,-0.6110294742875348,0.10007244761429487,-0.0074629096570310565,0.7539750220503336,-0.38054121510616695,-0.25995535764986855,0.18775351441916735,-0.00238042987832046,0.04606261096718097,1.2133100153591383,-0.1344272983796332,-0.155189673963631
-2.043057133618014,-3.5462628511750225,0.7760043889868439,-0.058191309371726736,-0.05186997421516326,-0.8031491469822958,-0.5906561817082187,0.26188713664445534,0.022484769237699397,0.3132969580742367,0.4321245366657073,0.4372711496612304,-0.09020144056617281,-0.3928755823545816,-0.40224919707783685,0.06895275074193463,0.1420411362598141,-0.2457032439601566,-0.4835230781385376,0.3355417334234983,-0.5934003388325078,0.004731927958523537,-0.28554400462397217,0.09896500355945578,-0.04649671907891246,-0.1626483661006157,-0.6033825120595698,0.08996771065403603,-0.006823519907269955,0.77421420296701,-0.35597442785008676,-0.271857610400747,0.1731616266750262,-0.03325672829670024,0.00971071973060154,1.2688688561138846,-0.1480497210710361,-0.1787035825427861
-2.054520490307528,-3.528969232519467,0.7757472113329519,-0.06168360128033501,-0.05433834879442586,-0.8032114765853531,-0.5899947466418327,0.2436731198846199,0.013728307845099881,0.3206456345217473,0.3918816165471996,0.44609839064406426,-0.11918155981696511,-0.3842457931185547,-0.4011387499173769,0.07330770556401814,0.14328396607258703,-0.21450469369345598,-0.4816174148149355,0.33053217406011415,-0.5905622496301866,-0.0026155761663187193,-0.25916487366094565,0.10513356072895509,-0.04304723615730923,-0.16496973178962682,-0.5913438485329845,0.07735309284428259,-0.002659706654830789,0.7937523838278718,-0.34293453255031353,-0.2756316440606567,0.15517931513827593,-0.06662095393490251,-0.0216498103514931,1.3314309658254806,-0.16272932100275525,-0.19875362626858
-2.0667103402325786,-3.5116135735684,0.7742223156977748,-0.06606800330470786,-0.05811057119497696,-0.8029546909385233,-0.5895099191315974,0.22423331676972302,0.0008522540179913911,0.32581337860235543,0.3500580641241036,0.4572525724892533,-0.15118726454550477,-0.37585475268617285,-0.39499445030463537,0.0714634555775786,0.1458562720094724,-0.18637545092410804,-0.47738406191275445,0.3245992311080915,-0.5683410272064505,-0.002372084432149125,-0.25521642947734324,0.11365099225377912,-0.039091998989597,-0.16483719076164166,-0.5817809640946348,0.06118921218874882,0.004490075433512427,0.8202774056585461,-0.33449924848576706,-0.27351062932821935,0.13359266890040108,-0.10305721021712358,-0.04494205603898018,1.3994645304667068,-0.17765896907560982,-0.21454046788387685
-2.0790549414048627,-3.4945288350435106,0.771543278357639,-0.07074814612431848,-0.062772362917054,-0.8025013209693161,-0.5891060686466264,0.20361584687029682,-0.01445748253696612,0.32880435091461857,0.30546103659950613,0.46933637925958294,-0.18583559321081253,-0.36668113217752474,-0.38435847982050414,0.06366444004868822,0.1454915188502901,-0.15850228707594535,-0.4724068474327379,0.31774992155258686,-0.5351003863516338,0.007771583014401403,-0.26183127985155613,0.12116408791391793,-0.03470676247866624,-0.16270585371996757,-0.5753069121278603,0.0434691439690464,0.013563405992901761,0.8538850346634979,-0.33314993174950275,-0.27008494197173105,0.10791387810102682,-0.14140693965808648,-0.06198618274255493,1.47234319274095,-0.1947332655402549,-0.22842867666919178
-2.091351077869649,-3.4778004887671017,0.7680402477704182,-0.07511930441080594,-0.06766826610708415,-0.8021115689421552,-0.5885534188466256,0.18169631309236048,-0.03014821694210356,0.3298828909485999,0.25682746931580963,0.4822588477054664,-0.22435479092142535,-0.35602959136833107,-0.3737147581773384,0.050933448931823076,0.14128964469126354,-0.1283659566165369,-0.46748021769075027,0.3093056352720595,-0.49777825614412896,0.025830211272785297,-0.26983249267459697,0.12594399060636421,-0.02988360695149628,-0.15922714100662236,-0.5649153879107096,0.027969190161515858,0.025686000418378797,0.8811451864441517,-0.30767381064966876,-0.2612811953580594,0.0780582059430733,-0.1781183457439274,-0.0725983438627773,1.546725293862523,-0.21171745132224867,-0.24027444774056786
-2.103444535142746,-3.4616161856012346,0.7645220765439477,-0.0798629226012303,-0.0731390471452384,-0.8020228048310929,-0.5873942576388903,0.15814505489832031,-0.04764868559498427,0.33241702356390385,0.20110500778734075,0.4967348524903345,-0.2666509005768853,-0.34227867542328355,-0.3682227531145097,0.03205193804473067,0.13299315861700434,-0.09665983566717906,-0.46214286649537767,0.29963873680034186,-0.4592180310549957,0.05494019489952273,-0.27636835833831486,0.12487775303517114,-0.024527514776700617,-0.15659246179497194,-0.5581735816461011,0.009957123318624347,0.03471776621592058,0.9148561802901115,-0.3302057427387667,-0.2620915832060512,0.04436853521767296,-0.21076764507446982,-0.07373070834340223,1.61976396012991,-0.22705069925587232,-0.24147879062433164
-2.1152194955208934,-3.4457100167075216,0.7609567589127569,-0.08469496335487664,-0.07964016309242185,-0.80242759787686,-0.5853154344201944,0.13231859163104379,-0.06746220191216382,0.3346520308264344,0.13889714386729526,0.5128120973749316,-0.3131454914105166,-0.32769232187811925,-0.37630793778413413,0.011517615617287312,0.11947336164857361,-0.06123681848079229,-0.45707635050812506,0.289508555382913,-0.42202675422448627,0.09512659687316861,-0.2789422544168705,0.11564020551836296,-0.01834866705783203,-0.15365319953832748,-0.548869040770441,-0.009777209278975945,0.04338112617678853,0.9411699618429962,-0.3575498314218198,-0.26426848411349824,0.00529796882799889,-0.2389122017692593,-0.06715293027829194,1.6914789146343334,-0.24066056605984873,-0.24046559053324487
-2.126220778162882,-3.4295630759269415,0.7573974969667087,-0.08929288736034854,-0.08641558185034144,-0.8031102319650515,-0.5827289960121775,0.10486134577389608,-0.08820165963822733,0.3362842771326802,0.07043456734344748,0.5301568524173851,-0.36413876894460867,-0.31273938098216886,-0.39505248840255724,-0.011083773354494446,0.10233939332281276,-0.021876980927517466,-0.45209105687718365,0.2783168219010411,-0.38524144254541076,0.1483248838772186,-0.2788869365762618,0.0999134935515384,-0.011382346781580167,-0.15026733569663778,-0.5384162437157388,-0.029557146010042196,0.05155816262769002,0.9640070563713657,-0.388914110926319,-0.2652729533785214,-0.03912669423100132,-0.2615189910833296,-0.05389848593245559,1.762469862747907,-0.2540407165767693,-0.2372614462506902
-2.1360618559519886,-3.413496507526715,0.7542061046951879,-0.09332212636102173,-0.0924910689520208,-0.8038695341008212,-0.5801121917699185,0.07603773460976787,-0.10756178890625043,0.33743943043938995,-0.002110936846164782,0.5460227759570262,-0.4175624178754382,-0.29951953400774406,-0.41615287892889513,-0.0313688164198638,0.08409654538912424,0.018663829411149326,-0.44756929753012725,0.2677554231964708,-0.3497437240615143,0.1963251429699046,-0.27142294021562446,0.08287659834016063,-0.003687953995944006,-0.1474030155833894,-0.5263401904832847,-0.04819765462984823,0.05924704158178635,0.9831981415006563,-0.4211855649565889,-0.25741951560363496,-0.0879323780527075,-0.27836800375210213,-0.036405017321920356,1.8305056268835214,-0.26641590989070246,-0.23374366368648655
-2.144733429216046,-3.3975382969836625,0.7514075005800629,-0.09623232195977546,-0.09672870994870676,-0.8044444202834315,-0.5781453723387765,0.04687999061095439,-0.12262755703146626,0.33798062091258163,-0.0755116884065377,0.5592393428205261,-0.47001406392380846,-0.2878581884671965,-0.43945846708722264,-0.05312878978830699,0.06533579787305813,0.058990245287876705,-0.4435977656300256,0.2582046294716339,-0.3174226840204768,0.23886161573077663,-0.2561170198966207,0.06034616253405927,0.0039948772051079315,-0.14550640041518692,-0.5121269768449738,-0.06271288885158223,0.06510047358144883,0.9994712912382419,-0.452439217914777,-0.24527061762427874,-0.13942939345004213,-0.288910108182255,-0.018320023925219316,1.8922194147628746,-0.2761290858176324,-0.23249782490812554
-2.1524169089286382,-3.381394884743639,0.748999491887612,-0.09752846192325623,-0.0980028910249444,-0.8047851276722452,-0.5772387120968275,0.017134131499693533,-0.13050008634291238,0.33935359444392704,-0.14713420545595143,0.5696158553575578,-0.5197838066571177,-0.28227178866290814,-0.4582360358071079,-0.06979531062109212,0.04883244349313584,0.09740740605055767,-0.4412059175540815,0.2508763649412031,-0.2887035927379616,0.25591455904845684,-0.23557894167897944,0.03921233809756171,0.01185091081628353,-0.14567479878072556,-0.49525919286072967,-0.06948321451041906,0.06720028348140782,1.0143212251632276,-0.4831939217470102,-0.23869337915677463,-0.19346006316682396,-0.29051431229086383,-0.0008530826049304436,1.9463328833744435,-0.28065999021497845,-0.2325113239137443
-2.1594228957038304,-3.364949484312796,0.7470398729834492,-0.09737806551902428,-0.09720742990509641,-0.804907293967082,-0.5772282703104616,-0.012412446068676817,-0.1327591105371451,0.34136582378542324,-0.2206853622369474,0.5792035812677568,-0.5697040003802516,-0.27966383935952827,-0.4790988635358939,-0.0871037762880861,0.03195956489734889,0.13649649684211962,-0.4402172001062569,0.2439313149817841,-0.2648354743880214,0.2576720681743022,-0.21117465472239677,0.012615867112551114,0.01956821086396745,-0.14709049691832551,-0.47617293890678974,-0.06989107392298796,0.0668671715162184,1.0273779872293922,-0.5152224646301088,-0.23576086778985206,-0.2512070380090828,-0.28404359014882924,0.016688341508376253,1.9941558031105082,-0.2808002131466678,-0.2319136983309384
-2.165964310356117,-3.3478665475356038,0.7456283579855949,-0.09636660362540808,-0.09503641774537121,-0.8050384935446477,-0.5775764719231513,-0.04260010690521563,-0.13126545393313113,0.3436507267601426,-0.2929473627911134,0.5863937054419412,-0.6168530624378886,-0.27969846474087745,-0.4994073663520096,-0.10494331050345759,0.016369154549454656,0.1759174342169835,-0.44125141922118916,0.23679291323483384,-0.24546290433203702,0.24675119651862343,-0.18506452067493376,-0.015417579584362254,0.027167987909639025,-0.14913653511858554,-0.4545874316447401,-0.06626607116572979,0.06442880325992013,1.037446066789207,-0.5460490646929796,-0.2354593543745056,-0.3099317381558712,-0.2731905547756664,0.03087293529306493,2.0344069617219716,-0.2781430203847751,-0.2320308637866753
-2.1720542006286254,-3.3304800377204296,0.7448080929836305,-0.09510568329922066,-0.09234852790760441,-0.8053667566860327,-0.5777638320477553,-0.0738555992873095,-0.128408239018578,0.34513367101531245,-0.361531764189984,0.5904117219114491,-0.6592546511434774,-0.28053753847670465,-0.5157528868726098,-0.12293363082355577,0.003838999084726217,0.21499054941518844,-0.44394832576535637,0.2279299376512189,-0.2299791087489409,0.22943539143998332,-0.15878952091269793,-0.0406195977384287,0.034412291890429034,-0.15087944046258323,-0.4305430073076663,-0.06132023620460799,0.060635000167940066,1.043175022646541,-0.5741981684269982,-0.23583242564367243,-0.3672675842968938,-0.2625828297818257,0.03873029270941752,2.0657768855475998,-0.2746436208865971,-0.23426348396992086
-2.1774523166601925,-3.312429332983396,0.7446383225174693,-0.09382415199145876,-0.08922840585126614,-0.8058993501837166,-0.5777210031371444,-0.1059336820864839,-0.12491352375607928,0.34527988204102833,-0.4261008680304529,0.5923869763121711,-0.69828271642532,-0.2810827016163707,-0.5239858136561194,-0.13995452060948121,-0.004376179614820743,0.2548327015481467,-0.44755324026507415,0.21646463609585123,-0.21912982673341258,0.20834073634348532,-0.13269297508866343,-0.05983565202305516,0.04132582724019638,-0.15184323718006942,-0.4033415069396937,-0.05542222386116673,0.055651103148352685,1.0439762810295004,-0.5994566693535982,-0.23581468536695727,-0.42204652165175344,-0.25413028601064347,0.03858235741398583,2.0871576705850683,-0.2702423538229297,-0.23814897516997358
-2.181948262657509,-3.294108181910799,0.7451486908298952,-0.09217083338366204,-0.08554187443250066,-0.8065801448448674,-0.5775946633530886,-0.13850769703510882,-0.12014895201774231,0.3440796132631879,-0.48809790692870664,0.592648347585088,-0.7355446471594003,-0.281043822665519,-0.5234773141167733,-0.1543038817046618,-0.008541713688106781,0.2954342790809666,-0.4516182802553798,0.2019575113633546,-0.2129804175732732,0.18260442610870137,-0.10722318225722474,-0.07334657862125829,0.04795933082345877,-0.1522296099403208,-0.37364556815268474,-0.047424546081482326,0.04950673877382166,1.0401392257311148,-0.6226692661861363,-0.2364330252825676,-0.4758901815344068,-0.2465480178063521,0.03154890418215937,2.099104608473922,-0.2643329806851434,-0.24282035102384192
-2.1857190177821133,-3.2755724006975973,0.7461970850637611,-0.09060945581594289,-0.08181702700853205,-0.8074442517781609,-0.5771738740437141,-0.17298889178387752,-0.11580611937262852,0.3419968135860442,-0.5408477797213849,0.5913499888418418,-0.7634552318303075,-0.2846838428413227,-0.5195950779034636,-0.16274153636187566,-0.010063148944137176,0.3335207614979005,-0.4565267208376708,0.186463225099712,-0.20633381038304843,0.1652400007271049,-0.09056764995184541,-0.07992866015274458,0.054082241114854844,-0.1523076891284765,-0.341814166600651,-0.03869835760658326,0.04270731051783842,1.031471205126606,-0.6412627199549129,-0.2375548713399581,-0.5273081708298386,-0.24032590459274933,0.019509445380183014,2.1020558455202902,-0.2584781615738085,-0.24719828523972873
-2.1885853560750728,-3.257130868184013,0.7476714110996487,-0.08840017457730277,-0.07793326778508182,-0.8084953863148275,-0.5765821929392883,-0.20732675625602415,-0.11024812584763714,0.3390532604509267,-0.5912333417731491,0.5890042865086521,-0.7893188562166926,-0.28751515217124113,-0.5147531858651303,-0.1708028247251634,-0.010851367157569904,0.37158543358487667,-0.4606509471054121,0.16833466222218663,-0.20194497686830815,0.14909176934471277,-0.07545404792260514,-0.08476188103140123,0.05962152096634874,-0.15244828205600403,-0.3096899704236743,-0.02803550398959792,0.03537744227905565,1.0190393279408514,-0.6580631571021124,-0.23905212867591152,-0.5766169391696345,-0.23381972551054905,0.002998697150002675,2.095916234605353,-0.25112132329681414,-0.25212333311861784
-2.190772915637012,-3.2386306812471766,0.749637082854633,-0.08582733578333519,-0.07396850533438798,-0.809887294355334,-0.575538790258943,-0.24332567534966082,-0.10444187456281608,0.33553892817074615,-0.6356742644889735,0.5852291238631522,-0.8091313708575274,-0.2900967863017483,-0.5123647963871111,-0.17912970057572025,-0.01179658287337297,0.40685142437924915,-0.4641390783220647,0.14916445616483825,-0.19669791633157738,0.13992205034819546,-0.06309869359367329,-0.08686552969087782,0.06421725481870007,-0.15300282621339173,-0.27648101006938747,-0.015992345673655053,0.02752621664464209,1.0013304538827124,-0.6715948340605451,-0.24113875152419614,-0.6225074678794441,-0.2277309753674687,-0.018098759641555433,2.0801408343196095,-0.2413820519859834,-0.25784122314350627
-2.192573705598721,-3.2198342166516314,0.7522508972233799,-0.08296883280076796,-0.06977783546856231,-0.8115611390542314,-0.5741217153513694,-0.28032484165048593,-0.09829307091039165,0.3312854311776781,-0.6755580226602017,0.5806497880771786,-0.8243322680144396,-0.2916903875326421,-0.5136375568252033,-0.18802417699729237,-0.013948638979284294,0.43966870163274385,-0.466637153890639,0.12881059557068772,-0.1898206078359745,0.13986011522418476,-0.053344253795946955,-0.0860960645014883,0.06830325157850896,-0.1539471694628777,-0.2416973575804945,-0.002541012384757656,0.01917747479972789,0.9784599727288732,-0.6815905477551661,-0.24403135625007483,-0.6644029614049255,-0.22237399647607425,-0.0440056493085455,2.0544508736507354,-0.22914927930576393,-0.26465572400294274
-2.1939075132853474,-3.200533308266855,0.7554749032485488,-0.07991719194737415,-0.06543551121268686,-0.8132262817674766,-0.5727079979764779,-0.3169190133526209,-0.09196907626339013,0.3270267824321074,-0.709837124814082,0.5753453683644857,-0.8346047187789822,-0.29344284346182364,-0.5178699903592051,-0.19706777620687294,-0.016693985242817885,0.4702759477389258,-0.46759640355385423,0.10792629112420411,-0.1818590790374816,0.14740404696998663,-0.04579757358608756,-0.08310146658534562,0.07187465145723719,-0.15503940470032995,-0.20611782416402938,0.012167787714266892,0.010833279629536839,0.9529198689553859,-0.6870578755998653,-0.24691396475355323,-0.7012910066586004,-0.21712946905473035,-0.07323628238212998,2.0194980994924565,-0.21629826099992522,-0.27155378148973025
-2.195010190747319,-3.1807109658577732,0.759165120340739,-0.07679848654269682,-0.0610436487177586,-0.8145747913035557,-0.5717023480699922,-0.35130743042594026,-0.08541308745101966,0.3230290957297707,-0.7383131467722412,0.5688871060323988,-0.8408107165601626,-0.29603166589705604,-0.5234106576318733,-0.20559938813488243,-0.019254762410100053,0.49951145853641366,-0.46692450165053007,0.08637128610797687,-0.17355017986863258,0.15880910478013988,-0.03974960246942084,-0.07921563416721239,0.07506691135801,-0.15595805997429532,-0.1705752372122381,0.027671341127964974,0.0029345925393203854,0.9274151330107981,-0.6871503243152912,-0.2494336935015321,-0.7321281285615345,-0.2112902799211781,-0.10346185690022393,1.9762928695241069,-0.2046852736587285,-0.2780057770108113
-2.195893847764989,-3.160208051959031,0.7632914540445238,-0.07388114378914601,-0.056645739482975604,-0.8154881720920838,-0.5712371468739983,-0.38299720643260643,-0.07931555590443104,0.3196459623943059,-0.7605702005491071,0.5616411327869615,-0.8430028814093253,-0.30024072785840455,-0.5294470943689054,-0.21346805086021983,-0.021196257116815047,0.5273257295923698,-0.4642737834068754,0.06441407788636141,-0.16506120762013102,0.17145255180718053,-0.034467395712151454,-0.07494435341643166,0.07783732120912809,-0.15667158429851039,-0.13815653679415194,0.04391992571415095,-0.0038202842069363203,0.9108755587030125,-0.6726894652732895,-0.2556094879437095,-0.7560159434510026,-0.20477642534938686,-0.13403042911399932,1.9245878307694144,-0.19392244468336517,-0.2841892887554586
-2.196452796610324,-3.1394772548638303,0.7675854408552085,-0.07063670264324338,-0.052121688232551824,-0.8162172962293593,-0.5710368737581775,-0.4130577708817404,-0.07247873515987646,0.31600990389610345,-0.7768696781681067,0.5535415350395562,-0.8409138103296375,-0.3056079566131395,-0.5357679278596044,-0.22028606820433855,-0.02244816847228315,0.5535251218536971,-0.4601851158365623,0.041955145496621285,-0.1567547786777914,0.1846244004261372,-0.030340152455559283,-0.07041805827902922,0.08013120246897855,-0.1570826388901702,-0.10428169202947155,0.06080277279712319,-0.011375574619303198,0.8903072817837809,-0.6560441965337067,-0.25864008582370857,-0.7740888219989832,-0.19703591316081823,-0.1661323199472124,1.8641768446271736,-0.1833306443535201,-0.29074338994991056
-2.1967871831244525,-3.11839138267424,0.7720160130021614,-0.0674296396390555,-0.047719910728089864,-0.816571842631763,-0.5713024414784322,-0.4406183581848644,-0.06576142349492707,0.31241547327332875,-0.7880393344600491,0.5448452150587384,-0.8358189733093583,-0.31208418913276487,-0.5414729794286696,-0.2261248009324019,-0.022777286205504205,0.578403571429954,-0.4546919859074089,0.019578265304058484,-0.14846230074292363,0.19723072091449473,-0.027063311913339445,-0.06602165147507187,0.08207680946265293,-0.15730875461726943,-0.07106776462168132,0.07758567763727099,-0.0189646436959236,0.8703716558542779,-0.6347941662620935,-0.259719719126246,-0.7865034245198168,-0.18749344518198463,-0.1978726091997043,1.7963758916798953,-0.17396121384334173,-0.2971042606450415
-2.1975243827879725,-3.0971531128865,0.776390256971414,-0.06519486318213344,-0.04417212336143247,-0.8166560102594335,-0.5717266954057235,-0.46589441477513827,-0.06116590752843823,0.308691454168169,-0.7953797124917777,0.5351777849818157,-0.8291475687191615,-0.31911340666902577,-0.5451007739768328,-0.23071876517030526,-0.02173317821133347,0.6021484721576741,-0.44800393908923025,-0.0026197429671846306,-0.14035532370519194,0.20798391666198768,-0.024381245606474523,-0.06250261158398636,0.08373822652466051,-0.15751185570739104,-0.03960550330355529,0.09133641257970769,-0.026705944061604953,0.8534650725794714,-0.607236153639656,-0.2602662603642193,-0.7942839541201513,-0.17667146356480015,-0.22282774798905053,1.7240377327918788,-0.16703395251373754,-0.29559318348328606
-2.1981760184685553,-3.0755684071079954,0.7805635919463083,-0.06351393457596126,-0.04115560580671564,-0.8162120321565037,-0.5727740521255417,-0.4876857461221143,-0.058080768898903415,0.30489140059405795,-0.7988709317570812,0.5251974045816055,-0.8217468240267263,-0.32706605077149103,-0.5449515443854046,-0.23386180691774652,-0.018548699185680164,0.6246110292945269,-0.4392838127041145,-0.023531567160402715,-0.1317502829317122,0.21523163459388908,-0.021716597803988442,-0.06039421090588898,0.08513820503796402,-0.157610172333372,-0.010699256682911561,0.10320014231532809,-0.034564994301794966,0.8413883215875977,-0.5728260781777536,-0.2591839891390806,-0.7975314163403607,-0.16220432597527068,-0.2405972268594291,1.6452194749487554,-0.16060909522848954,-0.2838986016218977
-2.1988612409096144,-3.053899978055521,0.7843629014050184,-0.06223556760889944,-0.03859162018273295,-0.8152466709534166,-0.5744652178116972,-0.5060611022316541,-0.05611985725384692,0.3008749873020979,-0.7985154357898662,0.5146148820290877,-0.8135105021238414,-0.33565675187793953,-0.5404089209150149,-0.2351414416235672,-0.013012224687505814,0.6453737513942815,-0.428654433459995,-0.04343221394821982,-0.12265755677906534,0.2182643198229241,-0.01889616941525315,-0.059975398070428565,0.0862477777683614,-0.15752372554267138,0.01577705952938687,0.11273677232622188,-0.04257193056581209,0.8340346756424427,-0.5324392346112423,-0.2524925966626337,-0.796265058381837,-0.14488318432743513,-0.2528546346806957,1.5593180146797345,-0.15457109828803317,-0.2665365147008531
-2.1997050547957975,-3.0321309546160244,0.78774016547943,-0.06152055607710181,-0.03655847402274339,-0.8138903039977061,-0.5765945475077037,-0.5213465772547057,-0.05543535973438797,0.2966728216961236,-0.7944818572282946,0.5035743418774319,-0.8046198493910942,-0.344640647557571,-0.5318358815430008,-0.2350078833133162,-0.005565389783829205,0.6643519715382317,-0.41661016415811014,-0.06217413880223602,-0.11338865373037092,0.21759547370242263,-0.015563914933733325,-0.06092977308202401,0.08704904933037823,-0.15734229146890313,0.04029522709026133,0.12006903135340638,-0.05017482875966822,0.830302587112671,-0.4873092344942693,-0.24356704804634238,-0.7910656840391779,-0.127506236624042,-0.26165893848647964,1.4702311747687757,-0.15143956676632098,-0.2469897180757345
-2.20080062274887,-3.0103249075773117,0.7904196201285795,-0.061577687960014456,-0.035152167370832765,-0.812281253681889,-0.5789401336853494,-0.5339502858055609,-0.05627278309489562,0.29237715921524193,-0.7872217726831303,0.4922251754134825,-0.7948014070216514,-0.35371856991282286,-0.519995615715551,-0.234143203886028,0.0031457951304526017,0.6814389520660082,-0.40379299784375733,-0.0796172156453592,-0.10485021981556551,0.2145462806110008,-0.011706851516411975,-0.06267757754772929,0.08754319918188395,-0.15723936577793274,0.06311115160505412,0.12488126823539457,-0.056877303536847924,0.8294443541093964,-0.4390105906241991,-0.2341537744034537,-0.7833344221372841,-0.11321845862756971,-0.2695198348261187,1.383793524834321,-0.15375477169316615,-0.22923764770081995
-2.202097104888189,-2.9885806047269874,0.7923345622803685,-0.06250704239727405,-0.03413391913604747,-0.8104749977309289,-0.581427573536214,-0.544114558073638,-0.05836339917096378,0.28934655938235593,-0.7751857700744917,0.47984699314512913,-0.7827411633064288,-0.36346703775982037,-0.4980075860857008,-0.2314510051967749,0.016152377316501123,0.6963426960102005,-0.38917197284668076,-0.09745758908624368,-0.09801936172508709,0.20836065544706786,-0.007040755276412519,-0.06469632534255539,0.08746347696474738,-0.1580038423207492,0.08493333215557008,0.12713758757564064,-0.06266427864182217,0.8297426166296344,-0.3816885205480661,-0.22303889842944422,-0.7724543829163485,-0.10241676366414537,-0.2780449942892905,1.2998064826807552,-0.16184849729017384,-0.2137428916894182
-2.2038090090247247,-2.9669883116231444,0.7933763473789182,-0.06436840892710032,-0.03414209853655996,-0.8084246213292658,-0.5840724755270921,-0.5522958872127964,-0.06311384404715038,0.285108900865485,-0.76050437650589,0.46831923893214733,-0.7704344061806212,-0.37342718912270173,-0.4746549557417509,-0.2292506354986687,0.027710957217973252,0.7084120540947111,-0.37518506189857515,-0.11208009647964219,-0.09126363118775288,0.2020466115287981,-0.001072573976381092,-0.06702457511976888,0.08721690374431565,-0.15875357203728876,0.10439052571086156,0.12567217401747793,-0.06761367994381383,0.8334939619108755,-0.325674233771997,-0.2132386847991373,-0.7601280046246573,-0.0957481706939009,-0.28650932826625825,1.2190559313322422,-0.17358428361704972,-0.2048202681801451
-2.2058295604410514,-2.9451674938535968,0.7942905407757948,-0.06703963140172733,-0.03503740649959575,-0.8060735788117592,-0.5869612027288553,-0.557808434260331,-0.06987399802130903,0.2794140366597445,-0.7437050152375556,0.4575544592048412,-0.7590719907369766,-0.3818884070994943,-0.45900994222502367,-0.22909590674114358,0.034955620707661575,0.7180125115005428,-0.36176346034723944,-0.12310242607475355,-0.08310490022302489,0.19784675834814255,0.005745036596827664,-0.06881434344293276,0.08690218677170938,-0.15882211850045785,0.121309744542035,0.12215822854626532,-0.07020290745731904,0.8460424923502285,-0.2840806060068315,-0.20567769373776246,-0.7467924515709714,-0.09263470473405672,-0.29450281854909793,1.1441802880620071,-0.18797386778147296,-0.1994349371197415
-2.2082696707075686,-2.9229617317689995,0.7950628702201628,-0.07021953038296432,-0.0358375411343136,-0.803470478924617,-0.5901017519842557,-0.5605669405278432,-0.07645245853987906,0.27486956493698944,-0.7235461460560819,0.4453264151183941,-0.7465077172598347,-0.38877783190949033,-0.44234886242728466,-0.22954298049432192,0.04147393834108798,0.7256255820188311,-0.3483249402514079,-0.13336606093216924,-0.07583750138733591,0.19268443469027316,0.01389680724755649,-0.07038280808589098,0.08628364813477046,-0.158808329753568,0.13804792535413465,0.11780755736372552,-0.0713989917304371,0.8577679150540034,-0.2361243149633703,-0.19974511107211568,-0.73149419487273,-0.09209155040665673,-0.30435792582420257,1.0781218965015205,-0.20876734846757067,-0.19612122510007232
-2.21095649908105,-2.9005799700995176,0.7955766523684717,-0.07446279427425238,-0.036824765571626936,-0.8005111942668527,-0.5935326922444303,-0.5606166660614845,-0.08424593729368808,0.2708745328029434,-0.70088221366409,0.4327784964454437,-0.732571918237624,-0.3940423105150421,-0.42573269163211824,-0.2307820352625625,0.04680346732036819,0.7315804571828539,-0.33575289398725067,-0.14153630551098745,-0.0699507639222631,0.18648517469681125,0.02228070956286046,-0.07120071307354797,0.08535118191235276,-0.15862721989243164,0.15540067447486064,0.11223210329116842,-0.0702711508354974,0.8711228260165216,-0.18976990137203323,-0.19693425914929052,-0.7150969021328857,-0.09598035636422095,-0.3172640466641534,1.0251229895533676,-0.23702314187697887,-0.19627513138524624
-2.213901415370472,-2.878033080699188,0.7957823506132903,-0.07969541917414762,-0.03805826642586612,-0.7971934187732752,-0.5972293207670665,-0.5583126308790535,-0.0933035061965355,0.26755282763823274,-0.6756322319853889,0.41974802589835286,-0.7171898468907904,-0.39819363720467016,-0.409958088393336,-0.23315668590320388,0.05074450443229892,0.7356963384284202,-0.32429394765800706,-0.1476863299073568,-0.06518825252401723,0.17931391079827266,0.030474604960313272,-0.07106531750741923,0.08413426739947993,-0.15844710865478018,0.17279091153916784,0.10497842410121898,-0.0673017524363796,0.8871414424637122,-0.14625459940568342,-0.1964999947536587,-0.6978902643426759,-0.10403707213138345,-0.3332354180374329,0.9845682227024392,-0.27065700599041165,-0.20039177321322285
-2.216886500708231,-2.8553936443753756,0.7955765824549633,-0.08521469337564765,-0.039410148355575166,-0.7935660630165785,-0.60119730527328,-0.5534093295031483,-0.10251255292746113,0.2650642015621735,-0.6494055331347414,0.406399709198557,-0.7011324630015634,-0.4005376710410735,-0.39558407188467476,-0.23716774508883096,0.053098521916600694,0.7379499870346433,-0.3140992058543356,-0.1516853900940406,-0.06149758290430549,0.17067632566530444,0.038811272891826225,-0.06985485772936734,0.08278645925839273,-0.15837159732314082,0.18833096178346834,0.09699046126826359,-0.06274363363817088,0.9069069934286081,-0.10667745595832269,-0.1965386001647257,-0.6810308575062569,-0.11340329289791412,-0.3493522701236879,0.9542655173954895,-0.3058379425782669,-0.2059296829439621
-2.219844603414336,-2.833050675015053,0.7948330416945618,-0.09019703253272383,-0.04076821878556091,-0.7896694106821484,-0.6054953918010044,-0.54560661171566,-0.11050262002401953,0.2634850713811067,-0.6240127809559358,0.39264262550143364,-0.6848712375726453,-0.39952415282277415,-0.3826691818371197,-0.2427795656819773,0.053958646997789,0.737954894143766,-0.3054639522264417,-0.15347399190571964,-0.05914632098406336,0.15953786641747908,0.04778641466328048,-0.06761539497973593,0.08139685219656108,-0.15845711374692972,0.1997448149487353,0.08959442820083524,-0.05628424673402138,0.9315940423231577,-0.07279531325940952,-0.1951075536542989,-0.6660179753956225,-0.12095438671565018,-0.3615570881811845,0.9316768277620002,-0.3385995614199498,-0.20995931550270583
-2.222716857295195,-2.811150617772914,0.7934037531079593,-0.09470640506276143,-0.04234110099430598,-0.7854594498868553,-0.6101568491708639,-0.5347166303819488,-0.11751045364157905,0.26273087279933355,-0.5985568607276145,0.3781989984347305,-0.6676752881604012,-0.3950579221346686,-0.37136006035300767,-0.24995208309112932,0.05379296264634726,0.7359110264214723,-0.29855467438204836,-0.1526615738486427,-0.05859120418491217,0.1448084639511306,0.05757093807657982,-0.06425812667062833,0.07986381806917602,-0.15877733676619932,0.2065349426364541,0.08256558145708513,-0.04740937886387574,0.961889242787861,-0.046411890906534345,-0.18909077239942232,-0.6526765805017565,-0.12629565495662765,-0.36712863210258956,0.9153667357373594,-0.36825246450519966,-0.20774831164304025
-2.225631885454499,-2.7895789990097675,0.7910510807906243,-0.0991072921290977,-0.04418520977364326,-0.7808426738074761,-0.6152317698601788,-0.5209438289737205,-0.12415196498846463,0.262564259782274,-0.5717877445970088,0.3622885598069236,-0.647252636185551,-0.38563763943214774,-0.35743537157009014,-0.26347659465820883,0.05036854479305489,0.7320715768198746,-0.293980848324278,-0.14948342443383272,-0.061817042767934635,0.11594610052152965,0.07226065331239695,-0.05768024110270252,0.0780640154909269,-0.15932262972057384,0.20971859040748342,0.07596406011441466,-0.03526258548119091,0.9972904495831735,-0.026556148045060794,-0.17784036768543723,-0.6404222708016296,-0.13064572227711743,-0.3670020409895988,0.9063095307245889,-0.39774293122962306,-0.20010430944502236
-2.2283972022336034,-2.7684294796335793,0.7879867978067338,-0.10233167164932833,-0.04580284990604753,-0.776048153416971,-0.620628384378323,-0.5047729497514372,-0.12802254964965704,0.262651065704661,-0.5461827410648435,0.3466442719299911,-0.6283631606143507,-0.37300179857502685,-0.34767802699270506,-0.27547530099713935,0.04672935729225903,0.7260438749248656,-0.2913130583182752,-0.14444619595702363,-0.06504038231935787,0.08607465221851626,0.08574244674760101,-0.0509612829472733,0.07628653902244426,-0.15949185113952974,0.20834513736781005,0.07255556922362268,-0.02084014598007191,1.037375113496065,-0.01505394637336373,-0.16726411205621902,-0.6306836722763237,-0.1322579503640226,-0.3637137222209358,0.9044357761566295,-0.42074545385227885,-0.19658485125147335
-2.230945369620112,-2.7473161689827674,0.7841224728888804,-0.10394912108035838,-0.04657776282402195,-0.7711590690939091,-0.6263695254329872,-0.4868382884794366,-0.12805399813569898,0.26389435493032515,-0.5218332032917965,0.33096917942209086,-0.6104566654100445,-0.3573083223940937,-0.3402663906047566,-0.2867365287571661,0.043624430659112784,0.71747561250816,-0.29039388652004544,-0.13812564219873605,-0.06905613580264927,0.05522388271911743,0.09976644650213433,-0.044692027299725795,0.07448226743416415,-0.1593928959927874,0.2032281675203317,0.07465465282918371,-0.004043703195584696,1.0806625992513068,-0.009794798901635123,-0.15998461349616563,-0.6244859969480757,-0.12988881770068322,-0.3593177128905328,0.9118694625342212,-0.43556775051162905,-0.20584962657743652
-2.23226837945685,-2.7272652749156654,0.7801831458628976,-0.10386778026761309,-0.04651445161056783,-0.7661795062800518,-0.6324688562847208,-0.46699576514654734,-0.12409292113152956,0.266902357381872,-0.49874139657393246,0.3164162951764011,-0.5917801333559022,-0.3380635742937533,-0.33268532131708706,-0.2950702908576647,0.04213499238124527,0.7042659914292083,-0.29063732870397174,-0.12854010221771156,-0.07347748925641678,0.021797169166679287,0.11474881946379728,-0.03786977712379639,0.07256969028305,-0.159602365985279,0.19411555151571752,0.08362272047725314,0.017212536354938333,1.1271704143476777,-0.014235371787743246,-0.15509006750370835,-0.623876003005166,-0.12270874454111699,-0.3533765173492779,0.9305087874420335,-0.4364134259068033,-0.23319834083670923
-2.233216407138726,-2.707295522504253,0.7801285643032116,-0.10266972008357568,-0.044574094729290394,-0.7610973211002905,-0.6389076196689045,-0.44503642313288233,-0.11595193441476276,0.2766081621906424,-0.4779086920259051,0.3022284551165881,-0.5761794528893279,-0.3134683508988004,-0.3286273079560239,-0.2968717164138581,0.038910997481033244,0.6806619943528219,-0.2928345666629873,-0.1160327491827746,-0.07217594165874301,-0.013012472839483149,0.1370062005608313,-0.03060154563762355,0.07032278391350329,-0.16269527187498747,0.18542095331438935,0.09952071438521598,0.043098478757632896,1.173191338406269,-0.028929696004067085,-0.15345479546305563,-0.6381725401100613,-0.1178885658547924,-0.35643414736434237,0.9810741649918752,-0.3918055874555973,-0.2758126922834154
-2.23556125928793,-2.686301868774935,0.7777839961606559,-0.10299385223080693,-0.044039744163045576,-0.7566337660768548,-0.6441724236328866,-0.42502131962002054,-0.11113372684448064,0.282310019870723,-0.45711673098405686,0.28768192610327514,-0.5590334516547286,-0.2897209542957209,-0.32374485774259526,-0.30147422577812943,0.037778149869909156,0.6631767065755271,-0.2967777223141186,-0.10546635894651105,-0.07995824298344692,-0.048255720594344895,0.1580434156756014,-0.025583201179710222,0.06828878324380397,-0.16320720049587825,0.1744451190989901,0.11236445243672248,0.06651843883921307,1.223185152727661,-0.045555721673377444,-0.14967266768534038,-0.6397778040606231,-0.11323235248817515,-0.34483974116451227,1.0205612844211611,-0.3762321887281249,-0.2794324719445696
-2.236591970152825,-2.665319813063973,0.7736323439395111,-0.10130997229839933,-0.04208595307972967,-0.7520036637660703,-0.6499658081381475,-0.4035838882882939,-0.10173490953401808,0.2874308739810109,-0.4354725463587904,0.27528475136038566,-0.5404571098615323,-0.2656398210953885,-0.31740582257966443,-0.30632751354293164,0.039389279448267124,0.645240020429887,-0.3018622473995004,-0.09233412667523198,-0.09089931517019806,-0.08109189575810621,0.17646912780140914,-0.022074727406424084,0.06620502008271326,-0.16192620314319356,0.15870362950165423,0.13055395155266472,0.08488836777294101,1.2765969324942232,-0.061100587490603805,-0.1478393066634009,-0.6382852126627315,-0.09969433950973192,-0.3364234356204528,1.0537389228871075,-0.36697091680965166,-0.2817382950773044
-2.235737166201117,-2.6441376905138294,0.7695690311259011,-0.0969933995140343,-0.0375545619990265,-0.747132855760706,-0.6564864287756633,-0.38023821076240505,-0.08547957972871753,0.2935988830149965,-0.4124260695362466,0.26546111067437866,-0.5226731980125188,-0.23967901823657553,-0.31114223364683474,-0.3088358416643613,0.042413945407194634,0.6243107016876148,-0.3081501145318337,-0.07558976922797864,-0.10065344301844778,-0.11008095258025669,0.19378976282474453,-0.020068073724143255,0.06394400768242545,-0.15910819624628567,0.13971218654273115,0.15678286706816658,0.09714903732241792,1.3314271680280714,-0.07621472355151866,-0.15064664297817312,-0.6322107303467066,-0.07325431299218524,-0.3304688791401994,1.0830105938615187,-0.381256247881644,-0.2812044448540754
-2.2331145368365366,-2.6228335046957683,0.7648724799604756,-0.0906664008759967,-0.031207877766336867,-0.7420132525835922,-0.663492279614339,-0.35573242942073857,-0.06405529005469195,0.2997136102513056,-0.3879892182034904,0.25839546279814307,-0.5043176355014785,-0.21363120326674964,-0.3045377615600951,-0.31071239189292305,0.04731313126134934,0.6022728471782629,-0.31540916702305244,-0.055787012412667196,-0.11228863184972852,-0.13571700530679928,0.20915107332593738,-0.01958562590664801,0.06157220724342891,-0.15478227602132405,0.11743607044900986,0.1896298523340723,0.10448883272270197,1.388908066997742,-0.09274272341997712,-0.15510773319969837,-0.6220688991405707,-0.04322494069318908,-0.33083155261857217,1.1091464282707255,-0.4104172688872628,-0.282374329909747
-2.229447301593153,-2.6016546324963112,0.7600612062490607,-0.0832867384457109,-0.024321397378738643,-0.73652251579677,-0.6708251430537003,-0.33079410193739617,-0.040454385100451705,0.30504156799154847,-0.3618284985129928,0.2540591741608354,-0.4854599195099805,-0.18853667293421844,-0.2990537980632307,-0.31153041338037757,0.053144829109049586,0.5767277631975757,-0.32380718256202207,-0.03309618378389152,-0.12477547563761904,-0.15752983536233514,0.22446140608185203,-0.02044066266468743,0.058923607884794865,-0.14980366444357074,0.09130416283762788,0.2242743689380141,0.10729768020046405,1.4468605711929536,-0.10898687776468628,-0.15749098114594065,-0.6093596125416187,-0.010096592515087873,-0.33038056401358623,1.1315474043770974,-0.4442514448738295,-0.27964348138995176
-2.2254947188669973,-2.581165284453962,0.7554542209480111,-0.0758707141140223,-0.018186063924802997,-0.7305608755056323,-0.6783757874505802,-0.3058202182809195,-0.01786044235705058,0.3093003385924796,-0.33425253786525017,0.25213988697468653,-0.4658061455388388,-0.16567431879674055,-0.296455404326029,-0.3102158484630693,0.058870694685691075,0.545385415981048,-0.333523683741703,-0.007780419586524003,-0.13789961732034894,-0.1745779558909211,0.24119458787295125,-0.02228999774524241,0.055853470278777344,-0.14523370677964018,0.05991558609364918,0.25566491659545953,0.10550720073419739,1.503737000358,-0.12359739700603622,-0.1544068532213162,-0.5956428432283472,0.022843326855164825,-0.3273892385660887,1.1490015134042206,-0.4749283330294945,-0.2753096320888316
-2.221563559537754,-2.5615927395672435,0.751154296193089,-0.06800772327070535,-0.01278535961606982,-0.72393778151709,-0.68638587736574,-0.28001550243592976,0.004121252976332753,0.31268231911773064,-0.3057429755854145,0.25238193025412714,-0.44575320973929916,-0.1446752846330683,-0.29918361787213665,-0.3072394489751606,0.06348626461552447,0.5067053692245139,-0.3451424450891868,0.02051460978530659,-0.1516811527712913,-0.18551825044645961,0.2613753822714479,-0.02553128585659834,0.05229719536521266,-0.14147521446250677,0.021261123682904937,0.28305305507957523,0.09717766080567561,1.5605442001394183,-0.13675802526397096,-0.14552482246343776,-0.581561914036408,0.057005216652951836,-0.32269187083313483,1.1598613790256664,-0.500432257182461,-0.2726763820453111
-2.2177998627163436,-2.542538508814833,0.7472940043014994,-0.05950507848139251,-0.0075364230997759015,-0.7166903859734629,-0.6948073392063393,-0.2534704550885202,0.026469910066575335,0.31543851062768913,-0.2757471432851012,0.25483763081790295,-0.425412411799788,-0.12518700715846143,-0.30789661839745447,-0.30312881412225856,0.06677314958846446,0.46143526655696376,-0.3584008671614951,0.05162997449945979,-0.16633163468964837,-0.19025777075566352,0.2849446099055674,-0.030502293587460694,0.048209462521897894,-0.1381283079752757,-0.023884208070378325,0.30795409001270746,0.08192667583246122,1.6173387336148897,-0.14932903465895542,-0.1329679281961543,-0.5660255890241193,0.09316308347736085,-0.3167855707989577,1.165038230654425,-0.524355185527059,-0.2720821162780804
-2.2146025981644293,-2.5236789536693705,0.7440675333957121,-0.051678906866798484,-0.002842053706589246,-0.7092669971932303,-0.7030373674338226,-0.22784650505005907,0.04691384289013088,0.3180171621791335,-0.24355078130458227,0.25950963569482866,-0.4042503139102257,-0.1089513284532501,-0.3207913733260844,-0.29674132565393735,0.06911005447421312,0.4114968618772751,-0.37188462647944337,0.08418498131262372,-0.1821590481826952,-0.18993818059658485,0.30949047814957,-0.036447001362350635,0.043562924520424144,-0.13514850746538712,-0.07304614477817772,0.32929321451105975,0.06260756007524786,1.6714841121656703,-0.16106283050063833,-0.11731646554691894,-0.5483785368172874,0.12741871239683966,-0.30901977215331367,1.1672658930858686,-0.5473846302299458,-0.27302142733420154
-2.2118783492360468,-2.5047748769251323,0.7413377361830417,-0.04578268094143934,0.0008733470896751356,-0.7022011550820821,-0.7105045539558945,-0.20443877056512272,0.06308727118658063,0.32096403383750405,-0.208876907716577,0.2663834351811114,-0.3819465180003905,-0.098486678704034,-0.33450748338394354,-0.2868971063399215,0.07116470314369677,0.35984252234853276,-0.38385836705001325,0.11623225754831151,-0.19965480481746425,-0.1860463543517639,0.33169267301468686,-0.041751363270274726,0.03848913140703919,-0.13244152437701256,-0.12348443811807609,0.34641940386457915,0.042844150296154355,1.7200065360613654,-0.17153649700059467,-0.09942012619590124,-0.528202420245827,0.15604205378916536,-0.2988931139208259,1.1694878122178758,-0.5704888138983643,-0.2736051866781884
-2.2095370320967627,-2.4858963610071982,0.7390734634742053,-0.04244999582019874,0.003334785886874076,-0.6958806650158071,-0.7168939789920903,-0.18355937395537483,0.07342130894201099,0.32479310547624485,-0.1725669964627943,0.2753706013925901,-0.35931820587212315,-0.09443668245965073,-0.34685687016093913,-0.27327370538664125,0.0728700981912649,0.3070707913014809,-0.39385476221146426,0.14694866737570367,-0.21853944260846025,-0.17811081926537053,0.3507309083959607,-0.04511964103256989,0.03310583691617517,-0.12987018066296044,-0.17507802334067402,0.3581149807196547,0.02346897932410925,1.7623235437358544,-0.18029900187499465,-0.07998691363863923,-0.5050716185372922,0.17722723030201387,-0.28672387133926686,1.1726913001403243,-0.5950346483510937,-0.273182217504495
-2.207472499234577,-2.466983914237466,0.7372011967353925,-0.041042503596210186,0.00481309360946742,-0.6900452472959666,-0.7225855684365068,-0.1639770208703336,0.07891788513719868,0.32975770420989564,-0.13508956202642491,0.2865108100800452,-0.33708521069328207,-0.09631293581116342,-0.3575893875845809,-0.25772024423303136,0.07377590858457476,0.25268982286958086,-0.40207146503383967,0.176097455246263,-0.2385288141006969,-0.1654788239381866,0.3675792518246888,-0.046229229493510916,0.02744477520270746,-0.12772154665855304,-0.22851039768533737,0.36465588042259295,0.003796019860250711,1.7993698247415835,-0.1872283003636561,-0.05989518976663639,-0.4792314724823995,0.1929230135829642,-0.2730100126278579,1.1754940239196405,-0.6203022488963843,-0.27253909191209885
-2.20562946622552,-2.4482036654148307,0.7358196990291865,-0.040783405302067394,0.005623700890781852,-0.6842582597036302,-0.7280767280085368,-0.1444213853993321,0.08149064549706247,0.3356231649934279,-0.09668997347505834,0.29918659921041785,-0.3150747364908934,-0.10322661835731473,-0.36621886980127555,-0.24090208108472494,0.07377988370832649,0.19724373971961467,-0.40788555418964684,0.20247287256888025,-0.2587143332736229,-0.14953948662136018,0.381308818461959,-0.045031412937599456,0.021557363537943557,-0.12643943475492025,-0.28272790367920037,0.36817407195980606,-0.014005346819151929,1.8303705391955412,-0.1927007753288961,-0.03963922098761638,-0.4514977087905486,0.2051919925789952,-0.2574427573300153,1.1767316086670383,-0.6444910670623906,-0.2717979876185351
-2.203918027153374,-2.4295388486672302,0.7351085956130282,-0.04087700831217967,0.006140125380007122,-0.6780549081513549,-0.7338480159976046,-0.1233909200806962,0.08321298704311964,0.34182332182339886,-0.05779088474762776,0.31245389306015564,-0.29343791990445334,-0.11402475632338477,-0.3719752667997341,-0.22326967013417334,0.07294247585983715,0.14245564567004187,-0.410683900696706,0.22452411360394228,-0.2781419895025563,-0.13295850435716686,0.39096590727632285,-0.04156486580456982,0.015610544929676395,-0.12635410558521393,-0.33590865313575324,0.3712708929069489,-0.027392436556513935,1.8538298678448308,-0.19680029303272795,-0.019629537707062487,-0.42249837263335055,0.21617249307556896,-0.2395868078223046,1.1751894159189624,-0.6654854216728208,-0.2710811451772229
-2.2022185102885032,-2.411258812565635,0.7349763460860074,-0.041162473143813744,0.006375579279894929,-0.6712968696221694,-0.7400172400890438,-0.1002368545069937,0.08468267633275757,0.3476096880321669,-0.019337087718114238,0.3255914853070152,-0.27242150161687945,-0.12783749343157685,-0.3732158823906388,-0.20472780869482626,0.07176407017048338,0.08821292916968332,-0.4104979365647822,0.2421385359360277,-0.2960338059728531,-0.11844160531619626,0.396175428527965,-0.0355400115883047,0.009676112820716141,-0.12742216327129977,-0.38816239351483633,0.3750395354110579,-0.03489542569958642,1.8695460528265528,-0.19911737868897608,0.0009528909025250669,-0.3925653995909693,0.2263280347813328,-0.2189714163745859,1.1707188401852078,-0.6835834889914109,-0.27015155016903364
-2.2006227283562496,-2.393366434925178,0.7354647049846749,-0.041934912529853784,0.006148842058235587,-0.6642132830530516,-0.7463406524291317,-0.07547294361946835,0.08522275592292655,0.3527375008416229,0.01822346778250497,0.3382735322510872,-0.25242474895333794,-0.14398689189062197,-0.3695762019592321,-0.18564869097360634,0.07031361253785127,0.03398612395551651,-0.4077873309107356,0.25589142310934904,-0.3118202988776013,-0.1063648522383102,0.39762863168602175,-0.027022565910376425,0.003734326051775169,-0.12928482243851974,-0.4396705256843499,0.37837625076161635,-0.0370205441343614,1.8776133629442235,-0.199662760551517,0.021523592507165568,-0.3615042230014689,0.23454804944156427,-0.19599199838306422,1.1638439924203838,-0.6998102425574352,-0.26912930118751976
-2.199107742897538,-2.3754220930627277,0.7365760668616693,-0.04306221128185097,0.005562619242692282,-0.6568719715985957,-0.7527508991391847,-0.049267906257562805,0.08504874151810364,0.3572460172493434,0.05507967449197287,0.35023642276095335,-0.23317178140097583,-0.1617468328570086,-0.3624529098063285,-0.16734576386650502,0.06834212944376104,-0.018322118518608148,-0.40257862598456506,0.26532781022928853,-0.32623044007880003,-0.09553350107723906,0.39555379833138277,-0.016663805863549243,-0.002099586997381578,-0.13172813723843324,-0.48874487853666565,0.38088157201796186,-0.03472893644449721,1.8774648879556683,-0.19898034999816835,0.040764051381790796,-0.32929865338040654,0.24075688849564258,-0.171469862394201,1.1546746381737727,-0.7133568768969675,-0.26829408962528156
-2.1975117075866017,-2.357609607400042,0.738344561074179,-0.044321491929912055,0.004699134322030143,-0.6493262739979918,-0.7592028143952142,-0.02174993010253302,0.08447665312973528,0.3610210748692876,0.09036684545979981,0.36098885527319763,-0.2138384638600438,-0.17938988203104553,-0.35377318751810516,-0.15010707167369267,0.0655821058758057,-0.06725535531332294,-0.3946359926446163,0.2702622947277627,-0.3395309259354051,-0.08390378696069119,0.3896317233471246,-0.005010973739341963,-0.007662961907164759,-0.13454814478997806,-0.5341241587468486,0.38229849618369943,-0.0292188171009238,1.8686794705257128,-0.19776071574547827,0.058000989950747976,-0.29637643498118554,0.2451178411553799,-0.14613407972010023,1.1432277920762466,-0.7237192623292095,-0.267433110037269
-2.195777620925843,-2.3398615318744453,0.7407192803643283,-0.0455633434646854,0.0036050853316392834,-0.6414709481476623,-0.7657845700813048,0.0072763845439431235,0.08400743972347204,0.363991175893663,0.12371175622169564,0.3701195563458427,-0.19416909649674124,-0.19608303301875799,-0.3450691863377425,-0.13406257967114035,0.06187211744318858,-0.11178012035212789,-0.3838113016398779,0.2697473111113719,-0.35261538918622254,-0.07007907418260124,0.3801909746472498,0.007904139484974405,-0.012805800803868582,-0.13782745492719511,-0.5751815348163155,0.3839814406498138,-0.019544820493839155,1.8509123215388064,-0.19535468675219156,0.07439338634950293,-0.26254842457645317,0.24786674697022446,-0.1198722380659681,1.1287817421088977,-0.7308827249468932,-0.2664649352519199
-2.1938061318716877,-2.322114116277281,0.7436064224397374,-0.04688002455889665,0.002235508994473759,-0.633318558467908,-0.7724667431656994,0.0375949695011517,0.08354532891511988,0.36596255865177507,0.15496987515085775,0.3774659162691812,-0.17440014729420453,-0.21163806100903837,-0.33660270361825645,-0.1187499998881607,0.05750510708317075,-0.1530026921023885,-0.37048581336600706,0.2645364695025163,-0.3651262044583607,-0.05409059810741325,0.3679139206905175,0.022382781651912972,-0.01759733878209116,-0.14156006348929903,-0.611937176327518,0.3859301777178738,-0.005277401685813421,1.8242493895571905,-0.19130974180362353,0.09046386494752787,-0.22784375098948614,0.24881683839282315,-0.09249038894281421,1.111589061866651,-0.7352454124526085,-0.2651119504723468
-2.1916945588986665,-2.304215930061966,0.7470155471883286,-0.047985748977557856,0.0004624717716407203,-0.6256793081420249,-0.7786029523305438,0.06738789534044132,0.08320324993987482,0.3649159298265538,0.1827676033541995,0.38313901380955645,-0.15732909872248194,-0.22138141667012645,-0.3312025521652196,-0.10930257263619302,0.055763019215763834,-0.18974596029874977,-0.3568202488255762,0.2565627998542764,-0.3774954947560775,-0.04269160470142607,0.35573292519944405,0.03100945547559629,-0.0218511470363797,-0.14402012661280172,-0.645619471622455,0.3842529848169949,0.008900698849525867,1.7893843574140003,-0.18646045266531813,0.10124988765223623,-0.19374149436042234,0.2471418784539643,-0.06714772426485609,1.0930163123493875,-0.7364759113827614,-0.26335725957864337
-2.1896356298402084,-2.285978008829522,0.7507920969393326,-0.04960086076985376,-0.001711751104578303,-0.6179336522145378,-0.7846622368763817,0.09673445521411841,0.08114252971487339,0.36340580921497323,0.21108252477755787,0.3867520709721759,-0.1391623743081236,-0.23248890012142048,-0.3257218653877702,-0.09942690339462852,0.05374100138879988,-0.2248188565800349,-0.34251410132895554,0.24827371228460046,-0.3879811015054109,-0.02947064282360838,0.3416483582357399,0.04055849813856101,-0.026231210769605953,-0.14654781136136275,-0.6727478880178728,0.37840699344559525,0.02490138487745215,1.7460141835822096,-0.1808860878625399,0.10897824685071009,-0.15989804432962962,0.24306642865382405,-0.040643198270209215,1.074633320834979,-0.7348259011850607,-0.2615080346415571
-2.187722626474546,-2.2673550183920175,0.7549015028660871,-0.05244946380288611,-0.003912628358403387,-0.6098835532714096,-0.7907438248479445,0.12586151682728727,0.07711979885242083,0.36560039116339493,0.23984347498158448,0.3880674923135559,-0.11777267094521407,-0.24945984194998777,-0.31773762789571586,-0.08332785315196858,0.047726723306661896,-0.2598104936698234,-0.3271618646433493,0.23916674461924442,-0.3953218343782987,-0.005641138582766797,0.3194380750717383,0.059025155462995665,-0.03072483835571262,-0.15107804867103058,-0.6907868603380211,0.3680348360008646,0.0436103482962804,1.6929168503030834,-0.1733307414149723,0.11448570566856583,-0.13181637617088432,0.2346790112987363,-0.019004810194590646,1.0717852905535294,-0.7128389633552975,-0.2591113397983262
-2.185778328120621,-2.248316956824484,0.7592021522796936,-0.05442803886083245,-0.006492589343381256,-0.603234996043476,-0.7956776824932363,0.15252010792930815,0.07487414022290315,0.3632151067728509,0.2651442194193081,0.3883275852177075,-0.10085956698867288,-0.25916277829093615,-0.31330117500392013,-0.07416524897648052,0.04531898534713913,-0.2881129420801396,-0.31489059399144587,0.22959643987896872,-0.4057996498171668,0.009148898381201875,0.30121357047150543,0.06857775963567755,-0.03429948751703181,-0.15314087801583012,-0.7077743713894615,0.35257898320207803,0.05782106650790851,1.6324723323998178,-0.16445930707653583,0.11542877837820217,-0.10188884392102215,0.2251652637084888,0.001586014764887244,1.0599013169358071,-0.6974745861247859,-0.2571799521459894
-2.1837246342706393,-2.2289023750016175,0.763645020366579,-0.05681649123181816,-0.009442810527165097,-0.5964060279449878,-0.8006138704046638,0.17860368676278945,0.07081918325540142,0.36055425430617954,0.29104179769825106,0.38685525759305306,-0.0826697711056513,-0.2699189657857476,-0.30889935920359507,-0.06482708705573323,0.04314553214446745,-0.31343401154579936,-0.3025179029955595,0.2205909014401589,-0.4149204210466763,0.024664238741314078,0.28085470946539814,0.07820278848986709,-0.03791419485413512,-0.1549441512603993,-0.7185518134112817,0.3330443572096514,0.07119748804177617,1.5639101674892513,-0.15451551198540694,0.10969797440828645,-0.07223058621583926,0.2140016612325064,0.02367870880538053,1.046939758216657,-0.6798085292610292,-0.2553258083712164
-2.1814108444745623,-2.2088396076659227,0.7681319832929812,-0.0591449015541791,-0.011947622332943521,-0.5896494658646808,-0.8054021618708462,0.20320746513420715,0.06665242438050412,0.35770973440721826,0.31762540331991296,0.3841332042654648,-0.06444612324534532,-0.2811237318056042,-0.30392296637977634,-0.05561067564247278,0.04151076382799527,-0.33510567251238665,-0.29181194415856115,0.21372399175339837,-0.4228914594061264,0.039979209716277955,0.25871139330997234,0.08716587966036744,-0.04134369326919647,-0.15633896929563623,-0.723921601880798,0.3099317238479528,0.07881278784816542,1.4895875583256046,-0.1441172518874962,0.09227887097571326,-0.04298038542061566,0.20257143128187396,0.04470296564002999,1.034696635619643,-0.6580496104505217,-0.253848587369861
-2.1787250415584536,-2.1881969715251675,0.7724174623351189,-0.06139450914201237,-0.013966474510126071,-0.5830265359850433,-0.8100096975803751,0.22636328258170524,0.06271507012539808,0.35448264405098534,0.344854082259704,0.3800165245448541,-0.04626530374882862,-0.2921945344846282,-0.2975855641947474,-0.046659491252988135,0.04101077248673655,-0.3523531061978578,-0.28350939016857957,0.2100197571745882,-0.43016620454548576,0.05392066742450525,0.23482501134185657,0.09432255481275371,-0.044491928488834376,-0.15706470865221608,-0.72360160685046,0.2820011773390573,0.07746473243780448,1.4077022117489855,-0.13110545225444498,0.059020627017414964,-0.014317902394823591,0.1908990226728339,0.06408251753196834,1.0239065281188728,-0.6312716935299109,-0.2523747263312309
-2.1755326212300186,-2.16712918948338,0.776459374080198,-0.06349056945368997,-0.015564219885412841,-0.5766401968963623,-0.8143787730369265,0.24812153352229838,0.05937797083566992,0.35086489288283645,0.3721569651517146,0.374428146735866,-0.028332715587042888,-0.3026953911713997,-0.2895771685846582,-0.03769779343305977,0.04186515334040865,-0.3645744714172604,-0.2776464509047704,0.20930109900221017,-0.4374564558300006,0.06575411919910563,0.20955687709077025,0.09895942043453164,-0.04723864006567638,-0.15709181974839523,-0.7175902668538278,0.25006153764336114,0.06697669510646903,1.3174734162734338,-0.11571422115945516,0.011601561565233901,0.013722310042836734,0.17913609043281656,0.081794250322049,1.0141595841714401,-0.5994873588021646,-0.25056292656375584
-2.1717488552457316,-2.14560136129819,0.7801809700863417,-0.0659972141751782,-0.016453712745272582,-0.5704452172550857,-0.8185144453024702,0.2675976006515132,0.05558784729738707,0.3502429524300861,0.40060092024089344,0.3670279792569838,-0.008193157085121775,-0.3182238798264727,-0.2742836029619925,-0.02284290478577264,0.04332453825063695,-0.3736442473078527,-0.2731657590520115,0.21153989615697696,-0.4413248488992423,0.08165094225124717,0.17182956939424984,0.10300968051089086,-0.049671718103109205,-0.1578044267849504,-0.7048259961800968,0.21472143526802484,0.045991463468729794,1.2214317277376785,-0.10089974625011319,-0.05838971376384999,0.04221805039925005,0.16737133535295526,0.09818206742474395,1.005038359513564,-0.5586403313475056,-0.24896281838794487
-2.1671056746731256,-2.1239282323864934,0.7832349258947765,-0.06605816918825247,-0.015701573162999777,-0.564659749028546,-0.8225260766144278,0.28543509562134867,0.05801914624219246,0.34571650670326165,0.4253950364712488,0.36002947403025554,0.0065345807238451365,-0.3275929226838642,-0.2645020525370536,-0.014261144827579699,0.04630909328063357,-0.3774822001207528,-0.2725444148984466,0.21570320792420852,-0.4506197127981239,0.08818983935929785,0.14716052678009847,0.10305780331594218,-0.051522797119132116,-0.15743451494083482,-0.6942746533247418,0.19006085178846507,0.025238949224166793,1.1342324850070247,-0.09619992978722279,-0.10599901117744054,0.06864035261067884,0.1608915130207502,0.11084469515748296,0.9970770948715514,-0.5203180159351558,-0.2475021828999519
-2.1618857937950664,-2.102075700476361,0.785583076608151,-0.0656923406390525,-0.01405670666699699,-0.5589095577122117,-0.8265028927214845,0.3013296838726941,0.061144603458908674,0.34188721326922356,0.4502561672639369,0.351272478894139,0.0215522732426237,-0.33898051412770036,-0.2539138381353377,-0.005431870616181555,0.05053668766472312,-0.377397286984244,-0.2740240106872341,0.22223274934068202,-0.4601021059752607,0.09268280914541867,0.12154625508131062,0.10120590308813196,-0.05317290708092919,-0.15687654596310724,-0.68206905946158,0.16950973534404085,0.0011820404553589958,1.0518956842761031,-0.09868882483314054,-0.1581164083751048,0.09440907991215318,0.15576481026038802,0.12231463092026139,0.9896702245148988,-0.47419849591678215,-0.24187765355561244
-2.1565726179991502,-2.079887191244218,0.7873180384230016,-0.06522688190890749,-0.011817936417539794,-0.5533860121951943,-0.8302829106768208,0.3151701059284418,0.06509576456928956,0.33834230864110704,0.47470019461075663,0.3407281987735249,0.03531182326709398,-0.35124648150954496,-0.24294237522976764,0.0037732112522505163,0.05560069489297959,-0.37285738663572976,-0.27850979630671213,0.23088566935924357,-0.4704465661455983,0.09483782638571894,0.09550457484012465,0.09725541932427352,-0.054422217246073094,-0.15617614328819554,-0.6678374369930311,0.15124162861923912,-0.024691645405746435,0.9726102244626558,-0.10701877275535106,-0.21068611615769098,0.11898657279444329,0.1497096034998578,0.1330461412286723,0.9841372430450228,-0.4240006325100401,-0.22236750068684033
-2.151980732453777,-2.057136150534627,0.7883110696598614,-0.06611862683541575,-0.010215197365574382,-0.5487431282365123,-0.8333096400146759,0.3246455597342877,0.06676729790105371,0.3370390335668037,0.49870763778074256,0.32779202487390147,0.048056815916677036,-0.3688284236298825,-0.22516399158526587,0.020729416289435254,0.06273344519177028,-0.3651934378510673,-0.2864122180196867,0.24223770196269176,-0.47910736271309556,0.09527428938450057,0.05804598180138139,0.08754837288892611,-0.055256426869996905,-0.15580372257867606,-0.650705421558914,0.13000473380860977,-0.04590289947183084,0.8957169854691523,-0.12366328536689912,-0.24342740263600468,0.14152526643501162,0.14017152386106232,0.14248284414495635,0.9819782921265724,-0.3673570605476177,-0.1935757089617997
-2.147361823570261,-2.0347758844963213,0.7883324890829707,-0.0662918353920444,-0.008879906322622668,-0.5444228884442067,-0.8361400949375188,0.3319969043560696,0.06918945877126793,0.33382082245872696,0.516278220960228,0.31727871468778923,0.05638634979479477,-0.38054977145940766,-0.21547341278050872,0.030134266108231538,0.06759977488200831,-0.3553519022701164,-0.29474798399440044,0.2525374987252103,-0.49206183808715004,0.09411014258982499,0.03398548577430082,0.08256729442906716,-0.055815120245143554,-0.15507782289793834,-0.6379041931827157,0.11488132805611741,-0.057148544477807754,0.8330320376115863,-0.14521658363345244,-0.25053505840559653,0.15893622309568975,0.13209011091802314,0.14967361840493812,0.9858536354437054,-0.3203539564734662,-0.17029705143497112
-2.1421532664883496,-2.013192664921313,0.7873839056921724,-0.06576033674444699,-0.0075748485880217575,-0.5405532799574423,-0.8387015865654345,0.3361770646715868,0.07163038460352043,0.3312773846419353,0.5287458808108062,0.3072018851655608,0.0634311585174128,-0.3933597975585785,-0.20562940725530995,0.040582269614760406,0.07224313548199773,-0.34423021004286924,-0.3041103509068467,0.2630871092123656,-0.5053598103723871,0.09304425789836616,0.01002874243558905,0.07928872670243486,-0.05594290276153861,-0.1550310176813217,-0.6280108937477816,0.1064847417558603,-0.06172939272478779,0.7844008258995471,-0.1734221338930197,-0.2561583700059967,0.1722332778001345,0.12700413043863704,0.15646605198741712,0.9927961902649309,-0.2678825716205366,-0.14355158165180934
-2.13661834479615,-1.9922773771647129,0.7863979112274708,-0.06418669020749086,-0.005582124429351814,-0.5371415577410992,-0.8410278566340885,0.33736102489049247,0.07617031218810566,0.32919682574017023,0.5354918881122437,0.29754811749437593,0.0668876665915421,-0.4051093991611762,-0.19609688094387331,0.05208826599495252,0.0752614392298012,-0.3310947158848416,-0.3150855299775983,0.2726875746530897,-0.5188852420709715,0.09285585434635575,-0.011564885585436025,0.07890870353328164,-0.05553909628077315,-0.15590844647976299,-0.6209528176893123,0.10423240911547592,-0.060766475749353475,0.7503496051244396,-0.2046496433209929,-0.2596696886474525,0.18016330847610212,0.1253859347648628,0.1613111066571032,1.0114512701148133,-0.22897845753172724,-0.11800855800183391
-2.130946390985968,-1.9718063177218665,0.7852617385213023,-0.062484306695022626,-0.003796758734885586,-0.534042638391723,-0.843136855095043,0.3360482906427149,0.08015580960230512,0.3274044870488764,0.537196928708782,0.2897470377874785,0.0674848997847683,-0.4158299574863905,-0.1876556596246761,0.0635906083235933,0.0765193848664627,-0.3160349978175946,-0.32643670818994164,0.281176912259303,-0.532719516513629,0.09346484438791501,-0.03026890367697952,0.08212026357743589,-0.054735498603863786,-0.15712445962381216,-0.6156663319544574,0.10458410433621323,-0.054106589809222304,0.7282495964241229,-0.2368388263968464,-0.26118760173394023,0.18556301405316467,0.1252105715908583,0.16587916250561816,1.029450333064109,-0.18350817461550223,-0.09131682378408838
-2.125246659617854,-1.9513892841775973,0.7838674893253763,-0.060914867664564706,-0.002224523223884046,-0.5313449866662252,-0.8449597242108671,0.3319220116045103,0.08362953127657669,0.3257012483205084,0.5344263000236912,0.28448618100985884,0.065057865691441,-0.4252914904697352,-0.18097722965822916,0.07450578956462497,0.07612205303449238,-0.2986086731671676,-0.3376959200781804,0.28814753384913583,-0.5464920685595293,0.09390304193183573,-0.046802200934443663,0.08844874116788601,-0.053579028874794925,-0.15789255108895278,-0.6102514160136343,0.10543090253382993,-0.04412364472904513,0.7149202909527694,-0.2687605244083839,-0.2614619493723601,0.1889118403122126,0.12426259260269869,0.1670117000236274,1.049976847731841,-0.1423515209274177,-0.06552321812167824
-2.1194257728228565,-1.9309521104530312,0.7818921207883643,-0.059306640990339055,-0.0006396001566265117,-0.5291416360723679,-0.8464581751160192,0.3250045924180129,0.08704684346135141,0.3238593718633364,0.5269499963996629,0.2826527248560592,0.05937212483053839,-0.43399071781053855,-0.17652182844586478,0.08414828089880055,0.07433101074011011,-0.27840813273534476,-0.34836304099000254,0.29297976941804926,-0.5601390018701333,0.09329827269472478,-0.062042920192949866,0.09745293797044288,-0.05201700667225794,-0.15805606116550602,-0.6035886993932098,0.10774561745686093,-0.029245488908871926,0.7098178408933481,-0.30358855583534766,-0.26082916604645007,0.19050819737777955,0.12243498695995775,0.16312408043001406,1.0742389330972326,-0.10965539236523769,-0.04065255803875781
-2.113600056049858,-1.9108256149329346,0.7793534958903794,-0.05756361557617829,0.0009753168986343314,-0.5273855830823005,-0.8476732422789384,0.3157288563391241,0.09035273285067641,0.32200307309965465,0.5138943200935118,0.28435990164728375,0.05012597234406202,-0.44152293522870467,-0.17433503756303395,0.09161831227797912,0.07111229056733964,-0.2557200886687626,-0.3585096474307797,0.2953133124522597,-0.5732004229391194,0.09126688514056612,-0.07584800492027506,0.108892105729921,-0.04998514943514633,-0.15795735571669545,-0.5960771856727534,0.11217143301987609,-0.00917101696689435,0.7133211609588126,-0.34110322284347244,-0.25984993340011464,0.18945772392290397,0.1199064074304908,0.15443618343087478,1.1031533456041964,-0.08514171830691801,-0.016907072072069432
-2.1078036395900597,-1.8908690154960137,0.7760819618672256,-0.05624240749771182,0.0020921502777966907,-0.5257341247258404,-0.8487850402810075,0.3054196718486189,0.09222955231689024,0.3205709163254727,0.49529421345106994,0.29002927082023755,0.037354429316378564,-0.44829241410692233,-0.17410244119479779,0.09919185415965238,0.06584842422521779,-0.23033509338691513,-0.36853254096946897,0.2937817388419301,-0.5850735923007317,0.08495228180091034,-0.09196792055878981,0.128700830446521,-0.04775319202243217,-0.15768637747021907,-0.5887758985556896,0.11608009641720436,0.011635710613821917,0.7247890980528173,-0.37680559267431757,-0.25911302056637947,0.18429362563319548,0.11414542441192048,0.14101864147112442,1.138085131712271,-0.06732808888704639,0.004572105700724284
-2.1025604512165375,-1.871010301335321,0.7726090579446395,-0.05630571181199038,0.001980728295797868,-0.5246257914715378,-0.849466610559607,0.2921285358018679,0.0899214532702316,0.3204181478064297,0.4722354137805617,0.2977148674785148,0.022995195043849583,-0.4505408712277336,-0.1757931149178149,0.10030758748537794,0.06052054174747897,-0.20482063839756756,-0.3778088905298664,0.292103879252061,-0.5934054373037679,0.07563719930075716,-0.10641748442304759,0.14588950592300115,-0.045018817331152414,-0.15719808708807717,-0.5820518189529753,0.11354086597002111,0.024690210610544765,0.739115401700742,-0.3965178290242378,-0.2598653068654213,0.1739215020207921,0.10111788694074653,0.12014859303052575,1.1793570703110685,-0.05800951876155558,0.014550310678889348
-2.09882479271478,-1.8516216829498564,0.7779199350395132,-0.059276236562303936,0.0011306138429440725,-0.5234455441656639,-0.8499940069109084,0.2757157952903554,0.08262833393836716,0.3280484449380545,0.43711471056569545,0.3046464626662292,0.0008302317242392995,-0.43821311978418853,-0.17719872921508503,0.11001387047743591,0.051441118433185946,-0.1802350260824986,-0.38803407216542923,0.2935066505640124,-0.5932442959586443,0.069143862714407,-0.10188768655703226,0.1576188386713113,-0.04121078467339078,-0.1596510552580325,-0.5845155438576884,0.10031756472297475,0.019548138096034434,0.7709582106849816,-0.3623906586845875,-0.2626680295507007,0.16159906288763257,0.07530310103860373,0.09142593948178193,1.2211122929059863,-0.06341130417361437,0.008519372120175246
-2.095606087821232,-1.8318580988603057,0.7810714073687427,-0.06326806781685324,-0.0014901532954958152,-0.5233280373654907,-0.8497780276902098,0.2573148763992505,0.07069894071426341,0.3333438334603829,0.4003442790222139,0.31727984327071374,-0.021483253863504616,-0.4325503601165604,-0.1815363781903513,0.11772277874726518,0.040737614049755906,-0.15680612301694097,-0.3965167326024058,0.29111619086280566,-0.5934094552911443,0.05148443220393928,-0.10377918666238001,0.17445288466742484,-0.03801014437230187,-0.16135652253595104,-0.5752942801645445,0.07887801037140629,0.00927430987076805,0.7865393419686046,-0.3338690388273745,-0.2633701289557768,0.14247728147386374,0.03854449488560008,0.05046086528901645,1.2768185741807505,-0.08253182143725567,-0.009503951508980835
-2.0923504608898287,-1.8114590401860577,0.7818786325688164,-0.06749712865947141,-0.004735668699345747,-0.5230685225151203,-0.849600513075732,0.23760121680130974,0.057166846362028484,0.3372677734178973,0.3643838121718448,0.33075938688138634,-0.041489890193132685,-0.4289218479304125,-0.18551728901507705,0.11680384314539537,0.033900182497415145,-0.132378057145215,-0.40419876859813064,0.28783998338769323,-0.5934113988363443,0.031955399621441914,-0.11070057322354826,0.1872139387838565,-0.03467337085715564,-0.1615195569713135,-0.5673869093431146,0.05590027337855196,-0.0016452538631534634,0.807050982724619,-0.3060593494212628,-0.26493705838750176,0.12008445894436555,-0.002262784880849666,0.010417978987827559,1.3380748934275741,-0.10426257540707287,-0.03190843220737099
-2.088778527382972,-1.7912054893311433,0.7810371625775431,-0.07164247095579097,-0.007912638778579947,-0.5227633561968686,-0.8494252291524521,0.21700633290821428,0.04315763655639131,0.34068091595358957,0.32603878835633265,0.3468546933856295,-0.06185901755743058,-0.4211889285390516,-0.18855157407950585,0.10407744546830147,0.03136637886171563,-0.1053679843560014,-0.4105411863074045,0.280178489823403,-0.5916435381851485,0.007354495734304797,-0.11836650415587714,0.20451715748340682,-0.031211699239428348,-0.1606456340982093,-0.560327475936344,0.03544998210122365,-0.00751935253648717,0.8313555121394421,-0.2885500506628838,-0.2664267968961455,0.09520387116479652,-0.04153773846601607,-0.02296770521760807,1.4004077975688944,-0.12407655851059378,-0.05609848229857835
-2.0847162974763,-1.7712240138185198,0.7786703280310265,-0.07503742906893456,-0.01063675741119089,-0.5220988584228268,-0.8495110509369977,0.19563123449557432,0.030261113893772357,0.34190409538596933,0.2869173575029278,0.3643387966404108,-0.0829319916853571,-0.4093752053349347,-0.18347422228497962,0.08315776228880924,0.03640692495492685,-0.07603016813317488,-0.4150850213343628,0.2696251749963644,-0.5813551256218263,-0.006564041293023274,-0.1348313222571721,0.21940515855047246,-0.027139625809458886,-0.15710181810388976,-0.5546626650233438,0.02413780318111552,-0.001507035801830643,0.8622238482766661,-0.27859656325330945,-0.2605348727153526,0.06682121766882838,-0.07542373378520717,-0.04637044336683923,1.463521452797153,-0.14090830182864503,-0.07993427096886688
-2.0804562368168993,-1.7513376254793025,0.7753348504855105,-0.07884658817241583,-0.013160418442243665,-0.5212813519691423,-0.8496327271293278,0.1732292225519214,0.016236210422080774,0.34400494123198766,0.24468427064418544,0.38362299231873204,-0.10614046115957526,-0.3950305787824227,-0.17216953861855022,0.060567612554653545,0.04611978761026054,-0.04497678449642082,-0.41775910224721546,0.2561238751427409,-0.5661441650489938,-0.011373710605922382,-0.15190419331907515,0.23175718159408132,-0.022654525010950596,-0.152968747252429,-0.5546411801388117,0.013313981752241473,0.005108309341660249,0.9081211510324386,-0.3117646374244385,-0.2615466071853762,0.03575350926612502,-0.10774323320490298,-0.06334056994115188,1.5282824781016762,-0.15838976693340226,-0.10676858424687245
-2.077146802877466,-1.7313040222904954,0.7718162209769853,-0.0843022502128534,-0.017001243124893126,-0.5209706284375425,-0.8492312362640995,0.14871804808043515,-0.001863925167136973,0.3455531629968512,0.19979585452351778,0.40382065156520536,-0.1324979274635742,-0.3775637821691454,-0.16093496288102838,0.03865459424598955,0.05633399032604717,-0.012064853985362634,-0.4195180852498612,0.24014368563275773,-0.5482247084003429,-0.008360095306075633,-0.16464726715913963,0.24056796098843813,-0.0178358328664893,-0.14830371259393124,-0.5523921283906601,-0.0031983278201192194,0.01768472404164567,0.9494865424264108,-0.34855851922265796,-0.23683549326921502,0.0011998293783491872,-0.14211678940380335,-0.07328228802617359,1.5933295135308638,-0.176834647759498,-0.13133964814358598
-2.0736395662901126,-1.7121051219698478,0.7681641954327372,-0.08909516854514601,-0.020747946981246584,-0.5211284730939378,-0.8485615405901668,0.12276758522613666,-0.018825574693058657,0.34656426694572706,0.15239861568044893,0.42548614121584755,-0.160455600538562,-0.35906689694804517,-0.1565303438424725,0.02147667770118388,0.06350073583283229,0.020851048000988918,-0.4202238530648001,0.2239945288743873,-0.5301789490681952,0.004343892193373683,-0.16901386928549336,0.24269185679952301,-0.012706986393976907,-0.14464583208086212,-0.5472039496608195,-0.018797041993851907,0.027836637774883686,0.9832262135466536,-0.3832745849733014,-0.21762540216183976,-0.03674145529323416,-0.17127919753253087,-0.0783355553787049,1.6544192465305925,-0.19287573470224514,-0.1523269302919923
-2.0698275166799025,-1.6936062480302039,0.7646191257228113,-0.09293433471351578,-0.024583224084967444,-0.5220396330366289,-0.847486575742606,0.0947714311451561,-0.03413952836703403,0.3466892987769595,0.10209437223483975,0.44994033899602703,-0.19206215881796998,-0.33809618420005166,-0.1610111640504839,0.007121442019748377,0.07049373736989305,0.05412814158507773,-0.41964830091958133,0.2073532553580668,-0.5114997479758352,0.03338553213068321,-0.1675531968355113,0.23813783286856455,-0.007387719979993631,-0.14198602867859214,-0.5392434326622569,-0.033306866789358174,0.03497885662039995,1.0079814059547592,-0.4145748229311602,-0.20740366349649816,-0.07910521046150217,-0.19352908249768438,-0.07842426326678455,1.7107413732555334,-0.2053231810846259,-0.16778249577880303
-2.065522653302414,-1.676006731916386,0.761251807084926,-0.09618870082957023,-0.028385713224483168,-0.5235042340411201,-0.8461000544016519,0.06498687990198326,-0.04854097583782598,0.34669570862565685,0.048097282807791915,0.4768566443485766,-0.2268965445776151,-0.316439359353342,-0.17119144137625608,-0.00046024986537986567,0.07561670629776025,0.08687828822968836,-0.41747176544097303,0.19065773820776283,-0.49102108464150057,0.07183545033552334,-0.1603699285219878,0.22874348475092107,-0.001695232537220216,-0.14031832671707078,-0.5292196593554407,-0.04673247397875138,0.041021431728987166,1.026922562886184,-0.445739865409557,-0.20030720663064666,-0.12595630938128893,-0.20923406575988882,-0.07350364418915321,1.7636274191615946,-0.2155159349529498,-0.17760356144609576
-2.0606076108008744,-1.658849826743855,0.7582690658386682,-0.09889033623662279,-0.03187134332883447,-0.5249465545401437,-0.8447698111023243,0.035122073323032875,-0.062190987913301916,0.3460208341223509,-0.007121504250766277,0.5044896474900574,-0.26404274547128925,-0.2941117249822158,-0.1858311349655034,-0.00572106992719962,0.0803810848859937,0.12088830215330347,-0.4139647666036181,0.17374133691068794,-0.4712942034238452,0.12022466274826427,-0.14504873167872442,0.2134354352534814,0.004043530113458879,-0.13882641950465782,-0.516700138872038,-0.058797843386883736,0.04631697244007141,1.0413164922083917,-0.47621834174009864,-0.19371111189610485,-0.17545824480979252,-0.21970307554952795,-0.06499121165103475,1.8117199294541115,-0.2242259676638333,-0.18391883817651214
-2.055311725758249,-1.6415845628228074,0.7557367296497776,-0.10114023703226431,-0.03458535511606425,-0.5258231491818872,-0.8438510066646822,0.006251363303797415,-0.07483383514209495,0.3450952851094556,-0.0595507771590502,0.5303771237433694,-0.2994206386118917,-0.2744470110177534,-0.20193898613271713,-0.00956156213954186,0.0813706071091957,0.1562153414752645,-0.4103250146970611,0.1578548593923059,-0.455360030999879,0.16769991915670723,-0.11931645606872043,0.19247146492367143,0.009683115974757545,-0.13734950290259929,-0.5008480566537795,-0.06923626642938716,0.050823388547053094,1.0524885304051033,-0.5057291438171544,-0.18666960979982064,-0.22508261108810537,-0.2265752922101962,-0.05496335289386065,1.853344088157342,-0.2319360134615278,-0.18927578141614776
-2.049778456977842,-1.6241066668479305,0.7536557772870343,-0.10305608469045599,-0.036240686455170375,-0.5259343402821097,-0.8434803647777196,-0.021748065760648368,-0.08586234443617768,0.34505244577157657,-0.1075220181301385,0.5542074416978706,-0.3297724200232843,-0.2594961102123734,-0.2159876682152721,-0.011171085853173213,0.07527834371602814,0.19140799986404342,-0.40828242321876745,0.14381223547549335,-0.4429034758573672,0.20056834461737078,-0.08822628811187778,0.17128426976677746,0.015309624850599935,-0.13642802173126603,-0.4807203206797194,-0.07770670287682391,0.05435282160100524,1.0606307012132896,-0.5348324786875517,-0.18049752043927064,-0.2743853631112823,-0.22941494404960303,-0.043079305637687935,1.8882368468323771,-0.23794257893933116,-0.19188184105771114
-2.0438600429999716,-1.6063968454000397,0.7521815456247581,-0.10446508188164197,-0.037343061367587,-0.5255230767729561,-0.8435152862955393,-0.048961692610757404,-0.09514743030463489,0.34471598572290396,-0.1528104528216073,0.577756841707484,-0.3580433115940367,-0.24650801436942427,-0.23317352040060724,-0.013458598182983093,0.06348767852544768,0.22933333787895518,-0.4073072205037904,0.13132540578273655,-0.4370460371431316,0.2330913467969228,-0.04850760944810299,0.1437918688512879,0.020552536969577012,-0.13535890755805866,-0.4569997256537752,-0.08415018658518132,0.05695000082952112,1.064846095135563,-0.5638870032058155,-0.17620481446422892,-0.3247433509692862,-0.2277743503633083,-0.029376503045831778,1.9167670092494278,-0.24196382402469485,-0.19079907469832963
-2.0373141813159297,-1.5885335403196432,0.7513697187768544,-0.10533509961622109,-0.037855345584824104,-0.5249726499429631,-0.8437269738554994,-0.07645965737243104,-0.10260022448876369,0.3444126037377126,-0.19345268877942684,0.5994327150418519,-0.3813297490515939,-0.23695876152748374,-0.25025314790711756,-0.015706337515636215,0.047451425557864794,0.2687759390098246,-0.4073669467012354,0.11999266964969943,-0.43535537391738405,0.2593781321770685,-0.004914117409790045,0.11330112693727268,0.025481440465143643,-0.13435724198427712,-0.4302289286107965,-0.08867521622369921,0.058004317669955646,1.065110963900462,-0.5911468220862889,-0.17332672400670449,-0.37462967883878256,-0.22338394436027909,-0.017400096791130047,1.938254058825329,-0.2446517286556146,-0.18881717002343457
-2.0302236072786783,-1.5709348616156684,0.7511097755876588,-0.10567399182820969,-0.037778875920539634,-0.5246241514131894,-0.8439047717244308,-0.10493229197794375,-0.10827508131279112,0.3442273652865545,-0.22796218596010812,0.6180593096162484,-0.3972645135736619,-0.23197173158097367,-0.2626091049101515,-0.017160812646489228,0.02966345612180446,0.3082244644743889,-0.4078931785222105,0.10799202334836977,-0.4352162988261874,0.272139592898317,0.03647699176675646,0.08361430358230439,0.02995477709019529,-0.1335891206755801,-0.40128632431816197,-0.09155439057966668,0.05724555586260403,1.061639533716208,-0.6157585427213138,-0.17088233792794125,-0.42259188378997065,-0.21875482150971517,-0.010790569530020595,1.95209844771667,-0.24677173364501342,-0.18935189847225498
-2.022466731484899,-1.553575295719068,0.751441614644235,-0.10558238940312396,-0.036890584649641914,-0.5245254936953185,-0.8440168542605165,-0.13425870083744382,-0.11212107515023538,0.34458717124651417,-0.2554980070244796,0.6334301768306411,-0.4047612646918785,-0.23191628925507357,-0.2660021540525761,-0.017059833501466427,0.011023228362727708,0.34847598089795234,-0.40837455790647004,0.09306250065980337,-0.43618584084691236,0.2618534109774031,0.07112242778443097,0.05692139547443104,0.03396447376463456,-0.13313933857484522,-0.3695247341425103,-0.09273529283907848,0.054710955179093836,1.0539605849164884,-0.6377405509565406,-0.16824603669177446,-0.46754300793161874,-0.21485737986384762,-0.010984501202548045,1.957558121743629,-0.24782779593067453,-0.19286809967724017
-2.01394462614769,-1.5364587193688939,0.7521670227478459,-0.1051102243141559,-0.035198761196478585,-0.5245315945152809,-0.8441442378587434,-0.16386562136589425,-0.1141775295416988,0.3454995376117142,-0.27691473834201064,0.6463822202917918,-0.4047597634085163,-0.2362813774226283,-0.26001090730949356,-0.01532854274879503,-0.008362528875507891,0.3904928010232161,-0.4091629799861321,0.07434759018601567,-0.4394078926810136,0.22707381519217157,0.09730709624514663,0.03310778713763094,0.037614037501276086,-0.1330614399837591,-0.3348219024480978,-0.09192831181783578,0.05069952616184425,1.0423464021484445,-0.6577781924798903,-0.16590517475306493,-0.5098346181042482,-0.2109884031169408,-0.016678848770817184,1.9550234923336063,-0.2473574828515921,-0.19750980970385634
-2.004891677454286,-1.5196797269745002,0.7534483934408612,-0.10420373041932864,-0.03296769214805417,-0.5246539951699439,-0.8442706314881173,-0.1937287479801455,-0.11468011700402254,0.3466020753313529,-0.2934763281894292,0.6571208681287722,-0.3996200565816087,-0.24380795690408527,-0.24676104268234153,-0.011887807281555945,-0.027349869442586265,0.4329885571765957,-0.41080435574972807,0.05252143953944251,-0.4434966441235775,0.17627850027832828,0.11548424432291132,0.012341879131444782,0.04093174403476863,-0.1335397025972558,-0.2982313874557856,-0.08927089535242863,0.045377558969661384,1.027336509234398,-0.6749438146492607,-0.16441200538994233,-0.5492548147255342,-0.20712145294938875,-0.027077323877468484,1.9444729997107533,-0.24599956809908174,-0.203698193966701
-1.99543359988319,-1.5034151757970164,0.7552344258011057,-0.10261284888885647,-0.03063805187435247,-0.5249286666587291,-0.84438250096751,-0.22364442020774464,-0.11356090971423076,0.3466690408219237,-0.30604754473278134,0.6659371572213587,-0.3910874676948666,-0.25432103696296016,-0.22437117820161698,-0.00519452697536508,-0.04994456019316096,0.4751948616634946,-0.41369191841965114,0.0286452485719471,-0.44783765812973053,0.10636806688482436,0.12919245898547943,-0.00889832652428538,0.043826064324182706,-0.13441349218000756,-0.26151171525957956,-0.08473786269108939,0.03888294870981547,1.0099363259444185,-0.6888659258767236,-0.16399805297220355,-0.5856626395116216,-0.20330772051359702,-0.04181001027601212,1.9260910420967403,-0.2441631338557593,-0.21227032772406534
-1.9854309085752775,-1.487241825472938,0.7576194725605184,-0.1007742043488595,-0.02770459491347055,-0.5251818206947041,-0.8445478496629608,-0.25377542054782265,-0.11203935658156661,0.34828686016007415,-0.31475789565135553,0.6726004348260686,-0.3817399521534449,-0.2646306366068536,-0.21358156857445018,-0.002777189912693264,-0.05505468041177729,0.5119772626052704,-0.41651211383841996,0.006488221888635105,-0.4458175050065805,0.08156579867817935,0.13368335006563845,-0.016526170361933965,0.04637638825145841,-0.13634723059404183,-0.22270778046150438,-0.07839452719186556,0.031912384785234046,0.9890958733689891,-0.6981250507627004,-0.16432780860958796,-0.6171642701727292,-0.1996084645955936,-0.06053250046180116,1.8997224043141792,-0.24049765992253064,-0.22193186313318955
-1.9750216002697976,-1.4711826123847904,0.7604604377770527,-0.09797530345281147,-0.024452179914857104,-0.5257243282960906,-0.8446400780500329,-0.2836211689411928,-0.10828016685535084,0.34955851403712607,-0.32033420321796574,0.6766845048240524,-0.37111878818558497,-0.27666745869066783,-0.20046713005118358,-4.662733800393998e-05,-0.05826848057907284,0.5490696629283989,-0.4181948685430522,-0.018612936259521977,-0.4436905991394428,0.058032896209795515,0.13616553639860873,-0.020891118754252605,0.048653247294916775,-0.13936594280773987,-0.18309821983022886,-0.06963530357694382,0.023596025418120767,0.9648468105088651,-0.7053077624921136,-0.16568614246995184,-0.6446163254703319,-0.196394648521156,-0.0856155851169975,1.8650890052096454,-0.23464083802878136,-0.23616876399010692
-1.9640928974791731,-1.4552274447092162,0.7638746855380295,-0.09475590787383875,-0.02108764660677748,-0.5262223167267568,-0.8447879630193114,-0.31257486829566244,-0.10366641111881664,0.35044690989868826,-0.3229069673657272,0.6786165707216707,-0.3595799114936652,-0.28983197403431044,-0.18581737610811697,0.00304563887570669,-0.059414728791328995,0.585511556280143,-0.419105166416438,-0.04453249988495303,-0.440838389924578,0.037413083311472875,0.1370609532289937,-0.022092161372264156,0.050570715934263995,-0.1427381443175691,-0.14351864277699936,-0.059362641848298286,0.014893802221085493,0.9390663509241975,-0.7079806761006382,-0.16803793192814329,-0.6673678450458319,-0.19223292499777486,-0.11379978871775398,1.8225717162158461,-0.2281043720035828,-0.2513111789390036
-1.9526233648845848,-1.4390478485181892,0.7676555192349693,-0.09198879591314421,-0.01785673366944837,-0.5262334700751117,-0.8451612470184696,-0.3393307457283207,-0.10034890989920403,0.3511992654826039,-0.3233572137208326,0.679027592602156,-0.34823724705787235,-0.30434638063111946,-0.17034965210641573,0.005943254468290183,-0.05890234361901361,0.6211340315796806,-0.41898119230193265,-0.07004686850352126,-0.43764447279298024,0.019972931559935455,0.13709369011076278,-0.021504993494300424,0.05229229019223903,-0.14612731117444713,-0.10937938920679809,-0.0494876729617069,0.005419510947381599,0.9250782829562342,-0.6939662152480092,-0.17227166491077436,-0.6848832564755792,-0.18607550814129473,-0.1405994230052358,1.773216041742581,-0.2221463062239573,-0.2643223514488205
-1.940797857019502,-1.4227582052420051,0.7716110574994381,-0.08898817328238555,-0.014926556463937563,-0.5259285247189845,-0.8457289694783461,-0.36418326052113764,-0.09692601261936788,0.3506411513638551,-0.3217668406375294,0.6774362452257311,-0.33805761715537275,-0.319874496800202,-0.1547452274756186,0.008356728005567986,-0.05686284473315626,0.6559953889381057,-0.4183917589460841,-0.09489750494718159,-0.43397739189199697,0.006815843943507208,0.13629626231388087,-0.02038355976741784,0.05382202306821875,-0.1490234829307102,-0.07418749426043353,-0.03907751200098626,-0.003985286302148344,0.9067845344068581,-0.6776450031158754,-0.17801246459698516,-0.697864125509112,-0.1766239290145476,-0.1656688214108395,1.7159506608949047,-0.2162106507503128,-0.27467873839581614
-1.9286219889205372,-1.406359347122391,0.7757442804102959,-0.0858065775057917,-0.012177982602862812,-0.5252366104309011,-0.8465314117382322,-0.38696991161247385,-0.09348542733514532,0.349239125958058,-0.318019680248022,0.6739199425081793,-0.32887368132306594,-0.33632296680598267,-0.13940687458009207,0.010139504135196795,-0.05317742017335595,0.6897242569841389,-0.417203034061523,-0.1187932336499707,-0.42955429009236046,-0.001227124258331192,0.13450500135497612,-0.01892340733815203,0.055107365209926366,-0.15157367293642413,-0.03955916027547232,-0.028198985417772576,-0.013533951490562307,0.8881706676442447,-0.6567687612038947,-0.18505162609646436,-0.7062301068574609,-0.1642143564533113,-0.18999064517817954,1.6505611041970765,-0.2099927042543773,-0.28415121763760337
-1.9161346017463854,-1.3899752725868046,0.7798435099901287,-0.08282460561191504,-0.009653609430751019,-0.5242390800488205,-0.847478778188431,-0.4078202643032562,-0.09045782511606727,0.3471047058924198,-0.31259406514778637,0.6687750558346104,-0.32040566310300017,-0.3532813306407281,-0.12453916823430881,0.011251885673232445,-0.04819189116745924,0.7222946547676857,-0.41506082946679806,-0.14146250101965793,-0.4250143988246319,-0.0050877991019445444,0.13162306377665933,-0.017367439950997165,0.05617534922844592,-0.15382831097923694,-0.0065823805281949,-0.017774841802194675,-0.02338542645708798,0.8713066316787276,-0.6303939050546981,-0.19225933807942663,-0.7104092044743088,-0.1497643846825004,-0.2124717270134631,1.5790619346564698,-0.20475693503750875,-0.29004516278279024
-1.9033415022622633,-1.3734743989673375,0.783844920274537,-0.08047871703216519,-0.0074200638428054315,-0.5230146984437906,-0.8484832019369486,-0.4268189697211465,-0.08848088507033515,0.3442147287673853,-0.3061128832134629,0.6623314847536934,-0.3129831311587957,-0.3702669825520286,-0.11039874470167478,0.011402594605381398,-0.04282373124478428,0.7535494707379852,-0.4114202996393568,-0.16272089640316684,-0.4204960936270348,-0.00679120956706477,0.12843853317251488,-0.016130883195080485,0.05708217143156246,-0.15575456364215637,0.0242241692573995,-0.008913175248229693,-0.03359669968888497,0.857214285134504,-0.5980009951076989,-0.1984522381136365,-0.7107699140004418,-0.1343951332936997,-0.23150929879479637,1.5037435483637398,-0.20116255634490093,-0.2893414545779658
-1.8904081862292739,-1.3568118172093921,0.7876294968652463,-0.07881704292072916,-0.005550633090464768,-0.5215076532384764,-0.8495803857382915,-0.44380685821567534,-0.08788270339940699,0.3402998727293543,-0.2989556780953162,0.6547333119391212,-0.3068094136732079,-0.387259282636924,-0.09729494871786687,0.01007754866557351,-0.037969400335819754,0.7831113146815372,-0.4058832514527823,-0.18256932143409613,-0.41562504738210504,-0.008089743375907439,0.1255870274426718,-0.015815028394555126,0.05784969388887543,-0.15722777327573478,0.0526256633161582,-0.001967321205252623,-0.04396693391007465,0.8462194280283368,-0.5589401186816596,-0.2037818763259998,-0.7070813074816327,-0.11775737662127576,-0.24607783679559603,1.4228938743452133,-0.19749434780571612,-0.2799709415298992
-1.8773922153031624,-1.339828319092098,0.7910626583696289,-0.0777533353324144,-0.004045666882330014,-0.5196907393495963,-0.8507993810872411,-0.45855391862676276,-0.08860558232939619,0.3353385989235382,-0.29103767329530594,0.6460068342626702,-0.30206168756237894,-0.4045130891215415,-0.08541748413513175,0.006800820381817019,-0.03406410259280611,0.8110877223827787,-0.39854449128443264,-0.20114569767543333,-0.4102770773903066,-0.009578419175320624,0.12346676481303707,-0.01675980525905407,0.058501720925827325,-0.15821654984869477,0.07900041225228166,0.003052738114501915,-0.05469150763173249,0.8379568673733616,-0.5136164376676248,-0.20909497749274805,-0.6992675963594928,-0.09976601093759861,-0.2562789373272417,1.335774859156209,-0.19312332019567074,-0.2630156277404098
-1.8644015922201898,-1.3226976810066318,0.7941035325094865,-0.07748903909660802,-0.002896841546768521,-0.5177008022901216,-0.8520404546951406,-0.4711383894035069,-0.09064183284585119,0.3296419537048412,-0.2829060881575996,0.6361953070929521,-0.29874570771994946,-0.421231285306822,-0.0746273824080434,0.0019088182047115611,-0.03109737077175745,0.8373019198472216,-0.3896553260383596,-0.21819834016584397,-0.4052281102329419,-0.011644290175188633,0.12207301014357343,-0.018791974878091987,0.059075802820033975,-0.15889636329270104,0.10329496040242682,0.005633793373165008,-0.06634122322802428,0.8325761498504736,-0.463912345667695,-0.2143431385486282,-0.6887650366530997,-0.08234629880023861,-0.2625868910110461,1.2473615954557953,-0.1906554537644099,-0.24141960866251808
-1.8517364446477425,-1.305353574535484,0.7963810830263083,-0.07826353506055002,-0.002076411500146335,-0.5156850097561609,-0.853193693312308,-0.48178950585170055,-0.0941130869794522,0.32358713077346707,-0.27540068806016443,0.625337109804008,-0.29709560809176966,-0.4369745768709453,-0.06475391020172541,-0.0048658600730697565,-0.028795720269242448,0.8618781162936472,-0.37968811083294013,-0.23417968859165342,-0.4017218285519617,-0.014479269854079404,0.12123418322586928,-0.02182000695547202,0.05965418597162203,-0.1595003559600144,0.12534379323548175,0.005111314675853285,-0.07954952654028505,0.8307544586011356,-0.4121397760788477,-0.2196828047661406,-0.6778541266193479,-0.06822339696242755,-0.26614845149753313,1.1655325250223816,-0.19333087677065408,-0.22068334191899783
-1.8393785249423629,-1.2877899684992113,0.797632727032085,-0.08034756232100236,-0.00163430784177458,-0.5137663000077689,-0.8541579404555569,-0.4908505274629305,-0.099569355828821,0.3172011174684675,-0.2684578281503815,0.6137045172793125,-0.29707218716236755,-0.4516106144179455,-0.055828072723888816,-0.013901468980814194,-0.026710790974036426,0.8849542489327089,-0.36845851380145445,-0.2488725693777309,-0.40032736883017567,-0.01843365548041229,0.1211269773554457,-0.02579060480869716,0.060186169759194684,-0.16025831429415072,0.1451989012558457,0.0006373463845958834,-0.09502391018648404,0.8324172623791509,-0.35870156801241115,-0.2240552746270926,-0.667630580166041,-0.059358269772879835,-0.26863558476711025,1.0935973582335072,-0.20135360208831418,-0.20489527375987288
-1.8273385237053812,-1.2699141797875995,0.7977746388957488,-0.08361033165415184,-0.0015732738190277872,-0.5118859382571955,-0.8549734636026575,-0.49833628992655526,-0.10694112596402713,0.31028836557300543,-0.2617848047968326,0.6012742277001307,-0.2989406911955855,-0.46512601939035864,-0.04804910125792268,-0.025386858833657572,-0.024802893385290264,0.9063202358390573,-0.3559827855683311,-0.26219152959296993,-0.4005957360138617,-0.02374267442278864,0.12206235653738204,-0.03079372117544208,0.06064717547955072,-0.1610866058472063,0.16305128330317017,-0.007617876378158247,-0.11251618624912997,0.8371471912838057,-0.3032430973271663,-0.2281678483390551,-0.6577595889921095,-0.05519397992480468,-0.2703517166952737,1.0300554457920237,-0.213409747516108,-0.19406007330714933
-1.8155505762542932,-1.2517008567540764,0.7979574667543418,-0.08799275176596749,-0.0018461690889862684,-0.5098056624537791,-0.8557757029890554,-0.5034530645074847,-0.11625801065111416,0.3027276218278699,-0.2550621510497374,0.588134351785105,-0.3037298809560747,-0.47620612156667746,-0.041707839176857414,-0.03767456627370395,-0.02380856471105241,0.9245463639444386,-0.3427089749639222,-0.2728086010195998,-0.40041737613681516,-0.030284402837092647,0.12523361135773967,-0.03615867089460851,0.06101698880814923,-0.161600329948148,0.1779599843045466,-0.017931941131999196,-0.1293599505996385,0.8508375249969222,-0.260472269886277,-0.23359379762157584,-0.6474673786132908,-0.054469360605832524,-0.27005052165916854,0.9744322335280108,-0.2289556378674153,-0.1868685113727707
-1.8036486647632441,-1.2333714964863984,0.7978577484600865,-0.09223144317915612,-0.002004449065993971,-0.5075149051298637,-0.8566901214231771,-0.5061177685069743,-0.1244965749443853,0.29577502854179677,-0.2488256751049856,0.5740216139539314,-0.3103346536868244,-0.4853963343170864,-0.03705819414880392,-0.050341490323701735,-0.023959386810561346,0.9400460966648008,-0.3296241361696386,-0.28144508039696187,-0.40100778050483254,-0.03738260107916829,0.1298287779542604,-0.04137472271267643,0.06131640611194349,-0.1618672382468755,0.1912042935999732,-0.029099783472463298,-0.14760270328183595,0.8647230489685314,-0.21271276294478736,-0.24214248599742305,-0.6374720409333668,-0.05409882471189883,-0.2679659603597547,0.9287095268026774,-0.2483698898392796,-0.18125518628121415
-1.7918692373677974,-1.214811323434943,0.7974850676329911,-0.09691238002144871,-0.0020681719994697723,-0.5048442040823848,-0.857750571476104,-0.5061092554519521,-0.1326963704523985,0.28919970100596076,-0.24281622151282695,0.5588016991473623,-0.3182859760888299,-0.49277941473464826,-0.03424230844987589,-0.06268257928026201,-0.025357347871112074,0.9528916887593952,-0.3171771325718796,-0.2883537676907149,-0.4024736504147882,-0.04436677599444172,0.1349128854000092,-0.04581147510533997,0.06151576524117475,-0.16194084026371278,0.20341030779017064,-0.04249177208405688,-0.16769985306662408,0.8812793315715041,-0.16620532933605825,-0.25568564910671127,-0.6277732286547449,-0.05496039297579328,-0.26193814911316043,0.8949968950810374,-0.27318818817810836,-0.1759143997190531
-1.7804943057557234,-1.1961112278824235,0.7967567313672118,-0.10249536116279795,-0.0022166633809416803,-0.5018475551055269,-0.8588590214803409,-0.5038409828167207,-0.14179697861464535,0.282894157217267,-0.2369825498034917,0.5425755153927777,-0.3270177990272095,-0.4987471149732155,-0.0332373139672739,-0.07443450489277088,-0.02779023443443692,0.9630670516555805,-0.3054393311912669,-0.29361264523769437,-0.40495943971351755,-0.05092807613779524,0.1395641294544335,-0.049105559082856944,0.061594552827708426,-0.16199485352875143,0.21434293801958776,-0.0595961353263634,-0.18808276111128405,0.9016059966435254,-0.12257560608559244,-0.2660491614551188,-0.6188876528016901,-0.058529099433921254,-0.25194282920935024,0.8738364147986627,-0.30257253828710606,-0.17147560273713508
-1.7694926791949783,-1.17698434524509,0.7957430282550417,-0.10882248394801829,-0.002634144302119353,-0.498541646707699,-0.8600040434609334,-0.49944478936854503,-0.15178531591412245,0.2771400442816468,-0.23154362990288774,0.5254983497854202,-0.336732042759266,-0.5037572230156854,-0.034239792177008364,-0.08602884766099138,-0.03177792382738555,0.9699741800304571,-0.2947965822525133,-0.2973650842744249,-0.407556979583833,-0.05681526319728346,0.14446309591458592,-0.05122295483319229,0.061609102939513195,-0.16203092747977152,0.22363675757024593,-0.078413800237993,-0.20313878914404457,0.9248123296891781,-0.08228916218492287,-0.26816100758262823,-0.6119646734897125,-0.06498938023581916,-0.23939910504966694,0.8657436995148191,-0.33216403480774054,-0.17032949092634098
-1.7583978463711512,-1.1581470259721498,0.7942355478929797,-0.11380291006394402,-0.0031063827221077664,-0.4949562267648796,-0.8614276415544343,-0.49278535511640886,-0.15912933113262234,0.2726481578547731,-0.22715077366107564,0.5080609318157773,-0.34662864039736996,-0.5073551558985043,-0.03722118736504508,-0.09781954414890526,-0.03753598787551658,0.9724328271569874,-0.28560566634480494,-0.298760883227739,-0.4097276169662499,-0.06193583645772746,0.14998956996866022,-0.05205245627997901,0.0616200979810975,-0.16180336067407386,0.22821817804691694,-0.09242272710888837,-0.21006878696418071,0.9525255825477615,-0.047761599479523395,-0.2697451152385116,-0.6077196472589629,-0.06950842879696953,-0.22834457456927482,0.8675522471633736,-0.3556828192558697,-0.17557316042907675
-1.7472682873605923,-1.1405740243646703,0.7925124105497493,-0.11699384392106955,-0.0037888332562098816,-0.4911423598287428,-0.8631785838451873,-0.48390236818075655,-0.16289670968085626,0.26965772250457515,-0.22404579282987097,0.49030122038827845,-0.3554574128869849,-0.5088591598003498,-0.04162538995489051,-0.10855849666435287,-0.04476090897261298,0.9689102759264255,-0.2781797436132071,-0.296519282799009,-0.41106382766491284,-0.06626727266216273,0.15600550403119376,-0.050857340367278334,0.061564215440381466,-0.16162713196969952,0.22646836778088747,-0.09991052306764912,-0.20645031835354416,0.985289240405343,-0.020766658786847643,-0.26961815368667147,-0.6070403156094369,-0.07103151561350347,-0.21959565217962615,0.8794245832985798,-0.36666695238293867,-0.18711763486650224
-1.7361515790279718,-1.1238918764183283,0.7901573596653201,-0.11884093352822696,-0.004567237309799289,-0.4870841743729582,-0.8652196137033127,-0.4730724580004065,-0.16370022058432845,0.26801089160159663,-0.2217990613912731,0.4719490317497179,-0.36323510828029504,-0.5091653729793624,-0.046985826365893275,-0.11852258107665228,-0.05324436441572826,0.9604796133102581,-0.27276411158673336,-0.29187082288269167,-0.41210953124184574,-0.06963240251147355,0.1618348352680356,-0.04777676079579773,0.06148636304808708,-0.1616003378808799,0.21942222310058146,-0.10202480391755506,-0.19379019886826213,1.0232498238879042,-0.0009150892050926937,-0.2680972964845743,-0.6093885781240294,-0.0704010691996664,-0.21257544748999152,0.9024323072033315,-0.36502378686368453,-0.20352962998963978
-1.7248266661750722,-1.1072503657890849,0.7915345447917095,-0.11925045544325442,-0.004194942328375157,-0.4829812383589537,-0.8674623073821075,-0.46053772774326324,-0.1611144002963607,0.2715097716122449,-0.22067110050833852,0.4527128656893997,-0.37372150741758386,-0.504786330396909,-0.05500415764996468,-0.12171962851635655,-0.06558793121913738,0.9417568373999189,-0.2702115245829024,-0.2834548827582735,-0.4059163392105547,-0.07214890078126093,0.1716733233242026,-0.04264827036781959,0.06103858098317673,-0.16303780930373646,0.21098329377083258,-0.09702142658318762,-0.1748303547309883,1.0610780855340125,0.01173245253436177,-0.2667777611594223,-0.6228684225135277,-0.07103461723802192,-0.2151765397704134,0.9496453582480371,-0.3280456649586928,-0.22458368625100852
-1.713017162471868,-1.0899439502572263,0.7903790992802261,-0.11866926649224012,-0.003947962949851748,-0.4784039218698829,-0.8700756899938393,-0.4464910792643791,-0.15676775540153567,0.27316244101409853,-0.21934645882520756,0.4328273466153987,-0.3799474502051379,-0.5002332726173598,-0.06984109488586916,-0.1328367245087626,-0.08529669125719405,0.9260544191420097,-0.2693351836514804,-0.2765423837296507,-0.40644856371007515,-0.07414807425108683,0.18311431833723987,-0.03585804407013645,0.060709754675260956,-0.16260909376664298,0.19729402928113124,-0.08755728418544541,-0.15251191448503298,1.1072822018568926,0.01793003552093017,-0.2669615519819802,-0.6206581892545517,-0.06338564925740972,-0.21135593580700232,0.9787082860867536,-0.31934927625746706,-0.2515155106516986
-1.7004997219864988,-1.0732062523069608,0.7876812330424839,-0.11733831782602258,-0.0030708486100822652,-0.4740915772405782,-0.87261644807333,-0.4324309699032129,-0.15071758027076188,0.2752215376135169,-0.21674232911831756,0.4137014683477411,-0.3822051214379148,-0.4941949340129819,-0.08497090155620687,-0.1453095881467029,-0.10369445099225155,0.9096158575970033,-0.26931215505399675,-0.26719245559497334,-0.40883406510384074,-0.07604816890492684,0.1893726796052207,-0.029787110506360376,0.060391013261410526,-0.16027182219858122,0.1803078967262794,-0.07162239247298555,-0.12850323005736905,1.158905337975367,0.014736428958956785,-0.2670062187544383,-0.6169764374547768,-0.05445202777710116,-0.209666010212403,1.0132772804788508,-0.32802431444608754,-0.27548047780149587
-1.6882178884730072,-1.0566012724940128,0.784340533655695,-0.11663017973891651,-0.001965833511124476,-0.4703665737005589,-0.8747278565461785,-0.4191586892515929,-0.14537275328728683,0.27778154000766225,-0.21386452019888028,0.3944168817464348,-0.3821934842254401,-0.48567517307394176,-0.10181151104829787,-0.1572230289399828,-0.12278064192189833,0.8900980214281362,-0.27107060222298235,-0.255728376016423,-0.41085602010288325,-0.07871850979391744,0.19203987465710037,-0.02435321765503873,0.05993575241565917,-0.15688987600527637,0.16139027021636435,-0.05225255441958806,-0.10242334752136101,1.2134814370473612,0.0026926131675782455,-0.26532236573129886,-0.6137794228254551,-0.049042789979409286,-0.2044949919397335,1.055935921507597,-0.3542865250571117,-0.27453176961053405
-1.674992373244618,-1.0407204002685084,0.7804646431484944,-0.114517498418018,-0.000516802363548179,-0.4665796829869235,-0.8770341355359087,-0.40500855876495073,-0.13747784804482668,0.2807666431362569,-0.20971767069483221,0.37602012850681116,-0.3809172999604235,-0.4746545559875196,-0.11960840285556752,-0.16941005400368045,-0.14130888801515276,0.8670373168163173,-0.2745085189152848,-0.24069399303804348,-0.41211844516384394,-0.08198817090665449,0.19440592453368927,-0.019465210898934934,0.05935380936677233,-0.15266791537207436,0.13932202522655274,-0.027585079766879007,-0.07784338263939654,1.270294048206695,-0.014608102565712383,-0.26272106996577094,-0.6084474965233824,-0.03906326606775081,-0.20068101831081228,1.0953031982798036,-0.384668906121572,-0.2721275263529958
-1.660686707147537,-1.0260396310926787,0.7764177528865549,-0.1103294002046029,0.0011153375261763949,-0.46248920569709034,-0.8797328651848637,-0.38957662452437103,-0.1260881327572624,0.2838335655756347,-0.20458431351049447,0.35875378261649965,-0.37977048675848085,-0.45945178439155765,-0.13713996387078534,-0.1815783181400947,-0.15682994009711135,0.8387409617095494,-0.28019205881029874,-0.22097262532582818,-0.412297293871393,-0.0851968213848412,0.19854230207069057,-0.01559015218369611,0.05857094907862134,-0.14811628621602618,0.11277688764784592,0.00042813170278584883,-0.05960784966228927,1.32757791061931,-0.031856048479474715,-0.2606581011188241,-0.5996334462162374,-0.022793128259670226,-0.19960350819680264,1.1247635001046286,-0.4131552661228991,-0.2702147533881553
-1.6452956055057935,-1.0124012430043277,0.7724373622828666,-0.1030380969293582,0.003175222952667861,-0.4579557486507418,-0.8829776898756364,-0.37270531215490804,-0.10955324488384358,0.2870760780654805,-0.1984540936506905,0.3423319390279729,-0.38017118640242487,-0.43852993225821046,-0.15368244007463977,-0.19402473008397236,-0.16837433511049127,0.8038550391595374,-0.28901641080113677,-0.19585532557511037,-0.4105662684891217,-0.08813772657954635,0.20587915532225792,-0.014898856437451488,0.05749728125313596,-0.14299654391112288,0.08089094322822192,0.032989358303358765,-0.04992272946789405,1.3856666144950849,-0.047831603392175036,-0.26122432538942486,-0.5863859980076548,0.0018776886337784908,-0.2024644345145082,1.1417027512892786,-0.439559797551078,-0.2699725810805499
-1.6293164587593902,-0.9994733633264941,0.7685210047292792,-0.09309032829349628,0.005757171421381815,-0.4529903829902296,-0.8866232337773464,-0.3551107910001266,-0.08843029239652646,0.2905006609223543,-0.19130916248721974,0.32672381412712187,-0.3810682818164972,-0.4122910067591268,-0.17001245000277737,-0.20603268322445692,-0.17639559725531975,0.7622303921609933,-0.300836154696663,-0.16556235873465902,-0.40747176818067454,-0.09104764305402818,0.21509981553715102,-0.01836621042645554,0.05600513113820025,-0.1373147941820006,0.044237120058576884,0.07032459163289986,-0.047461239103420906,1.445169087792866,-0.06463560705823673,-0.2634586063757937,-0.5694181515906853,0.033362421969556175,-0.20753668356648705,1.1497171125001127,-0.4670668652576167,-0.27045536268929327
-1.6132862760580307,-0.986840513639819,0.7649244438418468,-0.08222530413895918,0.008468764209587181,-0.4476493600422958,-0.8903804410732198,-0.33747609443045573,-0.06557428745162511,0.2938299866927312,-0.18320493732886942,0.3125367020023683,-0.38156298590557797,-0.3826811834428661,-0.18796671033392312,-0.2157835062714109,-0.18114711810173775,0.7147490664612927,-0.31437128119934854,-0.13150927012263555,-0.4042558377766043,-0.09361546592451413,0.22522833040822327,-0.024417489135429977,0.05405527966712685,-0.13193456331281733,0.004233073192403649,0.1080900990167955,-0.05145141058433234,1.5034803185306636,-0.08134072359161432,-0.2655486383530104,-0.5497333098952589,0.06724121686319155,-0.21188641344391948,1.1518423786826861,-0.4942663122547268,-0.27075493994628164
-1.5980176748223145,-0.9747277912986354,0.7618840365854704,-0.07220728863017233,0.01079313543463464,-0.44209344974806775,-0.8939927278149533,-0.32003039304101566,-0.043920361681647126,0.2968831986141851,-0.17536385216679765,0.30009091848656944,-0.3811236873628763,-0.35145766670144946,-0.2096985606524696,-0.2207114153541094,-0.18194936875350823,0.6624595363228722,-0.3280817760618043,-0.09582243474155763,-0.40245063196182845,-0.09505526040229006,0.23458598098182776,-0.029982219910886218,0.051713035603722646,-0.12773821868347293,-0.038581561650905795,0.14134602937184446,-0.06106425066639176,1.5582697759639117,-0.09746994600516125,-0.26719969405350125,-0.5290322675379502,0.09909261170642285,-0.21324882038026985,1.151203210909283,-0.5197728118239522,-0.270223936648764
-1.5836260051920177,-0.9623461996119871,0.759445649418016,-0.06444148656522045,0.012250749514687428,-0.4366996802837635,-0.8972126855911319,-0.3028755284105804,-0.026564258157062058,0.2996508741870369,-0.1680237881337115,0.2895447551019313,-0.3816246243984196,-0.31924805092202097,-0.23703718228459328,-0.22183194230173287,-0.1775266395731584,0.6062593195554876,-0.3414794822419768,-0.06016059901858156,-0.4033994997963414,-0.09397211457620311,0.2456044175409423,-0.03283927523894021,0.049072819486395095,-0.1251954274298867,-0.0845555114193477,0.16639932712585126,-0.07521867548533018,1.608786254090771,-0.11169414696826477,-0.2640972952945315,-0.507807670520862,0.12525007311764647,-0.21112979303129517,1.150154485633049,-0.5437213403217341,-0.2697918032053627
-1.5704235355155933,-0.949095279677173,0.7575869130063694,-0.06011862348244104,0.012550175870700685,-0.43174965826281353,-0.8999002593544098,-0.286127866972544,-0.015973856410933046,0.30235614786136494,-0.1614875110106614,0.2805751194636426,-0.38367933962764667,-0.28547012424145085,-0.2701091126811123,-0.22001120499005164,-0.16740856511996707,0.5458146709869278,-0.35448365613374855,-0.024724904174135167,-0.4074011024500515,-0.08987344239453422,0.25876593498071304,-0.03280781177831619,0.04604624312016907,-0.12426783400624149,-0.13480710933165022,0.18622108220255226,-0.08307471446350168,1.6555973459273794,-0.12321694226693977,-0.23300334869794223,-0.48577598836815605,0.14262642464962486,-0.20502328191293437,1.1507671715657755,-0.5685640931852882,-0.2698413086707233
-1.5574413327443577,-0.9358713717756081,0.7560417023512565,-0.056904418262193425,0.012612520145765476,-0.42654978467579946,-0.9025841194652399,-0.2681500372629823,-0.0073698518356274815,0.3056036097314663,-0.1551816810225004,0.2737916174578349,-0.3861590592449631,-0.2526729804480144,-0.30787224276470915,-0.2140731306267464,-0.15307693727060356,0.4831955154296298,-0.36562433862895494,0.00969476736532594,-0.4141002158414343,-0.08321556113256501,0.27080006249111627,-0.029341977899262562,0.042644681323568474,-0.12436063539278014,-0.18699736245409584,0.2035720043572917,-0.0910514992182601,1.6977037730956988,-0.1339112188480815,-0.19805506834306652,-0.4622290161731832,0.15770461925281018,-0.1966726427904077,1.1497183317357564,-0.5922103079439832,-0.2698209204876416
-1.5443788575656303,-0.9224656874498498,0.7548748585336365,-0.05466004149746462,0.012835322143832885,-0.4208078006859804,-0.90541058600548,-0.2482834993470127,1.914121307494026e-05,0.30982442419747114,-0.1485103942094679,0.2693592777698236,-0.3888438958390569,-0.22459171560210117,-0.34885937319480775,-0.20317830503344908,-0.13821432021205982,0.4216085537819977,-0.37402842687107196,0.04064449410447993,-0.4227000638732985,-0.07468399109019254,0.2784869122480919,-0.022415141229800043,0.039002825699777144,-0.1251810546996553,-0.23780125261321955,0.21995379668441747,-0.09646256503244818,1.732667828246604,-0.1438728398449511,-0.16286083810587157,-0.4365618274892481,0.1710931665542624,-0.1856839459478259,1.1472470815536189,-0.613705338091964,-0.26922047415972117
-1.5315852472639668,-0.9089691618785914,0.7542093761381387,-0.053688681289160274,0.013906681804886495,-0.41442553173210445,-0.908391770301322,-0.22626051916130294,0.0060389333367596,0.31788727214707313,-0.14315933749373405,0.26713996953009866,-0.3921557695247189,-0.20369488038981684,-0.4059358705720148,-0.1858766283664261,-0.11961574084112839,0.35903099070160754,-0.38023343304633905,0.06781942444160458,-0.43267773611482857,-0.06075018013528247,0.28216698466471984,-0.009192261584788638,0.03527196750355694,-0.1280194913569967,-0.2854730330433507,0.23642496599565413,-0.09705693031723175,1.7601391191388456,-0.1532886512279819,-0.12692823121991736,-0.40721765070507254,0.18269187349349317,-0.17161840034740808,1.1433461771423996,-0.6338392115175245,-0.2681163372613947
-1.5190687317231206,-0.895421508397439,0.7541333661749677,-0.05395958186708321,0.014889957127626087,-0.40764103524240464,-0.9114249497835607,-0.2025456246476987,0.010026816315932576,0.3260957269816909,-0.13692478870658295,0.2679479632000764,-0.3958252764151323,-0.18875153670340106,-0.4600370164287618,-0.1656586804322673,-0.10650073292036719,0.29670447081279905,-0.38410129716527613,0.09134395947855674,-0.4422144012088918,-0.046168677290834355,0.2796060547422322,0.009269557829486918,0.031211532922272155,-0.1313611707948857,-0.33203603548289556,0.25036468341119245,-0.09475359084632348,1.7803973069664993,-0.16170324821087287,-0.09334288620193704,-0.37599267568948386,0.19147221855974092,-0.15497430296448325,1.138170271849469,-0.6524969558823803,-0.26695505215620907
-1.5066253832738568,-0.881882510915319,0.7546408789220753,-0.05498338220597612,0.015835806634656408,-0.4003454451836572,-0.9145761747553449,-0.17683410703069882,0.012780639588674796,0.33473334334688803,-0.12979639649055663,0.27152092052208476,-0.3988112411747281,-0.17934037373601308,-0.5092156257931618,-0.14590583658083783,-0.0994041067624648,0.2354493420056291,-0.3857802437819695,0.1113919418621788,-0.4513049156380563,-0.03029067283210696,0.2716764075351066,0.03146104992246301,0.026971055277278583,-0.13545840919645163,-0.3766234990850736,0.2623317469773409,-0.08983772356450358,1.7931588782152739,-0.16927163506093182,-0.061198689626977706,-0.3430439781763801,0.19832463879500672,-0.1361933976561371,1.1308914160324157,-0.6689723982637829,-0.26575091328521366
-1.4942382577211695,-0.868543839536383,0.7556997030865376,-0.05630464282099953,0.016698557493445024,-0.39243927643406495,-0.9179010620357424,-0.14919609018660934,0.014946058704001987,0.34361658447145665,-0.1218000226188813,0.277391113857218,-0.3994515375686618,-0.17489876396628584,-0.5485464628593469,-0.1293859318310675,-0.09874650904493325,0.17649078593299913,-0.385068779319204,0.12785980259590207,-0.4593230866393801,-0.012936261540738696,0.2585301062526581,0.0551957067379651,0.022638297381407376,-0.14054397392236123,-0.41832585429918856,0.27253778142696505,-0.08286807681441256,1.7978601028700651,-0.1756522716345085,-0.030925956888876276,-0.3088604817250027,0.2039159206696931,-0.11563344733763183,1.1209151301676927,-0.6826178434609194,-0.26451039485824035
-1.4819100245731787,-0.8552939072278326,0.7573214586422673,-0.05765547044303479,0.01750932774114324,-0.3836771452727276,-0.9214993859821143,-0.11934040130322511,0.017326317207134297,0.3523701635193818,-0.11276719063377455,0.28525636525414216,-0.39670944200071473,-0.17560766885632598,-0.5732298653762133,-0.11804074147793718,-0.10611046460630999,0.12048173682606314,-0.38219933840928166,0.14018099158496583,-0.4665554204539053,0.006590118125460604,0.24201519668665233,0.07935215924349776,0.01834852516384563,-0.14646641600486907,-0.4565398984898284,0.282073661604086,-0.07264318485739828,1.794079706991911,-0.1796088362710165,-0.001148767423967808,-0.27311941541542356,0.2086690325396512,-0.09288188809781152,1.1072183132136018,-0.6933912718196437,-0.2634263359586038
-1.4694750390517353,-0.8420392070281411,0.7593947505219146,-0.05894632020750134,0.017462998196281727,-0.37439037806730746,-0.92523090082347,-0.08776875263053184,0.019771737122705645,0.35693944709406955,-0.10059558749391641,0.2952132033708593,-0.390991753451707,-0.18058334920357566,-0.581005322653222,-0.11293506647978399,-0.1176957302239944,0.0695409049655884,-0.3776688591260997,0.14921115022069725,-0.4745186387785289,0.022804010737203912,0.2266120638836801,0.09782991540278359,0.014091436808291759,-0.15081471608863123,-0.4930782909512832,0.29008739086230834,-0.05957015682839602,1.7820323371806908,-0.18074456097628944,0.026755189431467256,-0.23758483218830675,0.2117108412972755,-0.06850928572362557,1.090581246861279,-0.7016754853031844,-0.26224431968918344
-1.4569082250531011,-0.8287809687909882,0.7619820909535263,-0.06114086519944193,0.01815442122146959,-0.36446850133265857,-0.9290290216829091,-0.05498828071897603,0.020970652688117875,0.3658656675387325,-0.08902268211923922,0.30691110435142016,-0.38057889323112776,-0.1926209890302847,-0.5806900856088582,-0.10968814937228541,-0.1397704472761386,0.01824576478468174,-0.3721346369997008,0.15558373684049306,-0.48004561526883394,0.04707204780826494,0.20518865288433227,0.12351969462615428,0.009850713337628348,-0.15826160505885303,-0.5231771972729026,0.2964693844593542,-0.04277284393044616,1.7614388740719547,-0.1805149304645044,0.05456944474561551,-0.1994805367472026,0.21259382413674396,-0.04209975181052274,1.0727670359422092,-0.7073320874577905,-0.26093215117243246
-1.4443228049861139,-0.8153703675267712,0.7649461828494809,-0.06401362752898143,0.018157691213624462,-0.35494672787752696,-0.9325156160136994,-0.022599775723715892,0.020164361158823096,0.37314589828404854,-0.07597468280884097,0.3197497645354369,-0.36799036830732296,-0.20716081019181606,-0.5724328353180477,-0.10880914369998149,-0.16266484984054022,-0.027774549502901282,-0.3657384824709125,0.159667289564759,-0.48528856935242715,0.06825574374175172,0.18250615993527125,0.14520105250860607,0.005734327496945212,-0.16552932385137997,-0.5499111802938877,0.2971979966185062,-0.0266536033296913,1.7327419980206304,-0.1794751708958642,0.07436984370396611,-0.16285582516919628,0.20974592089996172,-0.01648133836220251,1.0558931780138412,-0.7102630419241098,-0.2595250302590532
-1.431698739104965,-0.8018029913398954,0.7680877887681902,-0.0677539570582269,0.01725509072299059,-0.34570048486521415,-0.9357365216293795,0.00980079079542408,0.016995916874755147,0.3787506228101464,-0.06164995667311367,0.33324075902901645,-0.35335274424421464,-0.22385374981529954,-0.5590176731238115,-0.10794986171505315,-0.18536400697313915,-0.06748784307101871,-0.35894032317417196,0.16169077553932007,-0.4911123916023723,0.08526433518545208,0.15886916257760364,0.16167666572564335,0.0018936121355405365,-0.1724425598897651,-0.5729177747715853,0.293139321595111,-0.00923392865112071,1.6955612781015468,-0.1776784224382171,0.08882712449145506,-0.12823759291553338,0.2029304980892233,0.008807037581138408,1.0404348645984518,-0.7111597841107432,-0.25773325986417167
-1.419091787873402,-0.7880701878319174,0.7715098720816944,-0.07147383468870186,0.015493778168327796,-0.33674533613633945,-0.9387513048637469,0.04210691555022366,0.013616567487578382,0.3812884946517447,-0.04589685448213518,0.3462455700046664,-0.33825593520117725,-0.24065711702642367,-0.5451582410910341,-0.10685008167430597,-0.20226794201008175,-0.09993035249841459,-0.35256228130551126,0.16151982367200932,-0.4990790172888958,0.09523757694881166,0.13955580694868913,0.16985680292096347,-0.0016588497513533207,-0.1779250780448034,-0.593365419207299,0.2858003516244431,0.008512210495536172,1.650247086109131,-0.17485022820554869,0.09794233079235577,-0.10213829566758244,0.19319821466832537,0.02823357446758889,1.0389188275014674,-0.6933854206520103,-0.2564686697196573
-1.4063344091593308,-0.7742871455881594,0.7751242940427365,-0.07567604406523636,0.013250976627757382,-0.32788127812767365,-0.9415898339650928,0.07388247773784515,0.008342191095515096,0.382913552139853,-0.02822405356553017,0.35943714235471663,-0.3205295063290264,-0.2594437507777967,-0.5277073056110506,-0.10432883872860216,-0.21960187825956146,-0.1272485940370188,-0.34625760442992193,0.16050117545435244,-0.5064153164493184,0.10285949310497376,0.11994535806602831,0.1754472953241077,-0.004990423347973519,-0.1832363053361465,-0.6096822068782304,0.2735003321875814,0.024994563893173154,1.5965303174532532,-0.1703348586120613,0.10047520854247138,-0.07421706888784897,0.18157072975485086,0.05029516312368391,1.0307798297663866,-0.680089975770861,-0.2550280010873227
-1.3932486965037643,-0.7603456803744305,0.7787933957733941,-0.07970888667172436,0.011004560818291624,-0.31946704377690327,-0.944174878381753,0.10373560150943882,0.0025078565828456725,0.3838805800006227,-0.008186440314051316,0.372235750939982,-0.300889435194601,-0.2788674569599521,-0.5083820785378051,-0.10088025239036948,-0.2348438884307826,-0.14928278077942514,-0.34066777739155,0.15964407769282388,-0.513423866163227,0.10664432131118973,0.10077345593661716,0.1782371951182805,-0.008141058355293948,-0.18808898975237628,-0.6225773559125,0.255138753341748,0.03450708972501467,1.5355689202482885,-0.16309463316756956,0.09243031211880004,-0.047205583457568735,0.16925453070373062,0.07116364214370631,1.0219569195661489,-0.6647905184318826,-0.25370061632210184
-1.3799085362138914,-0.7462997377537333,0.7825778230335778,-0.08276374239955929,0.008633025996216863,-0.3119976640572929,-0.9464317679732449,0.1310732944784034,-0.0017921252121787298,0.3823016932646376,0.012283257940585792,0.38297150416021786,-0.2826853249590818,-0.29375919275515605,-0.49604634236428374,-0.09857870074811051,-0.24074672802745967,-0.16391820948518881,-0.3369740654113347,0.15921352488525586,-0.5223796128038248,0.10522987576371551,0.08748274178217826,0.17722319910467732,-0.010845650834676052,-0.19107880821691414,-0.6339133530780446,0.2311461133562357,0.03402983630279936,1.467117977165359,-0.15186481495899182,0.07661502550318786,-0.022439005761128346,0.15723261652135112,0.08846505471904484,1.0135487779480061,-0.6468290395846802,-0.2522967598719884
-1.3661130735471747,-0.7321641900487376,0.7862750102911625,-0.0863564387849456,0.005954288540010844,-0.30450956000412815,-0.9485678888695621,0.1575741219640887,-0.008297304064094783,0.38098891384782574,0.03516712824852315,0.39310469422992617,-0.2614731334448524,-0.3095593899512722,-0.4830221453273959,-0.09501919465428692,-0.24433939221282236,-0.1729316368973804,-0.33374955168017184,0.1599446363740255,-0.5315928852550681,0.09976252296948211,0.07384044491985065,0.17439951914151294,-0.013467056845734916,-0.19433448014971938,-0.6402288309615238,0.20093126691370738,0.026598900480215428,1.3887433174976274,-0.1359277657286263,0.05084428374779626,0.000510055066878142,0.14352268295084278,0.10539595960077534,1.0071017918101899,-0.6236442223571577,-0.2505582173970941
-1.351805403912364,-0.7179861695300717,0.7897089838905453,-0.08949079454774923,0.0036348372300514685,-0.2973939510026449,-0.9505445931446675,0.1821007809041628,-0.014405544182123343,0.37937388079213463,0.05987322504014443,0.4022285973508916,-0.23891276585930232,-0.32517838418865186,-0.46951745922292076,-0.09017931469423611,-0.2453474769880943,-0.17639863714157533,-0.33144397818935034,0.1611071317662925,-0.5408921955490612,0.09069452999711956,0.06026459013230938,0.1701557767872369,-0.015765011113388232,-0.1973522756260483,-0.6425711522628661,0.16872322148434657,0.011219244484916884,1.3044926106871895,-0.1193146023958491,0.016361656073311047,0.022623988241475854,0.13053280982402005,0.12073573797715745,1.0017133052285712,-0.5961674363740668,-0.24889700908499077
-1.3365790203435337,-0.7037823502093812,0.7926368211564168,-0.09153395361888965,0.0022668863223709733,-0.29068319041971263,-0.952428306681776,0.2041110051461122,-0.018469470567009268,0.37719414876663987,0.08687785832982753,0.41037394853923825,-0.21579186768168815,-0.34033278906976555,-0.455518990077346,-0.08415953754113378,-0.24356685825132243,-0.17458789231499044,-0.3300779852673774,0.16257670159237977,-0.5502380583443395,0.07932799648663787,0.046667038436607654,0.16570543936642648,-0.01776325699136327,-0.19970428376375643,-0.6413505014832106,0.1387804047228812,-0.011496694224564584,1.219015785749014,-0.10599912816431459,-0.025471830395958257,0.045258867737579034,0.12021427223522384,0.13425836650694017,0.996345379779336,-0.5641323424908108,-0.24732815798809504
-1.3203856367183264,-0.6896176857810635,0.7949627416481535,-0.09276744555491502,0.001754674303276675,-0.28452465395625653,-0.9541681421292474,0.2231174291169388,-0.021614204688903446,0.37396365965756756,0.12007347545560072,0.4172383551998766,-0.1897482023966944,-0.35852157531965334,-0.4327965650273165,-0.07245295546701032,-0.23746720524559836,-0.16642808933918954,-0.3292009607977672,0.16417844131605192,-0.5581095349316022,0.05915778243597132,0.028133124787168923,0.16011464278215648,-0.019476918844133648,-0.20141033324386237,-0.6349742903521044,0.1083479315115768,-0.046571350896822544,1.1289737230054453,-0.09423981009167864,-0.08909299244579984,0.06906986507866733,0.1121566463815853,0.1453155437486935,0.9897795104671121,-0.5230602411904565,-0.24653452373054313
-1.3031965536992052,-0.675568526446793,0.796502851915184,-0.09192115151122329,0.002641151927574029,-0.27878563119435196,-0.9559404259999232,0.24021781092766453,-0.019516129506187436,0.3692399706900054,0.15361307083688847,0.42220844205851576,-0.16618718450648506,-0.372990126053425,-0.41235194974811995,-0.060695974819042556,-0.22584225801392852,-0.15200010849254808,-0.3303205555492508,0.16457717001423025,-0.5672882666334699,0.03965759657361828,0.010506388704115719,0.15693932907240296,-0.02077880215547007,-0.2013462032366781,-0.624924663202544,0.08344690080451327,-0.08922711567760211,1.037352770727505,-0.08664142948941242,-0.15393826730046856,0.09432316500433416,0.10854760765962163,0.15324224103429718,0.9822339701643721,-0.4799614097214912,-0.24598804112900108
-1.2851568887119145,-0.6616759865485957,0.7971402485700274,-0.08982144976736497,0.0043538124796109485,-0.27341348768408247,-0.9576837767400098,0.25495666308344467,-0.014839890427721965,0.36377503650858034,0.18742086824182863,0.4258169691873775,-0.14385501370079073,-0.3857932294491241,-0.393926421914172,-0.048566389847587536,-0.20962291365807165,-0.13289311239285037,-0.332484526189083,0.16439262267089355,-0.5773694110509394,0.021178411677499388,-0.006431576191912262,0.15659876429065533,-0.021817437622732888,-0.20042444894126782,-0.6124684353886923,0.06502135020424635,-0.13530091180913512,0.947919158960403,-0.08710289740152134,-0.21844368141128845,0.11994672431864477,0.10817919535784233,0.16015052609625832,0.9746789405542856,-0.43350103082918207,-0.24496059795842243
-1.2666910008692915,-0.6480897211527615,0.7967215769226257,-0.08666937443128207,0.006585883997843246,-0.2683693080700527,-0.959386762548692,0.26706187863592823,-0.008184330551088947,0.357861347723541,0.21940831886152126,0.4284645841248259,-0.1233230111701369,-0.39769164929126166,-0.37746085987129124,-0.0358295624273264,-0.1907569985421934,-0.11136802471307886,-0.3355298916230126,0.16370446089804963,-0.5877878826474451,0.004583876749918909,-0.02248949846436656,0.15936510219621194,-0.02255085502066384,-0.19904113226395528,-0.601193700421641,0.05489316962693563,-0.17798656693080114,0.8687537761274797,-0.09958084048947036,-0.2727402982912151,0.1446393623626646,0.11097668320047391,0.1680586790555191,0.9686113287872096,-0.38551989057096614,-0.24313936931735225
-1.2485425471820577,-0.63330834192286,0.7957337846213842,-0.08559884607102751,0.008018988401211303,-0.26370878734923875,-0.9607633469544533,0.2762256261768319,-0.005631863668828396,0.3514610970811767,0.2503731485800299,0.4292436318238267,-0.10507429691569727,-0.4080858118910396,-0.3638696380581534,-0.022595538347803597,-0.17140080957274864,-0.08820365721880484,-0.33994073424803944,0.16296542056595822,-0.5934113717765479,-0.00870691725587319,-0.044290976739940764,0.16579962933495307,-0.022815431951325425,-0.19650379083110192,-0.591693644985573,0.0437519589936847,-0.2083295236698655,0.8002873450549569,-0.11960246778524686,-0.2901783654975136,0.1663017890721977,0.10797780487822341,0.18058628841050248,0.9681023076949342,-0.33943524298053146,-0.22035989279566517
-1.2305091466285027,-0.6187571764113091,0.7939483637433342,-0.08419632327371286,0.009424721041789158,-0.259192785843374,-0.9621025171712334,0.2832475015344339,-0.003044881153198627,0.3438155329276921,0.2798152124543579,0.42885137827177583,-0.0881499833131468,-0.41711985450017147,-0.3533385821604746,-0.009695631991424144,-0.15160219762072685,-0.06405180129851552,-0.3446625328100521,0.162261126117694,-0.593412074712689,-0.01781191958708162,-0.07185394462792342,0.17608063789573297,-0.022621839017706737,-0.19311597935786984,-0.5851035995364617,0.03673941870227868,-0.23478698929457611,0.742861887017571,-0.14476773531635667,-0.2994078796548356,0.18605409091702335,0.10661524413482132,0.19793191606952593,0.9700018726652625,-0.293528677884977,-0.18503895047470345
-1.212601305997498,-0.6047202117204039,0.7914456322119675,-0.08239863409913988,0.011615177120330986,-0.25488870752452075,-0.9633832568274884,0.28791922320462887,0.0006833263351079242,0.33848508378070613,0.3028648088723407,0.42874496274820556,-0.07340349808573393,-0.422630963832155,-0.34835130503351347,-0.0012118977833936425,-0.13866018169788447,-0.041167900740135224,-0.3494610274064749,0.16226426404517375,-0.5934120748003473,-0.02115032943475372,-0.09142140619655371,0.18448556623797796,-0.022328125971355844,-0.1909457384419368,-0.5799416335606801,0.03404307430259741,-0.2547075468363438,0.6973842275254697,-0.17195735440537147,-0.30302165739949183,0.2056657595242632,0.10769792054239836,0.21675280725201615,0.9740530316620434,-0.25195650518977086,-0.15058866337973265
-1.194805434912452,-0.591202492798526,0.7889679257890072,-0.07984787017052807,0.01388690967377887,-0.2510810419457832,-0.9645671473486761,0.28930111521392193,0.006125684742781587,0.3325472218591409,0.32234544138017907,0.42772240130314176,-0.06154735067691432,-0.4270438439238767,-0.3438960382547577,0.009873008221165398,-0.12626420794652476,-0.01590490216456233,-0.35488609443079977,0.16172779510653454,-0.5934120748005665,-0.023563241683286704,-0.10903740680725854,0.195599407307398,-0.021753254507290543,-0.18834839333980868,-0.5748519928007942,0.034951409503887185,-0.2674702005199999,0.6611714310874303,-0.20434655492591391,-0.3035888371391824,0.22201598124135802,0.11100580936560225,0.2362504860403799,0.9870089985914243,-0.2234178701292176,-0.11028345213882262
-1.1769755899313492,-0.5782132849206987,0.7861569375644201,-0.07693919197610823,0.015986703130724988,-0.2477071192487992,-0.9656427751164168,0.2878489945325474,0.011638834481578382,0.32598636768226635,0.3366564713623634,0.4278942569591808,-0.05268212925147597,-0.4310989684983608,-0.3399427056313517,0.02237359892786566,-0.11633770597888614,0.010552352511293304,-0.3598523337384892,0.16080754363935748,-0.593412074800567,-0.026059513483118826,-0.12404796271678324,0.2089928883528598,-0.02085568707550581,-0.18551639627700472,-0.5712006524625798,0.03982729994941297,-0.2670451616779298,0.6374769580914383,-0.2433017317692675,-0.30127183649473055,0.23781830532442788,0.1179468693187177,0.2606824974998854,0.9971179383893539,-0.18773988844586384,-0.05967572603555431
-1.159041901647176,-0.5657560073905409,0.7828241209560735,-0.07352598706900773,0.018140369249513358,-0.24479296193975522,-0.966613294970528,0.28356979642149016,0.017732293475201798,0.31928614365915586,0.3456740077817953,0.42914003016596003,-0.04641483977843197,-0.4346180858513269,-0.3365307223630586,0.034798166302205134,-0.11008790338833371,0.0376265768507148,-0.36453247019555124,0.15951160166651182,-0.593412074800567,-0.029071813533230163,-0.13628998334207745,0.22410507311611264,-0.019682477642835018,-0.1827564192667856,-0.5696826898901811,0.04857085523207178,-0.2550024317308829,0.6276775746883085,-0.28758184695904954,-0.2979108213360099,0.25299328866785364,0.1288540688359618,0.289657688046156,1.0080897278577097,-0.1515344485979908,0.0004742203415718689
-1.1414025759114017,-0.5532824143335227,0.7790788790741903,-0.07067351068272168,0.01992762929260072,-0.24213891795168546,-0.9674589856380179,0.27670783452634634,0.022505027935926757,0.3130779523841152,0.3494668420520636,0.4312595709421369,-0.04329353432308116,-0.4371786301398945,-0.3334765997662854,0.046230127842377684,-0.10760951493037979,0.06463348107102818,-0.36926634109098116,0.15761362876098048,-0.593412074800567,-0.033116687107785425,-0.14497521086204412,0.23995611790165555,-0.018340342736418942,-0.1799540184965781,-0.5691090613432273,0.056972385387957306,-0.2374027230045339,0.6285293392732051,-0.329968834956168,-0.2947165373076404,0.2653970532678987,0.13927668116228423,0.3184163356979163,1.02409418493948,-0.1201007870197977,0.06201270544943533
-1.1241447273622358,-0.5401087546603713,0.774926803869367,-0.06956979825731846,0.02091881211810679,-0.23970098986286997,-0.9681249309509405,0.2672938579579635,0.02362168199078164,0.30810575539244595,0.3484960029290581,0.43438268315441386,-0.043677326557311325,-0.4389035401124813,-0.33039725032189254,0.05606290445222271,-0.10770637381278493,0.09095648047294919,-0.3741150438027583,0.15510495130388133,-0.593412074800567,-0.0386057253110678,-0.15015451489400344,0.25551582207732365,-0.01692710601447196,-0.1769745137946083,-0.5680384544686249,0.05981881294847276,-0.2224004427792746,0.6361341827649393,-0.36045195896101057,-0.29267852657727067,0.2725122638296914,0.14389297742181498,0.3396803830764701,1.0486209716808248,-0.09746251033979708,0.114656116263367
-1.1079885148224038,-0.5263301909836738,0.7708213215011426,-0.07072662614409564,0.020692876552891086,-0.23754610687228905,-0.9685769955579469,0.2551070357439957,0.01980133599341409,0.30406354023689136,0.3413652422440325,0.4384890850528589,-0.048872351702647344,-0.43871142442720906,-0.32658469037783855,0.06443900609274422,-0.1093278429001964,0.11565519614641637,-0.3790628035218571,0.15208570798583865,-0.593412074800567,-0.04623153505902768,-0.1487149976321462,0.26954789385067823,-0.015473561498010208,-0.1738971230489599,-0.564916473772196,0.05399337345734709,-0.21367564360654437,0.6465395229768288,-0.3689287225723267,-0.2899617824674985,0.27193740020210255,0.13935830032575403,0.3479670559230615,1.0834618478885492,-0.08726696597517615,0.15276740234081648
-1.0934017064372592,-0.5123362706912027,0.7673513885478467,-0.07384037496601807,0.018784756516782013,-0.23581226715895892,-0.968807156561529,0.24047863054525023,0.010604447193316323,0.2980277200445336,0.32793492551042097,0.4447159671152594,-0.0603701092437359,-0.4360744204926788,-0.3191689463916753,0.07348573205168724,-0.11303336857548275,0.14055557719060843,-0.3833287210726215,0.14706102972361323,-0.593412074800567,-0.06216464866574715,-0.13563272630601933,0.2878284752192949,-0.013943442019961904,-0.16922513012182283,-0.5601780055183335,0.04070138206755849,-0.2076426602338265,0.6585253384768578,-0.35457356376376276,-0.28559598618784127,0.26278119106724035,0.12611085527440455,0.3447627210383735,1.1274351915029315,-0.0891131664119033,0.18050859575522962
-1.0786120660715215,-0.49795638908172163,0.770010158456798,-0.07905493064027551,0.018409377364007426,-0.23431549467505203,-0.9687660510782347,0.22250434285004192,-0.0009335815253108757,0.3017751001721622,0.3060585657495967,0.4496904436195981,-0.07746456188439166,-0.4250340138084146,-0.31524840116355557,0.08469063950362171,-0.11902451332419825,0.16203845625734756,-0.3878287989365459,0.14496393484787906,-0.5904207374437791,-0.06818742833259922,-0.10899579124653555,0.2974170174749082,-0.011841003168031019,-0.16877618068184483,-0.5598670988504434,0.019555705112660585,-0.20829701058070232,0.6925176869818225,-0.3042272429027238,-0.28400528237963574,0.2542952249755793,0.10500439088428869,0.3335488633555842,1.1713085954600087,-0.09771894744544309,0.19195602047682117
-1.063235760697285,-0.4833928761250714,0.7706737469162263,-0.08459892550697834,0.017217082900275044,-0.2335566848702462,-0.968502900776188,0.20296688963758525,-0.014834041139842878,0.3016371466046432,0.28264636930856846,0.45944616989322523,-0.0956476958635782,-0.42026371017329267,-0.30899380538666654,0.09441822219942471,-0.12506710292993917,0.18338591873264637,-0.38950089930312143,0.1392484073617718,-0.5833563728323631,-0.08051060713698135,-0.09014448577077251,0.3118533993120907,-0.009728032895643174,-0.16542265882701634,-0.551269223542057,0.0006575965967035133,-0.2018270966746027,0.7145542917401424,-0.27388498854163984,-0.28278856782931755,0.23838183183013273,0.08214053590571548,0.3188164132797895,1.225929481597138,-0.11063645228776198,0.20136355664797428
-1.048056019046065,-0.46927843561343996,0.7700907764757108,-0.09018215266067066,0.015923752702704408,-0.23285958572503548,-0.9681890449583263,0.18199421617751863,-0.029312209601292855,0.2998549804817711,0.2564755683225515,0.4700955313530708,-0.11501160092805306,-0.4150609190171992,-0.302320945357884,0.09765424552605997,-0.12616722573577305,0.20297792504435383,-0.3894735866229873,0.13112915147924856,-0.5647291883740925,-0.09737803976558107,-0.08814577120737034,0.3276996362491852,-0.0073616701516083455,-0.1594238604019954,-0.5482242926953506,-0.017399668444749383,-0.19395169779684854,0.7488778643647792,-0.2651039513647062,-0.28203004116019953,0.2162798015823733,0.057382216880209155,0.30321471778960873,1.2881828813905125,-0.1264001807754836,0.20251763304374062
-1.0334111417996592,-0.455526885533744,0.768437062994514,-0.09631412286788466,0.014394531469053583,-0.23234565098702528,-0.967745775329137,0.15956827002087481,-0.045427537819288454,0.2968013476503179,0.22656068086318376,0.48172401632470047,-0.13765651096573717,-0.4077707214586098,-0.2964824786366135,0.09397544676054685,-0.12017382930181318,0.22186259466721303,-0.3880398553043353,0.12077599480329167,-0.5368596920754941,-0.11656071733889242,-0.09836856736684578,0.342762020543943,-0.004679563291896424,-0.15131718852124482,-0.5487694331278381,-0.032901018081975195,-0.17888674198276563,0.7919718213531749,-0.26502873391694576,-0.2733020056641309,0.18859905188155932,0.028099287185165297,0.2852544980781361,1.3571708218157008,-0.14679867677489955,0.1929617602707372
-1.018600594417798,-0.44162243363333603,0.7658533752767818,-0.10282337884380235,0.013141242138203436,-0.23199955573831224,-0.9671767504729608,0.13605600045532504,-0.06249237551601142,0.2954038309288787,0.19273207908877996,0.4943280712640108,-0.16313154426476736,-0.40033307639588717,-0.29359000007315383,0.08594878822032043,-0.11204537926340694,0.24081079875627054,-0.38524624773458727,0.10877708462378739,-0.505775435467972,-0.13002168543855064,-0.11184866948891738,0.35229477459702263,-0.0016005217239598417,-0.14378500772428107,-0.5517590201280562,-0.05286439546442835,-0.1694681691691837,0.8430906405412395,-0.29568598330616486,-0.27340863814239547,0.15806677841242545,-0.0041471462601637855,0.26726468771502065,1.4285118835158794,-0.16742490133636667,0.17522926420672047
-1.0040766042202525,-0.4282882598166173,0.762816582016592,-0.10863301966492947,0.011891654210886834,-0.23185695468369064,-0.9665918519020394,0.11150838959164318,-0.0784443857860956,0.2946411847475652,0.15403720005739371,0.5073736635980822,-0.1908243137065126,-0.3921034965733443,-0.2944439569026102,0.07720389195597928,-0.10636351208457566,0.2584910111986268,-0.38110614336728776,0.09689442627674492,-0.4725149586783597,-0.1329326321044975,-0.12265328966694815,0.351539616541077,0.0018842323445114155,-0.13763512755266127,-0.5516190068895046,-0.07075370723451672,-0.1606263045131756,0.8867325259678236,-0.3261267199664248,-0.2735444361946976,0.12345806124578826,-0.03514164961383187,0.25222349495673796,1.4988691906982525,-0.1851484692784308,0.15403781992494361
-0.9899378525715136,-0.4159599639939723,0.7596982058666214,-0.11390416861695592,0.010309785493677908,-0.23236759888438108,-0.9658803485336386,0.08456124692280247,-0.09374127910806294,0.29435424738418237,0.11108192675988457,0.5211637816996972,-0.21973089586507527,-0.3830422502232727,-0.29871333966503993,0.07043766319590736,-0.10328597164778211,0.27417982421587855,-0.37504255475795395,0.08511160545271454,-0.43585066418768187,-0.12357827827909094,-0.13033726066864065,0.34381886336045386,0.0056832254308490275,-0.13282355991426195,-0.5482741377390217,-0.08648712423766207,-0.15277797492634926,0.9210514609532471,-0.35587572823820013,-0.2743718943050213,0.08362554012043566,-0.06454216291189319,0.24042045534244794,1.568330476540077,-0.20066977817531625,0.1309320212385123
-0.9758056369322331,-0.40486293744930313,0.7564325974520433,-0.11897711579743432,0.008088786156705323,-0.2333396181400068,-0.9650552523360058,0.05625999858757904,-0.10960451073241465,0.2925538935293289,0.06311287580142842,0.5370686879396414,-0.2529890383182084,-0.37081695659215774,-0.3090128568366984,0.06266315870630977,-0.09709840266387108,0.28935806188151597,-0.3657868817696989,0.07343893142903918,-0.3919023793838743,-0.09519394894302509,-0.14437088340187323,0.3263643286216155,0.009417051184086554,-0.12730968329928677,-0.5437222679831232,-0.10062867980889788,-0.14518393222598985,0.9501301054033486,-0.388026154313244,-0.2746268503312485,0.037771805148671254,-0.09436162371176093,0.23068295401805897,1.638415854813528,-0.21704900225515417,0.10232161224443623
-0.9614259525275212,-0.39486966442366306,0.7533428428762748,-0.12298453851241986,0.006233237446081024,-0.23394619254471527,-0.9644195814227643,0.028145856111854432,-0.1236327028732975,0.2912307599754089,0.011125967317698677,0.552033645710812,-0.28890239080041735,-0.3593214086511681,-0.321787391746014,0.05883610699563656,-0.09220127991525359,0.30324074367054077,-0.35578105411077393,0.06321494792615279,-0.34641435508487234,-0.059324382999506466,-0.15228734818420844,0.2979751164099737,0.013637390749380257,-0.12308496901857745,-0.536477574412724,-0.11144536368495903,-0.13824489339697327,0.975272357419668,-0.4205219506675141,-0.273595324318678,-0.011422238432524129,-0.12143989586798073,0.22500410559138873,1.7059096143856207,-0.23248064425102813,0.07227714290357941
-0.9468780720763208,-0.3857570133965065,0.7506726450105479,-0.1251544521720714,0.005266024021186485,-0.23338075340246878,-0.9642831824904,0.0020552290197292985,-0.133789362631878,0.29099600150208,-0.043335874475440996,0.5646268183408846,-0.32565568257141514,-0.35079112090183695,-0.3325036418180134,0.05870519115861056,-0.09124469211557949,0.31577729617506994,-0.34725105902571085,0.05635455890834652,-0.3027642394971152,-0.032938795633885964,-0.14952606127755066,0.2632711673851183,0.01830507099920644,-0.12074628442675994,-0.5258366215910123,-0.11739740841795562,-0.1319955931110145,0.9975513067061106,-0.4525179232649534,-0.271175452109196,-0.062119175642900176,-0.1427122688257614,0.2243218232488449,1.7673141909807277,-0.24532766835659345,0.04443109027414308
-0.9321672333931199,-0.3771526448443405,0.7483985915604248,-0.12482068246138041,0.005438952861523113,-0.23090154157477724,-0.9649221176447547,-0.02052537777264549,-0.13794211838055814,0.2927002670506025,-0.10129203849433793,0.5756656713623683,-0.3660314472491071,-0.34473813367720973,-0.3484395251894786,0.05909531785704001,-0.09055580446358119,0.3276610188856762,-0.3412130513859186,0.05851661939767805,-0.2602040963759826,0.0019355682641740164,-0.1459592899793756,0.19048590765185558,0.02278074940790686,-0.12013564891217743,-0.511311128917296,-0.11645862115654448,-0.1262022604696144,1.0181745967751057,-0.4869332955367857,-0.26851830530636983,-0.11453166113149886,-0.1560716202186489,0.22913260205117852,1.8218678880972368,-0.2548060628141197,0.01853349325539036
-0.9169206492834464,-0.36854035283098385,0.7465220968443403,-0.12243954885677279,0.006656696651549706,-0.2271956210144082,-0.9660985431400451,-0.042514464253552264,-0.13659961818884098,0.29724354778325146,-0.15871988929258712,0.5840073086897679,-0.4039576293420761,-0.34389237838221887,-0.36454881873540007,0.059012468522214055,-0.09363764533127401,0.3380908151228797,-0.33929644117051544,0.0684957563690815,-0.22064873445769848,0.0334353638906768,-0.13778961723925176,0.09763075055981177,0.027375490588451134,-0.12199093446822576,-0.49273660613508047,-0.10971795591508617,-0.12169670998365045,1.0364804467418949,-0.5224428313913954,-0.26793295647279003,-0.16819980640376797,-0.16193468803831454,0.2379328461381474,1.8700092111812496,-0.260824748040655,-0.0031553214864602766
-0.9013331171526535,-0.3601226967812202,0.7453941237912056,-0.11905985054553928,0.008488599780749962,-0.22304197106972296,-0.9674735008273714,-0.06497642918071714,-0.13227444145316847,0.3036933235813219,-0.2166668211426934,0.5898310619037904,-0.43939467928513476,-0.34660422720833356,-0.37982643424974166,0.059014099102298545,-0.09953130766385974,0.3477912090087686,-0.3403579480000488,0.08400607532860573,-0.18401689973495147,0.053359338877555416,-0.12551195528700423,-0.004627105564750742,0.03193675730492886,-0.1255660430884695,-0.47062446862080015,-0.09986628584201834,-0.11822740910821104,1.0506683657499072,-0.5564423632102025,-0.26865744019594645,-0.2227671999705658,-0.16322279415741922,0.24707919634206107,1.9114553697958139,-0.2644761384497526,-0.02340773150034141
-0.8853829894680638,-0.3521662077205706,0.7450628554304428,-0.11577227241034219,0.010523102188674003,-0.21927738428488855,-0.9687122761699934,-0.08898977511796392,-0.1277612471134139,0.31072470953635595,-0.27494085167711146,0.5933025407304704,-0.471797037183094,-0.3523524611312279,-0.391961841574036,0.059818684395537586,-0.10646870601041951,0.35899998553068296,-0.34304733782607005,0.10060403977911891,-0.15220774182569577,0.047406094089742196,-0.11174314253123392,-0.098541013618384,0.03654390374165143,-0.13004265637038456,-0.4456131920565234,-0.08985862816602395,-0.11554556907284054,1.0593626816551993,-0.5862018245621619,-0.26931716189314303,-0.2769494295582941,-0.1633234707014232,0.25291370997369894,1.9453376561848608,-0.26648575596977064,-0.04361206159686877
-0.8696609941918397,-0.3449763677247861,0.7452708648701453,-0.1127641659552839,0.012410382904067645,-0.2159153212728037,-0.9697993603381296,-0.11405174463638146,-0.12370230507006016,0.31661572708565117,-0.33582854771395254,0.5947440437060395,-0.5035180676019173,-0.36019176922581153,-0.3980535914581152,0.06294342527392782,-0.11278921268594654,0.37371763308252753,-0.3467034161145912,0.11425660237009665,-0.12704065950539462,-0.004662623690688976,-0.10279925077196245,-0.1714553224542414,0.041458351409891035,-0.13469762545902242,-0.418632473758297,-0.08020990034017382,-0.11294530204658922,1.062478705014049,-0.6124214867978413,-0.26920717143559086,-0.3320834630643479,-0.16279500685703394,0.25507492525549197,1.9719326220451352,-0.26629814505024446,-0.06377099319226066
-0.8538828087968273,-0.33854586924577923,0.7459466955356445,-0.10950418199103777,0.014094734216231067,-0.21264825562936376,-0.9708712025658381,-0.13939046977217096,-0.11914611587790348,0.32056546589821433,-0.39854262753501213,0.5944338241215038,-0.5354194163900878,-0.3701922139013609,-0.3980890920181149,0.06748655240019613,-0.11810229398007192,0.3931956256443687,-0.35184815601198344,0.1243020020295174,-0.10866288323978195,-0.10296139764569408,-0.10238659208037666,-0.22273309698558566,0.0467110485147272,-0.13904080851779602,-0.38994468104237506,-0.06956066728437107,-0.11052172566398123,1.060772510116345,-0.6362040643684154,-0.26869131018011333,-0.38830314873959904,-0.1603824261561519,0.25407330854052596,1.9909024284737378,-0.2634967507017886,-0.0821521918643765
-0.8378095739235388,-0.33288015055065867,0.7470446522436398,-0.10599216015892367,0.015490083064221647,-0.20987557572852633,-0.9718425603070329,-0.16582448939573535,-0.11451157205359347,0.32235902565956315,-0.4594687056959504,0.5917685641713655,-0.5644866794075154,-0.38213620111595176,-0.3951423165188686,0.07041588509435041,-0.12217751184279006,0.41657175984613026,-0.3586516363959328,0.13169653146920746,-0.09569239959408324,-0.22530067493167785,-0.1082408532635556,-0.256883432310897,0.05200365868101538,-0.1426374721786142,-0.36014132083121764,-0.05817796187023786,-0.10899574850470642,1.0547670220509269,-0.6571058777956406,-0.26783541202213523,-0.4437623030289227,-0.1571528227927144,0.24846925776185871,2.0015362535462744,-0.2591868266914062,-0.09918959830003082
-0.8215407908881187,-0.3278443097140178,0.7484482835479301,-0.1022462367563596,0.016547277834599947,-0.2079904530883244,-0.9726314132751115,-0.19411574514245433,-0.11006758524372247,0.32207527343650966,-0.515700029031245,0.5861037720871267,-0.587885910703339,-0.3948164854554596,-0.3934350707643701,0.06842978091100767,-0.12542135589839506,0.44192949370029244,-0.3669814716823081,0.13755304148350106,-0.08568678229974473,-0.34136189747208395,-0.11553980607521064,-0.281327909946343,0.0570358772537422,-0.14525071804094644,-0.3299280172021794,-0.0463911212478556,-0.10907550371747067,1.0451302247169216,-0.6750335146761162,-0.26706647271579304,-0.4963159572387488,-0.15445813621121746,0.23708025019341827,2.0032706935411286,-0.2544500902542534,-0.11586731164932403
-0.8050089119895242,-0.3232927774056724,0.7502945814255896,-0.09826700722072472,0.01734387749523331,-0.20730767220012747,-0.9731733217943642,-0.22456980523151876,-0.10601128527680297,0.3199510997772295,-0.5680212950856119,0.5778001064636474,-0.6058536203202121,-0.406884898106199,-0.3955881309862509,0.06010757132889418,-0.13046163336014796,0.4685436788585233,-0.37618076126016425,0.14288103254394713,-0.07724176895591386,-0.4317448171679945,-0.11903782283250895,-0.3024749086808526,0.061779979328636894,-0.14717519885728034,-0.298749571024867,-0.03443122443459325,-0.11106821900644488,1.030781430359269,-0.6903044415816818,-0.2647015893193919,-0.5448698498366401,-0.15345026968444408,0.2186556911736876,1.9952958500323428,-0.24842861842353972,-0.13205767530090765
-0.787938645236066,-0.3188923770112906,0.7528423210878032,-0.09424553935076814,0.017920760234938566,-0.20753601180644146,-0.9735119046362821,-0.25671325847783016,-0.10256665792735575,0.31608693278487193,-0.6160486260891854,0.5671073807459662,-0.6194612841474608,-0.4196525254480013,-0.40026340002599836,0.048562578737767634,-0.13636309697759874,0.4965801033606524,-0.3851728359083688,0.14685131776605304,-0.06909841082448677,-0.4838001418706557,-0.11674219536173132,-0.31922867727253396,0.06631195107885964,-0.14843653918946068,-0.2659933320155441,-0.02245179391428008,-0.11441935844412915,1.01116469664557,-0.701875877847056,-0.26209274018802503,-0.5893195948109715,-0.15393490450641928,0.19451781748438984,1.977727744232893,-0.24058593757757066,-0.14614631851326768
-0.7706320985477033,-0.31490793064872635,0.755907537350037,-0.0899895393206902,0.018444061598493395,-0.20816170779489854,-0.9737712271434765,-0.28905230743592625,-0.09860614510594763,0.31152759447617495,-0.6615104784137824,0.554051403692304,-0.629909840164471,-0.4314455940264975,-0.40755684888173854,0.03444266705073765,-0.14322092576863327,0.5251764202975493,-0.39386876187020997,0.15070200576085954,-0.06293305025698509,-0.5269626933526845,-0.11244617578246113,-0.3365177955678971,0.07053196796538103,-0.14938636490274085,-0.23274295790135788,-0.009817128523408821,-0.11887010153837578,0.9890483864056331,-0.7096363100581303,-0.259849733935969,-0.6293440860080552,-0.15476199731266888,0.16577078327243763,1.951573746143532,-0.23217285368272814,-0.16001914935340303
-0.752787056195343,-0.3107697890884249,0.7595436083717676,-0.08619406706972434,0.018902950583249537,-0.2084270115311973,-0.9740489936986748,-0.32052949336446857,-0.09512994147125806,0.30598439327618093,-0.6999893611780316,0.539216351456154,-0.636429166498053,-0.4449184676083422,-0.4130522277723194,0.02271614025888899,-0.14634672466194446,0.5536785195982691,-0.4014937250926197,0.1521579367350664,-0.05556923996918581,-0.5492491788733862,-0.10829629690276456,-0.34741090550864034,0.07420738156409283,-0.14944769641925865,-0.19901826609210285,0.0018521826856531007,-0.12354032505416614,0.9659787687896517,-0.7113006509247832,-0.25835800544278675,-0.6636035861016526,-0.15453204525916292,0.1374353882314026,1.9179322040410538,-0.22487642628023585,-0.17050523818583377
-0.7345004512578905,-0.306652189436993,0.7637572994438669,-0.08250319263445505,0.019504212695618802,-0.2086178291965389,-0.974315867793176,-0.35090576722285977,-0.09150344349188255,0.30065778121781955,-0.735361964768775,0.5222686366703764,-0.6416760627722355,-0.4573824475426986,-0.42035114839054205,0.010369840878165336,-0.1488636941936421,0.5818234149918703,-0.40847837421853683,0.15169459495928028,-0.04881633499187931,-0.5685041957590015,-0.10446338710625844,-0.3571076724001182,0.07771643913851561,-0.1491008591563968,-0.16872316503096907,0.012737861199183667,-0.12988723653057702,0.9514226786609824,-0.6981465213258023,-0.25990342561563673,-0.691769427971783,-0.15462180142547202,0.10690515691488739,1.8763961926792807,-0.21716043479160416,-0.18361602969359767
-0.7157469628277764,-0.30295195785937784,0.7683115617638044,-0.07867899954427585,0.02007854948780219,-0.20900851309513352,-0.974536766025243,-0.38093091008247526,-0.08744161509638317,0.2947286116921722,-0.7666511222578636,0.5032603790744623,-0.6443914168759918,-0.46935471571163273,-0.4294013531070695,-0.0018631331032526966,-0.15029197393705734,0.6099165870279888,-0.41466580536600256,0.1497100273557936,-0.04256976421110525,-0.582123028829209,-0.10110196485103427,-0.36413926637971483,0.08086264424482016,-0.14821667728420335,-0.136107553821376,0.024197238785384562,-0.13774562467287094,0.9312160358822041,-0.6830386533152523,-0.26040213596418105,-0.7143348601174154,-0.154463256505754,0.07363856636920087,1.8270322083726351,-0.20872059453166747,-0.19755585820760654
-0.6968023394437138,-0.29949065211645187,0.7730638100891998,-0.07495604036103189,0.020605319749748264,-0.2091751788958997,-0.9747834412551714,-0.4095327230841932,-0.08320327896373228,0.2885115929210483,-0.794467914194798,0.48253061637708816,-0.6453940373526571,-0.4802704940742324,-0.43931452277997507,-0.013674744792463285,-0.1501831743171705,0.637645338751281,-0.4196685537299043,0.1454869616098221,-0.03711877845559103,-0.5903371114442585,-0.09826857477307754,-0.3685750727073233,0.08378238956085254,-0.1470967310557148,-0.10398051663318776,0.03549239089739633,-0.14637432280155777,0.9107329749813582,-0.6636286195664709,-0.2606936214741909,-0.7316318591469042,-0.15347606579535733,0.03964631571650125,1.7707188107937153,-0.2007398122051545,-0.21025211943696398
-0.6776837907064827,-0.29603234306038867,0.7779238836390884,-0.07144626151021008,0.02097843375705227,-0.20876654013511847,-0.9751265911425692,-0.4355949388401373,-0.07877089036600303,0.2820472852738552,-0.818934815895384,0.46086733847250744,-0.6461318961175714,-0.4898126935752191,-0.4485582640143055,-0.025249605973099675,-0.14806006955977855,0.6649903920919078,-0.4228711112302311,0.13830309240228425,-0.03271496865655266,-0.5951493390540874,-0.09555561942939868,-0.3713354981329722,0.0865210151311675,-0.14601841107517696,-0.0739286221487637,0.04606241093394475,-0.1554029434736049,0.8926413726205512,-0.6385559141689534,-0.2612842232048186,-0.7440053096918183,-0.15100358010329992,0.006640163978164601,1.7082674996477591,-0.1940501870385737,-0.21893543560682494
-0.6583652849694048,-0.2930188788119432,0.7827771740496128,-0.06805074179771238,0.02111188834398974,-0.2077059445590789,-0.9755929608736177,-0.4589662791794194,-0.07414503423443022,0.2752601428025614,-0.8396165005797677,0.43939058388291674,-0.6466849208997378,-0.4985843624285055,-0.45599866809448,-0.03599216689981044,-0.1433524649035046,0.6915453857212701,-0.42344007860522026,0.12842737305865448,-0.029660816711419822,-0.5979335787870136,-0.09244717296639614,-0.3725816607019899,0.08898576060207174,-0.14504438065556985,-0.046602758883261985,0.056106582995241135,-0.1651155429077522,0.8777996448732366,-0.6071260068405246,-0.262129802607288,-0.7515175131400329,-0.14619215802882393,-0.025520059694828023,1.638369284361517,-0.18759220165518592,-0.22249414622209254
-0.6389362511676026,-0.29019489963026773,0.7875071577739317,-0.06481645006685906,0.021019508844312196,-0.2061268399166602,-0.9761499546251309,-0.4800617040031305,-0.06959408506548825,0.2680381559990227,-0.856408131465918,0.4179893443693585,-0.6472185261513735,-0.5067798184526398,-0.4612977441699116,-0.045590464396944676,-0.1360411525575829,0.7170255060312392,-0.42164163900546103,0.11580360581850045,-0.02764498401918269,-0.5988812094885523,-0.08906205846510608,-0.37225955874824446,0.0911381061859111,-0.14401822072156678,-0.021609053907593326,0.06531796556493934,-0.1756087985875821,0.8659100080680637,-0.5697713015427333,-0.2636445647670549,-0.7542083894968289,-0.1392606990818986,-0.05669973159650027,1.5607209691528174,-0.18112213472868044,-0.22178474338097917
-0.6194756314444531,-0.2873088075716556,0.7919902286115333,-0.062037204459965634,0.020802008304329836,-0.2040128289825349,-0.9767791087670955,-0.4984451128141048,-0.06559772831698932,0.26060438155417337,-0.8691187294388247,0.39677693077675985,-0.6478526982265235,-0.514254507180921,-0.46391041944355027,-0.054384982737029054,-0.12613523410923766,0.7412439856294851,-0.417709517093246,0.10102129048952925,-0.026474821300448346,-0.5985319370633103,-0.08544370133848025,-0.37072986005399555,0.09295045486446911,-0.14293834037513012,0.0014233344697601106,0.07285013946900916,-0.18638244682677274,0.8569107200248007,-0.5277911455201731,-0.2652361889972739,-0.7529604732225885,-0.13090245700519845,-0.08621303904065145,1.4783530463181316,-0.17653707712922614,-0.21713764207953032
-0.5999653804671866,-0.2842534844144974,0.7959776917500088,-0.06003821007373113,0.02059385195593297,-0.20131519645371504,-0.9774679014011463,-0.513676046604912,-0.06274616673570896,0.2532773337013101,-0.8774173199350446,0.3760898654346872,-0.6484452612138127,-0.5210564431741372,-0.4629590787306623,-0.06324203161586825,-0.11350102399875235,0.7640654921030445,-0.4118371170777587,0.08505447047250257,-0.02616993027859407,-0.5976159012741378,-0.08147880850373165,-0.36857217354307503,0.09437172862876807,-0.14187892013494105,0.022878785128254815,0.07790499407162126,-0.1966963122366685,0.8508345550940629,-0.482663288638605,-0.2660085884490708,-0.7490465619447564,-0.12196373538704132,-0.11345645440775672,1.395512507511273,-0.1756490529096196,-0.20887561947065203
-0.5804432776064433,-0.28096376421817154,0.7993878045458248,-0.05890189657592861,0.020385300903535703,-0.19794505405497562,-0.9782294013481719,-0.5258259780130143,-0.061191924511376845,0.24628073136877063,-0.8803322484315302,0.35635451575163496,-0.6487075048066049,-0.5277065213862496,-0.4568528400570506,-0.07300269518287492,-0.09768625784979232,0.784776904392764,-0.4039248523704839,0.06833079084548237,-0.026536721598366234,-0.5970514923608624,-0.07684202158027104,-0.36639595190176794,0.09534782440501334,-0.1410370555675507,0.042853996106953514,0.08004571530486765,-0.206138024474643,0.8472156110396348,-0.4339663055878645,-0.26575312764710296,-0.7427681346813144,-0.11227706178511165,-0.13794206914039295,1.311661486644096,-0.17717154200264268,-0.19687971896994294
-0.5608404135211369,-0.27744207829803297,0.8020369668276339,-0.058161935638744666,0.020210453157865432,-0.19405350065215327,-0.979056671347758,-0.5350841311478399,-0.059713579330661584,0.24019756683595492,-0.8778473125279915,0.33670272166592974,-0.6493067541671836,-0.5320095614780298,-0.43866282845081406,-0.08829900970597593,-0.06855622054386008,0.8046032792434152,-0.3930540184153523,0.047432445173416785,-0.029935986881055702,-0.5970811617058318,-0.06778905949066218,-0.36175094820407006,0.09556287044084621,-0.14056892849202687,0.06145154527508546,0.08021214105080894,-0.21535637001790933,0.8453530762475545,-0.376527462674524,-0.2657527338176832,-0.7330949821608069,-0.10149506677074335,-0.16071676258995263,1.2243830489252998,-0.1807125638550793,-0.17869064991373668
-0.5412159879659874,-0.273770247706856,0.8036873378701067,-0.05880857423946763,0.020214409581865905,-0.18946444541684457,-0.9799164011098417,-0.541662748191536,-0.061225669507430386,0.23363595004594004,-0.8714518311075501,0.3204017837476124,-0.6500004836903202,-0.537090632250405,-0.4150149458181818,-0.10440733773438463,-0.03972653879114358,0.8213362339315251,-0.3817190092851194,0.029114126687192543,-0.03297457539713429,-0.5978632989828596,-0.05878815678032387,-0.3579461972786997,0.09570330992093505,-0.14005348864932218,0.07907690876398085,0.07671702787099932,-0.2235346193851112,0.8470242375538033,-0.32234350817447466,-0.26611998260407727,-0.7222272293648526,-0.09168662370794585,-0.1802476964212259,1.1402977663162295,-0.18833271882172822,-0.15894739047304252
-0.5212521393250006,-0.2698611283089239,0.8042634172792082,-0.06042302245563396,0.020668209126567767,-0.18454055039602849,-0.9807480149092103,-0.5456470419431065,-0.06459765240877678,0.2274594272644599,-0.8623283956646933,0.3062928560523362,-0.6509709752284905,-0.5419337832185562,-0.38942874484396867,-0.1216772633530413,-0.01360420363662744,0.8360096364245365,-0.3697388391592377,0.01188389244784084,-0.035940675671945324,-0.5983698859599376,-0.049419410814337095,-0.3544103124262047,0.095673015776522,-0.13940321929903532,0.09640556146146025,0.07072661035698423,-0.2314829536578762,0.8517853745334761,-0.26977350116753673,-0.26741045670659847,-0.7105184334891109,-0.08425912869608794,-0.19930705715010794,1.0649179805273228,-0.20228778514284357,-0.14004075975652844
-0.5009908861992584,-0.2656534694617178,0.804643336950725,-0.06352328284241095,0.021647508636610056,-0.17912531207180468,-0.9815346659603668,-0.54710507709768,-0.07102665777256328,0.22098349930593333,-0.8494218753821078,0.29544175439663756,-0.6518812156391169,-0.5486302945255608,-0.3732257761905158,-0.1348678292412721,0.0005305538342286944,0.8468901141594128,-0.35814621128678126,-0.0015646370254967156,-0.03560243913540163,-0.5979895675205743,-0.04206163272626087,-0.3522101476416867,0.09565143104843367,-0.13856125160110366,0.11286300169746293,0.061266886384709604,-0.23885218388305784,0.8654047172637774,-0.2330194029961509,-0.2688974191107487,-0.6988255953974645,-0.08011180916734548,-0.21789064557375673,1.0011670975424627,-0.21975460517377868,-0.12571793851122515
-0.4806518791403841,-0.26113595496238257,0.804925169947187,-0.06727248050320325,0.02322377725356126,-0.1734054620754314,-0.982275732805931,-0.5463113864093131,-0.07828628304042598,0.21608761000208965,-0.8323743582667993,0.28596878004316895,-0.6525617712926491,-0.5544283000260147,-0.3557118484385741,-0.14917350597544796,0.013416573217864353,0.8551624256834374,-0.34566246467281075,-0.016205429124681404,-0.035630059821436876,-0.5964125615633058,-0.03248091281082505,-0.34850616183956484,0.09516664933177563,-0.1380219257769797,0.12919616135763767,0.04938436627236275,-0.2467367745076593,0.8793504074041428,-0.1919982243661728,-0.27045659338223066,-0.6856674960229578,-0.07804612353429564,-0.23813414356226673,0.9459526054724606,-0.24130855802608014,-0.11188298835703311
-0.4603979406989895,-0.25639562058808085,0.8048943714024575,-0.07154262466889645,0.025110372850227165,-0.16727606914029455,-0.9829902536260361,-0.5431188989908854,-0.08643412746489655,0.21238198865015975,-0.8134107421582965,0.2786345168870132,-0.6529875252412316,-0.5593223285688301,-0.33837710962646994,-0.16408720388330264,0.023692598899246894,0.8608245835526253,-0.3332576173925441,-0.030574887365174885,-0.03620715087769504,-0.5937971292737725,-0.021101723153887846,-0.3434674678935776,0.09440489110169234,-0.13780377836721833,0.14426718549978923,0.03567971134531317,-0.2535421058195716,0.8959422163532768,-0.1514699870098607,-0.27213034131677005,-0.672253523466578,-0.07759102583546093,-0.2593930677896053,0.9003136275222247,-0.2660173457818843,-0.1003479792917057
-0.44012280102061596,-0.25175662584709757,0.8044779410053736,-0.07576464622580648,0.02697900473340577,-0.1607364841952165,-0.983715220139667,-0.537394306982523,-0.09427412709456012,0.209905154000632,-0.7940089097260322,0.2735467618746788,-0.6527023029373406,-0.5632272603129099,-0.32291627461542965,-0.17914423295689724,0.030187684749240534,0.8638956744333794,-0.32129378203959696,-0.043609877459675664,-0.037357475947018104,-0.590972900216885,-0.008215470065166347,-0.3377757943858929,0.09351014015564278,-0.13783236002070365,0.15672313724582695,0.021707891235322064,-0.2573706581108852,0.9158398629941066,-0.11240905513274078,-0.2718947688734115,-0.659147949687048,-0.07792027086627505,-0.28167360319168555,0.8646081176155362,-0.2924465265011113,-0.09234134768634401
-0.42019111694570543,-0.24681193549270442,0.8036894010079519,-0.08047141829361079,0.02877352912418919,-0.1535736791752517,-0.9844346397420859,-0.5287078544619185,-0.10253229479647749,0.20830300514740932,-0.7747733662614755,0.27014788545620255,-0.65095866603911,-0.5653971414838938,-0.3111848902868783,-0.1930162596012599,0.03168038989335738,0.8641314444908923,-0.31020548268749176,-0.055030652143653234,-0.03934080703946434,-0.5888493893534056,0.005126648212738421,-0.3322696199801723,0.09248758087771788,-0.13816877615402817,0.16618064185908804,0.0057485517221018525,-0.2578071135571346,0.939232328971042,-0.07373086030303945,-0.27089843324154805,-0.6468444137872331,-0.08141363414883589,-0.30676332931136285,0.842102312247594,-0.3220687247621933,-0.0924149126944764
-0.400376037112827,-0.24190576768469885,0.8024294423602227,-0.08545915040051096,0.030508577632717564,-0.14582161725523368,-0.9851406073473566,-0.5173332664056111,-0.11086857607060333,0.20746163959331904,-0.7547062574464984,0.2685409976297528,-0.6472453659694986,-0.5666688148829345,-0.3039175204561948,-0.2052963661872367,0.02815705506800717,0.8620374151353019,-0.2998908942463429,-0.06439833679389209,-0.04213529769043147,-0.5879084844905842,0.018484775672184976,-0.32743318403716803,0.09132470993711843,-0.13867635387600244,0.17264684809460118,-0.011437263055186726,-0.25526177361234514,0.9665061593048752,-0.03622943943415325,-0.2693796026482152,-0.6349958738771637,-0.08746632922808753,-0.3350215034968131,0.8325866512727533,-0.3537625455401115,-0.10006019124714684
-0.3808282472547424,-0.2369843877672326,0.8005836455871034,-0.09021905267331494,0.03202282017476501,-0.13780218025706145,-0.9858223068277486,-0.5042097879585009,-0.11831241302799943,0.20726474080738855,-0.7337018142205987,0.26811239082610944,-0.6421199551612341,-0.5665038652523768,-0.30035035601462035,-0.21545269447469995,0.02079140750839159,0.8575730871599865,-0.2907765705111463,-0.07216496431169764,-0.04569349386519536,-0.5881928576201748,0.031235764373390783,-0.32310818765403565,0.09004757792416654,-0.13911786496518236,0.1756522434261403,-0.027163639086100342,-0.24820055191577267,0.9975435070890734,-0.0035115980710617462,-0.2687948056888049,-0.6237727649455758,-0.09375689260031897,-0.3611186869962212,0.8317731553662652,-0.3832861033678366,-0.10957942974232739
-0.3615692522318359,-0.2321073501983249,0.7978230410292765,-0.09419256676312315,0.033200808704887494,-0.1298403325727481,-0.9864922476660997,-0.4898873542006034,-0.1237452977853576,0.20746377392474147,-0.7129262894118197,0.2687579279947074,-0.6360386240862251,-0.5638556805884011,-0.2982857014662992,-0.22367123606108805,0.011550630931988149,0.8516298205478513,-0.2830225402011571,-0.07899344735002777,-0.050481334588879774,-0.5894614766287857,0.04286717679248847,-0.31865757898326597,0.08877929689459445,-0.13929786208538314,0.1750808968483212,-0.038164425952384236,-0.23485144134287975,1.0318816572201925,0.02016335384022992,-0.2693443573828685,-0.6135942558758422,-0.09714007120441503,-0.37840824975309495,0.8343300782811649,-0.40623648826735276,-0.11446425600246808
-0.3425006832071378,-0.22734887811681534,0.794102985342652,-0.09769244388446037,0.034137408080506436,-0.12181566638365895,-0.9871432354025077,-0.47429856891027594,-0.12766734601904303,0.20848930822167877,-0.6910825775881045,0.27006080714235603,-0.6271346342811862,-0.5586680821555332,-0.2944430270593262,-0.2328363571675328,-0.003012711520872469,0.8444580068049943,-0.2768624807014296,-0.08668289055764712,-0.05854217862877933,-0.5929183703026314,0.05921151297631914,-0.3102436808317004,0.08722779697304457,-0.1394675383021805,0.17210524187793225,-0.04342839637161435,-0.21237633022695057,1.0683029198159635,0.031516507398307095,-0.26806078778008857,-0.603185371904733,-0.09620267178476964,-0.380754561776434,0.8351577063024453,-0.42138811541135524,-0.10227868339559522
-0.3233550584302765,-0.22272668167986842,0.7895177723408372,-0.10074929192811809,0.03470580676605304,-0.1137783412458441,-0.9877750635726958,-0.45748829244274347,-0.1300136770046733,0.20940164630311536,-0.6684905471916393,0.27235459715719085,-0.6185984199032432,-0.5515233159169585,-0.2905219250660839,-0.23923833218376486,-0.01525671862749536,0.836163992348965,-0.2723742497490842,-0.09272293057117782,-0.06639392501975112,-0.5979350534967541,0.07219237188868721,-0.3015390475048689,0.08581950735828878,-0.1391389914259814,0.16669530975734184,-0.043757309142682145,-0.1828490456919435,1.1069838369920908,0.029914070001301946,-0.26521046211346716,-0.5927069603869366,-0.09131126689478186,-0.3704406168539004,0.8350289083692248,-0.4286414418792109,-0.0787470475380011
-0.30414283223749866,-0.21841252671913225,0.7840904881422208,-0.10257372990498607,0.03496928212471304,-0.10580759681852667,-0.9884637230048194,-0.4398494455767222,-0.1297173429311718,0.2108276701698497,-0.6457446415803867,0.2753624334253159,-0.6102146608134785,-0.5414922934434773,-0.28683904339968647,-0.2440425450276861,-0.026052023598619682,0.8256642633082654,-0.26956923340639927,-0.09734596337917349,-0.07401900547160115,-0.6033710344815589,0.08343154813770522,-0.29255790789819264,0.08436487438412388,-0.13853149885258445,0.15797696828994612,-0.0381606758684844,-0.14964899045662244,1.1487349286823412,0.019938011732946365,-0.26277884452095324,-0.583985005081501,-0.08235634181408195,-0.35491296594722244,0.8387253400241235,-0.43094470187408845,-0.06468993449616335
-0.2855400675138883,-0.2153510062292133,0.786010812688912,-0.10178316222555053,0.03625831890817385,-0.09837965564780779,-0.9892658720242695,-0.4221744557379543,-0.12556906325772735,0.21953772280397918,-0.6215609006253099,0.2822687787499488,-0.6079896810322961,-0.5257059771792058,-0.28899381868406865,-0.2409922960294119,-0.036437237352459205,0.7988152718880521,-0.2683481751996642,-0.095661347826062,-0.06646146862490336,-0.6065132907253188,0.09760749543658558,-0.28474845385086234,0.08264463242132454,-0.14067754855420936,0.14856657883823127,-0.024004386631285853,-0.1170938493636557,1.1871761072050206,0.004404012025468789,-0.26243995898314604,-0.5900940021672196,-0.07712554445047709,-0.3543454434808282,0.8749623936880305,-0.39335068461249034,-0.0738654012257757
-0.26690483104955337,-0.21322827844518766,0.7859877342440161,-0.09834760853309717,0.03686509754516632,-0.09027016503613351,-0.9903635745437908,-0.4031351172366019,-0.1158739413092339,0.22813602994722484,-0.6015538890071903,0.2872788383031532,-0.601178146365741,-0.5085054827889219,-0.2893321573189896,-0.23951710481288527,-0.04991968663134214,0.7759855505269586,-0.2693282982962779,-0.09602348333153521,-0.06886845917185133,-0.6074538972609936,0.11518863272317713,-0.27120735257224166,0.0809991248787783,-0.14316569845112476,0.1330966905816557,0.0004104563448058202,-0.08045491952243311,1.2363791246011668,-0.0169859571625471,-0.25995035481078,-0.59094373226901,-0.0568111577859,-0.34364602043539194,0.9034488098356602,-0.38000176788160817,-0.14482621733777382
-0.24813960439656388,-0.21211033810522795,0.7831372872749881,-0.0929584225546689,0.0368531984222725,-0.08275600903202186,-0.991540224303224,-0.38449517235674585,-0.10197315063560568,0.23527963752269992,-0.5829101160400217,0.2928095119710341,-0.5937010664214812,-0.48910852884176764,-0.28431148593769306,-0.2407197316387694,-0.056774114416286645,0.7563658196156275,-0.2700955176568938,-0.09563204072837612,-0.07692471631820978,-0.6039177964393542,0.1268813298247795,-0.25923168248447537,0.07941432093712661,-0.14426279298660558,0.11322581892944716,0.033307113346981686,-0.044363554417805,1.2917216676054613,-0.039005387266028,-0.2564167951532068,-0.5988464102769322,-0.03511682364688439,-0.34185947460748317,0.9461163424769284,-0.3721463765364206,-0.2492288997853834
-0.2291215942770856,-0.20906775601017874,0.7787767288947643,-0.09089578954081402,0.03792143977232361,-0.07829896147855478,-0.9920530189867504,-0.37111812372757813,-0.09406354288690243,0.2408097262922109,-0.5627897325287246,0.29770501838576696,-0.5861452650954858,-0.46665194654197095,-0.27940306069782217,-0.2428331692930458,-0.060571709209387585,0.7358679502127322,-0.27302302999818506,-0.09408318188837067,-0.08602490135298059,-0.5975325122714131,0.13441927846222365,-0.2500144253670363,0.07748796504427997,-0.14367008966590478,0.09364921519451572,0.05978560653416288,-0.015526761759407474,1.3453909454465687,-0.05696975957535979,-0.25221133791114625,-0.6069944405010225,-0.032476934066559146,-0.33730232471615484,1.0046323651344122,-0.3759729681585794,-0.27423837536936235
-0.20962852452975708,-0.2075030056054057,0.7739020359576266,-0.087231674415801,0.03879471948228655,-0.07351529836927156,-0.9927140099870574,-0.3566398479299547,-0.08398722143784607,0.2465500701615072,-0.538533691800064,0.3041511364970641,-0.5771435202402905,-0.4439947421203685,-0.2798005895591254,-0.24537951169283853,-0.06342983687010557,0.7109146971606976,-0.2778518699628451,-0.0869952728708192,-0.09273628709457099,-0.5901297546246679,0.1437913265474324,-0.24386116559100376,0.07521352282674659,-0.14183395600648274,0.07153755745811824,0.08793880155426242,0.005032319885458475,1.3983287314586441,-0.07335889592168406,-0.24897224665340725,-0.609805932090395,-0.023123120875844914,-0.33273588113897484,1.0508618244697132,-0.38609822947346956,-0.2755658069657378
-0.18999218468871878,-0.20886324955301958,0.7684063668556076,-0.07864651251395166,0.03868431343466227,-0.06683190371855736,-0.9939073128862849,-0.3380831685865816,-0.06532180494965131,0.25252119459473094,-0.5110725418061143,0.31175813486067266,-0.5661955969747137,-0.41982438955760454,-0.28923957544986256,-0.24841602053673134,-0.0659916705574658,0.6820112481438458,-0.28504026616057426,-0.07347067119798328,-0.0985969088287415,-0.5826367059446279,0.15586254844375422,-0.24204138715393791,0.07264140103409727,-0.13863750047957105,0.04400888953197429,0.1250727179726737,0.016570472155894737,1.4544225626257656,-0.09135992287283987,-0.2488596413668256,-0.6046339096952735,0.0039480981908552775,-0.3340445171387853,1.0771377414365917,-0.40416507793865214,-0.2796119875852327
-0.17039334824907765,-0.21120996699044675,0.7632044467295455,-0.06836344546723273,0.03823793876983574,-0.05941250248881579,-0.9951554923279576,-0.3182618763661682,-0.04358989885767804,0.2583210282766408,-0.48139303056314414,0.3196459378178561,-0.5540373394485005,-0.39290768595942543,-0.3086993796913941,-0.2511999415726024,-0.06889647485467808,0.6485190140281153,-0.2949647263110442,-0.05496651226550051,-0.10361180427878704,-0.5752927225363249,0.1698361962443227,-0.24523053093984495,0.0696561896989654,-0.13488420270668025,0.012132563332962178,0.16895138338600846,0.027854543220683408,1.5121096528005662,-0.11034306344598034,-0.23193503556158515,-0.594181753423397,0.03664053873151339,-0.3358719349044092,1.0953133617465456,-0.43093180248474666,-0.2819205333847539
-0.15173984430968857,-0.21365419210835412,0.7584237489049404,-0.05766786149031027,0.03748485299401557,-0.05117904370546417,-0.9963182267892852,-0.2980040775570233,-0.021106467113115875,0.2637649739231291,-0.4494614338754041,0.32683608815104515,-0.5393100102928828,-0.3651355954452597,-0.33593618799339503,-0.2509243010857106,-0.0713539740161672,0.609273754653628,-0.30712231460035955,-0.032260929435050725,-0.1080986259955829,-0.5682659515339133,0.18368475678621374,-0.2521573329140561,0.06613746161640188,-0.1309104773845607,-0.02381901588323955,0.21374719522224486,0.03543749106563766,1.5694813959263365,-0.1291939108793752,-0.20992087185316238,-0.5803506356284377,0.07042289293456812,-0.3346887521104357,1.108359078460916,-0.4618733473642303,-0.2799294148583867
-0.13415517986163136,-0.2151993079682672,0.7544536744096617,-0.04895066092741779,0.03672880824854791,-0.04234137615152529,-0.9972271733687393,-0.27815590905120047,-0.0024534183197852124,0.2695919568251156,-0.41433663416378913,0.3330751327033762,-0.521532505822678,-0.3405482133577038,-0.36741620674791087,-0.24549091779154614,-0.07302170336324386,0.5635015502210923,-0.3207369913550645,-0.006479127964495408,-0.11149545902670181,-0.5617796508177477,0.19729488213682095,-0.2608391830136414,0.06193227858502844,-0.1275905597351006,-0.06247528038474061,0.25159458779254873,0.03971773389422758,1.6226666455825276,-0.1453938609356789,-0.18385763668679253,-0.5654218125274592,0.0991267423333496,-0.32838497286833523,1.1200096688594134,-0.4910526965382972,-0.2749299947235014
-0.11712316424418899,-0.2156754102529292,0.7513866951781913,-0.04294289240201466,0.035902195916497875,-0.03255247847144088,-0.9979014362480341,-0.2577651785183076,0.010463279325692269,0.2766994972256329,-0.3753135562255152,0.338386422322114,-0.5006885943330416,-0.3215332173399777,-0.4013747028596692,-0.23579188259178863,-0.07424308283163679,0.5097970522361583,-0.3360487036356608,0.023215305585960442,-0.11295549043858297,-0.5560568320231334,0.21331479496012223,-0.27051952933688167,0.05686519540037315,-0.12530954544616105,-0.10424333436641546,0.27901886687135047,0.04097302428077476,1.6710377333390718,-0.15749149323346354,-0.15262426781630037,-0.5501935108035957,0.12223917246970953,-0.3179738460851764,1.130389473375927,-0.516490911500048,-0.2710525573627082
-0.10030643747547519,-0.21589947793982855,0.7488804690923814,-0.03835604358425362,0.0349892529112494,-0.021860644508433197,-0.9984120784139943,-0.2365339270343235,0.020120204291257108,0.28512874876379407,-0.33260272354278286,0.34335216549855463,-0.4765520477753261,-0.30745879438824203,-0.43717098524966963,-0.22313191967413756,-0.07511818798118156,0.4489249482377691,-0.35244989497213897,0.05747079960823657,-0.11369383439947775,-0.5512156692054806,0.23226603750998007,-0.2808923553867465,0.05096036702509285,-0.1237851696394846,-0.14993789290723714,0.29938577321039544,0.03799262594661127,1.71633337266698,-0.16690749896139445,-0.1178844290851149,-0.5335071010717868,0.14359470230639867,-0.30572611254097387,1.1374989424429471,-0.5402594072531988,-0.2699134209139237
-0.0833157536442028,-0.21588792114433428,0.7468514589724641,-0.03482861960201578,0.034421362811275384,-0.01123647861385649,-0.9987371418882917,-0.21600475740284444,0.027834646513283764,0.294724701565259,-0.2870989581707673,0.34800419442048613,-0.45034986364680446,-0.297852863658138,-0.47252017312369576,-0.2072120306287215,-0.07583879470835649,0.38482174859707824,-0.3680351879334566,0.09305013442625686,-0.11576025519788023,-0.5469931792305638,0.25158643400188757,-0.2908205945716889,0.04451340054938706,-0.12300631072193104,-0.19779714793993752,0.31509293875353694,0.03208535233598785,1.7574299554330157,-0.17486525268015923,-0.08213009524576395,-0.5144769237326575,0.1629848331450744,-0.2926648655477126,1.1420642312433273,-0.5625822460877853,-0.2712334986598164
-0.06618152315478532,-0.21600923616724446,0.7453036703961551,-0.03198344033058581,0.034606581442879085,-0.0016185233645657012,-0.9988877937223866,-0.19716405585346314,0.034739439377321685,0.30508467484166985,-0.24031022207964073,0.3524765425143374,-0.4235612532745678,-0.2924600284620611,-0.503719275708555,-0.18687282338400882,-0.07631311380426539,0.3224913606567104,-0.3804774554258885,0.12610874049342513,-0.12103576442720923,-0.5427531923940624,0.2678931492175103,-0.29849085778429935,0.03797815244115345,-0.12285947456950932,-0.2457275693297787,0.3286933997442415,0.024509267361358996,1.79261821089056,-0.18267674981673734,-0.04875943663497355,-0.49223770533031025,0.18004443135999718,-0.27914470457919555,1.1446471256850732,-0.5838967064155614,-0.2724936238829261
-0.04858322215943514,-0.2164369957275649,0.7444921879120785,-0.029951258058702326,0.03584297552650875,0.006316330189454383,-0.9988885359333375,-0.18083712920930128,0.04029347295576599,0.31610015006654124,-0.19153248500064418,0.356455980129707,-0.39675647312534895,-0.2919964675841287,-0.5265992740944254,-0.16226257656657392,-0.07629400945453818,0.2646026023160022,-0.38864711992996126,0.15446326164696408,-0.12972628990620022,-0.5375054736593827,0.28033579998220726,-0.30280596395313014,0.03145925114040303,-0.12279452041466846,-0.292686349594799,0.34017732229589637,0.0160316257315217,1.8207150164034067,-0.1902590775270553,-0.01866636630863853,-0.46543414165982466,0.19368943130885785,-0.2652814428158644,1.145113057487644,-0.6048589321814097,-0.2719147109348988
-0.030994070217246702,-0.21671700956367482,0.7441690127714677,-0.028905724509025878,0.037630837286696334,0.013182462515389912,-0.9987865647162774,-0.1654357285696192,0.043731301728681324,0.3268996718063382,-0.14170974873521186,0.3595448220223016,-0.37032807459756234,-0.2961481403740535,-0.5397177581871665,-0.13539285430074532,-0.07573362580205024,0.20989271911576662,-0.3933569385021529,0.17863327953307148,-0.14091140477824576,-0.5303098572351621,0.2890733554878152,-0.3040374602061261,0.024956663111141638,-0.12252799185582729,-0.3399766120240746,0.3479626420215859,0.007573451919300555,1.842676527717368,-0.19698943815508133,0.008410586548299643,-0.43556623703925185,0.20400542157513488,-0.2507353417393129,1.1435450482271725,-0.6260046997501977,-0.2708016048281394
-0.013753477330566909,-0.21672559070305508,0.7443322050216631,-0.02849038339304016,0.03940874449234081,0.01993769398438465,-0.9986179135536482,-0.14845492939696503,0.04584929570163307,0.3363909050874826,-0.09323853896350043,0.3624828629004502,-0.3458107178828128,-0.3032192305406212,-0.5438482458348544,-0.10819671221812424,-0.07550809989702716,0.1577286653474268,-0.39525427168167915,0.19925970057292294,-0.15323007920969994,-0.5208223475278966,0.2946804250553012,-0.302336188990181,0.01863863482832184,-0.12250833042844018,-0.38714412102157636,0.35241983606354266,0.00024920703317446083,1.8580106658705506,-0.20249533872244685,0.031697124660863364,-0.4045141032575567,0.21234883825507636,-0.23484237832060287,1.1396803065797443,-0.6458505339000754,-0.26988806983741304
0.0030162541721424456,-0.21685401863983736,0.7449071454799219,-0.028291045936217625,0.04070912694038197,0.02754153085191043,-0.9983906288532166,-0.12766635323071143,0.04770102576748302,0.34388946599020104,-0.04828937319628277,0.3662114839763169,-0.32392256401396835,-0.31183804549474137,-0.5407202329655687,-0.08207301345889619,-0.07636584160220286,0.10785151223800704,-0.3951839656835987,0.21733632842397008,-0.16621953027518033,-0.5094892994274194,0.29810027164511005,-0.2973541607422936,0.012644414703780683,-0.12337315751347885,-0.4330786673723073,0.354538208932343,-0.005097104267711804,1.8659094125585214,-0.20612871484722017,0.05154482697625496,-0.373862556764531,0.2203348119527212,-0.21690811326776882,1.1332455105425532,-0.6625003317660431,-0.2691440839116771
0.01928778974261902,-0.2170229885177041,0.7460941743805574,-0.028064322601210345,0.04144208261118265,0.036282471019367074,-0.9980874359907119,-0.10267500115820531,0.050180505770123444,0.34949866183625,-0.008144871109017111,0.3704513579463058,-0.3055019015325645,-0.32139470811877846,-0.530329004901639,-0.05693155582399877,-0.07837447220351229,0.059435080304260195,-0.3940254716250265,0.23261166123448943,-0.1796299597738569,-0.4976178697511906,0.30029842341659924,-0.2887392720885862,0.0070397149772872735,-0.12571250268387812,-0.477722342832044,0.35457307386561415,-0.008261295967613965,1.8659702718005884,-0.20618838469089987,0.0674559038497885,-0.34376583570374253,0.22845028864855832,-0.1964879632320831,1.1236722436936126,-0.6752700882028464,-0.26874566619447093
0.03534121727906369,-0.21748641794482892,0.7480152670573127,-0.02799730474040968,0.04192308567191709,0.045653266603431115,-0.9976845117888996,-0.07497199566369285,0.05292461044959943,0.35389378026983104,0.02863105718375588,0.37489861708924266,-0.2891487707305475,-0.332750267059678,-0.51243345832027,-0.03236457272333305,-0.08084994956385695,0.012437567674070501,-0.39203352304820066,0.24542716383364663,-0.1939107866722439,-0.4857779081020587,0.30149125611300887,-0.2761338624096838,0.0016802426358221074,-0.12928004167144824,-0.520654407027649,0.3523644219982308,-0.009530047653992131,1.8580643944849646,-0.20261027638967022,0.08003452306248986,-0.31309096675817044,0.23581682321854625,-0.17390497076757105,1.1110102117038783,-0.6847542580351436,-0.267807457971418
0.05109862760033876,-0.21804879867035984,0.7504262984024918,-0.028355519258423258,0.042241147988194463,0.055428952240510865,-0.997165623754522,-0.045459217200662656,0.055152826774716286,0.3571909585826881,0.06268052381246693,0.37935272908467194,-0.2735338199729713,-0.3456017351310744,-0.4896024990156534,-0.009921879071772288,-0.08381585983553431,-0.03266598230250745,-0.3896999317881227,0.25599787054091727,-0.20883392945561985,-0.4722406066145482,0.3004256541546626,-0.259712851629958,-0.0034493705427670533,-0.13346620211111265,-0.5605900901286333,0.34811440830536383,-0.008163548232947347,1.8424647182919862,-0.19750369334739798,0.08973389301767036,-0.28199221978895567,0.24148857885317465,-0.149659935823332,1.096473117993341,-0.6919360090199681,-0.2665475997010455
0.06679990563587657,-0.21877860819841252,0.7533312137581909,-0.02939894417185202,0.04252402931684635,0.06534792903460516,-0.9965224820259349,-0.015016118493074469,0.05603480271393787,0.3596256700741697,0.09526872597051744,0.3838003421483257,-0.25716264237712233,-0.35879480895041127,-0.4661837907947655,0.0089441871669719,-0.0879502668699906,-0.07471533062150842,-0.3873117995297326,0.26500206513899877,-0.22383837680359978,-0.4543014654695827,0.29684726363424085,-0.2398487794924093,-0.008371254519431527,-0.13759030654274326,-0.5953534525590366,0.3421678466713147,-0.0035207240630851983,1.8187650153934418,-0.19285663576555004,0.09754805250688753,-0.2502556628231458,0.2446322324482923,-0.12440235002811942,1.0807694845661115,-0.6970831976127401,-0.2648929443573365
0.08276222723191183,-0.2193897718143825,0.7567464548213878,-0.03116823408558632,0.04272843029676497,0.07559339860474625,-0.9957351357242277,0.01684628236629999,0.05561748815223992,0.3613382592579162,0.12621919118052213,0.38808898286178123,-0.2402618771583114,-0.37149651662396427,-0.4460808318980813,0.023023374109303545,-0.09472446891065307,-0.1128237339974332,-0.3854346568756399,0.27186495798905314,-0.23945585637741126,-0.4292920692409966,0.2917589928837593,-0.21733777958543296,-0.012934213191932546,-0.14170465898468707,-0.6240422077849131,0.3354089667055102,0.005686637146539625,1.7865452105623152,-0.18815136904317656,0.1045436142970509,-0.21770134629843593,0.2449664307611496,-0.09796821440170013,1.0634654818083347,-0.7001223735386669,-0.26338680348202137
0.09903661820599544,-0.21985694621187007,0.7607431585892386,-0.03355382923829468,0.04324184428018106,0.08639222752463026,-0.994756586542673,0.050288359867797526,0.054180002821956556,0.364292464132547,0.15475038811848907,0.3920052954001348,-0.22217754399025313,-0.3854738661816812,-0.42538645796722635,0.03578703143484182,-0.10840690547419642,-0.14862803704151836,-0.38400777109551876,0.2764800813271975,-0.2555484009664348,-0.38667229964589356,0.2863297807876088,-0.18431797043533876,-0.01705882073461466,-0.1473299210546909,-0.6460012437665744,0.32812919086538,0.01963735446668447,1.7456771242620512,-0.18247355907351467,0.11108057128098935,-0.18374337624188353,0.24278352736855252,-0.06977534692634824,1.0444076870284227,-0.7006670436537036,-0.2621990476165923
0.11572098076084557,-0.22026602707100157,0.7652003897025862,-0.03637303830226548,0.04368341114048259,0.09688057539760216,-0.9936714325099736,0.08346428662942078,0.05201618720480053,0.3662197778997025,0.18188468530029053,0.39528315459707564,-0.2039063202176907,-0.39738816589864007,-0.4117386789810114,0.04306500836770489,-0.12309802483538586,-0.18049359603103468,-0.3831639438638492,0.27900428384283255,-0.2717284330409382,-0.33991595775692157,0.2784992567148564,-0.14999739652786032,-0.021007783450012512,-0.15246555956229824,-0.6630603011313849,0.31847188042658203,0.0346472764687101,1.697426184887079,-0.1769399307455717,0.11402286215983883,-0.1497684494417935,0.2379160808422311,-0.04215185245016564,1.0245245574082458,-0.6985520933194503,-0.2610535949489383
0.13307281126631457,-0.22067551833596538,0.7699681214458551,-0.03969198879299643,0.04454002183735892,0.10669560455828132,-0.9925002672283406,0.11460606526598105,0.048643489393272676,0.36880191419307173,0.20894464078495095,0.39733075083429537,-0.18393531633027463,-0.4089369035080047,-0.40076118393287913,0.047996966658822277,-0.140791972676306,-0.20921051293370826,-0.3827515916389758,0.28026061154332343,-0.2866950093045612,-0.2804973132866177,0.26607179460043057,-0.10610710960186598,-0.024711347983195305,-0.1576495648849666,-0.6742113590943367,0.3052230622711989,0.04902788973263926,1.6426932030488228,-0.1724023245602797,0.11172652819810008,-0.11549656192797558,0.23027878197367924,-0.015669255785794416,1.0052365512936468,-0.6936691825195122,-0.25978258382635305
0.15089210903205483,-0.22102239241215715,0.7748525631671392,-0.04332584801881429,0.04549477131120449,0.11558194355506009,-0.9913091904147903,0.14363111913172283,0.044947001316382906,0.3702971362843685,0.23558079818548514,0.3974636646229455,-0.16387010405645527,-0.41768921183921814,-0.39549226054908904,0.04963317702185872,-0.1564609195439811,-0.2337303078865483,-0.3837829736236337,0.28017150797822615,-0.3005352292162453,-0.22154704525728347,0.2482473152730677,-0.06229376194277051,-0.02824043235108811,-0.16163672633266873,-0.6802989544371343,0.2885127204934719,0.06220884289928157,1.5809888260578977,-0.1685652983549656,0.10472386721880533,-0.08846988196821602,0.21930848597786076,0.002948740572921532,1.001814161715653,-0.6692470196381763,-0.2580976943097519
0.1690948702750153,-0.22139157823512245,0.7798267547249492,-0.047874412858300935,0.04611606779206902,0.12380187964949196,-0.9900779986850142,0.17049355300485025,0.03897231848846517,0.36973182470847726,0.2641256378920489,0.39660661792644536,-0.14186838503956295,-0.4255086602200887,-0.39506496040866357,0.04904890324413492,-0.17124458374143156,-0.25449834190066917,-0.3855518785703899,0.28006733470513295,-0.3130995444828792,-0.16156260679314888,0.22670104133352856,-0.01872634522582294,-0.03165152038989449,-0.16397688687944628,-0.6816050872384034,0.2681705597335014,0.0757483445669086,1.511272097932898,-0.16482606559448135,0.09396003156135035,-0.058653421747885535,0.20596209728556122,0.024616593242408082,0.9902449764846255,-0.6518170624065793,-0.25639786541545506
0.18753117668610317,-0.22195329973153755,0.7847059621960968,-0.05232572537612157,0.046597989304502714,0.13148311967333723,-0.9888391350961022,0.19582509275932783,0.03302651291276296,0.367924936373534,0.2923973991619677,0.3945796787275327,-0.12026213305962226,-0.4320951786941326,-0.3968366358013151,0.04811700080454054,-0.18391346865702152,-0.2714443916341755,-0.38796852681843264,0.27873891743153534,-0.3247172788764374,-0.1021643631544845,0.20114328167924855,0.023523182467811522,-0.03475863776324106,-0.16536104271311938,-0.6794067763349028,0.24560433558536454,0.08614908708201346,1.436699279887103,-0.16237633387896488,0.07749675401264511,-0.02955296206940118,0.19199276280534444,0.04556626418672628,0.977589662560512,-0.6337209546829345,-0.25478148252702737
0.2062137700799492,-0.22286666439650551,0.7893612414410376,-0.05584180866747204,0.04698344438779553,0.13875062827592197,-0.9876348067536105,0.2191430603847219,0.028586779439427588,0.3652775528188522,0.3206327213460081,0.3913060263025194,-0.1001105196473041,-0.43810942054126817,-0.39751996989404015,0.04884966151050278,-0.19221041671827266,-0.2853106888215774,-0.3907636102198412,0.27688055179426374,-0.3352263265443171,-0.047756711063122494,0.1721951937715486,0.062191416845305415,-0.03763883167957263,-0.16609696872761104,-0.6753118676105839,0.22220734964067887,0.08995173552798642,1.3610065656106791,-0.16155110448825966,0.0538003322153952,-0.0024273184898900616,0.1792304794593005,0.064071440507634,0.9664396759032946,-0.611464501365723,-0.2535920427082162
0.2253542301288501,-0.22432014870740785,0.7936821373497187,-0.05846960745240623,0.047280029161550434,0.14554445343488784,-0.9864900992514746,0.24048756594540951,0.025463676939434684,0.36137693046170527,0.3492801973037489,0.3868786968526633,-0.0819466572394536,-0.4431274636620169,-0.3950909259099966,0.052446104565643054,-0.19328847362802393,-0.2952377878691561,-0.39413263599999016,0.27574214187516566,-0.3466357269887839,-0.008875668269093829,0.1446110220220044,0.08958248662799576,-0.04030290938051636,-0.16570280166962756,-0.6693219565185592,0.19798918872008386,0.08622464609742223,1.2839052359275822,-0.16016570203521183,0.023374942849636097,0.022726954455484536,0.16768260507573005,0.07941911842117762,0.957581528115239,-0.5840064091718283,-0.2525064052192096
0.24471932114849657,-0.2262169313659754,0.7976552827098848,-0.0604508743612865,0.04754573502302917,0.15186585364098018,-0.9854044131055898,0.2599225501375612,0.023204715613871694,0.35652763530716375,0.37739412613768636,0.3813789529766548,-0.06538984482396487,-0.44643233354356127,-0.3909101204163658,0.0580140430579441,-0.18978208385480377,-0.30158146993854623,-0.39801927012694593,0.27527997355048933,-0.35856636170619605,0.018623173829424834,0.11961271451622355,0.10853439988081363,-0.04265796462656371,-0.16446227107239197,-0.6607774896415098,0.17343409579958433,0.07630225062359738,1.2042748133445347,-0.15816813351482575,-0.011459674021642108,0.04616449640597154,0.1569737446073293,0.0920674629338798,0.9509627200924736,-0.5524094198466619,-0.25133714609743113
0.26421303843719,-0.22883865311488527,0.8010350940682985,-0.06147791318013422,0.04782979204195913,0.15792157986015823,-0.984374700913585,0.27716347421664844,0.022172101670202293,0.3516189480102945,0.4053010654122638,0.37489046774369394,-0.04920550374757129,-0.4500042711551498,-0.3846861026890222,0.06658313479027879,-0.18260089082517691,-0.3058367195221138,-0.4015706979749176,0.2753614645625486,-0.36857465303116305,0.04439512912221452,0.09173846671875278,0.12704109640736977,-0.04478879857414112,-0.16317877766632294,-0.6502275799998709,0.15049394651452705,0.06002182962781735,1.1254540942753664,-0.1585640454867617,-0.05132174964328493,0.06780187177809816,0.1481768307499213,0.10262884728080889,0.9466733352469409,-0.5160408101722248,-0.24984444414824794
0.28361214459343126,-0.2320832540094083,0.8036746656748864,-0.06091473498748012,0.047982924546918646,0.16385846395999795,-0.9834314606529522,0.29190511688384535,0.023576578655160076,0.34634850451959814,0.4320217473386304,0.3674930022915431,-0.03441737674364261,-0.45392610648225873,-0.3776697872581775,0.07729764196078,-0.17242161437794037,-0.30926662912710184,-0.40448734292242094,0.27630734274648844,-0.3760106890803775,0.06376019639036168,0.06244933273589754,0.14293211898239702,-0.04676656122775917,-0.1622853628536098,-0.6395814362331801,0.13181190096058384,0.038161149127511194,1.0527661926236023,-0.16465593847578863,-0.09259776045903795,0.08710039210738456,0.14283159142757088,0.1114601462272364,0.9448086732659422,-0.4757714635611327,-0.24845433250315793
0.30262641096182347,-0.23613891193448278,0.8053993657496886,-0.058286362351808584,0.047904384819522534,0.1699355398674174,-0.9825628642325261,0.30480013277032775,0.02804598460365599,0.3403025117558964,0.4564110139464865,0.35952680305398566,-0.021033089430417345,-0.45609123366732407,-0.373543319765839,0.0854386490104115,-0.16290337467376717,-0.3122170736493719,-0.4063082954797032,0.2794513203149845,-0.3829297717147046,0.06813253408468299,0.041367931755869704,0.14952159461461056,-0.048634388018204244,-0.16204259793917436,-0.6302882163821174,0.11906566862375707,0.011067212106019768,0.988870406333305,-0.1750971941262686,-0.1304557438130683,0.10374699933640347,0.14194266359014882,0.11808627934210483,0.945764084279984,-0.43482763742334524,-0.2472801015385911
0.32140026964363805,-0.24088345738535696,0.8062146853089732,-0.05411533419675435,0.04774397316515438,0.17595371342258118,-0.9817496291641685,0.31496800608043035,0.034497214120062625,0.33401416335613515,0.4811659887617017,0.3491760826939093,-0.007348976692180269,-0.4591632757061526,-0.36940317183782284,0.09486209720259568,-0.14984186005375727,-0.3148490758650179,-0.40716984450623017,0.2848925960984455,-0.3858758865326089,0.06383461568310295,0.018783044511306295,0.1529571000249022,-0.050476696865130254,-0.16226224471256132,-0.6204364352579392,0.10998635631625013,-0.023379327309678857,0.9306334117403207,-0.19013952607581494,-0.1760172833109205,0.11875723715745315,0.14447788298717787,0.12249286533713415,0.9480997190804444,-0.3874779448762873,-0.2465195461299626
0.34005178270428066,-0.24603456685340605,0.8061773405375615,-0.04859490402132778,0.047515524741516574,0.1813814792653029,-0.9810614502625338,0.3208204719838539,0.04338234550946525,0.32707743462088845,0.5059034737499692,0.33638830851993823,0.004381807271920718,-0.46447509417170996,-0.3631854213467596,0.11099801832872891,-0.12688294968799127,-0.3179942127814353,-0.4076361605917514,0.2935550250237493,-0.38114426681693714,0.043108129410494564,-0.01417456249118196,0.1529992222021941,-0.051996325964140104,-0.1624502075712481,-0.6102877432299367,0.10447415584378915,-0.06224848819624175,0.8796579044963166,-0.2128987855604846,-0.2261428675407037,0.1323692122400513,0.14985431208259892,0.12439339444721903,0.9515418825079425,-0.33353027155602966,-0.24555478951366247
0.3587158357710796,-0.25044109929005165,0.8054082996981508,-0.0450720619639469,0.04736047852225859,0.1860781688166197,-0.9803572866023457,0.32362201351750597,0.048395954398313644,0.3209010648972637,0.5240002949329189,0.3260744522014047,0.013284622159606841,-0.46619279717788226,-0.3601440956694853,0.12275539442933354,-0.11274446400428877,-0.3198497653849246,-0.40677810111862656,0.30249672305263114,-0.37977919916469094,0.02438818136653727,-0.033625122198138575,0.15095144794696055,-0.05357383562446499,-0.16239230191038245,-0.6002291691577636,0.09832152279769966,-0.09050196190486856,0.8365655254668086,-0.23715296778240896,-0.2529649890601016,0.14100831979274353,0.14981533617154746,0.12698629297579328,0.9633179015754206,-0.28830172208106664,-0.22413124603217902
0.3772675979143844,-0.2548529380298116,0.8036651292751227,-0.041429904087943094,0.04707519215091735,0.189802940337252,-0.9798174999307528,0.32129272335352155,0.05339088111537047,0.3144322042166019,0.5393942538400976,0.31501717534492896,0.01920710659413441,-0.4710132126336318,-0.35547952951533923,0.14252147628384307,-0.09201248905646336,-0.3224409392642401,-0.405035094368431,0.3147984643145518,-0.3716662330233017,-0.014799513514060217,-0.06113812685346518,0.14562256006693425,-0.05452900931106786,-0.1620016928760275,-0.5917297330003597,0.09477390693734765,-0.11485970811809092,0.8057791273714452,-0.2698835839607917,-0.27078726976982076,0.14713659791939096,0.15195578679547705,0.1312684222601633,0.9778961077745802,-0.2373817658640658,-0.19803987353979907
0.3955883302253589,-0.25932940405484245,0.801942188203175,-0.03760246985809423,0.04700060946925511,0.1929121585058202,-0.9793681106053608,0.31610842616002377,0.05826765839218972,0.3092231644806873,0.5480101638514628,0.3064711641912637,0.023102963117388926,-0.4715571924009102,-0.3530958306212193,0.15636447561674613,-0.08140534793803103,-0.3230781855154461,-0.4016826877673581,0.32569269124317596,-0.3667664243252738,-0.04261747317826599,-0.07452719488755369,0.1423039184957696,-0.05548219658934269,-0.1622609852945039,-0.5840198173457217,0.09363006643368676,-0.13417796251444722,0.7860146862332134,-0.3014610398075689,-0.2733496782279909,0.14867643895709393,0.15510878174781,0.13373631082493928,1.0055601581758826,-0.20465223384970854,-0.17844595383600878
0.4139818258397194,-0.26381537571249264,0.8000209430216854,-0.03420497180416956,0.046931296252202666,0.1955442917428337,-0.9789739032797331,0.3077323450919898,0.061907582547622075,0.30447040420398086,0.5526799575622674,0.2990941285024279,0.025074676289518878,-0.472015587332839,-0.3507049129028391,0.1716999282891325,-0.07252505653367287,-0.3230301598034715,-0.3971708321484724,0.3377310889438859,-0.35982733029068953,-0.0744611054882326,-0.08609922586674214,0.13920219727796534,-0.05597078277809379,-0.16243847815349421,-0.5767191488725405,0.09320725255470415,-0.14947916864165176,0.7751818415789586,-0.33281870039784306,-0.2699467202530364,0.1486687178091996,0.15851317894503855,0.13695184238502411,1.0316487987652736,-0.16347598453207712,-0.15378476961253765
0.43239412189027304,-0.2682443006457758,0.7977330355597465,-0.0315700859104222,0.04689496838398286,0.19782704078372898,-0.9786054636832076,0.29693859896654473,0.0639672251709777,0.3001738592766293,0.5525203455569837,0.2941604546426098,0.024967617309103556,-0.4716544221740099,-0.3482176491486413,0.1866655817804302,-0.06594209133320317,-0.3218812801399802,-0.3918783808135211,0.34933708914068423,-0.35202462363503867,-0.10485721018059342,-0.09602149810767266,0.1378563648190605,-0.05605495111537244,-0.16207931080422358,-0.5690134378582766,0.09269530922116077,-0.15979619624968758,0.770190329804632,-0.36064297152404134,-0.2646151923994646,0.14711583835904013,0.15960506111794928,0.1375496918529715,1.0591095954485281,-0.1243527715225433,-0.12430627663200691
0.45083492333017905,-0.2726012957922734,0.7949483999838358,-0.029785731439108808,0.04690823559635081,0.19966742777368596,-0.9782869445730702,0.2837999171988911,0.06423149112671943,0.2963527673918771,0.5469225856281524,0.2924860496488256,0.02265853854265153,-0.4702789706760272,-0.34530820058066275,0.1998331403790863,-0.06244448572895306,-0.31857263137620545,-0.38591177502006957,0.358958672688857,-0.34450892353993484,-0.12935687459639778,-0.10439484896371985,0.13947205517962075,-0.05569716536006518,-0.16106379408318153,-0.5598510100178267,0.09233968694831805,-0.1632783675974184,0.7696280129734132,-0.38502154318785375,-0.2581436065280377,0.14455472260383373,0.1576275100161396,0.13478305618051212,1.0883782216455664,-0.08977707659254362,-0.08642489699491478
0.4693904137761591,-0.27671427695690604,0.7916321862531266,-0.028670989420531805,0.047040304188887154,0.20104145022881645,-0.9780324736108498,0.2685000997900839,0.0629830260400835,0.2932322549837111,0.535804747067005,0.29415819444923885,0.0178139488955134,-0.46789668583360894,-0.3417796789837123,0.20996378443808772,-0.0625115032956985,-0.31255128968201856,-0.3795190459490411,0.3656785298251206,-0.3378193332157981,-0.1465931132912894,-0.11127735999021121,0.14395123902921414,-0.05486865762923264,-0.15970612600057685,-0.5493618198715295,0.09216729366265132,-0.1606761131574549,0.7743321026625368,-0.40630182295900086,-0.25006748775228493,0.14073566661870388,0.1533219704372771,0.12925605585164784,1.12047101575605,-0.0592736986031758,-0.04235410117539174
0.48748319317626015,-0.28034031230664697,0.7937764389299464,-0.028371635112109224,0.047851061555057334,0.20244094735277185,-0.9777131425239359,0.2517337535574657,0.060234067046009435,0.2933355787331964,0.5141265583765592,0.29791561365576374,0.0063448411154207,-0.45464228123401956,-0.33680399286696566,0.222767005326955,-0.06814785224802092,-0.30413558948273006,-0.3735408452817713,0.3713898269301818,-0.3270083476920384,-0.15541507839435698,-0.10671426479549656,0.15162540515690653,-0.053223941601425295,-0.15934479030765256,-0.5390912159645496,0.08991526476267993,-0.15760604839706105,0.7824438774396462,-0.41213611553599255,-0.24057142493978187,0.1363648228345461,0.14445187911495708,0.12015591730975038,1.151716486881174,-0.03639443879354201,-0.0031863565588223456
0.5052375557703482,-0.2834161349172812,0.7952426985309264,-0.028926734143640092,0.04886489850070851,0.20360741243712036,-0.9774044645626281,0.2341171678520161,0.055865597091198045,0.2943585044519591,0.4897709836056954,0.30478735324087436,-0.0054645879347419175,-0.4442149055101909,-0.33198181622251177,0.2303990085445806,-0.07431660425586414,-0.2966319700924455,-0.36754589182816255,0.37450230942007817,-0.3179142164769908,-0.1580971643076729,-0.10289781865624169,0.1597122656053774,-0.05158445710777191,-0.15904110151237177,-0.5274901271810962,0.08601189889750564,-0.15152681338857232,0.7969223817528801,-0.41383640351900064,-0.23853561782392585,0.12595691569223189,0.13003361840638336,0.10288144909119581,1.1940906838436558,-0.02420832188753271,0.023201877617513526
0.5234072496220697,-0.28615480761919027,0.7952558230731996,-0.030696025813820582,0.05053961628788467,0.20491983725286708,-0.9769909730826419,0.2163449318829374,0.04921001863467287,0.2978997535996158,0.46194939310961963,0.3149538088420486,-0.018416194986019308,-0.4351173495457708,-0.32607985496835984,0.23276506736294747,-0.08048715968092345,-0.28980461355193227,-0.3620431446121027,0.37567999535092295,-0.3087608271014271,-0.15379673512048336,-0.10630363591079978,0.17152801250354405,-0.049894637066549785,-0.15939841379642208,-0.5161653576620306,0.07759482697189977,-0.14822595231999985,0.8160547103243985,-0.40854934681584765,-0.24434983450607617,0.11107732019212,0.10363389173585358,0.0717992180471158,1.2466246751223502,-0.02543422361762843,0.027566357004629227
0.5417873446190357,-0.2885160845979627,0.7938751011448868,-0.033410245014436894,0.05245671026898894,0.2063247666784145,-0.9765050638531924,0.1978584603342835,0.04085277968534378,0.3021902386754762,0.4307136918120456,0.32666410710838445,-0.032891403501399595,-0.42429658815955856,-0.3208330795641543,0.22658034415487668,-0.0832565724377924,-0.2825216019070561,-0.35727808128828736,0.37592463201207077,-0.29794250936915556,-0.13914820863975888,-0.11814454558805874,0.18268306555045455,-0.04802591997702865,-0.1597508010115383,-0.5057233203741628,0.06561946128223135,-0.14651606767520917,0.8392660936552208,-0.39851515473464394,-0.25582867877443904,0.09276462968648755,0.065139514135098,0.02937033215414812,1.3067284204215357,-0.0406467232266796,0.010757305838667257
0.5603184220284569,-0.2902844814106154,0.7915280516083463,-0.03716305193084008,0.05422134754491499,0.20774409579966785,-0.9759719994456686,0.17878250624925893,0.030589377587359346,0.3057985237475085,0.39584400100235123,0.33981632682479984,-0.05035108520578274,-0.41135766621530945,-0.31739245306588143,0.21547498496077025,-0.08325448261100793,-0.27241223005012793,-0.3533913782728249,0.37504345351374596,-0.28727220415095667,-0.11980696540882933,-0.13227874778584162,0.18870270761883876,-0.04567951029277761,-0.1590822170106609,-0.4957368340045116,0.050898581345242985,-0.14409456083717875,0.8638243286169608,-0.3894104778287883,-0.26751025961852093,0.07136194065372516,0.020308170655996077,-0.012567558825118992,1.3705665011929415,-0.0631111420543502,-0.015349251784954233
0.5784766550826712,-0.29162795677959424,0.7883120391447809,-0.041763542896331426,0.055640588235528816,0.20896891407676096,-0.9754444752906893,0.1590467181134835,0.018820981814326437,0.30830659353544304,0.3569106132649678,0.3545978416100291,-0.0704066194975818,-0.39647367332464806,-0.3157693657045585,0.2020540240966254,-0.08162551746858705,-0.25885710410645035,-0.3498481401361317,0.37250352379889634,-0.2766707896377328,-0.09807671090492474,-0.1466238637913073,0.1899788875077557,-0.04281562306419446,-0.15723114938676788,-0.48147495643265525,0.03652736777824195,-0.13723426813939021,0.8800438492134882,-0.3589189195784473,-0.26868651856940606,0.04580513363785492,-0.02235820711330539,-0.04294415176741176,1.4348406465610435,-0.0843638219885785,-0.03925731984258563
0.5967226436628044,-0.29259742180707304,0.7846621429118331,-0.048472307014505875,0.05770093633834062,0.20990261170356228,-0.9748137929873542,0.13853464222776274,0.0026658279822755434,0.31299802673430577,0.312620450420465,0.371670269904781,-0.09330923845939866,-0.38020836188777885,-0.31533244410068273,0.1904904730862781,-0.07892176739654404,-0.24250309474658066,-0.3461056460146659,0.36819870238948155,-0.26599716324874445,-0.07409426020600422,-0.1601184584127372,0.18806727138366572,-0.03933556251033361,-0.15553709065476892,-0.47231414785433984,0.018203256807426026,-0.12405437171158992,0.9072508439035225,-0.38203405195080853,-0.26469573405122876,0.016084315009508902,-0.06204508556347026,-0.057066929608400825,1.4997541131267307,-0.10179562945022073,-0.05789590807673619
0.6149706051440493,-0.2931869784065133,0.7811338694587604,-0.05660926454830762,0.06002028566669455,0.21063655478268448,-0.9740765874740384,0.11751056723162664,-0.01635512709078093,0.31802945198729393,0.26296422980097106,0.3903211220217228,-0.1203892760497406,-0.3618100016178389,-0.3156223095541816,0.18219985204348652,-0.07575473682714615,-0.2227347690119075,-0.34267507337142866,0.36166940632787664,-0.25477798416797853,-0.04750203876070906,-0.1711855105616779,0.18372127729277526,-0.03524596886339745,-0.1532732801525584,-0.46241826605534436,-0.002685287136886167,-0.10679566805091321,0.9334053699750378,-0.41130531381735086,-0.25361539120479637,-0.018701244547242212,-0.09932329458290573,-0.059069573810777674,1.565570563504756,-0.1188335276374695,-0.07599906948977281
0.6326486471447255,-0.2942035629274361,0.7776429477649479,-0.06457401544346875,0.062192774854204116,0.21121047790458403,-0.9733202912241976,0.09638371827111604,-0.03539754689150418,0.3230845519769405,0.20873001554480375,0.4100469857808329,-0.1502271384494577,-0.34291625890457944,-0.31808481985719683,0.17659337550884666,-0.07175638612513209,-0.2000955089032316,-0.3393075261706097,0.3534310641887098,-0.2444109824927171,-0.018893766083282772,-0.1783219670235679,0.17653015048019785,-0.030592047315660478,-0.1511942819436394,-0.4518854100381845,-0.022926649636912943,-0.08960948994869279,0.9574464754277978,-0.4426944504211503,-0.23961374389986007,-0.05769723994143289,-0.13140553655204446,-0.05338057060858948,1.6296506623071398,-0.1352667490871011,-0.09287230620874237
0.6495374857670656,-0.29622379722938835,0.7740931834482211,-0.07074354156988073,0.06385966184673685,0.21171765333359338,-0.9726730849478082,0.07529185894293139,-0.05140616489492686,0.32829455830742316,0.15146660556778346,0.4302289892870747,-0.18153520063865944,-0.32566321450028235,-0.32483614566406815,0.1723886942397888,-0.06728697504683046,-0.1746893081960226,-0.336263618256917,0.344057827959543,-0.23697128456182126,0.010468630491167676,-0.18017061736312298,0.1657611204657689,-0.02545930908808635,-0.15016489468136593,-0.44043760903678575,-0.03912825037613099,-0.07630409593097229,0.9785619643349986,-0.47262722459571965,-0.22798719587359942,-0.09922009642429658,-0.15569535385496375,-0.044509271595310256,1.6882473669307803,-0.1498399660825321,-0.10759662422477222
0.6653076326514558,-0.2991083801048986,0.7705939334252604,-0.07459620001408392,0.06475273676503705,0.21203710055982977,-0.9722565289115194,0.053650901574943136,-0.06307265110690183,0.3338989892453196,0.09005633315359009,0.4512557902270049,-0.2155361514520805,-0.31002269783330794,-0.3396279425603258,0.16896946327225762,-0.06292785174273431,-0.1469447866091293,-0.33354976602165554,0.33409827320465074,-0.23290979329677708,0.04095080768605944,-0.17584295305235623,0.14956422611802897,-0.019809033732432035,-0.1506741317005632,-0.4284904912562771,-0.0499272979086668,-0.06809177168336097,0.9968044385041875,-0.5011943982659598,-0.22103683121025747,-0.14399252229203427,-0.16995638403190785,-0.03307191424753905,1.7406846122692194,-0.1618909492696601,-0.11839032164111503
0.6805115120041185,-0.3027753792523962,0.7673701281785488,-0.0769504211406007,0.06496659735229877,0.21212232790632599,-0.972040169909839,0.03100598293904047,-0.07187307586024591,0.3394133248769408,0.02600287347011609,0.4726447562308535,-0.25097111777692716,-0.2972369527140393,-0.3573476983616457,0.16752416804970105,-0.061004324300741125,-0.11641657081058449,-0.33151911986625715,0.3239662782046713,-0.2309426833756349,0.06575277812569048,-0.16782739566105545,0.13349870072987322,-0.013383309772641407,-0.15185357395921997,-0.4160487334947599,-0.057040335562241966,-0.06302921030555868,1.0126677835732179,-0.5294529707952652,-0.21607844269325235,-0.19215376804984627,-0.17518791434564152,-0.01793550760037294,1.7877798745694153,-0.17175544256191588,-0.12402571072880876
0.6956244929172779,-0.3068226079082588,0.7644874938967785,-0.07822610895323892,0.0650375207771492,0.21253975940829453,-0.971842398457621,0.009220524867550229,-0.07878313097418062,0.3459937406411591,-0.04127022865470775,0.49339625477512333,-0.28969444234698655,-0.28580973154623796,-0.3854021401751156,0.16402250664730805,-0.0570423942791871,-0.08204616134002395,-0.33000448131721544,0.3122054365602482,-0.2337640310780759,0.10004040961985351,-0.15331125453237326,0.1083048946069578,-0.007088724610137321,-0.15380086617827293,-0.40154027749629756,-0.06151084862379682,-0.059006519056320185,1.025822200441455,-0.5577671101640431,-0.21171216105247861,-0.24178510776026876,-0.17494406939948082,-0.0011080799221625608,1.8293084704220082,-0.1805199412171269,-0.12815889205134637
0.710920987789873,-0.3110537904660448,0.7619438080575557,-0.07901934051659404,0.06492058333354271,0.21325646083976793,-0.971629015413831,-0.013408494318804608,-0.08491260358336096,0.3513951948357801,-0.10368322146126002,0.5103645026113367,-0.3215307755605167,-0.280239983759922,-0.40346482414942686,0.159511792322611,-0.05581705192007678,-0.04672969968730569,-0.32978139190740685,0.30044961655716695,-0.23582227966911218,0.12096172421681017,-0.1401348471153243,0.09013026754143996,-0.00032210909632367565,-0.15480413504349494,-0.3849577863437649,-0.06493370151557852,-0.05522428992538478,1.0357966860264705,-0.5845318142762983,-0.20731746189283026,-0.2912300304128366,-0.17368463558163982,0.013965184369060812,1.8641175882573884,-0.18862159183922927,-0.1325424705552502
0.7264310926291108,-0.3156525764508797,0.7598469455286336,-0.07923936097688648,0.06489965342889853,0.2149313792852536,-0.9712433582039679,-0.035089852505488385,-0.08957732041740239,0.3565135070620772,-0.1627184927805393,0.5245719315423883,-0.3486659578696802,-0.2792422941736764,-0.4174442743733076,0.15376770191966696,-0.05538107887017476,-0.009316223923543516,-0.3304118842920322,0.2881694935860062,-0.24003155107513208,0.13698799638789322,-0.12560223536178367,0.07257839300464922,0.006032593062922765,-0.15499445633011372,-0.3649925102748331,-0.06668879571295022,-0.05038947269884798,1.0424538466647557,-0.6111507678857943,-0.20189309479198136,-0.33999351471040573,-0.17136789324160565,0.027925081802085642,1.8918116558328089,-0.1953613242160647,-0.13573529443024965
0.7421017186611586,-0.32086421206895166,0.75839597103323,-0.07872668000846514,0.06478963263967699,0.21720461742762892,-0.9707865715621415,-0.056706388002632634,-0.09223136333514982,0.36123647576603646,-0.21886662805861642,0.5364026887239973,-0.37134067197380066,-0.28255007589072895,-0.4266595813036675,0.14757111266890574,-0.05636221954266198,0.030173232990051285,-0.3322647849947244,0.2757146610186626,-0.24589829299393134,0.14668472714508185,-0.11097784720881403,0.05654136368551252,0.012299116340695828,-0.1546370790300226,-0.3420685926585183,-0.06630500390641443,-0.04565964125776971,1.045532093678505,-0.636960242713279,-0.19663975944146458,-0.38850547925054124,-0.1666514527189424,0.0407261735231149,1.9123583898479388,-0.20009410254565574,-0.13662743848086503
0.7577271038503522,-0.32672150413780493,0.7575958226135864,-0.07771182341972344,0.06447650453473201,0.2193620408843376,-0.970404012709563,-0.07929861000717953,-0.09354456275337798,0.3650474523209589,-0.2720713143286024,0.5455657392045038,-0.3892703654760196,-0.2889528330384022,-0.4316489300280869,0.14050519986758944,-0.05811964445034693,0.07081724446273979,-0.33535233503639933,0.2629096197698516,-0.2524255186673609,0.1508638312568562,-0.09711440037965105,0.04290660211356562,0.018440594046472383,-0.15411337998405306,-0.31727179453586013,-0.06446340804403734,-0.04215987165348957,1.0447888629249922,-0.6605445232752425,-0.1922495768380487,-0.4362248790118759,-0.16141106789211435,0.049913727243682565,1.9258162797982528,-0.20349038099545871,-0.13749419882529781
0.772843059299277,-0.3328858389601976,0.7573220220380811,-0.07643648887375058,0.06386290474475309,0.22068052336994326,-0.9702469269064359,-0.10404922349381872,-0.09431709062019056,0.3673210841141548,-0.3220225610418873,0.551446801263783,-0.40208859139162356,-0.296629964951232,-0.43345710201246257,0.1321104526379587,-0.05941872507724589,0.11059825077479152,-0.3392607481688129,0.24958195258131818,-0.2578819967847688,0.15119956187633968,-0.0847246765362826,0.03216426049224766,0.024306439686538384,-0.1538414753442251,-0.2920100161093591,-0.06196315628238549,-0.040875642604983706,1.0402972888652398,-0.6810710000547352,-0.18930596027499536,-0.4825448579592856,-0.15809336621188905,0.0529148109824084,1.9322620915690756,-0.20628005824054468,-0.14124196780345136
0.7873641401172204,-0.3394685057574312,0.757535210428616,-0.07487757583643206,0.06301540748090298,0.22096030224722776,-0.9703602175932854,-0.1311768083838199,-0.09485712245738523,0.368150051324345,-0.36856312094947435,0.5539232140204503,-0.4095485495334089,-0.3048402973479244,-0.43170853658163033,0.12307708833157353,-0.059937253758706094,0.14901293020104323,-0.34327627309410574,0.2355362677000161,-0.2612412868155479,0.14803689311229964,-0.0750290095734162,0.02525328005884728,0.029822493829912308,-0.1541779017300911,-0.2662818590124082,-0.05875403340818689,-0.04199631668881216,1.0317249817604033,-0.6985082691776016,-0.1877351614117201,-0.527003766941376,-0.15790898252353489,0.04815702742281515,1.9312721562865112,-0.20747268010813819,-0.14862666223368742
0.8015701153152348,-0.34673748418487027,0.7582590888666823,-0.07291395775218575,0.06207669994175796,0.2205721395104521,-0.9706585235606981,-0.1598337064184919,-0.0949000061470078,0.36788627139000046,-0.41235090018131193,0.5534361997575952,-0.4128373126949037,-0.3133353741068227,-0.4261030460227033,0.11430064240739575,-0.06011152834525257,0.1866927164648773,-0.3471171835183093,0.22069032686080284,-0.26269774296617227,0.1413103960299235,-0.06829195039545181,0.02227412180487748,0.03506912090116152,-0.15500688983712435,-0.23931343890292894,-0.054342928456346945,-0.04487451990861406,1.0192447223901695,-0.7131816260643508,-0.18691841351911698,-0.5691020943427301,-0.1599867602596991,0.03675510759986122,1.92266734086397,-0.20648490903835393,-0.1580079115515764
0.8154981452597587,-0.3542745257814012,0.759370847450001,-0.07076953151247681,0.061134636182642234,0.21977470414704706,-0.9710578299387724,-0.18988022914203584,-0.0948984721400425,0.3662548503533912,-0.4523271380632528,0.550048868738203,-0.4124510883361757,-0.3224974455575551,-0.4210512284953282,0.10759013366920028,-0.05909045964843172,0.2214465837861877,-0.3512626085005891,0.20685909893004312,-0.2606154211209109,0.13543234868905143,-0.064823920037475,0.021302935840726032,0.03995434297855462,-0.1558070403233739,-0.21142723177757794,-0.04919068700127667,-0.04882371481453778,1.0039455814735347,-0.7244475882400894,-0.1866729023671285,-0.6080727806130991,-0.16299849593089638,0.021504493414412677,1.9069924103581584,-0.20488908576662726,-0.16732463546882403
0.8294362739788351,-0.36238512108250714,0.7608506048575934,-0.06823703880080623,0.0601043525531975,0.2186052083092562,-0.9715672577026894,-0.21998590607864918,-0.09392005945534256,0.36347493186843627,-0.49032722196527173,0.5447808207642347,-0.41226814061609846,-0.3303301562755814,-0.41536536497954,0.10034834746525012,-0.057612749891705985,0.2564470754862348,-0.35511903017742164,0.19225285018840232,-0.2583042749766465,0.12923319122731766,-0.06141508060940014,0.021187147916179077,0.0446844924842458,-0.15667487882506242,-0.18272817180429232,-0.04288024239031864,-0.05417999943197715,0.9866837773804454,-0.7332029750958173,-0.1861666259672284,-0.6421413779904959,-0.166642404024995,0.002122214450602832,1.8840374194197425,-0.2035681866267444,-0.17821118105035808
0.8434482832845406,-0.3709883824655552,0.7627595841226384,-0.06536337500718918,0.059082302803322044,0.2169688373387163,-0.9721941340735454,-0.25092989409488253,-0.09254945127521638,0.35961012669635006,-0.5245433272699555,0.5372583368500823,-0.4111655258929114,-0.3372341408367309,-0.41060278280019386,0.09267161037656733,-0.05526753451185156,0.2899740304211793,-0.35896554586050927,0.17828256107268078,-0.2545626467349689,0.12438488045501503,-0.057288759089659934,0.02154289845085995,0.04894623296025526,-0.15751411270645022,-0.15257832019545461,-0.035496262686037,-0.06084258025805158,0.9664817719166156,-0.7389935556369226,-0.1848519254597473,-0.6705432225722906,-0.1715776364094059,-0.02169306012778912,1.8536119804176787,-0.20240679316748375,-0.19111203096672888
0.8575748286784897,-0.3800353592296659,0.7653460741956863,-0.06213832131060363,0.05808686927173944,0.21484749650555032,-0.9729364305483706,-0.2827381946197154,-0.09090431437867087,0.3549869910519359,-0.5549948650621925,0.5275507666615675,-0.4090937943566812,-0.343242954832269,-0.4072710688621282,0.08487228573493986,-0.05235160479529069,0.3216843749873131,-0.3625575464801154,0.16509514579016343,-0.24888771512712257,0.12149346185971091,-0.0521497406740841,0.022203622790732683,0.05279461650478768,-0.1585159491657884,-0.12090014073382092,-0.02697859655674739,-0.06876809915526465,0.9428741979320011,-0.7413921544008136,-0.18310007412942111,-0.6932343273815439,-0.17775279923863815,-0.05034056896489235,1.8154974929721388,-0.20091340278548847,-0.20612477494831397
0.8717093621138143,-0.38970852126241357,0.7684428591974531,-0.05868330821992326,0.05708214481217934,0.212565865042169,-0.9737112770728704,-0.31427773278504356,-0.08869484309066054,0.3500027489972857,-0.5825155255534588,0.5165508999265455,-0.40677961956839975,-0.34870132812034366,-0.40537229145204584,0.07730426379203133,-0.048852986170354815,0.3523425655013814,-0.3657022965717123,0.1523479092683409,-0.2426204445198741,0.12061780871138048,-0.04666703837172015,0.023072649984377625,0.05642354128435906,-0.15959214974659697,-0.08898773219737444,-0.017368759403634325,-0.07749581531481313,0.918112840147242,-0.7395746237291864,-0.18154885156177533,-0.7106977015826077,-0.1827091428559143,-0.08127801796002312,1.7707106177695509,-0.19952592322620835,-0.22031713869501718
0.8859269793199086,-0.39972565082657185,0.7718589400204087,-0.05542351591029531,0.05621812474328313,0.21060754831021594,-0.9743778614732833,-0.3439957260877866,-0.08650481418054166,0.3451952787727006,-0.608699444859563,0.5051636848876585,-0.4061081821729633,-0.35365378730020963,-0.4044857739088963,0.06975986004091217,-0.04475981940864408,0.38264643579718266,-0.36817588507303717,0.1387653070118405,-0.23705539092653044,0.12134644748685788,-0.04130172334139559,0.023873368834090775,0.06007593230831056,-0.16068295943908475,-0.06221587380839318,-0.007932425661838117,-0.08622137282120935,0.9049258978474212,-0.7226670716157889,-0.18400702589414186,-0.7238332585104744,-0.18438560525924444,-0.10993531458769978,1.7205381675632332,-0.19832354841035307,-0.2306145455588295
0.9003538238504524,-0.4102548106480727,0.7755162163998809,-0.05187968062219215,0.05496097582553228,0.2088023824983982,-0.9750330019736952,-0.3723658158702454,-0.08279788266864659,0.33984104405790705,-0.632805032451415,0.49374782368616543,-0.40775450724145673,-0.3587871632739631,-0.4044299471991604,0.06210737595534469,-0.039951523512203456,0.4134359952639215,-0.370208992415097,0.1238314158086701,-0.2326375898322586,0.12369767015394104,-0.0360357208493925,0.024462355579972735,0.06364209597623174,-0.16134426766845228,-0.03521460255457309,0.002881121178887668,-0.0960757367842368,0.8889847212196824,-0.7041303746743206,-0.187915457690751,-0.7332121925136447,-0.18095360462873886,-0.13637032422772077,1.6638549942317524,-0.19550552576245078,-0.23683515302913616
0.9146169227631342,-0.4211642491283014,0.7792720767067878,-0.048161694349496756,0.0534160268854474,0.2071364041359432,-0.9756647422915253,-0.39961936917655605,-0.07823618480052362,0.33405600136452684,-0.6544688639991828,0.48215679261136063,-0.4106745197581988,-0.36404202384551937,-0.4051925702750823,0.054767170388840075,-0.03407830815639301,0.443705243076685,-0.3715075486072606,0.10810953748752457,-0.22907778387755304,0.1277822083002466,-0.03116736871865215,0.024898074230496413,0.06694444127001796,-0.16164845344784132,-0.009563439572397303,0.014673377918666547,-0.10675926500834487,0.8738933650193833,-0.6822295721075047,-0.19307864577672285,-0.7392104590086164,-0.17354844366109817,-0.16100649790785354,1.6006487165148193,-0.19121534007759985,-0.23975724564872353
0.9291022157695759,-0.43225367569852735,0.7830541247559825,-0.044704478297683994,0.051853753838442374,0.2058243891708974,-0.976191076918561,-0.4248538057826814,-0.07352682601074183,0.3278080508921259,-0.6739167739128095,0.47083348507151324,-0.41528344242579296,-0.3692815680783964,-0.40626866494680164,0.0470750613723519,-0.02757588355652084,0.4743618981326432,-0.3720360653028306,0.09092007044613998,-0.22645509824197116,0.1329165532003499,-0.026846123991291403,0.02495033305029994,0.07010386209950084,-0.1616951936893688,0.014584324423932628,0.02594120158709498,-0.11778792214096193,0.8607166381737426,-0.6555436372731102,-0.1986711023923404,-0.7419340763180556,-0.16402445832823823,-0.18329988237083455,1.5329598036295835,-0.1872944673433629,-0.23940619671363036
0.9438312609841167,-0.44341914798246185,0.7867878887938262,-0.04196286701584243,0.05055446159622686,0.20510596939307463,-0.9765320811544557,-0.4479897881470937,-0.07021085937941139,0.3216108642577263,-0.6885039490232874,0.45891620550696655,-0.41990144338105995,-0.3759556720275729,-0.40770127420839597,0.03852360429403891,-0.019937299411951045,0.504290790102774,-0.3712934638280011,0.07304271105860176,-0.22425991232309148,0.13800674618464917,-0.022936217120446214,0.02470423698571297,0.07277602598783596,-0.16164697754796223,0.03708530886899153,0.035211799020829285,-0.12868269935634807,0.8501468954129814,-0.623613365163073,-0.20318116937488792,-0.7418311572768088,-0.15408924900359983,-0.20298385436543367,1.4633825097764273,-0.1856303573018128,-0.2352601991161823
0.9585320251043495,-0.45471093095922677,0.790384831704353,-0.04012933334358756,0.049545660360687985,0.20500189547473874,-0.976682695145453,-0.4672205705321032,-0.06762806615404199,0.31419400503792727,-0.7028297913983046,0.44884662157361105,-0.4271775475776581,-0.38072230672752455,-0.4080286360462857,0.02940101680391333,-0.012743085624945028,0.5357665650449035,-0.3684942197374046,0.05315222724269651,-0.22271636019976687,0.14202751887098894,-0.02015619829523959,0.02419942853656847,0.07561751125715667,-0.16145181988693413,0.05771267406520427,0.04196234782769087,-0.1395544432568722,0.8423742967048115,-0.5859435416022777,-0.20609715688349303,-0.7387962151955465,-0.14408416237621968,-0.22023418768413588,1.39107559537824,-0.18540431075391872,-0.22639666967073155
0.9735861098952234,-0.46601604846166583,0.7937376354960772,-0.03905459825325657,0.04874088681197176,0.20544849935122433,-0.9766729127104878,-0.4843731618041132,-0.06668236195918988,0.30636373436797065,-0.7130844142243965,0.43918987527572156,-0.4349981622973642,-0.3869900583383969,-0.40746756383551236,0.018762155579423734,-0.004987679194086191,0.5666023328262122,-0.36374097277865397,0.031875103182222614,-0.22094319424340564,0.14454904007538136,-0.01765336812812119,0.023493336254791317,0.07799555269454621,-0.16096962598654035,0.07677420773987935,0.0464543040616887,-0.1505507575028738,0.8371742417364993,-0.5426968722878368,-0.20877767095394406,-0.7326813117744067,-0.1336532251354138,-0.23491583314810732,1.31536090149479,-0.18557490822959383,-0.2134995719664496
0.988811555977347,-0.47727477373989835,0.7966006074755952,-0.038653910546766826,0.04826316088527421,0.20638541404868266,-0.9765150297710512,-0.4989347857258801,-0.06695122055197464,0.29809725982685453,-0.7201752253159123,0.43006306609738415,-0.4435092614738322,-0.39344770717974004,-0.4057888091207908,0.006992475890758098,0.0029489367535793635,0.5967191639243548,-0.35737794772520287,0.009918653074967844,-0.21969343249745166,0.1454529567600696,-0.015479766562680056,0.022622416874068033,0.08009109738220956,-0.16027935860522294,0.09426069828923665,0.048763816271450496,-0.16154858833695465,0.8350264380933348,-0.49573494979942745,-0.2114200905558734,-0.7244228076122963,-0.1232862029685132,-0.24695520152680656,1.2398086069509726,-0.1884758229051191,-0.19748779194523616
1.0044111214664517,-0.488774489765715,0.7989729578823813,-0.03879220866202282,0.04825286224208185,0.20778765338493774,-0.9762126391997537,-0.5108883452048438,-0.06835979044151147,0.28991828317891377,-0.7236065134137125,0.4213496014423494,-0.4520923016837749,-0.4004209199754029,-0.40281597582825596,-0.006101441799454359,0.010671301510905812,0.6257572493241573,-0.34988037088408946,-0.01157171221398893,-0.21925120304398915,0.14478927292945531,-0.012846524932717264,0.021671197246501066,0.08183441262558469,-0.1594930568063023,0.11073924351690717,0.04916289871563066,-0.1721377758598735,0.8356524604966643,-0.4465430179245731,-0.2138707630680297,-0.7148870064687849,-0.11366081800479257,-0.256645086379569,1.16927614872623,-0.19615013195658615,-0.18046541544022646
1.0202824029958386,-0.5000691966506394,0.8005318597346995,-0.039536132510350624,0.0487358565986919,0.20961814786170394,-0.9757673608984588,-0.5203152412657662,-0.07080442501238587,0.28171712114894104,-0.7243395546608625,0.41305089911686965,-0.4604202597025482,-0.4070477845987375,-0.3980686336987921,-0.020254057258978532,0.017538424050590397,0.6536886828962087,-0.341497506752966,-0.03280122270523395,-0.22040605299447816,0.14240249175375794,-0.010175032619204133,0.020259909330503714,0.0832933963470078,-0.15881444607638504,0.1258990511994258,0.04721168804767662,-0.18215368407553748,0.8393246718697478,-0.39551461814355915,-0.2168865219903538,-0.7051415730236621,-0.10541602930687465,-0.26408994069571656,1.105747562238499,-0.20936324471361023,-0.1641719333243193
1.0362854117542837,-0.511311307564011,0.8010772650145849,-0.040895121492159854,0.04969037133662291,0.2119111755440968,-0.9751677341432538,-0.5274643843032422,-0.07443547511101668,0.27363212112102936,-0.7215551834301522,0.4054096224238275,-0.46773217948704243,-0.4143177096069388,-0.39126382580468355,-0.035288525622273484,0.023550796882931827,0.6805835358823273,-0.33212824500584837,-0.0533722776132616,-0.22318136112214573,0.1381849667216604,-0.007820622773479712,0.018402459715720458,0.08439721740731805,-0.15827386098624036,0.13984634351695316,0.04286581095080481,-0.19173850956619037,0.8457967555756102,-0.34257627068420904,-0.22051973591994287,-0.6949004060301727,-0.09835732611257825,-0.26962702558815516,1.0480900194350171,-0.22703068468100554,-0.14814519759349756
1.0522608396904316,-0.5224020072200308,0.8006352353393419,-0.04270401015551423,0.0510158544945344,0.21476645094860075,-0.9743967988729083,-0.5319406070787122,-0.07880621201976858,0.2657423333255775,-0.7157079710277674,0.3982916041528764,-0.4744288268870365,-0.42164231779209776,-0.38226614067837444,-0.050607724817916915,0.028461042279801393,0.7058447933520284,-0.3223586838938606,-0.07293418331041933,-0.2272739601257014,0.13219325550307087,-0.005598210270410792,0.016336173918230588,0.08521199517105063,-0.15765046662678733,0.15239312663751636,0.036490918467284555,-0.20062335553571983,0.8554452445141347,-0.289256932730126,-0.22502004146356697,-0.6842213617783267,-0.09241807764287886,-0.2737008594857138,0.9973041932220071,-0.2489779712408005,-0.13348269278683783
1.0685929300567478,-0.533573618921434,0.8001726917853623,-0.044961235754043156,0.052815748909426516,0.2183732046392784,-0.9733972094896183,-0.5331439269029606,-0.0842075777404936,0.25831884147692996,-0.706410909640227,0.3918736616885116,-0.4816536253499335,-0.42903355987439484,-0.3714814955047023,-0.06589696520293205,0.03157544180311856,0.7283353024005067,-0.3127852834367177,-0.09058249534195136,-0.23100599924336082,0.1247226336209235,-0.001406176192580889,0.014691471240446844,0.08574780563892352,-0.15670696189740888,0.16309258201510968,0.02838052851482591,-0.2080527802303493,0.8735079061651688,-0.24698501697804195,-0.23045793727317995,-0.6725424522133967,-0.08783443160043755,-0.2766157809436699,0.9549673008016679,-0.2732315584568237,-0.12257543024863471
1.0849931965231157,-0.5446068557026802,0.799495811864404,-0.04733067685313216,0.055014887563473724,0.22277914623202263,-0.9721638859673465,-0.5311060712876414,-0.08948030283641895,0.2520354945591448,-0.694706294221633,0.3856191605019202,-0.488439769949433,-0.4361320406360536,-0.3587391545840821,-0.08015879765906672,0.03311441698465554,0.747970092164135,-0.30417722892035265,-0.10681225006901642,-0.23602540240940115,0.11574330504806496,0.0038395681176422274,0.013680843010909681,0.0860031231687632,-0.15581114028872542,0.1725710037927756,0.017888283235942895,-0.2158018765930572,0.8933927351472565,-0.20183037389869796,-0.23503018589849886,-0.6602320944698644,-0.08472780767832075,-0.27972681634133784,0.9233824180678577,-0.30080790208652325,-0.11624334791721973
1.1016389500462795,-0.5555508137485723,0.7986393568756227,-0.04997094477535201,0.0577448883833578,0.22796031161876207,-0.9706711744306241,-0.5261560281926139,-0.09524471739386832,0.2470106055333073,-0.6801175792170959,0.37959890722829687,-0.4946622941290528,-0.44381759941573573,-0.3442683261606694,-0.09349377767131746,0.033179485226524384,0.7649676123718533,-0.2965396909719494,-0.12178930971266036,-0.2422445044261007,0.1053252344676628,0.009914559148794938,0.013345394623970133,0.08594868398410412,-0.15516582153573652,0.18107006900035402,0.00485556922717862,-0.22343369455909298,0.9166830267591841,-0.15779807179059943,-0.23919600398942956,-0.6472539911967781,-0.08332600895038199,-0.2827963538448245,0.9026563568757761,-0.3303025346854743,-0.1145660112096042
1.1182475224113815,-0.5665484765677052,0.7974382120445028,-0.052445331667032136,0.060559290451605075,0.23370676814198751,-0.9690011383125207,-0.5186033221389882,-0.10049924563341663,0.24334896455774607,-0.6642061689061083,0.3741522415385645,-0.500437111970078,-0.4514861784869403,-0.32874297067744673,-0.10608912191207893,0.03153237669315473,0.7791924547828676,-0.2901136172118533,-0.13515394325974636,-0.2494013527887315,0.09400797093180915,0.016368210008578007,0.013740085293785665,0.08569611098667336,-0.15469179124890362,0.18737172636184832,-0.008381049091658347,-0.2289661448149871,0.9439970810473431,-0.11631460261783365,-0.24501278976454532,-0.634729185473967,-0.08200101294061488,-0.28515139886963886,0.8913807051254502,-0.35766818046104765,-0.1174487225661648
1.1349539756454587,-0.5777341566540013,0.795732303550399,-0.05425106842869895,0.06295809903078235,0.23981396520775086,-0.967255065343217,-0.5090961922929771,-0.10412187987237921,0.24136736760156627,-0.647472096003229,0.36895753009086424,-0.5058258793676031,-0.45914074073994626,-0.31368619080988325,-0.1187149950177043,0.027935274753337735,0.7900611737346452,-0.2854607351640252,-0.14675515287006943,-0.25671042005200706,0.08270840649910319,0.023271818003874095,0.014633085375486325,0.08524621445479506,-0.15426454159587688,0.1906738123549636,-0.019091177350574313,-0.22988933052909075,0.9748169842807782,-0.07765789310740973,-0.2547209747638974,-0.6237997360876771,-0.07895412316034157,-0.28584243983728264,0.8879935596321907,-0.37831124495684293,-0.12561031329092287
1.1515799936131845,-0.5888943310261073,0.7934726934231642,-0.05542615255841777,0.0648155560702251,0.2463311081879165,-0.9654262635969627,-0.4974275859278452,-0.10574743591041516,0.2409221557340242,-0.6302436633194292,0.3639499395888012,-0.510552119853981,-0.4662748062206029,-0.29976391711122813,-0.13077521498849637,0.022358028001904645,0.7970180563100457,-0.28293777319849656,-0.15622718710258676,-0.2639714247068082,0.07184723143931604,0.030233949141856672,0.01612200552779929,0.08460694559463477,-0.15390275889971106,0.1902621021018683,-0.026897537424536263,-0.22316935373192898,1.0093988717919438,-0.04069091231641402,-0.2629046843829187,-0.6150415702512096,-0.07347516857178457,-0.28343145221679517,0.8920762389753842,-0.3888836846095013,-0.13977106336104825
1.168021878952309,-0.5993477642411359,0.7908850908645857,-0.057294131685655836,0.06695422284311782,0.2532266912535767,-0.9633850514486029,-0.48369238805457593,-0.10809362934384673,0.241334701288161,-0.6121147397112247,0.3590019192154416,-0.5140187077887477,-0.47252412838058416,-0.28690725058817407,-0.14103872311369617,0.015181432743153325,0.7996991617881948,-0.28271429046634916,-0.16330382994997647,-0.27109951281933065,0.06148720062554422,0.0364067293144613,0.018413990012224726,0.0836900761943469,-0.15376107596121544,0.18683633197933064,-0.033946605584131206,-0.2055380954074693,1.0468555467341345,-0.004875831888702439,-0.26128002411810136,-0.608418076553032,-0.0691556221434632,-0.27645098357796954,0.9056444931948261,-0.39088430033637517,-0.1581608983566545
1.1838315376847355,-0.6097829147347277,0.792656267981667,-0.0584387066989575,0.06938198796634548,0.26021041478161644,-0.9612812269801022,-0.46840931023995985,-0.10976253499051512,0.2456271589582886,-0.5915521270478121,0.3554742446821062,-0.5193942915753779,-0.4759432958289712,-0.2776023415635475,-0.1461172332741314,0.003949267788372602,0.7924925416970078,-0.28452939216854845,-0.16484725623082905,-0.27043440120313683,0.05264719404605128,0.04779010775184417,0.022545465690031036,0.08222913872785881,-0.15489990573178708,0.18244680363831633,-0.03548261059714044,-0.18020236338987186,1.082906598642746,0.024549428197295393,-0.25842535679136774,-0.6064259679938182,-0.06706370505819119,-0.27580829895764214,0.931201818182622,-0.37181456456463885,-0.1754015876659632
1.1993920401894584,-0.6205214591189399,0.7923437199714582,-0.05858630988966132,0.07090741271077493,0.26724943865676987,-0.9592275645819497,-0.45288291981995993,-0.10893765979134307,0.24908563568115155,-0.5722933147182268,0.35145169698766715,-0.5211647507038509,-0.4793451816451904,-0.26974477540871966,-0.1526233729382402,-0.0075527887141845435,0.7871789335804971,-0.28838736623195843,-0.16630478342533983,-0.27518523521093136,0.04538031476693401,0.05577253331723706,0.02623350300850936,0.08097994746406952,-0.15485762391981034,0.17265631113978022,-0.030808962732477192,-0.15145072072471757,1.1280668785144756,0.04243474980412571,-0.25792438558271724,-0.5996995085366359,-0.05824613987995431,-0.2670566340296007,0.9539422798923625,-0.3678522313706212,-0.19941320863633197
1.2146273357636042,-0.631829105175974,0.7901590823279543,-0.05746601856560913,0.07113889903351162,0.27432746908453987,-0.9572780961978543,-0.4367707981422743,-0.10443074350231842,0.25109565847972554,-0.5515446434960147,0.3477208777838414,-0.5189063166085119,-0.4809048957487117,-0.25971629594866213,-0.16382029164352258,-0.025180496517967818,0.7821849683527748,-0.29418147359546276,-0.16677311525961908,-0.28295606530411566,0.03788223313384066,0.06378085614676218,0.031292966598511565,0.07957896288162765,-0.1530171815054965,0.15870537466237575,-0.016337939017858683,-0.11659806349616036,1.1790258530192874,0.04399163978736187,-0.2562962747320134,-0.593319121366506,-0.04622746776999669,-0.26063438531165334,0.9755772120699475,-0.35086687041720765,-0.2256918628892983
1.228946066634058,-0.6437240399362466,0.7865166392594592,-0.054823617474121164,0.07071830870089424,0.28117604056801165,-0.9554754449969046,-0.4203946244862433,-0.09668276588067755,0.25456881525485153,-0.5306113200478897,0.34486472789984335,-0.5149357296144845,-0.4806709667584062,-0.25312988659111646,-0.17503535136261889,-0.03997167061086085,0.7740308653206085,-0.3013148764060437,-0.1643212985842392,-0.2895548872935058,0.03511615633387998,0.06654657094661533,0.0350956086678695,0.0781303737078966,-0.15079756385418402,0.14238851741508357,0.0076053458870486285,-0.07816761070942167,1.2349200892323067,0.028255763860173765,-0.2531252376876718,-0.5917448680393453,-0.03356739390662031,-0.2581447353457166,1.0121229142619619,-0.3691379871433281,-0.2547879018804783
1.2432498940885781,-0.6559684484959672,0.7816499909953715,-0.0515649631902172,0.07000248522454962,0.2876564319047298,-0.9537790539833733,-0.4043814260600424,-0.08761171795936626,0.25819991610499127,-0.5077260245958454,0.3422445390237199,-0.5100104714842857,-0.4784523115963393,-0.24931966089130375,-0.18737737467542911,-0.052894916970809336,0.7628102144323158,-0.31029432610470925,-0.1592816184970117,-0.2950221281070849,0.03522007581840871,0.06782967207106083,0.037051638171558286,0.07646693813545433,-0.14763466668689465,0.12461490797453614,0.03539948224165843,-0.04228082290771326,1.292371117468693,0.004180929979503698,-0.24982879728673155,-0.5897368386839907,-0.02022440026766781,-0.2549262061589271,1.0499295468440266,-0.3925309592754916,-0.26958555922087546
1.2573033833972185,-0.668914051980765,0.7766795184323201,-0.04723678012176148,0.06880450746976771,0.29416100936132544,-0.952104997847978,-0.38824341319326994,-0.07664068619223809,0.2626722273055314,-0.4812819026289833,0.34024832870390104,-0.5041147848691547,-0.4737608132575462,-0.24776072985209663,-0.1996798748071467,-0.06422555179302296,0.746414685075189,-0.3210010719011762,-0.14965791937824818,-0.29804931190336287,0.03682679552468812,0.07138648348957556,0.03689140781281661,0.07438027273520827,-0.1437333327976444,0.10443042924829274,0.06389490349011395,-0.015214623362902675,1.3491342678715175,-0.01971636243427821,-0.24760601216449726,-0.5838985435090995,-0.003692620062449658,-0.25123171085200574,1.0811824952435045,-0.41689719455980934,-0.2692079284950791
1.270281849439305,-0.6831538331997485,0.771808514302262,-0.040068808146561365,0.06609654674249263,0.30147012101320736,-0.9503375733173527,-0.370645593151963,-0.060081000816094375,0.26833774220184253,-0.4509509785941503,0.3388877498937776,-0.49657640803810876,-0.4656921433440873,-0.2470819007785401,-0.21151285299478897,-0.07364809143540228,0.7246812171941348,-0.3333597964555836,-0.13416506839475387,-0.29886551534556655,0.03902011528400208,0.07772222490980653,0.03377869312827636,0.07184401377666019,-0.13856120701229385,0.0797499224980304,0.09608846350118488,0.0006624933337464696,1.4072663276166917,-0.042558267772465325,-0.2478023677457544,-0.5730674946038822,0.02273423995716693,-0.25021320055189644,1.1008334341858947,-0.4413410056767679,-0.2697610627418851
1.2825559053249924,-0.6979780290534894,0.7671507045534495,-0.031041784496274604,0.06237270038081694,0.3092868802777017,-0.9484132430278371,-0.3523126745697828,-0.03969847168670622,0.2744987529285467,-0.417588360797599,0.33793346728649004,-0.48744085213184063,-0.4541559835011804,-0.24738971059546533,-0.22235213428395198,-0.08178657153623177,0.6978778595400165,-0.3473940563529429,-0.11353351250230219,-0.2981626832309158,0.041533239245650354,0.0862702749342446,0.02710681544588401,0.0688766181616197,-0.13233838517145585,0.05102671668181033,0.1317026859510675,0.00915359488166122,1.466876368789895,-0.0667254488205002,-0.24683816465100591,-0.5588856578814527,0.055301906232056754,-0.24972123845476724,1.1135339833282138,-0.4676893324909725,-0.2702681862450099
1.2947108907651244,-0.7122616695742364,0.7629448832489492,-0.022930695017810625,0.05891142421659454,0.3169011807530247,-0.9463494433665148,-0.33478315037609657,-0.020938348807384807,0.28036338482330986,-0.38214656914225376,0.33752756082704366,-0.4764561462042681,-0.4404381556704828,-0.24986836010210728,-0.23095493426655717,-0.08863129410089718,0.6655110233963659,-0.36260320304986937,-0.08841457241764605,-0.2968859561877084,0.04453329765957718,0.09688605417404267,0.01771428846019883,0.06545993781951362,-0.12635638212714811,0.018720898202894902,0.1681370339943471,0.019818047943369582,1.525571751314875,-0.08994872895091531,-0.22469228738658634,-0.5431690860011561,0.08562489631634046,-0.24650604724134503,1.1242054972918696,-0.49545079766613837,-0.2695270673371357
1.3064677252650816,-0.7258308822384598,0.7591520137040956,-0.015839550722637773,0.05551634030620998,0.3244036166224122,-0.9441553569800948,-0.3179174222568222,-0.0038212474390042907,0.28575396313923407,-0.34574939694114204,0.33763329602130354,-0.46386202761543754,-0.42579041026265746,-0.25609865410242455,-0.23567814662793443,-0.09349396566890864,0.627488094074894,-0.3781508112785396,-0.0595936078149996,-0.2959687441651539,0.04853906496727969,0.10950684302074895,0.007478549842219963,0.06164648250481786,-0.12141130632456822,-0.016948281455760973,0.2018030244123903,0.02690745416715803,1.5816067552453477,-0.11112028371027842,-0.20055161050842665,-0.5270059952083103,0.11332581187696628,-0.24117323601380328,1.1327586272405228,-0.5218242332618681,-0.26784038109452085
1.3181888143054463,-0.7385034277866106,0.7559583802775698,-0.010398365813987958,0.05232196342610936,0.3316473657172723,-0.9418940019686026,-0.3013918842721079,0.010281105533870884,0.2909530216059982,-0.3087724988305254,0.33781556728456263,-0.4504594908347079,-0.41033891579071363,-0.26863270886831986,-0.23661129257167232,-0.09538943474537738,0.5828478380613115,-0.3936577075006599,-0.02745939537767636,-0.29659939755599474,0.05434289277630931,0.12692597369739483,-0.001808040607206316,0.05739879374140198,-0.11821342177909956,-0.057617355028633147,0.22886172604515684,0.02822457973419835,1.6330268101679002,-0.12580415017320928,-0.17632631598729595,-0.5103384506476858,0.1368537361466784,-0.2338313555624866,1.1385145409595965,-0.5457682727659359,-0.26647162601257784
1.3299825379713877,-0.7507502875494011,0.7533683053656236,-0.005768931458611324,0.04911198947703664,0.33879304564186363,-0.9395605377750514,-0.2846473652290452,0.022835485199876222,0.2963216595344258,-0.27099023591463617,0.33794436431112296,-0.43657746219739346,-0.39370453375574027,-0.2874358042723509,-0.2342784264367672,-0.09394666496388981,0.5323915274020149,-0.40849719481163005,0.007701027447315219,-0.29902737509366867,0.06182246310424998,0.14871525505646147,-0.009885434828321568,0.05265463981817737,-0.11619317267172989,-0.10322221218905207,0.25134022927843797,0.023724294802466933,1.6808452144935715,-0.13624933910319323,-0.15205822289292284,-0.49249170317023844,0.15856578519117856,-0.22535039651817598,1.1408606739191132,-0.5680175166491257,-0.2661644780752122
