0.0016541262293024127,0.017825170965462246,0.8201116570094539,0.06246918859365763,0.07519195537143047,-0.7081828097372785,0.6992287739477578,-0.327933130489611,0.03962811860865415,0.005440952229565987,0.30170129530086476,-0.15117439823420664,-0.021456744742656447,-0.31479871369375023,0.004987564868832948,-0.07677603476723016,0.270370809750587,-0.1219987786816791,-0.006349755927941574,0.054016743695359797,0.26934371827474174,-0.17454327747941162,-0.8796166314570664,-0.1973789748002121,0.5395168170746674,-0.324854401492501,0.20355685882051633,0.641368557075486,-0.31743324987766636,0.08778678378719086,-0.06284483025170735
0.0007977222737906048,0.017953023091758124,0.8229804223338189,0.06684056611708188,0.07062430947314223,-0.7083452087158297,0.6991363321426783,-0.30649254344781746,0.027208964293606815,0.014799210894836856,0.26481980459080423,-0.13231513452682994,-0.021490140249231758,-0.3103250092498919,-0.0067885744673011165,-0.07472116308966718,0.2595666583984659,-0.11566723317935688,-0.006573377332050745,0.011685754910142144,0.15555132848422165,-0.03556703353993432,-0.8206558625074283,-0.34703366613282777,0.4230195751214225,-0.21905185678321742,0.058766939957254155,0.6570618819743809,-0.43979493121621416,0.04497387300226449,-0.02531538752767414
0.0005316110838420785,0.018027848013127824,0.8229696719431367,0.06934879920466158,0.07051987260316522,-0.7080435011441651,0.6992081893859781,-0.3045129594455338,0.02308587616596847,0.015599207899618564,0.2540661738892061,-0.12473873621384873,-0.02144662018201062,-0.31699520509321394,-0.010413271597681996,-0.07329494833538833,0.263900178481727,-0.1170986825694042,-0.006484496864873778,0.004685175169771037,0.07444555790464313,0.030264737882662304,-0.7259648595515856,-0.39808503397260675,0.2786338648196603,-0.16413830641772187,-0.029434517938236312,0.647163174895,-0.48417820789222416,-0.005816086800166731,-0.016035994514046196
0.00039561705404434524,0.018349051197257382,0.8229834865239277,0.07093297618858772,0.07037135324743984,-0.7080411869268515,0.699066565604713,-0.3054300209917322,0.020458047255133324,0.01607148413565937,0.25103433175535383,-0.12231336280345446,-0.02147756280893905,-0.3224241472222685,-0.012703386376966932,-0.07125858534288645,0.2682300877986077,-0.11854188373477624,-0.006529141873647393,-0.0004723553643516423,0.013731501732542152,0.0636337254599957,-0.6611782665137509,-0.40753656831799817,0.19764197425483437,-0.14618030744524013,-0.07115846380381237,0.6346565815472166,-0.474277010828026,-0.031517360777164494,-0.01117705614636106
0.0002939965574110176,0.0187492045277779,0.8229934309715672,0.07228641944278198,0.07031754144201557,-0.7080204085220413,0.6989543747956474,-0.3067458654083254,0.018291991864824053,0.016269932938124673,0.24866886385636547,-0.11989015370825083,-0.021760948364022637,-0.32758202887038107,-0.014543678439013429,-0.0694528240012122,0.2722072572970726,-0.11939295987216927,-0.0066500717220468525,-0.004506739600129025,-0.02643210453587869,0.08635765077607233,-0.6207889026338451,-0.4132577870972033,0.15112867980635292,-0.13862072536722686,-0.09459808241670851,0.6237203173112622,-0.45972401182169587,-0.04392822185097222,-0.007838367910382376
0.0002523589140923892,0.019410820888101487,0.8230084430800058,0.0734424490543144,0.07045457360870508,-0.707960729743177,0.6988805082959662,-0.30866999723395205,0.01660657357811426,0.016125049930369364,0.24674938889996745,-0.11745046084492344,-0.022375912443747682,-0.3325941537445743,-0.01585776584651661,-0.06787673996873261,0.2755342699636592,-0.11972910113123486,-0.006776726686466556,-0.007002979464920302,-0.05308196271627929,0.10274142415506682,-0.5970262374142138,-0.4192582501096995,0.12709499700245816,-0.13441454120868773,-0.10889508616914156,0.6129250895238877,-0.4492203249161328,-0.04900493135474606,-0.005563312056579395
0.0002618886174822837,0.020214111828006424,0.8230263880303094,0.0745101492294227,0.07067616529432083,-0.7078607748210977,0.6988463642251953,-0.31090839423980804,0.015118265032049629,0.015716468520109547,0.24496439959221655,-0.1147630076590901,-0.023332905966324428,-0.3377769359031016,-0.016952586132833965,-0.06640093465743716,0.2789171766899952,-0.11991048702151946,-0.007006432031795462,-0.00889584645231273,-0.07074765063536596,0.114163986927999,-0.5824160258214284,-0.4250012051116707,0.11016454209338264,-0.1316184012949654,-0.1177765990612113,0.6021147634800915,-0.44295848268251325,-0.0509832149638172,-0.0039637023568340896
0.00017722730621294887,0.0209589705040498,0.8230365793344069,0.07553589634380832,0.07093095922771255,-0.7077509645754477,0.6988216507300681,-0.3133538519999464,0.013801401825533412,0.015231137617270067,0.24341499166508537,-0.11202164002610705,-0.024174178914903564,-0.34279552115031703,-0.017871784387753244,-0.06504770022752543,0.28193380597780293,-0.11956132664342681,-0.007165255477038403,-0.01061520284161665,-0.08301310817216148,0.12274583975105767,-0.5761865164207044,-0.4297816347215433,0.1020320067883913,-0.12919628413112702,-0.12305966597589157,0.591182333783519,-0.4402986681700133,-0.05106764235997111,-0.0028478703225327294
0.00020841734957068777,0.021743632060922776,0.8230378535524382,0.07664748015156438,0.0711813373102859,-0.7075887908556088,0.6988393835929917,-0.31606578311474326,0.012214073331891229,0.014372803305413776,0.24177992073670054,-0.1087127325385019,-0.025201405774362064,-0.3486716748020252,-0.019023672146556862,-0.06362387542661606,0.28597003639355656,-0.11914882820946919,-0.007550834168312634,-0.01258721424154989,-0.09224898068142674,0.12940474237168156,-0.5767597698934188,-0.43426537150194433,0.09467548987549348,-0.12626313758340219,-0.12567565852248472,0.5765458609056734,-0.4408899953188212,-0.04960941285131654,-0.001882227722264069
0.00020967110127707302,0.022745494224406537,0.8229355722319277,0.07776503334278986,0.07156579344454869,-0.7075033402640322,0.6987631646796246,-0.3209202113061612,0.010909442763897369,0.012997217343093,0.2433556751225903,-0.10666394935198771,-0.026290358916673452,-0.3556571606131169,-0.01983612417475875,-0.061813104265018556,0.29104216073399075,-0.11878134265227969,-0.008107554421671187,-0.014460243683380055,-0.10025706492184686,0.13579747442272797,-0.5844302466035818,-0.4389664038116465,0.0871314747985826,-0.12251924339725451,-0.1258016800784675,0.5568524873442653,-0.4445641243839584,-0.046151108836637714,-0.0009951727303763632
0.00012439234559451635,0.02395809964858376,0.822724681077703,0.07890275582565141,0.07208455840349859,-0.7074679732417988,0.6986180919501238,-0.32769986587669264,0.009852796882292908,0.011149987343841632,0.24765955243161136,-0.10585925154820172,-0.02735034561247498,-0.36375339036119475,-0.02032061904694538,-0.059592345604873594,0.29720553923654897,-0.11858630548356205,-0.008702175988856456,-0.016159272532966496,-0.10782524207198349,0.1421684494626017,-0.5978166134134613,-0.4438333513959033,0.07896004440953552,-0.11788323423392112,-0.12401724579844522,0.5325550707717777,-0.450868625049883,-0.040390313477121714,-0.00025244670657210993
-1.7694400142676958e-05,0.025391223908745868,0.8224505674324246,0.08006078748700421,0.07264698267424835,-0.7074046858954915,0.6984921592891286,-0.335518475815435,0.008811278189341666,0.008851030646117275,0.2532231551709326,-0.10556271171350477,-0.028381093619785927,-0.372646643588922,-0.02071243523442279,-0.05722509554797483,0.30424969579867545,-0.11859434677458025,-0.009289136846576286,-0.01761228248662392,-0.11536486299776114,0.14821943962201642,-0.6151378759697681,-0.44891828616821633,0.07006422360687443,-0.11250716809191562,-0.12120050942771625,0.5053998496545168,-0.45945414534581336,-0.03260114647228915,0.00029894211824702525
-6.134401828049896e-05,0.026984882435520028,0.8221324299482927,0.08120559451377482,0.07317739019643871,-0.7072605083240835,0.6984506384483168,-0.34381304804367396,0.007592246366087227,0.00604877132195002,0.2593709244516798,-0.10532240298981851,-0.02959795431445452,-0.3820291868825058,-0.02124082720000578,-0.054999072924105476,0.31207267483361384,-0.11883531841085829,-0.010058749796426762,-0.018841457046099748,-0.12277222293269453,0.15360600742875416,-0.634631779305082,-0.4547007665451248,0.060610432976130765,-0.10656082963535846,-0.11825359929895578,0.4775377803947257,-0.470085941732315,-0.023609177768493216,0.0006405570585110405
-6.336853281049294e-05,0.02851078434501296,0.8218342538167983,0.08239124640196359,0.07364517996110502,-0.7069966334866679,0.6985297633052907,-0.35237907133341967,0.0060477106207615415,0.0027650769971739007,0.2658449697297798,-0.10468207399131672,-0.03077208653755108,-0.3917915065181803,-0.022066931975793253,-0.05304468863031634,0.32063062346595705,-0.11914239003547793,-0.01098796772887289,-0.02024181411043729,-0.13011146617369393,0.15886644911702646,-0.6568914354030645,-0.4613760893958226,0.050513543633153656,-0.09976178630545289,-0.11505043064018013,0.4492478799709564,-0.48283401203951337,-0.014357194059930065,0.0008895356853511696
-0.00010924715617831759,0.03013968874530328,0.821546237746951,0.08364449377346096,0.07409464249443676,-0.7066262863100374,0.6987080034683215,-0.36136014191088,0.004258508193442052,-0.0009767619325161073,0.2725398526406709,-0.10372950825221898,-0.03182483499631024,-0.4021331747041896,-0.023061860440649236,-0.05124146072158191,0.3298803148908777,-0.11954172347201714,-0.011958609425302255,-0.021872943796021515,-0.13780797638057415,0.1643816470766722,-0.681778820518279,-0.4692971926143555,0.03969364919447401,-0.09233807886836386,-0.11132053646046942,0.4199663767763036,-0.4978461227276256,-0.005336074878410238,0.0011039690830664027
-0.0002027517020921934,0.031803780356827106,0.8212885652803584,0.08485693795326961,0.07456157191583704,-0.7062114231742717,0.6989315401760062,-0.3705202095436537,0.002535757852232392,-0.005062628207231362,0.2794337652425669,-0.10251707546242489,-0.03304280688084205,-0.4127346093527656,-0.02394793311393882,-0.049519097518637256,0.3396045153758441,-0.11977465771706461,-0.012993865014742752,-0.02331018430148357,-0.14513169854439978,0.1696326179695136,-0.706376984810099,-0.4786138072835016,0.028390714657861266,-0.08449215715454052,-0.10747971949119052,0.39123839279582995,-0.5145770053157488,0.003296574043863693,0.0011735910219202472
-0.00039650212908100307,0.03365243350329324,0.8210643121939727,0.08592335489602847,0.07507174042707612,-0.7058247470358306,0.6991372092404086,-0.3797017595676075,0.001194401663729804,-0.009317406370149514,0.28643887666863016,-0.10125502959013133,-0.034700933176458594,-0.4234111385309777,-0.02442484125421798,-0.047696523425091834,0.3495951351999824,-0.11969190512147601,-0.013992142338687417,-0.024369787723358374,-0.15122906456682858,0.17425390735184398,-0.7268030395713806,-0.48946335432130006,0.016921552521236966,-0.07699114236697857,-0.10394477842474652,0.36520762253164585,-0.5323429718741093,0.011473616873029804,0.0010058965517988764
-0.0006954307680831812,0.03544406502599793,0.8208959300796542,0.08680788505290449,0.07557695909535439,-0.7055456819399187,0.6992551787741553,-0.38847082131944277,0.0003374058694191666,-0.013497279305484566,0.2933946008187693,-0.09978026371469553,-0.0370664515068994,-0.4338762580270959,-0.02445529864963994,-0.045604609322371835,0.35982330939326385,-0.11904374059620261,-0.01504594269591067,-0.02519702150855133,-0.15508214005631196,0.17833665676246369,-0.7414714952732441,-0.5020040133690795,0.005275924071595544,-0.06960750570567822,-0.10090988210995838,0.3427872854715388,-0.5509640453037292,0.01893565537302895,0.0006839399102517823
-0.0009284811100785632,0.03712701679332624,0.8207447740728956,0.08760121299220298,0.07604499721389044,-0.7053282757470614,0.6993248238928111,-0.39692113280230845,-0.00037913086870454806,-0.01768275595407754,0.3003129357527158,-0.0980211028658936,-0.040191797887268205,-0.444356713659161,-0.024378972873526906,-0.04332236413586314,0.3705174990601634,-0.11799178602747781,-0.01638184425916764,-0.026125706328256487,-0.15690657209750392,0.18219058163653465,-0.7515504073599277,-0.5165242802221381,-0.006774709028778034,-0.06215653168590428,-0.09855131049770355,0.32330595749532826,-0.5706931198214992,0.025365636501584757,0.0003886305143743996
-0.0011405945668339702,0.03861595439346551,0.8206488220638822,0.08835674923189081,0.07651670519235983,-0.7050584613273273,0.6994503876633565,-0.4052982114115181,-0.0010830395614116477,-0.022080365619825962,0.3072580982859339,-0.09578086741631786,-0.04363709775359203,-0.45479558628895167,-0.02429130013701595,-0.041214168068255314,0.3814212170612998,-0.11644044510105286,-0.01791861855655424,-0.027157338342246762,-0.15706169263624767,0.1860054202664733,-0.7577904561158776,-0.5325574577687294,-0.01929005004135171,-0.05474469206172639,-0.09689057377264909,0.3069083003905418,-0.5909580221711677,0.03082042228845187,0.00014695859004885
-0.0013828067352981244,0.040253046238986644,0.8205611786495749,0.08912167097544604,0.07704296062950895,-0.704622086020401,0.6997352541299049,-0.4141488152284044,-0.0019252495178722277,-0.026963998639605986,0.3143665557240413,-0.0932900557050513,-0.046896642415530015,-0.46542701534694947,-0.024249602543668425,-0.03957648848166218,0.39231452049009785,-0.11464477407477432,-0.01941036433303327,-0.028362882323881882,-0.156288700753464,0.18992662137395577,-0.760572557259441,-0.5497084368763131,-0.032160191529267995,-0.04822012568400419,-0.09596260623275098,0.29370518832334913,-0.6111681833232327,0.03554943775635033,-5.915419845559997e-05
-0.0017735170047253601,0.042285388464211406,0.8204577479566894,0.08991639648260404,0.07762677422542168,-0.703993398588684,0.7002016997340783,-0.4238559578983197,-0.002892532109586179,-0.03254948174153499,0.3218826747417648,-0.09070907008970194,-0.049749461314722215,-0.476536788356516,-0.02417636971796193,-0.03842910100324466,0.40334982194583535,-0.11274703187503432,-0.02073900833786073,-0.02972057673442162,-0.1548782464066885,0.1940359253619922,-0.7598017363241953,-0.5676018761781938,-0.04560087327956703,-0.04299201721839425,-0.0957745830528725,0.2840679585104608,-0.6310352935822797,0.03988983895688814,-0.0002718617758255959
-0.0022093270287634526,0.04440996816432208,0.820348272531078,0.09069614439577935,0.07823013855032958,-0.7032260767208368,0.7008047801163712,-0.43402279050062376,-0.0039858716918686815,-0.03869828504384464,0.3297830176898172,-0.08790956408808506,-0.0524538245858629,-0.48787221304746586,-0.024148251673257206,-0.03769755269203459,0.4146342704871739,-0.11060138892561233,-0.022087267655323806,-0.031224029064815185,-0.15215369540686072,0.19815695350480483,-0.7556727836470848,-0.5862233745240967,-0.05973062026645766,-0.03840325155260462,-0.09644346764067703,0.27776102023245897,-0.6504734244381709,0.043964147624189466,-0.00048056683357955855
-0.0025543719093333674,0.046128077854032536,0.8202480665261553,0.09145000985150456,0.07881656313285319,-0.7023187147019271,0.701550616886278,-0.4440815101665664,-0.005302319474568772,-0.04513370244559661,0.33789496456356727,-0.0846457115181966,-0.055144445012594176,-0.4989099663228852,-0.024385452143567937,-0.037508936563860514,0.4260000335788855,-0.1080657913950521,-0.02361824082169089,-0.032911032132819436,-0.14746918594751235,0.20213234145308115,-0.74891672660353,-0.6054318148595265,-0.07398750876619561,-0.033744176907641914,-0.09793566914887646,0.2740737225597926,-0.6692159827980562,0.047690545258237106,-0.0006420301625970016
-0.002950587589739601,0.048025473932372525,0.8201148277590813,0.0921898891252275,0.07940895451428907,-0.7012596455930307,0.7024458354554909,-0.4543366189214413,-0.006795288340147686,-0.0517198513290069,0.3461281294127554,-0.08143487543762268,-0.05765328342323364,-0.5099268442742596,-0.02476922459737033,-0.03770657234206457,0.4373224670203314,-0.10569720681975536,-0.024891452747454145,-0.034700759110505554,-0.14178955457421957,0.20611171177335202,-0.7393783789535583,-0.624985036036496,-0.0871655054631439,-0.029964592978850672,-0.09968153246893871,0.2721266736901845,-0.6872232510167445,0.05073312970823728,-0.0007763478449325389
-0.003451399115283236,0.05002465444567672,0.8199921783171309,0.09287708619503982,0.07998106724857108,-0.7000478798288514,0.703498288333972,-0.4645899942624626,-0.008357446787261308,-0.05829383288079377,0.35442823552177816,-0.07820562272663474,-0.0599008490169474,-0.5206141574099664,-0.02525083994146323,-0.03837725551043456,0.44837015639191347,-0.1033790448329936,-0.025755745257635968,-0.036561021309755116,-0.1347599353495186,0.20986442008623604,-0.726990432334489,-0.6444721487463558,-0.09797094894415007,-0.026913853037701642,-0.10175962822806316,0.2721312542614669,-0.704185955616831,0.0528421476034723,-0.0009317503177568147
-0.003896449517480469,0.0519298253058834,0.8198679799795832,0.09348950425143808,0.08053937919366118,-0.6986975243855277,0.7046948917165885,-0.4748144011615761,-0.010063593717281457,-0.06496186352085234,0.3629653134240654,-0.07482202632658468,-0.062012105873245064,-0.5309299072823452,-0.02593502403706679,-0.0395629500495093,0.4592322980948074,-0.10091045984368113,-0.026456796710430566,-0.03847907097206125,-0.1261524031273236,0.21312718633707953,-0.7121715721304657,-0.6639066116781266,-0.1058647414914417,-0.024293604228705395,-0.10452372237700742,0.2741376128659334,-0.7200712006039816,0.053973993963413305,-0.0011020551080882328
-0.0043441550009089966,0.05374820985308672,0.8196501510442845,0.09409802947726333,0.0810732076938196,-0.6972091289194838,0.7060255848013335,-0.48515112894880225,-0.01201207119647399,-0.07194391804002583,0.3717738268211966,-0.0714067162430796,-0.0640516890289257,-0.5412280690904893,-0.026873271807163104,-0.04115149698128564,0.4703294918001491,-0.09855581386107122,-0.02715494897074836,-0.04034732549003511,-0.11641838047228738,0.2162411987905531,-0.6959036410361213,-0.6833808248373809,-0.11101241762608094,-0.02184751963643582,-0.10759934255850104,0.277342542022574,-0.7353760355942773,0.05414288712497259,-0.0012294303402944759
-0.004792702005526269,0.055585393837879984,0.8194315397568285,0.09475346882422328,0.081619697207009,-0.6955794247957248,0.7074809318804721,-0.4956621487471929,-0.014290620243716691,-0.07945773986886219,0.3805204058970474,-0.06781124798216324,-0.06609226839411898,-0.5517054833746275,-0.02806206567284409,-0.0430765498790576,0.48158432663923667,-0.09626643238236149,-0.027995953207190546,-0.04193319981194125,-0.10638307437349964,0.21926578369124905,-0.6794195790551213,-0.7025259584337289,-0.11411196435693811,-0.019583615737110392,-0.11053466879529969,0.28055784676834566,-0.7499742178715538,0.05354817423637073,-0.001265935342346025
-0.005321862159505632,0.0575530040038532,0.8191679968445205,0.09540950899108754,0.08218820849859744,-0.6937826220356307,0.7090894142061602,-0.5064364218581502,-0.016823464954726915,-0.08774581428782409,0.389294648847426,-0.06416883962496502,-0.06818174102307739,-0.5623921114906094,-0.02940484444883383,-0.045455729567012444,0.49311575835570154,-0.09413975581179695,-0.028940168372451183,-0.04304225459488701,-0.09613497998980819,0.22218857084787816,-0.662544916834016,-0.7214892926341213,-0.1155187792820736,-0.017311472566643102,-0.11314077155925485,0.2833514365856755,-0.7641434365940757,0.052461907114200505,-0.0012665226838020954
-0.005879915190446639,0.05943200417355158,0.8188823071128635,0.09602201581924344,0.08277426381448108,-0.6918255195466846,0.7108485381795049,-0.5172878158995173,-0.019565863984802583,-0.0966482316065909,0.398182940833577,-0.06036243790298827,-0.07029619456224481,-0.5730082062596752,-0.030928112263490962,-0.0483623367555965,0.5048158253882212,-0.09197382046999153,-0.029986988203962568,-0.043740030785343435,-0.08523338338856243,0.2247853610668078,-0.6452423200918911,-0.7401693220807029,-0.11527667197732475,-0.014829010033312717,-0.11562147898402335,0.28605479504399106,-0.7776519954017324,0.05109010107603924,-0.0012902524013846733
-0.006488230905802697,0.061474130568355406,0.8184885826431698,0.09666345813271128,0.08336834236463735,-0.6897636779281796,0.7126934572199944,-0.5284809938372467,-0.02259111174827814,-0.10581468258618312,0.40727838692424206,-0.05666092281096451,-0.07227498049947724,-0.5838802213899367,-0.032627966332707904,-0.05144426565438533,0.5166726990701449,-0.09012855323201834,-0.031026544020056758,-0.04409711379338275,-0.07437252010144942,0.22738576799193816,-0.6282829051896115,-0.758611388460783,-0.11374395191692552,-0.012741505738968895,-0.11790707821436855,0.2886504542773757,-0.790652095434964,0.049388670209012345,-0.0013270784655735773
-0.007031814989028963,0.0635136723515869,0.818032782261323,0.09739154146074806,0.08395412701776923,-0.6876594562210663,0.7145565509309467,-0.5398478691381025,-0.025994343458059517,-0.11481015853220579,0.4164314522717367,-0.05287227591032175,-0.07406015147071564,-0.5949112568880455,-0.03460918142932155,-0.05445950679990373,0.5284128133895519,-0.08850252700286078,-0.032165302753510545,-0.04410074841757636,-0.06382059835185769,0.23013079626161673,-0.6131941305752159,-0.7765386068070198,-0.11148999832047371,-0.010986996065081064,-0.12009529434387307,0.2909893114567917,-0.8028895398594557,0.04722729495284272,-0.0013348696423965596
-0.007577781656438856,0.06565261281381879,0.8175636286514139,0.09817815198392295,0.0845353662315613,-0.6856026359667383,0.7163545545919127,-0.5512056193270696,-0.029575140387350644,-0.12331699338729415,0.4253317157131734,-0.04896926903187448,-0.075616881131537,-0.606036004895928,-0.03666906278145057,-0.05722131386343224,0.5397965654957744,-0.0869131739826712,-0.033314069755818375,-0.043540302144512724,-0.0539357938408386,0.23317297619428293,-0.60033710674498,-0.7937282268939024,-0.10889042975899892,-0.009903337716459524,-0.12200080499129637,0.2930712209123924,-0.8140676592016287,0.04444082835425148,-0.0013405419243186845
-0.00813075280172198,0.06808615803969724,0.8169925582558363,0.09901410916570721,0.08511054245682266,-0.6835464366208995,0.7181341592848075,-0.5628167016556956,-0.03338278513031944,-0.13159389039123956,0.43423303469585334,-0.04521850397531389,-0.07707233031479525,-0.617477489597913,-0.038815505502143514,-0.05980335552924816,0.551114588168497,-0.08562894319675379,-0.03446430530354313,-0.042388533955240476,-0.04469074482530599,0.2363530291078487,-0.5891447108408575,-0.8105520386964892,-0.10599542267637516,-0.00951209436959118,-0.1237416932910013,0.2947669986601031,-0.8245317752089437,0.04094189386391338,-0.0013585628349426667
-0.00851395905358137,0.07036956961041624,0.816403663614092,0.09994543194881594,0.08570639853849431,-0.6813462551153323,0.720022641673467,-0.5745972392057864,-0.03773417207937202,-0.13997971786583127,0.4431605130153437,-0.04114004423743354,-0.07840818183322035,-0.6289224040897174,-0.041403872496510896,-0.06257415709641433,0.5621847161915706,-0.08446846353639548,-0.03579295636770925,-0.04092236156129212,-0.035462283390904764,0.23941013739893788,-0.5799137746794261,-0.8269577865219546,-0.10297722367152674,-0.009075315147628105,-0.12563663183303275,0.2960652444216142,-0.8342118736823667,0.036848123135453784,-0.0013710502548534246
-0.008972427390069723,0.07272373973811957,0.8157656454247385,0.10103423057632249,0.08640583660740404,-0.6788488111482763,0.7221429271651125,-0.5871797599122615,-0.04274014570815401,-0.14890201505296474,0.45241788587317106,-0.036816090221550135,-0.07911065733937778,-0.6406318987452242,-0.04440028272161416,-0.0657309343514813,0.5729878943649682,-0.08376652828210651,-0.03683474155241659,-0.039354448229342524,-0.0266930284572374,0.24261749145284361,-0.5718605233483086,-0.8430457830438934,-0.10004310188709797,-0.009082477420450272,-0.12738746098136164,0.29725147404087826,-0.8434013190697486,0.0323352930284487,-0.0014351125086253136
-0.009422446685712262,0.07529163903900754,0.8149984768517321,0.1023416005939757,0.08721840661956924,-0.6759605066725879,0.724566449508632,-0.6009198494521529,-0.04872408499657772,-0.15857931507126968,0.462232332019337,-0.03221773106648445,-0.07924021328180113,-0.6529159347378455,-0.04803533490634518,-0.06931959578289526,0.5837172789520549,-0.08377978933175834,-0.037553991071066176,-0.037850205391075996,-0.018603005743067193,0.24591725581165647,-0.5651128962680465,-0.8591572769116603,-0.09763181771837726,-0.009617794925034987,-0.1291757024505016,0.29803070963951633,-0.852402527541398,0.027469754404811385,-0.0015162950344319774
-0.00995545824401093,0.077951484766591,0.8141280688617384,0.1038157555745783,0.08811943040266938,-0.6727570892617224,0.7272242802107776,-0.6154937333278462,-0.05547739332829185,-0.16879977827231585,0.4724638248560927,-0.027333992857136606,-0.07883082258998204,-0.6655856706992505,-0.0521529582575939,-0.07327634702561331,0.5943755231375362,-0.08434385281117968,-0.03793890938718355,-0.03628982100848261,-0.010904973135965118,0.24948460347496298,-0.5596815836012097,-0.8751427584183752,-0.09595617679009989,-0.010580734830207304,-0.13081101847439822,0.2986127334998962,-0.8609632081869679,0.022296778135625476,-0.0016314706072836558
-0.010460461622741921,0.08089443981873243,0.8130755596029161,0.10536315498636088,0.08910019995438903,-0.6693290067562786,0.7300400267478911,-0.6308213248621346,-0.0628861385795666,-0.1794315337284148,0.4832499193329638,-0.022864754790189245,-0.0780995649795882,-0.6787514507211594,-0.0566260146003745,-0.0774560830923869,0.6052561208588553,-0.08584591866239742,-0.03820668237760756,-0.03463853934209671,-0.003530790540756964,0.2531383966198128,-0.5550930343807289,-0.8912356935318747,-0.09453653620518376,-0.01233397075884007,-0.1324173930836108,0.29892595050243487,-0.8691274585887782,0.01691375722749637,-0.0017859713802330904
-0.01090089776762214,0.0838019178193906,0.8118887421773904,0.10689541560726376,0.0901156680556899,-0.665772597088528,0.7329388688417499,-0.6463486309717991,-0.07070628090257795,-0.19028283117416261,0.49448009788230385,-0.019021258665639525,-0.07722636269242317,-0.6920271240959528,-0.06133938636553239,-0.08186073553399531,0.6164312627423012,-0.0882024679307902,-0.0386720771445614,-0.03288855358559002,0.004313716979131122,0.2568915467659092,-0.5509999636506064,-0.9072212786600764,-0.09250173340668873,-0.014501531518412467,-0.13404093694527766,0.29940600541140194,-0.8768191609777123,0.011493408240765564,-0.001982628523174
-0.01143085086736136,0.08679806704575041,0.81052309574313,0.10845906856569346,0.09118336041577776,-0.6620155599604131,0.7359739286139488,-0.6624541616389081,-0.07888199592287404,-0.20056843001661948,0.5063816974762421,-0.015700538144057967,-0.07541454451773823,-0.7055730605763593,-0.0663217998940041,-0.08657266443795607,0.6279243893554441,-0.0915876068000389,-0.039104541968295804,-0.031195865101034944,0.012390451878858191,0.26100123780155404,-0.5470046310909128,-0.9231427713780429,-0.08897276951114408,-0.017352868735448772,-0.13557802518438164,0.30031111763000096,-0.8843478488558811,0.006043451522108386,-0.0022214123061764226
-0.011962751895386767,0.08995697184938084,0.8089721489422559,0.11007418369084375,0.0923309186734031,-0.6580404108786421,0.7391491684311013,-0.6792400761367187,-0.08758144880925273,-0.21056245558762798,0.5188971624999842,-0.012782797476599626,-0.07289419624690041,-0.7195149971353466,-0.07165525887110537,-0.09152956467482272,0.6396975373813051,-0.09598038805541584,-0.039496494590432446,-0.029557408552644802,0.0205238752712201,0.2654124883382093,-0.5433371785802875,-0.9390931051912703,-0.08364483806886519,-0.02091675814563197,-0.13717655400888012,0.30138601738588167,-0.8917650879915551,0.0005379689509385738,-0.0024634185869418907
-0.012601237152290796,0.09304861745815195,0.8072129653939893,0.11163627493114188,0.09353517285097258,-0.6540229250028461,0.7423223875985148,-0.6961116584447644,-0.09663042402844504,-0.22176689298521488,0.5318432824985105,-0.010873455322595017,-0.0710059550408033,-0.7336779526167377,-0.07693314598384181,-0.09646578424311351,0.6520103590694365,-0.10124563159490857,-0.039998698747456575,-0.02764738221591852,0.02932662120635765,0.27035460929295824,-0.5396299964508348,-0.9550648985830985,-0.07661190767351597,-0.024888020091787855,-0.13869040450324716,0.30292562504729414,-0.899116264176738,-0.004865513185268649,-0.002736639235090841
-0.013293139694815383,0.09613826848898933,0.8052424451595399,0.1130711247638772,0.09478641296280023,-0.650141356162622,0.7453500343256881,-0.7126085846765507,-0.10606094560114734,-0.2357345263060888,0.5449512962208669,-0.01080099895280704,-0.07141843188369282,-0.7481263741067781,-0.08181877252441087,-0.10100860844119543,0.6650285053748028,-0.10737389509640004,-0.04089575981939317,-0.025205062576479618,0.03886999445153627,0.27564446096462486,-0.5354126892759065,-0.9709704240544292,-0.06829215838027927,-0.029568169278599444,-0.1401537651812631,0.30480015668341714,-0.9063146010566602,-0.009890762799263868,-0.0030392629535220808
-0.014085857638338091,0.09922252754715243,0.8030784777863393,0.11441275310214039,0.09619619909078568,-0.6464003304232063,0.7482129550046864,-0.7287604877520818,-0.11623314539343767,-0.2541534519094076,0.5573614204831797,-0.012109107147330456,-0.07452984062506622,-0.7628995197730505,-0.08607434091761684,-0.10521916213010173,0.6784325654555335,-0.11442069854461112,-0.04237548127377948,-0.02206479371469205,0.049034862748017605,0.2813956236467828,-0.5305458831131612,-0.9867392928639123,-0.059123477623599034,-0.034854823761263344,-0.14144401332748563,0.3067439112926291,-0.9135730435499361,-0.014416174637930238,-0.003322491914886486
-0.015013013172920784,0.10254561981621,0.8006096106083632,0.11570802497057092,0.09772864115909674,-0.6426921862655172,0.7510043404454176,-0.7449337835563118,-0.1272455479983283,-0.2759130235507229,0.5696632412016168,-0.015017339643413442,-0.0797098562501992,-0.7782963411857625,-0.08995423585650583,-0.10916657764376103,0.6924759770284739,-0.12271975934284103,-0.04423365554027029,-0.018472957851068117,0.059470742153533464,0.2876094781422425,-0.5249246237497307,-1.002532558376726,-0.0492294307992671,-0.04099256735278666,-0.14266056664893095,0.30859713981444115,-0.9212452032169092,-0.018435249389673836,-0.0035970505228700624
-0.015860661954855065,0.10590897112470879,0.7979379297943605,0.11683554192380619,0.09917008258405571,-0.6390765125367922,0.7537214087363141,-0.7605011266325645,-0.13851785841241507,-0.2980873497786923,0.5833552162606325,-0.020736795178483772,-0.08688518545862488,-0.7939423181108293,-0.09386217977575141,-0.1126717660203587,0.7075644003075942,-0.13178465833349917,-0.046293073200257495,-0.014739265039480616,0.07079130758781901,0.2938505206283887,-0.5186767737266038,-1.0179430424440528,-0.038646366176865475,-0.047932046842696883,-0.1442367461942843,0.31083828183919265,-0.9286506292852511,-0.02169570685442269,-0.003932030704898783
-0.01673647061266277,0.10924808613245755,0.7950868862926165,0.11769802019512109,0.10029589765044525,-0.6356521236041264,0.7563294829068908,-0.775179659636598,-0.14920267627767825,-0.31757379887415094,0.6000935496347498,-0.030676631034618113,-0.0956177191127728,-0.8096251289219545,-0.09790716142709796,-0.11541173749311306,0.7241803657636994,-0.14120299761038077,-0.04803681221571479,-0.011075282991672857,0.0835161557163646,0.3001078230243657,-0.5111729406770081,-1.0329110501573686,-0.02734242381859467,-0.05598557211110737,-0.14632625881431324,0.3144699181098814,-0.9355308436256287,-0.023871406533867066,-0.004427999243400768
-0.017526116994246565,0.112452660539588,0.79204596985486,0.11827041075866573,0.1010968691156011,-0.6323800017242278,0.7588722332601618,-0.7886545536909949,-0.15965409581653905,-0.3352762181686569,0.6195106414496314,-0.04521621385433873,-0.10761375379728746,-0.825304014023932,-0.10222869642575469,-0.1174208113907128,0.7425348047491315,-0.1510396877552944,-0.04957204665639317,-0.00753252680709886,0.09792202588195462,0.30629884463636586,-0.502480352751827,-1.0478454351350388,-0.0149649586713629,-0.06495899816464022,-0.1493362071696568,0.31971379701508074,-0.9419950051299989,-0.024708557756697665,-0.005023667744580999
-0.018137348693184084,0.11564967538608899,0.7888740466153988,0.11890767037802977,0.10154794464477612,-0.6287227831030425,0.7617457862508046,-0.8105829159151661,-0.17947372012008977,-0.36810136257119874,0.6669611403935054,-0.06772631643116807,-0.1239338720793083,-0.8419203267680059,-0.1081311038603281,-0.11914377344299965,0.7634419523079251,-0.16265865060889018,-0.05126524139417648,-0.005895913218337567,0.11495038746991218,0.3124569116764194,-0.49165661677182326,-1.0642385558779557,0.0038856050761896443,-0.07537157340970904,-0.15370739991434398,0.3271287323161668,-0.9484545836037973,-0.024231459025636257,-0.005251546310326914
-0.01858665346424672,0.11871675482403134,0.7856358181046798,0.11912840254039551,0.1017365741112537,-0.6258620853102634,0.7640384436449309,-0.8229755205580097,-0.19107961237897508,-0.3849509785639034,0.6998546751114901,-0.09154962291039728,-0.13650724939062187,-0.8571873938327856,-0.11292040216876136,-0.11955786280608932,0.7832472206511709,-0.17209669245159,-0.05259580987471802,-0.002175643372037584,0.13124139527960513,0.3182191599894002,-0.48139925587727983,-1.07799366609535,0.016800385525598847,-0.0860512777165232,-0.15802376137807445,0.33412711385863963,-0.9543728031499438,-0.022383178369495604,-0.006154160857817424
-0.019004693582837587,0.12189714329489518,0.7821153257484751,0.11918645104977425,0.10167725358890331,-0.6234245068993445,0.7660275518452895,-0.8340161214285697,-0.19896858049486563,-0.39176008631807985,0.7343217359235452,-0.11824857846341699,-0.14484325091389397,-0.873237369725376,-0.11747311410280827,-0.11853325010771253,0.8048738490579934,-0.18209306031907924,-0.05350232482931795,0.0012266516770118115,0.15007415500829213,0.3240561872152243,-0.46838124019860616,-1.093229712683665,0.029674926771001323,-0.09806711144837672,-0.16286618565275696,0.3424334814316741,-0.9610257801128453,-0.01945391669122849,-0.007168806604478
-0.019123330599245276,0.12497792235206864,0.778569786243901,0.11906416156605483,0.10126722323292357,-0.6216176289493849,0.767567715780576,-0.845451356095954,-0.20239365885333763,-0.3861691158518964,0.7749567004757764,-0.1465499317725788,-0.14570150881910113,-0.8893634549196944,-0.12175758705851467,-0.1158990694750087,0.8273581354930355,-0.19124880000474398,-0.05419555664323397,0.004971240795031821,0.17112054068610102,0.3291080254674756,-0.4532580433971721,-1.1086469437796975,0.041374251045916924,-0.1111414001262311,-0.16858980998250092,0.35184416013782144,-0.9675882854381599,-0.015820709778217482,-0.008293632647362442
-0.019180560302792422,0.12818470116763497,0.7748302855918098,0.11873473076102437,0.10065808198374175,-0.6206131995906191,0.7685110739191443,-0.8589958312267918,-0.2009746243945809,-0.36987468014689256,0.8245011341229447,-0.17840288561410841,-0.13982763228886763,-0.9063642053115202,-0.12485406293505918,-0.11097556116816244,0.8514920557381574,-0.2006389279520789,-0.05446617138530425,0.009174548161485881,0.19629045581390184,0.33381885337278394,-0.43360043266995807,-1.1272558916338227,0.0550316344441697,-0.12630518050289702,-0.17527440907383748,0.36377775034403076,-0.9743593362910206,-0.010432494638076387,-0.009112548505847657
-0.019144329559400514,0.13131010190287928,0.7711242630503421,0.11813866533316655,0.09963268928028639,-0.6200719956112704,0.7691731295610461,-0.8710772327054449,-0.19586433825822822,-0.3489166686587384,0.8774845731426228,-0.20852685107069044,-0.13162263960095466,-0.9219780527207634,-0.12751679308899133,-0.10521107626765712,0.8746008406104009,-0.2085961360832971,-0.054130175857102766,0.013803350741878575,0.2215470158604422,0.3385508751169427,-0.4140103900994915,-1.1443061601901106,0.06491493478347674,-0.14146788555716114,-0.1815976784157132,0.375087355952049,-0.9814463485801361,-0.004334188580677831,-0.010388289904532748
-0.01895808606136694,0.13428182614742998,0.7674339756596448,0.11725783131160619,0.09826743098585586,-0.6199998985428687,0.769541577051151,-0.8802698232780581,-0.18874135510705597,-0.3289675689576987,0.9313082877227695,-0.236158235955394,-0.12450053443407806,-0.9361192585817083,-0.12940799189247715,-0.09844591416429588,0.8966105109704061,-0.2160622689063189,-0.05311908041501444,0.0182730775357991,0.2478712948525037,0.34348736740571717,-0.39414746187218097,-1.1608099326023853,0.07184013856903765,-0.1561114309190493,-0.18745539816862852,0.38565189164461366,-0.9897529622360857,0.0037455579748325776,-0.011806073070773066
-0.018743071123969463,0.13720606542801078,0.7638095448689607,0.11603041044708771,0.09654983664612334,-0.6205255157937735,0.7695213818627523,-0.8860953035787695,-0.17959880404482456,-0.310838513792417,0.985161852169387,-0.26180224339413477,-0.11811979574351034,-0.9487094119819834,-0.13010176621442296,-0.09044688559706748,0.9174267807439359,-0.22285440375063073,-0.05086088272144123,0.02268754775605084,0.27532311826214056,0.3486434734182314,-0.37360392493510575,-1.1766827757288816,0.07657030705097825,-0.17068858946662982,-0.19268659151568854,0.3958245462163463,-0.9990484788022471,0.015146499970078636,-0.01333568026047657
-0.01857015137113362,0.1401196555834594,0.7601404013125241,0.1144533807651389,0.09449687546061487,-0.6216277878593294,0.7691226544061286,-0.8891596260950132,-0.16785770047041587,-0.2929653749242149,1.0400117793995118,-0.28632912526747084,-0.11071232893856045,-0.9601311508589555,-0.12964040827271484,-0.08128861765457573,0.9376805370443944,-0.22914309959019713,-0.04737106840381479,0.027132244031035983,0.30426604172575783,0.35391669888805966,-0.3518856181214736,-1.1925316736512428,0.07949749666884785,-0.18515743098646872,-0.19756320997811225,0.4058074279416113,-1.0098039719997967,0.030069050219675878,-0.014972761067978053
-0.018423968382870397,0.14277550877929876,0.7566665901046521,0.11261158874979167,0.09216816771011992,-0.623023997268057,0.768547173417703,-0.8887366203689616,-0.15475949306934683,-0.27701123965679714,1.0938560706442497,-0.30801039094552984,-0.10358128371500534,-0.9697050438038866,-0.12852811447747034,-0.0718955638130106,0.9563657195824483,-0.23477598676554637,-0.04331043931037052,0.03127862833337157,0.33417935725909154,0.3592448645145661,-0.32992203137440673,-1.2077058523127364,0.0801057440705172,-0.19826517441071656,-0.20193206469075098,0.414759087725721,-1.0223070113346233,0.0479520465150345,-0.01668976790369937
-0.018281512097524575,0.14548617432584918,0.7534061377211663,0.110626789528093,0.08964308746303279,-0.6243912159959887,0.7680243744151969,-0.8850196349560714,-0.14252515127669163,-0.26524327393019925,1.1449476243721253,-0.3255474982588955,-0.09843186192427947,-0.9775134159141172,-0.12737055755400445,-0.06296907964726142,0.9729413224473324,-0.24024758759729142,-0.03930160654204325,0.03475779673382434,0.3639053759640361,0.3647337759112089,-0.30862042244097576,-1.222818465197694,0.07757906459126081,-0.20926434177084355,-0.20576466581668393,0.42109604863449157,-1.0374083521689814,0.06758312264370753,-0.018474021790045203
-0.018095840009952437,0.1483057875636761,0.7503063924129869,0.10845031421810147,0.08688521776930277,-0.6257508758554802,0.7675450017069207,-0.8777677824037919,-0.13235350020335399,-0.2588954557292511,1.1930858516034604,-0.33910685464783663,-0.0961758107363753,-0.9834153195063049,-0.12612265952403895,-0.05436772700206994,0.9874403082744498,-0.24605247729937263,-0.03530062790793061,0.037517742221037494,0.3939010869858255,0.3706058338143897,-0.2882083488011345,-1.2385322015602862,0.07059772160081867,-0.21748386147202495,-0.20908445435622697,0.4242642827433106,-1.0558127343415573,0.08872518981510581,-0.0203487601333343
-0.017820362223875154,0.15107659705615092,0.7475097952292318,0.10602977714599396,0.08389149743742778,-0.6272061006886197,0.76702829822312,-0.8667833597485529,-0.12373983362951048,-0.25681266036416817,1.238343736929982,-0.3490978491521337,-0.09610676678641006,-0.9872317327156707,-0.12465991509435187,-0.045987404340986984,0.9998127572670168,-0.25162814562625474,-0.031127841330286447,0.03969163715498277,0.42466977803952577,0.376708512476796,-0.26856675905240074,-1.2545920022246109,0.05883487181959277,-0.22291430750395982,-0.212149965494183,0.424947856628632,-1.0771362273470872,0.11152597026465774,-0.022340634332367496
-0.01741678722496493,0.1539404394187731,0.7449880225597234,0.10349424768482084,0.08075634428371367,-0.6285606857849149,0.7666021248598796,-0.8529409016527745,-0.11638294854949863,-0.2574303202653942,1.2802727682856254,-0.3555521190895334,-0.09769726823597191,-0.9895604494266653,-0.1235501073941292,-0.038333907135437884,1.010177264982952,-0.25656078478018574,-0.027304391830361482,0.0411364113703967,0.4555971527067569,0.38291245533727497,-0.2497371581555845,-1.2715334436980066,0.04365766780324218,-0.22577459064898073,-0.2154592409860215,0.423390452568703,-1.1013868425877198,0.134734720663765,-0.02443927265541614
-0.016906454385076382,0.1569485750488938,0.74283316158946,0.1009851375112747,0.07758553508805127,-0.6296181706917279,0.7663964025761952,-0.8369278301206456,-0.109682170430498,-0.2590701718021808,1.3176814416857172,-0.35831415894281593,-0.1003198993073962,-0.9908582139261314,-0.12334294038668281,-0.03197040907063399,1.0184226566151267,-0.26015649773626864,-0.024325119002717298,0.041734936938765906,0.4856988315763144,0.3890949707097264,-0.2319009054598927,-1.289382534370981,0.02742207414769616,-0.22618876811677877,-0.2193318350153677,0.42019916037564187,-1.1280223687261217,0.15632290937782456,-0.026620416637788687
-0.016271137218622847,0.16019892987308956,0.741064649777107,0.0985495979521127,0.0743175366280595,-0.6303588102473509,0.7664285034082176,-0.8189161132126859,-0.10353944702499639,-0.2611565601859759,1.3503303092625072,-0.3571041016533884,-0.10495804439123314,-0.9912741380181203,-0.12429297777711992,-0.026947751804872463,1.024692986238308,-0.26257897641039124,-0.02260206755387549,0.04141310526142326,0.5147375451634266,0.39535535467173877,-0.2151722392704556,-1.308665475739466,0.011781394998199787,-0.22422654704980008,-0.22380269837678782,0.41557532873909364,-1.1568191819988227,0.174481013477931,-0.028865263460417914
-0.015494842408979987,0.16360010880718392,0.7397368817789151,0.09612927471820275,0.07095147650149553,-0.6308816252616279,0.7666246965964891,-0.7986218115879399,-0.09813936211730748,-0.2641337967692034,1.3784097087790248,-0.35221055455830985,-0.11184617057753221,-0.9904986380753422,-0.12609241474606384,-0.023000242544756026,1.0287778734504092,-0.2638595413737603,-0.021864055419837887,0.04026186993432106,0.5432061601115337,0.4019088992638716,-0.1994946390069471,-1.3296340102241067,-0.0028685470111759256,-0.21954822438778124,-0.22880669594755196,0.4096331811000858,-1.187889323903727,0.18876199100886762,-0.031128229813583375
-0.014698155945239311,0.16730775504796683,0.7389026739702069,0.09376743075730741,0.06767047329021661,-0.6311931570119871,0.7669573485631991,-0.7768266397471933,-0.09339851279273792,-0.26800616053530835,1.4018933368330173,-0.34513967923689115,-0.11912864444079739,-0.9886990261379277,-0.128326906748436,-0.02003238097434491,1.0301105747327644,-0.26344208805101066,-0.021434961044792932,0.03846995773257441,0.5704152139384656,0.40878319187621454,-0.1847099321654747,-1.3519682905367423,-0.01576345668161728,-0.21245390240056738,-0.23430253526106093,0.4025872025833488,-1.220825196974909,0.19924938068508263,-0.033340939915906274
-0.013795387002450784,0.171107286204599,0.7385388867729771,0.09147834707017993,0.06459109638673854,-0.6312951525459058,0.7674152283196547,-0.7538005580652783,-0.08916009997774187,-0.2723676757912095,1.4204921606185348,-0.337931288517238,-0.12496109640481848,-0.985878433090213,-0.13085977542547325,-0.01789433507379363,1.0285048303579338,-0.2607714670519813,-0.020900546125913747,0.03609897557984788,0.5961870720513881,0.4157120722747481,-0.17099379666686904,-1.3750459350165065,-0.02604715637158791,-0.20246392069132194,-0.24058642896208624,0.39477317619819663,-1.2556525818429718,0.20634395036645345,-0.03541718867684162
-0.0126220279802536,0.17531749754624817,0.7387500281349505,0.0893941448007752,0.0615889810403174,-0.6311780074978398,0.7680037806813257,-0.7297224786591243,-0.08576538031673736,-0.27680056108195566,1.433814555090751,-0.33297537800752064,-0.12881222665630712,-0.9824067370420171,-0.13395849807121166,-0.01613647045708741,1.0239647475267808,-0.2561686926208732,-0.020592151626113643,0.03277664527061119,0.6178112696774406,0.42215145701825524,-0.15988597783981529,-1.3960424363670068,-0.030501136170302336,-0.1918250382670326,-0.24696303469268535,0.38683789900731436,-1.288882756813105,0.20842414594395325,-0.03692931077987787
-0.01163218322659459,0.17962719051301998,0.7394769589232864,0.08743892205289606,0.058806990444933024,-0.6308315667795897,0.7687312320567212,-0.7047572616210348,-0.08273369242268787,-0.2821759616253546,1.4421896860649168,-0.32995030543674425,-0.13170601671288848,-0.97803363839898,-0.13722975531127918,-0.015353574333029496,1.0165835012801818,-0.24927797601136464,-0.020058105123820728,0.028742432850185098,0.6384098118632414,0.42842651657516856,-0.1484455915719062,-1.4180966926383738,-0.03299638451494811,-0.17799170226393593,-0.253682948797433,0.3787657403984982,-1.32425632799484,0.20773625924339525,-0.03855192441998296
-0.010618537186980859,0.18421403294391375,0.7407495046857616,0.085618995565604,0.05617860159064073,-0.6303608367551682,0.7695183999145055,-0.6793889368540151,-0.08017020796328334,-0.2877118856156204,1.4459302167635866,-0.32795830481891064,-0.13345483703637004,-0.9725987534570268,-0.14067256015390106,-0.015294875308350718,1.0059330485878206,-0.24002795434699645,-0.019338124144571776,0.024002367767750832,0.6567656710571088,0.4343747730811763,-0.1380754886144395,-1.4402641848590936,-0.03327746146921089,-0.16171452904596378,-0.2608924890381763,0.3702628383223521,-1.3607438230661517,0.20518030402302598,-0.039995486207796783
-0.009616000060573757,0.189041820887444,0.7426169024188434,0.0838935639817504,0.05374342809887584,-0.6298739091153626,0.7702807101793167,-0.6541071601549565,-0.07776245042209474,-0.29297011908980786,1.4452171842306787,-0.32549565313003515,-0.13380592347395734,-0.9657276903836245,-0.1439637526301454,-0.01597016900267379,0.9914652158544195,-0.22801595261694385,-0.018163240532257166,0.018696059669005383,0.6721662561944761,0.439880223564434,-0.12929641585965507,-1.461320618812352,-0.031462625932166664,-0.14329080490896398,-0.26847201571844237,0.3614844486308266,-1.397860615451501,0.20287132132549782,-0.04116677470800306
-0.008443855501665584,0.19404868522083998,0.7451143846721598,0.08222027753266704,0.05147815078353047,-0.6293628890854738,0.7710331898150329,-0.6287943613338712,-0.07575618675132037,-0.2979697061227499,1.4400015025707318,-0.3223758769708406,-0.13289868257050802,-0.9573047945258706,-0.14718152161690432,-0.017380864891120385,0.9732480908705079,-0.21308564996807808,-0.01675534386632089,0.012534602352630828,0.6844861279880164,0.44457148697007204,-0.12256652778198766,-1.4808233976043277,-0.027430403552938194,-0.12280654202011834,-0.27642600950782203,0.3522735111291601,-1.4354156157490288,0.2030771372935343,-0.0420373413574562
-0.007305005919292623,0.19929925885596675,0.7481966350837748,0.08064732723919253,0.04936414038633262,-0.6288094339270737,0.7717887574054223,-0.6035517163217652,-0.0741614777186854,-0.30297778730607944,1.4303432927864068,-0.31912723436871887,-0.13059689258150592,-0.9474943828806955,-0.15026433116607404,-0.01951725877075251,0.9514235064588471,-0.1953919959683221,-0.015014743422313875,0.005436687172933874,0.6934419267214686,0.4485356470003131,-0.11745403384099293,-1.498501406134764,-0.02105096903277923,-0.10075890750046436,-0.28428243822643046,0.34297292446346905,-1.4732777831566404,0.2066172354356409,-0.04264432351365961
-0.006149966372334457,0.2048998804590126,0.7518097432791662,0.07929089213471058,0.04737090172175919,-0.6282934527620093,0.7724741350433304,-0.5788908231161406,-0.07289134663505452,-0.30724886025830395,1.416657471038677,-0.3148889324283117,-0.12712917869322232,-0.9363951989753387,-0.15327034752697394,-0.022103157781928156,0.9256719756550518,-0.17499293598938306,-0.012842354341149121,-0.002361458212971182,0.6984294207436957,0.4516885385824288,-0.11455257560009727,-1.5139227917281937,-0.012898520486247783,-0.07739626774916956,-0.2919666842035998,0.3333405570940792,-1.5112154174717545,0.21312387261631413,-0.04290153027460115
-0.004820500730977175,0.21083323976920942,0.7559685302115546,0.07824734852571784,0.04545472608542647,-0.6279180311039825,0.7730007545531188,-0.5551452334555929,-0.07181265976292424,-0.309803318940455,1.3992192507848609,-0.30800604044965557,-0.12290887168315717,-0.9238823430421544,-0.15630754266052405,-0.02487673100276541,0.8954787038229397,-0.1517267448200744,-0.01025999294953902,-0.01056882522944499,0.698892534939411,0.4538162161543521,-0.11482760546402676,-1.5262903575020796,-0.004111474001719889,-0.0527939132777733,-0.29946555380997436,0.32316459765531597,-1.5486731809927896,0.22143106659416756,-0.042743723824500666
-0.003372373995723741,0.21684631606504534,0.7606541080920526,0.07746437769043722,0.04359082027533019,-0.6277098059143472,0.7733560047841671,-0.5321302633605804,-0.07074528802520903,-0.31036057446237697,1.377901464871289,-0.29661979143770484,-0.1172456095785623,-0.9092430404311611,-0.1592083703577178,-0.027963905887944025,0.8602742260362676,-0.12581345650156897,-0.007278071801742801,-0.019167894222537382,0.6948434727023107,0.45483166909493694,-0.11849891078053298,-1.5349158280088298,0.004445883208225126,-0.026727093010210038,-0.3065372016118712,0.31277809496354264,-1.585463979759726,0.2307867306285603,-0.04221614017080203
-0.0017624485745780434,0.22318229182722857,0.7658063871167589,0.07694063809348833,0.041789973426047046,-0.627641544233336,0.7735630732417424,-0.5101478264515925,-0.07000144318637963,-0.30917065695480234,1.3530286058930379,-0.2811081226917486,-0.11035416062230576,-0.8928414700440224,-0.1619440676165267,-0.03130382325393566,0.8203734237253442,-0.09728914209501992,-0.004020013825540277,-0.02838266807136499,0.6859165035540817,0.4545009375011744,-0.1255845818500076,-1.5400022331633938,0.012408671168594544,-0.00015478133135585735,-0.31296818641369445,0.3021546793854925,-1.6208117520658851,0.24097296331129625,-0.041362573620966576
-8.459841353437289e-05,0.2299595310044697,0.7713774263397644,0.07674055151924009,0.04004914208779617,-0.6277204384612696,0.773611016666997,-0.4892074800944285,-0.06956985283777313,-0.3063515519423992,1.3248770525698506,-0.2631504143452988,-0.10354661291601917,-0.8756241011993305,-0.1646154154304231,-0.03467371085236224,0.7768264691612021,-0.06529701983822264,-0.0002454535849356948,-0.03830065555383318,0.6723430869342844,0.4529031536555076,-0.13561912235500553,-1.5415959863754756,0.01941232446853077,0.025979024943989834,-0.31858381533656116,0.29191939603479344,-1.6540977500610148,0.25158435779924204,-0.040222166450063455
0.001627401096627367,0.23695566340259042,0.7771255315633672,0.07687363024964619,0.03833115800065116,-0.6279610604169895,0.7734895434965741,-0.4689428484141496,-0.06939900952971616,-0.30197910920604126,1.2939419720001182,-0.24470754171472223,-0.09844627798832073,-0.8585928160425697,-0.16739211014197974,-0.03778838655159277,0.7313332627173499,-0.02906445698963178,0.004219967878041041,-0.0489356854463195,0.6553326468867025,0.4502706167388758,-0.14794396480420943,-1.5403548636542541,0.025120094986049606,0.05136673171962575,-0.3234019182230989,0.2826246829372846,-1.685460959106952,0.2621141871928211,-0.03885726512456606
0.0033807950841595984,0.24426514681376468,0.7829718997615351,0.07731520839906497,0.036706682300819846,-0.628297685852867,0.773250926916099,-0.44960285563706587,-0.06922543008219396,-0.2959044052162851,1.2601778563593091,-0.22648103560871985,-0.09622663913352064,-0.8415176274906626,-0.17022999888660037,-0.040768764953368224,0.6833878414869631,0.011559614914880152,0.009206773166597527,-0.06042427531847777,0.634571536332924,0.4464886258641833,-0.162518411138438,-1.5361912055020905,0.029080572388930144,0.07532515129131694,-0.3273201793922223,0.2744507953755311,-1.7140809242666841,0.27223920952399655,-0.03729910174558782
0.005277924483859156,0.25190875350882513,0.7888952142754599,0.07802961659567098,0.03517034719971737,-0.6287163836103368,0.7729101723950346,-0.43101560775595266,-0.06932629347786674,-0.2881270514233857,1.2233788456527759,-0.2081674608237405,-0.09641014126021294,-0.8241724249058172,-0.1730654959386222,-0.043649008498756275,0.6327902391309145,0.05606524791424383,0.014464641882363814,-0.07287519883048722,0.6100482603086977,0.4412651735872951,-0.17945934687452453,-1.5289758837683791,0.031036209550204398,0.0977487956156602,-0.33024288137799673,0.2673218157418449,-1.7395492404867845,0.2818295431697635,-0.03554296035966046
0.007296194621069416,0.25972191617534385,0.7947164230546507,0.07906509330215795,0.03363079664703008,-0.6293095850750372,0.7723905273051256,-0.41291722129567704,-0.07056734459437722,-0.27936670829106564,1.1842740715104925,-0.19043026948830216,-0.09788452889929906,-0.8079425125061891,-0.17591930304915304,-0.04578167527835315,0.5818382373948143,0.1039241799062657,0.020287589565429347,-0.08605288953324683,0.5827800653817452,0.43472314008157587,-0.1981000995688684,-1.5193711458727814,0.031077800376421296,0.11866086676892128,-0.3319618080560527,0.2613475501636376,-1.762278988510782,0.2905905696631177,-0.03363301251120325
0.00942423954976437,0.26792334907243787,0.8002034722826352,0.08038993270494517,0.032093169976743954,-0.6300229634205563,0.7717373599375092,-0.3959505534843098,-0.07390541770053813,-0.2712308630544392,1.1445729637268036,-0.17482873985418998,-0.09940573355876763,-0.7998907515463493,-0.17861131381172543,-0.03929321041305073,0.5400372884973479,0.15998991864801612,0.02627958367557324,-0.09995342283017605,0.5532917833892369,0.42727634787728735,-0.21765943422050066,-1.508760372584615,0.02960672595200759,0.13735288663311207,-0.3320428054848443,0.2560549649911206,-1.781923663479126,0.29797527501578247,-0.03169680629276045
0.011675439075125953,0.2763324356230308,0.8052715648963307,0.08218823739574346,0.03049307223864185,-0.631087186351383,0.7707426479716318,-0.3798219975457549,-0.07982860243481105,-0.26369296742714876,1.1040239378798484,-0.1625624392017839,-0.0997787244781332,-0.7958315051062803,-0.18231955817275486,-0.034627798641301444,0.5009413822687072,0.22179971203476845,0.033501294981039854,-0.11405352519846508,0.5222448175293531,0.41886820735294594,-0.23786330032267558,-1.4973266069247884,0.02694643258070131,0.15412922392738226,-0.33106683378517127,0.25177071754027125,-1.7991326977431963,0.3037514908565397,-0.029702814949874465
0.013767692709608188,0.28513169780710673,0.8098622061325849,0.0843446173654352,0.0289566716819139,-0.6323393044821325,0.7695417472065017,-0.36521311668987294,-0.08761402113291035,-0.2571343134958032,1.0627756757889861,-0.1538810967871293,-0.09913618327545783,-0.796270050334052,-0.18642860623134208,-0.029455689665087603,0.4650859028262229,0.28939497553953974,0.042135374595260656,-0.12853088896732884,0.4892054943193859,0.40982130718118615,-0.258155765961579,-1.4851085845466097,0.023296510717449825,0.16867760336074106,-0.3287652934702761,0.24874349659748513,-1.8133386800060416,0.3078280216510288,-0.027716644669307386
0.01612484175481566,0.2942541767109677,0.8137871895203389,0.0867248474811558,0.027507677828032037,-0.6338412909879467,0.7680933187631633,-0.3522110169771425,-0.0966254706513534,-0.25092458445854504,1.0216259771547695,-0.1474825499868742,-0.09938404135438268,-0.7997574902581783,-0.1898157631719886,-0.020619766185049848,0.43283349640300617,0.3552289549981381,0.05465548177232223,-0.14300138053942021,0.4546711862204118,0.399951876482342,-0.2789955134606985,-1.4731492070687147,0.018728494794871167,0.18208318448474065,-0.32505876471470524,0.24526706497603412,-1.8250215139006514,0.30966287247748864,-0.02555271496859484
0.018626894748386042,0.30326121430834074,0.8168949855209001,0.0891042449581678,0.026208255678837496,-0.6356620740130714,0.7663597644227588,-0.34061252866474895,-0.10548006403600055,-0.24468486362230554,0.9812657253928767,-0.14068317832480354,-0.10161267297494331,-0.8040317036305327,-0.19115627560569498,-0.005190627163837964,0.40358995165771355,0.41162448777893823,0.07529742195714488,-0.15682824109811935,0.41965420271042414,0.3898465317390769,-0.299806934845138,-1.4619214027337764,0.013232707846762589,0.1956874348167844,-0.31934968792892654,0.24112072122993122,-1.8348688033999618,0.3085794991541339,-0.023194995826434785
0.020895745521913648,0.3126390008699338,0.818935646123437,0.09174108411059216,0.02517829667607147,-0.6377222282857635,0.7643690119392229,-0.3233874626287603,-0.11465859428639465,-0.239641742184902,0.9248558409675021,-0.08983416023379578,-0.10693738475996317,-0.7997337055194571,-0.1897020750093238,0.016435109910950707,0.3645491811852945,0.4449232269659855,0.11090391155125162,-0.17008879474313443,0.38338618223917176,0.3802743549321265,-0.31967061539165487,-1.4518339316119864,0.006801551765236672,0.20855655276552854,-0.31079141216119976,0.23650341856239232,-1.8431608240884216,0.3032750031622627,-0.02081553812779268
0.02265620628518792,0.32197448753625707,0.8210041535564296,0.09415186414528058,0.024357444263836663,-0.641099805215043,0.7612707672964562,-0.31789652887936015,-0.12105142099420473,-0.23014034811940526,0.8924449295653263,-0.09673900469895874,-0.11340895575689175,-0.8055965930191655,-0.18316737548291095,0.053924477896950304,0.34513100115046114,0.4547583231896327,0.16369611291675568,-0.18004945830262706,0.34469575139608827,0.3706088195635636,-0.3400005155241615,-1.4381623695939831,-0.001113670838890511,0.22049896648872683,-0.29923846136915505,0.23291917640333415,-1.8457124686860742,0.2934672906299433,-0.018382405884060753
0.02464013801348172,0.3315057618358941,0.8220341854772228,0.09666377097813399,0.0234893187712986,-0.6443150293136356,0.7582628240158651,-0.31300125277648694,-0.12892219446740172,-0.22205945799736496,0.8584702999329594,-0.0930940389945622,-0.1204023490132484,-0.8065298408171496,-0.1778002494886248,0.09047967296285638,0.321960364674419,0.45637859343328224,0.21900867896621387,-0.19040990845166292,0.30575353776599207,0.36003414973528164,-0.359765367762123,-1.4264745240104268,-0.009640275769039293,0.23133723028347997,-0.28645742198269036,0.22770606420018613,-1.8457340953988464,0.2798538506351345,-0.015826602169472834
0.026756845846324966,0.34111835040139304,0.8223642868956161,0.09895675704411233,0.02282634939912078,-0.6475827059568606,0.7551974291230147,-0.3092120941630718,-0.13601773437947068,-0.21408724875211782,0.8251891105020113,-0.08524902665909263,-0.12595950919332902,-0.8086967018110315,-0.17416778312555034,0.11464217582660474,0.30810369571260343,0.4459944229884237,0.25825073843947066,-0.19984218638483403,0.26687367340296825,0.3482658592705691,-0.37831339329571967,-1.4161491683493073,-0.01798213915295791,0.24308147020870563,-0.2731575669195977,0.22067328339636194,-1.8451559123889913,0.2652114642163706,-0.013393162093100902
0.028274030893465387,0.3505914897398672,0.8223090884719784,0.10049158579193915,0.02253808586829794,-0.6514294934701308,0.7516868303407093,-0.3058981645323019,-0.1395867242006576,-0.20472496144683938,0.7923391605231552,-0.07387085763863542,-0.1301072399277722,-0.8152917430685279,-0.16991887372036174,0.11834801425300524,0.31210205788349094,0.42157582122801235,0.2617995563423049,-0.20694213890477908,0.22730186888404175,0.33640888339524005,-0.39570693233769527,-1.4043089591765474,-0.02740677891909106,0.253998997376152,-0.25710778845757454,0.21368537638844526,-1.8398127792037788,0.24541182586727658,-0.011064911702923463
0.02972681105874027,0.3605236375127697,0.8161036435403819,0.10097174871262826,0.023483165392370976,-0.6556903634267254,0.7478792644634532,-0.289174518722521,-0.13420125888381373,-0.19022909283510236,0.7134264753854325,0.04705076276308071,-0.12620990031059426,-0.8332577186241902,-0.16352176425034926,0.11249035120038212,0.34135778795850474,0.38438752467811615,0.26179999889085576,-0.21245458073756657,0.196233453842675,0.3287011408679099,-0.4046638249493251,-1.4147473294079727,-0.030463373882335453,0.263472645869218,-0.24042548766785704,0.20424448433093484,-1.8428110785496004,0.23448322048518877,-0.009618726311029648
0.03129262695710917,0.3704380605691757,0.8111694585083402,0.10247517623333781,0.023326168202445405,-0.65906626156118,0.74470557336756,-0.29086065968355856,-0.13689942634771857,-0.18013567070407616,0.6877460556471449,0.05205280119595365,-0.12419610059318777,-0.8496988290386297,-0.1628463614953303,0.10183519876952872,0.37631721163180165,0.34032643471215307,0.26179999999722714,-0.22041447427386343,0.16037703941088993,0.31617749467021616,-0.41562776723126793,-1.4121579937342468,-0.033127851203416214,0.27182571955934387,-0.22341244805465915,0.1959510468431437,-1.8364045282823556,0.22451622802078114,-0.007400883867287365
0.032872542479165656,0.3804328707714713,0.8069105110106545,0.10377965003472776,0.023299730062441088,-0.6613218217838374,0.7425229658739129,-0.29826827212131285,-0.1410973041029626,-0.17418618942674133,0.6764535781043882,0.038161146197075,-0.11653039134248382,-0.8703850391259602,-0.16473707934134377,0.08884601523001015,0.4258403653841219,0.28669072189627043,0.26179999999999964,-0.23001902144827796,0.1203960803287794,0.3019839557414951,-0.42886391001866025,-1.4040224700631359,-0.03603925052934461,0.27876205535694315,-0.20490095054685123,0.18608084115880316,-1.8220702109190714,0.2125915686932455,-0.005202292111451154
0.03414516768761003,0.39080777167032826,0.8030455065908518,0.1047727621590279,0.0241095591343367,-0.6639742467357543,0.739986214155103,-0.310724009509263,-0.14423768013053845,-0.16935647035537363,0.6745558755102692,0.01846539805227425,-0.10060947219491846,-0.8912323047511701,-0.1662128423043393,0.071968701752834,0.4794201954363869,0.23285984100265092,0.2618,-0.23830316836117518,0.08187364166703137,0.28757837207317216,-0.4391993685804509,-1.3982087087364525,-0.03903628796820918,0.28185928840457697,-0.18674796673501604,0.1769909584743678,-1.8008973106254529,0.20504782305935076,-0.0031896060850417577
0.035092725490675464,0.4013986773979959,0.7992767619934086,0.10546404795558197,0.025444228026375963,-0.6666749784601824,0.7374106040355525,-0.3269668570357223,-0.146463444116334,-0.16574389118063573,0.6798043006476824,-0.004395811858049175,-0.07758799197586035,-0.9146569583511934,-0.16914173816758954,0.04776572882812138,0.5430148022641063,0.17325973543124207,0.24267963470798293,-0.2458189249838661,0.04455466445926385,0.2734099031436295,-0.4475983112628223,-1.395522430756209,-0.04208955589463245,0.2828637172492865,-0.16807867870040852,0.16745777341316959,-1.7753124898388355,0.2014051366892369,-0.001410021124599974
0.035850210063350416,0.41218889177564105,0.7954007405652141,0.10585724827304065,0.026907093321776418,-0.6689564968719285,0.7352329267721005,-0.3454138547335322,-0.14859697913114198,-0.16438988004821636,0.6900402935553214,-0.030632861598944697,-0.05363150054581486,-0.9395951242560735,-0.17443739213031997,0.022998357983808632,0.6150175160637164,0.11096599759990274,0.21174735222152724,-0.2531089765060195,0.006744680895465039,0.25958410264941806,-0.4560562218480679,-1.3952325849944542,-0.045242106146173425,0.28311121617448337,-0.1493816455881475,0.15655774425794047,-1.7475847585714552,0.20020669898389634,0.0003042582431548753
0.03658441422137346,0.42291387894774224,0.7914277154373485,0.10587545224534746,0.028208654005169764,-0.6704739761558103,0.7337978657292998,-0.3639649000652196,-0.15101555314914503,-0.1660355534651009,0.7024156230259578,-0.0602630818485331,-0.0357428842476271,-0.9643677455296192,-0.18132251479884895,0.004431030860668715,0.692186717761118,0.05272453896814146,0.18193768034195143,-0.2604081373746467,-0.03281882832244646,0.24639514633257453,-0.4670325650798611,-1.3964124652383334,-0.04863649972204503,0.2845311415436304,-0.13127308084390812,0.14355886198414344,-1.7199404978992772,0.1994841025607034,0.002142235416710144
0.036861960624145346,0.4337541007127593,0.7871336912991693,0.10546189042804681,0.0294393581326997,-0.6712734988326108,0.7330777609674859,-0.3827793485705626,-0.1530777540755143,-0.17081357439403624,0.7172749304013079,-0.09604762378910227,-0.02666262200196944,-0.9899455942374858,-0.18765983804948574,-0.0058871932949168355,0.7750948687665407,0.002456459133446676,0.15439841548791114,-0.267535931352824,-0.07417046573729312,0.23467982054360245,-0.4800558348997344,-1.400125844394031,-0.0522507917138817,0.28731472356109905,-0.1133991438755963,0.129301089556546,-1.6934918282915739,0.19756741985668128,0.0039721502251354865
0.037194121667199154,0.4442727069400827,0.7824931667801215,0.10470595045098986,0.030646617853226497,-0.6714572297241952,0.7329683740826904,-0.4017084788960501,-0.15509729932932106,-0.17791646551118498,0.7345351529152127,-0.1371910918509843,-0.02395318778779159,-1.016329449319558,-0.19395507530875744,-0.00999511323086641,0.8640212674447125,-0.040929534401731284,0.12612060866367647,-0.2746365762947806,-0.11635640317643776,0.22359050361017807,-0.4959147597396967,-1.4074140912147641,-0.056039855108819654,0.2923370137062487,-0.09648002893550563,0.11254007570229962,-1.6688836919143515,0.19373919796558947,0.00584481269325592
0.03767155990790916,0.45483641021737464,0.7773823444422143,0.10377348721828425,0.03177163501264337,-0.6708944947399105,0.7335681314553276,-0.42181104733375896,-0.15803954224554995,-0.18743833299459728,0.7542833334901681,-0.1797224949674777,-0.024751617380779824,-1.0419035352429256,-0.20053715168820277,-0.009440473641833655,0.9550663540887111,-0.07891575392400044,0.1003169470513051,-0.28152541660296027,-0.1604218836007091,0.21239271920737307,-0.5142201233055643,-1.416866344552486,-0.059406517974153604,0.29893243551094856,-0.08103830033025601,0.09372160321640535,-1.6472097691561811,0.18806769463288714,0.007727277329022175
0.037987888551571494,0.46524232192958204,0.772212764944972,0.10276974393159519,0.0327236483171792,-0.6694700941872853,0.7349675744969407,-0.4426850563642082,-0.16232370198107032,-0.19909803406561338,0.7747073847867916,-0.21838278324682944,-0.025775059906738236,-1.0632933481389453,-0.20750110076010386,-0.006168874141550222,1.0427225384269534,-0.11279430636847672,0.08076398122896718,-0.2880022768520159,-0.20573418573031027,0.20105211864702702,-0.5349556839671988,-1.4265834308807062,-0.06168489522620482,0.3079920171234729,-0.06749376389248848,0.07416939538386667,-1.629423635884992,0.18123420912193064,0.00955948911529212
0.038480346552066724,0.47560186970221174,0.7670119729539137,0.10178623261530827,0.03340577468562732,-0.6668576654190361,0.7374445546205552,-0.4654053256433668,-0.16919798583998444,-0.21368462786872552,0.7972695072545543,-0.25154442768471635,-0.02769690264846372,-1.0803908069712025,-0.21541696724798431,-0.00033060956822068333,1.126176724916594,-0.14388610690155523,0.06936344194847986,-0.2945418114902795,-0.25391780346420334,0.18899717678691524,-0.559524568992188,-1.4353177236019006,-0.06215420010413013,0.31968881088376794,-0.05633926481890331,0.05325190551208058,-1.616996459967911,0.17321338625817403,0.011347496135727254
0.03896073815394474,0.48617099405242686,0.7618609160082824,0.10073677824555596,0.03395601840736218,-0.6632281623917389,0.7408289242011967,-0.49018907055632366,-0.1781907319867026,-0.2311046602069097,0.8225471190115894,-0.28095528458496943,-0.03138933756228276,-1.0937728116735574,-0.22300877221248108,0.007651222116550004,1.2064023551142256,-0.17221536799553985,0.06497453620427569,-0.30100881567233506,-0.3044207086217005,0.17627695665094112,-0.5868404942876141,-1.443396836214414,-0.06043802116234003,0.33344775382748865,-0.04695322868265311,0.03176645426829065,-1.6096149574165826,0.16395274135196303,0.01291722031107574
0.03930853108275705,0.49657632973947435,0.7571767660033715,0.09955134483140682,0.034464196246407695,-0.6592276497084846,0.744527135018715,-0.5148948762823653,-0.1877385535162286,-0.24890295671918264,0.8473642667406801,-0.30588365140997126,-0.035426142145602094,-1.1020636575252798,-0.2288632178274658,0.016457792101095537,1.2818867236198435,-0.19744835068803915,0.06505410226880512,-0.30648081542758393,-0.35361074874234855,0.16290089912038058,-0.6151996525008196,-1.4518900070547542,-0.05677996178630269,0.34928681433210484,-0.038916722256729284,0.010530483394528832,-1.6062471088978083,0.1542205804470569,0.014209102251067772
0.039620050675268685,0.5069488123630693,0.7529594437899563,0.09815642868802953,0.03519166042995782,-0.6554786296406604,0.7479803664721404,-0.5171199476961125,-0.18988561450760685,-0.262381201372424,0.829382205894917,-0.35043603286850006,-0.03697211125010416,-1.1045133482369816,-0.23182340150659694,0.024463872078410887,1.3500190086627286,-0.21634589731181403,0.06644952251085828,-0.3115657609740183,-0.3951081795231197,0.14922094510979148,-0.6385398764512176,-1.4647620458932094,-0.05438818087095626,0.3638148590586659,-0.033330736280774584,-0.007680613779761442,-1.6046483343199571,0.1479916577118577,0.016157120018945193
0.039645514191348576,0.5171885269079807,0.7493545964684541,0.09656527017696696,0.0360066290119432,-0.6516536540664893,0.7514826587517764,-0.5430334223689368,-0.19821499519665847,-0.2762396092707307,0.85534989491769,-0.3680612616466243,-0.038231482503316504,-1.1011256160637128,-0.23216444866269081,0.03187957743428939,1.4128379624158443,-0.23780600932015764,0.0709744003789049,-0.3125861775787868,-0.4387964301420156,0.13556772617584972,-0.6669934602695576,-1.4736870827569508,-0.04863928230912936,0.3832346647946588,-0.02562594404008626,-0.02858188981496448,-1.6096904694033936,0.14106578956288265,0.01650858913852511
0.039534907835173244,0.5272251751969221,0.7463997437258008,0.09480646569380624,0.03699908578339163,-0.6481976164675343,0.7546407434797372,-0.5680057172019403,-0.20488251292419016,-0.28718719621601124,0.8779267698356521,-0.3765839374917277,-0.038115778411035126,-1.091827761507055,-0.22887928383539505,0.038855649006905094,1.468611287935312,-0.2551769728402929,0.07787821167168335,-0.31219928757945664,-0.47629139488672495,0.12169498954269443,-0.6926929607123387,-1.484983111208529,-0.043239480907671615,0.402934070007334,-0.02025103927756408,-0.04718434429079834,-1.6182759440892407,0.13779616601128483,0.017228706154475033
0.039183676024972726,0.5369383213090199,0.7441022093858718,0.0929005330044266,0.038010795729547006,-0.645339110565981,0.7572728060279267,-0.5906873897600357,-0.20986670095097507,-0.29599305640932455,0.8961984245005101,-0.3814608817143869,-0.03737157867583901,-1.0771296535103803,-0.22245020327498227,0.04516989260471951,1.5178867423200275,-0.2693208958034796,0.08671271564432359,-0.3097272463473929,-0.5078107505992839,0.10858732552914914,-0.7161524635360207,-1.4985160564634177,-0.03783437306547166,0.4228536757414514,-0.015679389010559666,-0.06389301081451705,-1.6299830249001168,0.1371771122911145,0.018017155759181565
0.03871089136015685,0.5464194516930414,0.7423714236399515,0.09089792144272654,0.03889914247671976,-0.6437027394953029,0.7588617843574753,-0.610615606233702,-0.21270102753918257,-0.30191472283820264,0.9098770398418351,-0.38372329997297683,-0.03685402126434985,-1.0582766658474012,-0.2130666875309386,0.05140265533072301,1.5610240480596476,-0.2810663788544586,0.0960347112020681,-0.30453117196682294,-0.5322374355602805,0.09624083449042302,-0.735792239402735,-1.5142910789130697,-0.03139129528619663,0.4410688325329237,-0.011960857112677003,-0.07821873858951141,-1.6430265936752615,0.13708140304335992,0.018672812940172066
0.03822165958020151,0.5557841533765256,0.7413613344583501,0.08869318948186172,0.039679304731405456,-0.643568206446998,0.7591963083196351,-0.6275462063504633,-0.21260143585466282,-0.30449106430278644,0.9186290626432488,-0.38374787655805326,-0.036872110745882966,-1.0351985022041212,-0.20023009171647918,0.058000085822655235,1.5976763475035216,-0.29127294906278656,0.10545967910187765,-0.2963486769731964,-0.549660490877855,0.0852194572920118,-0.7516279382922574,-1.5316630794165287,-0.023041797062829408,0.45646416448638344,-0.009386557098168054,-0.0898790793210635,-1.6553717482279973,0.13535197444308136,0.01928605594948634
0.03789097667535397,0.5650421257544367,0.7409578676389726,0.08633162878000226,0.040381216520361356,-0.6445699464497343,0.7585814335707906,-0.6419813381543805,-0.21008112395079725,-0.30428696871323535,0.9231152048590833,-0.3814749581344369,-0.03726170979937125,-1.0081414883909523,-0.1846004119819679,0.065263946415719,1.6282748360484844,-0.30052071205377456,0.11526921513828983,-0.28571112027200635,-0.561156856491558,0.07578321381341567,-0.7645889483282832,-1.5505361167308767,-0.012646802219703206,0.4697829049754772,-0.008375213377125289,-0.09941952780278449,-1.6676295488205286,0.13120323131727282,0.020007724017119786
0.03765426214256817,0.5743857104958028,0.7412613104538337,0.08415224423135895,0.04090891011040386,-0.6463368943071883,0.7572935229630215,-0.6542632063441958,-0.20631333388355796,-0.3021031090902157,0.9230783024398846,-0.37601935852592216,-0.037775118454304424,-0.9785295241098332,-0.16827907684413937,0.0730702670898674,1.6530137044218338,-0.3083166450480308,0.1249258479496336,-0.27306279680121437,-0.5665510845589857,0.06823521779504159,-0.7741656100952028,-1.570606439443716,-0.0005789091146638893,0.480827178103387,-0.008993844808294592,-0.10674625603912213,-1.6798251311020376,0.12497116088366103,0.020745796809860186
0.03764814116933537,0.5838430229721634,0.7422390038275882,0.08245799873335989,0.04117506389742629,-0.6484784491475702,0.7556328430852483,-0.6646877861516517,-0.2027341630223426,-0.29871706991444313,0.9185293527614399,-0.3665226292562926,-0.03834049260659394,-0.9478498132109887,-0.1538611682111994,0.08127354860455983,1.672309911003969,-0.3142035603104813,0.13347900261125262,-0.2589774222743241,-0.565690697827247,0.06244308498040323,-0.7802397976369883,-1.5915382461987508,0.012341303065912865,0.4895462563731999,-0.011392812589502763,-0.11242081536228375,-1.6921650518030906,0.11766622521149223,0.0214835560870979
0.03802963959192467,0.5934616801848971,0.7438933909272052,0.08141958248721806,0.04107130636119864,-0.6509886459488058,0.7535899297543283,-0.6733156469286216,-0.20000497431095088,-0.29369366338488195,0.9094795607804674,-0.35250180695533223,-0.03846928669214682,-0.9166540141698717,-0.14255229154455748,0.09033636136323354,1.6862934358168007,-0.31845547228149684,0.14115477148348166,-0.2433203500499606,-0.5588387431836498,0.05851127268833008,-0.7829941648249827,-1.6131182483091107,0.025519024467312693,0.49555025546885584,-0.01571095130949743,-0.1167914082039457,-1.7043962680475975,0.11006859520441056,0.022234614094235796
0.03857922842261301,0.6031273345704552,0.7462629110232101,0.0808347091605393,0.04069944698569626,-0.6539956481200737,0.7510652415403042,-0.6799247146712754,-0.19722078615392727,-0.2869193438913932,0.895847513450532,-0.3342247335309184,-0.038038615709027584,-0.8842249944045085,-0.13345957736627218,0.10006743137322326,1.6946429441896387,-0.3212094960208125,0.14815852197612905,-0.22606009716298822,-0.5455427473140949,0.05705671369334038,-0.7822797845318804,-1.6359130501197408,0.03871904362151923,0.49878829548623427,-0.02169411395891157,-0.1191175517219404,-1.7158701413989057,0.10250401293112586,0.022974511091993947
0.039264410744644304,0.6125308774501208,0.7493818076195583,0.08051332079637494,0.04020449569103344,-0.6572502217395138,0.7482802614822409,-0.6840683863836061,-0.19397972101543368,-0.2796274927242767,0.8772710156161345,-0.31183937715260035,-0.03818722457403343,-0.8503467808078433,-0.12629296563844597,0.10970025870573424,1.6970705606500078,-0.32162814481392904,0.1528381752338917,-0.20798358417236398,-0.52512422671026,0.05808425294720244,-0.7780653203550011,-1.6597791176551127,0.0513605132582996,0.4997066236500626,-0.029105528794511948,-0.11936444819927416,-1.726295988656774,0.09539003813186053,0.02371475077670404
0.03983945211054465,0.6221641667347078,0.7530751940611587,0.08020466593624277,0.03993311354065218,-0.6601830205430959,0.7457418704830783,-0.6868767041184327,-0.19067482292157845,-0.27454440750446285,0.8552016247457551,-0.2886454703244997,-0.03952103790499678,-0.8163894204750964,-0.12110975523882368,0.11747418717001108,1.6942276765049449,-0.3197662987571791,0.15365871649967053,-0.19000660110161463,-0.4993556424969239,0.06004955334696717,-0.769416670077232,-1.6808904256038848,0.058811212921412004,0.4974646830701969,-0.03660159563404909,-0.117549935178907,-1.7354638054251026,0.09131256571476742,0.02387152355158777
0.04005870156775019,0.631793668575583,0.7574499461259614,0.07992755146100322,0.03980691541966326,-0.6631772931978017,0.7431169987216404,-0.6869213210321693,-0.1860041957164719,-0.27016292269361164,0.8269897024976404,-0.2603936810638108,-0.042344772480443965,-0.7818023786726582,-0.11646215649482462,0.12440098687619208,1.6853968897859288,-0.31569994364481785,0.1513783609923138,-0.17194878668178473,-0.46356002691468357,0.06488491315706583,-0.7542665301354391,-1.702656270409566,0.06586651339440297,0.4926244902283384,-0.04521291834435901,-0.11210448374872296,-1.7439454085507422,0.08826335051540184,0.023895328511809356
0.040175880046062484,0.641689766980427,0.7621515190587592,0.0799465491175531,0.04050233583086523,-0.6653398473247523,0.7411416852655873,-0.6905115805250287,-0.18317772103309962,-0.26926912509546835,0.8022271773388274,-0.23920014183755128,-0.044673916794547915,-0.7506690830959848,-0.11405964223895992,0.12905700581562526,1.6738427834505167,-0.31189762822514017,0.14771407294580147,-0.1539603125542986,-0.4285317657489612,0.06870760197860566,-0.7387925225159885,-1.7161972490197435,0.06847629273410791,0.4861947195093319,-0.05127987505872052,-0.10701447705519618,-1.752308270873409,0.08761625681434297,0.023148947000241386
0.04038381034448969,0.6515407711847092,0.7674756386788855,0.07993135262999393,0.040847514306866804,-0.6681729180127751,0.7385711956717403,-0.6890697657629266,-0.1785052732000121,-0.2671314534122711,0.7690713095120469,-0.209750226120009,-0.04821026806287372,-0.7179050049824209,-0.11192006189968026,0.13469646847186106,1.656264534939514,-0.3070520648943683,0.14116723680965773,-0.13469560986221052,-0.384008788229417,0.07506160006728589,-0.7171200677675176,-1.7303261208937224,0.07092660365324367,0.47718983786721214,-0.05955354369396923,-0.0991266132054182,-1.7604969373942538,0.08755743874710983,0.02186210540055237
0.04057130155477382,0.6616444018491547,0.7731470719326835,0.0802180863954851,0.04132924519970395,-0.6712344658138487,0.7357317745006446,-0.6859590515706012,-0.17272119333414074,-0.2638847622856131,0.7307990059376723,-0.1747992968456681,-0.05228244628631011,-0.6864048210240737,-0.11030566155834746,0.1408043756145254,1.634149314762405,-0.3011279005446951,0.13197430351010364,-0.11528660028999332,-0.33445393086666225,0.08413228642419204,-0.6902490808607086,-1.7450856581536072,0.07293456244414383,0.46547253951370654,-0.06926069458474259,-0.08875269229624658,-1.7688402092868882,0.08783478253314272,0.020352025512116397
0.04066423388461586,0.6719626960716083,0.7791862483181673,0.08089436534079365,0.04201795238852069,-0.6744864982618859,0.732638080497872,-0.6815696063971834,-0.16607171274695012,-0.25974131970442293,0.6878010287448785,-0.13531058314498862,-0.05656638930604217,-0.6568269323042121,-0.10930743465869222,0.14715280474518036,1.6076087651216902,-0.29392176263174874,0.11969458423565857,-0.09571315934901801,-0.2803794185021174,0.0953076237005216,-0.658365160561383,-1.7600952143503041,0.07437274504664401,0.4512105651628661,-0.07996710568265694,-0.07599544248292199,-1.7771540088434994,0.08827772772734624,0.01858961637210319
0.04075987519198619,0.6825407622171448,0.7854692591947868,0.08188143057653822,0.04298812867685028,-0.6778959137906369,0.7293178882939597,-0.676066010869225,-0.15887650327122094,-0.2549163546066973,0.640565512936084,-0.09198217434387211,-0.060802442441996826,-0.6291747063025386,-0.10890947382832283,0.15344804992752498,1.5768367523808464,-0.28570864595553563,0.10413823405766659,-0.07603525737483248,-0.2213256080593426,0.10741425288799783,-0.621347477218806,-1.7751416695658473,0.07518364958443148,0.4342859170943661,-0.09150068641885994,-0.061113150855665224,-1.7853825019742768,0.08880338228119587,0.016467194201654916
0.04064502675335422,0.6929738561549953,0.7922833619858584,0.0834482732420132,0.04319828703090385,-0.6821607091352438,0.7251393387498875,-0.6561839084354992,-0.1475140187726411,-0.24330615945052916,0.5654651852119323,-0.01684417917955615,-0.06716847931274147,-0.5987210434259571,-0.10989008435222526,0.1606269377781492,1.5363300381305016,-0.2711488827095884,0.07442515571147637,-0.06139157357557293,-0.13462694644663645,0.12276661842097665,-0.5617658585901228,-1.8075189812734258,0.07388431926552727,0.4075890706932637,-0.11251082660737945,-0.03310602533892435,-1.7898014380234737,0.08895966012227918,0.016326512457456192
0.040658899590034756,0.7040994432204073,0.7983129249197111,0.08437047176806926,0.04576189587672672,-0.6850012129303119,0.7221916716934662,-0.6587502125974645,-0.14096513005848665,-0.23995024101412538,0.5279022838463544,0.0200197385118851,-0.06857240932603313,-0.5765156276226424,-0.1091038386306364,0.16425427481834992,1.5015552490910786,-0.26474073550534105,0.061258551436898345,-0.0400833371564173,-0.08083897650105959,0.13610515957333683,-0.5234093169974368,-1.8189211612553395,0.07332633518707019,0.3902180322814711,-0.1205307790879276,-0.018830350991564812,-1.7988721190248893,0.08898392691974806,0.014357310540683734
0.04046490589351663,0.7151427078283276,0.8047601950755344,0.08565175028475648,0.04702039765564191,-0.6898254845428666,0.7173518388856776,-0.6565606022174438,-0.1308661526406342,-0.2289283986946748,0.4772474380934435,0.10977980485358904,-0.06912397085493387,-0.5495789949847778,-0.1078648246816509,0.1717630721744232,1.4555894584070643,-0.255485100589455,0.03734064241849613,-0.02107918699169453,0.0006764491155701498,0.1487379381793497,-0.4605954179986736,-1.8449489278450975,0.06936815111747661,0.362210235819277,-0.1384879464349391,0.009507967997188506,-1.8032585680880842,0.08682936615129454,0.012941810063146306
0.040339071484537095,0.7266383157405969,0.8107896241475102,0.08606359492468783,0.048847068241455655,-0.6941197315364737,0.7130251186631426,-0.6572563105806197,-0.12036973882266541,-0.21722477050168867,0.4337628868537434,0.18456903656053192,-0.0661337360037377,-0.5237640841703916,-0.10568969324848067,0.17710875013379354,1.4081711277863493,-0.2500745518678678,0.020751402903661446,0.00332544296424088,0.06144173017842373,0.15558963812108662,-0.4057477352810647,-1.8457321865467438,0.06621969687253347,0.3388970074682364,-0.15085502533837541,0.03161008350388172,-1.8089970866056317,0.08280608089913453,0.010352372958169487
0.040046374268730284,0.738189535764754,0.8163292436257894,0.08636386674362577,0.051451572801488016,-0.6985447101877047,0.7084696931034659,-0.6605989732920228,-0.10905882159431476,-0.2052352218581286,0.39369072868392374,0.25543775475700936,-0.06375172246702523,-0.5003409715708556,-0.10132684399422914,0.1827420663024,1.359423157267444,-0.24716161956405985,0.007503373898525268,0.029028942617563235,0.11959058306215167,0.1617905536623032,-0.3517046292463377,-1.8457341446934978,0.06292732817825536,0.31611886308455595,-0.1615723455992795,0.053418428006746704,-1.8156992657206996,0.07730714962546856,0.007269370784296958
0.03954601777059746,0.7500223958500739,0.8211826162583257,0.08607822846018097,0.05448716866589723,-0.7029055410978751,0.7039499181971935,-0.6644842678326519,-0.09711731373428518,-0.1964067384813575,0.3558964478218095,0.31991113865430343,-0.06691618432589258,-0.4783197873586248,-0.09450292723992099,0.18818500526599835,1.3106139841745506,-0.2446814433338543,-0.0036494459333829467,0.055550221722237454,0.17479223215917988,0.16669116100238596,-0.2983980580754657,-1.8457341495888648,0.05970259972816078,0.2934677404158038,-0.17110450879489641,0.07478475331055802,-1.8225908537939257,0.07073977152456996,0.0042422393693847295
0.03874070484510859,0.7618023634997935,0.8252174383904104,0.08496323770333629,0.057876254079615524,-0.7072324891145133,0.6994667924880844,-0.666688808356084,-0.08362072878963366,-0.19328422652499153,0.31625368426007805,0.37971658227328725,-0.08106150068755506,-0.45676411689814855,-0.08491289026705191,0.19311366823605225,1.2617294805427874,-0.24036778060313885,-0.013693727888670487,0.08336386861531465,0.22733625422861273,0.17041172078521924,-0.24554813818584942,-1.8457341496011033,0.05687074628994625,0.27195476195204576,-0.17928455400034224,0.09578801583887403,-1.8297750067190457,0.06346031215002901,0.001362491089828915
0.03746518746802672,0.7736843887156659,0.8282335569270821,0.08320797188906005,0.06153295490840813,-0.7115268893975374,0.6949961255565493,-0.6674958690212159,-0.06815640270579906,-0.19616757695189416,0.27451453865034825,0.43546134118549534,-0.10531254286305344,-0.43622293303865256,-0.07290879687874342,0.19775878480619882,1.2130605774930778,-0.2342763310281331,-0.022539132745036633,0.11234711904059136,0.2771947497731703,0.17319737093541057,-0.19191395362778635,-1.845734149601134,0.054597557950601075,0.25055717917137366,-0.18612883364437804,0.11695768521066607,-1.8371404802619102,0.055714659785741034,-0.0014439429060512372
0.035947479012695745,0.7856028744672041,0.8307642856956757,0.08141531510038524,0.06488274837131022,-0.7150286086733888,0.6913001260013549,-0.6719569030555889,-0.055336037685991886,-0.20791839435087234,0.24319789060464492,0.45673299208551915,-0.1372626177883794,-0.4159771298585222,-0.06122169507474323,0.20077333332503672,1.163668134717574,-0.2264754827330925,-0.02940322784130666,0.13879452303926285,0.3251480816819337,0.1747167382024347,-0.13804324947229318,-1.845734149601134,0.05250345783357007,0.22821070364386256,-0.19252410793719046,0.13876783701353146,-1.8429989127495432,0.04777164319743194,-0.003989804130916848
0.034585543199826325,0.7976502881240267,0.8326240833655831,0.07932142773247063,0.06799309018752409,-0.718678875193239,0.6874487072794707,-0.674968050025886,-0.04153281093701964,-0.22002289347074366,0.21812875605050627,0.4696851553312665,-0.16613783106766944,-0.3970644559096378,-0.04896141508863986,0.20479295351104365,1.115474954276865,-0.2181740647276083,-0.03334904078361079,0.16460364794543553,0.36967816502161294,0.1753926484191076,-0.08652990545986813,-1.845734149601134,0.050201893847038645,0.20395766080219122,-0.19823293971924816,0.15990181130915954,-1.845727311509005,0.039204233963830784,-0.006384059880827684
0.033251105257776,0.8098763280685743,0.8337592649561989,0.07737478817188116,0.07067870630648825,-0.7220078446492042,0.6839022846103157,-0.6785504632714823,-0.0293400617503181,-0.2334367013298089,0.20507834364402008,0.4656605037996359,-0.188350995095387,-0.37964582355753107,-0.037028011524207906,0.20955042576256447,1.068629493438794,-0.21015114292727877,-0.03229380590902584,0.18815707069971485,0.4106545653477159,0.175532132669222,-0.037412746026699556,-1.845734149601134,0.04706664610181611,0.17753644599324211,-0.20385706560952427,0.18075225275220733,-1.8457341325059036,0.030492625559373928,-0.008806477112873773
0.03199640504673205,0.822171756353759,0.8343947930375997,0.07571316192282213,0.07315156139239574,-0.7250337637472405,0.6806191354965089,-0.6835173076804383,-0.01920296539784996,-0.24803087368830262,0.20426561225037843,0.4447850753886939,-0.20551038853498782,-0.3638879102644713,-0.02536842759447092,0.21506124814986874,1.0222123454816368,-0.2018102935249626,-0.02677686940100192,0.20987850693020527,0.44853566410483736,0.17526793930648166,0.009173618123024859,-1.845734149601134,0.04267960813417156,0.15114963466040351,-0.209932107000933,0.20076485548591197,-1.8457341495583959,0.022136278528739697,-0.011294223330665145
0.031105651841851732,0.8347412709692207,0.8346416818367217,0.0745416612230271,0.07525356929441197,-0.7275267568320105,0.6778534201020606,-0.6908043752911334,-0.012261607185165065,-0.2588016618281045,0.21654704214954348,0.41016000979876416,-0.2162034606348341,-0.3506427452301381,-0.015206297326601443,0.22022002688545386,0.9773381937287191,-0.1929787055950205,-0.019526666484636156,0.22878292275851642,0.483049318146717,0.17440494701569045,0.05208151975898451,-1.845734149601134,0.037222329821814,0.12503434727302412,-0.2163914672559764,0.21928094225368247,-1.845734149601027,0.013797050747864716,-0.013794049657927174
0.030303993544590666,0.8476028790897019,0.8344203484341247,0.07399491710325112,0.07681084486454182,-0.7292580620145702,0.6758753770783731,-0.7014586680151058,-0.008793797320617126,-0.2603549875898959,0.24331131928999108,0.36666686756410166,-0.21852431997885424,-0.34058841795363504,-0.007274974663317731,0.2232357578653433,0.9358682743767661,-0.1835251388473359,-0.013034117963668294,0.2440704396031867,0.5139698173939946,0.17316781880467028,0.09097891841047148,-1.845734149601134,0.03148489948628762,0.09976212429326632,-0.2227281651447449,0.23691056726788787,-1.8457341496011337,0.004852543097812137,-0.01629214149937473
0.0297526757973622,0.8604746742812277,0.8337777113513652,0.07410813847014404,0.07767278470056747,-0.730105225703255,0.6748490807063082,-0.7162448901295284,-0.008422611220802071,-0.24847219779496502,0.28727093729502284,0.3152437617475936,-0.21107665309540719,-0.3337282993084355,-0.001698946480926182,0.22419834806945257,0.8981834733985254,-0.17155965657922345,-0.007530012228074678,0.255101519760692,0.541690871656955,0.17221311081169205,0.12460627265931941,-1.845734149601134,0.025673323078287926,0.07612722471771127,-0.2290680822199752,0.2536190551654639,-1.845734149601134,-0.00534049037965282,-0.01869198860813158
0.02935751679572963,0.8733151393753935,0.8325221738400905,0.07452292021977373,0.07825380219779363,-0.7312264394468063,0.6735210249557567,-0.7418802150373316,-0.008031516060690351,-0.22449113115520883,0.3614504162600324,0.24360220103551036,-0.19179216917458852,-0.3302498373266176,0.0037346349225266546,0.2262793997300011,0.8635023573843871,-0.1547589310107129,-0.00142679238892774,0.2647998795549944,0.5669371309956278,0.17157925309991948,0.15503493845417188,-1.845734149601134,0.016800703558824737,0.052640783293460267,-0.23620459752117592,0.2711828758231363,-1.845734149601134,-0.023210264569793942,-0.02053012684565129
0.028869823579915695,0.8863134710414697,0.8306940237099519,0.07522330747250647,0.07872340352661117,-0.7316204912654461,0.6729602785533421,-0.7677483567742451,-0.006263575321690299,-0.19816474944590035,0.4418585447257912,0.17264597485570227,-0.16960449358892613,-0.3300346459107661,0.00794563036960968,0.2241858163867894,0.8331480529569079,-0.1390068686959643,0.0013126959829613512,0.2719275091768815,0.5878394542954545,0.17345929435625035,0.17964599517390317,-1.845734149601134,0.01010796186661696,0.03173413771617927,-0.2414550157669,0.28616708574457894,-1.845734149601134,-0.041144640412775074,-0.022387832170299948
0.02838843071432059,0.8995544876666597,0.8282739394892381,0.07610018860028511,0.07930892573439327,-0.7319620463959144,0.6724213100651737,-0.7935881265726593,-0.0031821341983193593,-0.17535971330222194,0.5260546285562101,0.10558997937228971,-0.14756228432542193,-0.332903069864108,0.010544220602694747,0.21695734741787462,0.8071707849439477,-0.12744405232138545,-0.0013422000733490029,0.27806870178867316,0.6052952917247519,0.17596108131661964,0.19932761230951454,-1.845734149601134,0.006980954596366235,0.013427611730162773,-0.2458896451938287,0.29874751278865946,-1.845734149601134,-0.058872803774167565,-0.024100229781467645
0.028068867957116245,0.9129771628820303,0.8252734011770598,0.07731983059298282,0.08004233594368533,-0.7322664286707048,0.6718636362355116,-0.8196573185984839,-0.0006315753421073144,-0.15706155104527436,0.6138760910855954,0.043285895578930464,-0.12414478581771898,-0.33891521966950017,0.009856184372301102,0.20068125731351208,0.7854068875879007,-0.11957427981932478,-0.013480353528151036,0.2830148686679412,0.6199627970242407,0.17822676312851038,0.21405498497730135,-1.8457323568914603,0.008829053536081637,-0.0022060569212986555,-0.2498936573613003,0.30906454810791145,-1.845734149601134,-0.07650084588097489,-0.025644568022238603
0.02775964189230595,0.9263487982631843,0.8215408517984006,0.07888508267646122,0.08077893711751154,-0.7323873518632135,0.6714615952383906,-0.8462843392471816,0.0010861356861342352,-0.14145532483577833,0.7071803088715894,-0.01645898621505107,-0.09829506114393075,-0.3475129579451453,0.006184513513176806,0.17576604592144568,0.7680253575061473,-0.11433789278704518,-0.032846185016321486,0.28608372988705616,0.6322449713386796,0.1806940938252457,0.2245675440693836,-1.8457304688110199,0.015919588794430402,-0.015551933483897286,-0.2534719184210901,0.3181383037186641,-1.845734149601134,-0.0940923503245061,-0.027109322007924597
0.02747762102665563,0.9397605542659155,0.8168957804825638,0.08050141072048989,0.08148015352896146,-0.7323441368118492,0.6712321302874414,-0.8717382610097639,0.0022005009346520226,-0.12929950403401155,0.8028947335353318,-0.0729248040770108,-0.07437826505232993,-0.35770331820157447,0.0017922552665401606,0.14819624798343373,0.7554275972874204,-0.11488599032134059,-0.05225982912296083,0.28734710468432717,0.6416839174894147,0.18402481868658674,0.23121289141366738,-1.8457310628572277,0.027510353031716256,-0.026521177553966838,-0.2565105964197313,0.3255612041933568,-1.845734149601134,-0.11114603614444488,-0.028497725540999486
0.026924426836822963,0.952938831775878,0.8116008490239771,0.08182453822439768,0.08211281745281426,-0.7322016372101017,0.6711504992333486,-0.8930236146035335,0.0033819032513477338,-0.12141328174614066,0.8958092727083367,-0.1240040596006062,-0.05678527764011259,-0.36755671273288115,-0.000535062294069747,0.1252989781119579,0.7464529243203962,-0.12448464953504808,-0.06378580632832567,0.2869887332210955,0.6490885834505714,0.1886520327751337,0.23540457341577356,-1.8457327041258527,0.04211466364452795,-0.034202641889094144,-0.2587040658008867,0.33218820514209957,-1.845734149601134,-0.12652722583536555,-0.02985107728898621
0.026001743666623292,0.9657640186732903,0.8044543555507819,0.08307030040337804,0.08187928290800765,-0.7318070802726103,0.6714562573125983,-0.9079425446570337,0.0026885369587825825,-0.11718110589636074,0.9831649455180369,-0.16332273771797273,-0.04957501499288387,-0.3642098843303511,0.00045917990910438356,0.11202671042127187,0.711992796151317,-0.0792814967166453,-0.06079352742374272,0.2838572928990291,0.6544065876967261,0.1938657866444357,0.23858381870867795,-1.8457341459874457,0.05362550092598184,-0.04014488968418235,-0.25972092239013655,0.3386954868648777,-1.845734149601134,-0.1348170270702216,-0.030791001974605804
0.024973600481332854,0.9782528950192504,0.7974838946340256,0.08344673931250425,0.08255554643263618,-0.7316521010892308,0.6714956637410503,-0.9203261091605986,0.003100298712458134,-0.11708320357225493,1.070519825098893,-0.20711511769273638,-0.04557167219580531,-0.37604693734964245,0.0009774918980918145,0.09909739366500342,0.7148530275660597,-0.12676658217639417,-0.05588776858959507,0.2805992138569299,0.6583763233614186,0.2015970951000465,0.23810967997490637,-1.8457341496006823,0.07566726004077745,-0.04077277650617382,-0.26042450162107494,0.3434163238660957,-1.845734149601134,-0.1456254836289114,-0.03223989617280325
0.023767743868969866,0.9907269959805315,0.7904627242910216,0.08407438674178389,0.08296184102530747,-0.7309116755285845,0.6721733057803484,-0.9278112113567295,0.0008120204178239586,-0.11874029141093602,1.1519944963094892,-0.24440211188160096,-0.04683482447133016,-0.39221946875397673,0.0024853348818082597,0.09276003549934421,0.727420463580038,-0.19179037587153022,-0.0467780015319642,0.2741538177558222,0.6598525344488859,0.20982597766253663,0.23486622115298927,-1.845734149601134,0.10500910750097388,-0.03904841846686389,-0.2605055960446983,0.34744291229331503,-1.845734149601134,-0.15481592044484802,-0.03364581158326794
0.022472802515547303,1.0032565841159904,0.783745831024629,0.08488094751931059,0.08347859931678973,-0.7301225115073188,0.6728652661525751,-0.9309371342185584,-0.0016743543359319607,-0.11990674172870151,1.226013973188506,-0.2718635664917503,-0.049533482880926155,-0.41068509897336575,0.005685164559252126,0.09290452120379548,0.7397128695411597,-0.2454816187081415,-0.03702803121963932,0.26626197890327213,0.6577823310787919,0.21788529926982758,0.22892627868283003,-1.845734149601134,0.12324234193986054,-0.03502292053776002,-0.2603075713871217,0.35036073725671657,-1.845734149601134,-0.15743247635421462,-0.03463700621339885
0.02115614332166506,1.0157880727314166,0.777426168755616,0.08590897890433488,0.08422056431095087,-0.7294407328801377,0.6733815865510778,-0.9306763720175006,-0.0038149267455679205,-0.12056975171602749,1.29405783308438,-0.29380542103516083,-0.0536316519918357,-0.4340633460003301,0.01164573122922988,0.10285388385893612,0.7555505598342639,-0.2919965902309777,-0.023624216479155167,0.25711568204644175,0.6523294905112214,0.22650597911053913,0.22048303492094362,-1.845734149601134,0.13739460243407886,-0.029930641698208825,-0.2596320833274925,0.3527582988627454,-1.8448094282274932,-0.15691774712031897,-0.035342831110575304
0.019706218026902728,1.028603378812639,0.7716128170454857,0.08692230262573167,0.08496698984382124,-0.7288485330085052,0.6737988868159921,-0.9267953325086883,-0.005693990270185494,-0.12115545066777456,1.356748949759242,-0.3108609078215769,-0.059774189476600556,-0.46116906889184694,0.020333612690903374,0.12168934386105461,0.7747272896400286,-0.332218030138513,-0.00679870085576444,0.24592371440928326,0.6433452950590814,0.2353549636463942,0.21014015645066253,-1.845734149601134,0.146326127698031,-0.027333686102346308,-0.256961364451529,0.3557696894627679,-1.836858763775179,-0.1538315775954882,-0.03532696799315112
0.0182408805119779,1.0413038822178553,0.7664758733040393,0.08799577268570126,0.0856541430209237,-0.7281488905273285,0.6743287810828025,-0.9186131302921808,-0.00773455126757725,-0.12124899530953039,1.41329863172778,-0.3237487599455448,-0.06644584420626423,-0.4895671702855394,0.02991922238608735,0.14349060950957046,0.7948023746278546,-0.3665739823813411,0.009039482317898116,0.2329012530714658,0.6314096454913046,0.2438726275933351,0.19753238324987768,-1.845734149601134,0.14976188314473607,-0.023901529671346334,-0.2534612045670581,0.35842082081472426,-1.8253503912838998,-0.14812216187538826,-0.03488112205655431
0.016892069025584044,1.0537344146144096,0.7621601476148937,0.08909703042467816,0.08608830654490848,-0.7271496998820649,0.6752065140437825,-0.905509956696438,-0.010221343838579856,-0.1204327760152429,1.4625116894282055,-0.3334054009164932,-0.07179226806737767,-0.5167863712028429,0.038017186077157275,0.16118286467762108,0.8131382148037809,-0.3954614676866707,0.019456494734204383,0.2177395759154392,0.616745026607137,0.25150506480608154,0.1824096128302459,-1.845734149601134,0.14788033863222513,-0.018178210298434347,-0.24960724391143163,0.3598774669406785,-1.8118954961285496,-0.13979649604326963,-0.03411192269432999
0.015618233096288509,1.0656249395210702,0.7586698275957761,0.09015992211412673,0.08620168662373844,-0.7258425397207056,0.6764562552001372,-0.8870428298988248,-0.013005775419292256,-0.11889431167607618,1.5039372344886075,-0.34055246618967266,-0.07486752685405347,-0.5418762259690811,0.043628911588828305,0.17158427203910878,0.8287274728604921,-0.4186525011500649,0.023290140182422096,0.20039241690168608,0.5997182158288149,0.25814923767337217,0.16520970146783084,-1.845734149601134,0.140338418163047,-0.009216153326695356,-0.2454837484006895,0.3601366492022646,-1.797814261362418,-0.12842076509239528,-0.03312510081371293
0.014392053246983545,1.0771519684613589,0.7558006152769519,0.0912250965433473,0.08607758636612098,-0.7242927162599585,0.6779887108638395,-0.8642116929851662,-0.016034698026477563,-0.11708627674679017,1.5383786979461038,-0.3454899431795999,-0.07633315455391887,-0.5661981040415734,0.04746949928618543,0.17708907874031643,0.842970363164745,-0.43640327151372216,0.0235560446738459,0.1809317967046738,0.5796496046721591,0.2640086278027842,0.1462142701034594,-1.845734149601134,0.1270490442775756,0.0022368369971618677,-0.24104214370441188,0.35912687237114016,-1.7835646245756367,-0.11399108862579099,-0.03195138536625931
0.013303088622092207,1.0887710251678702,0.7533150732051256,0.09248778153109627,0.08572018210104931,-0.7227386639485013,0.6795195981588422,-0.8384170164729898,-0.018980377167031198,-0.1142273800569667,1.5664288254883527,-0.3487354131154096,-0.07674567722274593,-0.578731376167014,0.048147024006349064,0.17979625645918137,0.8330281795094743,-0.46618596644387084,0.02042132881628385,0.1602046565009864,0.5558274406898103,0.2687574536685382,0.12543482428485753,-1.845734149601134,0.10940777675016433,0.015207271397855292,-0.23664154192163414,0.35646596358807797,-1.7697295082981923,-0.09766649813222116,-0.030396608760346364
0.012450064287655545,1.1002817538331418,0.7513853270176433,0.09383308041858972,0.08500196367345277,-0.7202217793239961,0.6820928146360967,-0.8098663165044973,-0.023470597437923596,-0.11206995906451239,1.5875728544576617,-0.3498869381503741,-0.0765094077592758,-0.605943528279892,0.0484518739925989,0.1798083857306379,0.8518907726847995,-0.4728315566571058,0.01873528179184341,0.1360308619572421,0.5289331417189446,0.2728000899371596,0.10192196914802568,-1.845734149601134,0.08312758958091797,0.0307021826752901,-0.23204498330645043,0.3513770911456788,-1.7563391078482098,-0.07616577641957868,-0.028573549953286044
0.011858637842626921,1.1116988430391594,0.7500436049520017,0.09534549409967621,0.0840076779233883,-0.7173601920624216,0.685015548472423,-0.7788432824426853,-0.027520007833390085,-0.10879746582101249,1.6018842955924724,-0.3499694566674267,-0.07584735452616898,-0.6323806742110811,0.04693755661277169,0.17873779262056566,0.868656093062574,-0.47479388083307633,0.016210783855410756,0.11047571953606718,0.4992092013692535,0.2756326964660045,0.07603383373615522,-1.845734149601134,0.05793571255290296,0.04882674038012142,-0.22784519039885945,0.3439490492843416,-1.7441269936695136,-0.0582361903543295,-0.026375554227915054
0.011262381606243271,1.1231695615878001,0.7492552486148346,0.09692877879986987,0.08275775926682735,-0.7141668298709307,0.6882744396195496,-0.7455301543726162,-0.03095368651026857,-0.10509429230562746,1.6097403236315604,-0.34970331793346143,-0.07431944280831095,-0.657850425641561,0.043760373530459286,0.17606488213612273,0.883240312270839,-0.47322790895053335,0.0122605473105028,0.08362644573411766,0.4664750356732766,0.2778602681251167,0.04835995615791043,-1.845734149601134,0.03435100733787891,0.06928329008797476,-0.22341505580138057,0.3343901903502003,-1.73288684042028,-0.04394155262944365,-0.023858268852508347
0.010755691427885189,1.1344609442104865,0.7490441840690055,0.09850616886106559,0.08117392594471842,-0.7107586843670752,0.6917582099547652,-0.7098667680086146,-0.03449724580330933,-0.10144685134698538,1.6108680376504936,-0.3477216236184847,-0.07196497047048935,-0.6814219443926678,0.03903801091486812,0.1728816614773902,0.8947342571620904,-0.4681903147312093,0.00823715139541685,0.055590376663188515,0.4318072655486349,0.2795842516697529,0.019014571190984614,-1.8456204267060812,0.012342699187294501,0.09189899503048514,-0.21927240491494976,0.32317147182748046,-1.7227765934683328,-0.0326388185667067,-0.021084341489955066
0.010182841583115025,1.145467389898126,0.7494547449447648,0.09995313829671246,0.07921112009977639,-0.7074224713454056,0.6951894818196948,-0.6723738497989434,-0.03847701319358876,-0.09838114997508318,1.605214105735228,-0.3426784009802804,-0.06871636686729563,-0.7021094459853343,0.033614943872739576,0.17073944039231517,0.9021021721580936,-0.45981974377952894,0.005958435380643988,0.026919043170179624,0.39518032344964243,0.28096604891746063,-0.010934294238792809,-1.843167815191865,-0.0035904952839261838,0.1151409205998861,-0.21578077126565548,0.31181335216071526,-1.7130428769345423,-0.02541512368957347,-0.018127357166532694
0.009854185767025828,1.1563289465357265,0.7505161449679295,0.10120101844802468,0.07695776215257852,-0.704016444275833,0.6987107433686434,-0.6336310187485708,-0.04390367058583991,-0.09690685317454048,1.5928940563249239,-0.3347511073616545,-0.06458888756133475,-0.7200793969564011,0.02728596424602672,0.1691045414999192,0.9055522611953393,-0.44780181648110695,0.005023293634829729,-0.002679738540654939,0.3563012802034473,0.2823554445359213,-0.04262131904474895,-1.8392840938466406,-0.019418812136796026,0.1393302775274673,-0.21240640009189687,0.2987634109816476,-1.7040261107063157,-0.018955440563950047,-0.01506060717005295
0.009603292226267069,1.167061552756707,0.7522768757376228,0.10225449297513133,0.0744608347504676,-0.7005906997989596,0.7022622545102831,-0.593571344765951,-0.04995897261951419,-0.09674982683137084,1.5738817959904883,-0.32487924815656,-0.05940985487364772,-0.7354611183986363,0.02028374468093982,0.16772476738566888,0.9051799922146073,-0.43200728879337746,0.0050861472818955,-0.03294440378073119,0.31548843111578145,0.2833612388751842,-0.07532319785016159,-1.8342590238615135,-0.03430928330372478,0.16456688917102363,-0.2090257056814571,0.28444160618750824,-1.695989301651639,-0.013579078263572412,-0.01188930023256657
0.00960552138409181,1.1778990224655186,0.754722649133978,0.10328392851451121,0.0717328345513199,-0.6971064943559542,0.7058536435300123,-0.5533790278429156,-0.05646346316425282,-0.09736957682086485,1.5489737659947327,-0.3128802145461499,-0.05360896124534007,-0.748418494910879,0.012176164493330208,0.16651751751758181,0.9003878538270936,-0.4130798521740194,0.005908562958748896,-0.06352676375051314,0.2722970159395157,0.283897953773614,-0.109354433576283,-1.8279059519960852,-0.04822385742922422,0.19032394586851564,-0.20590253423054355,0.26845426998968563,-1.6892317489171598,-0.009033454053356656,-0.008543808943629775
0.009717474759720339,1.1888523469579442,0.7578311360000244,0.10437403440602444,0.06881050958918072,-0.6935336317516364,0.7094943807679327,-0.5140868764209119,-0.06289385736279827,-0.09845579914856975,1.5189403733175897,-0.29807056864039283,-0.0471651902933632,-0.7587359661385038,0.002847369875243353,0.16522062855764724,0.8904617390045342,-0.39145955855014697,0.007654958169097165,-0.09400082597797699,0.22739606941618223,0.2841792920933533,-0.14403352493148414,-1.820310070958109,-0.06194221349854276,0.21623032595789107,-0.20294469525891512,0.2513863379457645,-1.6839493851921328,-0.004463365243896171,-0.005038599844755007
0.01002372712136893,1.1997582110766538,0.7616707614180405,0.10545773721147586,0.06560882851213909,-0.6896728281334384,0.7133901719381366,-0.4757553194366917,-0.06960048709066156,-0.10015793479887364,1.4837172973330464,-0.27865922418426003,-0.03843031233767639,-0.7655279874752402,-0.008373483207626481,0.16280711636135942,0.8744994553397673,-0.36656228943584773,0.010327903918391224,-0.12419148476095343,0.17910568664607468,0.28471166826258715,-0.181459745786884,-1.8097963489487783,-0.07951510400175754,0.24345956976029234,-0.1994765222235279,0.23203245386119695,-1.680604131932185,0.002874240248451153,-0.0018667165746392785
0.010358220455721311,1.210811373881878,0.7660556928429862,0.10654182276667398,0.062282558403618106,-0.6857575313785422,0.7172909668174148,-0.43862480073004456,-0.07607903791267431,-0.1021574479675379,1.4439468007747998,-0.2567468470027363,-0.0282928295335933,-0.7696802398668509,-0.02024265110382749,0.16037732460036674,0.8537277861322251,-0.3395409144100884,0.013739801187186002,-0.15458030772938688,0.13003156456301623,0.2845891942577304,-0.21872519141626337,-1.7991334151069824,-0.09634750528017387,0.27007036597912076,-0.19580937734843587,0.21221163381090197,-1.6785967916372635,0.011120327094583018,0.0016450165009807417
0.01093156356503512,1.2220402912621415,0.770891869674916,0.10756737230130464,0.058869661541019344,-0.6819747947000645,0.7210228864329087,-0.4022019223857399,-0.08203095707731912,-0.10383628465932733,1.3997270188655124,-0.23361810504214467,-0.01965520024472381,-0.7715371213747082,-0.03251200042726979,0.15831229327341118,0.8286879717975224,-0.3094904382207153,0.017930198807589715,-0.1843850788352116,0.08057746298724613,0.2835229072507188,-0.256032764186008,-1.7885432744513907,-0.11310848054232647,0.2959982750868798,-0.19201620261283092,0.19154029404930953,-1.6778378374925824,0.019953490305955213,0.005151294720888022
0.01150972753967669,1.2334395919266818,0.7761109945186543,0.10855530021825636,0.05552579840696777,-0.6786147658546047,0.7243028593550438,-0.36634383496991946,-0.08670384574054459,-0.10468273147971816,1.3513977433288538,-0.2118544620711386,-0.015576564889051753,-0.7719604002351754,-0.04402724756761769,0.157703885165427,0.800537376954959,-0.2768736891120377,0.02292953983475721,-0.21345557835282392,0.03445382280322601,0.28125196209594927,-0.29005471277115397,-1.7804187631813309,-0.12702304095768976,0.3194572073643728,-0.18859489191282125,0.1723453427058774,-1.6771728187224382,0.026622000223554945,0.008915103889370285
0.012248944880215926,1.244871184195852,0.7817697075553577,0.10909431028692677,0.052196467962852953,-0.675708999073715,0.7271803825503137,-0.3295037274915737,-0.08923251993137403,-0.10388977948253239,1.2972959068590393,-0.18907343102710053,-0.01886633737049481,-0.7684610023991447,-0.05491118080841837,0.15773079721350136,0.7662837414159616,-0.23824000923080946,0.030057667275567447,-0.24004520545595484,-0.012510511310930365,0.2783673566847962,-0.32510398764695075,-1.7702413984925554,-0.1470557193680315,0.3425523911688528,-0.18405673061590722,0.15203459602821734,-1.6767901896359196,0.035784947000626344,0.011520795063298778
0.012995600914228907,1.2563620800850008,0.7876141059961519,0.10962471058898153,0.048939324983455566,-0.6730177240591879,0.7298181337844629,-0.2927143392155178,-0.09074549496820963,-0.10197019843901008,1.238227628994472,-0.16760334155049975,-0.02754539217738272,-0.7634644073074437,-0.06500854506848297,0.1592625414134507,0.7292997913087891,-0.19878446256307963,0.03748353965959717,-0.26691245471896746,-0.05487899398783872,0.2747835114602013,-0.3561740174383882,-1.7633615956514546,-0.16446273514222728,0.36286117700249176,-0.18032029235558295,0.13376379588946857,-1.6765106464870283,0.04197045705467111,0.01467355555035554
0.013907095299263886,1.26823103000517,0.7935620317760627,0.11016087597922906,0.04576189572775179,-0.6707214357793772,0.7320540867237488,-0.25708653010718385,-0.09289732420252818,-0.09988193987222514,1.175896779802081,-0.1463480679631795,-0.03763894874724166,-0.7574961991667761,-0.07480039081755281,0.16075830441744393,0.6892694340557336,-0.15475313064364635,0.04502162918266475,-0.29179920559739425,-0.09756264213234983,0.2705859846672905,-0.3867271741542198,-1.75581904218708,-0.18308554831614252,0.38156824460277255,-0.1762145394650002,0.11529876208063447,-1.6771033736434393,0.04833495839084693,0.017222514280555264
0.015052639444960384,1.2803174050114887,0.7994261760448099,0.11101570454241946,0.04272424997732631,-0.6688521553211174,0.7338166979097168,-0.22420468982393318,-0.09742169663843427,-0.09921341186208842,1.1129743181562697,-0.12620039534037925,-0.04358104399088855,-0.7530295244731015,-0.08458751456565491,0.16196351136702505,0.6492717860894487,-0.10715184108662214,0.051276422313061634,-0.3149918828031518,-0.1391710629611138,0.26549868308843716,-0.4161110195440426,-1.7491327973457365,-0.20039817590096545,0.39854810697246534,-0.17246883699296994,0.09727699375375057,-1.67910621901867,0.05511258700683876,0.01934968826258798
0.016451601596122863,1.2927844532759463,0.8051851118233802,0.1123798308228675,0.03983108679265297,-0.6674615012619577,0.7350370075596692,-0.19545369267045973,-0.10525691886132506,-0.10122272266185323,1.0508443004821966,-0.1081192305383512,-0.04175141995359652,-0.7508625035154997,-0.09484843342883285,0.1628821522433761,0.6096518445417133,-0.0556172872419899,0.05604176270273377,-0.33660485524006634,-0.1800206880986755,0.25958942999845824,-0.44403175132332545,-1.7429487690620171,-0.21439488949982685,0.4128851534133877,-0.169286004812529,0.08018024104184675,-1.6821414108421278,0.06279216057088584,0.021052703334529875
0.01819568867563361,1.3056305843436589,0.8106902422667593,0.11412409732570422,0.03709001317464695,-0.6664713788921115,0.7358097053246476,-0.1706001933445887,-0.11538001299679636,-0.10558508799691825,0.9894538547039426,-0.09273628910220352,-0.03456257013442902,-0.7503628307041867,-0.10530243532107984,0.1639239169038254,0.5699200253466842,-0.00090242200899551,0.059744806368919594,-0.3568453682588366,-0.22032598716241264,0.25295799714438727,-0.4707650280912434,-1.7371586402330381,-0.22440756894941138,0.4248550897705868,-0.16673972698878453,0.06375052058611681,-1.6861805172121151,0.071429735392812,0.02241607222894044
0.020153397012931618,1.3187722583876231,0.8158554335291408,0.115854930495157,0.03459649972447939,-0.6654284706042749,0.7366041459264479,-0.14923306124777608,-0.12575636260446146,-0.11221086340829639,0.9296617796825234,-0.08006178003190537,-0.025765015317586088,-0.766272003378615,-0.11261031167483038,0.17283818686478641,0.5526282028079438,0.07029762552047336,0.06297709135560775,-0.3761996105799387,-0.2601097175276221,0.24577223651839986,-0.49682074865554143,-1.731152682540925,-0.22997399109254654,0.4350281167744378,-0.16416915630345413,0.047948364822211154,-1.6902529149000531,0.0806172595491102,0.023335162571799566
0.022219702356369896,1.332358391256223,0.820422979187942,0.11779266800491388,0.03238912420032971,-0.6647755766181942,0.7369866109569201,-0.13143271960901692,-0.13549076272822574,-0.1183463632709977,0.872562552105386,-0.06992790366585619,-0.019792010047185712,-0.7771246680041363,-0.11963093783759304,0.1787321902184487,0.5266169305846428,0.13530004047782876,0.06757596162287789,-0.3930866089567162,-0.29828213165319717,0.2382927118940035,-0.5208678553928157,-1.7262478712675031,-0.2302856864166894,0.4439954802529634,-0.16158729538632172,0.03317567566827954,-1.6955387271504978,0.08952764448071797,0.024148112711449427
0.02419812485748436,1.346155466082143,0.8244599328992219,0.11986443625087531,0.030451938884928247,-0.6643055222428893,0.7371589851979083,-0.11616309089681955,-0.14419078180847367,-0.12377625002386751,0.8169405812026433,-0.06034688590461463,-0.018720809380619194,-0.7876970681714404,-0.12590671360315778,0.18400620351361352,0.49711680840479705,0.20299507933860936,0.07416842864921888,-0.4079355011133626,-0.3343393234478491,0.23119811306316584,-0.5434342370192429,-1.7225536315211212,-0.22412421839587687,0.45211297102515435,-0.1586967631622707,0.01973246737770792,-1.70115512637677,0.09763693496223146,0.024764302276623084
0.026188304767248136,1.3601424434599594,0.8278524437362992,0.12211287604746693,0.0287873826542514,-0.6640445401876413,0.737091975773931,-0.10347556490685708,-0.15265156664809593,-0.12883819107193095,0.7625842399489109,-0.050416305041869044,-0.020989448657698064,-0.7998139282558937,-0.13154849519277725,0.19057645547813812,0.46668690919452865,0.2743684783239698,0.08352055801158222,-0.4209143731149869,-0.36874596979157664,0.22441352282867644,-0.5647984902807892,-1.7199146404166419,-0.21096454233649312,0.45890903711290193,-0.15573802198743109,0.0074454360909894605,-1.7069119545597242,0.10481662638592978,0.025145762107887243
0.028176871030892715,1.3741751503291622,0.8304541905811946,0.12425517424682099,0.027478222392026554,-0.6640596410196943,0.7367702437910079,-0.09352927077955762,-0.16057254286693684,-0.13362543084594372,0.7109832580875701,-0.04038638927233378,-0.024524032600001244,-0.8122174708596519,-0.13600471955963123,0.19966802849824167,0.4377813343625179,0.3403386229912583,0.09680444630950436,-0.4317147960690152,-0.4013042280563221,0.2176937575633406,-0.5849685282146955,-1.7182168996907372,-0.19211753286850447,0.4646991571612279,-0.15273893228497823,-0.003808996976818577,-1.712551670377486,0.11102194212732575,0.0253377592968033
0.03004065744019013,1.3882793676396792,0.8325881002207605,0.12586730939189247,0.026712025635577705,-0.6647568186183826,0.7358955497985132,-0.08604186031973926,-0.16696335495807077,-0.13713781476408243,0.6626835301168628,-0.029811278929208783,-0.02694813711047658,-0.8263369480289867,-0.1367691420277686,0.2138133235594698,0.4179909856886071,0.3727168773735057,0.1164096601016624,-0.43848211148280325,-0.4329806621253541,0.21081993708963784,-0.6049206267636704,-1.7147865384818402,-0.16323055518993967,0.46946552778078415,-0.1489044616559719,-0.014204355324437104,-1.7164484344551418,0.11821239299798475,0.02469344539363056
0.03159889727933408,1.4027688175496826,0.8342620438759637,0.1273263155505247,0.02627268624029445,-0.6655252387025073,0.7349652454205009,-0.0830858820456814,-0.17298324901769876,-0.14154466698357818,0.6210140333993782,-0.020604921584643162,-0.026077646028546515,-0.8354638859836778,-0.1364084551635273,0.2307538810626203,0.39779021679647186,0.38925424856194635,0.14036514180973336,-0.4436621389624869,-0.46189958832372713,0.20436726755003745,-0.6218265358705831,-1.7121991672235781,-0.13643770555229504,0.4724274365325601,-0.1453128080818447,-0.022247131081789356,-1.7192113377805223,0.12366333341378977,0.02435043166934664
0.03317142183172012,1.4171197319782092,0.8352125179691713,0.1285897833646453,0.02612817544586491,-0.6665754473899657,0.7337977643731071,-0.08384216041297617,-0.1787936139781424,-0.1460317626189218,0.585526163866843,-0.012348868757735327,-0.023720502207374136,-0.8421140021235419,-0.1347795063715516,0.2501056871250936,0.3810598147462807,0.3883971435856659,0.16599720710009847,-0.4468287494671238,-0.4881060109282179,0.1981149363100462,-0.6368251820271676,-1.7116687491934937,-0.11769886507224846,0.4748723445598651,-0.14229176804535934,-0.029337704274925384,-1.7217828584479757,0.12645157775214386,0.02444932010262314
0.03476866031092362,1.431278319306743,0.8354653952009963,0.12953464761548067,0.02629186334070259,-0.667976314562199,0.7323504326298362,-0.08739255679356224,-0.1839041559576931,-0.1494158274711707,0.5547261488186299,-0.0039065537631430315,-0.021354034364443615,-0.8476909697920267,-0.13266518731969792,0.2663522662319888,0.37016532082844683,0.3727389389787078,0.1905452190562138,-0.44726159321281195,-0.5122786051446508,0.1914154600541458,-0.6505750017821803,-1.7110956969374838,-0.09840004180536645,0.4768281011554953,-0.13922920119157417,-0.03601838091904719,-1.7239643129770263,0.12855544152603615,0.024054159253024548
0.03610999606092606,1.4454785299832373,0.8351918167486968,0.13014731944137312,0.026820079357650198,-0.6694039520517103,0.7309177160002523,-0.09407145320612807,-0.18780147862686433,-0.1516267686517414,0.5289425995288632,0.003987036288795906,-0.020921460185794435,-0.8553450367728194,-0.1309712470048735,0.2721952869981873,0.37086461136409477,0.3446819967026085,0.20688997276370077,-0.4463762374843355,-0.5321311723386554,0.18431094899364628,-0.6610441017269116,-1.7106821219604438,-0.0793321725414182,0.4768035970801211,-0.1363561001170146,-0.04084023169703989,-1.72472539409347,0.13003596483546456,0.02336618840660275
0.03723372953195205,1.459914891689968,0.8344991214078249,0.1304388733795537,0.027828287642716106,-0.6710758303652578,0.7292931623276927,-0.10441556260836576,-0.19035225509949216,-0.15177746419855892,0.5084874945946034,0.011379321932198897,-0.02534894734696353,-0.8651561162535962,-0.13028423251946772,0.2628012777088458,0.38353062458877923,0.3083297959989878,0.21222945653061326,-0.44431382936422104,-0.5454025182128207,0.17699431933975107,-0.6663706049276975,-1.7116544506314808,-0.06823761725239952,0.4737710645703205,-0.13444516387934183,-0.04308901020602976,-1.7236615206150874,0.13038686267349003,0.02312108805694458
0.038187483025361936,1.474508530518488,0.8333245102782657,0.13033160991150128,0.029250307735995084,-0.6729220470653036,0.7275534410121823,-0.11713603409225523,-0.19153098176464586,-0.15050686700094743,0.49134227867615216,0.020573560010389152,-0.03414199961991125,-0.8777381387580955,-0.13029531851662185,0.24167062574639794,0.4107854437954171,0.25958080380746695,0.21153188306476378,-0.440116693807605,-0.5558888691370761,0.16976273742591705,-0.6697863185646113,-1.7115690201313924,-0.05713817415849679,0.46903429824856696,-0.1325396920012033,-0.04432999044116264,-1.7214927269529592,0.13043759237394184,0.022476322879816858
0.03889333692543781,1.48925965702647,0.8316821997158325,0.12988374464659835,0.031019959408293468,-0.6747723828096002,0.7258444781028092,-0.13258748932977593,-0.1916036231590965,-0.14866772128720562,0.47930036817880656,0.02844578528685331,-0.04265722571032993,-0.8932328367398948,-0.13037897597121795,0.21580233110518443,0.4517570427584559,0.20402928537274756,0.2051448543624061,-0.4345535612837773,-0.5628908619702208,0.16265723546881813,-0.6709875947018226,-1.7108510028569104,-0.04616961745649785,0.4626478138675182,-0.13080242821743404,-0.04424734137407699,-1.7183832308167988,0.1299688946690454,0.0216149827417678
0.03934264146622138,1.5039595267488577,0.8297331422353222,0.12914400721808317,0.033048610394523704,-0.6764765443268328,0.7242990402632558,-0.15075423862497003,-0.19083947396939,-0.1469034702233542,0.47417093307032276,0.031059308202542452,-0.04522037501944653,-0.9114132122931279,-0.12956326981787752,0.19306358143332142,0.5046845972926001,0.14883299629570643,0.19392413099053923,-0.42810357504543056,-0.5662016548493328,0.156064576775994,-0.6709423260162037,-1.7096077117278161,-0.03503672659041389,0.4551721638284846,-0.12921606821929701,-0.04309092222243713,-1.7143201976229936,0.12868872602880624,0.020717463161828552
0.03966366086064448,1.518888223503633,0.8235761819732477,0.12719001107097233,0.036083515275260956,-0.6779938075992245,0.723080270693546,-0.1578077460924987,-0.18224185555695901,-0.1393975038758887,0.4400931772041107,0.11763087430157573,-0.0333070091312233,-0.9379091985527702,-0.12462197862507926,0.17618448328096625,0.5791571525307064,0.0931782012526666,0.17690063214161,-0.42043939788121015,-0.5701818200891203,0.14820357144603136,-0.668583783290755,-1.710398585961785,-0.02319977651485977,0.44876000001525046,-0.1269264228956932,-0.042739553951058724,-1.7171995708259957,0.1253825308165701,0.01950086499941121
0.039718114483116705,1.5336848226639135,0.8179480383452563,0.12655760218601947,0.03813673006736254,-0.6789235607773992,0.7222129615079139,-0.1850916650227605,-0.18127901787113887,-0.1364009815729302,0.45767569957045445,0.10134056595841279,-0.010178264400789661,-0.9691427905246303,-0.12250811054504707,0.16570817403210283,0.6676086007666509,0.03127206356877335,0.1457921178418648,-0.4137124372351421,-0.5657768912029607,0.14276143539081265,-0.6638887889179024,-1.7117955039097306,-0.0034168641225674036,0.43987289577458105,-0.12612512457928607,-0.03974067538792633,-1.7171146018279797,0.11864688229837388,0.018046952937779127
0.039649497938232976,1.548543374034537,0.8122900165215048,0.12542117522828533,0.04079852250836259,-0.6801709292382746,0.7210911983824463,-0.2213247964894506,-0.18020747720722327,-0.13592896865869314,0.49561009138552314,0.05700207689522832,0.01383828633234124,-0.9974848063131991,-0.1187884563058565,0.15827927728980096,0.7569786511530852,-0.022987121698273157,0.11404691343354366,-0.4051234450858124,-0.5576298609597942,0.13841858699315848,-0.6590237025283703,-1.7114407947925707,0.020605917496050806,0.42862215036006235,-0.1257050277751263,-0.03547374933559053,-1.7131801321283129,0.10850218376028707,0.017378721243994373
0.03966988705224833,1.5631794093838474,0.8068000320431225,0.12399452194460558,0.043500447354584644,-0.6815669453395268,0.7198607980910103,-0.25664703326779753,-0.17899658609786026,-0.13895897356850478,0.5328655198432127,0.012693264206576817,0.027725606262361258,-1.0205975654953934,-0.114855030579463,0.15388830753501218,0.8424847231831166,-0.06690990087593836,0.09040505879574963,-0.3945191247275322,-0.5463513042743385,0.13506003403991793,-0.6547627436122097,-1.7094403480407103,0.041304715942663064,0.41721780129901764,-0.1256398051436468,-0.0315847144809545,-1.708200245184927,0.09860776709411959,0.017020601035380896
0.03980385345327786,1.5774658358641394,0.8012973751168192,0.12231590640985723,0.04596908778043218,-0.6828132495791772,0.7188127212333504,-0.2914925414374403,-0.1786651584982301,-0.14787543554551458,0.5710234442095843,-0.033295417461797594,0.028509793101716814,-1.0395824377726384,-0.11056051876610844,0.15283825411274107,0.9267919699974909,-0.10435640214236816,0.07537227486652916,-0.38287680881312175,-0.5319554801030194,0.13242666454464855,-0.6506612098147581,-1.7066757907340762,0.061330600906978644,0.4067086994038662,-0.12635357054631094,-0.028330582460115834,-1.7043754769338508,0.0895243228775151,0.016837062768691693
0.03997243906082142,1.5915632835780926,0.7955936779803864,0.12041158057312658,0.04831061878686094,-0.6839545196563277,0.7178950831549095,-0.32718988900373325,-0.17923791738529637,-0.1613658960581961,0.612335211376915,-0.08202365574350172,0.02128462256403692,-1.055819775304499,-0.10489440328062537,0.15467080210006803,1.0122161173103854,-0.1373575703276877,0.0660085044699418,-0.37024886427727666,-0.5144527247420864,0.1304744823536515,-0.6458439037159012,-1.7037814392021318,0.08198061934489714,0.3967140716666553,-0.12783841956028247,-0.025244934964678247,-1.7023139456348007,0.08122569659994432,0.016763300185302032
0.04012933289409516,1.6056189812922166,0.7897253237031753,0.11847203942371623,0.0506254757009824,-0.6848684607855509,0.7171866064742601,-0.3630178908636334,-0.18035087672047587,-0.17643116726224845,0.6532672745228503,-0.12717464647151175,0.011893367510098176,-1.068793848097718,-0.09854954303617186,0.1574014162501514,1.0961494414518018,-0.16487599112805884,0.060560297470971185,-0.3567683802273493,-0.49438230800839794,0.1293950481561601,-0.6401567923215467,-1.7007077881899453,0.0972306154252805,0.38688508522471854,-0.12965932970065555,-0.022330475327637253,-1.7020453900510473,0.07543724475453928,0.016725796500994636
0.04020305896274258,1.6198971072765453,0.7837085855380768,0.11680127131880527,0.053160017641427214,-0.6851032836471068,0.7170529731328268,-0.401261037127056,-0.18248875287809144,-0.19196187745060084,0.6956007423134641,-0.17061487641677225,0.0034164435503884314,-1.079025539745215,-0.09280851123881433,0.1591573452749688,1.177062240210354,-0.19069179716765125,0.05559215566893728,-0.34356939715480056,-0.47220741912842434,0.12969342921064128,-0.6331650208394581,-1.6979263368441273,0.11167239993950952,0.3765431455273772,-0.13151085531022375,-0.019375234084052718,-1.703547637429278,0.06983495982209845,0.01669230478755712
0.04009919484892462,1.6343978913932462,0.7778111747097475,0.11545743624847533,0.05608577432713368,-0.6844819687047661,0.7176408578468089,-0.44203798775961706,-0.1853571655425876,-0.2075165715240544,0.7378036790323765,-0.20786251225595093,-0.0036657943134120793,-1.086198035647575,-0.08793835555639067,0.15927961678249394,1.2533898879522147,-0.2142270662167195,0.050914570148374506,-0.3305592912327425,-0.44815406628489834,0.13161141092292067,-0.6253360526293184,-1.6950842131237636,0.12333894437886866,0.36596308107241454,-0.13287281178615484,-0.016728358277408012,-1.7065519477471573,0.06476186677274391,0.01674455617106039
0.03985246256992455,1.648743441479082,0.7722884308147505,0.1142468961295842,0.0593260629578501,-0.6832095628091085,0.71878561356281,-0.48441883957501536,-0.18881398374802277,-0.2234732824712589,0.7797995452405624,-0.23947353164078472,-0.011523171418714683,-1.089637060593225,-0.0833930048856697,0.15809587844010445,1.3254811133343252,-0.2352574467160261,0.04747686173691879,-0.3173683209056975,-0.4213955994775505,0.13505966207078585,-0.6170566260204831,-1.6922247212481545,0.13137589288641519,0.35558937236639737,-0.13381430338787126,-0.01459307071487354,-1.7106848576738674,0.06047778945802551,0.016892262916879782
0.039636102927295414,1.662947215968662,0.7675436655452185,0.11304488935588193,0.06261412012338029,-0.6817307583039782,0.7200996445867581,-0.5253089651671955,-0.19228214260319965,-0.23826553715739476,0.8175525983340624,-0.26563471235288666,-0.018982080651672822,-1.0882286465288944,-0.07949995087503534,0.15517878864772325,1.391742835070251,-0.25387106210722876,0.04503312036860023,-0.3036057690680427,-0.39130459259954165,0.13978807907331917,-0.6074810629347044,-1.6885412861578348,0.13493493493984168,0.3441991993489704,-0.13468651663455455,-0.012366948588415068,-1.7144803618388917,0.0571043599895279,0.016957762626128327
0.03959781199671841,1.6768208089245367,0.7636260733391892,0.11166585992231462,0.06562920037693178,-0.6805132235001997,0.7211971273008947,-0.5611346128992268,-0.19482569977330094,-0.25001665558058683,0.8469537491878454,-0.28754644218613573,-0.02424471874844674,-1.0806583074733314,-0.07698689455736565,0.14994150352706043,1.4506986115876965,-0.27072916448946327,0.043137385858891486,-0.2891217514817809,-0.3568607692412189,0.14561958717685172,-0.5956375467195996,-1.684614221465151,0.13331185739079204,0.3314497563347352,-0.13609142762990195,-0.009322453883983112,-1.7175133569437606,0.05454438753197326,0.016843385976317606
0.03975635225573481,1.6902474383207806,0.7605220963965582,0.11005195201089284,0.06825844584570835,-0.6794588963754518,0.7221945448184824,-0.5902190499169111,-0.19591947817083086,-0.2583007615430588,0.8656131796199331,-0.30636621763250904,-0.02633988005214506,-1.0659832166864156,-0.07713862087213753,0.14139432979321134,1.5015099258272895,-0.28656208371329206,0.04183408076278728,-0.27447085805015636,-0.31701554314140823,0.15223164651746857,-0.5808663775524846,-1.6809294925613052,0.12536683950467425,0.3175939123970844,-0.138403494127345,-0.005004083210383632,-1.7199191027963698,0.05287316135253204,0.01653995887232351
0.039888964359749986,1.7033379791429273,0.7582448128437818,0.10828397235932351,0.07064901041955884,-0.6783892829465532,0.723236669037242,-0.6139473534791678,-0.1955447292017966,-0.2640400253238062,0.8748761164815217,-0.32228349799078954,-0.02596978024863079,-1.0447632035553578,-0.07951510327828461,0.12967258083175165,1.5445112651062392,-0.30116790512925024,0.04138158854645876,-0.25981583494319893,-0.2719927490190549,0.1597748432838392,-0.562811873835426,-1.6777930853684078,0.11065045476639845,0.3027999514164344,-0.14137379381731197,0.0009732057322103982,-1.7221506005382794,0.052211324380986496,0.01606097490302509
0.040011491020076145,1.715802123449345,0.7568386173998243,0.10639948118441891,0.07278396218493201,-0.6776857104150494,0.7239638963039522,-0.6331061626611805,-0.19361227326504069,-0.26720888344510163,0.8765158909042617,-0.3346386523436917,-0.02410519022958796,-1.0177506519643809,-0.08240590331674187,0.1164952515085901,1.5798170985625135,-0.31342754518641797,0.041087645226457116,-0.24447826735575393,-0.22222166212126454,0.16851146235776263,-0.5417603460616923,-1.6760785683397392,0.08989747130053816,0.2873080856522505,-0.14483697908584908,0.008582847176540433,-1.7243295229634301,0.052280898443852884,0.015397531792463831
0.04015770914999128,1.7278046127934616,0.7562050121071205,0.10447493380374143,0.07468863056500002,-0.6777332124028598,0.7240057247543903,-0.649352188065811,-0.1903213303348326,-0.2679537043659022,0.8731897756540583,-0.3429304382562636,-0.021524906493971655,-0.9870270940953588,-0.08381673657047538,0.10405562574184596,1.6079721505530402,-0.32272550797927246,0.04034533810775041,-0.22770398033360145,-0.1693701380947506,0.1781672606556822,-0.5172522431606801,-1.6762168938323276,0.06505263651813595,0.2702330098415353,-0.1486820744096958,0.017936856994416897,-1.7262999201802938,0.05249311090719299,0.014437762887186713
0.04063558302162241,1.739462767147128,0.7563450313683471,0.10254000436389157,0.07619527812774239,-0.6787691008970322,0.7231544335503478,-0.6622678676292235,-0.1857272661279289,-0.2652079072276794,0.8648094130093736,-0.3477217187393255,-0.017584259264013052,-0.953208830571588,-0.08371756266558329,0.09355480141712647,1.6293327322499938,-0.33024887005450554,0.038506783107759436,-0.2095462164209148,-0.11291785988128662,0.1877006718672193,-0.488380033782472,-1.6788050383248472,0.03794730845344826,0.2506260441331636,-0.1533198268427712,0.028986751121151948,-1.7273631057653327,0.05237855605652401,0.012966555892306693
0.041064058061810634,1.751329236587581,0.7570188009612728,0.10053851047809284,0.07749642654315055,-0.6803500322935232,0.721810325045362,-0.662140971304557,-0.17647848932897747,-0.2564422488480547,0.8303156421932963,-0.3652553621893133,-0.012797253791901917,-0.9167750241872873,-0.08270370183295306,0.08367248132960024,1.644474365614213,-0.33743591784773835,0.03642682478634227,-0.19085889912612852,-0.052742692901559154,0.1970159092939142,-0.4539546429969107,-1.6847879320458412,0.010086573006403454,0.22819303752889014,-0.15846440634739753,0.04239338424519667,-1.7278759769930299,0.051700710676933354,0.010783210546062983
0.04181844044597964,1.763555237245891,0.7582487188033534,0.09857621065543118,0.07864953126792744,-0.6825218340385548,0.7199034157335271,-0.6741541678628276,-0.17110517289063829,-0.2511978404672414,0.8199094604333627,-0.3589366416576163,-0.006885334065607698,-0.878657185433972,-0.07998683767893155,0.07577840859692332,1.6529007597977403,-0.3430661996315405,0.03382094943524869,-0.1704723122744375,0.008934104525726582,0.2054331839219663,-0.4165367056669511,-1.6928473651599538,-0.017602869892834664,0.2043783906926452,-0.16428979583287096,0.05644119571177761,-1.7282364531904069,0.04993712202431973,0.008430018358750188
0.042752197147589384,1.7762510750931162,0.7601393017351493,0.09661600998202459,0.08000920914784726,-0.6845838799123105,0.7180590396554432,-0.6864981739171979,-0.1659223095292264,-0.24811060181519334,0.8076761414137981,-0.3454985828390743,-0.0033056316101949985,-0.8397408745200674,-0.07516330204528254,0.06884347401606257,1.6538730799010506,-0.3454832299039023,0.03145246761535803,-0.14840517313762458,0.06873246135840816,0.21336235371339998,-0.37889801863115374,-1.701471026038594,-0.044116727868959024,0.18129728518732743,-0.169676554343858,0.06968548231314188,-1.7290079913217613,0.04642283427917167,0.0060336223387089305
0.04367453021732917,1.7890871039022744,0.7629547884841156,0.09463072924049626,0.08144874633509987,-0.686533491170206,0.716298047118308,-0.6991290307207572,-0.16112779610226108,-0.24748740441627462,0.794098843829124,-0.3234009492361886,-0.002368508622489948,-0.7996810760750612,-0.0680734600155075,0.06301290916619406,1.6466202425565162,-0.343986973053034,0.02944541202359428,-0.12384289382409953,0.12559850895398225,0.22073196655119995,-0.34211215816086693,-1.7090855150255067,-0.06851219045754534,0.1600761583537935,-0.17424133515674747,0.08205228636295107,-1.7303292404239237,0.04069110808353699,0.0036657101507363422
0.044577402494268795,1.801821549444421,0.7665902138547905,0.09253594385730914,0.08282126258306755,-0.6885113444041467,0.7145137270797384,-0.7106760789096058,-0.15632990112261236,-0.24805597667552567,0.777996238833083,-0.2938587217436744,-0.002822308154634114,-0.7581872868728908,-0.05910888364792776,0.05852462514206766,1.6315801519579034,-0.3393902353069026,0.027661913930246612,-0.09686111106014693,0.18012210265157655,0.22698127747838748,-0.30583170704453283,-1.7160302927214615,-0.09029481408242263,0.1402607515244027,-0.1781091292758331,0.09378183417194022,-1.732268027295254,0.03264901896131889,0.0012032859883500482
0.04499700919064418,1.8146454457530148,0.7708801889376381,0.09016364143163508,0.08428402958261004,-0.6904163138482816,0.7128057475169917,-0.7199962008716817,-0.15033246840879672,-0.24959222969033112,0.7573312359774146,-0.25913763921837346,-0.004098312055242886,-0.7158751212051414,-0.04781325282785599,0.05486006007964127,1.6093315677959528,-0.33196796198197154,0.02730468916740685,-0.0679432287230475,0.23174814161600235,0.23235778250548994,-0.2692884994144335,-1.722556905599196,-0.1096718680336732,0.12120629719236413,-0.18081929070461916,0.10556449694735585,-1.7344583382668373,0.02278000504229987,-0.0013691435735989363
0.04481259859858147,1.8274488888361227,0.7758988209211768,0.0873621032504166,0.08587772375745976,-0.6921462000735196,0.7112851166738197,-0.7251930439629,-0.14212551774053547,-0.2517965266600315,0.7293252560979481,-0.22070538581208107,-0.00652412769686256,-0.6727670787049878,-0.03403416277492175,0.05189332799626062,1.579738311282548,-0.32152611458605473,0.029119832889058825,-0.037685620447227744,0.2802086261579205,0.23675036201071598,-0.23305502589250687,-1.7283024129550786,-0.12776772550351648,0.10343471926127468,-0.18221991820463057,0.11710973887334175,-1.736318753095841,0.011876476002509913,-0.003922903986853516
0.04446871762569584,1.840237258282496,0.7814832939154093,0.08409747722001945,0.08752473035586285,-0.6935812402540161,0.7100789386181394,-0.7251911628117078,-0.1319563514930101,-0.25555366884171266,0.6926352188360692,-0.1794462828343477,-0.01205644141063973,-0.6286925284031839,-0.01753049437713099,0.0503802219950317,1.5423646123010872,-0.30832684957009737,0.03333723303757989,-0.006198653228277196,0.32477046027305395,0.23989700134359948,-0.19844336676431096,-1.7333703106256304,-0.14676162884278332,0.08744208327686419,-0.18238498733089473,0.1267334680156254,-1.7378439849939686,-1.9741765621564614e-05,-0.006203557914517814
0.04411066302517428,1.8533246219296926,0.7875083088096558,0.08058293023314726,0.08916700599840933,-0.6947518918033467,0.7091371131396179,-0.7212300473290153,-0.1206634444316316,-0.2607976736545977,0.6487034463599343,-0.13448689788749532,-0.020499998340117287,-0.5842865846163396,0.0012357309612010764,0.05078466698803818,1.497618215219541,-0.29337883999705866,0.039496929053001596,0.0263169691362867,0.3652761148635129,0.24191535101703623,-0.16505578644369084,-1.7379373146885297,-0.1673578618934894,0.07210301811242514,-0.18149514033788014,0.13469109486440617,-1.7386963545134357,-0.012895223933302185,-0.008311907598734895
0.04372309384601262,1.8667109233799744,0.7939100482202027,0.07701846830199086,0.09079758910715342,-0.6957941922002523,0.7083038863744453,-0.7146571060489653,-0.10855139027015674,-0.2656761667396817,0.5993328066019631,-0.08464214441066754,-0.029750705324829083,-0.5405171896629825,0.020624038401540506,0.052748500806746326,1.4472274217460717,-0.27746371908448264,0.04632210891332587,0.058960414607894196,0.40286216503782335,0.24283115753331178,-0.13227911920457888,-1.7424869781363956,-0.18805044596612294,0.05659474241497,-0.1801851899749575,0.14234836281784377,-1.7389765995782893,-0.025992877110070374,-0.0105043718801326
0.043236821517509176,1.880184732790584,0.8005620133370349,0.07362043782298536,0.09234597060977251,-0.6968409309199138,0.7074354881129162,-0.7067470782049264,-0.09605853183082878,-0.26820688720163965,0.5465455942398714,-0.02870438464961946,-0.03759029539973664,-0.49857283814838316,0.03864328344547779,0.05573451149427368,1.393778099617067,-0.2610761771929518,0.05229466322488345,0.09080104878567381,0.43844950428102825,0.24234664462624317,-0.09991889489611668,-1.7471827468810244,-0.20590797048000442,0.040559797068298105,-0.17923388708598997,0.15102961719337465,-1.7395128189820295,-0.03814768611562091,-0.012930467043382807
0.04302968416720899,1.89398918514632,0.8072332235678638,0.07064478275165681,0.093758478005424,-0.697990661585726,0.7064189258585867,-0.6985013583969228,-0.08396153000532743,-0.2674574272952689,0.49064311575844377,0.03659035905305617,-0.040833636006920485,-0.45982583331338284,0.054524996602339885,0.06064991197982496,1.3386690905048049,-0.24421555231490813,0.056864996488484525,0.12177266020817933,0.47113859383298945,0.2395666752741876,-0.06911669583102523,-1.7517082884832313,-0.21797213349133937,0.023485047786533972,-0.1796064988493366,0.16016302527216897,-1.7409104277983312,-0.04825839571041902,-0.015441276513141398
0.04297305717978374,1.9080685646537863,0.8137323911628769,0.06822807453719086,0.09497040678177457,-0.6992353890196645,0.7052626620083975,-0.7061178958917882,-0.07703309291580974,-0.26828720268670125,0.45944826612082384,0.11172379259985261,-0.04126745897191724,-0.42452691541985715,0.06803192891075448,0.06700898848085388,1.2828017071729947,-0.22945151212452763,0.059784194609857955,0.15280295309002548,0.4984124849031118,0.23596593135132343,-0.04156600628153844,-1.7537014055606006,-0.22124517200317645,0.007402494531680171,-0.1808553574456302,0.1689545183222938,-1.7452591940749815,-0.05289624811563402,-0.01781590220784688
0.0428950367213996,1.9222480207591137,0.8197871086229442,0.06587596563736905,0.096151397387386,-0.700362298236293,0.70420729699498,-0.7071707375465024,-0.0682491298789088,-0.26625787176338633,0.41691115359441755,0.19029178420576173,-0.0455215062090874,-0.3908047211863708,0.08034877157833563,0.07347220208721046,1.2251117772511981,-0.21384665157080388,0.06211878815279881,0.18174937064268243,0.5251231573468355,0.23060695722897845,-0.013655504913113979,-1.7578304376407299,-0.22100012627034304,-0.009518903202067063,-0.18266148697211068,0.1793237659713374,-1.7501243152736858,-0.056863543226044345,-0.020319541813886448
0.042423130075916096,1.936576754558162,0.8249608999025219,0.06349156444432026,0.09741233710638231,-0.7011008148213415,0.7035178073657676,-0.70515929646899,-0.05859762547430539,-0.2649096523785454,0.37089318862416226,0.26167246151265133,-0.0604011133251142,-0.35926404647607146,0.09094564109178112,0.07725751471280558,1.1684506848172236,-0.1996287952202053,0.0628088479821915,0.20803802023084125,0.5506035360524685,0.22557484537110098,0.014643138829758156,-1.7646429976325793,-0.21771357444622927,-0.026943498367716867,-0.18374084526135429,0.19100946530457055,-1.756122721621525,-0.060700792684083446,-0.022734268648684587
0.040976223961152615,1.9508340938792683,0.8289234506563606,0.06061824977965193,0.09902590945994832,-0.7011815198508643,0.7034655451896095,-0.6930168246340085,-0.0450659757023993,-0.26657972035635064,0.30721448956805264,0.33500152030772706,-0.10198496452884213,-0.3281556356749168,0.10100890319076058,0.07572072172021789,1.1112173649365564,-0.18548682100597777,0.06115898182214037,0.23004899790042646,0.5784100574955119,0.22081882472646694,0.04688714024784411,-1.7777102739195243,-0.2083550521813731,-0.04645726506541297,-0.18317750281479966,0.20615828220640917,-1.7616550749276878,-0.0676352580922436,-0.02469741719296744
0.03874514088886387,1.965159023286213,0.8318736576331002,0.057555427473034604,0.10131403471216614,-0.7012552849428573,0.7033234422926988,-0.6898125819668647,-0.0324964148573939,-0.27385074054232134,0.26128015584004033,0.36170085407766406,-0.15258486125186788,-0.3010013297537946,0.11107265856835946,0.07078369594295876,1.057298992598004,-0.17687265753583892,0.05747477004831483,0.2523721435386149,0.600897031496639,0.22006853057118186,0.07665040474549599,-1.7900511363529,-0.1987862770748376,-0.06361007239694402,-0.1802703820445351,0.2198377258527479,-1.7703973615687645,-0.0715140978217859,-0.026530243840717418
0.03671452407194507,1.9795668718092776,0.8344139682583208,0.0541843601129541,0.10380526235652743,-0.7020086150181193,0.7024759263252979,-0.6864732896268735,-0.017959880551177854,-0.28224133232542614,0.2208242499675574,0.3811512496732177,-0.21200276192451611,-0.27568584830900633,0.12124670056958331,0.06610607195966105,1.0037611092907706,-0.1686313718946105,0.05155735077749249,0.27447268629858423,0.6231813563197918,0.21851895513587527,0.10533571093632663,-1.8039082815159777,-0.1868949233925289,-0.08038162183821042,-0.1771670094196576,0.23347007202667558,-1.7781668253508316,-0.0759663077502189,-0.02817322253999813
0.035244858519956276,1.9941053550447154,0.8365118022131988,0.051546086380587566,0.10572797165986504,-0.7025539333154199,0.7018422670162929,-0.6889202665797873,-0.00743652003568323,-0.29004278052847315,0.2000513674434533,0.38540984296205694,-0.2579524003398859,-0.25368249337577853,0.12864014517825578,0.06171777913270011,0.9534029566498149,-0.1601020052424894,0.04556991951883703,0.2942683708299685,0.6429043909284583,0.2157792690442275,0.13084620419767373,-1.8164838367164298,-0.1748998827710322,-0.09576528688932762,-0.17555801455226974,0.24656077539040255,-1.786504563926064,-0.0812836944514231,-0.02979371353684822
0.03460710264176515,2.0091004763044165,0.8384295717158496,0.05032426348568964,0.10691851311518624,-0.7017903036787015,0.7025142487668257,-0.6935284847427691,-0.003626666084494487,-0.29448434349454417,0.19084060872728947,0.3786069501252655,-0.26179038100084967,-0.2363447271386943,0.13117329593075935,0.05513891206171995,0.906789064156788,-0.14993903310199871,0.04011095257931902,0.30850641251826083,0.6581610835984908,0.21151992221208052,0.1516363898312755,-1.8261490594416265,-0.16556383840500882,-0.10995918668398236,-0.1766182742592638,0.2588186771726048,-1.7953077117025915,-0.08781696148803828,-0.03151974864491559
0.03424659143590001,2.024443073939943,0.8399164030865949,0.05007404427481923,0.10772216575371614,-0.6998869447522705,0.7043058921098313,-0.6985323589187413,-0.002626617215668132,-0.30111447963191884,0.18825305356053318,0.3637044931081642,-0.2617999759525021,-0.2232576456144917,0.1304361232357209,0.04528258328025207,0.8639024552392434,-0.13822081470837894,0.03484064160468806,0.3176347022698808,0.6695558003204192,0.206740698259693,0.16957753525005015,-1.834253009999319,-0.15998287640326198,-0.12331834623795168,-0.17947724097031992,0.27126369148724777,-1.8046865476477971,-0.09567625534024533,-0.03324610219002532
0.03395980962769686,2.0401487982167525,0.8408196225227897,0.05066971860964569,0.10819641155636263,-0.6968778311116793,0.7071685829046904,-0.7028212247459108,-0.004011367418485876,-0.306948366270894,0.1899790782964611,0.343694131073008,-0.26179999993988123,-0.21424419181992366,0.12748864548921549,0.03299518529788869,0.8251585313797685,-0.12616776277086658,0.02993084904283846,0.32192670794382555,0.6772882529937198,0.20185522427893166,0.18482264397762194,-1.840975939367181,-0.15791553075950232,-0.13526176264440817,-0.18307026531144882,0.2834417784559132,-1.8143586701068093,-0.10452583678031777,-0.034783424878245595
0.03379878825763602,2.0558374587373733,0.8412278299278736,0.05169716393922504,0.10827329592094055,-0.6934001556315827,0.7104931532401666,-0.7136008220114517,-0.009121968026290377,-0.3074186810228338,0.213138150718463,0.31068518899624054,-0.25314916839721924,-0.20700992824212172,0.1231918059366745,0.01984989345207027,0.788269230786769,-0.1123719765396265,0.024249873983574137,0.32278051864896534,0.6828514245846463,0.19607544884188502,0.19798799370685125,-1.8457285515469368,-0.1586970184808866,-0.14480474436654056,-0.18715160187729254,0.29605311909656334,-1.8230960213570047,-0.11908477577763213,-0.03566019889256094
0.03385270796633507,2.071504460956155,0.8411999405997834,0.0531728830002533,0.10800062229875122,-0.6900418663161533,0.7136881201389335,-0.7319257477809217,-0.01631757122958782,-0.29713668814523114,0.2601946908760595,0.2653009000024763,-0.22959312719573116,-0.20374625986007994,0.11859691485713232,0.009777454341534868,0.7569151061634051,-0.101185803706616,0.019937516991199247,0.32332107697096185,0.683392300694748,0.19224008376298607,0.20616849886898983,-1.8457341489013772,-0.1616176098393014,-0.14948802691373925,-0.19021470350677033,0.306229713372627,-1.8317426948653794,-0.1311890810706621,-0.036303532464725737
0.03403834635712788,2.0872371074973333,0.8406341775288168,0.05487762776074536,0.10762470577944672,-0.6863483144680109,0.717168989781461,-0.754656041356617,-0.023291062088019353,-0.2801308229626787,0.32379927356824356,0.21014967925517997,-0.1978464522926451,-0.20414929496692155,0.11397297040800218,0.0007366457099862256,0.7302982465715046,-0.09215273926698832,0.015860480595043944,0.32161503977294986,0.6819514611106001,0.18912661566274633,0.21100015517253595,-1.8457341496010464,-0.166722954669654,-0.15089514679489732,-0.1925131291373985,0.3146824631644963,-1.8392628171751861,-0.14075849085834974,-0.03667243942167227
0.034243373657492734,2.103002220055236,0.839510603078989,0.05660491279969865,0.1072372254622353,-0.6827785400083457,0.7204925583419804,-0.7797318825198599,-0.028015724745038183,-0.26127202553538537,0.3985771666841761,0.1500716474252839,-0.16364797745834714,-0.20781092989874925,0.1099176152373941,-0.006512865827313471,0.7081014346258113,-0.08455061073187448,0.010779485588714886,0.31877830088635745,0.679039936227887,0.18679845509830637,0.2132442162530352,-1.845733313179196,-0.1725973101043306,-0.14985015570262386,-0.19368255670089138,0.32196853814590937,-1.8449154736973508,-0.14808373926426396,-0.03678975615853181
0.03452896681056211,2.118906144214154,0.8377454307519743,0.05828364725717086,0.1068045135340371,-0.6796395019225415,0.7233850701926596,-0.8049231462686661,-0.030627892757243237,-0.2449007412262137,0.4785540580659409,0.09159171591772035,-0.13206589240165773,-0.21476901815251037,0.1064677980784219,-0.011218605040656474,0.6909179011864998,-0.07783953882905432,0.0037093195384517172,0.3149804581864615,0.6752803128317998,0.18460981156783474,0.21334176600295957,-1.8456964431023395,-0.17725741548540896,-0.14867858499077796,-0.19329500101973018,0.3286903288208937,-1.845734047266646,-0.15406831922205422,-0.036489213439514695
0.03478155277559453,2.134951490086809,0.8353761284531267,0.06027448609106513,0.10659127246785498,-0.6768121968194735,0.7258998120929224,-0.8309101694378216,-0.03257062038153528,-0.23108861578467532,0.5627984935725715,0.03766157557378959,-0.10227193705884519,-0.22653786549445515,0.10349539073328384,-0.01334089214807777,0.6792062431939462,-0.06793650693810488,-0.006926910066040792,0.31059491606417394,0.6694878251664571,0.18238625480152124,0.21100064581672218,-1.8441463693919053,-0.17868329817507478,-0.14529795320300526,-0.19254661549664284,0.3343646129738667,-1.8457341495883421,-0.1585982767420409,-0.03634191806409463
0.035050813474318314,2.151142115557717,0.8323501446021472,0.0626221320879118,0.1064331481589076,-0.6741188956191237,0.7282267285090552,-0.8576896941624085,-0.03443212350997934,-0.21839429005279284,0.6523075377008274,-0.013048215750768477,-0.07301548096188662,-0.2428613700734152,0.10038707388038136,-0.013374037195044985,0.6729054793438146,-0.05438747356371533,-0.02058080688854515,0.304955678133332,0.6616678652601725,0.17997995988012527,0.2059729016067541,-1.8409443678185098,-0.17626903716690523,-0.13923096203867213,-0.1916698380844027,0.3388253560341258,-1.8457257068894164,-0.16169219402412102,-0.036341148780009686
0.035260653573476235,2.1671428525899605,0.8285003488959811,0.06501304299400555,0.10603743393526592,-0.6716942462438221,0.7303124032960331,-0.8829247472804848,-0.03601960518799277,-0.20825537370422964,0.7445753509336113,-0.06070130190645147,-0.04717945147627808,-0.26091902830763075,0.0970570796393936,-0.011250280217028452,0.6704891692077745,-0.0430276433119058,-0.03370658435485971,0.29781296346910674,0.65345988118175,0.1774431657011917,0.1994395414632885,-1.8371276305709099,-0.17060199752123487,-0.13166688912148922,-0.18997977087339277,0.3432644514494774,-1.8436905298657706,-0.16386785174141824,-0.036212467438536955
0.03570305124020445,2.182994469630612,0.8236861213771357,0.06726640194796654,0.1053097797676849,-0.6696144132607112,0.7321213144061373,-0.9040920339944075,-0.03787445019123823,-0.20273772684124147,0.8349842995117942,-0.10481537308033857,-0.028830144789037778,-0.2786415165782274,0.0933791897217434,-0.006539176560506298,0.6708006926722966,-0.0429928060813745,-0.04276506398333654,0.28942906748137326,0.645566581227773,0.1751050773396408,0.1911146631234849,-1.834093128812344,-0.16313162545134136,-0.12242780397642745,-0.18757024695316196,0.3469018156061076,-1.8398075191610104,-0.16568333944106897,-0.03599374239920773
0.03620283967996751,2.198640469850774,0.8182489047571058,0.06934647919152825,0.10415325844284022,-0.6678911056827423,0.7336652067049124,-0.9191795877755305,-0.04123176346765033,-0.20345903843736682,0.9205578245961863,-0.14466586690971625,-0.020598589320398646,-0.2936575509435637,0.08933069948391127,0.0007153231800585684,0.6715023225028796,-0.06207717256925009,-0.045606360196157956,0.2799907071039966,0.6378053035944303,0.17331221969823637,0.18126311582172414,-1.8308603743668819,-0.15512498928588483,-0.11105584527077295,-0.18428905203027188,0.3503754164000633,-1.8335530294916487,-0.16759858693733115,-0.035752469612685155
0.036637743301220785,2.213930351056812,0.8099796941206614,0.07179478814446431,0.10208895597688562,-0.6665089252385166,0.7349756499641596,-0.9294587422597311,-0.04754850421394872,-0.2070856312913147,1.0037856734650539,-0.17674871962063798,-0.02048365293223477,-0.2954250299366661,0.07967961790727429,0.0038207268395913665,0.6403728107292567,-0.02680526136505925,-0.04557827547084839,0.2692084855055741,0.6321403145511043,0.17116739004134907,0.1724944848337999,-1.8320000192222765,-0.14930214232815395,-0.09862542757593526,-0.18116057582560866,0.3542967115886503,-1.8298735893852753,-0.1689890180861661,-0.03549142765200321
0.036986806937388976,2.228790157480718,0.8024325406220015,0.07336340739151488,0.10080431286392183,-0.6651975842792792,0.736185081914155,-0.9354404506176558,-0.053821794103552055,-0.2150943796027101,1.0840134002052733,-0.21299001544311788,-0.024882471012807533,-0.3105461102294329,0.07631219458580192,0.015916412856360862,0.6459953737853796,-0.08114967328822896,-0.04146898807919079,0.2574645507381738,0.624592324188159,0.17059931941636766,0.16002629894960857,-1.8303730163515606,-0.13962372793647343,-0.08180359642709023,-0.1762035690277779,0.3568676405170131,-1.8216295897249655,-0.1715057760216492,-0.03512407683327454
0.0372528572858814,2.243619637711422,0.7952981171022623,0.07529151902504339,0.09931720632960762,-0.6637797671433913,0.7374711522634968,-0.9365344396515632,-0.05926343410452187,-0.21993612267693302,1.1567259697951287,-0.2426226175542972,-0.029217216189463643,-0.33160087354338336,0.0727067014290516,0.030618237102489204,0.6617279573111655,-0.14536895994226717,-0.03489730417404595,0.24334720698985454,0.6138797737336219,0.1703147197699349,0.1456394933437562,-1.8252127334930743,-0.13015716745824515,-0.06572515470227915,-0.17099536648600686,0.3597954599754062,-1.8099060168727408,-0.17263433770122913,-0.03474757889764538
0.03737738431946293,2.2585095377571127,0.7884979975761537,0.07728561311445863,0.09794355454144653,-0.6624014907246251,0.7386868478693149,-0.9348494760813018,-0.06139175445415838,-0.22102430547792998,1.2247843912377614,-0.26842233841167007,-0.03155418739727385,-0.35800753995706996,0.0702903098101882,0.049607469559146744,0.6835082615338249,-0.20422927825300902,-0.024193935345138293,0.22724594993862002,0.6005573864764979,0.17056743351114642,0.13016558025887096,-1.8189454839917547,-0.12009226491177595,-0.05020322850505234,-0.1649200215539323,0.3622327672080379,-1.7961720720367371,-0.17185978298318005,-0.03414166438415927
0.03727048200395341,2.2734841666703605,0.7819612917108423,0.07923935362875686,0.09664089493385472,-0.6611700371841669,0.739753907859072,-0.9303803851302915,-0.06042074911488082,-0.2197084776381383,1.289265212185626,-0.2916988585170852,-0.033088904215006314,-0.3888668879374325,0.06922691110118856,0.07281285254944923,0.7107719452339095,-0.2592242823154812,-0.009251608443898118,0.20956775813933373,0.5850014041827806,0.17142759750576353,0.11403733908614073,-1.8124340962496932,-0.10900544975012771,-0.034787585035545965,-0.1579183238862442,0.3640685281399756,-1.781245884311368,-0.16912823668180096,-0.033323258679407775
0.03685878073106026,2.2884586407612693,0.7758799374955833,0.081104468881314,0.09546088020826729,-0.6600989610695066,0.7406609528470507,-0.9224979380098492,-0.05728586577888358,-0.21760553859484974,1.3489501346378445,-0.31233242648996196,-0.034030263416772115,-0.4220102509234523,0.06922812322600595,0.09650896153095177,0.7400566678337939,-0.3088958388450369,0.005345593057932373,0.19075888651820716,0.5669375604926132,0.17290081556446216,0.09732176530779509,-1.8052341227797286,-0.09772960681110797,-0.018930922935997317,-0.15037255697010798,0.36528262087115676,-1.7655457721265035,-0.16429817486187137,-0.03223364603263172
0.03624172141731291,2.303514579177263,0.7704784448729259,0.08285956972295025,0.09448301209678985,-0.6591726830259563,0.7414166346143091,-0.9108318762649608,-0.053527154167829744,-0.21627705426780944,1.402169371771889,-0.3300607741428742,-0.034789644040673535,-0.4553162633734427,0.06952025501767063,0.11615814467407569,0.7674570408858131,-0.35136286914813647,0.01445393155254684,0.1711948813370378,0.5456814010422388,0.1748873132546834,0.07955412843768817,-1.79677518282722,-0.08818851591696587,-0.0024558534392320835,-0.14281676102456592,0.3652580130148026,-1.7492598755027517,-0.15726452781854108,-0.03080053379554197
0.03540735170007265,2.3183738563016307,0.7659416018509048,0.08440021757661932,0.0938415893469187,-0.6585765485564818,0.7418539540052989,-0.8949848772765567,-0.04925793729933848,-0.21667412607350445,1.448279277611394,-0.3451804038189109,-0.035705812278564134,-0.4880168549387622,0.07004036641056773,0.12931469482641117,0.7915972271465967,-0.3850989979626914,0.01564070127651071,0.15138281321003877,0.5215785685137185,0.1774696727257645,0.06108745678261511,-1.7869528570914097,-0.082405652273159,0.015305224982132713,-0.13507679491016122,0.36411884819457435,-1.7327262485421457,-0.14755953061039936,-0.029054007415353748
0.03441974323026901,2.3329452543458875,0.7620887774215772,0.08578226902773577,0.09343502469910378,-0.6582368225566232,0.7420482355686132,-0.875358475286421,-0.04444069394125499,-0.21830600464288555,1.488096386435765,-0.3581626897335546,-0.03676145486395849,-0.5209641746739757,0.07070623679845163,0.13754952437003554,0.814262634468992,-0.41086571740046124,0.012052817176786444,0.13094537064254091,0.4950925491399595,0.18036284874415573,0.04218249421004203,-1.7766602824004598,-0.08125390988136037,0.0343198010571576,-0.12725276626865956,0.36186864651690764,-1.716719400105523,-0.13507287621073283,-0.02707562684167642
0.033758483468559614,2.347364135010594,0.7589190413573342,0.08724569113025384,0.09293164856448045,-0.6577402582997224,0.7423810683780313,-0.8522097429764819,-0.040438921060636,-0.22004095313261385,1.521287187521976,-0.36846492070146825,-0.03821142042411818,-0.5535391228226023,0.07015704674960259,0.1426968948784553,0.8348119186936661,-0.43000983663615155,0.006692660743373695,0.1090082933436805,0.4660348336530598,0.18282408638583958,0.021657172565400413,-1.7657831311413692,-0.08502323730170354,0.054564712806367405,-0.1206099796893567,0.35769824923217225,-1.7019283336258455,-0.12054447910029552,-0.02483345405658897
0.033389496516667776,2.3617589333145412,0.7563088878190924,0.0890458748233049,0.09209275988957609,-0.6572297044615925,0.7427239536504809,-0.8261500420382318,-0.03727379182816129,-0.220066389417736,1.5476256139129079,-0.37596043118926653,-0.03977511178779525,-0.5678851893888573,0.06492735738870742,0.14157739264407643,0.8194954564655664,-0.4657087766793797,0.0048329005303921055,0.08638892757085873,0.43429951382963655,0.18446616991878928,-0.0001126521237158006,-1.7541326509684125,-0.09313259362665707,0.07568123512480047,-0.11613103585347921,0.35208955855928625,-1.6894985585162263,-0.10523403142662538,-0.022282714796833657
0.03308299470044321,2.3759575824636197,0.7544801844677484,0.09094401186212327,0.0906774045928586,-0.655151159110105,0.7445023530650603,-0.7964895069892235,-0.03725700800353608,-0.22134490400958673,1.566274672862921,-0.38110591647921055,-0.042341282854768056,-0.6001337670564405,0.059928815896854025,0.1444789103203367,0.839358294129876,-0.47288138257007334,0.0033089972995888365,0.05987577043776802,0.39868310462762546,0.1864782843276789,-0.0243338821693441,-1.7398264398299608,-0.10997778585435487,0.09940978041931951,-0.11297994389384877,0.3438140811957358,-1.6795098144562857,-0.08504507880245438,-0.019892970081945606
0.033038034995386094,2.3903274626354807,0.7533985671504593,0.09300806366127659,0.08906766689786144,-0.6528256045903069,0.7464818690354457,-0.7641861526896242,-0.037915419274558125,-0.22172639102905625,1.5778599353157063,-0.3846362403691324,-0.046237186553736834,-0.6304811440414242,0.05342441822322837,0.14691151122531637,0.8541774327109081,-0.4743364548860749,0.0018730836467933088,0.032302280482497406,0.36089803149907945,0.18773781929841427,-0.049961678708692704,-1.7252696807928931,-0.1322037702206837,0.12481747171087908,-0.11189822306386762,0.3330700471628399,-1.672533763619167,-0.06711374467291611,-0.017180816921985628
0.033121475148142496,2.4046070051601283,0.7531572082900596,0.09511095712275477,0.08723476225935216,-0.6503016366234469,0.7486332770413124,-0.7296722349340984,-0.03954204304665251,-0.22195734530552422,1.5825543440837637,-0.3849181671148144,-0.049656309147966406,-0.6585521047704972,0.045690290687112875,0.14906747460586428,0.8642274408463939,-0.4705221145728523,0.001013526954973418,0.004021073181854648,0.32145455460514905,0.18898455920104273,-0.07698979486423738,-1.710218082065883,-0.1572281394027727,0.15162326812472804,-0.11274129088510135,0.320776893276898,-1.6679797622773063,-0.05179502634348621,-0.014277928598517465
0.03325769009226297,2.418775476517158,0.7537246512993871,0.09714176649511218,0.08536498643289595,-0.6479451476000786,0.7506286578562219,-0.6946805472442579,-0.041972485899136915,-0.22220846033841804,1.5812901989971402,-0.38058941326782,-0.05073982278901493,-0.684711408678297,0.03799460655063588,0.15226458639521223,0.870027220475854,-0.46084082600775195,0.0011378130516861047,-0.024480468815986985,0.28211489273835255,0.1902076936910569,-0.1042677319425235,-1.6965718455490901,-0.17545271626075862,0.1773363992812159,-0.11561726884068876,0.308614143361326,-1.664014411262584,-0.04282881377181734,-0.010986179695630156
0.03352779816666839,2.4329306866149913,0.7552716867805409,0.09897876340259093,0.08345778781785479,-0.6455226191286801,0.752687551538547,-0.6598102849148314,-0.04605982948202389,-0.22358292341240463,1.5742141679304804,-0.3711746784919032,-0.049274890179745484,-0.7091562896556427,0.030116925666199213,0.15561943569249834,0.8721530662792586,-0.4439588053610944,0.0019613309748408485,-0.053105416886386016,0.24017244466290658,0.19205629625913861,-0.1340147665710813,-1.6819180352009124,-0.1902819595891698,0.20197676874397555,-0.1199743998657304,0.29570663747347387,-1.6601125656235451,-0.03735463077323778,-0.007779975091685362
0.03381437985223327,2.4471930291743442,0.7576418055702089,0.10067260364498937,0.08155225464377765,-0.6431090056945853,0.7547350948726164,-0.6252149759753806,-0.05124982322218727,-0.2258493161363415,1.5617057200346576,-0.3580468162254532,-0.04563995569499414,-0.7318176684848133,0.022225558354716377,0.1591932949694321,0.8702286985928296,-0.42075610784074435,0.003461124835828174,-0.0818676731913341,0.19623546461946909,0.1940566215953199,-0.1654036700273612,-1.6672103679901784,-0.19971732832740272,0.22539324562686777,-0.12567487897029983,0.2824502221365703,-1.656840215861172,-0.036378975654584686,-0.0045971008502979464
0.03414234031288852,2.461685020479317,0.76067028331469,0.10244736229164075,0.07953892325419433,-0.6408370789585438,0.756641220050117,-0.5912293795913047,-0.057771367030698795,-0.22844280656390695,1.5441442918263322,-0.3418172566782109,-0.040570550608980745,-0.7522514719630475,0.013908423853036764,0.1634884588147023,0.8631599765618666,-0.3929678908297677,0.006121251543225491,-0.1101818421426573,0.15076590647823251,0.19606241523395737,-0.1981111436129466,-1.6528150843332308,-0.20383477519391746,0.24804702942377,-0.13269967197819457,0.26851799829155615,-1.655133208215987,-0.038882798563073584,-0.001371239337097435
0.034916511635864664,2.476352903466582,0.764265904303912,0.10445032887395587,0.07722438440747546,-0.6387909969420652,0.7583354043408308,-0.5578027119178846,-0.06634012231841159,-0.23082904869063758,1.5215982957740481,-0.3219035309895671,-0.034925407117316606,-0.7694800241603433,0.0042095521485958735,0.16867898522001282,0.8493841984536529,-0.36107792262739796,0.010525709878828806,-0.1370601416090757,0.10272901626784817,0.19817054354422822,-0.2339191196135469,-1.637111103687844,-0.20366093106646008,0.27149827418229283,-0.1408941423678861,0.25212463611699953,-1.6560344012158372,-0.043482876037345464,0.001465322721187093
0.036220148563786414,2.4908772297189827,0.7686514091053928,0.10678257508105998,0.07456117879938011,-0.6371374251762885,0.7596670413509026,-0.5245398284461757,-0.07746753281816264,-0.23296252196442183,1.4932557965067,-0.2985096678719394,-0.028080093213029438,-0.782601492463095,-0.006733992277362983,0.17568461124178542,0.8277671693795922,-0.32681670696644505,0.016802703760161117,-0.163198080297683,0.0555396575839267,0.1996595378219741,-0.2706879641833189,-1.6222954082218703,-0.20036893343885817,0.29448112891603423,-0.15032277135836983,0.234516417743586,-1.6576394059643826,-0.04569010636306435,0.004592520737567136
0.037753967177613194,2.505443965027527,0.7736457374206883,0.10926561839586495,0.07166356795123512,-0.6357634177227469,0.760743211833375,-0.4920778797180808,-0.09072453545059253,-0.23568207168819574,1.459992019879961,-0.2723103245744633,-0.01922415469810796,-0.7921687660019839,-0.018439623069398205,0.18386688592803604,0.7993001785196516,-0.28886167021808334,0.025067399193380527,-0.1883283947260301,0.007552022122768802,0.20099293288604506,-0.3086206297478467,-1.6079224183561214,-0.19413273844175324,0.31664619085548473,-0.1601563713121663,0.21570964338638443,-1.6598326696142134,-0.044635658626636196,0.007607993673266495
0.03918984481456855,2.520208460009183,0.7790264806145695,0.11179472099154035,0.06877918204981454,-0.6347290025189245,0.761505389236552,-0.4610672079409912,-0.10376769178587666,-0.23814353617666062,1.4228760619778524,-0.24556702652558057,-0.01082999829942701,-0.7993458182441213,-0.029989305532931283,0.1927020897513722,0.7655818919217673,-0.24656054711231756,0.03462129514743352,-0.21202246560888838,-0.04069329988503703,0.20193423573780034,-0.34636837511762564,-1.5949838106751844,-0.18622467394670067,0.33777562057584243,-0.16969088545824093,0.19632459356352625,-1.6628975270219437,-0.040653760475154274,0.010463631339801669
0.04058651814688218,2.535296041251242,0.7847211211042875,0.11428186072273024,0.0660664482210562,-0.6340834524239705,0.7619140739553921,-0.43175810112705676,-0.11443106612779351,-0.23885766420223595,1.382734328064727,-0.22062535257047974,-0.006322256660977424,-0.805039036914722,-0.04086681106043782,0.2016081269438625,0.7278495983463763,-0.1988876564512228,0.04411909457692708,-0.2339153136798157,-0.08848387658210256,0.20214696642159194,-0.3832273435734019,-1.5839146621778035,-0.17891214709539235,0.35765201780280226,-0.17841573268241062,0.17643198317298006,-1.666652445866535,-0.03492463116811158,0.013184609553643454
0.04195992712736045,2.55069870061161,0.7906096592441467,0.11666320539388575,0.06357858857887828,-0.6338416992641787,0.7619659833978413,-0.40382099316569964,-0.12153900137746196,-0.23666823009330132,1.3391741893151203,-0.1981365602110498,-0.008305956297773899,-0.8087819586153293,-0.05105430313593032,0.21051589557305658,0.6852890918030714,-0.14517847828582126,0.054146362089396535,-0.2538162566011915,-0.13585513055651696,0.20240153283690915,-0.41956616885078707,-1.574818636756396,-0.17407696505628223,0.3764204116310799,-0.18583799027705092,0.1560766505495835,-1.6712394811561375,-0.02786206769011146,0.015763716563725976
0.04320324176935848,2.5661673303986543,0.7965767927819164,0.11891567574261284,0.06126019250919778,-0.633956042618433,0.7617125356090633,-0.3765229044207135,-0.12615041576824795,-0.23198943890781648,1.2915527143262144,-0.17684460313046754,-0.01470757855045749,-0.8100207279155396,-0.060641763792572904,0.21957356153078172,0.6376477459112713,-0.0860443342744909,0.06521844288038217,-0.27188401046597444,-0.18245843306203038,0.2029831972712412,-0.45573974667609257,-1.5678157580703707,-0.17202978542573452,0.3944758333030239,-0.19201162496883528,0.13562945940766322,-1.6768255313297926,-0.019222739645075357,0.01812841049049265
0.04451808669195393,2.5817010283749946,0.8023445181206404,0.121097976945358,0.05903673038185044,-0.6339068210985539,0.7615852457934617,-0.3505403190661138,-0.13053365753502674,-0.2271741643518459,1.2420899993363597,-0.15755230648191731,-0.02177400495877636,-0.8198887311438922,-0.06805514065782606,0.23183049770228392,0.6025503718949585,-0.018013668968370058,0.0748488725517923,-0.2900677798027079,-0.2261094587516531,0.20253799309240617,-0.48955550392232244,-1.5646374525242128,-0.1731153786510472,0.41058309388451725,-0.19790185786829972,0.11587664080772846,-1.6828125852438307,-0.012106443617933959,0.02075047413141571
0.045919820153620804,2.597566165879917,0.8077200849606099,0.12293205865595991,0.05706016091789083,-0.634787434161453,0.7607080651743814,-0.32605041932611806,-0.13455556766528115,-0.22112660892851246,1.1922920565668413,-0.1382159556946624,-0.026845391726645913,-0.8251603459753648,-0.0740764994862779,0.24343947074343056,0.559565422724633,0.056145631633823675,0.08374895263045823,-0.3033893243229977,-0.27134425589755773,0.2003084575918899,-0.5239481694634683,-1.5599323045358127,-0.1749197656998599,0.426456347176324,-0.20229911066823203,0.09521699629841288,-1.6903060131525,-0.0020784631964970096,0.021862272018164715
0.04736413460398116,2.6135247256639556,0.8125825721888401,0.12493401611971534,0.055087600227284594,-0.6354069242233183,0.7600097950463924,-0.30414583097965825,-0.1405227238786907,-0.21726107513990073,1.143918067726389,-0.12116024249399497,-0.026344507527752147,-0.8339270281818686,-0.07992094422742861,0.254430794183369,0.5211695810599487,0.13084175392183098,0.0882140513835522,-0.31763371084484004,-0.31112808714945794,0.19657078660295538,-0.5528480174723127,-1.5599328387092413,-0.1784748768579371,0.4395027659155804,-0.20746480360489294,0.07720962207703407,-1.6979304374708923,0.004362395547822234,0.02361938465866919
0.04878184352142494,2.6296459722966867,0.8169885897810393,0.12670623092933986,0.053367567206227824,-0.636571121153535,0.7588640468012043,-0.2844556140303674,-0.14628006407764688,-0.21329230627723697,1.0960738105305041,-0.10483152865841451,-0.022650410050344013,-0.8433830110757979,-0.08417198758742574,0.2654887190273171,0.4815031440566968,0.21604305359869339,0.09166588754884145,-0.3287923292795047,-0.35051790592264115,0.19232280220378642,-0.5806796272885403,-1.5600098479629245,-0.18366922924612664,0.4514937800999009,-0.211659306987838,0.06000026165928347,-1.7057379324777082,0.010394295446353225,0.02467634586504246
0.050237623060326024,2.6459216183671694,0.8205859111464655,0.12830260834055504,0.05190819694068409,-0.6380007576149321,0.7574952231309113,-0.26726286876300076,-0.15159310892501024,-0.20938964967828988,1.0497773731346187,-0.0899352066677335,-0.017628193128189883,-0.8538782340014218,-0.08720689878637647,0.2770835458879838,0.44462025047608245,0.29790924817415226,0.09630184433452496,-0.3381187118452762,-0.38784607875854704,0.18681304954271222,-0.605839809698816,-1.5613496619156038,-0.1896162383194803,0.4619801154370285,-0.21544931266260386,0.04399864068134568,-1.7140758950320005,0.01581717969273605,0.025256346310430788
0.05174055062709941,2.662196868799964,0.8236317042462729,0.1295692458697733,0.05083693271026753,-0.639667772045326,0.7559448116125395,-0.2519141113832498,-0.15552806433165955,-0.2052741528434812,1.0044355624844001,-0.07600007526118012,-0.013122627673505251,-0.8663535778787846,-0.08854008894708143,0.2896578703563531,0.4158750484062922,0.34831907938610074,0.1049306434859256,-0.34570538048840876,-0.42180236910067576,0.17989652449351437,-0.628141156060657,-1.5632425065618558,-0.19509263894521753,0.4703548246627092,-0.218799127246159,0.02976355703913546,-1.7210707277011363,0.020729442140835084,0.02541678435076455
0.05307254821848013,2.678807298617288,0.8263020842501934,0.13063936000821763,0.050066350628439345,-0.6415666243592487,0.754200891447147,-0.2384485878244577,-0.15823971868264222,-0.20073080721769204,0.9597007768929884,-0.06182418774413103,-0.008847739994484353,-0.8729243774809912,-0.08931203429661043,0.3052283784923667,0.38441700101229304,0.3811091066047301,0.12058772487235853,-0.3511213531578611,-0.4536979238750547,0.17180641122589935,-0.6477014307908597,-1.563898913921739,-0.19945780714891406,0.4764879302810207,-0.22152022475456953,0.017675466423787624,-1.7270531832958882,0.02704734124496002,0.024643189459994167
0.05426274038517263,2.6952799044865112,0.8283082812627091,0.13170871697396902,0.0493941111315056,-0.6430204330318564,0.7528198711259702,-0.22686364055727418,-0.1609518687473197,-0.19773748997403273,0.9165812846601099,-0.048630975259271285,-0.004970723003783306,-0.8790585929431877,-0.09039103696773723,0.32255120224812867,0.3596095333734487,0.38976518476640554,0.1380993633434629,-0.35770410102868355,-0.4800130310485832,0.16377196910268338,-0.6623863134115877,-1.5681314121358434,-0.20167569996857163,0.48030962543102346,-0.22512272179333928,0.008753492005723729,-1.7325253551951185,0.031129449054282006,0.024682043249481228
0.05554123891363748,2.711458794089116,0.829451320344398,0.13253009575888225,0.04893895865261152,-0.6447147211545112,0.7512547373366769,-0.21686177097681905,-0.16280778845371666,-0.19417117294171696,0.8752147260155484,-0.035469617801512185,-0.0011629668271847496,-0.8848545777220413,-0.09190025228453164,0.3359250988647936,0.34084956105538977,0.38229776334562016,0.1566225211609385,-0.3622539204446018,-0.5033698695326155,0.15503668716376928,-0.6747202502093843,-1.5730289742987187,-0.20201830774171953,0.48325651165626693,-0.22859985030792485,0.0009176548649589277,-1.7380335475536735,0.034814563135089925,0.024300594143516593
0.05662644047668391,2.727731444098468,0.830006996983784,0.13317644813566443,0.04882054146626284,-0.646290630108726,0.7497926445535289,-0.2097917582120715,-0.16372310894349337,-0.19117326035860888,0.8369776428585284,-0.023840825353602383,0.0025077743224104607,-0.8932534942677641,-0.09471578198321919,0.33678309939394957,0.33291547276863753,0.36467422848524855,0.17185346075568225,-0.36584516890159763,-0.5222298597747265,0.1458409647464907,-0.6828947256445154,-1.5779009640532553,-0.20019496111189286,0.4832936715096767,-0.23158721990280937,-0.004383923605679661,-1.741778346427763,0.037719823675504506,0.02363641805413852
0.05744406570720581,2.7443617648701695,0.830147137514762,0.133647088988609,0.04920835400414696,-0.6479771801024511,0.7482262809922866,-0.20686868199150568,-0.16341324658411868,-0.18816977915262786,0.8037353074695547,-0.016268051679579027,0.00460527536383344,-0.904868036257317,-0.09892151830416107,0.3186624153831676,0.3372781118272305,0.34272332709610753,0.18239540821142622,-0.368251936943191,-0.5346497141274247,0.13664496770310547,-0.6853547959625338,-1.583599612271342,-0.19790385107222921,0.4794503895500996,-0.23405343734724743,-0.006396988105514663,-1.7430223656214692,0.038819850402898363,0.023236646085571026
0.05808835006981141,2.761120349695641,0.8298992694909978,0.13379763304547704,0.049991079464809136,-0.6498437815800767,0.7465267208259029,-0.2060000483045211,-0.16155859223439503,-0.1844412066998213,0.772401622257472,-0.009266598411187824,0.006281293224344799,-0.9188569446450878,-0.10428939875939344,0.2841955706352805,0.35470880624819284,0.31451192534093886,0.19223459901904455,-0.36860527437385776,-0.543368347184696,0.12774543984924916,-0.6851714576687219,-1.5883134338547442,-0.193480847339331,0.4730841537420088,-0.23603279244790115,-0.0061841657613524535,-1.7421930834957797,0.03936958096919076,0.02246538373015051
0.058661817381691045,2.7780487778588023,0.8291218310626591,0.13375364291379294,0.051196556793650795,-0.651687055693771,0.7448441830483385,-0.20795536060953054,-0.15904973904779804,-0.18141510280833884,0.7443637338809433,-0.0037795734959377714,0.00844665001532547,-0.9361643246944783,-0.10974444251027403,0.24313545464517178,0.3857522974408148,0.2824331760183925,0.19816931116495368,-0.3677242237708562,-0.5484129282733664,0.11908840209506406,-0.6822835921498438,-1.592432220331342,-0.18742042203800724,0.46399384495417706,-0.23741889191519946,-0.004031762681304895,-1.7396226491577509,0.03912020431089798,0.02147639017471128
0.059169550645313485,2.7951838901663373,0.8278695802722401,0.1336484803244732,0.05279416911199881,-0.6532894700729182,0.7433463040242934,-0.21304235402775215,-0.1567148521977413,-0.1806775765893545,0.7202706038488489,-0.0006639477718498581,0.012819256850017268,-0.9572379090007499,-0.11411797520265185,0.20710853915973917,0.42942508235905,0.24905936204957083,0.1977640677234716,-0.3661723668334258,-0.550024413985107,0.11114432462232472,-0.6773417798666467,-1.5957655908751154,-0.1807234240935814,0.45232826653549907,-0.23810236963869866,-0.0001151139183583397,-1.735286376330556,0.03785312102471837,0.02034247797701729
0.05951201991885022,2.812572307799026,0.8260784709761345,0.1335901365653906,0.05490956865128093,-0.6546566486009611,0.7419995196262105,-0.22233668104692877,-0.15467019760544765,-0.18242918661521798,0.7011029947526188,0.0012321488928181265,0.02263651837884621,-0.9834358926947456,-0.11641867842982413,0.1813076428132367,0.4866278738344755,0.21431166963311166,0.1883724993450031,-0.3640392501149011,-0.5479097743234169,0.10407514989606266,-0.670222015128582,-1.5987080976473946,-0.17419860482495078,0.4378392191327855,-0.23790708344810538,0.005771150083651172,-1.7291776644762629,0.03529159340197264,0.01905783684711229
0.05982045833161768,2.8301137415130415,0.8236943055330913,0.13357710610019957,0.05742508769415754,-0.6558346126981764,0.7407701916358715,-0.23541305973615945,-0.15291076816774837,-0.18605891918264766,0.6864913049043446,0.002229779419226138,0.03730083590311858,-1.0148125121792682,-0.11777679244622033,0.1631149163378653,0.5576007053663932,0.17698252561697841,0.17063730087176215,-0.3612755977509755,-0.5417161759446768,0.0975789220929834,-0.6610084750193458,-1.6013341746957823,-0.16829780600108238,0.42076325229522565,-0.23708815949232015,0.013245457837724347,-1.7214687827294926,0.031292947132927684,0.017699593600573535
0.0599675942474695,2.847798829280486,0.8204161624186271,0.13345281004349765,0.060036761517446524,-0.6567853144354415,0.7397425129732155,-0.2508587658298472,-0.15155948829132815,-0.19214589594358464,0.6763053804234958,-0.0013185689941016187,0.052279456484043516,-1.0494230581669073,-0.11884291104328541,0.1513796428628462,0.6393301868591517,0.1378001469759773,0.14894842003849548,-0.3578376389758118,-0.5318549280347373,0.09188390669506197,-0.6498076323213918,-1.603759639481013,-0.1633811897635313,0.40228374622329943,-0.23586566516181848,0.022046605652954916,-1.7135766868780973,0.025952045060892808,0.016363885493427394
0.06000585206572211,2.865175745424405,0.8163989761404148,0.13307192706954526,0.06241096321662247,-0.6574446664128413,0.7390285816541043,-0.26576263055600324,-0.15086013097842285,-0.20164726122606363,0.6683316370945379,-0.013416119665875657,0.061310717340940145,-1.0837662177759009,-0.12031637719758898,0.1447809089553265,0.7266909775040759,0.09872095519618529,0.12828058124178388,-0.35386001274410733,-0.5182175665180776,0.08717434676837893,-0.6379647071913976,-1.6058981615843442,-0.15986605404771959,0.3841894356063696,-0.23461348565756726,0.031471039743110975,-1.705858998292234,0.01953758416103696,0.015218351086928482
0.0601149127699368,2.8822714865412413,0.8077588628551743,0.13145398676666958,0.06498345341795743,-0.6578991377713002,0.7386919010418368,-0.26467298870873246,-0.14214157179315845,-0.2101834717420278,0.6203371832954987,0.047737844808217945,0.060165561695265365,-1.1206403207184805,-0.1197201965030699,0.14329250614078248,0.8258084502641515,0.05774393215515841,0.11214968119794227,-0.34856707527089686,-0.5048019154464304,0.08189942966064727,-0.6256624667335478,-1.6112120025475065,-0.15751367733316965,0.36956763697842177,-0.23314375081005584,0.0384026446152485,-1.7064648960084063,0.01168279685907031,0.01405031185509387
0.06010332085390845,2.8987448907999007,0.8000695870853233,0.13115774482088002,0.06620944362083944,-0.6570942576546533,0.739351805371569,-0.27743046714697245,-0.1457603398342138,-0.23327049475149517,0.6165684183825728,-5.138721253495661e-05,0.046551936238250505,-1.1564322181835536,-0.1218375376647391,0.1492723496927591,0.9284876945311339,0.010226398772187895,0.0944085868256016,-0.34704359627968256,-0.4806415055159017,0.07934017495491368,-0.6101345036679169,-1.6175977586503343,-0.15702047763152163,0.3523615272786661,-0.23347338459423103,0.04978276616692309,-1.7019873502541927,-0.0018920995189654942,0.013487340506494448
0.06026061280356176,2.9150470764379897,0.7929908037985388,0.13014416433987094,0.06799626882371411,-0.6571933776360225,0.7392806424529756,-0.2948079278108419,-0.14826332777746695,-0.25498600152865614,0.624819224551917,-0.07029086589539987,0.028622576015383348,-1.1846823409640939,-0.12042573514111574,0.1560390179726057,1.0231958062544493,-0.026755953911607663,0.08223049137327451,-0.3411847911840614,-0.4547494120303694,0.07749651533612356,-0.5963538610484265,-1.6192511434739008,-0.16065226158529944,0.33418662158714096,-0.23253807555827652,0.061305462901521876,-1.6927904347963667,-0.015000108009919551,0.013319681556909704
0.06041621241816587,2.9312948106400736,0.7863418799344847,0.1291787171322364,0.06981334754922358,-0.6573616547889322,0.7391309832209685,-0.3154566710284884,-0.15091862419178784,-0.27378961616578834,0.636840929829717,-0.1368078265687623,0.013125715025923423,-1.208517293939599,-0.11881422703517419,0.1624347876160955,1.1127874728838614,-0.05785424602746381,0.07186349694403664,-0.3335264707403354,-0.426748769363634,0.07622484881313894,-0.5821091271455399,-1.6189458839502868,-0.1674138669037809,0.3152385828026804,-0.23084668810644257,0.07317677727264985,-1.6829801441053511,-0.027164091165540163,0.01299458352906535
0.06074375190476787,2.947492554232229,0.7801260037635216,0.12836462365736248,0.07151944846818453,-0.6573666472898673,0.7391052583461909,-0.34083034465538653,-0.15495234417529175,-0.29015060125885483,0.6545067838078545,-0.19564338239460982,0.0006603664160938416,-1.2287583171337952,-0.1184227304781493,0.16796155855143177,1.1981311846577007,-0.08505950607740018,0.062326122339451645,-0.3248040458885009,-0.39718719668381,0.07495850059362205,-0.5673550716897879,-1.6168455203098395,-0.1764597209706164,0.295469524226319,-0.22882307328381962,0.08483008617813648,-1.673544474162928,-0.03772704619148581,0.012586608775174663
0.06120851887818149,2.963542664989097,0.774381479176217,0.12757877667335252,0.0731140849498763,-0.6572445399212726,0.7391938859786027,-0.37024632680351865,-0.1602965609485314,-0.3051842627164933,0.677782943914736,-0.24861948557531788,-0.011214754169954717,-1.2455109046684294,-0.11859764077603535,0.17315735297441173,1.280608734794127,-0.10968000726457532,0.053868156155882675,-0.31492010851212515,-0.3657127799526361,0.07362058984998804,-0.5520165494620968,-1.6133695223298938,-0.18730249895537923,0.27526480211108667,-0.22639758892671388,0.09627356104776037,-1.6647976484255211,-0.04643208429260844,0.012088365775627496
0.061754051097677204,2.979480227023033,0.7692871905653802,0.1268291747594588,0.07472571995669794,-0.657134092396429,0.7392599081629606,-0.4018472882482584,-0.16612343139440014,-0.3181573327147932,0.7029916070164571,-0.2946337512364892,-0.02153396441818979,-1.2578057522681299,-0.11870950396398679,0.1776066305751048,1.3585806114707408,-0.13229855073868732,0.04657227664491659,-0.30351565804455116,-0.3319002896603338,0.07247586520284553,-0.5358264649644642,-1.609137537380561,-0.19967299323017126,0.25462972865140104,-0.223153378167568,0.10757852414502138,-1.6567579690413627,-0.05352204594192111,0.011525994388283847
0.0621175230762811,2.995282916856358,0.7652430009671576,0.12610060076797344,0.07651519694414513,-0.6572071638814249,0.7391365278928432,-0.43311149176510266,-0.17094066043455863,-0.3278375368369162,0.7249513497108411,-0.3320841641180054,-0.028640254085500434,-1.2639540275494265,-0.11811754307282787,0.18032604319143591,1.4290566939548266,-0.1529187359910248,0.04064167807116789,-0.2901903846720282,-0.2947906134217062,0.07222059230712936,-0.5182481848881503,-1.6049841415209087,-0.21350611272252842,0.2336358755348607,-0.21853602658462687,0.11928981514587249,-1.6490734429645342,-0.05949968331167571,0.010926169918680902
0.062475179434970086,3.0108272451776004,0.7621722814226797,0.12547606675322037,0.0784514465497003,-0.6573419674982832,0.7389199313673207,-0.46361305000670977,-0.17464084948021313,-0.3333779907443805,0.7427975852472284,-0.3603387727235479,-0.031635372688377954,-1.2637230531989616,-0.11754673639038052,0.18118836706587443,1.491570998348462,-0.17230688447657785,0.03573815060023498,-0.2751224585092798,-0.2535287853795783,0.07241762826776459,-0.49921772050438734,-1.6019441374553487,-0.22894153649816892,0.21329812159973688,-0.21259338730699306,0.13029172338159117,-1.6433268855921375,-0.06487094277434319,0.010394211474214984
0.06275148900789526,3.0257424128183286,0.7601629976082891,0.12483683057708478,0.08051208094193035,-0.65753167202276,0.7386377128476592,-0.49348527984437146,-0.17711535402243428,-0.33546711801544554,0.7575709082026002,-0.3796863424532708,-0.03155668196630189,-1.2568170466649389,-0.11706410377362696,0.18000399255868335,1.5465066290222866,-0.19017885252353414,0.03196635447560283,-0.25836659303210446,-0.20753045422105154,0.07340185609401609,-0.47892374333272797,-1.6004557277134273,-0.24600905572952317,0.19420028812342902,-0.2054842084852728,0.14075197264741288,-1.6398110582593968,-0.06975800918079454,0.009856240023590476
0.06288058214570212,3.0404186967194096,0.7588796028969379,0.12401596464187944,0.0827200456147106,-0.6580698927841966,0.7380524715617715,-0.5229186282487677,-0.178137796381259,-0.33523952602820856,0.7700543458919387,-0.39211077617456236,-0.030481712137679043,-1.2442871693396536,-0.11508538858260468,0.17750734433616952,1.5944189387361154,-0.2061632607908756,0.029634711248373698,-0.2396812735672658,-0.1590290345396401,0.07548437314658918,-0.45684939995812124,-1.6003783563998657,-0.26389731368904507,0.17432430142270747,-0.19741469504778947,0.15148976559941082,-1.6380719035138172,-0.0745754094007748,0.009122221243046357
0.06271663949782463,3.0550690502470266,0.7582159992263976,0.12280469116346807,0.08515247641766686,-0.6589714284723502,0.737173466726315,-0.5357379255154243,-0.1711994514691147,-0.32939372067977574,0.7476188134799546,-0.4186937140811288,-0.031909866680380296,-1.2264997791476688,-0.11055531309907632,0.17374588440657363,1.6350583570576938,-0.21977167448765228,0.029211048920169857,-0.21971520370124648,-0.10951050802498365,0.07941845022544085,-0.4329373722632182,-1.602122481668251,-0.2812782288845936,0.15214751533482118,-0.18856747864335557,0.16360330644759913,-1.6366120954825065,-0.07993820456666066,0.007897437457685574
0.0625088291892684,3.069632895602193,0.7583639911020983,0.12129214321840726,0.08757551119624002,-0.661268508125891,0.735080067743073,-0.5643918761699691,-0.1686559945669187,-0.32697717731220977,0.7582302328226713,-0.418592282330154,-0.032998610516084916,-1.203490123049104,-0.10086547334838804,0.17110851025897225,1.6677994411436443,-0.23081204423490614,0.030513643153158375,-0.1968476500945761,-0.05768053240058463,0.08441126225014182,-0.4059510017180823,-1.6062881936404092,-0.2972349129946545,0.1266064794152841,-0.17973242461370348,0.17818376205559372,-1.6342853985891572,-0.08687123660226871,0.006445467134737287
0.06213120702236722,3.084208080019976,0.7593307469868481,0.11958828981958658,0.09013675062953141,-0.6641760655305885,0.7324234848093575,-0.5910688545256745,-0.1638820053608565,-0.3235474877052465,0.7638619567614165,-0.41320037776363155,-0.03417952797157599,-1.1758676116432856,-0.08782173592913983,0.16859110403784197,1.69305598130323,-0.24010660845410822,0.03370135980545898,-0.17263823144449414,-0.003090446187638772,0.09032612900807163,-0.37578912694703254,-1.614016769010133,-0.3110345534669501,0.09872240216986206,-0.17051066945156204,0.19467466207910733,-1.6319263854736814,-0.09597653846319479,0.004595120388278527
0.06175568301119316,3.098756179045135,0.76104423793217,0.11767206078966766,0.09268092924231923,-0.6673486480064587,0.7295267736473037,-0.6151005720187979,-0.15748996244243604,-0.319872199106109,0.7642296622929169,-0.402894829525111,-0.0358437078831893,-1.1439788495297953,-0.0728641168846081,0.16616699022234058,1.7108225950304365,-0.24737975238353277,0.038493429090797976,-0.14740750640922592,0.05265635189652415,0.09697507517992138,-0.3441751429418345,-1.6241872938130282,-0.32214952853642476,0.06975690866255495,-0.16167128980475887,0.21205358044681163,-1.6300164836852822,-0.10663799046604694,0.002491712312516537
0.06155215823285007,3.1131324557817965,0.7635989555267099,0.11561451340880863,0.09494899375450257,-0.6703649263855582,0.7267935321302307,-0.6357508561815379,-0.15057993480430265,-0.3169541373138101,0.7589599967829047,-0.3867093299627968,-0.03846000831925432,-1.1080624641478902,-0.05776096186393687,0.16370502797385214,1.720590976137537,-0.25200565407818737,0.044527211373619195,-0.12151511503706298,0.10709864742296775,0.10415380038258168,-0.3133136455092689,-1.634327827173001,-0.3301868998566149,0.04107448357796448,-0.15394469659314616,0.22930628727078192,-1.6285009337071132,-0.11728239118366596,0.00024234347191792624
0.06139160893988237,3.127349730029451,0.7670129789838076,0.11347097580997452,0.09669714594464263,-0.6732163185053708,0.724260856399797,-0.6525976718688117,-0.14368163034534986,-0.3145913236226622,0.748037137882742,-0.364039473577925,-0.04150654493955092,-1.0678603437034004,-0.043051016504967766,0.16151906886924142,1.7219690629963351,-0.25455820173550037,0.052856774297558515,-0.09492144037794394,0.15918168635236316,0.11173193030141196,-0.2834013556506253,-1.643063978637248,-0.3339079060124811,0.012321075235414269,-0.1475749941053973,0.24698458708621754,-1.6268130900606979,-0.12617539957342158,-0.002230271241797167
0.06110168628523703,3.1414077564808967,0.7712892211781114,0.1112397616874912,0.09802714041066653,-0.6760283737672792,0.7218047055985333,-0.6657406328389405,-0.1363143220730626,-0.31243593051978047,0.7313001187533318,-0.33513843136406407,-0.0447943503465287,-1.0234941868253065,-0.028158572861208583,0.15979475107776736,1.7149498546029789,-0.25539833317166477,0.06337620068239175,-0.06753423145533986,0.2095767520556972,0.11961738642546013,-0.25378028513934453,-1.6510025783654658,-0.3327401740454139,-0.016770537764749457,-0.14215884681345925,0.26552235386399264,-1.6247384785030512,-0.13262614896112263,-0.004923083343987326
0.06071699456653203,3.1554154370144145,0.77624942193091,0.10885146588049995,0.09926217678551813,-0.6785422162768648,0.7196379918858836,-0.6757198406187706,-0.1282897066574014,-0.311371351889432,0.7087651114072805,-0.300889273933121,-0.04893771520995916,-0.9765603475308745,-0.012993746037495953,0.15807957121345131,1.7004306058703456,-0.25386905437133706,0.0742753278812502,-0.03976871384156511,0.2577565411748934,0.12788523571229055,-0.22496582665319192,-1.6590241905417238,-0.3279763158021087,-0.04541056870095553,-0.1373320241227351,0.28372311674002887,-1.6229166017719758,-0.13668418596854834,-0.007645505334138448
0.060133197412269995,3.169268179713087,0.7817913295293866,0.10624057945388127,0.100665962298248,-0.6804640623658604,0.7180166872297757,-0.6827230590983189,-0.11936733818870786,-0.31238999192635425,0.6801052052155359,-0.2617708274305425,-0.05460057836190252,-0.9286305851482868,0.002480493099128591,0.15559660912985285,1.6792758995522412,-0.2489554854428007,0.08374991234436287,-0.012040346646903904,0.3033734462243267,0.1366892009831327,-0.19715296028803617,-1.6676474775938601,-0.3222051019696023,-0.07226135442764424,-0.13276528362330908,0.30075822016754744,-1.6220658369661685,-0.13871940668059038,-0.010269018317948993
0.05918897551453084,3.183242030657475,0.7877088396375256,0.10350728528215682,0.10221928961194228,-0.6815978497531034,0.7171205128405506,-0.6864724486432916,-0.10982673111994601,-0.31653269108522225,0.6442968323019738,-0.2182828984382338,-0.06266164199287108,-0.8807755517056284,0.01825579341366868,0.15238323805543774,1.6521161949102863,-0.24097913804152923,0.09119867781974661,0.015377279885394253,0.34550822945379184,0.14599411267912424,-0.16982913851847697,-1.6768531020157709,-0.3183188123206716,-0.09800346368348237,-0.12858219394474818,0.31665700202625724,-1.6219864286717944,-0.13862064221152295,-0.01276532075956151
0.05822145760991286,3.1976476207402933,0.793895344578082,0.10080091313651197,0.10374482301071516,-0.6820468549655807,0.7168600109092997,-0.6871305039765399,-0.10036158656582342,-0.323147230874671,0.6017239210762392,-0.17029232311124745,-0.07281839218861869,-0.8330942285631092,0.0338472725816128,0.1493651021337674,1.6191123548557869,-0.2312228544679397,0.09690799114327177,0.0422349471168979,0.38416219628431486,0.15535386454908615,-0.14327154728905703,-1.6865012517658102,-0.31743223098413975,-0.12345896495020564,-0.12522073736365166,0.33119091302166026,-1.622053938337289,-0.13642780385508246,-0.015126499075503716
0.05691953877790043,3.212158998678072,0.8003801004088579,0.0980163934491212,0.10532235511474038,-0.6819990798237987,0.7170615337945581,-0.6856015573885671,-0.09040359304977212,-0.3307239161532065,0.5543558490954643,-0.11715968849492184,-0.08288030428450299,-0.7853349746331723,0.049320335996216054,0.14605804358971602,1.5804713893122837,-0.2197936584608315,0.10191886254836165,0.06843522512028004,0.42069196567432404,0.16506438711006569,-0.11672843605216963,-1.696807368274494,-0.3188163001571774,-0.1476338656915484,-0.12218925941012432,0.3453329033875112,-1.6224733413626269,-0.1326920353258211,-0.017438722207645953
0.05558537993366191,3.226943430369828,0.8068487131273286,0.09514544139698662,0.10702085891917586,-0.6815692682252286,0.7176051932284923,-0.6836645065055706,-0.08027190742340429,-0.3379774138438887,0.5051675618173387,-0.05936045877337714,-0.0914159441279734,-0.7389948290042314,0.0642951729683868,0.14285698109705094,1.5380647013930842,-0.2073578020126231,0.10657653094752303,0.0935669568916101,0.45498992687738865,0.17467789600471292,-0.09113001950964933,-1.7083394486477728,-0.32057333766660767,-0.1702149022767259,-0.11943171606620609,0.35798176734905435,-1.6239857930848898,-0.12880116229717462,-0.0196509574317619
0.0539257510065486,3.241868591160407,0.813444293113036,0.09234171883977953,0.10878541470516354,-0.6807066077144011,0.7185243591716943,-0.6913561500519854,-0.07348616551719739,-0.34734532371562143,0.4695047524908109,0.015365440175519862,-0.09776235784446595,-0.6939896725940051,0.0788555416577151,0.13976606308043676,1.4912128665586841,-0.1934334619926712,0.11229040741367356,0.11737893037244189,0.48641307220668456,0.18419688559572348,-0.06621033255293708,-1.7194912603461214,-0.3215766432071539,-0.19125362376920582,-0.1172642341425474,0.3703459396864388,-1.6262811491519527,-0.12572519526265627,-0.021647309268272515
0.052044038099754705,3.256765983514685,0.819865544067768,0.08959728538722159,0.11074843387548096,-0.6793072454811282,0.7198949764251812,-0.6960885670271467,-0.06568232934702148,-0.35582124568530893,0.42718990725397116,0.09455493628394591,-0.10301342445430726,-0.650236566847873,0.09313913386476554,0.1366201762971863,1.4400793004376256,-0.17830917689140563,0.11853907161098727,0.13995707619320766,0.5155178403423736,0.19400286391792002,-0.042367335215058574,-1.7315169097837777,-0.3216807741689268,-0.2100855262732135,-0.11620309003295032,0.38186852213793293,-1.6308748994718292,-0.12404678264500338,-0.02351457087129068
0.05004226963444976,3.271828299514586,0.8258132081562247,0.08690893946236976,0.11272628287715468,-0.6775784488598169,0.7215449168492223,-0.7004989839322874,-0.058000209759767746,-0.36422889539139536,0.3842547597205934,0.17337750907199712,-0.10927232076826471,-0.6082777865708568,0.10638812727720544,0.13334115759468937,1.3865433714403725,-0.1634493714609411,0.12371935098650862,0.16134628270366552,0.542438486500745,0.20385208285514442,-0.01959176854390947,-1.7444968006716715,-0.3198242066177876,-0.22705668489991016,-0.11581606342006648,0.39207561735410185,-1.637262792681249,-0.12391102638111047,-0.025263286378843768
0.04784908601347985,3.286764967548122,0.8309060720754831,0.08412043893519623,0.11456877985717231,-0.6757603077960191,0.7232881533958778,-0.7043131191683291,-0.05022793796262113,-0.37304566596548516,0.34331880056150943,0.24390801608778417,-0.11856389600182578,-0.5678589279465486,0.11802832007255809,0.12925585984419533,1.3325347394978198,-0.150015972350673,0.12616743607839107,0.18168571086135468,0.5686791533508766,0.2136697315497963,0.0027131323304715833,-1.7589456625473414,-0.3142885953952169,-0.24120975426511929,-0.1156424898469057,0.40111456979500276,-1.645817932782934,-0.12505234516312944,-0.02695022944940548
0.04535942219446232,3.301632324571028,0.834724072595928,0.08111685815802451,0.11645334645271178,-0.6742147583441145,0.7247710901060581,-0.7107873597151417,-0.042745543311037706,-0.383608394526512,0.3104564559127039,0.2955017989089489,-0.13103659811807516,-0.5302506928961552,0.1289195901165266,0.12458433509650745,1.2805228893225027,-0.14094083128280643,0.12471159555672652,0.20239796946412872,0.5921480492303963,0.22374981158515578,0.023586505144469628,-1.7732052098863094,-0.306318839251794,-0.25184070654400714,-0.11477405516678432,0.4078771503145098,-1.6570796717884302,-0.1260491693403998,-0.028440875695820697
0.042445510479238086,3.3162974663093108,0.83809721081896,0.07804277257350911,0.11810219331892836,-0.6713618537696207,0.7274850231347155,-0.7129392814066475,-0.03528336227081443,-0.3995169322932327,0.2701480783394023,0.3319238668840955,-0.1549895953957418,-0.4916749716569197,0.13755130471198523,0.11588739733304163,1.2237202350827163,-0.12983308429772103,0.11993685002617945,0.21758250715492672,0.6175603295369652,0.23388821572159407,0.04580568916252342,-1.789417812802193,-0.28621863851304763,-0.2612908628800688,-0.11468885482773303,0.4156537595058987,-1.6667758285474794,-0.12938769970018035,-0.029828981971129587
0.040003956546235696,3.3310584352517543,0.8411526681493326,0.07490473406403919,0.11982391043021086,-0.669251340888936,0.7294752593627634,-0.7146227252439288,-0.025970466860429243,-0.4125460902163926,0.23325717325175568,0.3603921717796926,-0.17722522718249797,-0.45565034644871555,0.14539812509444486,0.10808603006136643,1.1672446899058138,-0.1202199695583033,0.11253115375788252,0.2342099107116922,0.6400415204163762,0.2436858365760328,0.06483523252553501,-1.8040841307631534,-0.26142676946701143,-0.2669639339590221,-0.1151287188678048,0.4203335198039209,-1.6772733314835129,-0.13351667659308863,-0.030972064319803143
0.03782761635919391,3.3457840622876094,0.8435087126678065,0.0721855959938756,0.12115073142941445,-0.6672664441084699,0.7313461783396191,-0.7181759538510185,-0.017279883841631698,-0.41893839978355896,0.20789790702847102,0.37361292940589597,-0.19280382604654217,-0.4225419547784239,0.15068544897456645,0.09998867685344784,1.1132747736254902,-0.11144657293280051,0.10550095191361152,0.2496386276765862,0.6602682535920827,0.25234355027285704,0.08217552993790854,-1.8172516998870825,-0.23561638789478861,-0.27052630480216366,-0.11677741508053292,0.4241947022789574,-1.6883905766447307,-0.13815600504882786,-0.03232421344408348
0.0361058326594187,3.360685811462083,0.8453218712308421,0.07003683711986577,0.12200483665207577,-0.6654504838691362,0.7330656960996601,-0.7243120269998745,-0.01017859128919118,-0.4154373312808769,0.19750799697356228,0.3678886538402038,-0.1988058439267932,-0.392790956020182,0.15248101847582532,0.09112539920493123,1.0621026153485766,-0.102107443796904,0.09946261204530224,0.26319338989199637,0.6777118488333728,0.2589469115015389,0.09720505139788721,-1.8282907736743286,-0.21234966605026648,-0.2727626608898365,-0.12009258659501736,0.4275045498997277,-1.6989659091285638,-0.14321367459311263,-0.033772251371531885
0.0347944202217561,3.3760432398403677,0.8467316819048831,0.06858686158175142,0.12250981642581416,-0.663639005959691,0.7347587747461837,-0.7322157751948875,-0.004951466622951453,-0.4044570127751607,0.19891475545386458,0.3478854923590216,-0.19788505622106442,-0.36756274092751995,0.15144346591910635,0.08163159535021638,1.0151132796289701,-0.09414783820347061,0.09467402860240036,0.2744129784042609,0.6904780845313235,0.26333335629426347,0.10903384712771316,-1.8358992711078328,-0.19936293154954537,-0.2739951150987091,-0.1240224008391949,0.4299019438897462,-1.7081723699206843,-0.14630896796354811,-0.03492096659881227
0.03354992026986912,3.391480599857801,0.8476040040230627,0.06753785168103987,0.1226888859474749,-0.6617153781720103,0.7365587784732133,-0.7413293145891102,-0.0009947401417641551,-0.3880757742315744,0.21125056370801237,0.31683397716260964,-0.1918103740445417,-0.3444547782908518,0.14869900446859677,0.07109370746181738,0.9694780278671218,-0.08491738413982525,0.08964173044309455,0.28321533733755777,0.701065886431085,0.26623363482550216,0.1196128577144807,-1.842152912377472,-0.1879465390018778,-0.27345000979830164,-0.12894088858661748,0.4323365711321574,-1.7166094153727016,-0.14992080018940185,-0.03609824859735178
0.03250120837266053,3.4068908817508494,0.8479334040145325,0.06705041513983814,0.12257117249827408,-0.6596947731400931,0.7384330408328277,-0.7521586138372351,0.0012222478427190496,-0.36898084113622787,0.23402150520071371,0.2798536509706423,-0.18162451879616967,-0.32424567057547393,0.1450616051807751,0.06145539362207812,0.9264009791221661,-0.0753379669185795,0.08413376381776608,0.29016813103129413,0.7080357466685494,0.26769984536030017,0.12788833525098,-1.8456408007643135,-0.17864764611349915,-0.269948074828967,-0.13412881379125885,0.4337452844581351,-1.7246193674944055,-0.1537911096665471,-0.037022199244377024
0.03167714705016008,3.4225231835967795,0.8477643540144709,0.0670857368904149,0.12221047215911601,-0.6575203754514174,0.7404262692981286,-0.7649848320742516,0.0023230278524317537,-0.34719281304502775,0.26711491053732633,0.23815590772264977,-0.16664862618612072,-0.307585238548284,0.14073909888539227,0.05287534201803431,0.886528332631951,-0.06669650239652826,0.07727717146412297,0.2953022312573965,0.7100741778051785,0.26803466038747514,0.13313450403705343,-1.8457339162290418,-0.1723892814466155,-0.26335883185426023,-0.13910105756467978,0.43314318995149265,-1.7313431233125498,-0.15758887277608735,-0.037599111744450055
0.030877864708516427,3.4382108709591606,0.8471712777408679,0.06744216633005054,0.1216881109654746,-0.6553145364190758,0.742432768813593,-0.7799119431510385,0.0037234379079900595,-0.3227464392340971,0.3110733205544714,0.1907813106636954,-0.14656097552825575,-0.2939782809125296,0.13596220052293645,0.04485735478328125,0.8492913535955684,-0.05894672484136208,0.06931090645641502,0.29871594670968693,0.7089691652356481,0.2673520052912351,0.13636509155430013,-1.8445467836369214,-0.1698883312648978,-0.25403498547469555,-0.14350456856203372,0.4313174605900502,-1.7361551840316556,-0.16099959357217886,-0.03793096312173227
0.03022003989087806,3.4539791414586856,0.8461130481173932,0.06813765045798767,0.12104062156461244,-0.6533336072203447,0.744218802636543,-0.7968169437772635,0.00577926647802688,-0.29828071058508193,0.36455134962596825,0.14019815557323603,-0.12408887643769338,-0.2837950487730554,0.13101326768246652,0.03864906624443618,0.8154260683705727,-0.051756202257506705,0.06125378730683932,0.3008628716327426,0.7045331111467376,0.2657253328562939,0.13732759029633676,-1.8409487164485283,-0.17061607524018152,-0.24269557191105098,-0.1472737322572486,0.428445300056453,-1.7389778251963035,-0.16394676270009925,-0.03805244430649815
0.029619747695381615,3.4699099802015816,0.8445937086492693,0.0691377999665707,0.12046501203648653,-0.6517543319083303,0.7456034041831876,-0.8155760635576226,0.008438875756506618,-0.2769956307378315,0.42531759134433444,0.09040052472007233,-0.10201901383296375,-0.27740279222284603,0.12674029623743202,0.035626811157867457,0.7853825062642265,-0.044154942547666935,0.054850879836429445,0.3021012791564279,0.6975463917993113,0.2631866963691208,0.1365318906506117,-1.8359588186228915,-0.17356465541032007,-0.23028950178484878,-0.15023276038140693,0.4248888023631418,-1.739642766514996,-0.16646433471515035,-0.03800971234298864
0.029181026843277936,3.486056970450681,0.8424920553758569,0.07054685991457242,0.11995482661562906,-0.6504953979806098,0.7466523403391008,-0.8365281346393988,0.010681161357054865,-0.2589395827950669,0.4937433661720901,0.04310216150823647,-0.08012673771172939,-0.2753567576868155,0.1231459325854122,0.03684294603850878,0.759664377945398,-0.032956837286427926,0.05307915904152761,0.3022767157232982,0.6881911124771203,0.25944738727043565,0.1337794698228731,-1.8300771047678503,-0.1779409602842283,-0.21681482989003392,-0.15248195592611552,0.4204090037051254,-1.738505646961762,-0.1686690388903539,-0.03777302276720415
0.028759800540941335,3.5023642169852844,0.8396827811891252,0.07193866320743192,0.11981685117133548,-0.6505950429109986,0.7464548486351671,-0.8648859433482134,0.014395231418123058,-0.242339545542488,0.5805130296524945,-0.012727191718598811,-0.05246888952738192,-0.27692887513902253,0.12172196788035299,0.044631124564782805,0.7365120217083667,-0.01414376067934513,0.05617188288053312,0.3048612205901035,0.6756549258302523,0.2548577376157487,0.12910767028638828,-1.8231981787273035,-0.18665413553870067,-0.2011829982503389,-0.15386008797092518,0.4142357547801082,-1.736477708296989,-0.17215296843441405,-0.037554195073450924
0.028430579339531505,3.5186745450910872,0.8362457900434651,0.0739198440620449,0.11942555509559734,-0.650261167809033,0.7466148987822199,-0.8897301891422208,0.016722122408528786,-0.2304844884469646,0.6644666512772486,-0.05987018849968043,-0.03148988836892357,-0.28176181975650477,0.11976059762250303,0.05380161427472729,0.7177306257422673,0.003206243334199604,0.05802688853427847,0.3039084722936023,0.662051029262317,0.2489960832058533,0.12325284503084939,-1.8156754655308747,-0.19566277120229011,-0.18510023917384033,-0.15454273497465879,0.40834146837409113,-1.7323741883872417,-0.1746971217665923,-0.03720259365039495
0.027884889635914227,3.5349260990181426,0.8321278201364563,0.07631003109677377,0.11867917173966105,-0.6493679034768719,0.7472706064627791,-0.9081923752540648,0.017001104628077437,-0.22492176567822533,0.7397848120738963,-0.09319675581886926,-0.019825437894159244,-0.2888369276374208,0.11670740201483658,0.061423908142382445,0.7037505036591152,0.010172256965563875,0.053262800199827987,0.29891968801889596,0.6488075258789204,0.24264511055806112,0.11780502129636809,-1.8092395634370266,-0.20094617511171642,-0.1697446187672659,-0.1545010733383128,0.4037801665932311,-1.7259120491595823,-0.17546628584969387,-0.03669614190654942
0.027299714046944364,3.551229239916185,0.8271582166614523,0.07865875145975394,0.11813335412440178,-0.6493757008878251,0.747106759813186,-0.9267713591002763,0.01584132934149156,-0.22632541651839086,0.8186687360877075,-0.12581261257682153,-0.013444426833459484,-0.2979762164224395,0.11418694243077503,0.07006221764777658,0.6934250258509626,0.006071576183885517,0.03576565575391509,0.29487590364331123,0.6348374493977387,0.23578970438633787,0.1119568652480761,-1.804642282325678,-0.2058705139430201,-0.1535932899751152,-0.15368312028358896,0.3983809453187943,-1.7190911863645815,-0.17598849295728342,-0.036003412855531255
0.026964100871110553,3.5678530050577466,0.8211509318131819,0.08123263968351664,0.11759644511384046,-0.6497599536776972,0.746581768424191,-0.9445126942267862,0.011140436990222219,-0.23363354127610023,0.8996502318015983,-0.1569744329097369,-0.013918778237985369,-0.3099128969401015,0.1113954191505243,0.07951694560521379,0.6877660324645162,-0.00998412779563839,0.006497019017847758,0.2902565513942001,0.6201999051709939,0.22840796205420497,0.1050034299640997,-1.8022591035997615,-0.2100056387697297,-0.13674073682905594,-0.15252448569699237,0.39154059912854616,-1.712304540715284,-0.1763705194732701,-0.03522363940477512
0.02662963977922045,3.584231234891359,0.8146002307332162,0.08386439662480101,0.11704916369804744,-0.6502749085432646,0.7459281463890437,-0.9593320051828075,0.0041099137416170115,-0.24409772731191687,0.9797885312594998,-0.1857313729582707,-0.019956062841624045,-0.3232103098943063,0.1089262955054999,0.09035674419217019,0.6848655216649228,-0.035916371589826926,-0.02585446682717927,0.28428744364255754,0.605294532006772,0.2211088726447211,0.0976232773630378,-1.8004895939524228,-0.2131566701385354,-0.11869799747127703,-0.15085864699145302,0.3849589435188044,-1.704933568472844,-0.17651377481626426,-0.03447423497655113
0.02606165332320125,3.600216903077178,0.8059349699273569,0.08678012596102279,0.11609210068014161,-0.6508790602635437,0.7452169367427899,-0.9719473917096988,-0.004251198444981611,-0.25406092660232427,1.0603819700019603,-0.21340380724518548,-0.029164513399251146,-0.3268562953596705,0.10237097152148672,0.09921565417981033,0.6537683383571484,-0.004488983525897305,-0.05064335553887378,0.276284559308663,0.5915091891331575,0.21418920182842352,0.09171595865941046,-1.8024604932054995,-0.2145291261989005,-0.10086292889362304,-0.1488862027305852,0.38001976296665896,-1.7003237815976453,-0.1766345039457342,-0.03358767070892752
0.025373126666849814,3.615704287921357,0.7981772067713653,0.08874936902011388,0.11571070621164987,-0.6512106657929517,0.7447544902342205,-0.9791994769703715,-0.011576594709375321,-0.26600649573279855,1.1353093750981933,-0.24086990304117303,-0.04545550852344055,-0.3456960526531113,0.10323055374083827,0.11830330276551773,0.6626213840678536,-0.06272805478042057,-0.06035991472928441,0.2667690613414686,0.575044815693818,0.20894452758355883,0.08286528910780817,-1.8019351712386926,-0.2143427133338757,-0.0799165180714315,-0.14519250843806358,0.3737725109566273,-1.6926054487727324,-0.1767777423285011,-0.03278296053107342
0.02459774044934082,3.6310857481035987,0.7906032873565259,0.09099297328495608,0.11475418506641458,-0.6510947585632736,0.7447330872157749,-0.9805834491378171,-0.020291418855908204,-0.2764056632260028,1.2037558766952992,-0.2608393943353049,-0.0643778577360912,-0.3689766725837008,0.10324181863268203,0.14037799415691415,0.6825147827071723,-0.13973591651142991,-0.051543235782247655,0.2538899212560622,0.5574356918110677,0.204559963862129,0.07293157355800646,-1.800109992297567,-0.21072961606415003,-0.06004509447125881,-0.14142062199735603,0.36893787153815305,-1.6832532643184386,-0.1769021914256248,-0.03184472230419157
0.023580606537813395,3.6465453637805276,0.7831640524248075,0.09319240103110296,0.11385842356113615,-0.65097887113235,0.7446999027215476,-0.9780319689180169,-0.02857865540969486,-0.2855893322344397,1.2674831596758982,-0.2769586777590188,-0.08448801257609316,-0.3945904867907859,0.10354738763885575,0.162210261398284,0.7050737471042818,-0.21664790643149578,-0.03734335535836896,0.23925657326612268,0.5383152851375892,0.20108406031826095,0.0622489533227566,-1.798445046776488,-0.20423883809569157,-0.041007184056639216,-0.1375008825370716,0.36469048537156995,-1.6730765636071556,-0.17680994199151712,-0.030620267410363746
0.022206370650095505,3.6622068220238213,0.7761775152640739,0.09535257444591025,0.11331778497633273,-0.6511379558145668,0.7443697526446265,-0.972199902079039,-0.034723930619219676,-0.29229682387630745,1.325590069533121,-0.29126190402778535,-0.10259704107404748,-0.42271419077936345,0.10475132664190918,0.181399139743785,0.727565238060081,-0.28433205170061876,-0.02705684252250587,0.22345883379546086,0.5168487155003019,0.19847947839947472,0.05061551764929386,-1.7959414395547122,-0.19626823221687212,-0.023722220833797717,-0.13378888687274135,0.3612475602430939,-1.6609237369809857,-0.17576627781754076,-0.029179069766986778
0.020522345929095364,3.6780694656852173,0.7700892479927904,0.09740376085602401,0.1134046785327851,-0.6519606813217008,0.7433701340977604,-0.963551397428323,-0.03712059115434284,-0.2963534489238059,1.3777481356547707,-0.3050472535396452,-0.11821363226943961,-0.4540832632080939,0.10786083799195222,0.19779965204381567,0.749537836678608,-0.33852159353470157,-0.023495714333765367,0.20722036834748644,0.49284631439507254,0.19648841309652745,0.03775267440744196,-1.791950915354142,-0.18796830210143736,-0.008872370792135145,-0.13021871200728832,0.3587270926471658,-1.6454168286828275,-0.17350986203741658,-0.027513228309579123
0.018729773486817425,3.6938299941333304,0.764901776971712,0.09933871893500182,0.11385681843031038,-0.6532931093787291,0.7418736799857186,-0.9516986545417947,-0.03640405858612025,-0.29821171248497175,1.4247399137320111,-0.31859520778696454,-0.1323317498868989,-0.4882827610313756,0.11243221397815935,0.21222466118106872,0.772276951013638,-0.3815964742934718,-0.022594106472282386,0.19019906171540926,0.46710345635703093,0.19481205377512223,0.023583172712525052,-1.7869978398978157,-0.17987059679458306,0.004496631638646253,-0.12687101829254957,0.3569563317322993,-1.6274212448338012,-0.17007519643879396,-0.025668504353519143
0.017061657259425593,3.7089859424348357,0.7606033098857936,0.1013193551249778,0.11412270395234553,-0.654535847374953,0.7404682445728625,-0.9356205915675304,-0.034254065154881524,-0.29738610733885296,1.4659120109766806,-0.3308147718994991,-0.143902878676036,-0.5229446250901463,0.11657596808684474,0.22435596548564624,0.794451416805627,-0.415129002123854,-0.02256430716875985,0.17127478803628127,0.44001021072264823,0.19329230261907504,0.007659254357572989,-1.7807379099846061,-0.1728082529162405,0.018228578698719022,-0.1245322068485528,0.3555937131348162,-1.6086187487240537,-0.16468387513349872,-0.023702043971932627
0.01572008300725554,3.7233719782749195,0.7572261013715113,0.10352480540664803,0.11370206573678039,-0.6550807613754052,0.7397456664209155,-0.9148577282378324,-0.03249766013235051,-0.29340225441237894,1.500242581645471,-0.3404907990660041,-0.15183227218029535,-0.5557634560629803,0.11815836749720057,0.23378205085201254,0.8141250446094945,-0.4412421600298168,-0.02230240422726623,0.1494983679496085,0.41084234900803096,0.1920065776545209,-0.010957801203015096,-1.7723323616999953,-0.16788831050108596,0.03373956885716579,-0.12394926515733178,0.353516253391357,-1.5904700790445299,-0.15597045681284474,-0.021593603871413944
0.014849608064737436,3.737460856954784,0.7546599028590751,0.10599237318123791,0.11249931604439228,-0.6548356628452379,0.7397971177174129,-0.8898965661779129,-0.03092221575280125,-0.28552128237883884,1.5278072136241703,-0.34898061565581306,-0.15588300035263153,-0.5865790630448952,0.11628217283926061,0.24009296986473247,0.8309364981826615,-0.46159072790498507,-0.022216001647335278,0.12484728392412273,0.37855667834333073,0.19088925615964047,-0.03301285001371401,-1.7617797448030734,-0.16638757335614662,0.05125688849146993,-0.12549702614006775,0.3492285197914044,-1.5738647199055793,-0.14175488949815587,-0.019314874211794637
0.014311769261437865,3.75170761396213,0.7526857868047715,0.10868171927840688,0.11082865697345266,-0.6544601479526966,0.7399913563210622,-0.8617352305476335,-0.028057399433627127,-0.2737848247804811,1.549431696232305,-0.3574662267181279,-0.15663489262679664,-0.6038428037832999,0.1084134816129479,0.2396209891383179,0.8197654734464666,-0.49322525302160636,-0.02018898253457512,0.09901430957645191,0.3430719757173278,0.18990732564278417,-0.057764284153796176,-1.7500172029916665,-0.16858412643089166,0.07023236700101854,-0.12892514792256676,0.34270675061621236,-1.5595074795609583,-0.12143585534417989,-0.0167599184726789
0.01371516915062652,3.765953985915198,0.7515236068924762,0.11128727784258294,0.10874124665683733,-0.6530580387835245,0.7411515911378196,-0.8305860545417274,-0.02645645881157996,-0.2625963668811261,1.5645914790141835,-0.3636941195173953,-0.1537590994392373,-0.6363345463051677,0.10312981350475424,0.24219213501565517,0.8393830080941402,-0.49824115844964023,-0.020259851646766518,0.07059922284727846,0.3029671964019294,0.19042841399821334,-0.08588570439608985,-1.7351453538981618,-0.17516250897476546,0.09090752242500011,-0.13277486791146578,0.3338347433371668,-1.546464469533039,-0.08921315324167817,-0.01432249582210797
0.012892975020161995,3.7804589082062727,0.7511837881935348,0.11383498702231891,0.10665223724208699,-0.65140291718021,0.742523491554307,-0.7986783937526322,-0.026252342126662515,-0.2529730364214226,1.5739181159955224,-0.36501269780873175,-0.14806175099219818,-0.6672267965495691,0.09777294414157088,0.24547037027957877,0.8544278525510052,-0.4960887702157186,-0.019696831886806092,0.04152153588590739,0.25982823593360416,0.19197614850217504,-0.11550063794966572,-1.7197931142549938,-0.1834344221787924,0.11140843782237678,-0.13712925857606187,0.3239348446702919,-1.5348752658928002,-0.05913662739202662,-0.011521066386048686
0.012105678328063686,3.794604595859747,0.7518987251541698,0.11614396583427052,0.10445771728666055,-0.6493019514133009,0.7443158875037046,-0.7652561567591294,-0.028209349667655658,-0.24579483466149302,1.5767879837705008,-0.3603468865892251,-0.13897830810423997,-0.6956432593116114,0.09196973333872159,0.24864312604013586,0.8648362505407783,-0.4864785525420256,-0.0186080228688803,0.011664474302549214,0.2136779717636296,0.19563162793076294,-0.14846009439577124,-1.7038659293721945,-0.19202247382211257,0.1331306999884044,-0.14197414011400034,0.3125734492336946,-1.525241697417452,-0.035255927558617554,-0.008492019592006494
0.011048698751330977,3.80911242718809,0.7534525936922915,0.11826652576035818,0.10226138347292114,-0.6468540103552255,0.7464151174930346,-0.7319109190313355,-0.03146577527832311,-0.24079310962628325,1.5745247019761885,-0.35190886836094226,-0.12607922413436662,-0.7223532177213657,0.08594928610351006,0.251496491386367,0.8709465473025594,-0.470623066999595,-0.017075064558696975,-0.018704029621174414,0.16292584064110083,0.20099311790785124,-0.1840602840393546,-1.6875794172667837,-0.19994001017370622,0.1544961735287807,-0.14687122242374964,0.2997435380367897,-1.51795991652311,-0.018864500656624993,-0.0052712255107317954
0.010163809723308647,3.823391880214335,0.7559378546111574,0.1202866718416274,0.10000346301081697,-0.6442998332413052,0.748604133603559,-0.697640656420096,-0.035520777451670024,-0.2366139490524714,1.566241751770658,-0.3396449644979844,-0.11244100450200825,-0.7458908299709968,0.07915240580079122,0.2545385198745214,0.8711307116949297,-0.44984114985289175,-0.0149658824505506,-0.04937050203453642,0.1123696657289702,0.2065445042486833,-0.22106499114863315,-1.6738204279886104,-0.20598453860921614,0.17673876417325943,-0.1529771419058079,0.285955086108568,-1.5133378882558683,-0.011290413187198218,-0.00146225440618939
0.009404199467789302,3.837424240374076,0.7593483476440833,0.12221170781794394,0.09756066861967415,-0.6416609698759576,0.7508777624544154,-0.6630157896628973,-0.040739972116522354,-0.2333000482695384,1.5521061125638838,-0.32252565724180776,-0.09780594386647641,-0.7651221211428575,0.07075177218128709,0.2573674088689233,0.863859138015065,-0.42439541092042055,-0.010973937077347519,-0.07905352160507699,0.06016039300726065,0.2123431222563611,-0.2605940341636457,-1.6596291600879851,-0.2116272244383816,0.20049767621096773,-0.15958400145609727,0.2702766785549162,-1.511380246699107,-0.006283596000572025,0.0020985556223983163
0.008840781914414373,3.8514265086097077,0.7635561780295684,0.12393965640213911,0.09483803915220625,-0.6388982332799755,0.7532952644298322,-0.6282480547119385,-0.047696922168672384,-0.2311919495431923,1.5321884827955778,-0.29928628799774526,-0.0820605639030071,-0.7794120449355395,0.06049621406509283,0.26000303899403104,0.8485179025863651,-0.3945712127782669,-0.004421365098688955,-0.10761130740021178,0.004414446475402152,0.21820057395170367,-0.30401133185614665,-1.6427829077669316,-0.21665782210406273,0.22554110361563479,-0.166188380507463,0.2520112034311535,-1.5117085884762451,-0.002347447103299434,0.004852306537695385
0.008664548961300917,3.865125307781917,0.7685173104863194,0.1255438403519171,0.09196207549828717,-0.6361051330145256,0.7557459762197302,-0.5929715395443819,-0.055855810357013924,-0.22981581519582026,1.5062135521003404,-0.27144379936282004,-0.06689649058477572,-0.7895622974860538,0.04906515217883428,0.26303313619563434,0.8265620021205518,-0.36122067626377025,0.003210504355344584,-0.13635197963018103,-0.05053141289977991,0.22322652485055675,-0.3486300160309229,-1.6274279797386,-0.21982381089353378,0.25046779896061766,-0.17335654673967282,0.2329304575419601,-1.5131293191957806,-0.001579304824297887,0.007942992895261897
0.008603757609165218,3.8791343206531272,0.7739386269005525,0.1271329433512422,0.08913712279316006,-0.6335375669979363,0.7579722549390201,-0.5588952138354228,-0.0641333691664684,-0.22849747536816956,1.4760085388354953,-0.2418226792282508,-0.051880976166484065,-0.7971697799157388,0.037192622636539205,0.26652871632630976,0.7990855214018282,-0.32385877734491847,0.012040955723748586,-0.16402496588832235,-0.10547445387072638,0.22677127908300027,-0.3926294585200875,-1.6134854691093141,-0.2217820160483208,0.27422423226523,-0.18043114712483657,0.21323546166041585,-1.516123089674416,-0.0027392735523323044,0.010831491023577812
0.008681706249553955,3.8933979697989964,0.7797251372137739,0.1288074521728603,0.086478366113872,-0.6315107696116412,0.7596869620597188,-0.5261424816077195,-0.07128204541392241,-0.22573980776806268,1.4421626984089733,-0.2131975054871678,-0.038085340961606616,-0.8030835811209878,0.02544862294308567,0.270748989379859,0.7668958702104148,-0.2819202825092044,0.02173511475759432,-0.18996599183051383,-0.15786201109887046,0.22801885670026634,-0.4337751797307898,-1.602193157585572,-0.22402411580260947,0.29662846013832644,-0.18742724274679115,0.19354752198794145,-1.5205304659545045,-0.0039607768720337395,0.013325330680240449
0.008898567806429397,3.907756341631583,0.7859873283458633,0.13070689201935629,0.08401108098787334,-0.6299550562403888,0.7609300058264613,-0.4947504687134052,-0.07695309930769102,-0.22080654425010038,1.4044483948002966,-0.1876003997822953,-0.02646297077579525,-0.8070966054027987,0.013664335046077367,0.27609932006815696,0.7295575915893585,-0.2367321627135045,0.0321135140307373,-0.21513458922370732,-0.2048996926416386,0.22743173465741867,-0.46978129463268603,-1.5953246222684183,-0.2281539274484382,0.3165342072592669,-0.19459356802677344,0.17514908269424534,-1.52498520874109,-0.0035626076551688447,0.016071650445651037
0.009305133060796942,3.922297104516629,0.7925928719983638,0.13236970684005012,0.08163992398912003,-0.6290297968998876,0.7616657391101536,-0.46394507815379393,-0.08111582274697435,-0.21340255505951505,1.3626104756252433,-0.16171649003816305,-0.014017888538556718,-0.8068267527240478,0.0017343366855300914,0.2817586448356573,0.6837545264859874,-0.18287355378767473,0.045434855772991466,-0.2366154073413365,-0.2542375910046819,0.2253882860440561,-0.5071509756693621,-1.5856627609638414,-0.2353797164614966,0.3367482249764311,-0.20051136867990854,0.15483202065426951,-1.5307388831890691,-0.00029883094113401527,0.01722792620923974
0.00969701113041438,3.937094627876213,0.799218167173866,0.13435115438279627,0.07932323512452635,-0.6282527860599364,0.7622047156068491,-0.4347129577358206,-0.08630570381207034,-0.20618861168028946,1.3185016537064784,-0.13971264104232264,-0.004553113463206192,-0.806967856706167,-0.010113522748660744,0.28814543428776235,0.6374022255625007,-0.12914974775315027,0.05750940646458466,-0.2585210505526978,-0.2975202347946794,0.22151337517653868,-0.5379351515462298,-1.5811114083068565,-0.2427298578014142,0.3539467184952266,-0.20693597558796165,0.136650443889466,-1.5372132542532109,0.0034238094636705003,0.019179222410374737
0.01028988530146367,3.951972087353944,0.8057700151863628,0.13603991552558808,0.07707360694331282,-0.6283309044922525,0.7620715681328671,-0.405639885231492,-0.0919698754101919,-0.19867935983225626,1.2720867115047285,-0.11869058165115745,0.00405118240043542,-0.8046618243722096,-0.021224760341110958,0.29422897931776915,0.5861536681098066,-0.06591870325678474,0.07056736486215578,-0.27599025907264857,-0.3412399845717781,0.21537624772449618,-0.5688817684523528,-1.5751416652328771,-0.2518069283871419,0.3718180457739464,-0.21207424269141137,0.11690958882379511,-1.545358624336799,0.009336628110146338,0.019714068450878492
0.011010742341328096,3.966936685166415,0.8120861272150672,0.13792795666853777,0.07479819840696834,-0.6282996155133627,0.7619847120710989,-0.3779769934191917,-0.10025917865665086,-0.19431704942068198,1.224650990749667,-0.10213884763296904,0.0092293923247031,-0.8167382200317981,-0.028626075794274435,0.3045478135678513,0.5562986899535072,0.010222432497459072,0.08156651360562858,-0.2941935441810566,-0.3787921727288815,0.20773691080426837,-0.593824016638662,-1.5742147962640558,-0.25862820771429756,0.38686026018559727,-0.21762834794518712,0.09914708956989096,-1.5536230904520272,0.013052736672585026,0.02093982598257591
0.011803566090921605,3.982000165405036,0.8180808611520733,0.1398202421886514,0.07266077630112613,-0.6289875065525632,0.7612788109900437,-0.3512848845772618,-0.10951786871164887,-0.1905306893863775,1.1752730153116784,-0.08818023986690654,0.012981666792410269,-0.8241992201368374,-0.03643084224931288,0.3135826890835235,0.5172238184471663,0.09218728468091482,0.09405153131135756,-0.30915742945038704,-0.4146241117439374,0.19912370020795342,-0.6165843221332163,-1.5747338130325883,-0.2649697760419079,0.40143426101649066,-0.2224814614219775,0.08134180219583509,-1.5633969289261427,0.016497399406336002,0.021592338349622
0.012711483204692491,3.997296718434984,0.8235165981911378,0.14166170537008366,0.07074579613142346,-0.6301129793313304,0.7601872314368125,-0.3263512276395296,-0.11954309556219844,-0.1879503524463999,1.1252645816291993,-0.07650369690136463,0.015058196013106057,-0.8308627114306707,-0.043571109231494064,0.3229724503339862,0.47685066489897243,0.1724933772567003,0.10778744621604401,-0.32189692505137885,-0.4480177678848212,0.1891350399201284,-0.6361739923519166,-1.576951343500192,-0.26971991286904246,0.41460934677072425,-0.2268432280580037,0.06404938152011848,-1.5740760167706762,0.019451867268295876,0.02192975431085347
0.013609128571053342,4.012675057076321,0.8280726408811179,0.14332043386098434,0.06913181744514796,-0.6315194083185615,0.7588565621852426,-0.30354717451485597,-0.12973745620015126,-0.1870382766726308,1.0759938141566128,-0.06585409630675465,0.015944761722815334,-0.8369655206508095,-0.04970238646851991,0.3330254098349228,0.4384051655534079,0.24220078352684593,0.12324476446373264,-0.3326603062799771,-0.478112897296142,0.17828634776796706,-0.6523935588020121,-1.5815625147824524,-0.27123666622272574,0.4266077810695582,-0.2305405833217591,0.04788650395172507,-1.5854901958657284,0.021833174239801165,0.022090259602996203
0.014537520273776765,4.028238937084226,0.8321123732129864,0.1448589819963083,0.06792691773325008,-0.6334523882298805,0.7570600247193844,-0.28291640227416165,-0.14002594254364364,-0.18729811882734462,1.026575987340918,-0.05449714029698978,0.015979261416093724,-0.8448568866663898,-0.05330094520073594,0.3472215016205208,0.4049113752841976,0.2838235782424865,0.1429109205144677,-0.34070131565997236,-0.5051955027645268,0.16674102882420158,-0.6656496848186995,-1.5872083250041868,-0.267496815444671,0.43623172181185593,-0.23331913485776065,0.03324644009492394,-1.595614186740771,0.02368874973469958,0.022027869985588554
0.015314287334326484,4.043975881512604,0.8357208370996758,0.14647577898870948,0.06692766490594615,-0.6355461053861734,0.7550805796525002,-0.2643678146946893,-0.1509546268015976,-0.18958004696684028,0.9767787716926807,-0.04236309471017491,0.01552730863478948,-0.850334074429218,-0.057108561216897835,0.363789217879224,0.3691929721991442,0.3189496153167107,0.16595023410122342,-0.34713666665717696,-0.5289000604404263,0.15512064043989124,-0.6755229910549835,-1.5943683213099002,-0.2577641099380812,0.44379899426731484,-0.23545194549904208,0.020580678337738648,-1.6050212053425608,0.02515449500560125,0.021808541560184407
0.015844855253815026,4.059778306629468,0.8388601076941179,0.14787225483312585,0.0661852614224223,-0.6376956653298631,0.7530587930835922,-0.24772101955967007,-0.16139487956428195,-0.19369711960071462,0.9274769403991966,-0.030351872533475,0.014427830611133138,-0.8554969480302205,-0.06127788473226582,0.37734889931548316,0.3378233544957948,0.34229749772174417,0.187598198170777,-0.3520815703744473,-0.5490372751132445,0.1435215943583137,-0.682419344475849,-1.6025548823710376,-0.24345477886306402,0.44941626827391523,-0.2370548347921081,0.01018391228783255,-1.6132711099393648,0.026380079835008202,0.021504732653769825
0.016239715764641217,4.0753465638468995,0.8411747037123136,0.1487552511026004,0.06578411176904793,-0.6397490671613975,0.7511760492549545,-0.23301214047722518,-0.17034327344004058,-0.1994992460246395,0.8803033550732061,-0.019465278229487647,0.012081892628149375,-0.8632246823572847,-0.06526821987949616,0.38119968988481573,0.320187306721782,0.3493098712777903,0.2018733700607021,-0.3558379359668053,-0.5652214015135989,0.13201117304745458,-0.687053901637516,-1.6118407119837732,-0.2274702430281203,0.4534702335825325,-0.2383179000631477,0.0019096247603298984,-1.6205584462417653,0.027409177521501765,0.021201658857630888
0.016310503616005854,4.090948496793375,0.8428775493166406,0.14908489578698692,0.06596627727319586,-0.6417451811821109,0.7493899295696729,-0.22183769655418478,-0.17735881907346224,-0.20710425016652764,0.837123995476021,-0.012348659061018745,0.008932728221742658,-0.8742122585823453,-0.06850429407834133,0.3703694754017098,0.31901969550782405,0.33886134834799414,0.20571875088207425,-0.3584839583499943,-0.5760753196375684,0.1210083422934412,-0.6881971414925209,-1.6221525019515015,-0.21839031848057888,0.4540186854332428,-0.2390919599610276,-0.0025443931912433925,-1.6252565440645912,0.027858227425240908,0.021161722440680736
0.01602231377328095,4.106906492695647,0.8441417223534665,0.14899151177754455,0.06663900200986818,-0.6438758639820862,0.7475189928093419,-0.21277861342562798,-0.18289247444719037,-0.2166503389554783,0.7946430914536481,-0.005990029583275104,0.004341628408853752,-0.8868176133674452,-0.07128734954813604,0.347336346183469,0.3305235590706627,0.3144853047255337,0.203637378194962,-0.35884473225539754,-0.583826769977116,0.1107766805583158,-0.6870943754498002,-1.6315528500665497,-0.2099272108818463,0.4516499396615088,-0.2389396119183182,-0.003928496812691867,-1.62833807475996,0.02850324394449288,0.020772402438136765
0.015555708147795659,4.122982769784688,0.8449265477832459,0.14858175240998658,0.06771451129581878,-0.6459730893000849,0.7456922795033153,-0.20613218621943116,-0.18689481378591352,-0.22705685244832355,0.7539419226279598,-0.00010912903283358255,-0.0007384845534346438,-0.9017716696266898,-0.07335043393345428,0.31818030739472175,0.3554533175090338,0.2798147117764147,0.19580617266487024,-0.3579070104536525,-0.5879363545892764,0.10120654210989237,-0.6840835282768315,-1.6404862843993613,-0.20239100199648233,0.44650712848620355,-0.23827993659440727,-0.002697175848331864,-1.6297923094326876,0.029307455104547218,0.020169238300826415
0.014955672678671981,4.139126749429176,0.8451612292624537,0.14804533770489245,0.0690652992017656,-0.6479131756319169,0.7439899725618485,-0.20272903906756745,-0.18958320827113587,-0.23699972902019123,0.7167329949552984,0.0058132200569072125,-0.005133572348844088,-0.9195149570953098,-0.07458757678630085,0.2900901214273816,0.3927702883429838,0.2400958121697428,0.18345277703284754,-0.3561726263544197,-0.5884617949387576,0.09249036828526473,-0.679243101110068,-1.6487204343983894,-0.19558129943395638,0.43853120859607175,-0.2373242817336878,0.0007573148754803582,-1.6299158582137239,0.03018735907108982,0.019407686466809657
0.014335710496541221,4.1553652897109075,0.8448333748305185,0.14749022184777735,0.07070200233986637,-0.6497570098374548,0.7423366416199033,-0.20323204771321812,-0.19141253396264046,-0.24627783142074566,0.6836218577146432,0.01304339098288311,-0.009494003454382085,-0.9405361306114416,-0.07509333473594998,0.2654213112886383,0.4425662839004567,0.19639739240426554,0.16474571085401243,-0.3536009999142078,-0.5851856284822053,0.08437274812295296,-0.6723641132668701,-1.6558721089125412,-0.1893145618757652,0.4271062553218635,-0.236307874488323,0.006253657365840471,-1.6283995306673635,0.0310911432047751,0.018494454241185794
0.013689782106796536,4.171830167858273,0.8439925127227081,0.14690528131926403,0.0726082045502949,-0.6514975346163657,0.7407414186754293,-0.20754576846472306,-0.19264985480183885,-0.2552035115059005,0.6543704266589501,0.021530307207525322,-0.013890013849885256,-0.9645771231098877,-0.07569644201681941,0.24286582848414778,0.5043889200749696,0.1478918390638598,0.13956283105513376,-0.35013110656852553,-0.5780481603212778,0.0768014842833221,-0.663219505191003,-1.6616332070584567,-0.1837376374193023,0.4120831633605716,-0.23522897796474376,0.013852302383392202,-1.6251381165935637,0.03197627271150896,0.01743632406411015
0.013040351423769447,4.188420215585679,0.8426109872909843,0.14627682913468715,0.07461359020554034,-0.6529372959693969,0.7393975851645128,-0.21475190644064304,-0.19332606689418336,-0.26293699708395807,0.629023507972832,0.02976386506917382,-0.016464549621971667,-0.990582564464293,-0.07717066104239323,0.22343819374279078,0.5757790968889941,0.09749168024956295,0.11194208477941045,-0.34625163219478583,-0.5675152384807904,0.07012221521582562,-0.6525178953059367,-1.6660361344019403,-0.17897725793947572,0.3946466956846029,-0.2340248448160579,0.022952747411253117,-1.6208336122348144,0.03272821180857286,0.016339707894955802
0.012298049937312643,4.205061159064313,0.840664001213288,0.14558427652018635,0.07658928857326472,-0.653954486726001,0.7384326838628333,-0.22414367847728375,-0.19323385099362134,-0.26810683719740713,0.6082259674723041,0.03564898168447282,-0.014946985417095503,-1.0169904815094197,-0.07960411497186241,0.20816389728446524,0.6527577339321269,0.04984626157778797,0.08703735072549762,-0.3421929272303094,-0.5542452234349069,0.0647355044202261,-0.6408906275148727,-1.669075071953095,-0.17515088899602066,0.3761558178768579,-0.23250252339722743,0.033030087836423964,-1.6163748139470764,0.03320936351941019,0.015322889419350694
0.011584844488049417,4.221606856255135,0.8380672770709509,0.14484053334488664,0.07852240259072657,-0.6545602663941329,0.7378389457393734,-0.23603095841229849,-0.19204590434040802,-0.26827186130481184,0.5928978060970936,0.040564351807494625,-0.0071830536124992145,-1.0435002667349917,-0.0826420677759169,0.19712791682508346,0.7343122717333884,0.00809666416526365,0.06706645820975556,-0.3379587544632586,-0.5383873362916972,0.06048637638535081,-0.6288354666805125,-1.6707849789106728,-0.17245448495396898,0.3572157385018513,-0.23063127647248355,0.04349750436401291,-1.6121257624863492,0.03333996642402829,0.014435505968513175
0.010840922148550126,4.238043802019651,0.8347820039135201,0.14403022269783908,0.08050785052293064,-0.6549155215116939,0.7374682641557221,-0.2507282988209324,-0.18969058556923646,-0.26355553821548305,0.5831834531358938,0.04533491802540682,0.006074338943287326,-1.0699961632172643,-0.08558210551699269,0.1895818093627043,0.8203861269633922,-0.027827510203061196,0.05071080223192671,-0.33312027489097046,-0.5196592983198841,0.05728932137250936,-0.6160753038048901,-1.6713577210222261,-0.17097073141355001,0.3376103208792609,-0.22828955702271697,0.054567199833631244,-1.6080445652746245,0.03309958919581351,0.013608908275088231
0.01000431366834913,4.254116473127369,0.8308099173411998,0.14304846992879378,0.08252264680410594,-0.6551773595387735,0.7372040257372962,-0.2667440584068552,-0.1865854493042278,-0.25715372208954,0.5779883321100167,0.046306472319966686,0.021539806787765226,-1.0949288597293276,-0.0879920881095618,0.1849426808085737,0.9086978015766705,-0.059016066070548996,0.036976263865038245,-0.3273386806988603,-0.49796538176370964,0.055304864893613935,-0.6029172308944053,-1.671263635470891,-0.17062933454924317,0.31793718486420336,-0.22555090501259292,0.06616785161584784,-1.6043396832408943,0.03235999886897857,0.012904863085541115
0.008953883239076622,4.270174419807552,0.8258567440935337,0.14180993689112623,0.08454169141296172,-0.6555073048460225,0.7369211745536111,-0.28344039763842305,-0.1836553483280386,-0.2535702545960764,0.5775075049486508,0.03664665604450512,0.034985053626277365,-1.1170225320187948,-0.08928876863297273,0.1828882718326776,0.9961737427943254,-0.08744494607646665,0.025240726914855204,-0.32013646555859815,-0.4744427463381778,0.054257036699610066,-0.5886864162906721,-1.6704354424210461,-0.17113922980174598,0.29814936975333517,-0.2225110809905885,0.07812468243570413,-1.602099878544861,0.030824750046848336,0.012345470753220017
0.007859114254306418,4.286142574994559,0.8170942241198951,0.13931353943698224,0.08703501047953734,-0.6560503015375077,0.7366238161591792,-0.28533215429847153,-0.17491834234396178,-0.25380265325084095,0.5436514643175498,0.08662225554665014,0.04353789803287944,-1.1372733901869667,-0.08716006510210277,0.18274149267090173,1.087210769702293,-0.11698817114626404,0.015063459312685153,-0.3106589914678099,-0.45176087193918824,0.053007105234789895,-0.5746397726011415,-1.6714061234598965,-0.1717865554030478,0.28113967674181745,-0.2190077969237764,0.08782011478668898,-1.6068581608471146,0.02750785861938657,0.011743127603687729
0.006802147757769866,4.301520666425717,0.8092501119568593,0.1378648994629131,0.08847263944781646,-0.6561191328957379,0.7366637937440406,-0.3008678568477561,-0.17390465178536102,-0.26062507141606445,0.5516271649527521,0.03293719376741783,0.0515473016323489,-1.1523569944402925,-0.08625494386642969,0.18695537978532734,1.1736950301216096,-0.14952009222158946,0.004851578055015419,-0.3029886749503918,-0.419913558857656,0.05421692137746218,-0.5575672594912641,-1.6727695839973642,-0.17390968004703608,0.2616068092199423,-0.21704412451175237,0.10094434375810356,-1.607479058529997,0.020627482727464293,0.01193182788891588
0.005970947964144786,4.316534364677296,0.8017578947681161,0.1358495092760086,0.09041959305928585,-0.6566411963908118,0.7363365719716115,-0.32182067996432484,-0.17352577217073392,-0.271123028133381,0.5738848321337232,-0.04723660769820432,0.055086617798046654,-1.161230010460181,-0.08303654263296362,0.1907183962210626,1.2534076886457295,-0.1764173283187273,-0.0018041573634418042,-0.2924933952036111,-0.38692474697436163,0.05626800167670323,-0.5419693642699379,-1.6710408600424356,-0.1783509772394028,0.24163765834393205,-0.2144395427752018,0.11357788551948518,-1.6049457727573337,0.009867608094934617,0.012646753922781032
0.0053222402309530395,4.3316998426799005,0.7946598463907198,0.13409870049510633,0.09245333941975048,-0.657125246297682,0.7359730492578318,-0.3448891715134222,-0.17414950036987256,-0.28277265414347547,0.5958971358771212,-0.11783937367374421,0.0546650258071201,-1.1666396946686253,-0.08025250459099548,0.19398051353291368,1.3269068979792187,-0.19736701404030146,-0.005539021341450799,-0.2800917354148528,-0.35463714355153964,0.05821713727078729,-0.5264743811048407,-1.6659944586338507,-0.18340629542007864,0.2209444928140234,-0.21122570398731988,0.1250314905760658,-1.6022669690243452,-0.0009752724045890703,0.012496754351184894
0.004905547271040098,4.3470149660299615,0.7880016929686338,0.13286945267119435,0.0944453129443743,-0.6572851771767343,0.7358002359835483,-0.37164029734936815,-0.17693859424971586,-0.29622364174434335,0.6188975176321931,-0.17491552457055276,0.04853217236591994,-1.1695971031530976,-0.07926693676428768,0.19679053693152035,1.3951334785937026,-0.21343621989018363,-0.0066451441254331564,-0.2667758636014465,-0.3233122217544252,0.059914642731317524,-0.5111072480683645,-1.6584399677846289,-0.18698673313230912,0.19972854963549905,-0.20794812599185847,0.13505370081324208,-1.6007112895228246,-0.008957185048648024,0.01169463975936997
0.004788413164453841,4.3623184732494416,0.7818259403114167,0.13196205458496696,0.09642850029172713,-0.6572044644882191,0.735778398934051,-0.4029368675511471,-0.18213295987832753,-0.3120070660480458,0.647206171966995,-0.2286229406678015,0.036509721275000954,-1.1698122456610454,-0.0791647205048556,0.19955333321707588,1.4595005981900289,-0.22800564709053955,-0.005662382270028363,-0.25314839672393624,-0.29094988824036144,0.06152562808116355,-0.49507166432031413,-1.6503475232526228,-0.19022295935426414,0.17715840425188886,-0.20510280165543918,0.14468346927592948,-1.599253906233298,-0.0174226389782872,0.010955474045682933
0.004791677880913544,4.377705801541033,0.7763889075242721,0.13115929948490432,0.09842640326643128,-0.6570559553740397,0.7357900195070401,-0.43597265250741696,-0.1881017556517271,-0.32745604628179226,0.676147049859103,-0.2757026636249036,0.023414596277294746,-1.1660758031358687,-0.0794040677391036,0.20134537291276303,1.518581810481883,-0.24137147484442192,-0.003346348329709959,-0.2385506248912863,-0.25715361589444813,0.06347376150777173,-0.47804315012833515,-1.6415191098759772,-0.19331247661733322,0.15358346427053082,-0.20204143314845716,0.15411432670268382,-1.5974328472553412,-0.02594339142488861,0.010100765801650691
0.004751707507067208,4.392963562893788,0.7718326937846461,0.1302355972732542,0.10042955408823658,-0.6570127298905696,0.7357220036333408,-0.4678086292328192,-0.19306303564905894,-0.3395004802821826,0.7015404077440572,-0.31544299285391675,0.0143231170525017,-1.156823645185231,-0.07964130426241403,0.20116109005668148,1.570663004520835,-0.25390391849005,-0.000908284032693074,-0.22275468622628491,-0.2205160286271809,0.0662393947243349,-0.45969405194174584,-1.6329756171848409,-0.19695038739258505,0.12991460701610544,-0.1985016722447089,0.1637765385375995,-1.5952503477078241,-0.0339496555840015,0.009146494548657801
0.004752462713335092,4.407739731739579,0.7681811047887814,0.12914358605540244,0.10238726778188634,-0.656976737260496,0.7356767960697576,-0.49727796487692566,-0.1964875877507186,-0.34681503610298325,0.7217840239477249,-0.34730745226657084,0.011050814093904649,-1.1411552184832097,-0.08042831177966303,0.1987364308896501,1.6150438526772697,-0.26621065223897233,0.0013146855060806606,-0.2059711706610301,-0.1797099365281152,0.06957413103177779,-0.440075368566033,-1.6253514721880729,-0.20210898617996403,0.10728878269841287,-0.19472815301504462,0.17334843058962174,-1.5934030457980035,-0.04058972900722774,0.008167223929532567
0.004777627462295811,4.421878954596117,0.7653995503593217,0.12792009719367936,0.10428937192252466,-0.6569302623100658,0.7356648734982475,-0.525155877104585,-0.19871417836718028,-0.3505380710600951,0.7381990899753413,-0.3714700246243133,0.010907189354054301,-1.1195610487152754,-0.08173063509954291,0.19440733342471994,1.6521560519036924,-0.27801152367815407,0.0037952954909286733,-0.18814737648429253,-0.13502453536601522,0.07345187369254638,-0.41914203502846376,-1.6186609080757766,-0.20914001849993966,0.08574789980262157,-0.19074903305493712,0.18281952267719112,-1.5924093670927244,-0.04542570281294625,0.00711586648975459
0.004554798329016534,4.435677183360497,0.7632841925383755,0.12648496231796202,0.10620897643811053,-0.6571457580534058,0.7354458921659748,-0.5520151153223143,-0.19945559818633363,-0.35169825138878197,0.751758229580203,-0.38921593872590626,0.012184007881383742,-1.0933640765477697,-0.082283095965737,0.18845436150259728,1.682365184002618,-0.2884202370581476,0.006486723012926382,-0.16883983307478378,-0.08824035005939995,0.0783170518353028,-0.3962907120471529,-1.6132150464176798,-0.21752198392827993,0.06397664761642645,-0.18608831241445545,0.19290989618629684,-1.5921166836623062,-0.04891997269472012,0.00586668460108356
0.004095139639132706,4.449272480024812,0.7619215860527428,0.1247473955423808,0.1082478365814146,-0.6577691166163205,0.7348879386727073,-0.5671594513710675,-0.1937284437825034,-0.3464098029120201,0.7389023709268205,-0.4158142522089114,0.010029468147651547,-1.06347039793287,-0.08125618346833771,0.1810244033098139,1.7051665975417551,-0.29618063427623015,0.008956078174328325,-0.14806375770851737,-0.04078417346697659,0.08451029912407303,-0.37200822560614,-1.609469975290721,-0.22625279970816944,0.041294722316097765,-0.18052640240509665,0.2037148707389164,-1.5916217991537165,-0.05233619440140211,0.004308144138048532
0.003450306912519743,4.462667157211596,0.761501515032899,0.12277699391815004,0.11017084156673898,-0.6593876569568147,0.733482183345922,-0.5941797856734297,-0.19155192251414535,-0.34420924510127343,0.7522340135797717,-0.41865182624431047,0.010531984228311834,-1.030087494247702,-0.07763710085012361,0.1735799954290409,1.7202135785844674,-0.3013343251699214,0.010739303674770037,-0.12483479537087278,0.008009666031957064,0.09134271310688712,-0.34533684993125735,-1.6079976255547435,-0.234520573463773,0.017139197365557413,-0.1743861128328459,0.21605047084473727,-1.5903561138841074,-0.057178824985792034,0.002617138296556062
0.0026927084889383167,4.476085300894437,0.7619100327530499,0.12060588528988292,0.11211560850397907,-0.6614347180418071,0.7317024152838236,-0.6192206136859358,-0.18740272422900636,-0.3406056588910888,0.7608613968230816,-0.4160471818065702,0.011827712525461822,-0.9936580404475384,-0.07252022552511136,0.16555639023548357,1.7280283017838627,-0.30498916990455377,0.01209880371162786,-0.1002399488366332,0.05805607956707301,0.09852330515949126,-0.3166492925573342,-1.6098483315011531,-0.24185066456588883,-0.007944737802623315,-0.16776561127864537,0.22896602193348597,-1.5891487268919686,-0.06421471005559731,0.0006803252141471027
0.0021251714894940615,4.489697821544864,0.7630513207124944,0.11829097188415327,0.11398109445123931,-0.6636640274395321,0.7297709330749891,-0.6421238755538984,-0.18219635609449525,-0.33699835974896275,0.7647491250594279,-0.40825778124626483,0.012362540475585514,-0.9549612711880424,-0.06644036357974127,0.15757031595173132,1.728809442976705,-0.3065872892285066,0.013394207575404073,-0.07461564871670304,0.10766676206497872,0.10596357624694297,-0.28768989616847435,-1.6139439955763815,-0.24756483575042698,-0.033372633542062574,-0.16139871039584908,0.24154334778409273,-1.5883234365752663,-0.07303479983748033,-0.0014060659665920858
0.0021002550226470224,4.50373191781978,0.764859389565991,0.11596015393819786,0.11564830227394339,-0.6657653011093319,0.7279665354386732,-0.6629382084033214,-0.17734729604181304,-0.3349981256626611,0.7640401657346378,-0.39476521746759424,0.010708873754624423,-0.9150834187644192,-0.06001797072351878,0.15019033251405758,1.7226903875544088,-0.3053877672132978,0.015189917647674965,-0.04849331956188389,0.15440948417719422,0.11353710282671425,-0.26052784325986267,-1.6183657701841758,-0.2508777181898718,-0.05864947646479657,-0.1560033917672096,0.2529363561952044,-1.5878691512585286,-0.08236582281803764,-0.0035581756745988336
0.0022693884437587027,4.517739615869469,0.7676336556429996,0.11367128458069452,0.11687749641224034,-0.6677842375149923,0.726280043799017,-0.6808919071321409,-0.17309440042606036,-0.33465481855874984,0.7583147528636225,-0.37377462457751576,0.00711203280116568,-0.8730166341870608,-0.05372729343444878,0.14310418312268214,1.7085542852266509,-0.3008859789875074,0.018761572133046925,-0.02172316561580358,0.19838849647410337,0.12173804309310603,-0.23516951696505842,-1.6216192553492181,-0.25050391604838207,-0.08302633769601567,-0.15180108812688925,0.2648621591262255,-1.5873450565105904,-0.09056613397877512,-0.005831802749939957
0.0022323125720926235,4.531368160305536,0.7713142414968897,0.11140517275755701,0.117734738110439,-0.6697925884933249,0.7246415026234263,-0.6957352491578526,-0.1686618197072806,-0.3352423888687565,0.7473379497003585,-0.3455797243580885,0.002386818986492699,-0.8285134330239493,-0.04724781901454979,0.13606294857678003,1.6865061422468453,-0.29335328802934457,0.024081217701317135,0.005727181808839204,0.24076871204025688,0.13072766109558157,-0.21060919396664204,-1.624746786114043,-0.24584985968046194,-0.10630316537271102,-0.14837292092899088,0.2783079303657417,-1.5872307308166875,-0.09694550783614707,-0.00822426652472326
0.001821155759300762,4.544744466095838,0.7756374460370207,0.10909911788463794,0.11860393826542287,-0.671566212630907,0.7232076536910443,-0.7077775520228986,-0.16331355392139857,-0.3370391702805697,0.7306008858562064,-0.3119624676571265,-0.0034761011758794704,-0.783108366796058,-0.03961114580895511,0.12900944980329992,1.6576919457902926,-0.282799750817465,0.030260730732933633,0.03328182322221479,0.2814041897664823,0.1404660549131629,-0.18646735941645115,-1.628994753787992,-0.2379213137079452,-0.12853431673968296,-0.1451669268021323,0.2924658629813314,-1.5879891534385646,-0.1015520535637386,-0.010629285558156199
0.0009197079138552343,4.558009014457018,0.7806489966736392,0.10666362953396008,0.11984818743419376,-0.6728924450932185,0.722132286662112,-0.7168578452523806,-0.1561838645073599,-0.3403095964476753,0.7067151712618075,-0.27402605490173343,-0.010697538621263538,-0.7382170607761958,-0.02979921074689295,0.12189172443679173,1.6227847953951513,-0.26916730270343975,0.03635175573707931,0.06043796897892785,0.31989194373927776,0.15065337763217862,-0.16241998326607648,-1.6343042569398467,-0.2290427660195553,-0.1494039833854616,-0.14170494981171422,0.30639881861729157,-1.5893195713039152,-0.1048570860556665,-0.012939601827220407
-0.00021289290469702198,4.5716035450541535,0.7862327999591223,0.1042052531919192,0.12151742489997933,-0.6736419774560017,0.7215131785782253,-0.7227819295248175,-0.14758963720388388,-0.3458935858430807,0.674472758107563,-0.23220890510569928,-0.02059119700268957,-0.6950190784170982,-0.017786259591935492,0.11517225437992089,1.5823792432812487,-0.25332390166609253,0.040851003810920654,0.08704588049061533,0.3551743323013195,0.1607749695074877,-0.1388062462750653,-1.6404207103453246,-0.22197196820382786,-0.1693957836615877,-0.1383238180201544,0.3190021729240302,-1.5911100718534845,-0.10745682182098981,-0.015020910078602644
-0.0014546546144635893,4.585454816151721,0.7922767423558781,0.10180992427174572,0.12337750090967918,-0.6739306610954284,0.7212698493799272,-0.7255363759437412,-0.1380664083540143,-0.3534875772229199,0.634609339959708,-0.18589080366515232,-0.0330530442400878,-0.6528443610193176,-0.004317813804459821,0.10912140254294027,1.5363120018037886,-0.23606356899528597,0.0441045430352224,0.11310084088708537,0.38792235179022494,0.17075670220241576,-0.11549650239682736,-1.6472508292421475,-0.2177191248549255,-0.18847275841747738,-0.13543717689650625,0.33086321296265886,-1.5935177984071711,-0.10953984478719112,-0.016946069959367458
-0.0028118965253630247,4.599593701524132,0.7986229760763083,0.09945270075269218,0.1253754440924308,-0.6738451003638561,0.7213341382793738,-0.7259197015551758,-0.12765893065901995,-0.3617912640330388,0.5889820619273228,-0.1352887917716324,-0.046400627859671306,-0.6117696742779322,0.010281211807312247,0.10409012453357233,1.4855703916910714,-0.21804715216403944,0.04777185133726813,0.1381267812130252,0.4187460256188046,0.1804857294790087,-0.09236429520221649,-1.6551009541035056,-0.21566755453976558,-0.20661679994672486,-0.13274394815695248,0.3421710013617817,-1.5964493976923542,-0.1112499267807154,-0.01880905470361001
-0.004306169445746306,4.613826119661256,0.8051104534192882,0.09707445007488034,0.12743274508779012,-0.6735004120929639,0.7216194575624042,-0.7246091095182081,-0.11640433894529266,-0.36929895253840456,0.5396050858484354,-0.08056283396588589,-0.0588568755340551,-0.5716882747724632,0.025673207390391004,0.10055901915202164,1.4312785328168869,-0.19951663463327174,0.053561917702865995,0.16168342225553856,0.4485337480141191,0.189755139043265,-0.06955964474770285,-1.6641272628425543,-0.2141341318071104,-0.22321168944668424,-0.13013747900517927,0.3531263597128364,-1.6001891181552381,-0.11267368618394927,-0.02067985133892128
-0.005987328399836377,4.6280968136929,0.8116614283580986,0.09472912508914677,0.12959195184718378,-0.6729119263784826,0.722095463366086,-0.7218683435479283,-0.10434863133838355,-0.3758043468766527,0.4859105771743708,-0.01832074760275146,-0.06980889109297223,-0.5326686554111675,0.04206484753223192,0.09900681324680956,1.3731973357034961,-0.17965824874987923,0.06324460857043426,0.18368411839303425,0.47713005264389263,0.19856595370142865,-0.047446163425558734,-1.6740541623243117,-0.2118614739318856,-0.2381362914043095,-0.12778581236008818,0.3638773080496243,-1.6048674580278302,-0.11391168490160967,-0.02251964826793956
-0.007904721379629416,4.6422867297803565,0.8180379792264126,0.09243741383995133,0.13190132328597423,-0.6720769616810516,0.7227516330078805,-0.717733716832407,-0.09150510061072763,-0.3819119154217045,0.42810714839761643,0.05012173749487616,-0.0800827402221348,-0.4946118229456296,0.05955467230956247,0.09936508105616444,1.3111590823798187,-0.1581661111961502,0.07583958506195602,0.2043903830507632,0.5045572355114799,0.20705938853117029,-0.025992549081699602,-1.6851649138713833,-0.20858192019952362,-0.25127956701594395,-0.12594267266512685,0.37449505539588945,-1.611069812066498,-0.11504074409403034,-0.024285839067682804
-0.010054488649683224,4.656350476529531,0.8239039480954022,0.09011756351589031,0.13433120104382615,-0.6711144350641732,0.7234910975406537,-0.713021851918469,-0.07795882657042671,-0.3872508971705946,0.36984550893816664,0.11674902235203956,-0.09014178360684075,-0.4578564352703673,0.07765094505957089,0.10143009069130907,1.2469758827189277,-0.13647651429959448,0.08847534432584116,0.22394056254425398,0.5310901509569961,0.2151224546884411,-0.005009594708102267,-1.6979245003279955,-0.2039432111241044,-0.2626440298125204,-0.12441490517160529,0.38456284565652094,-1.6189386607174963,-0.11607120021153533,-0.02602450694796522
-0.012499858471758402,4.670495210816418,0.8286906874001361,0.08766677511048224,0.13684805915760972,-0.6701283260616429,0.7242341968288607,-0.709097298268402,-0.06383979982431523,-0.3915494525774415,0.31563742382416005,0.17217439596843073,-0.10052183228470793,-0.42337823993055324,0.09576602514189948,0.10479942679355106,1.1839061684497554,-0.1169663689934141,0.09789074730298765,0.24232763056751092,0.5568640821929466,0.22261688911254585,0.01589267949705185,-1.713257140449623,-0.19748045845057724,-0.2727221131182485,-0.12284593107272555,0.39332363285602945,-1.6284321959246721,-0.11705681095851289,-0.0277592217654072
-0.015417028447939992,4.684569515896555,0.8320363909562611,0.08495257778213633,0.13960481476276004,-0.6692720262984391,0.7248230887862277,-0.710289300230036,-0.050195681214382185,-0.3963597607769194,0.2737534394431739,0.20738235949087055,-0.11117548738563403,-0.3921520405995792,0.11469407681167205,0.10978676665907035,1.1244475379562677,-0.10344598433547628,0.10108101112403534,0.2603704683673597,0.5803569284433922,0.23000361471858727,0.03617842767982827,-1.729266955108173,-0.19116727121232593,-0.2807405369452634,-0.12069336316118166,0.4001222827273923,-1.640068202870343,-0.11716172996730347,-0.029391432476462715
-0.018731775271282763,4.698576359530324,0.8352762114681762,0.08302270548573647,0.1416700626469962,-0.6665944009538441,0.7271098461308382,-0.7289841929192292,-0.04719811229481138,-0.4057186471819628,0.2610008517962683,0.24087725004938737,-0.12905217328129154,-0.3610506168999443,0.13117489833383625,0.11340831987937092,1.0617966040721345,-0.09017597726681421,0.10156265975765351,0.27082890550730043,0.6018852899394032,0.2352714563658957,0.05618115968849109,-1.7421830078448364,-0.18236591687966872,-0.2889977553212774,-0.11924076506412923,0.40838275501205257,-1.6482970987101329,-0.11684042543030784,-0.030606344678145304
-0.021508388899295915,4.712928919836499,0.8379592557558734,0.08072813128686196,0.14432207667367192,-0.6647103164101245,0.7285700393657996,-0.7362223598790855,-0.03690135363834917,-0.40986078186117975,0.232619025527978,0.2582351966110743,-0.14540965744070083,-0.3330867710459906,0.14748291241071276,0.118678709608037,1.0004460140060725,-0.0782620079745003,0.0987847781210558,0.2823117904991484,0.622560503676107,0.23969057046199213,0.07369251340297225,-1.7573878060338695,-0.17195451167026576,-0.29473501254707707,-0.11838167212961577,0.4130864498502327,-1.6573457737800845,-0.11671386698047753,-0.031526381786165555
-0.023812601077498816,4.727291968322875,0.8400554682130751,0.07888084889421117,0.14655802520937214,-0.6634163481641896,0.7295048361134758,-0.7444464651393337,-0.027028049885690977,-0.40638389585594475,0.2155119890480691,0.2580918925449137,-0.1557854425569112,-0.30795983133893534,0.15935451317673022,0.12280617848427755,0.9420532816073534,-0.06660614502191896,0.09561942861952118,0.2937717842592036,0.64087456973605,0.24274190530223175,0.08854997016165028,-1.7710550630267388,-0.16097200934660041,-0.29851974012297167,-0.11836569090879727,0.4166666276971111,-1.6665959881945376,-0.1168431362437996,-0.032578607735781334
-0.02564338661568032,4.7420347279991235,0.8416382515236094,0.0778763889740581,0.14839733584837908,-0.6620864526936436,0.7304485114729259,-0.7537199411510294,-0.018894023000242222,-0.3933508408025165,0.20802279015719174,0.24341543216447648,-0.1571325530466626,-0.28692818474142007,0.16530795007824178,0.12258004548337718,0.8874565673555311,-0.053734557357534074,0.09390939207366047,0.30300757738837064,0.6553873736702496,0.2438264059796228,0.10015917258863466,-1.7824728108354053,-0.15042748366663466,-0.30139690818019216,-0.11953362799499642,0.41931686985068833,-1.6754505087003908,-0.11735039119633112,-0.033781380741339725
-0.027164973068539804,4.7571427279181515,0.8427713989563713,0.07762668066136034,0.1499362739261113,-0.6604588881021359,0.7316332888391183,-0.762350547253097,-0.011987838276757368,-0.3721833572686401,0.20580658710138866,0.21778599158247555,-0.15109352172020737,-0.2694876547697677,0.16672117283697657,0.11774129197467112,0.8358396177745552,-0.03900212628781965,0.0932177954227416,0.30917743647160467,0.6661802491695744,0.24307749172802806,0.10890986337302934,-1.7917455453305071,-0.1407849976679871,-0.3034250205610737,-0.12161815697711989,0.42144876791232744,-1.6835791422628652,-0.11823666531557922,-0.03499457585411996
-0.028514866280509494,4.772442451185181,0.8433534093518557,0.07810204607000758,0.15112939724100727,-0.6584393631725263,0.7331559047802915,-0.7695190463897792,-0.006537476879891299,-0.3467709477371935,0.20718765370498027,0.1861203804067566,-0.1412532563520245,-0.2551931877360511,0.16496537422400526,0.10947405233729492,0.7875523094136556,-0.023709247128981814,0.09257330149496386,0.31229148437441673,0.6730490875231369,0.24119657336875236,0.11484723164517413,-1.7986743127799578,-0.13249482052840653,-0.3040566567875048,-0.12401004302951059,0.42308537982203837,-1.6910020109701691,-0.11952587180043354,-0.0360425765282861
-0.02977245128686972,4.787845434349089,0.8434707436319243,0.07926146822270524,0.1519852275573543,-0.655997037960963,0.7350414930097243,-0.7747611777242075,-0.002720939330150132,-0.3215342622062553,0.21095719098289742,0.15451052358721337,-0.13149458005887515,-0.24384118389829768,0.1613154119861683,0.09949503671685454,0.7430221491968204,-0.009937584081318084,0.09067257572930443,0.3127195192089875,0.6750881417883182,0.23909036461839012,0.11740073376992355,-1.8024604891712253,-0.12609428794156494,-0.3025418246996241,-0.12613409158233904,0.4237341615429413,-1.6971857357659876,-0.12121753981698878,-0.03674423571279364
-0.030780959734791124,4.803324899491507,0.8431931482112973,0.08103172972792105,0.15246528371429796,-0.6533970707336075,0.7370620489456516,-0.7821012950888498,-0.0012936948194582738,-0.29727263167799506,0.2260128906793337,0.12218721796095136,-0.12329288429715111,-0.23547600527910362,0.15571406182393893,0.08842154373414271,0.7026369969168489,0.0005817028089408248,0.08693114762373079,0.3114688866687142,0.671453017809602,0.2373802343700636,0.11553241595678031,-1.8023979494661984,-0.12229080817591798,-0.29810594882254643,-0.12772801479914547,0.42256705036596937,-1.7017540508812323,-0.12338727183138819,-0.03696162914910342
-0.031590385308597126,4.818872388303372,0.842485265729678,0.08336685133830768,0.152639382525308,-0.6506276587123646,0.7392123082840933,-0.7926034935461038,-0.0017714196230240765,-0.2734189746115642,0.2542327346099727,0.08799696397522201,-0.11533858622704073,-0.23031466528202776,0.14814641786848337,0.07570599078082009,0.666460696711559,0.007827908647322074,0.08186660182429464,0.30857599907576616,0.6622127292593978,0.236179146375586,0.10943333161400731,-1.7987149791537587,-0.12136928359406494,-0.2911118886859764,-0.12887675853748518,0.41966834745981535,-1.7046079219553711,-0.12599411371727753,-0.036805536450207184
-0.03220727213360339,4.834503267133821,0.8413337560408908,0.08610153933477396,0.15258970709040814,-0.6477998346503647,0.7413894256335246,-0.8050935070396579,-0.0033202843901903928,-0.2520631305675271,0.292429051713817,0.05328533839861622,-0.1070749998017486,-0.2283021002594626,0.13961692241863452,0.06276316999587482,0.6347865984928375,0.012515511552420096,0.07525524382060986,0.30422824066982884,0.6484652351092985,0.23522750416130073,0.09972539091074643,-1.7923052878595995,-0.12304100726078562,-0.28227801074794656,-0.12978419032411528,0.41537173253191667,-1.7055472706338297,-0.12887207703735323,-0.03636145178034526
-0.03267875867990372,4.850258926124757,0.839682187989069,0.08899769531226205,0.15237235285817333,-0.6452001011933981,0.743356513211259,-0.8193421096302517,-0.0056339980190729215,-0.23599456515550318,0.3393375157033158,0.018488795950855792,-0.09802454633732151,-0.22935654701302163,0.1313377651375818,0.05190231988019001,0.6082906650381291,0.01576773612836808,0.06679445322838286,0.2990201086605821,0.6317545595265825,0.23418366794544956,0.08741494561583797,-1.7843824330981686,-0.12661209557518469,-0.2725585492497339,-0.13056600103589364,0.4102160509272145,-1.7043396026567945,-0.13178029975075983,-0.035714862443009955
-0.03292825787177924,4.865961391679793,0.8374390747950656,0.09177077676844225,0.15212184687046124,-0.643427948067509,0.7446056297676462,-0.8409010728622326,-0.009294242697981485,-0.2272322817850822,0.4060984934708727,-0.025154577417977435,-0.08451053768559377,-0.23322075783643,0.12386668359324195,0.044558812301283765,0.5866073262968642,0.022987093066108456,0.053022061987507405,0.29521631450456465,0.6112321530773939,0.23363203118666553,0.07143959992688537,-1.7738610412734037,-0.134511057955599,-0.26103253066607546,-0.1313780861701245,0.4035868211418052,-1.701941468584139,-0.13638158581514917,-0.03504678220448784
-0.03327283693367563,4.881622926407017,0.8345966140963675,0.0948467329876687,0.15165447079612962,-0.6416986062816257,0.7458068901701916,-0.8615717609234279,-0.014389020776422744,-0.2248202464525888,0.47633612665390074,-0.0662134170746087,-0.07098470620195026,-0.24168992854633967,0.1165944178738427,0.04054541776920559,0.5725303676803758,0.03263947540789023,0.037971899365291266,0.2898038363052344,0.5889363372579374,0.2321435084056003,0.05424138030290865,-1.7622826527441853,-0.1436739144946434,-0.24911850015040904,-0.13148074422205414,0.3969912759939346,-1.6972721703262,-0.13979606563324243,-0.03415931398910134
-0.03351796412020128,4.897234403397099,0.8310825951490216,0.09791436905350409,0.1510549898190038,-0.6402615546589918,0.7467665686205344,-0.8817468208954549,-0.02024260993647531,-0.2268586882228681,0.5507384615157731,-0.10552257866992144,-0.05891764292865157,-0.25254638293929993,0.1094400171500425,0.03896598101249327,0.5633917690042477,0.03931509251707077,0.022002561591584632,0.2836506603811904,0.5656222118844534,0.23011207872684175,0.03561732879860781,-1.750924494875898,-0.1534570349182091,-0.23633311441328222,-0.13132083851442813,0.3898569847810024,-1.691151957035684,-0.14244115331624257,-0.03307812802084149
-0.03370326206045536,4.913321042399132,0.826470350081808,0.100857179664519,0.15042712050587273,-0.6391203810351402,0.74747886209038,-0.9010961424621465,-0.026213810573458476,-0.23158455287321922,0.6269312446661124,-0.14293723618921042,-0.05113143533108433,-0.26484766929329945,0.10263422325173835,0.03941258920988362,0.5582502160456818,0.033494328580517145,0.007677353704852502,0.27666966293392553,0.5420213504518533,0.22767638740230972,0.01658588333282834,-1.7422604693348709,-0.16265680165431254,-0.22411340886799389,-0.1307463324247193,0.3819705142526709,-1.6840765279515484,-0.14506511829398383,-0.03195463563702281
-0.033774169565843684,4.929329102893341,0.8210122568961754,0.10370954914981999,0.1496209853644259,-0.6383259928896401,0.7479290186609786,-0.9179715299303643,-0.03253720913997103,-0.2382722525376165,0.7033981565873543,-0.1774907722900223,-0.04894652620125142,-0.2748917641785408,0.09577753194549206,0.041593037687628995,0.5522621916909057,0.008936040237039578,-0.004601648090344905,0.26907240222259443,0.5193183580334745,0.2247183777991725,-0.0023265048911636213,-1.7353157173612082,-0.1704480786029142,-0.21100297695547435,-0.1300791432052318,0.3745627638705588,-1.6767627647983279,-0.1482908825512818,-0.030870893808536887
-0.03407102172173977,4.9450014604391335,0.8124090460303219,0.10731637128162999,0.1478271359543777,-0.6377943843130831,0.7482303506736174,-0.932305751175801,-0.041179450158992034,-0.24469428043581729,0.7809478777499642,-0.20650947574974254,-0.05069209716085755,-0.2687825230101757,0.08349779115036203,0.03986108170054251,0.5074661103601833,0.052989488711300964,-0.014616549979694398,0.2594424468023322,0.5012306718774062,0.22022733280018655,-0.017014268713422716,-1.7353286375166546,-0.17346881035652842,-0.19876410313346052,-0.12987689385351048,0.37044213838796725,-1.6734327081751676,-0.15080143275051552,-0.029521797311560845
-0.03446679619032804,4.9600231976049125,0.8048800392903692,0.109265567598946,0.1474491914825424,-0.6380067518384317,0.74784166524539,-0.9463600476550006,-0.04694456991027619,-0.25593483843805054,0.8620033531002672,-0.24090227277378562,-0.05636493723339775,-0.27780416537973107,0.07958489959878637,0.04762271981977426,0.5020665709427113,-0.007670457862737611,-0.025806792513991712,0.2529702245341908,0.4777386762774455,0.21865871744241797,-0.036779177301411996,-1.7306430717347743,-0.1791338401539433,-0.1810228172751613,-0.12865874590806564,0.3629133960985043,-1.6669620724188576,-0.15706759262519443,-0.028701756168460633
-0.034993796129355804,4.974714394332828,0.7980503157222004,0.11163310575863061,0.1467041017154573,-0.6380074487411299,0.7476379147618032,-0.9541775828295622,-0.052130816034868674,-0.26410457262851617,0.9339045906026258,-0.266712673917718,-0.06323723404225487,-0.29425817087896644,0.07547906364523002,0.058835002306684044,0.5101342534670392,-0.08200697264351052,-0.029860175917691363,0.24301184177147878,0.4537108696687243,0.21565207513734277,-0.05540000219223876,-1.7231990734915705,-0.18288205526886644,-0.16598156952834908,-0.1273050826655672,0.35847150492175145,-1.6556793142481572,-0.16150794417811234,-0.027710629230064957
-0.03584708928751369,4.988919619686117,0.7915867221943756,0.11357216433124738,0.14609967128797188,-0.6382512929851663,0.7472560046874336,-0.9585705178191491,-0.0542573406703824,-0.27049983993986293,1.0019169507039962,-0.28840702023193826,-0.0712194554219251,-0.31542710492477866,0.07330618819106946,0.07397099712333063,0.5250971735922053,-0.1515541708603445,-0.026889053084443143,0.231952007279632,0.42968001552238183,0.21332009132885862,-0.0725361181327045,-1.716736064863859,-0.18427824108426216,-0.15174328510870946,-0.1251280308697998,0.35550335875095623,-1.6426091504152374,-0.1635763850050687,-0.02638754400511099
-0.036861094803539905,5.003484274422519,0.7852510840486545,0.11518936719622731,0.1456513984124539,-0.6387157428424557,0.7466989217018055,-0.9608438178564175,-0.05441194214135197,-0.27586092284571984,1.0677970857291064,-0.308100005887904,-0.08102216761161189,-0.3421307056318628,0.07288701953140433,0.09301057582956658,0.5479274354160764,-0.21948648508797575,-0.018877870106347942,0.21985402394647355,0.4044954391879385,0.21148550403022823,-0.08894879761328706,-1.7124135959850482,-0.1829774161312034,-0.13907999712010893,-0.12225612013960914,0.3524184932687769,-1.6284284059669065,-0.16362238536827645,-0.024792623140797904
-0.038389153091706846,5.017899541072275,0.77929585341623,0.1165787238621679,0.14541978355470253,-0.639416828668278,0.7459280172438716,-0.9599295584409764,-0.051993290498543475,-0.27967264040288947,1.1295523405798455,-0.324730161679527,-0.08959786383834913,-0.3707830350061193,0.0739961598538708,0.1124162507000256,0.5720221117746094,-0.279311250296125,-0.01020538418627644,0.20668474694278716,0.37975964140166396,0.20997726600140162,-0.10293630724928052,-1.709715310990411,-0.18093194359381196,-0.12695731284967407,-0.11915083337047185,0.3510835728356542,-1.6134726132386015,-0.1619647214156379,-0.02319731641857495
-0.04010379867318665,5.032615088311371,0.7738989019284991,0.11811094360408861,0.14547706314613906,-0.6405672522982782,0.7446877361568135,-0.9565295601072008,-0.04737210871932752,-0.28090456138720277,1.1863058377675495,-0.3400922186965194,-0.09701960824918188,-0.40304606464518566,0.07629207723115143,0.13117315994029732,0.599087846021163,-0.33449484060607243,-0.004203471900767191,0.19292510904254445,0.3537962874257322,0.20825106022194234,-0.11608561519374593,-1.7069747113379587,-0.17946186713273754,-0.11593132316486011,-0.11652431212629023,0.3503584772913678,-1.597261410156665,-0.15875231922437805,-0.021481076534383116
-0.0419319806329683,5.0472823697811,0.7693059062918323,0.11967497304149148,0.14604795481390884,-0.6425114347844908,0.7426486059324205,-0.9505349662927854,-0.03892801925505054,-0.2790741319877659,1.237431419930237,-0.3542690332952812,-0.10224304941683089,-0.43778945770631794,0.08024612078385522,0.1477080039988558,0.626302570125374,-0.37914469599567363,-0.0023559899543622717,0.1789614666429153,0.3279751405965463,0.20589485059257776,-0.12751490826946726,-1.7042086687410807,-0.18045048249936427,-0.10595177224838019,-0.11448835535328716,0.3511033292400612,-1.5788359913572456,-0.15411214815567242,-0.01977228239120221
-0.04374199831575302,5.061516609505157,0.7653457297420474,0.12118269889690936,0.1468979793433713,-0.6451323176095817,0.7399594785720267,-0.9415481509395986,-0.026915983310166768,-0.27446680084307695,1.283694124018242,-0.3672731014141346,-0.10577514784055689,-0.4748993107379398,0.08571664289597279,0.16266181362309096,0.655133057559923,-0.4139902563077296,-0.0020433833860114534,0.1644597742758843,0.3028608976390899,0.20295468160742208,-0.13717911249730497,-1.7019429582012908,-0.1847641128607947,-0.09658013702230579,-0.11291531741059269,0.35340637540688896,-1.5585433855937316,-0.1480829374804455,-0.01807076874516064
-0.045172998969324474,5.075236832746429,0.7620047947593196,0.12289060030439902,0.14742966955251516,-0.6477195984749512,0.7373070694384457,-0.9285913568621448,-0.014295896329678997,-0.26754230588045813,1.3241850913078927,-0.37800498285841927,-0.10789339334419162,-0.5123512398450799,0.09057149535435799,0.17585672928102825,0.6838978336033718,-0.44118673087885135,-0.0023828229551058986,0.14817920164034062,0.2771074168640098,0.1992038066604933,-0.14686296798979523,-1.6989002756694729,-0.19272576576688855,-0.08679520607493733,-0.11244703660264954,0.3560413124221069,-1.5375025184614741,-0.14027826072929306,-0.016284915358312675
-0.04614609971114636,5.088674640112728,0.7593502057898468,0.12502790553928086,0.14712830918148498,-0.6495278577708145,0.7354147438374589,-0.9112470893448636,-0.00418057883716367,-0.2592892467588726,1.357878831093341,-0.38564521696365966,-0.10876567052302102,-0.5477490584678951,0.09266785115011855,0.18695537564342973,0.7097178977191146,-0.46348625359187107,-0.00279448145941776,0.12915465384204117,0.24868873635931693,0.19485700246930004,-0.15823035040067007,-1.6934848535521974,-0.20398279774592246,-0.07565784196457177,-0.11352306889055322,0.3576027021472502,-1.5171336345412343,-0.1299776858143607,-0.014370899197128353
-0.04658616188579891,5.101900969448906,0.7573036907408587,0.1277535216549667,0.14580844537676788,-0.6506439642315776,0.7342216060363399,-0.8892463523578414,0.0031062575624745577,-0.24886366527331882,1.384542115911327,-0.3911112241251342,-0.10832051923913127,-0.5696434526945487,0.0887017682614943,0.19293044493034406,0.7096025267978422,-0.49453808946510946,-0.002724262156126397,0.10806461083782858,0.21759063757815122,0.1898029433048151,-0.1717952768487256,-1.6857749972233846,-0.21866947258379987,-0.06157642799738191,-0.11694504798233606,0.35733073960422806,-1.4998413735232448,-0.11532912652543538,-0.012326046830498025
-0.04691708084598396,5.114869775350815,0.7559730016618347,0.13063705329574904,0.14381478800721245,-0.6508524503945288,0.7339225809798211,-0.8630710375074478,0.008510566455028278,-0.23799104507736674,1.404299576581496,-0.3949350630252948,-0.1060017127543476,-0.6030591199555414,0.08511572611242854,0.20074398121607043,0.7343083983926824,-0.5065736216531205,-0.005003998673326801,0.08469360285333562,0.18322188434798,0.18493606730698475,-0.18759703186995058,-1.6753421473427061,-0.24205526508584044,-0.044547865680994,-0.12160354162659634,0.35505211969001454,-1.4847972638183595,-0.08968814211480501,-0.010530467175668953
-0.04708796480043509,5.127871470010164,0.7553801850023427,0.13358409125682463,0.141562135504181,-0.6505749918148359,0.7340760399166498,-0.8345481749766762,0.012322066379695983,-0.22758867827658155,1.4181081545708085,-0.396024611854531,-0.10319119619957878,-0.6343198449789591,0.08015466555421114,0.20756198393387443,0.7545187688843958,-0.5125105952814762,-0.0072005629943579065,0.05992396160765366,0.14683471989771157,0.18065816124369705,-0.20528268800127009,-1.6643312364208778,-0.2659300674939838,-0.025742275817502706,-0.12738662547363286,0.35089632536976506,-1.472219578278396,-0.0622962608865139,-0.008674992479298605
-0.0474092747486917,5.1408627159079625,0.7558483525035942,0.13624963996706485,0.13926299742960935,-0.6497575266372118,0.734749623840706,-0.8046103051487365,0.014350527802476297,-0.2199098672796899,1.4260676078870433,-0.3927541426551684,-0.10017536648055168,-0.6633103144569109,0.074834543390313,0.2133781791339314,0.7704796463073534,-0.5115882290679843,-0.007505183723527027,0.034063976977682854,0.10793994644289281,0.178315916780594,-0.22525586059725147,-1.652046135658112,-0.28728924250958404,-0.006436483308681035,-0.13329225014486723,0.3456024805510149,-1.4605595713453192,-0.03788134239996464,-0.006656698310788979
-0.048069152920275936,5.153797384719025,0.7571606879016135,0.1383657749731908,0.13715387493262807,-0.6483934155186662,0.7359549616784113,-0.7741446676228753,0.01512853488929391,-0.21616378934836136,1.429205487484232,-0.3856334270072764,-0.09780106998542658,-0.6905814910709286,0.07032049547738227,0.21808234021101564,0.7835052029326698,-0.5030779406456619,-0.005847993915791612,0.006704334715716361,0.06765854729467118,0.17913913234206677,-0.24728212046754372,-1.6412162381511268,-0.2996045224648219,0.012552743262827057,-0.13894280508062842,0.34021498144625917,-1.450540143932346,-0.025394793076235288,-0.0042855225696844775
-0.04884562483007918,5.166625326474549,0.7591703828399418,0.14004509038268523,0.13501249439403049,-0.6463933286469976,0.7377903927931444,-0.7426273997384053,0.014246266171677227,-0.2157185039941505,1.427396957932097,-0.3749433538671626,-0.09534631812632823,-0.7158438561933832,0.06551280504035235,0.22112883717241916,0.7935616711008098,-0.48814326680452613,-0.002958804843672497,-0.021687268894957885,0.024051494177272995,0.1826573985456644,-0.2735069482454239,-1.6299924772266792,-0.3076045559861867,0.0326932057576146,-0.144843993631131,0.33349899578834097,-1.4440512608522689,-0.01925735041825796,-0.0018981391410615432
-0.04931965805779707,5.178893912469009,0.7617285077012163,0.14155282334575056,0.1327359741242844,-0.6440529490918985,0.7399592949224659,-0.7097231207419877,0.011477199053823876,-0.21716106187068976,1.4204554216229466,-0.3602732290545987,-0.09218227310735973,-0.738039285244657,0.059469733711021946,0.2233585623944915,0.7990047639579304,-0.4687848428886549,0.0009900105092631257,-0.050152712041449506,-0.020116182338115716,0.1872060832191604,-0.3032909969037829,-1.6198417248970778,-0.3114561619000068,0.055333818224382665,-0.15194023113278415,0.3250624011013027,-1.442071365424729,-0.01882713829146747,0.0005195662784639133
-0.04939553571252116,5.190916134644528,0.7648072034151412,0.14323448228543753,0.1301946985400249,-0.6416777279519571,0.7421475035374767,-0.6764490623364445,0.0062730560052526385,-0.21946022279109273,1.4088910682913374,-0.3420251921603567,-0.08716861117278066,-0.7568603631420642,0.051450098501755,0.22588385177092268,0.7984241518193653,-0.44742283793782456,0.006295168675648464,-0.07759047790999159,-0.0636719204173378,0.19103171069747607,-0.3344728875062357,-1.6106674273988477,-0.31247426552748186,0.07952079189919792,-0.16019893427287424,0.3145016999648338,-1.4434632678849875,-0.02138566515589501,0.0028683151870598678
-0.04909970802031572,5.203001674843051,0.7684065501433185,0.145108530382825,0.1271581722362503,-0.6391607411682719,0.7444782472261351,-0.6427527134561176,-0.0020118601598176546,-0.22285145091113492,1.392790906802396,-0.32094795765194334,-0.07913197193514976,-0.7717711025959366,0.04077043352504324,0.22868596103950684,0.7913246670248689,-0.42510539498764105,0.013425777671918812,-0.10415527697052052,-0.10671713443615276,0.19393749619048023,-0.3664145180639505,-1.6015552757891685,-0.3116806961623398,0.10468664550227134,-0.1692095643976115,0.30148877127688956,-1.446653544050869,-0.024485716030365038,0.005088523727484007
-0.048405841786934904,5.214979482527182,0.772546638903678,0.14702306777133972,0.12370589943340697,-0.636410974042407,0.7470355681671864,-0.608192183110982,-0.012844057254924133,-0.22770981924258946,1.371833024508103,-0.2972184773530334,-0.06864021251545137,-0.7830808224788323,0.027857979551487236,0.2313758796881185,0.7786395813121734,-0.40057970141218424,0.022126439767615885,-0.13030965246550788,-0.14899126475791216,0.19638389807868553,-0.3995400189418007,-1.592797592436718,-0.30932886219673766,0.13108573030400983,-0.17856777611940422,0.28617158362222583,-1.4509519286469614,-0.027424814343144515,0.0071386334298004315
-0.047236666323325724,5.226164691910448,0.7772750071602079,0.1490418246804976,0.12012368512969042,-0.6337930349906278,0.7494419414231764,-0.5728362880081235,-0.024859356659744973,-0.2329832652396103,1.345785203485386,-0.27016678727482785,-0.05723294998948034,-0.791373563068996,0.01373603390668322,0.23450521764509838,0.76090310826466,-0.3724425702999688,0.031901041288929816,-0.15548276231156052,-0.18801326063017343,0.19801238104028074,-0.4328488346458711,-1.5864109208196067,-0.30610888207907544,0.15912364860661515,-0.18820905949618777,0.26928645847677973,-1.4563810535847328,-0.02950813459247207,0.008942427811284896
-0.046062361437423066,5.2380838460949715,0.782114560699434,0.15132422358890768,0.116877931304152,-0.6318129904125399,0.7511676734759293,-0.5407370058148907,-0.0370368640814342,-0.23821058956888555,1.3183337119230696,-0.24263126103720478,-0.046385888937964324,-0.7998478552640066,0.0005537645919956194,0.23957123051497245,0.7400509658795994,-0.34166509577025694,0.04225815470801257,-0.17867502929739437,-0.22506397487307964,0.1977087611338139,-0.4619927581600913,-1.5826989805408795,-0.3026270894425018,0.18461089973644923,-0.197126992543537,0.25181683377091796,-1.4629850297564397,-0.030273176182020405,0.010453668017652431
-0.04464070817514,5.250513228750959,0.7871810393545656,0.1539097297621733,0.11395179832482086,-0.6305026414355006,0.7521922639099202,-0.511107301419191,-0.04944761381171944,-0.24257301752783855,1.2884213320549331,-0.21335289494876508,-0.03559553735137247,-0.8078455293673363,-0.011919709539794012,0.24673136876703392,0.7148203357985919,-0.30749013235231437,0.05305708169226812,-0.199818029554364,-0.25889257358979545,0.1958306379774918,-0.48751097672777366,-1.581610841957176,-0.3003808130815939,0.20852151843738012,-0.20575637140775305,0.23354599663765496,-1.470472211429871,-0.02870219146039752,0.011719447531135557
-0.0430311611721131,5.262994301096179,0.7924736324352597,0.15668528901502424,0.11117595888464264,-0.6296753773274868,0.7527274045495127,-0.4827263597830985,-0.06223043926243655,-0.24635850665476539,1.2552117748829397,-0.1815749521185431,-0.02414790566758177,-0.8142879279022502,-0.024174861066548314,0.2553737761855128,0.6848884763304915,-0.26984823784973405,0.06466067436944707,-0.21921667527650468,-0.28919394456444397,0.1932470182304315,-0.5104156643883023,-1.5829010202149847,-0.30008200106084065,0.23201842475310486,-0.21400373072756,0.2145553691546529,-1.4787088434434352,-0.024206264076430707,0.012811492664006162
-0.0414062929893887,5.275372931877096,0.7979674611845048,0.15953840004543685,0.10854337759935954,-0.6293228738096853,0.7528071164582492,-0.45493102629553317,-0.07490221503799828,-0.24982588369053296,1.2186640115911087,-0.1493467424603538,-0.014444764025647101,-0.8196139457250556,-0.03586156609884657,0.26500018684499704,0.651867751462731,-0.2287365863276705,0.07677398950733645,-0.23702719939030012,-0.3155346213400824,0.19011946541833952,-0.5303646978602027,-1.5866115469832514,-0.30088267016846865,0.25471244352655664,-0.2213397005109359,0.19542932672537702,-1.4871481931409498,-0.017564028831225507,0.013771866413064812
-0.03976212042633523,5.287759422218715,0.8033954686612523,0.1623436204264606,0.10602984739702531,-0.6294386364210408,0.7524687524065128,-0.4272615313647305,-0.08722642951346762,-0.25338853374440545,1.1794954083473794,-0.12006965845049734,-0.009589799648104802,-0.8248380816234383,-0.04665262117116565,0.2753083056761664,0.618160535554089,-0.18488585070788185,0.08885312785041029,-0.25344511489612537,-0.3378747336619505,0.1863132118284224,-0.5469581337572419,-1.592929289963592,-0.3007673811341946,0.2759793221180716,-0.22752444786760004,0.17644024252172322,-1.4958491034035624,-0.01071882066092045,0.014681803025410299
-0.03808547363592422,5.300242931917441,0.8086392042621992,0.16509809005484,0.103635957062856,-0.6300618063582974,0.7516810023091105,-0.3990280975917051,-0.09944610626488207,-0.2577261434516799,1.1369529951333701,-0.09553888364215961,-0.01246327055863618,-0.8304740131031673,-0.056421938468634615,0.28636149052932586,0.5844360783018844,-0.13772627468871995,0.10025773703055145,-0.26845681983421565,-0.35607047499104494,0.18197662089116953,-0.5599704267549724,-1.6019310956589603,-0.2977122826411198,0.29544931793406476,-0.23242794923485138,0.1577515463408369,-1.5047607417978839,-0.005497424627085764,0.015567396777950639
-0.03634722569969383,5.3127600622196995,0.8136629440334118,0.16786478035888674,0.10138348485120717,-0.631129767166171,0.7504785283479218,-0.37030208724084196,-0.11173645328783227,-0.26294395659061387,1.090595444592939,-0.07491322538018169,-0.021429779861614123,-0.8361912889011375,-0.0653450901158282,0.2982726601643804,0.5498858807335928,-0.08753681890361185,0.11132198311155928,-0.2820595529684939,-0.3703415456724511,0.17743552383339325,-0.5699027687436832,-1.613507212047124,-0.29116667622825315,0.31337735496800023,-0.23631195420098788,0.13934109569123698,-1.513922300966023,-0.0024219011921091504,0.01644176340156707
-0.03456698443600861,5.325359315048077,0.8182762156058384,0.17061481910808643,0.09930538740973735,-0.6324890530888428,0.7489904013102541,-0.3422139645833394,-0.12365133847587606,-0.26849365335674,1.042176942451358,-0.05748752539378967,-0.0322590938819006,-0.8419125897400163,-0.07348564706997644,0.31093478071428016,0.5148240494730284,-0.03676875865431071,0.12321021440888663,-0.2943849592027004,-0.38139569591738853,0.1727858424839621,-0.5771498994313384,-1.627255491032153,-0.28147678959599276,0.32983298410697864,-0.23941025627875984,0.12140929192270808,-1.523449958386623,-0.0014203801509720588,0.017303517868973915
-0.03274828674180759,5.338084440832368,0.8223965320615078,0.17332031717111396,0.09743358309383023,-0.6339632481690974,0.747366954388598,-0.31603389800385695,-0.13468420107213203,-0.27351155314642756,0.9938322991339722,-0.042253039535576804,-0.040379007180610375,-0.8474061341923149,-0.08108111188606996,0.3242376208372179,0.47931384676946315,0.012208409972432319,0.13727651710058225,-0.30559695320563923,-0.38992317455528214,0.16796988244077235,-0.5822468466862668,-1.642315364534222,-0.26970645631020534,0.34471406350571093,-0.24186748767138327,0.10424852527059102,-1.532922622531912,-0.001929435587359341,0.018119044571831038
-0.030863363528269315,5.350973578378177,0.825899334225175,0.17605209399299085,0.09574918438157977,-0.6356283035917568,0.7455296195081788,-0.29225472501201677,-0.14520724619886724,-0.2777446559786075,0.9464753947175711,-0.02872547156173989,-0.0440865571439628,-0.8524813332642535,-0.08807274147095194,0.34024312504329113,0.4416323401452951,0.06168265518734583,0.15636243987986034,-0.31550387739512603,-0.3958856739710321,0.1627049952759802,-0.5850727985782596,-1.658587032209271,-0.25641011485689036,0.3579947903258827,-0.2437347010907896,0.08794776073627496,-1.5423829221741883,-0.003585326755057386,0.018849103810243687
-0.028946589431524616,5.363889777101802,0.8288141931931493,0.17875010954090537,0.09430104430890703,-0.6377649609525805,0.7432439478142534,-0.270088841826402,-0.15487522387271724,-0.2806884515591218,0.898792572193891,-0.01588960679864154,-0.04530577115580152,-0.8559762290027992,-0.09449754635214208,0.3590706704107926,0.39974657421888604,0.11449472373121786,0.1812566790736773,-0.32328947532603686,-0.399081399900939,0.15727094092840133,-0.5859688310378184,-1.6759401903283904,-0.23723255195937015,0.3700834074549311,-0.24474843968797722,0.07238111039890387,-1.5517066693327284,-0.0067094655450116465,0.019455064150474762
-0.02702671840538653,5.376730660724941,0.8309509843399072,0.18136989799832048,0.09293518588750681,-0.6394110094033482,0.7413646689571363,-0.250460131935266,-0.16369351752633154,-0.28386403513649544,0.8532277407272412,-0.005501435322587734,-0.044810150156457694,-0.8620806181145182,-0.10112070905158475,0.37595045921073883,0.3652424049392076,0.15642647873149007,0.20306740898091197,-0.33162600253221364,-0.39987313513623735,0.15147544743508498,-0.5852222614310955,-1.6940792966954843,-0.22345820655688964,0.3803454607356421,-0.2453225603149716,0.058258971118403835,-1.5600717597599487,-0.00988977373324926,0.02007992127030514
-0.025253203947143373,5.389804155537059,0.8329504281466036,0.1829620426993635,0.09252618564867361,-0.6415666878615376,0.739158968644066,-0.23398728376255584,-0.16808448497780748,-0.28367536511032576,0.8104938814285854,0.002661247450393331,-0.04386761114234241,-0.8917428997335589,-0.09549850420495663,0.3985132191620698,0.374008877641818,0.19164348775979362,0.22367054240008724,-0.33674015958909054,-0.40087685820106306,0.1455126338774024,-0.5848904021828031,-1.7079246908480117,-0.21477649861913092,0.38627864520226207,-0.2438652788157817,0.04647726609890885,-1.5625338264795938,-0.012474291631051806,0.02021477843217565
-0.023776817502719615,5.402899794611715,0.8342357793907494,0.18483754770786623,0.09215254756174387,-0.6434048464663307,0.7371385164803557,-0.21973836122426954,-0.17097310841673122,-0.28071657829374574,0.7688812300496118,0.011913205753680933,-0.042674531983034454,-0.9099955562013211,-0.09584564912254276,0.40749567846060175,0.3704940583228421,0.20659313107124097,0.23862222563908161,-0.34169210895024166,-0.3991562447599758,0.1405622099259909,-0.5824634896245815,-1.7232557812690612,-0.2060743172963959,0.3916571289551044,-0.24156536712673243,0.03617471691134511,-1.5667471877383852,-0.014801046545795532,0.020349778310727883
-0.022554944780781985,5.416175335139332,0.8348633606431987,0.18649284560260587,0.09212297661351236,-0.6451772772228485,0.7351734874668838,-0.20781603396100304,-0.17172186514436769,-0.27490946863677324,0.7290251708707436,0.022006586807020646,-0.04108758915246536,-0.92465963629513,-0.09773080060910841,0.4067478012899915,0.3669704004660534,0.20680615971361618,0.24833967276086683,-0.34580255377712754,-0.39568279861239763,0.1360182967110369,-0.578464245232953,-1.7382945860958257,-0.1981386586476475,0.3950894893317607,-0.23824702487601818,0.027657258847036213,-1.5703995767774368,-0.016528384816684553,0.02049809933038299
-0.021551209670951844,5.429623988538896,0.8349714792336265,0.18793569896847148,0.09250418197494654,-0.6468577993098955,0.7332790306850026,-0.19836980824853861,-0.17092622610481362,-0.26735175815214335,0.6912400430257823,0.032910942090695276,-0.039509836140722766,-0.9395943686388735,-0.0993407079335953,0.3992254732149741,0.3697933925566141,0.19615820563942174,0.25237193558640497,-0.34891700305768736,-0.39080990506773394,0.13196848609762998,-0.5735197655727438,-1.7522205078811695,-0.19121615431673766,0.3962534940496424,-0.23392262503284425,0.02094615300709201,-1.5727301819933648,-0.017844021836286996,0.020612522496009922
-0.02078519302262016,5.443368360872634,0.8346332921860133,0.18920098950053585,0.0933396184421635,-0.6484053021749439,0.7314788208229336,-0.19200362525260842,-0.16929517144203815,-0.2594589947987736,0.6566835055838187,0.0441338474176604,-0.03827103569673716,-0.957289641437471,-0.09960116287025181,0.3875798543016853,0.38326545248990934,0.1784847320207145,0.25000604549268546,-0.35095060771304737,-0.38504567412478846,0.12847286871944563,-0.5678478708231314,-1.764211600197889,-0.18516604424689243,0.39480434337494125,-0.22868209386152455,0.01619622529944748,-1.5735576870421681,-0.019313064278968665,0.020660619716592256
-0.020233556937065453,5.457334914385361,0.8338274996990065,0.19030085786294404,0.09464581887946205,-0.6498355231613481,0.7297544417835913,-0.1889490740194837,-0.16687552250408458,-0.25130193159569053,0.6257156277549221,0.056305742582014526,-0.038464336514133134,-0.9794096790033635,-0.09848176117508835,0.3716299845406573,0.4109212188373363,0.15459548102109422,0.23944684478205253,-0.35177949069709025,-0.37830846287455255,0.125422684828338,-0.5617458006972407,-1.7741595660522653,-0.17986601225777965,0.39088093245637145,-0.2227111750006331,0.013351382778184052,-1.5730225920300172,-0.021489975449340757,0.020631614504057583
-0.019755285490768423,5.4714930905130705,0.8324888889402579,0.19127783067761503,0.09631408049729032,-0.651101206196505,0.7281508145148804,-0.18895382147845427,-0.16390049291385222,-0.24254451260121565,0.5981239505074403,0.06956064867104667,-0.03981413103446128,-1.0059144734464511,-0.09703063881282702,0.3515777875354406,0.4526779216658869,0.12417212386462123,0.22097109376907997,-0.3516634343990078,-0.37055357539331907,0.12247601171138657,-0.5552520835145446,-1.7820481265552834,-0.17540911661836903,0.3846591786434013,-0.21625688948072352,0.012058082968480648,-1.5714821293074859,-0.024626138418903726,0.02048780886786118
-0.019294496102990853,5.48575088077646,0.8306321028084631,0.19216795684399743,0.09818143110291695,-0.6520617925322918,0.7268062339224683,-0.1913713809041591,-0.1610179768947057,-0.2340747048345992,0.5736929143405693,0.08272291083070414,-0.04017583359813283,-1.035482930503092,-0.09598147692137428,0.330731023697569,0.5056616781058169,0.08961190571334526,0.19753054679044477,-0.35113533763643995,-0.3617968575345302,0.11961508343399976,-0.5484383077700784,-1.787754531859141,-0.17181126834668684,0.37662400259024703,-0.20949925268555553,0.01207202830919961,-1.5691567503852268,-0.028852914750273996,0.02019333687904357
-0.018813872631079646,5.499983364252919,0.8282327931837727,0.19298658167761734,0.10012879840544407,-0.6526541381831396,0.7257912778028505,-0.19565400817987502,-0.15878748577010793,-0.2269020319859916,0.5525497917663581,0.09383968441540558,-0.03721820703225239,-1.0664638260171624,-0.09526672401807171,0.3129623863034704,0.5661168851797957,0.05426379272861244,0.17270309040606566,-0.35059787492062006,-0.3521410706150797,0.11689633714816972,-0.5413279233285512,-1.791304489933315,-0.16901226089089888,0.3673356081884083,-0.20264131043592362,0.013162287900070414,-1.5663282685253288,-0.03423533378238365,0.019763538702501054
-0.018431097832752204,5.514349838277318,0.8252840067560843,0.1938085592532127,0.10228342914824456,-0.6529433158271621,0.7250112887386662,-0.2032090199186368,-0.15736010613901405,-0.22117203394327478,0.5359543576564841,0.10422559937261985,-0.028229967832082425,-1.098801681029362,-0.09400039637604038,0.29954255421507764,0.6328526830258928,0.019815921673526957,0.14658350040857382,-0.3499109748601285,-0.3418337804017912,0.11442094346043925,-0.5332284752420748,-1.7926258414780745,-0.16687187092598998,0.35637005168852337,-0.19558260663556148,0.015693287322043163,-1.5629990168812524,-0.04091934786193355,0.019176829856428306
-0.018118456869061217,5.528783200374089,0.8217509797620399,0.19461101169729064,0.10464014958329453,-0.6529818457602203,0.7244250840003534,-0.21399010757253464,-0.1563690604364021,-0.21637457276626385,0.523775628203404,0.11431362617523817,-0.014200283655477989,-1.1325689840899618,-0.09222241322184772,0.2894376285951963,0.7062775923427275,-0.014222326712537231,0.11813040952392896,-0.3489587411076469,-0.33072364954582323,0.11211623986406762,-0.5241971975583559,-1.7917651614498502,-0.16532761996731501,0.3438611255905901,-0.18842280057581737,0.01952947273756915,-1.5591738490104363,-0.04899929948736642,0.018480838530534678
-0.017922757724285122,5.543232572936145,0.8174602629710501,0.19525413097157854,0.10696323097004123,-0.6527498381258892,0.7241217717936737,-0.2259895242055957,-0.15536798666639684,-0.2128541909536396,0.5150632935219832,0.11867818750774894,0.0010868168240642769,-1.1662458285192951,-0.09033837842266933,0.28244016823270457,0.7843692429361895,-0.04782379757124832,0.089935557222344,-0.3478761846866811,-0.3187744435238266,0.10992444646701982,-0.5143187563608361,-1.7889888909178957,-0.1643450302015964,0.3307064994813685,-0.18135148842227028,0.02438293526446119,-1.5556060563702063,-0.05828135320483975,0.017747797694088227
-0.017939032391004327,5.5578077577270735,0.8121216753503904,0.1955980439321243,0.10900444339610205,-0.6522371540147969,0.7241865308416828,-0.23690224603063686,-0.1540974949274292,-0.21141559674449117,0.5088492383626646,0.1093847755528167,0.013214308179040695,-1.1978827297001406,-0.08865436800185549,0.27841137052550474,0.8640311581987139,-0.0808294691671092,0.06553283602126711,-0.34676114206542136,-0.3062039695473487,0.10774495292318897,-0.5036323729834308,-1.784758045370176,-0.16387227950871006,0.3179168526730349,-0.17455018890783056,0.029922688752387704,-1.553437745206741,-0.06833026552670228,0.017049574329231102
-0.018190528892195586,5.572003155668904,0.8060414768178024,0.19544121716804377,0.11076432551981334,-0.6514038270590052,0.7247117005519483,-0.2435757176238241,-0.15167381618867484,-0.21234051364892634,0.5020793329603881,0.07966516371136323,0.020374534511398045,-1.2255383987231698,-0.08702611288735783,0.2766206798922349,0.9436051535068909,-0.11271253673673995,0.046448742343878476,-0.34590428605308565,-0.2917419076831618,0.10587506222723157,-0.4931291387163787,-1.7792012798327532,-0.16418627702737756,0.3064265487815717,-0.16786405745915597,0.035922206954068135,-1.551588689694459,-0.07884085398478421,0.016408179557377008
-0.018305199731071736,5.5858209554585345,0.7953582827069758,0.1939898631636086,0.11287057313984204,-0.6504034825744878,0.7256744976667066,-0.2330796251777261,-0.14339069695812132,-0.21369387138108747,0.45683373940576383,0.11272456290366081,0.023012814050658914,-1.2533837492565016,-0.08289624140921584,0.2765464349655116,1.0315262710387385,-0.14706143223555215,0.03172842050382115,-0.34448331771170526,-0.2779091714376075,0.10400756514948326,-0.4843505336657163,-1.7785255004388048,-0.16466480417885807,0.2997496473377685,-0.16129079263557392,0.039607326402682656,-1.5585669689203245,-0.0899411438176661,0.015704301146370104
-0.01828589677477371,5.598764636823713,0.7859833663043831,0.1940160206618206,0.1134973104548762,-0.6483191080810947,0.7274327998811958,-0.23677776651835974,-0.14301314014714392,-0.22046709745504545,0.45328863471547054,0.040303628891781546,0.02363776359458871,-1.2762080029729361,-0.08337156150978796,0.28009079245935103,1.1136290580895223,-0.18262128374503048,0.017788425765916334,-0.3463044915385968,-0.25793861233836846,0.10261959959194869,-0.47368058368579097,-1.774078316163193,-0.16695481688551964,0.29071583484934305,-0.15628859550671592,0.04571156501169129,-1.5603315514562193,-0.10710642881297414,0.015373734789171334
-0.018023524190316827,5.611361116985287,0.7774037116327878,0.19371363486458534,0.11437546743122781,-0.6467696397208821,0.7287539456172842,-0.24595779295453735,-0.14374990941081298,-0.2287339749762679,0.46085520928410334,-0.04361795655274081,0.021244758154047645,-1.2924590666927382,-0.08299970410105204,0.2834731928966959,1.1866437953290785,-0.20925636429593616,0.009428677085429169,-0.3447524411578744,-0.24055923927466213,0.10100134156498247,-0.4656378193833055,-1.7635970830010619,-0.17042256344344434,0.27999530918159643,-0.1516671414434967,0.051603511811174715,-1.556836363703212,-0.12234386315907578,0.015099056289240001
-0.017416002169266375,5.623606799750547,0.7696066377151809,0.1936045591033878,0.11478626524582522,-0.6450172638609224,0.7302698934823126,-0.25781015371808164,-0.14701716385007185,-0.24064096937755214,0.47142509012781186,-0.12083852108165344,0.013600262370116665,-1.3043774068081624,-0.08375765909584279,0.28845587316994287,1.2543083532940014,-0.23044782563369087,0.004595125447518864,-0.34198149988422194,-0.22528517698385675,0.09840060005634235,-0.45958347730092786,-1.748936766683689,-0.17404196720112583,0.2688015842028561,-0.14793612820256605,0.05660715833837578,-1.5512034331696638,-0.13581197885411778,0.014560450909038031
-0.016474383594380505,5.635540805049194,0.7625367846264717,0.19359980051106515,0.11474554642522919,-0.6430065191711106,0.7320486275658907,-0.27163976848431004,-0.15236770310573547,-0.2558291874028006,0.4845442643757872,-0.1932318688107687,0.001062889407830374,-1.312394409770895,-0.08527731568071294,0.2949014837516012,1.3183400710460214,-0.2481692010552998,0.003245811420353404,-0.3384543519588227,-0.2115845981465902,0.09498529731091561,-0.4551435583733756,-1.7314891119141447,-0.17723355507623872,0.25745168748486863,-0.14504712438347336,0.06079299916089428,-1.5444154345310592,-0.147609615540538,0.013822025301290194
-0.01538334721090965,5.6474973984539005,0.7563887092387818,0.19380040587104003,0.11459495629184033,-0.6408629869684301,0.7338964713163526,-0.2874391322231148,-0.15892933973459547,-0.2714205413094268,0.4986476522638621,-0.25957830852587144,-0.01193477803398746,-1.3168775559783665,-0.08732932559866828,0.3011255763217991,1.3774844090183511,-0.26348653233962904,0.003976449362591997,-0.3340348885915099,-0.1991037169834493,0.09152344069091477,-0.45141183256580275,-1.7122694681172497,-0.18012114658960834,0.24495909895857285,-0.1424783052844173,0.06482897032420618,-1.5360026671747702,-0.15735162006680078,0.012878971821466823
-0.01416370098113263,5.659519773475264,0.7514153503945165,0.19428785221731812,0.11465162501793734,-0.6387357585794583,0.7356112193770925,-0.3045465565933199,-0.1658212407668303,-0.2841737293542526,0.511290086982354,-0.31743357236291814,-0.02091543041713314,-1.3179386853175623,-0.09023595845560933,0.30532032099934847,1.4298659955805457,-0.2772005269855581,0.00477085715624015,-0.32861549736053147,-0.18705156840538628,0.08876125709707221,-0.44820610250539705,-1.6922086427142187,-0.1835162328956362,0.23071582214722544,-0.1398472615152224,0.06893596955102697,-1.524951994147764,-0.16436235005577232,0.011800280429826657
-0.012789377331315202,5.67128854416816,0.7474717930014011,0.1952399787384572,0.11492455175753226,-0.6363189088520181,0.7374089396955499,-0.32321912473494857,-0.1735022574959661,-0.29365570280809433,0.5225405511914863,-0.3649705995450294,-0.024501972082484245,-1.3160336227806144,-0.0951253608960504,0.30711841477781743,1.4755613816621642,-0.2904953930989304,0.005216966215768327,-0.3227566622823541,-0.17474705822634107,0.08695517900369634,-0.446099466230568,-1.6722894035909535,-0.18814888076390826,0.2155347668406951,-0.13738274422120614,0.07282056560570638,-1.5117444977922434,-0.16772561793250917,0.010663775396047107
-0.011529332611501755,5.682672650667665,0.7443010613349299,0.1965152223693462,0.1152774357671821,-0.6336247593350228,0.7393324993111725,-0.34349178602266267,-0.1820197980313524,-0.3010065723730315,0.5337639107891586,-0.4037042147128084,-0.025115686059442206,-1.3110057698539956,-0.10159395250422035,0.3069003643454133,1.51545112439049,-0.30378417377100486,0.006402820500221956,-0.316385158157638,-0.16201617582017297,0.0862671647044068,-0.4446278819315219,-1.6528014800041286,-0.1941193225850243,0.19974133656479684,-0.13491769871320652,0.07691718308996565,-1.496995468153105,-0.16697308352029236,0.009470158455080197
-0.010484583493506578,5.693525556014683,0.7419149198995334,0.197691296883015,0.11573865499465043,-0.63133094430343,0.740907520303095,-0.36352661431089006,-0.18990368925810328,-0.3055651083665615,0.5436228674034695,-0.43547521921962795,-0.02432398904738911,-1.3019976215765254,-0.10802020176046656,0.30452808583209146,1.5489981489851588,-0.31612171685768964,0.007916437933865537,-0.30856866760034085,-0.14835093380485828,0.08702816361612074,-0.44316167145162055,-1.6341757838648316,-0.20154825814986055,0.18299374696340626,-0.1319771087902643,0.08166915036499914,-1.4803031119434742,-0.1624961104040798,0.008252035310617705
-0.009857463932201733,5.703768246257965,0.7402093872423557,0.19835470571692904,0.11631487674865364,-0.6301678239463296,0.7416298091565932,-0.3815518767130149,-0.19549816322383048,-0.30662909770297353,0.5509431210666332,-0.46238648891238276,-0.023201868670282403,-1.2885292305318732,-0.1125526892493307,0.2999736982919751,1.5759759474360004,-0.3266960511643475,0.009329016437319846,-0.2984079691021698,-0.13283584941277862,0.0897318862659738,-0.44048292562313857,-1.6180477815224619,-0.21039027359993295,0.1654225318545455,-0.1282964159473444,0.08786187997362545,-1.4624642954079192,-0.15544415935016886,0.007071183794101379
-0.009433316566429359,5.71357380204637,0.7391207869817084,0.19843238246742914,0.11694623893029699,-0.6303722494572909,0.7413359521178733,-0.396548048779319,-0.19832248003878708,-0.30351537035956333,0.5542188882292408,-0.4855762795359016,-0.021625444481085943,-1.2706451200227877,-0.11435917437932776,0.29404147424028043,1.5962510063213753,-0.33552471980196036,0.010313482955145887,-0.28578644552589383,-0.11518845325589515,0.09422092255517964,-0.43612513671238046,-1.6056555320954073,-0.221162457354534,0.14695707653141948,-0.12415111124450767,0.09518260305787274,-1.4443150873955408,-0.14661035847162546,0.00603112154109003
-0.009146534882062813,5.722983447500982,0.7387609786763524,0.1981707364905509,0.11760535121119427,-0.631570912637987,0.7402807054590206,-0.40896209932255223,-0.199015176003256,-0.2969359683155457,0.5532408381260385,-0.5041592953893738,-0.01898395713586641,-1.2488451414766821,-0.11437587355995045,0.2869603996144595,1.609727170770776,-0.3429462452129845,0.011076603037503336,-0.2713387316949991,-0.09536884253867234,0.10039848227879195,-0.43023280438025147,-1.5972517027130855,-0.23399338269560319,0.1279519922774864,-0.1200172580784809,0.10347703660724078,-1.4262034179903573,-0.13634666183963234,0.005096431215751558
-0.008860653491370413,5.732134441112794,0.7389779142639463,0.1975890151019682,0.11843231726536983,-0.6334270736624316,0.7387167993823056,-0.4093951206833329,-0.1948376578824689,-0.2864624171527056,0.5260695816898537,-0.5288176392258169,-0.017298031584460735,-1.2244320144526868,-0.11388349970743852,0.2782998215884896,1.6170004807565257,-0.349179646940894,0.011055413142502133,-0.2555268821815176,-0.07433272861058851,0.1080385036068453,-0.4235000644588216,-1.592652919414396,-0.24756399853721717,0.10875867866875538,-0.1161479879655384,0.11221132821927453,-1.4087559696973178,-0.1260332557217666,0.004074042739561647
-0.008531692638081241,5.7409494310893825,0.7399063461280093,0.19715464024331433,0.11906433576343901,-0.6358741207324597,0.7366259799670805,-0.424615216958496,-0.19551338686238076,-0.27880826111635854,0.5321042073836161,-0.5337241945823725,-0.01491322716436502,-1.1986882045854803,-0.11451223895432144,0.26915486256348753,1.6180409459229632,-0.3541758061041648,0.00969880732696932,-0.238676516869795,-0.052784604712510445,0.11618830931560255,-0.415787732398172,-1.5898499301003626,-0.25968091571367546,0.08940182738443617,-0.11369841575512463,0.12215425895855572,-1.392357915235098,-0.11722444054422136,0.0031642500691889393
-0.00809013217798639,5.74938631390869,0.7414595569092818,0.19677908369613267,0.11958466396125732,-0.6387898047530718,0.7341151719645332,-0.44004908260792386,-0.19649866367637453,-0.27105651493586713,0.5391945261978005,-0.5328281764634892,-0.012702326168277812,-1.171751263258102,-0.11684501374560899,0.2591787039503601,1.6129394727790274,-0.35827300226811015,0.007361266387181631,-0.22078794461309156,-0.03172039985159011,0.12457660779478134,-0.4079892562184549,-1.5882518505879304,-0.267919413168336,0.07028458952137176,-0.1126633696525148,0.13288023611345726,-1.3774112434216876,-0.11212555562563016,0.002206832962879368
-0.007578330202499695,5.7571797346087354,0.743646211298177,0.19635841828438308,0.11998191645862674,-0.6422747594184011,0.7311161636195752,-0.45423854944264297,-0.19701595579159556,-0.26236373143246844,0.5451022870485053,-0.526375110213852,-0.010407936700626555,-1.1428831221909126,-0.12039995707401749,0.24831690647372393,1.601456965077209,-0.3614730205535066,0.00404652741030185,-0.2017118833289434,-0.010488933621556144,0.13328868800468083,-0.4000598817588187,-1.5880276432393623,-0.27165902890658605,0.05165233788842257,-0.11289080164830664,0.14464225739221034,-1.3637107736734655,-0.11144174707655304,0.0012157650385741206
-0.0073136277962287085,5.764589095909228,0.74633295838947,0.19580086087381537,0.12047997516399739,-0.6460546975445476,0.727846086920977,-0.46699607778194124,-0.19614207267379768,-0.25357404490421004,0.5484753424461465,-0.5162899060395792,-0.008773754034190824,-1.1129485476183485,-0.12490233573749678,0.2356746750910769,1.584323588933805,-0.3641099826044864,-0.0012964492685463899,-0.1820420412932884,0.010653618581173856,0.1425299857548253,-0.39112850922984,-1.5892420570450312,-0.2717113750941143,0.03293546375473824,-0.11366418179326167,0.15771969820646728,-1.350723977696763,-0.11427532486086608,0.00018865185546287604
-0.007430349845479096,5.771939968575634,0.7495214164668829,0.19499302805912175,0.1212970027220906,-0.6498434370387848,0.7245469366967129,-0.4779519346856629,-0.1930884679188345,-0.2456508776896287,0.5476089911734883,-0.5042290919780814,-0.008913437447071128,-1.0826836291643052,-0.13036587436304597,0.2203820444845072,1.5620743555937622,-0.3667629997135139,-0.010059813935647614,-0.16238943129606612,0.031219598616576333,0.15218865426286754,-0.38088289535064285,-1.590977295806562,-0.2700849408704626,0.013639832334169582,-0.11428334237643087,0.17168176141359248,-1.337150747586133,-0.11860361090020419,-0.0008074405041221707
-0.00798232596288794,5.778959891765461,0.7530733176760444,0.19372650797728316,0.12245469698232954,-0.6536823128527031,0.7212311149398881,-0.4868132599511817,-0.187418431127005,-0.23899812950197738,0.5427116022894795,-0.4902734372864046,-0.011801260460146417,-1.0513372824434293,-0.1372623800347843,0.20116431830825077,1.5346574317838098,-0.37039019535728823,-0.02368227922721329,-0.14243088773116241,0.05181768431030917,0.16245894722714999,-0.3697083902675688,-1.5928955269832394,-0.26857680382090077,-0.005359679209522876,-0.11460267021384976,0.18637263272636428,-1.3226645959645082,-0.12286309756424928,-0.0016680930279068349
-0.008774913954884127,5.78570877291294,0.7570409954772725,0.19209244312893417,0.12384564646806562,-0.6576764356836476,0.7177913729560398,-0.4938825493368106,-0.17980272498813765,-0.2331360200952432,0.5345833757175802,-0.47373158006711036,-0.01681135145327361,-1.0187861810808663,-0.1453063612940726,0.1786580760638771,1.5018984198938894,-0.37541086998712125,-0.041159818943755436,-0.12195313785235623,0.0718642074101062,0.17280076431771757,-0.3579241551522199,-1.5939895497836845,-0.2677752148292134,-0.024528622010785397,-0.11473451236310976,0.20150149133118542,-1.3068467615634594,-0.12667431135142412,-0.0024125308300484956
-0.009966604728279798,5.79230896761391,0.7611478647954084,0.19135372408056284,0.12568339734357392,-0.660981743823997,0.7146261751741709,-0.502908936461619,-0.1736413175581556,-0.2303098185933235,0.5268100209603412,-0.46092341817236765,-0.019839322992488542,-0.9921022658381382,-0.1518102678072183,0.1594278922418054,1.4706721033785712,-0.38026823179200275,-0.05130567923968027,-0.10151288433496794,0.08826615118601439,0.18162890340972282,-0.34738780095915744,-1.5935181839068455,-0.2676889166441871,-0.03672298821087769,-0.11411789642941887,0.21205869665880334,-1.3007533295407683,-0.12701926947927372,-0.0035973160068163974
-0.011336006700307528,5.798782782796674,0.7656539938507783,0.1898354799725724,0.1275760344286995,-0.6647938570675633,0.7111511608570024,-0.5087028385689166,-0.16450969440078334,-0.2254662669980975,0.5146322436621235,-0.44384121833396806,-0.023628828376733232,-0.9618760801229114,-0.15728224186323014,0.1376229424637373,1.4330565880742934,-0.38579085032085514,-0.06551905896544319,-0.08140643576304707,0.1053567582219086,0.1906208145157659,-0.3353289262205282,-1.5923241851548262,-0.2678867902069384,-0.051797831277884246,-0.11399156575429403,0.22470054315107582,-1.2901639208488203,-0.12714953669519388,-0.004865891437183904
-0.012938619055772106,5.805025994823561,0.7703918114523314,0.1881355615557557,0.12964417261046526,-0.6686749051700918,0.7075812816786611,-0.5121157546117808,-0.1536504849622278,-0.2194464313003373,0.4980574194203819,-0.424627495618949,-0.027577082359367996,-0.9304346516500328,-0.16140833450140468,0.11490591395582052,1.390492813952268,-0.39083152930125875,-0.08202385197306837,-0.06195848698247566,0.12270572790921427,0.19908695367421136,-0.3219125974062149,-1.590671379464802,-0.2684942057811004,-0.06820432475092757,-0.1137456463775964,0.2381220237660915,-1.2772448066578945,-0.12698589444061384,-0.006031440800849986
-0.014681975492273304,5.8111422359400455,0.7752449344535843,0.18631223883392783,0.1319110677270134,-0.6725804841081586,0.7039337413909376,-0.5136631588754749,-0.14146736193119033,-0.2129129715995339,0.4778860661729507,-0.40401283604529115,-0.031826189017400044,-0.898560361197253,-0.16422332845429602,0.09149850261369841,1.3436803746412531,-0.39536282959656144,-0.10017143203216851,-0.043031007527162164,0.13958681892736108,0.20669267141592057,-0.30745891311240653,-1.5883010962835173,-0.2696593618896237,-0.08548870705864892,-0.11324722506893037,0.25163248395293386,-1.2626575086311094,-0.1263911586405454,-0.00702797798238749
-0.01648295523863025,5.817336666260075,0.78009938805522,0.1845282149422052,0.13423944108341554,-0.6763592874231626,0.70033365238598,-0.5140320991905432,-0.12889656795418986,-0.20612634570177904,0.455356301172188,-0.3826468293661497,-0.03581413873717628,-0.8667727144020732,-0.16526323469013401,0.06876399171166389,1.2935410132490062,-0.3989553980756668,-0.11719351280844616,-0.02499473124245316,0.15522102615492908,0.21321329535669245,-0.2923200452976815,-1.5849639630826087,-0.2712901516008707,-0.10345794562290872,-0.11245942331829518,0.26465914957272946,-1.2471346153109408,-0.1254128234203942,-0.007873704867770743
-0.01811655143867869,5.82375424606356,0.7848634171752245,0.18294816654287105,0.1364708378010476,-0.6798683050666144,0.6969108741828689,-0.5138698054626087,-0.11699558765157053,-0.19928959710692828,0.4317240723508824,-0.36106809060313944,-0.038815295240367836,-0.8354710297282036,-0.1641170348583041,0.04856798506634709,1.2408983272795406,-0.40046768724546916,-0.12962004868768665,-0.008313756148014325,0.16901090630829968,0.21844178326302244,-0.27722812468251357,-1.580532912350058,-0.2730925335120616,-0.12183842513056173,-0.11153488488925226,0.27651359667118364,-1.2313199452707582,-0.12424946662528379,-0.008567459501327467
-0.019818284271964783,5.830111195831325,0.7894744726038014,0.18155601360643156,0.13863335416281553,-0.6830824438313065,0.6936977598106816,-0.5130508597770167,-0.10559079641318854,-0.19235537369356934,0.4069586611904279,-0.3391667506474607,-0.040082961514317186,-0.8046667966255372,-0.15994090391980376,0.03209255704499563,1.1857699709227068,-0.39788346802117575,-0.1360880032203558,0.0069648402954337815,0.18141719211342675,0.22268745209446195,-0.26206174695118206,-1.5750057965466104,-0.27478584286679353,-0.13996098050489775,-0.11024670821163157,0.28747371342954736,-1.2154252451188896,-0.1230583565851029,-0.009182194585366888
-0.02165556922306301,5.836315714837374,0.793856627115065,0.18031344773672936,0.14078986821254125,-0.6860661855484558,0.6906362737512274,-0.5116093786295113,-0.09447560290739192,-0.18527434006550442,0.38115608282248603,-0.3170695223846407,-0.03962104943044119,-0.7747021365126813,-0.15306626417501365,0.019384734336124917,1.1281742650738646,-0.3905235272107307,-0.13714534127454778,0.02101371548529858,0.192474692604861,0.22603339162030928,-0.24683579415413612,-1.568399617819977,-0.27622409306366047,-0.15770986597568296,-0.10861586369355011,0.2975864029488179,-1.1995099149703214,-0.12188736262816124,-0.009731761223573249
-0.023502457433463533,5.842525275457014,0.7978867804849284,0.17928759809829486,0.14282251675905044,-0.6888187170426066,0.6877401114712824,-0.5101840081677079,-0.08424231083750507,-0.1781993519684331,0.3556507515851744,-0.2955155698754684,-0.037657951798641794,-0.745579271395215,-0.14499785830837442,0.009653740517776583,1.0685490189972522,-0.37925707660888935,-0.131887805929597,0.03387985848285455,0.20165437718281046,0.22839564055722256,-0.23202976182792867,-1.5606938844538,-0.27726608265143343,-0.1752701224189052,-0.10703973123188186,0.3066995880762202,-1.1839139445683742,-0.12080104660081747,-0.010185307990852913
-0.02519529864745483,5.848836840428011,0.8014049337088576,0.17853893560308717,0.14458860616051172,-0.6913277197665458,0.685043040490643,-0.5095837330825792,-0.0755173586453303,-0.17149706029247674,0.3322497372158387,-0.2754680728678953,-0.034598417396163615,-0.716595969497696,-0.13733705055196954,0.0014052268583621737,1.007083071745053,-0.3653901094028342,-0.11856332682267216,0.04563905491992072,0.20866623872581,0.22984770215652364,-0.21830995117891122,-1.5520373366850118,-0.2777703799755003,-0.19257279674494648,-0.10598800826565857,0.31481044866531394,-1.1691247510456235,-0.11986849105384752,-0.01051340979393673
-0.026899585694274034,5.855258851840121,0.8044118595550593,0.17812731537029997,0.14608803515224272,-0.6935447413750379,0.6825867250506401,-0.510239889365235,-0.06833617758179,-0.16544865044697782,0.31155858030865274,-0.2574922198115308,-0.029980202343157444,-0.686682086432904,-0.130742001707235,-0.006483212097713657,0.9424614410343277,-0.34780683446228133,-0.09311142949259991,0.05633436301427824,0.2135488018206073,0.2306134806395461,-0.20563188252260223,-1.5423047113700916,-0.2775203009152028,-0.20943154741002631,-0.1054863681134913,0.3222618853911835,-1.155307527924527,-0.11913411272153299,-0.01078814683397763
-0.02843205332285207,5.861609240757396,0.8068517459780672,0.17800612239070934,0.14735213647432827,-0.6954496418862343,0.6804049998847619,-0.5119712225258993,-0.06260875360637769,-0.16014635921996037,0.2934006263879922,-0.2415561765749643,-0.023953251427610896,-0.6553760304518919,-0.12493100205442723,-0.01359672772018872,0.873891453497678,-0.32527133775325523,-0.05553319461338865,0.06577022710415244,0.21674017853065422,0.2308114709754307,-0.1944045240771021,-1.5317248945249624,-0.27636135554233304,-0.22552759975390918,-0.10565683359253884,0.32890509563582915,-1.1424177699952824,-0.11862785859273989,-0.011008625809277053
-0.02964892922919018,5.868124844514577,0.8085552802887505,0.1781280355515295,0.1484194830211103,-0.6970062518122628,0.6785457574437551,-0.5151804221385642,-0.05829334959893456,-0.15587610924614081,0.27813977697872044,-0.2280132467916618,-0.01768678598360579,-0.6238792843271076,-0.11932837078236773,-0.019393644510106844,0.8031949413995215,-0.3002699440254743,-0.011500282515202867,0.07408067647860059,0.21776222594688108,0.23081293398016683,-0.18502747976933945,-1.5207455063233222,-0.27433582382474275,-0.2411000297589602,-0.10653843385136798,0.3343657485143214,-1.1306483713502329,-0.11839429259668817,-0.011082924881261367
-0.03072710478546473,5.874748894602479,0.8099289963940968,0.17755509243314313,0.14944200992787243,-0.6991242078799564,0.6762888560193778,-0.5165127350754364,-0.052457384324703205,-0.1499794504950028,0.26150988083921534,-0.2117705594058978,-0.010214207621464074,-0.5812613414914065,-0.11193896669782968,-0.026670300210808597,0.7127510505698041,-0.2641928381108592,0.05129952907606053,0.08248584444041843,0.21529668876248767,0.23069428416751656,-0.1760825829419237,-1.5051035863990636,-0.2691170193240641,-0.2628168653452086,-0.10669380463079853,0.3428351438429649,-1.1095051894625474,-0.11888117470311202,-0.010615210543332546
-0.03197123637418262,5.881598305240716,0.8105314971754624,0.17848530027223963,0.15007617247352054,-0.7000247100754272,0.6749707736830094,-0.5238311847960733,-0.0508826047341017,-0.1478794959152242,0.252784362926282,-0.20242818521257044,-0.007027145573260599,-0.5386972440373241,-0.10894098784437407,-0.03845819544429978,0.6030540344327822,-0.17167721823916715,0.0861506545964169,0.08787205393276552,0.21145323275584252,0.2314721829240943,-0.16855447488544514,-1.4906957543287491,-0.26366567425186,-0.280603830669894,-0.10756788592096572,0.349449113103255,-1.0966216953353014,-0.11967573590924024,-0.010124595577862074
-0.03313666234782595,5.888345992210003,0.8111158871169366,0.179093511619445,0.1511185878194549,-0.7007885030481465,0.673783467077374,-0.5327642648934359,-0.048531111600464666,-0.14696973246357423,0.2467784697393069,-0.19504888901470882,-0.005753043471141776,-0.5105406685586203,-0.10299420735781357,-0.04082315230639379,0.5316567587487158,-0.17548232180852635,0.11485698228585858,0.09359337122073676,0.20535146233090174,0.23348737040156645,-0.16423348981289115,-1.4759298702223655,-0.2581892837894631,-0.2962870161685519,-0.10877646763269183,0.3542699147678162,-1.0843320028744077,-0.12056597881602787,-0.01006886895248567
-0.03423601517101218,5.895067249280375,0.811420909933297,0.1800505550271102,0.15191307677619179,-0.7010773803871142,0.6730488254564906,-0.5432014259468043,-0.04762436072434101,-0.1474741792326789,0.24322346111203325,-0.18862389755705852,-0.005863013298634332,-0.48727463809947974,-0.09851959625990378,-0.0416888077541285,0.4690873233935675,-0.18941917101715045,0.13685283553065197,0.09776787825684201,0.1979287583854906,0.23623601208984715,-0.16187491002957485,-1.4609772941956682,-0.2528006213558031,-0.31060391460967807,-0.11056403427315552,0.35848417410547767,-1.074050857393953,-0.12163047655160504,-0.010014509229103996
-0.03531388623800801,5.9018484268401705,0.8115617483339785,0.18106861352052048,0.15265590476459212,-0.7011825616279604,0.6724978417862107,-0.5553342108956564,-0.04725552217983874,-0.14878345859686015,0.2426076299927538,-0.18290187752713077,-0.006916178925242467,-0.4676668664424048,-0.09458127090498517,-0.04236913551970095,0.41267872792855587,-0.2022129291113061,0.15194243249530945,0.1013836390907759,0.1888935469259444,0.2401056233162486,-0.1617244003074956,-1.445424210179982,-0.2475162542081221,-0.32394125211109526,-0.11230665018406258,0.36184284311152004,-1.0643562168987373,-0.12309406349995143,-0.009775881347782095
-0.03636863866099711,5.908615275535471,0.8115315265954696,0.18211425019682662,0.15336536790817,-0.7010727960670364,0.6721684300950074,-0.5696101497740821,-0.047446713100610924,-0.15101670183211974,0.24576897197505337,-0.17796930392350999,-0.009391101925109375,-0.4528103160367963,-0.09087000986354649,-0.04301383226628268,0.36476921487045494,-0.21237225758493702,0.15897850701749738,0.10448286455163902,0.17826285682809323,0.24538513722443553,-0.1640804855155111,-1.4293456339812332,-0.24244204178176676,-0.33616350452220967,-0.11389937380277694,0.36426926436292323,-1.0552248491631098,-0.12524253432475585,-0.009365732282777803
-0.03749452752383009,5.915261731514467,0.8113628839237759,0.18320142763380334,0.15407927507100339,-0.7007300835564724,0.6720670828908895,-0.5859897956086153,-0.0481240306625581,-0.15422574242683676,0.25262103869264235,-0.1739508857022488,-0.013312790253453376,-0.44279501416513894,-0.0872894152640883,-0.04326491048333796,0.32544564200960674,-0.221225382344558,0.15896653558873539,0.10708118002346748,0.1661209827118506,0.2520058929744895,-0.16871859796801852,-1.4127522647289734,-0.23764795140716982,-0.3472275309492894,-0.11536231598015512,0.3660249606378895,-1.0467469540354148,-0.12815717984667155,-0.008867886233130489
-0.03875728297652921,5.921875123474011,0.8111085509520545,0.18407165084730437,0.1548591271019402,-0.7005215646490373,0.6718674092179482,-0.6046699450549622,-0.04854379264073282,-0.15779648289058307,0.2642388138372141,-0.1715209119509105,-0.018120712385364054,-0.43464207862342447,-0.08324201855521841,-0.04314789214797174,0.2899005449503946,-0.22842375095853662,0.15454361221066895,0.11021899656268026,0.15120502268535635,0.2602249993828683,-0.17642246772374678,-1.3935491048702968,-0.23068634302810614,-0.35833789866952814,-0.11630238550170073,0.3674722921768907,-1.0364543333127865,-0.13335769170244366,-0.008297742048513853
-0.039999265032665064,5.928472198825584,0.810806743180834,0.18493596060382883,0.15574799011516244,-0.7004782492497157,0.6714696392084152,-0.6233580344440531,-0.04864434502521026,-0.1607429425912894,0.27599603563973063,-0.16960166327434548,-0.021749149410885012,-0.42987607666133765,-0.07923716596840495,-0.04206546855709719,0.2600070264432622,-0.23511690863724838,0.14980692049268887,0.11367476428882754,0.1360145630008627,0.2682191166889203,-0.18529119708329375,-1.3737248302003573,-0.22431972027396432,-0.368004086560291,-0.11707648065069412,0.3678944459553092,-1.0265967386588453,-0.13861133712056084,-0.007657637875293609
-0.04117736364214431,5.934987656295814,0.810490888257592,0.1857368412165754,0.1566779903552453,-0.7007419303745384,0.6707567220446586,-0.6424838753986122,-0.04843197803708073,-0.16281136950187658,0.2890680046795312,-0.16807135521370054,-0.024366699240269452,-0.42629092154402226,-0.07496938951110962,-0.04168070878773618,0.23202628019199822,-0.24037671153645324,0.1453354649430605,0.11784502618970263,0.11987191094555649,0.276349674329189,-0.19621890596293637,-1.3518309288283006,-0.21780467941606185,-0.37665094542143435,-0.11762752298369007,0.36754229739197364,-1.0159054066161715,-0.1439467935032521,-0.006902306073106449
-0.04247943977843364,5.941495366884698,0.8096946168524163,0.18744912364998145,0.15679012791845193,-0.7006243145209559,0.670376947494624,-0.6615552713371332,-0.050950323194775535,-0.16437525325599917,0.3023471173978636,-0.16645016307588734,-0.02619399704227093,-0.40989280881295553,-0.07222074184202243,-0.04959367640178143,0.17963674040051528,-0.2603429642056111,0.13792193946951659,0.11950797832691047,0.10532742538068816,0.28305856114291267,-0.20587410238977977,-1.330057523708905,-0.21318215971789592,-0.38404385397788743,-0.11867119515377673,0.36817001182132497,-1.0079113921508398,-0.1476733288829039,-0.005511557534032576
-0.043720435622065276,5.947535273246958,0.8094122154114235,0.18762348954266386,0.15778327931814204,-0.7014632559275242,0.6692168284816242,-0.6813580690987467,-0.049327106819700754,-0.16543105729275118,0.31953180867507,-0.16639504492634738,-0.027880611845125237,-0.4089784654394961,-0.06643864205445757,-0.05021775736372322,0.15887886820404143,-0.2584594401022626,0.1328863896998586,0.12495835561889322,0.08635017894499587,0.2918080553816631,-0.22180331476296664,-1.3023395898936827,-0.2057506268535062,-0.3910928638436592,-0.11829138115098306,0.36720680153857643,-0.9924840006332731,-0.1533973374802224,-0.004616647764307915
-0.045083124129664344,5.953041154988482,0.8097504854614234,0.18750456845723576,0.15883796295104577,-0.702654864035637,0.6677489650911397,-0.6979156716532374,-0.04611833500410305,-0.16504091578340174,0.33272455143611324,-0.16481478671400834,-0.02856611836188531,-0.4103124479203624,-0.06008228207268954,-0.04730783677448546,0.14349951531470242,-0.25438346225672687,0.12825077040880975,0.1306212993367864,0.0687138610610603,0.29898553575253717,-0.23728199204845013,-1.2724553436276518,-0.20034067632966734,-0.3969336488297739,-0.11729039723244174,0.36709916771819956,-0.9747325041950871,-0.15795207145905688,-0.003955884365861307
-0.046624975599240365,5.957752242865441,0.8103607555200192,0.18668592505194181,0.1595601982099279,-0.7040072249765781,0.6663803236256955,-0.7107578000511531,-0.04155461163985032,-0.16473883385024446,0.34371637583076,-0.16256833716066607,-0.029101837978996386,-0.41557815950492416,-0.053414591155140606,-0.04127555668628117,0.14089953887869797,-0.2532206142169107,0.12219185560111619,0.13566645510026487,0.05346566712954591,0.3060006125138265,-0.2529101536911619,-1.2416127970329125,-0.1980409153357442,-0.40045506830434774,-0.1155548278750174,0.36792327680191134,-0.955313688198357,-0.16084332846477759,-0.003256807331599027
-0.04836277144410686,5.962041091012827,0.8110915184508621,0.1852933600184921,0.16017159789417887,-0.7058177517760801,0.6647049956475749,-0.7214463818942106,-0.03531949721792629,-0.16372446778432106,0.35398745457232045,-0.16056265955583468,-0.029217701358390302,-0.41992728890329334,-0.0455949418861159,-0.033722435732840034,0.13996596580025492,-0.25089187253726497,0.11506738739166965,0.1412166390815428,0.03961196606795821,0.31291904776920526,-0.268654375767151,-1.2100830301636507,-0.1989844953793968,-0.4025059222743797,-0.11302420415347623,0.36936044508541344,-0.93464502096278,-0.16204213174004953,-0.002429737194301719
-0.0501375320352112,5.966229317229185,0.8119471573754514,0.18377136790685325,0.1607638956048252,-0.7079091886113184,0.6627575988906274,-0.7310825375816585,-0.02829685393435287,-0.1609253453858484,0.36347183675258177,-0.15868046662162824,-0.0275315100699373,-0.42391783873554795,-0.0374546384000432,-0.02545181465651906,0.13912456276580612,-0.24723528809411416,0.10904567171615831,0.14673840370721872,0.026723244402884556,0.3185391684374738,-0.28360009389013824,-1.1780216643010437,-0.20255671464543915,-0.4044051622928777,-0.11053421181470996,0.3720506635869211,-0.9127984117401986,-0.16194142489641045,-0.0016076086702229004
-0.05180811984018864,5.970640061839094,0.812938381750679,0.18257171615669804,0.16140719761557173,-0.7100032743654254,0.6606895151338938,-0.7408435818275978,-0.021529290160222463,-0.15560209590224527,0.37219184542041406,-0.15669612633975813,-0.022657142825543247,-0.4290197161289122,-0.029946752371271614,-0.01713700990037125,0.13838729929615368,-0.2427419394273018,0.10623519459300021,0.15162634210049117,0.014171987011714042,0.3217299364952388,-0.29695777124389205,-1.14548885909475,-0.20769377543468595,-0.4072923516938532,-0.1090153425550583,0.3764402266637119,-0.8899310493434615,-0.16123973949470446,-0.0008398546423108128
-0.05318338008552694,5.975355209460634,0.814016767370233,0.18191446706263095,0.1621793372344368,-0.7121470496430464,0.6583703888634587,-0.7514493113048871,-0.015328768173102912,-0.14741722079442135,0.38029074364191234,-0.1544655758263927,-0.012977539517936421,-0.43620861771408326,-0.02343928852769383,-0.008088430108451016,0.13768779707121273,-0.23681962046231927,0.10778705734915477,0.1556598134790742,0.0022812971459716916,0.32215891228505994,-0.30829841366056143,-1.1128307718849395,-0.21404722227320339,-0.4120237664138663,-0.10881125019664842,0.383136269075297,-0.8656009586779064,-0.16055617041030054,-0.00015662423343627423
-0.05427894063955694,5.980118863682015,0.8151220040495615,0.18156512212324227,0.16295344052763194,-0.714442758170298,0.6557833696782773,-0.7620991772995384,-0.009318602793380872,-0.13677864244194093,0.3878643013046113,-0.15226238912251802,0.0004450750919536336,-0.4444339291037995,-0.01765351053605594,0.0018350288380583623,0.13693560283813241,-0.22935990494548095,0.11237831926864839,0.15913587374929763,-0.008689275760353169,0.32023584291751284,-0.31809966438607623,-1.0795940762606646,-0.22169958322001623,-0.4179067531864903,-0.10956919703420742,0.3920355302950577,-0.8393662054371505,-0.16008672420545592,0.0005186906219138691
-0.055085375741867296,5.984898660113425,0.8161954207519149,0.1813612062667179,0.1634761077837347,-0.7166825702006814,0.6532608733239017,-0.7714553202529585,-0.003764937877435471,-0.12404703066865355,0.3942742621084626,-0.15051181070623157,0.014605737746020338,-0.4524858274728703,-0.012840611096806811,0.01121861226786798,0.1360972952079147,-0.22168178205799047,0.11820694003854347,0.16176870677868652,-0.019146777335623193,0.3157516608785785,-0.3265586460449015,-1.0452988109255477,-0.22987994786064564,-0.4240232804480852,-0.11127847944550921,0.40244273672503544,-0.8117447144299492,-0.15984389425594522,0.0011557066778051187
-0.05564867293149829,5.989382643531039,0.8172278511708628,0.18111603619119046,0.163494782098168,-0.718648747731357,0.6511608211841493,-0.7779404100251265,0.0010944486371863554,-0.10959902957440226,0.3988182208898464,-0.14930533585132297,0.02638114691825049,-0.4589543653549656,-0.00931307258884037,0.018529006066401742,0.13510675914262013,-0.21487835538771127,0.12355606786721215,0.16316076622516354,-0.02884805915337729,0.3087959956490863,-0.33379310560158776,-1.0096497644044427,-0.23728650941532556,-0.4287868473765475,-0.11391758733319475,0.4138729792988076,-0.7838259576437593,-0.15969855826821958,0.001671154410648984
-0.0561675320538578,5.993513249420004,0.8182372309746425,0.18080140356419375,0.16298162032900168,-0.7201942274832815,0.6496676985997606,-0.78101048512427,0.005402206557071327,-0.09212920419634839,0.40089164659163196,-0.14865663815600744,0.03527431556374029,-0.4633892116990877,-0.007234529422456763,0.022999889719134716,0.13361355759902885,-0.20906773538339019,0.1291054713119859,0.1628580676287695,-0.03770790671501242,0.29943112217553286,-0.33910076790390803,-0.9721870989385223,-0.24279273652284766,-0.43201630521775614,-0.11747853838069636,0.4268882625264948,-0.7560089969427276,-0.15974022667438495,0.0019179245225074597
-0.05655438534325379,5.997327032088058,0.8194523416152631,0.18085032766815437,0.16164407532677913,-0.7209628240782336,0.6491355468553615,-0.7941285628279539,0.00657142903349242,-0.06805616856458221,0.42611109748359977,-0.13547968355836337,0.03876316248545661,-0.4664364392932748,-0.008025328201783796,0.024266929470600735,0.13176687539512835,-0.20376973103930465,0.135510012086215,0.15913473433813194,-0.046426401517353576,0.28712124345893353,-0.3427413096296796,-0.931132577794351,-0.24622722792515447,-0.43493139400346215,-0.12196936149677237,0.44230607029751234,-0.7271335555536697,-0.1599446384237407,0.002143933659265681
-0.056933277482156,6.000832222568195,0.8205855546349627,0.18055092340013792,0.160276100931477,-0.721986309129001,0.6484201608215483,-0.7965568302136393,0.009451673578376396,-0.043694366006390435,0.4344576614679451,-0.13094276408353256,0.04155929387998201,-0.46834421238084717,-0.008473662029583476,0.02553441493638509,0.12963349761720575,-0.19857605356034513,0.14152207189975405,0.1558781028821026,-0.05381469310688714,0.2742638672999213,-0.3452095943421585,-0.8910272015764372,-0.24734991563776895,-0.4363276775960683,-0.1265972000301888,0.4579153317488108,-0.6989463377028753,-0.16001707331054188,0.002202170074822681
-0.05729246828318956,6.00414119583527,0.8216141471378648,0.18003059992813222,0.15873515263999127,-0.7231805633832568,0.6476125440033959,-0.7953769173329228,0.012188200855203382,-0.022435761267027177,0.4384361104777619,-0.12894902194156357,0.04331577453974002,-0.46957443192628684,-0.008780814380039805,0.027158762425641643,0.1278963177138093,-0.19387673197262587,0.14555065327847275,0.15281221869173597,-0.06025330430651251,0.261559483829836,-0.34736624272029953,-0.8529046613271556,-0.2460851807718706,-0.4363431794513514,-0.13087628658587583,0.47252820329207007,-0.6718546367484067,-0.15915240539232822,0.0022243047450857868
-0.05772231502806871,6.007342050611226,0.8225339604636752,0.17923345909846605,0.15708123407823077,-0.7244937728340463,0.6467686032614348,-0.792683913449781,0.014522170885673865,-0.0059766115759858325,0.4416808187050201,-0.1281166364303452,0.04405842285752721,-0.4700799346955245,-0.00864989694102258,0.02904775139410418,0.1265667707810308,-0.18975670825848054,0.1467343341397768,0.15003543306369255,-0.0654418105209633,0.249238683467621,-0.3485088391031207,-0.8182894306339474,-0.24189753190077876,-0.43476573640889016,-0.13487147423342796,0.48603723284364925,-0.6465004974103696,-0.15640563559654144,0.002152794820403565
-0.0582039963717972,6.0103070792751785,0.8235441724619467,0.1786722523464651,0.1548450378956374,-0.7249565435556203,0.6469445497385593,-0.7935339247709066,0.015835696339276215,0.008018639590127474,0.46706810670485854,-0.17534248248799186,0.046135170693211054,-0.46987329556789925,-0.01034078383225105,0.02837079084241219,0.12605197337440616,-0.18673421178804495,0.14586671937403264,0.1440481907945353,-0.06972760989430332,0.23654161339468724,-0.3483481596589088,-0.7854369044844017,-0.23424810629007659,-0.43213248411189253,-0.13885661344079664,0.49963099703598945,-0.6222789309029504,-0.15128292831455753,0.0021226785714657205
-0.05861699199835161,6.013097169325846,0.8243695032272718,0.17766565190274577,0.1528634050001342,-0.7262204220301302,0.6462751690821154,-0.791129124195509,0.017401077160901567,0.018086019476761556,0.4818907909181402,-0.19617955825401853,0.04640817526763006,-0.46914694742765967,-0.010502478732502263,0.029750215516560954,0.1252577786495989,-0.18348143197653208,0.1440246498271966,0.14015948925004276,-0.07217956390364128,0.22544318032505553,-0.34824846338074106,-0.757547021474412,-0.22348006525611083,-0.4278728445251543,-0.142458294521471,0.5114409482530022,-0.6001985505760673,-0.1444231174730741,0.0019521719842743022
-0.05903885834634648,6.015907727384413,0.8250849672068321,0.17662294879438892,0.15085917445166777,-0.727754434360619,0.6453056072214087,-0.7865513560627508,0.018434900145448102,0.02613252143362713,0.49134796793207497,-0.20614598432037057,0.04585263175838875,-0.4686738963693427,-0.01046243853493487,0.03206252343916948,0.12490687116525889,-0.1804709398684444,0.1426101075811213,0.1363325312041909,-0.07423374144951674,0.21626051153671466,-0.34973922520725514,-0.7325480356308653,-0.21050718485682393,-0.4230664376561415,-0.14510272845065472,0.5209892451698324,-0.5795599454558018,-0.1367732410914787,0.001773367789424372
-0.05949562039135058,6.018784134456346,0.8256774849653462,0.17559979058438185,0.14882133173432144,-0.7295542873657875,0.6440244300907705,-0.7808275246317731,0.01910124470410333,0.032271212349269454,0.49858991302062916,-0.2118577439597758,0.044765464905551076,-0.4687308633520805,-0.010293279532733643,0.035387910071032105,0.12518111203757404,-0.17775313521032307,0.1420675812610102,0.13242217944744306,-0.0762508907479083,0.2091311066249013,-0.3534559500926641,-0.7099751659777997,-0.1953810085085054,-0.4180326871779203,-0.14669499500711275,0.5281318625432995,-0.5602468603700266,-0.12877790912095183,0.0016378942505697596
-0.05991391117538187,6.021539963558786,0.826158744059879,0.1745155905708659,0.14675260185102212,-0.731548771693159,0.6425296702346805,-0.7741613214607223,0.01943622775364687,0.0362052902766347,0.5049904197674442,-0.2159301866593216,0.0430141591849252,-0.4689652980996304,-0.010000733705579336,0.03937344666971466,0.1261069927091527,-0.17537466717017383,0.141630022700143,0.12842831741852956,-0.07788328217591206,0.20355157683945116,-0.3589683258012279,-0.6898537979682078,-0.17794193761912702,-0.41229233829649575,-0.14763144482252483,0.5330536861718532,-0.5423390104964252,-0.12044367826156754,0.0015279249776403263
-0.06036918923347064,6.024125416292738,0.8265139858770137,0.17330449969773767,0.1446437017998191,-0.7336424246645954,0.6409465989038516,-0.7667232972914392,0.019776929948399014,0.03876841252837464,0.5112868210582873,-0.2196280350123902,0.04099936195872312,-0.4692827618369135,-0.009541350810926682,0.04377118191644733,0.1280959602347243,-0.17367804749420018,0.14109261275689128,0.12433366312010596,-0.07908059321937909,0.19940467314036048,-0.365829802390037,-0.671959061917654,-0.15917982947512305,-0.4056808269577116,-0.1479523017800784,0.5358587660179724,-0.525742555725536,-0.11236771502235951,0.0014293720490213592
-0.06078411964204094,6.0265458493147825,0.8268182559840804,0.17197524112809576,0.1424251745503234,-0.7357612767876414,0.6393707294465881,-0.7580927647225539,0.020157873747304343,0.04142171409651948,0.5170601310287697,-0.223269610601512,0.039053551311964065,-0.46914347647891247,-0.009195033627099941,0.04826929951466661,0.13037805985976922,-0.17234902937328545,0.14026652374636464,0.12024182377508329,-0.08012496789726845,0.19609587237304965,-0.3738103767160445,-0.6555005893454724,-0.1408743788783353,-0.3980769783933568,-0.1480469878922273,0.5364906064303435,-0.5102858226992074,-0.10551060492437588,0.001350255216483186
-0.06113517812022709,6.0286953364469,0.8270446861192785,0.17050830240966847,0.14000031495410362,-0.7379467546348343,0.6377785022608082,-0.748021062601425,0.020637891398476885,0.04459390456691258,0.5225536083923004,-0.2272812839633468,0.036867676340445195,-0.4684013159690344,-0.009108534596610776,0.05297724360177648,0.13307407081020764,-0.17139866017240654,0.13908764148484223,0.1162410332052665,-0.08088542396012224,0.19376965425356632,-0.38351103203186093,-0.6402482429357856,-0.12492004482461148,-0.38915989639391724,-0.14791315234506805,0.5346592671521794,-0.49607525764790633,-0.10082962572397343,0.0013010489904448064
-0.061495150238378544,6.030760909144382,0.8271630729680699,0.16892533700603837,0.137406918982383,-0.7402233932059953,0.6361233349624636,-0.7368818438091583,0.021243345228277997,0.047842017810308564,0.5279409834376343,-0.23183259603264153,0.03442372369037941,-0.46738444292361064,-0.00912171890650406,0.05804998023877768,0.13634104738435485,-0.17095363226607987,0.13776723429999035,0.1124111020775735,-0.08162480896339626,0.19251903232673967,-0.3947118477605405,-0.6263106985705269,-0.111852047931575,-0.37927544685077846,-0.14746197073917522,0.5304427812648014,-0.4832514619681028,-0.0986165530805464,0.0012424521793294983
-0.06193286445006653,6.032628559794073,0.8272689392182194,0.16725971208696133,0.13475415773585497,-0.7424728763317421,0.6345073156372242,-0.72469861671138,0.02199845201977289,0.051390995324095724,0.5328000616860901,-0.23644797798088238,0.03239486051141932,-0.46595755185332277,-0.009130305266700056,0.06305063078633322,0.13979601918887646,-0.17078267501088418,0.1363065546372237,0.10865424039953131,-0.08222868167061216,0.19170257545228525,-0.40603429798031987,-0.6132036278463553,-0.10106725326504305,-0.3683957045303119,-0.14692120764352526,0.5246245955857839,-0.4716480571485351,-0.09857923797915345,0.0011422008469613699
-0.062348985635177295,6.034341782064632,0.827323673487634,0.16553802961806505,0.13214210933418347,-0.744603000897,0.6330102643291518,-0.711976677746095,0.022862546725273006,0.05558478854298448,0.5372951790103143,-0.24099793446006942,0.031220980440820393,-0.46416812638484456,-0.009122059965677345,0.06757203139804656,0.14320299416966437,-0.17099702315569196,0.1345897964671002,0.10483945486878712,-0.08253983950213477,0.19067350129817076,-0.4159741467078756,-0.6010032223976902,-0.0912097813740779,-0.3568217080562764,-0.14677572641604442,0.5179230075476247,-0.46125073598122013,-0.10013962912148701,0.0009869811128721895
-0.06274880614759074,6.03588613237675,0.8273458010344058,0.16374489097520176,0.12954855377481975,-0.7466449167672937,0.6316060094393748,-0.6986461995022032,0.023838304886832622,0.06050637913129812,0.5414844744648583,-0.24542495008308685,0.03131981094949315,-0.46191663972262476,-0.009079786471598204,0.07168922567416651,0.14652620002263445,-0.17164557063768193,0.1324929756218676,0.10092868616111658,-0.0825488208971182,0.18936843225455202,-0.42417549831387524,-0.5892681350046894,-0.08095333306420262,-0.34457889630305943,-0.14684237168649358,0.5101718833338647,-0.4519150858183263,-0.1030556859093761,0.0007970173470832474
-0.06320288406831749,6.037315691968279,0.8273688946344332,0.16189188034314408,0.12688829809301677,-0.7485570611935584,0.6303591873077452,-0.6845242448690789,0.02474844510051759,0.06590714756200154,0.545201984766086,-0.24969619285987296,0.03236457750526877,-0.4603104969422084,-0.009076463923189405,0.07565662391530105,0.15204188328517332,-0.17369782082787205,0.13009434095488176,0.09668891384924536,-0.08248055859938792,0.18811592000105617,-0.4312280124984064,-0.5777193849924535,-0.07010409770733717,-0.33170431788034915,-0.1468825938339338,0.5011915984505255,-0.4436096472671125,-0.10732624112396462,0.000610376069035542
-0.0635498076467749,6.0386190967876825,0.8273661696762133,0.1600510578207933,0.12419481117340189,-0.7502027634355941,0.6294085489581827,-0.6696755738862252,0.025334991587606246,0.07192601600973793,0.5480183089278926,-0.25375114576435137,0.033457777847963444,-0.46007597641046916,-0.009341982619539807,0.07917532607810131,0.16077449226349452,-0.17759923681593767,0.12740207343915985,0.09187703190094604,-0.0822185392105059,0.18671342704592606,-0.43715549876227333,-0.5667945780017186,-0.059269852725459024,-0.3184066761145276,-0.1473729534127974,0.49165986111206034,-0.4361682333512654,-0.1125821134918813,0.0004439087088060244
-0.06392857597192035,6.039987494861635,0.8273852844956049,0.15828363844747073,0.12158453936233062,-0.7515928409252081,0.6287063631440785,-0.65430021217313,0.025958359966635237,0.0792166260621057,0.5492378069233181,-0.25749059363243393,0.03406448603205522,-0.4597541697821118,-0.009783285477567663,0.08190095694850355,0.16905335792382029,-0.18147707394324888,0.12486978072393892,0.08692907510842494,-0.08224385884413425,0.18519280547991893,-0.4415702453628485,-0.5563112778216429,-0.04972722323957402,-0.3052260898760341,-0.14818439335114517,0.4823535055127994,-0.4291997971783544,-0.11824062411060769,0.00031026102044082963
-0.0642986351464687,6.041208423580961,0.8274143813328073,0.15660180552193217,0.11904499424563836,-0.7526852009899151,0.6283065749004193,-0.6380648849641501,0.026506387310058728,0.08815732431792613,0.5486144767931767,-0.26105928568123665,0.03393490274553981,-0.4590368438705046,-0.010566491937968329,0.08350340459766024,0.17655256445549722,-0.18508898913656677,0.12239155575477507,0.08162055882711565,-0.08189847486244366,0.1832207936777471,-0.4436510693713543,-0.5463775535010019,-0.04263351543468383,-0.29187188950286524,-0.14930182545652856,0.47331972563683217,-0.4225817853603093,-0.12391913421740071,0.00018532798320601817
-0.06460208208380004,6.042488440592902,0.8274424652723663,0.15498709442584807,0.1166106355643384,-0.7535466374051425,0.6281308983723977,-0.6217067640960873,0.02690634866647168,0.09809729392252944,0.5471399985695121,-0.26484261217000377,0.033345730418495374,-0.4577666104046343,-0.011557965365893751,0.08410418942422872,0.1826950932629156,-0.18812214974033398,0.1200988049775418,0.07593741504159428,-0.08074597781838622,0.1812196230514741,-0.443181532113134,-0.5383721672139894,-0.039658026086426594,-0.27877890922362936,-0.15074531527408602,0.4649280780376584,-0.41647934161969086,-0.12819327560934696,0.0001970124949760185
-0.06489872673214918,6.0436845825688685,0.827499296631101,0.15341477659437328,0.11415854803301556,-0.7542675823652046,0.6281020191230399,-0.6042611621726558,0.027215849780183446,0.1098056960114294,0.5436318695476744,-0.26829381379664285,0.032124452710708594,-0.45642307937846177,-0.012772920538758442,0.08433739075699509,0.18881244069082107,-0.19122730001626206,0.11762966473049574,0.07027434249936515,-0.08016896747206766,0.17896071278529413,-0.4422700811096958,-0.5296155502706402,-0.03830716438405521,-0.26573311118151033,-0.15215816071802804,0.4565726738501908,-0.4101894494861492,-0.13269414026745532,0.0002003262356986478
-0.06516855373403693,6.044728522470468,0.8275732843193656,0.15188455438948015,0.11174261538864777,-0.7549263986941518,0.6281168701752011,-0.5861924935436249,0.027447260830070704,0.12291447422195968,0.5383771085883838,-0.2710353458740331,0.03011101780832426,-0.45503848289823234,-0.01407503739354111,0.0845496928613794,0.19477582790770093,-0.193948933782904,0.11524782838228119,0.06476837578974441,-0.08016375662116736,0.17687979662818099,-0.44249240495841513,-0.5204330607044984,-0.038538879132417866,-0.25314258304658394,-0.15376176965925753,0.44953463878082006,-0.40332166425691707,-0.1371838082023529,0.00023456057417827584
-0.06538341514179621,6.045820762449652,0.8276097909123137,0.15039575849001144,0.10938921798747374,-0.7555745100748114,0.6281100815474226,-0.5679822235352908,0.027691175548775527,0.1374998528148072,0.5318464092383433,-0.273422335117598,0.027322272875609805,-0.45387631090524333,-0.015367537763333874,0.08494290737648642,0.2006843324444433,-0.19633262986961508,0.11311532754634555,0.05962333546891268,-0.08102471568341485,0.17510164852864946,-0.444356501974147,-0.5111562670690206,-0.040534298164209934,-0.24150141548452977,-0.15563771677551405,0.44424990860642205,-0.39570741821302635,-0.14167426851419088,0.00031276545599812024
-0.06559933052821687,6.046929189101495,0.8276284752877698,0.14894854296775367,0.10711521720231962,-0.7561717159572968,0.6281281698647804,-0.5494941343296392,0.027932100448302327,0.1535629821894582,0.5239050376941482,-0.27555964747219575,0.023829309605952954,-0.45281715013929347,-0.016632515451864303,0.08534948370344365,0.20640139729717308,-0.19839040342877592,0.11122488149233715,0.05476323578299114,-0.08254385577336047,0.173451077538258,-0.447297036935395,-0.5017544126816199,-0.04439677484425934,-0.23060619157442727,-0.15761261174688534,0.4404570197959581,-0.3873471388004245,-0.14618546488347733,0.00041584691780562825
-0.06576535374827064,6.047932667154095,0.8276466642720341,0.14752639373099471,0.10489919352125365,-0.7566801909364512,0.6282254459950598,-0.530527227177992,0.02789086830767518,0.17053633425215137,0.5140623067069704,-0.2770219508720129,0.019290268870143273,-0.4516003499927737,-0.01795811200585478,0.08561975089763504,0.21181942344269913,-0.2002239756229465,0.10936368939591257,0.04994052872902995,-0.0843739955204443,0.17177693628963844,-0.4512619151925549,-0.49230286380978233,-0.049528994033705157,-0.22014372909304641,-0.15966700725396846,0.43772030184532684,-0.37838603747359356,-0.15049149612691176,0.0005422325882034838
-0.06581057993088503,6.048995717122827,0.8272324966324641,0.14554112990805282,0.10409068949867441,-0.7576693393753383,0.6276305282850048,-0.501750074220505,0.02537413834770655,0.18368682603438327,0.4837013407086717,-0.211915868780851,0.014210686281087202,-0.45043023320024717,-0.015894314937714142,0.08656563415545956,0.21564939947655182,-0.20121210067211454,0.1080541789222241,0.04762474616888062,-0.08400912393300682,0.17243271425598408,-0.454744337233895,-0.48917071350453184,-0.05224975958988847,-0.20949883504583244,-0.1612339926301321,0.4351649691694995,-0.3711615585811252,-0.15257207491761027,0.0005230933889623126
-0.0659912275204138,6.0497991769390085,0.8274843833670894,0.1443547256047471,0.10122429119435325,-0.7573193993487405,0.6287946273926345,-0.47353411814899365,0.021362932897060375,0.20447759582349148,0.451927197721832,-0.18012853826049344,0.0040899280379052,-0.44831740093977007,-0.01925268098763573,0.08532246735452978,0.22143084306975702,-0.20375835038179024,0.1054971500443436,0.04022004412284111,-0.08747543592177526,0.17006978888530344,-0.46212273364130657,-0.4765371298003013,-0.057129529931439944,-0.19954531452760796,-0.16303159721709057,0.43325335517766184,-0.36110836610147845,-0.1555335691417517,0.0005553710102462916
-0.06619137668062086,6.050467757678317,0.827107730622727,0.142321329559209,0.10013894078204223,-0.7567685886760335,0.6300937508695308,-0.4160384459492999,0.012752697312771167,0.2461292132235014,0.3637002692612254,-0.20848253685298834,-0.012509908862841434,-0.4464566126894443,-0.018785358450644746,0.08220680668851667,0.22703057992146825,-0.20635967718471676,0.10351875098013322,0.03387467625617909,-0.0885902016218267,0.17114987818841365,-0.47035627836659366,-0.4715323472485555,-0.059868459759340756,-0.1888656567510997,-0.1638526546550011,0.43118920015016593,-0.3518151436541388,-0.15703847180163213,2.1591374810844474e-05
-0.06636075502787066,6.051207636480192,0.8271450859353604,0.14078007879223575,0.09808346738843221,-0.7570417250108745,0.6304351111993004,-0.39598157359891656,0.010594189136534465,0.26291394599726137,0.34072866527059464,-0.20834062413456564,-0.02327382994541126,-0.44355406873271047,-0.019974940155980437,0.08202726425860786,0.23047250208299877,-0.2079334581022818,0.10160071603634228,0.028910887384721456,-0.09127162081937344,0.16978809001277492,-0.47842011709520055,-0.46154239993780904,-0.06121897537479115,-0.179487030833271,-0.165299758216001,0.43092723774100977,-0.3425380144689248,-0.15728338952923723,0.0002079858924598261
-0.06650627931427067,6.051924808432129,0.8271445533018842,0.13931387277518872,0.09629041847797733,-0.7571017658284791,0.6309649089617534,-0.3807625931079913,0.008718977909806826,0.2747652790890965,0.32375311592552575,-0.20758770851354594,-0.03074877742000233,-0.44074569099232164,-0.020932270676005567,0.08158241661216582,0.23340302435257948,-0.20914770758895287,0.09938457217664334,0.02391505523554368,-0.09379125937316779,0.1685701137226242,-0.4865672796621481,-0.4528441521675378,-0.06135607707983142,-0.16997690008319905,-0.1666291416978884,0.4301983510669451,-0.3337932806801746,-0.15670815412660058,0.00037953873017912404
-0.06659307181479517,6.052508896138392,0.8271614399266658,0.1379604187392551,0.09463696760794654,-0.7569791422429242,0.6316592003861174,-0.3672950537602037,0.006523966678271733,0.28367233995227803,0.3072791151587713,-0.2051479480190453,-0.0367055427120396,-0.4381152553268647,-0.021943533803199584,0.08099747340152234,0.23622419544801088,-0.21017950432150878,0.09667576229962162,0.018685592416810698,-0.0958720656022115,0.16721523156461116,-0.4942341252577165,-0.4450760108638621,-0.060579629357141916,-0.1603121302263522,-0.16788696889352087,0.42910936705922065,-0.32560823862847155,-0.15554921284951634,0.000480013226283363
-0.06665675959794247,6.0530887818348225,0.8271878983192423,0.13670554163336196,0.09309169030255583,-0.7566855858007295,0.6325128111941681,-0.35488553141889523,0.004028712856639249,0.29049446304640053,0.2903441857910208,-0.20105048264720793,-0.041900740853329344,-0.435611172051506,-0.02299554597455456,0.08026768277702573,0.23886483069268669,-0.21116467037360098,0.093607948349438,0.013035361407862643,-0.09758455425950079,0.1659817675237721,-0.5013305922723928,-0.43829915337291575,-0.05899110480206128,-0.15080304155092583,-0.16899905863489567,0.42806799278151386,-0.3180759439426477,-0.15386976001531788,0.0005107310118104978
-0.06668556041021823,6.053678783109686,0.8272511013222293,0.1354922344211782,0.09165976524329833,-0.7562444290188357,0.6335098305670368,-0.34349304638157957,0.001480013757197693,0.2953183922503876,0.2739173012151086,-0.19623543248391753,-0.046390304812340445,-0.4331035659251209,-0.024019869347602703,0.07920804634461263,0.24118475163376604,-0.21195336769581757,0.09037951725515087,0.007412293272668143,-0.09944626180278557,0.16486369717278415,-0.5087389798682689,-0.4320405313103263,-0.05691139954454134,-0.1412514374639817,-0.16986172790888523,0.42628453514652526,-0.3110853483452804,-0.15177258365662633,0.000641414220925823
-0.06680790365625831,6.0540218417157545,0.8273355785881029,0.1342811461837089,0.09035328019866641,-0.7556894810398096,0.6346166297716397,-0.3330388164702424,-0.0007846224920968272,0.29830901622591227,0.2592043973235108,-0.19172687716393136,-0.049883285697110195,-0.4303196237031318,-0.02490928111058011,0.07767231092132791,0.24306829011307426,-0.21230298296399278,0.08732211287382786,0.001950197699744318,-0.10138954910152527,0.16404597931493883,-0.5171405234482819,-0.4257511274473588,-0.054799911643300545,-0.13127636818944335,-0.17016193948120562,0.42315658384592203,-0.3045809594749068,-0.14931039275116886,0.0008675015672611648
-0.06690526265125296,6.054373588021063,0.827391454893217,0.13308440924040685,0.08919116831693805,-0.7550396725300337,0.6358054485588589,-0.32407904351555156,-0.002709307582208264,0.29894614636502975,0.2470423097930186,-0.18825675060391955,-0.052206358513934306,-0.42732421757414124,-0.025683474153891116,0.07564189279110872,0.24425151565797124,-0.2124440686385912,0.08476948605549706,-0.0033377071772892537,-0.10386429349649766,0.1635163448701291,-0.526694846541085,-0.41960170711590333,-0.053099537943864905,-0.12123351191840372,-0.17001531831621286,0.41791256833123425,-0.29898120197783273,-0.14646878723187942,0.0011597165853924625
-0.0670086343209784,6.054862299150371,0.8273784047654656,0.13191070861774148,0.08817225655956334,-0.7542779616491797,0.6370949495134296,-0.31671863776386056,-0.004288111865753927,0.29729645405553984,0.23707939389265004,-0.18563152866550237,-0.053396309216948046,-0.4243023475513576,-0.02631663274592475,0.07322091308534484,0.24494402081602404,-0.21257502754859214,0.0826768931310418,-0.008439908067568084,-0.10694054359044025,0.1632834117172389,-0.5371486602612388,-0.4136404175168569,-0.05198669910237565,-0.11115767141818732,-0.16949250347243064,0.4108011233761214,-0.29452172149075145,-0.1432122813859119,0.0014530739198872443
-0.06709510888127572,6.055437878076966,0.8273398863438872,0.13077650408122637,0.08728619891008607,-0.7533938215965833,0.6384953993884517,-0.31054901739633584,-0.005604761537943331,0.2943270880709274,0.2286110753215386,-0.1835172851652781,-0.054032289885251,-0.4215641073946287,-0.026831978657933856,0.07049793262826254,0.24568386497331893,-0.21258812321412482,0.08037739009829495,-0.013343493618864836,-0.11047718264372981,0.163157924622339,-0.5483124042926427,-0.4077364042815361,-0.05136807143562716,-0.10106317045912003,-0.1687377780961922,0.40259432991438454,-0.29096153746185066,-0.13960301946336248,0.001717672313483015
-0.067265574971559,6.055978518974418,0.8272864268177281,0.12968113795182892,0.08651225861605043,-0.7523876828791165,0.6400087547998569,-0.30498912984728777,-0.006659137265164236,0.2911620974122426,0.220825466925216,-0.18153647609170806,-0.05468706662501137,-0.41933368966556495,-0.027170310013478246,0.06761348346906831,0.2470459190119894,-0.21236609257911743,0.07722167668458298,-0.018071184742158568,-0.11418891788459305,0.16317145763754645,-0.5598787586387931,-0.4017803905919609,-0.05093475366379892,-0.09091537040085938,-0.16774009610166377,0.3944345594843698,-0.2880774251356639,-0.13584788563637745,0.0019287909188780207
-0.06736341486344849,6.056674933114889,0.8271883417945513,0.12867507287726362,0.08586176374059892,-0.7512418717187053,0.6416433069268016,-0.30027240446050096,-0.00758335584431991,0.28787890642619274,0.2137063103156879,-0.17971733852449978,-0.05582839253855925,-0.4182416018212042,-0.027377436262936743,0.06477961220232378,0.24963206465006005,-0.21192541187975486,0.07227546174437216,-0.02275174567495239,-0.11833217871013223,0.16328983754385695,-0.5719731001759688,-0.396053623655419,-0.050330007023941234,-0.08110046577412876,-0.16672408623874793,0.38654688611360516,-0.2859483686755207,-0.13223115722413295,0.0021394779821917427
-0.0674596919356425,6.057026240569854,0.8270753561058141,0.12776949760045428,0.08543063378694744,-0.7503262908951802,0.6429518018367865,-0.29706628031791593,-0.007760985958388071,0.28535798096100523,0.2091683510635492,-0.17859149198998273,-0.05671322075365491,-0.4177246724217245,-0.027129149162476433,0.06293863402388876,0.2524086461038007,-0.21091760344463045,0.06771358915033497,-0.026949034410744446,-0.12028876943064976,0.1635690625217788,-0.5807489603516758,-0.3924908342874265,-0.050138874347647924,-0.07234250932720543,-0.16576630375683818,0.38152777967671897,-0.28352071491298486,-0.13056587565487543,0.0026164414689555794
-0.06760350211519467,6.057561954737648,0.8269201232269419,0.12682655629915723,0.08487935957700583,-0.748659139564998,0.6451511541343564,-0.29267640056766925,-0.008829397066420913,0.28035931162661093,0.2019367481288125,-0.17636757594391636,-0.05827014865655397,-0.41755382180121553,-0.02747430252254623,0.05890820504317055,0.25679938601745994,-0.21038460379083665,0.05957631641427801,-0.031813362197564234,-0.12588965807358363,0.16405155515197722,-0.5964687335607587,-0.38565600760023805,-0.04912005090562932,-0.06173169748615526,-0.16402646878215607,0.37202463653801354,-0.28284631969925117,-0.1273854554616715,0.002851064506418838
-0.06770638694921005,6.058163542412501,0.8267256913402056,0.12584864045724803,0.08442762742052716,-0.747242044212146,0.6470420564266728,-0.28898582240338033,-0.00935035332278834,0.27612613107729533,0.19613681298395474,-0.17480011241091345,-0.059704400875959046,-0.41679911460392716,-0.02761701697809628,0.05506188451491775,0.25988752817073235,-0.21039669939919722,0.053948026060094134,-0.03586230932321515,-0.130462266008654,0.1640505734435302,-0.6091529284123147,-0.37974640444114993,-0.0477393277433566,-0.05171144323786499,-0.16244272507171661,0.36429959294112124,-0.28271613971448,-0.12452667013473953,0.0029027836751655146
-0.0678077305393673,6.058667746154749,0.8265032184540977,0.12475901448034439,0.0840063198267608,-0.7458364766518625,0.6489268653943944,-0.2851420723709756,-0.009554201419576316,0.27200368069479547,0.1906272112920949,-0.17360568136776452,-0.06136397851208717,-0.41489998575693854,-0.027767877065142492,0.0505098019673688,0.261584820587562,-0.2108544487765806,0.05032433706899639,-0.039589530713224026,-0.13417811834028137,0.16386611880829777,-0.6203320888647941,-0.37452879021057156,-0.04639916768333514,-0.04174508471715732,-0.16072365353192544,0.35733024385545387,-0.28289376017694023,-0.1221353056008846,0.00299524706855073
-0.06806638240089538,6.058809196435181,0.826264054497055,0.12362870447296621,0.08371963529710305,-0.7447602182633536,0.6504146242116481,-0.28182902414659877,-0.008931623495089651,0.2691750183014543,0.1867795809691216,-0.17303738549036413,-0.0625174775015925,-0.4124623476105368,-0.027378159800507975,0.046889289386061045,0.262359800435313,-0.21105335560562974,0.04874973071502327,-0.042628200152564945,-0.13536454822689262,0.16391288297520035,-0.6273048292339201,-0.37152327129734536,-0.04602369545984498,-0.03311944162787661,-0.1588490586595838,0.3533691550375607,-0.28205540231850784,-0.12120092427718578,0.003389695926047006
-0.06825620455561841,6.059080499812337,0.8260724625920941,0.12242204793733459,0.08330184452140733,-0.742983159121202,0.6527248042938464,-0.27736486692497364,-0.009115141583711385,0.2639605077968211,0.1805505025188122,-0.1714786137921593,-0.06451100621087934,-0.40886049602349267,-0.027929977113900405,0.03996765215724517,0.2622985130623238,-0.2117574174908428,0.04678010170306405,-0.04638325266122955,-0.13928157120075615,0.16358670276966045,-0.6392106623011006,-0.3661299686392829,-0.045168021863657176,-0.02255914996250047,-0.1565684395597171,0.34582003864130245,-0.2835153417604438,-0.1197517611915844,0.003489718780291606
-0.06829567040876167,6.059464114282561,0.825917649322993,0.12129419589397934,0.08295912979022388,-0.741514519059759,0.6546462547440851,-0.27383385346468614,-0.009088308569815181,0.25975206910060866,0.17575734355814204,-0.17006853468017621,-0.06585922650172638,-0.40580790880156586,-0.028278800730888835,0.034314576980732384,0.2622044948616159,-0.21203177781988977,0.04554922415776901,-0.04934137503749881,-0.14244958532912025,0.16278237620373381,-0.6486532267216971,-0.3616365809637525,-0.044259332111214675,-0.013222954562042297,-0.15462446366499874,0.34022114351454025,-0.28501006747594615,-0.11857141900031072,0.003490633127223814
-0.06830658040904798,6.059678052237975,0.8258133227733084,0.1202667930284517,0.08269600027340647,-0.7404832106626122,0.6560349722082072,-0.27129399770292667,-0.008698726926291402,0.2572394106918833,0.1728855764560481,-0.1690823637521868,-0.06634137183719338,-0.40346395108689964,-0.02823776457581,0.030748644367374012,0.2625163921650623,-0.21185727150337094,0.04490547435251292,-0.05143273687489145,-0.14354965398476568,0.16207463856728818,-0.6544875138648868,-0.35927565403747447,-0.043950542708310954,-0.005869046322074192,-0.15284419983446298,0.3376649787928243,-0.2850906978626891,-0.11802785981624164,0.003802050038023729
-0.06828703740431723,6.0598938833231335,0.8257311286790697,0.11923351367574782,0.08237892502772823,-0.7392827941864478,0.6576154135569595,-0.2685782499980307,-0.008571322472761931,0.25427912995421953,0.16967700947171843,-0.16768900066698286,-0.06664507974077184,-0.4008063306465013,-0.028527179434754652,0.02637935186457497,0.2626220729627383,-0.2116741836394644,0.044432282869031475,-0.05345227728761208,-0.1451924699934634,0.16120356112674933,-0.661278826531126,-0.35668764249111123,-0.043661533832876916,0.0016412214889750037,-0.15097633478241,0.3349477093325271,-0.28580486628850754,-0.11755350836235091,0.0041242308066315415
-0.06820268959674224,6.060157548302769,0.8256904382837893,0.11822717253816326,0.08207671229118685,-0.7380143720110288,0.6592575639901824,-0.266042510446899,-0.008549569426504765,0.2510658138613648,0.1665378831242359,-0.16603672357099622,-0.06677366787928378,-0.3981681022405776,-0.028950131657105062,0.021675882428161243,0.26257916164876666,-0.21128748220531163,0.04410484855638649,-0.05526748600057886,-0.14710429680857995,0.16004626884285397,-0.6680226930336101,-0.35410555823934253,-0.043327367916165226,0.00896541523889546,-0.14903409501172113,0.3323397649462655,-0.28699515458122554,-0.11716935025232499,0.004363472854108055
-0.06812018888035133,6.060403322301462,0.8256485179154959,0.11722788493038903,0.08182038502130355,-0.7366737664114738,0.6609650591906111,-0.2638109652034331,-0.008435316869417108,0.24752833638097366,0.16377631468060797,-0.1643608986396081,-0.06675952071463899,-0.39564142262867086,-0.029325966514895663,0.01675061984122892,0.2625731963989647,-0.21051148789283441,0.04372217785998466,-0.056916875675093515,-0.1489456892982339,0.1586882364877604,-0.6740328393968974,-0.3517562911907531,-0.042981715958924575,0.016051133714108788,-0.1468405879339296,0.32990086027492627,-0.28839911298409565,-0.11699246745816558,0.004497411681857588
-0.06803490210777016,6.060678507869152,0.8255796888787966,0.11624144873220471,0.08164827944126749,-0.7352225761425454,0.6627739038248559,-0.26213296838303946,-0.008183518758390582,0.24350795958180027,0.1616325234977978,-0.16283902020974134,-0.06655447159950661,-0.39342146586952864,-0.029620191851745616,0.011611386961156931,0.2627347992343539,-0.2091795200560441,0.04324944083015325,-0.05844720455431636,-0.15067591250898638,0.1571468473597254,-0.6788235132138253,-0.3499030779265363,-0.0426736241498758,0.02270609906293191,-0.1443863599907629,0.32785460744208694,-0.28985026988366824,-0.11722253791552949,0.0045303006009917565
-0.0680084513648854,6.060894675545832,0.8255045128674149,0.11528210378095495,0.08154003539029504,-0.733685212089805,0.6646557520529901,-0.261006431357762,-0.007789494363627539,0.23910002228888438,0.16023729771406628,-0.16143605617494886,-0.06604575634401143,-0.3914441603665483,-0.029843731421022316,0.0063135221224728845,0.2630949267259598,-0.20732805635130436,0.0427795360051704,-0.05987836306092592,-0.15212934541039302,0.1554640870317141,-0.682335360093306,-0.34848026843412494,-0.04247043918799747,0.028918059590601577,-0.14160952007701755,0.32639414743970036,-0.29119990394682865,-0.11796702121308679,0.004480372144949188
-0.06794249619602752,6.0611398879019704,0.8254136231675411,0.11433073589608389,0.08146912785682713,-0.7321384456017647,0.6665317400600972,-0.26027064072721867,-0.00729728676547793,0.23448470785442446,0.15942624419512208,-0.16027512235339442,-0.0655354310082096,-0.389577663526757,-0.03001476959622744,0.0009640370423591588,0.2634876816724538,-0.2053526063194233,0.042139346718088465,-0.06124702676973897,-0.15325615450661786,0.1536964052478219,-0.684645917601635,-0.34769877553827366,-0.042441576359772325,0.034496933629395564,-0.13856538796528334,0.3250926435778812,-0.29255732146823615,-0.11917633876370143,0.004396383510218595
-0.0678883017335684,6.061410138232159,0.8252969218828061,0.11335131402530658,0.08140902745149142,-0.7306872202252352,0.6682965180648918,-0.2599583583426987,-0.006554435266766993,0.2299445792009645,0.15965257230751945,-0.15970724075837575,-0.06523816055513985,-0.3876103220503262,-0.030020999702614543,-0.004242861258489505,0.26378537605003216,-0.2036618648239639,0.04118886149291142,-0.062460831723956785,-0.15387224106688605,0.15207706359415615,-0.6859276020097079,-0.3475830102886376,-0.04268475368058965,0.03953327888918113,-0.1350532129410604,0.32334651633290884,-0.2940575093134932,-0.12062463707781577,0.004325913047851291
-0.06792771471203717,6.061598068732396,0.8251435005227714,0.11232038238699651,0.0813428403024163,-0.7289783017680979,0.670341785646155,-0.2600026716217975,-0.005716005454482329,0.22385334593424452,0.1605826196520746,-0.15947608032338298,-0.06530440263259665,-0.38489766593846164,-0.030167674336029852,-0.011221977499658574,0.26350654887205033,-0.20212156273021492,0.03920761434936087,-0.06411840627275602,-0.1541444810793178,0.15056671225584792,-0.6866655632704728,-0.3480231841340142,-0.04380695780928194,0.04549941240086159,-0.13054590862348833,0.3189049907043643,-0.29701605539699394,-0.12327559785353003,0.003982269892247389
-0.06794783519203423,6.061699150178066,0.8249689055254187,0.11131053262389588,0.0813380905289532,-0.7276670718676247,0.6719335628435944,-0.2598621384209292,-0.0045343186012187,0.21953358011372906,0.16154283393572078,-0.1596262372135181,-0.06597582857235633,-0.38257352970509334,-0.02976399454270861,-0.016345778902316456,0.263509220541316,-0.2011914771679188,0.036861214906167714,-0.064906588471899,-0.15317782097168203,0.14942566729977538,-0.6857892548835893,-0.34995829795163574,-0.04567730248467468,0.05034175234525803,-0.1257532037776811,0.31446513842535995,-0.2994122628785763,-0.12487469891173167,0.0038764995611150622
-0.06809898534469529,6.061760366613897,0.8247800548597324,0.11029307390472888,0.08136119881059775,-0.7264723311907736,0.6733897424159301,-0.2596705276616671,-0.0031389040084073864,0.21574100396545123,0.16258165423004958,-0.159967473362873,-0.06666781122177534,-0.3802294318869144,-0.029098099377629125,-0.020981627583496185,0.26347839593699135,-0.20049229685945202,0.034508174231272316,-0.0653635369768894,-0.15154885871419152,0.14869988343950757,-0.6838213504645223,-0.35277819610627126,-0.04831920742350593,0.05449995666907492,-0.12047704849167257,0.30977602546273303,-0.3017257847911893,-0.12559571953730606,0.003855598544494231
-0.06820175407210964,6.06181404841788,0.8245890948749877,0.10929434286598347,0.08138079769192821,-0.7253593240159532,0.6747486668735544,-0.2595089023454527,-0.0017734265625113839,0.21222163190590188,0.16376214983050846,-0.16044508536526444,-0.06721102279802048,-0.3777734143532265,-0.028435524928946875,-0.025352149635947254,0.263189730423197,-0.1999373921400798,0.03238253722174538,-0.06560426761295104,-0.1495987563646905,0.14797956759306974,-0.6811456169703335,-0.3561528367198436,-0.05161766628974549,0.05794805954422616,-0.11522549121196099,0.3051389903195954,-0.30408860045631164,-0.12585164108899158,0.00385275340001425
-0.06827498087578,6.061828186970606,0.8244061362324642,0.10831465780150297,0.08139041972664782,-0.724335856546429,0.6760037732167001,-0.2593413254821955,-0.0004567167848233414,0.20902049297814287,0.16508333504923556,-0.16100190027063652,-0.0674390659075751,-0.3751128206731686,-0.027794616489882136,-0.029438759795133673,0.2625336642089627,-0.19950040841612268,0.03065057181825207,-0.06567551381803634,-0.14731188553483493,0.14726383891004352,-0.6777286889646079,-0.3599170216597208,-0.055625363111714086,0.06085926492660448,-0.10995496613747896,0.30048477616193686,-0.3067675293168628,-0.12630782224410195,0.0038435231119074353
-0.06835044021097693,6.061805675150028,0.8242263374330783,0.10735900261096976,0.0813887005874846,-0.7233962417851268,0.6771615769860354,-0.2591450246806875,0.0008459890131457511,0.20610869515685992,0.16647125869854135,-0.1616111049497087,-0.06747741838317209,-0.3722697656462542,-0.027133478004675436,-0.03328780168146671,0.26155149560075486,-0.1992007201019364,0.02914938137955429,-0.06556736375903024,-0.14467470601936516,0.14662896865310332,-0.6735248526893028,-0.36412371863051723,-0.06035658236475912,0.0633189834559002,-0.10458803694373967,0.2956896204369901,-0.30987587002981404,-0.12723967087177068,0.003822771741043693
-0.06840679882172901,6.061781461151502,0.8240659798413734,0.10641773422467111,0.08139612348518932,-0.7225099379968785,0.6782546176914829,-0.25894787165671246,0.0021322496582789844,0.20336756303232173,0.16789004059279924,-0.16227435266497206,-0.06737349263003203,-0.3693665238218694,-0.02645875486695489,-0.03697283557645484,0.26039193069627503,-0.19895963629583172,0.027862695474091256,-0.06525232943244891,-0.14188055200356248,0.14603921444467924,-0.6687058153361904,-0.36865313432082497,-0.06549372439846327,0.06515020915524636,-0.09929484886603922,0.29129258047582196,-0.3129994182521258,-0.12830120305962353,0.003773732707978884
-0.06842528503065017,6.0617515924166465,0.8239109936585821,0.10548538806249173,0.08141499536447408,-0.7216441099004889,0.6793189310486208,-0.25878159059876565,0.0033814170600313625,0.20067348330269147,0.1693513531724489,-0.1629737816025292,-0.06715349837673544,-0.3665364137068514,-0.02581179094327322,-0.04057998602317439,0.25928942749825784,-0.19872820759319937,0.026773592038366056,-0.06473350872111207,-0.13907071363720994,0.14546364404358358,-0.6635196092549087,-0.37331853764762885,-0.07044825775598339,0.06622062655226876,-0.0943322682469818,0.28793108184135796,-0.3155681924166459,-0.1287096084954957,0.0036833765921711593
-0.06840526825537777,6.061696021033175,0.8237577153084065,0.10458407737202915,0.08142982318711182,-0.7207981708588983,0.6803538428953164,-0.25862520711154574,0.00451729337136379,0.19804175816529396,0.17085353033059109,-0.1637189422764499,-0.06675029050200347,-0.36386897353749786,-0.025274632505667853,-0.04407152194971703,0.2583965457097211,-0.19855178738635354,0.025934226316708567,-0.06402078261678686,-0.1363091823206976,0.1449268240458181,-0.6582423828863064,-0.37796454657625855,-0.07452714968504043,0.06650092051225769,-0.08982004863180489,0.28578754386645244,-0.3173439622064465,-0.12767261200357305,0.0035782578280370656
-0.0683762094274547,6.0616355010751315,0.8236046643180122,0.10371221287489044,0.08142824930312882,-0.7200230902620399,0.6813075418674923,-0.25904216829017024,0.005702254822845191,0.19547893337967756,0.1735633823669189,-0.16499962753613742,-0.06616739240124878,-0.3613229697644154,-0.024785549295794535,-0.047317479180241935,0.2576308336995112,-0.1984730611647114,0.025343440634280113,-0.0630154845519089,-0.13355094659884179,0.14447883679705525,-0.6527441163990932,-0.38260053398217364,-0.07740881342007365,0.06607507744519607,-0.0856857191066434,0.2845514539961541,-0.3184585094758082,-0.12491956566676819,0.0034706621467605267
-0.06835065865256168,6.061545687001089,0.8234644963643009,0.10285194130871579,0.08142899859314082,-0.7192777173429379,0.6822245683725272,-0.2595637126624633,0.006903297912420505,0.19295097911474535,0.17652732907316593,-0.16646251032031248,-0.06550031050186651,-0.3588134427324731,-0.024288325962826054,-0.05045372538098603,0.25692431626240264,-0.19843644533283752,0.024914860549223046,-0.06185574271827831,-0.13066391664967839,0.1440851963438332,-0.6467158958188105,-0.3872686422929841,-0.07917938335073318,0.06504203595029037,-0.0819283579801003,0.2841334019360235,-0.3187882268211691,-0.12049145856549152,0.003331745862118297
-0.06831421314222776,6.061404708747711,0.8233201505891027,0.1019621008362254,0.08145477774342325,-0.71854982402539,0.6831215115694393,-0.2600701151776343,0.008174439229227882,0.19042139453223506,0.1795814379842323,-0.16801778015696464,-0.06484538445162502,-0.35622388168869185,-0.02372262284529081,-0.05358166984008183,0.2561914906874447,-0.19841401287437913,0.0245836135812394,-0.06064027413434022,-0.12746012149055377,0.14368168692624367,-0.6397302240243626,-0.39209592182684216,-0.0802477963208794,0.06353105351130552,-0.07864657049669911,0.2845334350733926,-0.3182190107450131,-0.11468938315566679,0.003135872506951326
-0.06827561294047221,6.061292138478808,0.8231770962288866,0.10106973063667178,0.0814848204463876,-0.7178214182899079,0.6840157491097097,-0.26059583520857604,0.00946224152701869,0.18779631448206116,0.1826599531607525,-0.16964637320138426,-0.06429798873082945,-0.35361132073964296,-0.02312993957498288,-0.056734143855044473,0.25544385339654957,-0.19848147576384095,0.02434649849696217,-0.05945484217058098,-0.12384390784704438,0.1432002176472163,-0.6311302240419694,-0.39724748157543804,-0.08102189905046238,0.06155056090175322,-0.07583047662286457,0.2852760429172799,-0.316653693862659,-0.10777805697844241,0.0028932817205675476
-0.06821682355535305,6.061098757089516,0.8230324706524651,0.10018893313207355,0.0815056315389286,-0.7171016864220513,0.6848972047219561,-0.2610667877439984,0.010705992798708543,0.18514650545285308,0.18578193150026354,-0.17129771336236804,-0.06379294170959066,-0.35095200331219956,-0.022585769345759468,-0.05988951532919887,0.25474226686609835,-0.19861923423436695,0.024203437051617514,-0.05828518236865638,-0.11966486227757728,0.14263541449707406,-0.6211658358725726,-0.40274709846339246,-0.08168874817264399,0.059267448045943465,-0.07361584849096398,0.28646703778361315,-0.31397790235439443,-0.09978108167926876,0.0026296663329568176
-0.06818160873460463,6.060851346101831,0.8229049736992102,0.099314287440711,0.08152666774148115,-0.7164081100850413,0.6857473985087332,-0.26150002544606904,0.011961628049254193,0.18257627954686034,0.18889584319826613,-0.17290268141727552,-0.06325984016168694,-0.34829386970053083,-0.022016989198234128,-0.06296885935166573,0.2540628846213199,-0.19871857799608625,0.024123721077785824,-0.05706789558077081,-0.11528429840586661,0.14212206328322263,-0.6106080966751534,-0.40829595683311704,-0.08236637504939553,0.05668604396808164,-0.0721835946312483,0.2891295686669356,-0.3105219956382658,-0.09077133618487007,0.0023730341353781163
-0.06813697131758024,6.060677638083232,0.8227762652748101,0.09843911802318858,0.0815488754812331,-0.7157582323515973,0.6865491051421448,-0.2619421217854175,0.013238094881066491,0.1801583687655859,0.19196621810466677,-0.1745356707745227,-0.06277881541985027,-0.34573117556566296,-0.021392039617888173,-0.06590313596864693,0.2533963231345423,-0.19881111931348502,0.023983420444972484,-0.055861812732739866,-0.11115699804129724,0.14171589050029673,-0.600269804602689,-0.41362821516453563,-0.0830577320116742,0.053663895615687726,-0.07182851730612096,0.2945201031813153,-0.3068303186127437,-0.0809216801309234,0.0021243946306573384
-0.06805753759058118,6.060508604054474,0.822664756838981,0.09757183264297417,0.08158441047195626,-0.7151509078346773,0.6873011715877339,-0.26243137564319724,0.014516466712759543,0.17790691056638136,0.19505276223127052,-0.17612431517195015,-0.06230119498549741,-0.3432887749408525,-0.020733928513960484,-0.0686799095285715,0.2527646921705261,-0.1987934630412907,0.023703035405433687,-0.05469717105531764,-0.10730023847203671,0.1413041813983673,-0.5903692040245354,-0.4184895447435719,-0.08377785360250863,0.050157072568310146,-0.07266330922680278,0.30343862486764306,-0.30279931190211135,-0.07024698356869337,0.0018591535350709954
-0.0680099411761569,6.060348751409889,0.8225640533523022,0.09672099854362066,0.08161405094571551,-0.7145777534435418,0.6880136840300022,-0.2629253055409926,0.01581153465375489,0.17579792810455708,0.1981190981414169,-0.17767620452876165,-0.061799327972659926,-0.3409157758577513,-0.020030580966499498,-0.07132281109024584,0.2521526890133596,-0.1987215540760938,0.023363331616986678,-0.05349840928216114,-0.10368019613754564,0.1408819911755078,-0.5806048983235376,-0.42288151417728265,-0.08452384180767465,0.046249162417820566,-0.07443902607280799,0.31541354764174256,-0.29843471903878893,-0.058873147133332644,0.001595878486639308
-0.06799324947933238,6.060229181369783,0.8224503256490452,0.09586892900259932,0.08161409927664764,-0.7140612820479164,0.6886688411212183,-0.26330068784077143,0.01709592872714723,0.17390244021049764,0.2010717603331322,-0.17925099817144066,-0.0613205445533149,-0.3386058775683023,-0.019316168740738264,-0.07376620991224574,0.25163471933071696,-0.19870684232339797,0.023058716087670617,-0.05231591023844492,-0.10025026119864028,0.14050655421054478,-0.5710939904327209,-0.4268907078415743,-0.08517144839872179,0.04213867248670139,-0.07700189495827821,0.3297860941902299,-0.29418254236234437,-0.047254827764932304,0.0013710585078550615
-0.06797726460100703,6.060106603672899,0.8223363631915047,0.09500948319101536,0.08154513340190388,-0.7136212691888458,0.6892519666156509,-0.26333051368304594,0.018321315161672364,0.17228433390122525,0.20372577696443006,-0.18076442119490135,-0.06101035429582843,-0.33624178124199466,-0.0186460076658379,-0.07601427534720093,0.251189775049596,-0.19877466595531293,0.02275857914806159,-0.05112196837180129,-0.09696728201652524,0.1401464235508843,-0.5621649434723524,-0.43044125040984826,-0.08550416025913679,0.03817380459284315,-0.08022942666616462,0.3458250411454144,-0.29048395588243864,-0.03606557238466419,0.0012237875269179882
-0.06798315220483866,6.059949169016049,0.8222324263017771,0.09410353393036026,0.0813890144454778,-0.713268943561956,0.6897592097097524,-0.26286483361182433,0.01957631966700012,0.17099447217536096,0.20601577366459842,-0.18215643434417994,-0.06097475460639115,-0.3336561832728015,-0.017947416352184314,-0.07810492321351736,0.2507277551575053,-0.19887227835643836,0.022427715121373752,-0.049731289327345274,-0.09391763520915128,0.13981723511049718,-0.5541056857814242,-0.4333674458808467,-0.08523453420167286,0.034506827537927436,-0.08415481571593436,0.3642621493228925,-0.28745139649183743,-0.02603067637237388,0.001123941614165483
-0.06802881961090547,6.059742628189725,0.8221314891909748,0.09315406938526648,0.0811798185625746,-0.7129937957697888,0.690197075920277,-0.26197804275219366,0.020878950562443776,0.17004155597742243,0.20796746138594885,-0.18343136976407295,-0.06108940478774795,-0.3308910271972864,-0.0171951014675054,-0.080027648379811,0.250237261640464,-0.19895703039681267,0.02212501776757917,-0.04818486162267013,-0.09107067344634133,0.13953440477838394,-0.5468126465776432,-0.4357018451204921,-0.08421216131416685,0.03100438406102426,-0.08869834570142411,0.3853216930994138,-0.2849591525884967,-0.017501952593479295,0.00103458479645016
-0.06807817452187237,6.059526060719353,0.8220378093427078,0.09224601794348754,0.08093022647890244,-0.7127845558556988,0.6905643688674047,-0.26085163359673214,0.022056169379827878,0.16936004808726077,0.2095662112659096,-0.18456380760351282,-0.06125920222013119,-0.32817582262008393,-0.016529493788387983,-0.08173652624530751,0.2497659154569052,-0.19904982263467513,0.021861914403969226,-0.04672674467706333,-0.08838880484779495,0.13924955748316367,-0.5400462480226518,-0.43756650782260686,-0.08249500149933206,0.027564487554188288,-0.09358158801992715,0.40720487075214823,-0.2832171629666661,-0.010380511728342798,0.0009962206184424497
-0.06808893882493341,6.059341471259248,0.8219490077370258,0.09147936939481124,0.08064525752611106,-0.7126141087209149,0.6908755310948352,-0.2596717438492597,0.022908243491927608,0.16883482859694052,0.21076867245065958,-0.18550796244012285,-0.06141964563621209,-0.3257934906189262,-0.01611589584910027,-0.08322478432967476,0.24943951876557213,-0.19922342664981585,0.02159997095351526,-0.04551963440973275,-0.08588491966630599,0.1389171356359087,-0.5336233208922234,-0.4391220787511616,-0.0803118245185894,0.02422154327025218,-0.09852746438325143,0.42760373772381066,-0.28258154327511675,-0.004091618901292637,0.001043181521825593
-0.06807525051824027,6.059199705094998,0.8218649266931775,0.09085457317253834,0.08035395938931127,-0.7124937499064941,0.6911160134798491,-0.2584955959166236,0.023448739832746972,0.16846853975485485,0.2115705074585402,-0.18626935288384042,-0.061464895619545205,-0.32382854390868154,-0.01593515788644704,-0.0844506258820369,0.24930929015991102,-0.199490308948116,0.021422904638696325,-0.04453912468231669,-0.08358724518736363,0.1385896057747759,-0.5274428921797111,-0.44039709972909596,-0.07790727751462266,0.02103549091358462,-0.10336066359574594,0.4452081322941816,-0.28340424875553255,0.0022050434128648463,0.0011649309210543747
-0.0680010647357543,6.058972997864968,0.8217921570192327,0.09032049633112611,0.08005118585277676,-0.7124241517783532,0.691292878271545,-0.2571531154010629,0.0237574986102573,0.16827655181131243,0.2119897469141041,-0.18679842175457387,-0.06147617014042366,-0.3220629076872459,-0.01593839894031087,-0.08550216721663496,0.24931966712332726,-0.1997714647764221,0.02122986894112828,-0.04359143846919763,-0.0814711544053604,0.13819218885034926,-0.5217759854647603,-0.4412702398610177,-0.07539417747438774,0.018100479498038315,-0.10830300470954679,0.46070990842325626,-0.28553609968567417,0.009009175109307412,0.0013109799762860465
-0.0679599558823982,6.058747806245912,0.8217280481700253,0.08984248869051864,0.07974912342632529,-0.7123768990902205,0.6914387595306097,-0.2557523626846188,0.02397931245073425,0.1682030364379412,0.21215442562626785,-0.18718782347122112,-0.06140594195982566,-0.3204349234834135,-0.015983618500845613,-0.08641187390984663,0.24937425126491608,-0.200067035165173,0.021111928413174785,-0.04261284754143124,-0.07974793031666348,0.13790340617229965,-0.5166823957590735,-0.44174504229081873,-0.0727879218994257,0.015217277683289041,-0.11333017662897156,0.47513904438051285,-0.28874622468028843,0.01627957635583401,0.0014344599567464352
-0.06791451274944824,6.058609309403193,0.8216676085941755,0.08939845813851204,0.07943778927051336,-0.7123213536086955,0.6915893597441662,-0.25436489733166895,0.024139041387052945,0.16813347108666254,0.2121949177296416,-0.18755979124611113,-0.061382626334417614,-0.31889452715613437,-0.01606055098895626,-0.08726004597560555,0.24940693464931268,-0.2004208291328126,0.021009971855996384,-0.04156703962819331,-0.0785345097426386,0.1376774280957212,-0.5123737687641988,-0.44191494404352,-0.0700263445108244,0.012198178043690926,-0.11856908602574258,0.4895324836332162,-0.29249100332993444,0.02356412855544503,0.0015150343272620826
-0.0678478769926556,6.058272810972037,0.8216086834829462,0.08893595771074324,0.0791139580263579,-0.7122438226003889,0.691765938912189,-0.2527531859728254,0.024284513475294277,0.16809046057726915,0.21215471909729003,-0.1877773545278261,-0.06133238179530823,-0.3171235529370971,-0.016166706021369808,-0.08816734791068379,0.2493511596084912,-0.2006467941700461,0.02088632255902104,-0.04048003700419271,-0.07747714077967542,0.13748887544845145,-0.5092531791255666,-0.4416072547009662,-0.06701847123237639,0.009268620940267489,-0.12399534531153625,0.5049111572054565,-0.29604332658969834,0.030331021094526706,0.0015502811729677392
-0.06784452087583188,6.058034361564318,0.8215634695629332,0.08849758943796197,0.07877694664604767,-0.712158177426512,0.6919487695381387,-0.25112907837463194,0.024413649589331524,0.16806523082312266,0.21195695105463017,-0.18796218373103207,-0.06125267302893747,-0.31536014699568454,-0.016254876517570422,-0.08902567586346652,0.24917446723483652,-0.20088315235237938,0.020867669472824018,-0.03946037980943099,-0.07697594367804396,0.1374488887139252,-0.506922709830093,-0.44081142886093116,-0.06370391231479748,0.006035244377409804,-0.12939486563942493,0.5209524630049925,-0.2997131607890343,0.03627296881106853,0.001574254864574992
-0.06785415078936642,6.057893358769264,0.8215199514906067,0.08809996818145546,0.07844315779336661,-0.712089772876016,0.6921078109422082,-0.24956125011017347,0.024478512328898184,0.16811095166772905,0.2116450433002272,-0.1881517650410034,-0.06114311402271191,-0.3137572755805633,-0.016370587184622885,-0.0897583504370923,0.24901385047666053,-0.20116715519410475,0.020921527215588757,-0.03852311541683832,-0.0767746962803008,0.13742573108244704,-0.505041982848412,-0.4397754763345034,-0.06012394078887848,0.002627295319151798,-0.13466444434498034,0.5366193891759016,-0.30347266283624924,0.041380529880873755,0.0016075410435431696
-0.06782928913425992,6.057779856240892,0.8214871737531483,0.08778106176645353,0.07812180088127539,-0.7120622231898935,0.6922130161504384,-0.248094558356838,0.0244187785724545,0.16827077947207625,0.21123692761910048,-0.18827168154997606,-0.061034658088590224,-0.3124487955189499,-0.016580444221171692,-0.09031107140061673,0.24900454691343565,-0.20147843576493435,0.020945949112213404,-0.03766866833441126,-0.07660062721637617,0.1372875749907877,-0.5032736331702984,-0.4386683182229811,-0.05642388824333052,-0.0007585304035637539,-0.13966733202519294,0.550714912360102,-0.30728147658709615,0.04591455148952964,0.0016603445306335408
-0.06781373887911041,6.057596986680792,0.8214502341405063,0.08753835513708827,0.07780999563325734,-0.7120997801419343,0.6922402358150344,-0.24664503648721117,0.02427127459906975,0.16865895568668118,0.2107361112752625,-0.18830126798385152,-0.06082441728161392,-0.3114096482020192,-0.01686196330804957,-0.09062104752180106,0.24921855200953297,-0.20180353113367935,0.02096611023906454,-0.03683963835791081,-0.07627515826089823,0.13707405294329503,-0.501418851264804,-0.4375326529395784,-0.05275160665253158,-0.003977227286538539,-0.1443011165136254,0.5628315219336393,-0.31114793587468864,0.05040588252420893,0.0017176009979024734
-0.06774122617876811,6.057452883811146,0.821420908736028,0.08735889087745974,0.07750945120780615,-0.7121873439076558,0.6922065416737142,-0.24527513630235706,0.02400837967757845,0.16919140074276356,0.21015143262238795,-0.18828821015253897,-0.060617957126902794,-0.31066077836739037,-0.017229025504019425,-0.09071881538630622,0.24960679738299063,-0.20218164437180697,0.020932071405923434,-0.036010605238974626,-0.07608204875641877,0.13672878599338062,-0.4996630668190587,-0.4363648379464418,-0.04918202414686221,-0.007245706538489693,-0.14874825819517704,0.5732444137712848,-0.3150809183349888,0.05511847840327739,0.0017817659506281392
-0.06766088674262559,6.057296550110558,0.8214029388426397,0.08723253002451156,0.07722789594399972,-0.712286208190726,0.6921522198294705,-0.24396787152772528,0.023687821207385454,0.16977233038157657,0.2094796682701941,-0.1881883305597027,-0.0604245974379743,-0.3100896853258273,-0.017631902223457382,-0.09072236699449447,0.2500832022352885,-0.20255947258739282,0.020869703806315518,-0.03522502403618664,-0.07600190214518639,0.13635763155914826,-0.4981341615390975,-0.4351090639290315,-0.045798665799784144,-0.010435921185878123,-0.15290922983700034,0.5821022679092812,-0.3190032885697332,0.059802941801053375,0.001844635734919785
-0.0676136690954611,6.057114014959956,0.8213777175010429,0.08713345324942237,0.07698665476271228,-0.7123560451202479,0.6921197015646338,-0.24278398463633413,0.023392861791655804,0.1702780065185548,0.20880853034805613,-0.18803371436830227,-0.06023254869687285,-0.3096276935741744,-0.01800028688376176,-0.09074407811453396,0.250595248388953,-0.20291496608343057,0.020838755319293526,-0.03452776592296278,-0.07605510609597693,0.13606877635034823,-0.4969678887020503,-0.43383936821094266,-0.042678412124292985,-0.013460350338733499,-0.1567047294607472,0.5895146980803135,-0.3228381787256867,0.06382007053420799,0.0019006194351041394
-0.0675968476004889,6.056966564490449,0.8213468455692519,0.08708942642121417,0.07678756373864468,-0.7123785111258274,0.6921242364972184,-0.24184472479125788,0.023108069730233348,0.17061745509762247,0.2081729009927615,-0.18784335333519825,-0.06015858607215391,-0.3093502945938754,-0.018340815744097638,-0.09082016672412033,0.2511259132704306,-0.2032807735332279,0.02079653387087422,-0.033969534322993405,-0.07638164339836438,0.1358457466387669,-0.4962271155003147,-0.4325252201112829,-0.03990384040887874,-0.016408356584338576,-0.1601678549211443,0.5955528520214052,-0.32655054389474325,0.06656729899891575,0.0019490014797895726
-0.06758128899858619,6.05686161692068,0.8213247603069816,0.08708396082004549,0.07663841133535226,-0.7123750376652657,0.6921450306021839,-0.24110228110252938,0.022816555133955568,0.1708519744492398,0.2075344028014359,-0.18762787869099384,-0.06015391412458519,-0.30926414845889894,-0.018668444625181704,-0.09090090084872583,0.251676671390672,-0.20362049258012013,0.02077573267659587,-0.03355076906458402,-0.07693891656480446,0.135635857608823,-0.4958673492277337,-0.43116334875710594,-0.03750815085146326,-0.01930977624873717,-0.16331702473582826,0.6002339203899428,-0.3300650801041221,0.06780724780390558,0.001991907907996026
-0.06756041602308152,6.056763507627795,0.8212942705496096,0.08709835646591513,0.07650217611821768,-0.7123576050429818,0.6921762318135039,-0.2404594091305838,0.0225147415288896,0.17102124780817068,0.20695565514048037,-0.18742449328998773,-0.060159535546716804,-0.30925208030345813,-0.019006059730276522,-0.09100331955811203,0.2522673975647963,-0.20399009285592212,0.020744374887840845,-0.03320298918436298,-0.07759023954324987,0.13540774728087737,-0.49581931524159595,-0.42983147164470953,-0.03546675252424804,-0.02202262709287291,-0.1661712497708121,0.6035393280485737,-0.33340412525212487,0.06740787944249226,0.002032909243458726
-0.0675328767761728,6.056675908981171,0.8212684751987853,0.0871153396045888,0.07635500619394715,-0.7123375293740553,0.6922110045932288,-0.23983828463908116,0.022199446071381378,0.17115684821620383,0.20648348520637122,-0.187304999026405,-0.060091249279286975,-0.30920843911026274,-0.019367969604176118,-0.09113327051882032,0.252848431372883,-0.20439863567588548,0.02071862068139742,-0.032866701119291256,-0.07827854441324678,0.13514627428181233,-0.4960133582434119,-0.4285892374025366,-0.03370929534552069,-0.024485783519236155,-0.16869097333358946,0.6053967274744848,-0.33658050896399194,0.065328923816941,0.002075482283755018
-0.06751406617739093,6.056544103165724,0.8212549088060078,0.08711345290209632,0.07619101429367421,-0.7123290932043713,0.6922379927734494,-0.23915162696107276,0.02190912273286842,0.17132379638798426,0.20614322762131362,-0.1872849282869786,-0.059834960568773264,-0.3090282924036626,-0.019721029404762874,-0.09129725101204944,0.25336955983723974,-0.20477746828644505,0.020700688468680523,-0.03252498926724611,-0.07885256960690491,0.13488717010255774,-0.4964118775609488,-0.4274828271304129,-0.03214879791051988,-0.026589990491400574,-0.1707449540944977,0.6055155693624942,-0.33947453052428417,0.06116212624155779,0.0021170934574672976
-0.06751070908973489,6.05639595309402,0.8212228551700457,0.08710433146275233,0.07602453304517155,-0.7123255684669497,0.6922610709291172,-0.2384751453201272,0.021647450123969573,0.1714990915210396,0.20593068270830786,-0.18738906374903208,-0.05942776822713855,-0.3087928027104032,-0.020059801198766637,-0.09147599008878422,0.253869633297425,-0.20518093607999863,0.02071338190362755,-0.03219430420231199,-0.07936299925780117,0.13468120323737415,-0.49704559973407814,-0.42659637854940774,-0.030749037929173467,-0.028378729513544892,-0.17237396049363543,0.6039750887213043,-0.34218046761087334,0.0547031285921502,0.002154188277774004
-0.06752049706836144,6.056229357495863,0.8211959576606691,0.08709748875197046,0.07586830059996409,-0.7123073686835825,0.692297797870429,-0.23786641870602382,0.021396811432217486,0.1716212840795786,0.20579874991223862,-0.18749474728771945,-0.058953678828977875,-0.3085571526396647,-0.020393435430687328,-0.09168358948242147,0.25436896769293316,-0.20557102106580685,0.02077166026979206,-0.031868968752699615,-0.07992366373767923,0.1344876820021749,-0.4979789949807287,-0.4258267718591239,-0.029551158117919158,-0.02997760204278782,-0.1737114952277298,0.6014458686734061,-0.34472595223298214,0.04658399022407918,0.002176163585349204
-0.067510782889212,6.056007209015817,0.8211658335963825,0.08710712406575605,0.0757106322453906,-0.7122526170151252,0.6923701745866168,-0.2372942537345562,0.02110539741290104,0.17161368558383913,0.20565342019459693,-0.18747419369663848,-0.05859627074369654,-0.3083285705736489,-0.020779768448724492,-0.09197444851868725,0.25490332561511586,-0.20595498116662003,0.02080988904402728,-0.03162962091446406,-0.08052398347592944,0.13426013647335705,-0.4992406590595721,-0.4251729611829463,-0.028639825986450606,-0.03154052653908709,-0.17491073708258353,0.5987410721899731,-0.34717067409158725,0.03803470478120787,0.0021645633372860333
-0.06751943858293878,6.055884154365936,0.8211336679145863,0.08713274237625471,0.07555841830738876,-0.7121468900934546,0.6924923231048129,-0.23688002657742296,0.020763281939978926,0.1714431101585304,0.20546924389011176,-0.1873590727934778,-0.058340439022020206,-0.3082735939243741,-0.021219050964008928,-0.09229858438014572,0.2555897774424807,-0.20645550803622711,0.020974317681460495,-0.031931714655803425,-0.08115874368176702,0.13414990408423177,-0.5003488352108401,-0.4247553951752204,-0.028094880419674662,-0.03361869557649649,-0.17577105396596746,0.5962370079261351,-0.3495424992544677,0.03021366080346373,0.0020622569775577367
-0.06750340925873216,6.055756477973275,0.8210993005121078,0.08719406810404125,0.07545279445853272,-0.7119814543068914,0.6926662103920694,-0.23665605031761397,0.02038432475595613,0.17104979085004485,0.20528927621457135,-0.18715157723442408,-0.058178562757554314,-0.30836293176158663,-0.02169517501527065,-0.09273740557324976,0.2563551935433535,-0.20702474550199024,0.02118153918757293,-0.03163258593701684,-0.08235765332729875,0.1339203712659972,-0.5023448087086438,-0.4244138383778607,-0.028007616074213076,-0.03506051297123327,-0.1765433773819235,0.5924144307754289,-0.3523138225951426,0.02355412668307391,0.0021579510239793406
-0.06743695888030472,6.055670956244481,0.8210548300590053,0.08727339506908843,0.07532556215193015,-0.7118121401952243,0.6928440598506314,-0.236477198880156,0.019914618710802492,0.1705945522670685,0.20512261562779077,-0.18693687872427753,-0.05815356926858323,-0.30853246851222,-0.022260902546101743,-0.0931582563230293,0.25718757218108523,-0.20765133758864007,0.021347783811942616,-0.03171948267395199,-0.083459281685849,0.13368559015660245,-0.5043571342097495,-0.4242927580916682,-0.02828689522588206,-0.03675256236319132,-0.17721152173120355,0.588695005640513,-0.3552214977971316,0.018193366254880848,0.002115162285331668
-0.06739419585465217,6.055598231254685,0.821031328296676,0.08731452365287247,0.07523383460156559,-0.7116470359495358,0.6930184271104606,-0.23631591211826694,0.01958488102053779,0.17010146841717466,0.204988841433419,-0.1867731302558192,-0.05817049947622659,-0.3085870099949304,-0.0226722250214855,-0.09360202153004953,0.2578012521213781,-0.20814060849499913,0.021505114746543607,-0.0314922347816895,-0.08476545096894124,0.13350118448615467,-0.5067737725823396,-0.4242689266344283,-0.02888183569816096,-0.03835106802290994,-0.1776504478296031,0.585175572904729,-0.3580703514545832,0.013886690026602904,0.0021100193262706844
-0.06738831402816817,6.055492620915432,0.8210279193152331,0.087303005270888,0.07513535621089526,-0.7114721952467414,0.6932100539580455,-0.23601692153374823,0.019376972706682146,0.1695591699029923,0.2048590764508163,-0.1866770504816179,-0.058278824481728796,-0.3082945935624059,-0.022962797881338936,-0.09414000690584785,0.25803052350455213,-0.20842870651477036,0.021647458251865065,-0.03145204379254947,-0.0858835243547796,0.1334569414854767,-0.5093646524899524,-0.42443264563073096,-0.029744958636162486,-0.04006158864890534,-0.1778930863512552,0.5826167949582526,-0.36080311161870177,0.010537374725041775,0.0020337192703084165
-0.06741235697685993,6.055384814090343,0.8210365243892547,0.0872443438993414,0.07505011940347918,-0.7112821803100844,0.6934216350882269,-0.23566350526473334,0.019285489692318605,0.1689401436418551,0.20473224091242426,-0.186632951499507,-0.058464295123544015,-0.30773431518655464,-0.023131218420230894,-0.0947827204898787,0.25790398021898336,-0.20853748690332563,0.021807714549331236,-0.031456648379834085,-0.086953992245761,0.1335272677244084,-0.5122242498363131,-0.4248333573031612,-0.030867933612902493,-0.041801208783412445,-0.17792478338440862,0.5806854275160753,-0.36346266314274217,0.008111880933442556,0.001964251049514228
-0.06742521293382649,6.055313106678953,0.821028422948525,0.08720898409707278,0.07499664571176626,-0.7111381292069978,0.6935795970274152,-0.23545671505326035,0.01920823277199857,0.16842168688857279,0.20466534224928845,-0.1866259185417242,-0.05863221520929481,-0.30733230172522424,-0.0232592840352369,-0.0952701896887447,0.2577520639473173,-0.20856522378174286,0.021949657586908453,-0.03135025370170294,-0.08801144473014987,0.13359622925148254,-0.5151168161512918,-0.4255256401409247,-0.032158425556094966,-0.0436327338986626,-0.17781746318412378,0.5790881941491638,-0.3661059907919778,0.00628885766808602,0.0019023639492593892
-0.06740311856396908,6.055290089653588,0.8210183172196719,0.0872577943757445,0.07500954010653842,-0.711109859118702,0.6936010484982458,-0.23554417866560332,0.019083045630977048,0.1682235198498051,0.2046593941160442,-0.18659624568545988,-0.05864388347251311,-0.30750062617984986,-0.02337848176247051,-0.09529981639293753,0.25789078250193354,-0.20853793715161772,0.02204816235705693,-0.030863555672210326,-0.08917273077525277,0.13354462177461018,-0.5178697777723344,-0.4263830446804792,-0.0334886795654705,-0.04563639202788724,-0.17753644431929394,0.5775365504794809,-0.3685773397121522,0.004529510078212144,0.0018583934375135192
-0.06721335501632732,6.055654331607023,0.820996613232826,0.08745939969517617,0.0751244190663706,-0.7112807963077588,0.6933879173079818,-0.2363097141400058,0.018753586239184696,0.1684899432642681,0.20474222664524558,-0.18670920766604876,-0.05857368696217505,-0.30888712339124885,-0.023573082981614753,-0.09446195745376397,0.25862110180264714,-0.2086777979663265,0.02204539528202831,-0.029873603287479164,-0.0908097357716108,0.13324429341401514,-0.5201664528792379,-0.4276172947247421,-0.03476844896108306,-0.048412269879846,-0.17730293824312363,0.5759788041438402,-0.37095968286058967,0.0023684406220035896,0.0018108730350637765
-0.06708712356461881,6.055765101899272,0.8209834233468949,0.08774303148597772,0.0752673602592614,-0.7115271168402666,0.6930837950105536,-0.2370676249694554,0.018368597678761606,0.16905081694738724,0.20474066892034876,-0.1865715712776225,-0.058264162261160116,-0.3104025482026138,-0.02380054887336972,-0.09345960626137123,0.259350877012914,-0.20856593791393155,0.022029399571455634,-0.028843850295754977,-0.09185575900644738,0.132868928212657,-0.5216309126964679,-0.4286485330838505,-0.035482971084452385,-0.05104015918975258,-0.17673936466798557,0.5752472908744697,-0.37269895372638195,0.0008995208689367496,0.0017743465599216798
-0.06682876498885197,6.056017084213093,0.8209644956602483,0.08816483700893847,0.07545377398709484,-0.7119553304017049,0.6925700665051089,-0.23821188643733704,0.017834946035118305,0.17016329208191389,0.20492326508042405,-0.186474125788738,-0.05783866951876917,-0.3131188509430015,-0.024097867281866116,-0.09134289470832165,0.26124062107858503,-0.2086906018047782,0.02182043670431324,-0.027658366389853924,-0.09285679617352277,0.1327073796699985,-0.523373094146402,-0.43052707807713025,-0.03678295482125785,-0.053886827146636986,-0.1764895250008283,0.5745601237936574,-0.37511963868822285,-0.0029020008626937494,0.0016553670457688308
-0.06672807861823579,6.056095820954222,0.8209461640587985,0.08838260987755601,0.07558427880609665,-0.7122052986164895,0.6922710045142659,-0.23893681447884121,0.01761785004214983,0.17083926799930424,0.2051633584150605,-0.18641400357645277,-0.05738719582946278,-0.3147709942730732,-0.02419299179756818,-0.09008333006824745,0.2625266509460809,-0.20877649084541108,0.02172654392341889,-0.026240949351653105,-0.09411377662713367,0.13247888452726245,-0.5254278093789734,-0.43179864223398556,-0.03780624624950421,-0.05606059473799275,-0.17546653952864455,0.5734324368006307,-0.3767912168406874,-0.007525121804624526,0.001680021795844837
-0.06669051233684929,6.05609921121779,0.8209330708697227,0.08849134703050993,0.07562944333556948,-0.7122864738829794,0.6921686556937039,-0.2393565858253114,0.017468993962088952,0.17105992442194862,0.20543877506481426,-0.18638985136197822,-0.05699251097562401,-0.31556234723885257,-0.024307986966093553,-0.08959111217116188,0.26324391192754215,-0.20884955800846136,0.02168249612700883,-0.025510424841615784,-0.09516996752536343,0.13222728601504005,-0.5273401888864336,-0.4328948835447672,-0.038310837413854645,-0.057924225583425686,-0.17410754974893264,0.5721708192189259,-0.37837630803254796,-0.013191549254478551,0.0016337868272297633
-0.06667586756591162,6.05611145867398,0.8209187378228089,0.08852981540733741,0.07563406731936563,-0.7122527339224313,0.6921979504915444,-0.23965858014294683,0.017380911942838397,0.1709197450672191,0.205752391697997,-0.18641682602096468,-0.0566663126726257,-0.31583610323973715,-0.02441150347967311,-0.08964759408831538,0.263566947370844,-0.20894833035201155,0.021637844787345373,-0.025079173825933353,-0.09623915886396898,0.13195321402327695,-0.5292948258590818,-0.4340029857292179,-0.038189104572250686,-0.05951709511747123,-0.17252803380131262,0.5706948955294552,-0.37992296866268815,-0.020039476253088884,0.0015958606365800941
-0.06664440593229,6.05622486362464,0.8209034388602615,0.08853508388620243,0.0756423284628548,-0.712163463546022,0.6922882190649458,-0.24000980270209996,0.01732035491678431,0.170577827236791,0.2060782582706585,-0.18652027713287608,-0.05643499885898908,-0.3159691589956324,-0.024494950333571977,-0.08992834544893609,0.26368754064296135,-0.20907103577992825,0.021626651531608105,-0.024827872686038695,-0.09735896067589883,0.13169041713211363,-0.5312320336132794,-0.4352405480635709,-0.03751224838055127,-0.06106667944895424,-0.17082898016003847,0.5691226943891392,-0.3814588615306881,-0.027890965093509006,0.0015491109293074236
-0.06659036831883709,6.0563194558853946,0.8208987383519495,0.08856914574297338,0.07566528253908059,-0.7120778657203739,0.6923693989423261,-0.24039490787209578,0.017219979567174176,0.1702529651050938,0.20633421056397677,-0.1865490321418923,-0.05628489010139179,-0.3161859283160364,-0.02460222366226426,-0.09014722352125877,0.2637915307046004,-0.20910851489412513,0.021634122234655877,-0.02465727982152221,-0.09830967834612861,0.1314531306830446,-0.533143643097301,-0.4365328848590329,-0.03651966708268186,-0.06248124366152452,-0.16915249546995673,0.567661842236009,-0.38303903187128124,-0.036318099541298915,0.001493151471804308
-0.06652234307556892,6.056400602057589,0.8208924800727102,0.08862737032858659,0.0757254197476299,-0.7120112528549132,0.6924238772895266,-0.2408235030185923,0.01710979302336921,0.17004005272764472,0.20648202109007754,-0.18650484790211466,-0.05620351374836596,-0.3165599700133003,-0.024692798146146097,-0.09017768323954037,0.2639236891536572,-0.20905221202951546,0.021746582951052838,-0.02450146989930432,-0.09913721039856103,0.13127359045846262,-0.5349767243430361,-0.4378732302215739,-0.03544566557551724,-0.06381569392327484,-0.1674644534040134,0.5660529505613793,-0.3846754000007989,-0.04508032114265275,0.0014440473532097433
-0.06646534183541326,6.056494517766223,0.8208921947742205,0.08868483523787128,0.07580180906491729,-0.7119393008288244,0.6924821424966002,-0.24126793814190461,0.017036488539031183,0.16985599028855047,0.2065610579330969,-0.186412847745709,-0.05620042473119954,-0.3169592605707954,-0.024736474091707383,-0.09015050120094258,0.26401251112352964,-0.20893361275899427,0.021941892680714843,-0.024331570890601527,-0.09997584709505657,0.13113881930034516,-0.5367807337261721,-0.43913208788689506,-0.03439159467182544,-0.06509622987113348,-0.165654676008876,0.564149366834562,-0.3862770875144017,-0.05407679509335371,0.0014071464966998392
-0.066419347723581,6.056595082210272,0.8209106751049153,0.08871830322701493,0.07587981478008295,-0.7118684403701403,0.6925421575517572,-0.24168170099943748,0.017012233081252496,0.16966772732244204,0.2066317490418215,-0.1862998696090878,-0.05621467715891572,-0.3173027016487427,-0.024731288398299977,-0.09013884275487105,0.2640637580821094,-0.2087708158239964,0.022146454694677353,-0.02413451092981346,-0.10081800569155996,0.13101714837524114,-0.5385693898064585,-0.44024168041665096,-0.03339568849450209,-0.06640791475874806,-0.1637787603289347,0.5624544011819087,-0.38770865043306424,-0.0629661984848327,0.0013514728861721156
-0.0663673803262655,6.0567069811505645,0.8209133463914542,0.08875690946240067,0.07594478032620194,-0.7118040958081617,0.6925962247620272,-0.2420827226712767,0.016950938312937675,0.16944808730820277,0.2067137651629636,-0.18622103831414555,-0.056196744571133245,-0.3176812525986531,-0.024768096220700867,-0.09014477076405523,0.2642055441367678,-0.2086934743466782,0.022276607474763278,-0.023985734109058587,-0.10153237678061852,0.13089904634079225,-0.5401870117526952,-0.44134895055083206,-0.032440382287380144,-0.0676780464535473,-0.16222635838555344,0.5617218791086271,-0.38930678988984985,-0.07130042035278163,0.0012618309653808148
-0.06628808485644211,6.05678790231935,0.8209158651588049,0.08872554632584527,0.07599148545152792,-0.7117456245210266,0.692655208269759,-0.24240613729323232,0.016973374295465287,0.16913022824094512,0.2069611128631466,-0.18620413857519036,-0.0561444451706681,-0.31790312761256734,-0.02475742282018643,-0.09029318736909313,0.2644155006279794,-0.20867667490096461,0.022213440963927484,-0.023793917671570852,-0.1021756411373364,0.13070905603636684,-0.5417619282268915,-0.4422532294478187,-0.03151163360315955,-0.06903319276054364,-0.16068378210224685,0.5620408838605454,-0.39041783948448583,-0.07859360962356825,0.0011612343747668726
-0.06623872307830753,6.056878897382456,0.8209177514438692,0.08867891924613133,0.07603151774544549,-0.7117007042167861,0.6927029415326542,-0.24265048188102262,0.0170137495722066,0.16887393223444794,0.20713841798241367,-0.18620432916535498,-0.056035820976236696,-0.31807942452416504,-0.024725594627608906,-0.09042585414843021,0.264611945294352,-0.20869101102210402,0.022141850518374414,-0.023666620670553383,-0.1026622327266766,0.1304568995157877,-0.5426925741163877,-0.44293506841236463,-0.03106286762084041,-0.07030760115530921,-0.15916813564820906,0.5629347698438505,-0.39143377011855235,-0.08176013511756552,0.0010766531578195746
-0.06619382243381902,6.056995614994141,0.8209164146011247,0.08863074247842137,0.07605772368664879,-0.7116566400803139,0.6927515000235847,-0.24291480687224576,0.01704278310072876,0.16856236531903884,0.20736855894840575,-0.18623111960542385,-0.0558991257854674,-0.31828466323832555,-0.02470999845419752,-0.09058062434334613,0.2648834650122337,-0.20875354488601014,0.0220304309274433,-0.023589400560434806,-0.10312206335143864,0.1302841960733786,-0.5437428091938332,-0.44358254248701734,-0.0306142497472473,-0.07155385175017893,-0.1577285874344053,0.564536281498656,-0.39238587656110213,-0.08460151495652646,0.000976771907400681
-0.06613948696564184,6.0570882566339375,0.8209064808755884,0.08856308264061354,0.07606725204868013,-0.7116183992755708,0.6927983886899765,-0.24311439571981464,0.017073824991493056,0.168279022136238,0.20759504486412364,-0.1862451817469993,-0.05576815306088324,-0.3184581718268054,-0.024703084108667596,-0.09073170075461108,0.26520340287696237,-0.2088101092908976,0.021913655235127633,-0.023594449080635925,-0.1034954240059839,0.1301402580391463,-0.5448822606035386,-0.44409269936449924,-0.030196211859757596,-0.07282332147320336,-0.15629833338878418,0.5668733285645985,-0.3930735783399148,-0.08709766004533619,0.000859522960712957
-0.06607866173328344,6.057160102915578,0.8209045250706655,0.08851739885504044,0.07607438770695067,-0.7115878351249837,0.6928348364055377,-0.2432735686234726,0.01703876126399843,0.16807097836665014,0.20769148760246356,-0.18618635104163117,-0.05565118289648935,-0.31867976366701245,-0.024747357468747087,-0.09083199139312546,0.2655299362644057,-0.208828649445436,0.021844793927992823,-0.023538832971265862,-0.10386168144627327,0.13001899046850912,-0.5462188653219495,-0.44446775101643904,-0.02987123563141163,-0.07399421334862241,-0.1551165033058127,0.5701397534232848,-0.3937177699216731,-0.08920053024116162,0.0007597749427914916
-0.06600484442104401,6.057300056882854,0.8209067840329547,0.08846208020175032,0.0760519311014782,-0.7115743157946605,0.6928582519126657,-0.2433437181536372,0.01696940398997646,0.16793695856512927,0.20766304570338678,-0.18610571985461222,-0.05559900242020917,-0.3189070912718754,-0.024816479615921122,-0.0908860693119742,0.2658634909968797,-0.20886482436423165,0.021799459721695016,-0.023575863958020617,-0.10426318166413105,0.1299134700148961,-0.5476058972740401,-0.4446634021662777,-0.029662421609970662,-0.07531272935863492,-0.15405831584502216,0.574438141776043,-0.39419911115869977,-0.09083711167845875,0.0006356092040174124
-0.06592874044907612,6.057404626093862,0.8209134504157288,0.08840667818598484,0.07601765866187128,-0.7115664103739846,0.6928772030101498,-0.24332915209178693,0.016883537164274803,0.16786295930753609,0.2075603887326883,-0.18596457499189975,-0.05556100870249965,-0.31909660260323663,-0.024902181113435992,-0.09092001785260374,0.26619890303730775,-0.2088751196574126,0.0217626722802633,-0.023638252306304237,-0.10457204502616911,0.12979273053709822,-0.5489872213138437,-0.44466947764203096,-0.029549854221106606,-0.07652947723421108,-0.1530629464338458,0.5792167256129033,-0.3944920084020575,-0.09208643116553111,0.000538229128587594
-0.06586067233088817,6.057541659759268,0.8209264227933888,0.08831569326840281,0.07598171412256778,-0.7115641627653843,0.6928950567795347,-0.24324416660524356,0.016839294123196912,0.16784334302261522,0.20742361555101693,-0.18584184597302078,-0.055473629273626826,-0.31921999645179966,-0.02494692075942954,-0.09093083518650961,0.2664870510202326,-0.2088602098598566,0.021774979285073274,-0.02387504775482372,-0.10480654889709529,0.12967208632179825,-0.5500864946550486,-0.444500277944548,-0.02945533073860896,-0.07781476751830985,-0.1518830795321019,0.5837155653398485,-0.3944714071353199,-0.09312116943540098,0.0004554575541551183
-0.06579502018426553,6.057713889993421,0.8209328614747743,0.08826060979275409,0.0759641127647913,-0.7115494589027263,0.692919104849986,-0.2432422575003718,0.016782345936294567,0.16782741310096938,0.20727880730135254,-0.18576244680647847,-0.05534867181589779,-0.31939695089074904,-0.024986529915337806,-0.09090578508662374,0.2667101797810793,-0.20886113066790152,0.021786707680357273,-0.023962613443174477,-0.10505937379459386,0.1295198976662961,-0.5509977405108543,-0.4443047667888636,-0.029303722196585464,-0.07882083189522812,-0.15081587438807809,0.5872141584384324,-0.39450872968390643,-0.09412236993062524,0.00047483181467919086
-0.06574033584774043,6.057726854290978,0.8209464240061312,0.08815311728440692,0.07592582538411807,-0.7115507505290803,0.6929356581777875,-0.2430772985729944,0.016799936905943,0.16789718876599535,0.20722987941597099,-0.1856125012887806,-0.055113612421782955,-0.319365785162922,-0.024987140307027617,-0.09087358784815487,0.26693617926745056,-0.20873133950072545,0.02178518111936007,-0.024189759468045732,-0.10501024579071308,0.1293567189399159,-0.5517286981926415,-0.4438322428853161,-0.02906055781448432,-0.07966587961473494,-0.149593243575657,0.590064041276388,-0.3941451362960263,-0.09509909512974803,0.0004753633078305466
-0.06564850086006775,6.057781322331594,0.8209464253287709,0.08803475597462009,0.07589253950882573,-0.7115436663339384,0.6929616259847629,-0.2429155941848258,0.016821995955207444,0.16794566175045492,0.20717485517398404,-0.18552047902783209,-0.054904222440944235,-0.3192764685483835,-0.02497941323211277,-0.0908859508016126,0.2670486850964115,-0.20861252942661881,0.021756996664677463,-0.024417862404846346,-0.10501878045682148,0.12915002725101893,-0.5522722565492948,-0.4433009725909993,-0.028716773732761824,-0.08054138636895684,-0.14840599020055872,0.5921064421042556,-0.39360419301863264,-0.09608013047006168,0.0004952149615534809
-0.06557469443543926,6.0578843821647785,0.820938737009641,0.08791789381221898,0.07586180112902087,-0.7115179894317809,0.6930061917414876,-0.24278329553032676,0.016831802724832045,0.16792884553510726,0.20710736757081352,-0.18549851404479312,-0.05471314171999484,-0.31917158275291246,-0.024981549019090596,-0.09096281620515617,0.26710908507788955,-0.2085507057310275,0.02179141855623326,-0.02466869803281513,-0.10504032759278371,0.12898900741467795,-0.5526261328316653,-0.44273285719014305,-0.02830839603518211,-0.08127806838362184,-0.14735959569393117,0.5934470055802628,-0.393159432528946,-0.09707366481498252,0.0005245808777152213
-0.06549103355413353,6.058017628623678,0.8209247326005811,0.08780324076659937,0.07580061808433497,-0.7114669840482809,0.693079784597818,-0.2426322335006534,0.016782398202866453,0.16780142004843931,0.2070387801964909,-0.18551271292170943,-0.05461683537298873,-0.31900304794447165,-0.025053466214608144,-0.09116275705421159,0.26714333996644307,-0.208577484260002,0.021861857817908177,-0.02506776597508322,-0.10497900175416187,0.12882639748489969,-0.5528160580599143,-0.4421163105204383,-0.0278794537713387,-0.08182538623621453,-0.14654051371415772,0.594138421939907,-0.39281224560869155,-0.09810353310609707,0.0005428952766077329
-0.06544405912669773,6.058099647650951,0.8209220085875828,0.08768251435354502,0.0757000215384181,-0.7113911384715739,0.6931839088725592,-0.24237509747658462,0.016704822559055615,0.16760250533948046,0.20693690483547358,-0.18547080980627131,-0.054552909661042426,-0.31870931142090764,-0.025177687968047893,-0.09149069445508894,0.26717360007746954,-0.20861773634145236,0.02199197435643542,-0.025656088230723954,-0.10472529054649661,0.128694759818125,-0.5528272603376456,-0.4413582016533363,-0.027453488187364587,-0.08210766690195248,-0.14587376216930895,0.5943191911982668,-0.39248528525466014,-0.09919374954609489,0.0005401534562491611
-0.06538375889107091,6.058075966299744,0.8209282536810337,0.08753778063014682,0.07561715634180838,-0.7112897492600618,0.6933152783739043,-0.24201849964605396,0.016663447900461,0.1673400783529892,0.20676106461672855,-0.18534470583917756,-0.05451002998396274,-0.318270169651109,-0.025278984194196455,-0.09196012296364454,0.2671187184231611,-0.20858582126738,0.022116473884659024,-0.026279731592333506,-0.10432260967482927,0.12853082753799006,-0.5527095948363874,-0.4405338038247399,-0.027023705156584126,-0.08215325028369537,-0.14529280756226642,0.5938506134790078,-0.3920216070889469,-0.10028820630694925,0.0005498360597763896
-0.0653410896861415,6.058115374089774,0.8209431525544909,0.08738209911452105,0.07555986070288641,-0.7111792598936505,0.6934544949036088,-0.24173359788510762,0.016685597280142996,0.16703948105967048,0.20658529742154502,-0.18523585182544164,-0.054480637636815765,-0.31780936107295843,-0.02530608360211386,-0.0924727216427165,0.2669195213534681,-0.20851612668009,0.022236597419272513,-0.026852220090900783,-0.10400690717075102,0.12840623184993827,-0.552352566865297,-0.43974865711897715,-0.026548998341681493,-0.0822101126807116,-0.14477539215434926,0.5927650425429731,-0.39162665655467754,-0.10130352943974623,0.0005666024516280895
-0.06532580072197687,6.058219800740319,0.8209718582489433,0.08722641506212109,0.07552563890872979,-0.711065072977594,0.6935949050953352,-0.2415503477193912,0.01678854586113596,0.16670656358354527,0.20643055360718968,-0.18515023086849358,-0.05449263597514035,-0.31735345607524973,-0.025239094926736847,-0.09299007963472661,0.2665715028542423,-0.20838038721342908,0.022295775027400922,-0.0273540435539157,-0.10373824628830755,0.12832445760841651,-0.5517044482129745,-0.43901400357933806,-0.025984847840233423,-0.08223250630311013,-0.1442582460826158,0.5907715188115652,-0.3914044250825456,-0.10214643644831545,0.0006032418807689012
-0.06531026199138745,6.058355426403666,0.821000203979307,0.08703953751319746,0.07552305520339848,-0.7109062270635135,0.6937814665761493,-0.2414346792224302,0.016966733503321976,0.1661746093271437,0.20629584693907743,-0.18506871807544623,-0.05455805462960844,-0.3166473267021603,-0.02509224670004849,-0.09377866653757885,0.2657902408952834,-0.2080593129916745,0.02229824633775029,-0.027797408829997008,-0.10353462245589155,0.12813836199362463,-0.55063073428481,-0.4381332912363484,-0.024759015852943583,-0.08193001448430336,-0.14353149573235616,0.5866080518937694,-0.39135978452581627,-0.1031251526229884,0.0006543434057650261
-0.06526670626119467,6.058390795032911,0.82101365626224,0.08685824600342744,0.07549748957570354,-0.7108238573382446,0.6938913589372278,-0.24128350689568667,0.01713795971765192,0.16593064813105082,0.2063403291122376,-0.1850301026889228,-0.05460361575785382,-0.31613830457653497,-0.024970703101898934,-0.09418681864370151,0.2654215290487517,-0.20784050546621435,0.022224486714720108,-0.028225834652182428,-0.10300695247115192,0.12814063855790914,-0.5498381930966708,-0.4375750659299676,-0.02404409517990479,-0.0818209680117773,-0.14344215691413742,0.5841716358196142,-0.3914758114740999,-0.10335048676147686,0.0006367922298042436
-0.06522989338373526,6.058433947426066,0.8210301823786106,0.086680659294052,0.07552374914021281,-0.7107035799709522,0.6940338954522512,-0.24125698537903068,0.017372644771053818,0.16558193240154576,0.20641748778251304,-0.1850145120197544,-0.054631243244338885,-0.3156045195482441,-0.02477435176463812,-0.09471175376784798,0.2648933271164283,-0.20755841529333985,0.022148469426496613,-0.02829085463217787,-0.10266985236996055,0.1281235196226874,-0.549046809257336,-0.4371059165184793,-0.02323260594049829,-0.08153271787291981,-0.14352739087627184,0.5816151113563756,-0.3916421938919175,-0.10333637340757167,0.0006710580410090589
-0.06518093906793496,6.058519749281384,0.8210483740937746,0.0864461307707114,0.07549036469051956,-0.7105615546307246,0.6942121782239438,-0.2412172964316453,0.017592334123176734,0.16509543060579834,0.2067201769876657,-0.1850655391837242,-0.05460590206030493,-0.3147007241354957,-0.024618463462170753,-0.09550091949905172,0.264000424960715,-0.20709537898970312,0.022076712643898797,-0.028369030077723633,-0.10249261863442455,0.1279705108345307,-0.548249253659163,-0.43635840059037984,-0.02158065133331403,-0.08127391247070091,-0.14380549243659074,0.5796751354711931,-0.3916772008466703,-0.1027914616576805,0.0005672889124529875
-0.0651738570612351,6.058576176726299,0.8210626959646881,0.08631023570483379,0.07547565047725992,-0.7104562954017217,0.6943384057660006,-0.24123648758213354,0.017722502584359985,0.16484549581262894,0.20690744513107717,-0.18507556409937562,-0.05450354792019214,-0.31428120387478214,-0.0245181510278618,-0.09588072930393543,0.2636157561093297,-0.20684891794574908,0.02208699974165121,-0.02850659187023801,-0.10207909440383171,0.12808075104573435,-0.5475178601619178,-0.4360546776755974,-0.020693882443681734,-0.08121012700429711,-0.14452690546399227,0.5797732121462605,-0.3917185683771426,-0.10238313616204862,0.0004556295293094331
-0.06514694833554517,6.058663575969421,0.8210728507415161,0.08615090218290448,0.0754284302092294,-0.7103470360464523,0.6944750984371307,-0.24124995253529816,0.01784211693517512,0.1645547655610699,0.2071818322181551,-0.18510051589715787,-0.05440086776075586,-0.31376681986013566,-0.024445058738238976,-0.09632954321484712,0.2631773925733358,-0.20659277742595106,0.022081363599711842,-0.02865570727793118,-0.10164292934343945,0.12812686175551322,-0.546640376151955,-0.43583214825967354,-0.019699210252297754,-0.08117133440454205,-0.14542611308153194,0.5806055054933528,-0.3916145493868576,-0.10185681127619194,0.0003451760464196685
-0.06512447073719554,6.058774434340862,0.8210900592744407,0.08603902252197132,0.07537673074427287,-0.7102608443158408,0.6945827294840529,-0.24130224170840017,0.017880597584122655,0.16431336192546955,0.20739793565182937,-0.1851135380319889,-0.054301366947455174,-0.313343862642106,-0.024435470477151132,-0.09671008114084488,0.262715663899691,-0.2063394546684207,0.022100521423811206,-0.028969022044611943,-0.10105809777530103,0.12821303718154467,-0.5454637471662147,-0.4357359346243042,-0.018592115682863036,-0.08114594903726602,-0.1464998221587226,0.581941644225095,-0.39165519195043813,-0.10124715242498623,0.00022357272948143783
-0.06509820360227205,6.058870403101193,0.8211146848313076,0.08589807534057974,0.07534412011801174,-0.7101955465176207,0.6946704757818369,-0.24131921316019705,0.018005256280491093,0.1641206310374249,0.2076031014222844,-0.1851234701695448,-0.05424020613300982,-0.31288989828083735,-0.024348875230309864,-0.09706995740381073,0.2622299967162963,-0.20604670972206243,0.022134096242780135,-0.02903860988612821,-0.1004824172177772,0.12826802532421605,-0.5442400451760193,-0.4356685583100705,-0.01737157160172256,-0.08102194888519068,-0.14754878775185531,0.5832890302004908,-0.3916138551139545,-0.10052949116774354,0.00018652626040780384
-0.06506411106884025,6.058968426310117,0.8211434039780408,0.08573559236815022,0.0753291736416981,-0.7101597359764377,0.6947287767162208,-0.24132613169850925,0.018188917376353246,0.16400671026952485,0.20780925240540524,-0.18514206383901494,-0.05420376878934999,-0.3124081198078726,-0.02420240758314523,-0.09738032383060681,0.26168035339850215,-0.205709799385782,0.02219388760594154,-0.028929085484432654,-0.09994491013595598,0.128310644825762,-0.5430186948488724,-0.4355876966470677,-0.016028457665729013,-0.08090918656013821,-0.14856989025098988,0.5847089255001937,-0.3915231812942488,-0.09967937452764933,0.00018424097543838638
-0.0650160029479922,6.059054970223269,0.8211694354642993,0.08562974565951503,0.07530533820731103,-0.710146980060765,0.6947574536529592,-0.2413592435827855,0.01827331593245166,0.16396743708474848,0.20797053227956375,-0.18513283074664363,-0.05419244719793967,-0.31201254736605005,-0.02413685893761412,-0.09759342514641572,0.26110599878808777,-0.20535123376242018,0.022238858714212047,-0.028917288624881677,-0.09927587534509337,0.1283870883010095,-0.5416597582904779,-0.43561007264932333,-0.014577664832614648,-0.08075892598059842,-0.14977429767469977,0.5863261257505218,-0.3916867644812825,-0.09873823620106298,0.0001580053023234397
-0.06497763275518316,6.059157980300276,0.8212010926204917,0.08550249605903103,0.07528921716485097,-0.7101236570315488,0.6947987109015946,-0.2414019731174979,0.018401488666709976,0.1639005474878712,0.20816169513673988,-0.18513307566311543,-0.054144221369958494,-0.3115895931113066,-0.02402610006842668,-0.0978089717974643,0.2605164772864413,-0.20497574912839883,0.022296817725764244,-0.028773048946125142,-0.09871736930410689,0.12848872982955617,-0.5404126028029302,-0.435663334201757,-0.01307989343676788,-0.0805561602643577,-0.15087777003342936,0.5877813435366318,-0.39177085228887487,-0.09777648666403779,0.00017933871030582327
-0.06493102716861095,6.059260766967054,0.8212318270706587,0.08539039225973538,0.0752574081364666,-0.7100892082492583,0.6948511493537666,-0.24147885836846075,0.018474055737952928,0.16378671872526313,0.20838967507320133,-0.18510044891312324,-0.05403740583090034,-0.3111673902082563,-0.023964885544340977,-0.09801587736128008,0.25990366578402735,-0.20457334247921163,0.02232701109336875,-0.028673248495327378,-0.09820139215160975,0.128600041860864,-0.539290473139216,-0.43574667723687943,-0.011578801999641125,-0.08033316141762432,-0.15194707642838806,0.5892120634492494,-0.39179941420022435,-0.09687948541454958,0.0001943482967570835
-0.06487301903565088,6.059390863487632,0.8212644449514166,0.08524138277644162,0.07524211504721119,-0.7100394790673329,0.6949219157224586,-0.24159084162965952,0.018600614713769927,0.16359327763189713,0.20868695930045203,-0.18509498934012086,-0.05387076489618948,-0.31069186856912756,-0.023849463261865243,-0.09826036219846279,0.2592323867257319,-0.20413932882487795,0.022357820626999838,-0.02838368616902556,-0.09791744204370814,0.1286908239300091,-0.538431403197013,-0.43580247129605204,-0.010101613243333266,-0.08013017353481927,-0.15284761463880228,0.59047533703046,-0.3915436030075477,-0.09608463765157467,0.00024772430612984256
-0.06482455379308574,6.059502514253434,0.8213040394934368,0.08516816188114121,0.0751888250250999,-0.7100071387303923,0.6949697027533022,-0.24170917764022007,0.018565029931600398,0.1634434144294962,0.20893503010631154,-0.18503702592534438,-0.0536718000030054,-0.3102982770813177,-0.02387870716451342,-0.09843058618182562,0.2585726866429429,-0.20370105980419767,0.02238189682705658,-0.028489262290975308,-0.09741197846290561,0.12883256461478834,-0.5373850178637639,-0.4359238110174875,-0.008645126184782309,-0.07996035898172604,-0.1537693228279308,0.5918730048959528,-0.3914628551365017,-0.09540225137994103,0.0002098786246556735
-0.06476846141644808,6.059623986923567,0.8213303587137323,0.0850925877675465,0.07515212134239121,-0.7099699490017448,0.6950209217564748,-0.24181540705941862,0.018543674825772107,0.1632830782296186,0.20911774729618973,-0.18499379420953843,-0.053502628135073116,-0.3099353201862502,-0.023891449348368083,-0.09863227511030813,0.2579483851756245,-0.20331405297787303,0.022428471394681543,-0.028498659326864285,-0.09694945190445392,0.12897064093570657,-0.5363523403340354,-0.43618641480321846,-0.0072240732112574995,-0.07968573996783603,-0.1545673803197992,0.5927283582877168,-0.39135836890397246,-0.09478249690118483,0.00023128071801645727
-0.06470809425673461,6.059763722612106,0.8213641177613334,0.08503893602493846,0.07512496862652351,-0.7099492598135528,0.6950515570364532,-0.24193104185623152,0.01849736682870475,0.1631570488432359,0.2092234235296986,-0.18495090554438007,-0.05340565417072187,-0.3096480862747588,-0.023923383726793788,-0.09883606883863008,0.257344173706285,-0.20296336805872425,0.022525412756563872,-0.02852781652887958,-0.09647029965077297,0.1291206256321981,-0.5352872781711915,-0.43654881338852874,-0.0058503914746656505,-0.07935210629178595,-0.1551533209532764,0.5926592798793515,-0.3912785885226972,-0.09413361042946525,0.0002832548608550041
-0.06466114300292759,6.0598554164114855,0.821390595909196,0.08499992420644432,0.07510217221100017,-0.7099369756275191,0.6950713396845956,-0.24200817172790626,0.018446131055270733,0.16307003002668444,0.20927523177851992,-0.18488442797408264,-0.05335319076527903,-0.30937880456747446,-0.023964520546884666,-0.09905297608895743,0.25677981087133755,-0.20262746815859625,0.022670996457377482,-0.02852992526686896,-0.09591653443401109,0.12929275119863148,-0.5342499499299599,-0.43700047557118615,-0.00454072027185313,-0.07885564168871263,-0.15554179493476086,0.5916919795325517,-0.39122445499939595,-0.09338858620903898,0.0003570641719435408
-0.06462271319605307,6.059917586750784,0.8214227559720068,0.08497542036663089,0.075099537489868,-0.709923220483644,0.6950886694663155,-0.24208569179133274,0.018405735291284007,0.16299594135768306,0.20926864917971158,-0.18478955656661017,-0.053316701498500936,-0.30913477589574945,-0.023988667112634667,-0.09926499926823398,0.2562079286612064,-0.20228362802779581,0.022842628013374038,-0.028359782625854136,-0.09540642790018648,0.12946996628822616,-0.53333357103054,-0.4375422088616547,-0.0033031524262328114,-0.07816563313983524,-0.15587587825897778,0.5900530064603572,-0.3912930298456777,-0.0925219012307169,0.0004591342966793636
-0.06457369565646785,6.059989818676356,0.8214595924263025,0.08493417680283687,0.07509248275046694,-0.7099120031473387,0.6951059289292011,-0.24211834372361787,0.01837625411133276,0.16293485933320417,0.20923959178295612,-0.18469074749294742,-0.05327574010939714,-0.30884295477249124,-0.023996850948454954,-0.0994429494555328,0.2556004758343723,-0.20192715978645895,0.0229982968636017,-0.028081030229057564,-0.09496689005840585,0.12962652280152653,-0.5325300567587103,-0.4381119730373311,-0.0021261869460219847,-0.0774227295816995,-0.1562292383391719,0.5882947360976357,-0.3914596108753261,-0.0915531910004391,0.0005432295111447658
-0.0645122123890351,6.06005297014286,0.8214948462756981,0.08485355719032923,0.07507826888530297,-0.7099077478624143,0.6951216561856262,-0.24205357983920853,0.01837713518796622,0.16290504308410786,0.20920438832981708,-0.18461127368446892,-0.05318517259950429,-0.308425879285412,-0.023968361866639823,-0.09956129755960265,0.2549212850156415,-0.20153866547251978,0.02312547803112343,-0.02772389383930576,-0.09454586707431804,0.1297553366954275,-0.5317961084025523,-0.43865658612587677,-0.0009886634838999983,-0.07663961489498357,-0.15658670812804656,0.5867498022742781,-0.391678990958024,-0.09052402791347472,0.0005966465537241164
-0.06447069503638418,6.060088197222427,0.8215277010377953,0.08474529228458577,0.0750337553106317,-0.7099148988601524,0.6951323668021533,-0.24186067553041005,0.0184070146090052,0.16292541261499813,0.20915193679514277,-0.1845266881298702,-0.05305098044826409,-0.30786976438106717,-0.023910320967053776,-0.09963482285998157,0.25418182998905603,-0.20110845338832337,0.023213536690636947,-0.02735318269063307,-0.09410283226193632,0.12988448409688017,-0.531098891035967,-0.43910239285495817,0.00012036514713199072,-0.07585416942274044,-0.1568504510128833,0.585511343602065,-0.3918970025837476,-0.08947956422550069,0.0006196902129086016
-0.06440935635137407,6.060152251595075,0.8215585264247705,0.08465098909814983,0.07500481805791545,-0.709922938668236,0.6951387692147944,-0.24170194383193444,0.018420790936880812,0.16295361240198902,0.20905185001206658,-0.18445223380499604,-0.052921125448025914,-0.3073388838827912,-0.023849750645005517,-0.09968660907329181,0.2533766148836559,-0.20068023278776112,0.02326840803024247,-0.02693938612721655,-0.09375350799250996,0.129973004400265,-0.5304298892872101,-0.43953757568749946,0.0011820286580951,-0.07512417645153698,-0.15709861997670804,0.5844577447352812,-0.392165898001429,-0.08845809170446922,0.0006410844616029771
-0.06433412223226499,6.060209978579556,0.8215961955319675,0.08456722418731899,0.07499305807141057,-0.7099290411198237,0.6951440012033742,-0.24157430303954724,0.018413973744974117,0.16298195693306247,0.20892389500326147,-0.18435108890358684,-0.05278576773307621,-0.3068802374796729,-0.023810459053197716,-0.09975394084870208,0.252620840129939,-0.2002328879917286,0.023327860409769693,-0.026510576453204985,-0.09346786404582855,0.13005073701420075,-0.5299181191996065,-0.4399111879011059,0.0021598663912418183,-0.07443797963334184,-0.15731372091559914,0.5837243723368485,-0.39241839891236746,-0.08750670236709711,0.0006584828581806354
-0.06424816254064165,6.060315095101278,0.8216271620217267,0.08452527013517903,0.07500529925737676,-0.7099267129773394,0.6951501607516724,-0.24158010651046444,0.01836047598037037,0.16298125659969867,0.20875704832232908,-0.18422912465497504,-0.0526764199591424,-0.3066301012009651,-0.023811790874504687,-0.09984079231223594,0.2519857632608114,-0.19983405909682822,0.023398835223142716,-0.026013155698754304,-0.09336181243569437,0.1301321686784107,-0.5296205080685267,-0.4402564870135035,0.003011922010703442,-0.07390640296678769,-0.1575268489259103,0.5833398629119787,-0.39264164762407033,-0.08669210264122051,0.0006769082405771791
-0.0641688392850126,6.060397863592968,0.8216726427039739,0.08449490961949087,0.07498815245539875,-0.7099212833464891,0.6951612465402492,-0.24152907795936104,0.018250715224636824,0.16298502334063567,0.20855119022009155,-0.18403525492241413,-0.05257838353010217,-0.3064130288166,-0.02388681317262767,-0.09995423763145753,0.2514788769254161,-0.1994505090291235,0.023475725119188717,-0.025696062017718048,-0.09322222853206798,0.13021211206613087,-0.5294469664007572,-0.44044450473269814,0.003720419503837161,-0.07343314318168367,-0.15773948301382695,0.5836135941239234,-0.3928693336108102,-0.08606950519256609,0.000651170173259946
-0.06409004383115113,6.060487764987585,0.8217079901771379,0.08447764478486412,0.07496879903017185,-0.7099100591513798,0.6951768944802896,-0.24147225850947462,0.01810007178628945,0.16299022203250324,0.20828594202432396,-0.1838134246357404,-0.05247392324106135,-0.3062768852344422,-0.02400330666292385,-0.1000708432709526,0.25107154300292545,-0.1991096509506446,0.023572880177505716,-0.02546039447914143,-0.09310606025699629,0.1302749687817852,-0.5293114245926925,-0.4405907240176307,0.0042987924757994615,-0.07306385180333116,-0.1579344836364845,0.5843507431513242,-0.3930558241970998,-0.08566318166428816,0.0006166361179467765
