-0.0002803543030049629,0.019784785657879802,0.8225908101645537,0.0681221723435714,0.0684673549318109,-0.7186666975865158,0.6886143831811273,-0.28993221950846754,0.04723538900158647,0.08384067873149784,0.26649582807338995,-0.1632940325585713,-0.043826231871374265,-0.3018982737075715,-0.022147958028246338,-0.060430571116894254,0.23549662418297862,-0.14846814896666383,0.03311775585752363,0.03705799823731646,0.2872650064262626,-0.20114010663425558,-0.8133026389545589,-0.15895039312582146,0.46950698006234376,-0.31526867665792935,0.21466426063052893,0.6739938379608138,-0.31134369195893435,0.026719359196255916,-0.06583123848196305
-0.001347494494582259,0.01973503290452818,0.82554273893828,0.07273666819466128,0.06371579156345396,-0.7187990524651248,0.6884603090815182,-0.26757510816188196,0.03271721480870226,0.09338763421417744,0.22750064018421365,-0.14242455650748506,-0.04391511163523916,-0.29682615286453423,-0.03439524473811268,-0.05878952563937243,0.22353697167149905,-0.14175310268259547,0.03247079188376811,-0.008779588842869755,0.20001019850641064,-0.04875058845958232,-0.7585152501268442,-0.310042951295214,0.33544674461875856,-0.19211995448270092,0.05232669584657553,0.6980339208770281,-0.453012935262542,-0.03849404671129983,-0.02397288411057273
-0.0016934987704907013,0.01970583698370682,0.8255512329217223,0.07468205556458543,0.06322231161266678,-0.7187081173522479,0.6883924548852822,-0.2651093088895805,0.028937831164590415,0.09468570724625161,0.2189138074841299,-0.13658722108041393,-0.04414326308022801,-0.30146268144504074,-0.03754498595035564,-0.057242579454167115,0.2269760543218173,-0.143299029889576,0.03227198766600172,-0.016056336162556476,0.12889297171950395,0.024521959616675533,-0.6723837540803183,-0.35207078079807025,0.19942782611544216,-0.13627327931278824,-0.03750128740749993,0.6908191196381919,-0.4848734827870986,-0.10114942428545047,-0.015590557437885823
-0.0019486766913935402,0.019848909989010434,0.8255476748180435,0.07576047208762603,0.06288185192244264,-0.7188246179623645,0.6881841266544322,-0.26517215863020827,0.027066600536217237,0.09549228911497798,0.2168385190567013,-0.13511691421623567,-0.044415785849399696,-0.30470848284202506,-0.03915074373065061,-0.05554340493123823,0.2297639849244144,-0.14454296257236748,0.03190295827374663,-0.020919827939621518,0.07523477759238203,0.06444058222467734,-0.6140482020524374,-0.3580547155913738,0.12444673858906631,-0.1166778064466408,-0.0798687847106023,0.6808902848626546,-0.46742740305359,-0.13241727566013034,-0.011010033834107338
-0.0021882836967556116,0.019998710484244994,0.8255428242549853,0.07651433390745259,0.06270370444568202,-0.7189593104058781,0.6879762438748815,-0.2654508722505596,0.025957832931339086,0.09613890742956148,0.21551178951536343,-0.13405868762631623,-0.04473723538364586,-0.3071395943250331,-0.040043777838509216,-0.054171014691104684,0.23163118375695463,-0.14520836223544448,0.03151698612334612,-0.024208697117825074,0.04023948808237395,0.09125340934254093,-0.5771476320361837,-0.3615735325240933,0.08199830011881477,-0.10812673912863112,-0.10366352974657435,0.6735261753732967,-0.4472198879148966,-0.14788667434738187,-0.007863719982769544
-0.002409966835028441,0.02016196992059396,0.8255553590345859,0.07706174786734729,0.06256794883102448,-0.719103626112345,0.6877766452176051,-0.26564205500924204,0.02523813138493933,0.09670578079120183,0.2144324448036292,-0.13315319198796838,-0.04517275250484982,-0.3089294911176129,-0.04057795618738296,-0.05304169234078227,0.23284300267128355,-0.14549066444695197,0.03108050046721897,-0.02676744968878875,0.018219586601956987,0.10978367451323157,-0.5538369760281473,-0.3655473766160672,0.060024138135732714,-0.10359278180958194,-0.11851164029353144,0.6686945976530956,-0.43252380846337574,-0.15490995133088367,-0.005829548534622836
-0.0026280325161987337,0.02036668115112792,0.8255613600279292,0.07742359030599338,0.06251838273442449,-0.7192497229357758,0.6875877220698536,-0.2658758706132621,0.024951459406794215,0.0971513912851969,0.21360833931896106,-0.132400048369363,-0.045724125236355426,-0.31033969254284133,-0.04069997663621016,-0.052089442462517066,0.23369253805699164,-0.14559993769896631,0.030583584711727004,-0.028486889979706227,0.004310872032487337,0.12235406070224529,-0.5381274000031258,-0.36951674196452794,0.044094832697553765,-0.10099761700382984,-0.12789718466819397,0.6650926773387733,-0.4223862325604513,-0.15898174692237815,-0.004332246718641213
-0.00287353780487713,0.020615046760366473,0.8255769743986349,0.07768240305075491,0.06254265041790633,-0.7194045794446345,0.6873942916616714,-0.2662659144550799,0.024970020779878185,0.09753746999433507,0.21301514688905232,-0.1317163047695623,-0.04630731967412253,-0.3115432709587818,-0.04051824090124862,-0.051223677911877166,0.2341900440573138,-0.1454428705143331,0.03006828218936634,-0.02972576327168366,-0.004594397873364274,0.13090852113173654,-0.5276544734456691,-0.37296447050923964,0.032840629707623095,-0.09951936999067681,-0.133927971323768,0.6625833409029217,-0.41577132571861164,-0.16129829425967676,-0.0033293830565821504
-0.0030667176796134294,0.02089203462948067,0.8256001310660299,0.0779096884513555,0.06262335864846201,-0.7195656595282683,0.6871925909267692,-0.2668636299279461,0.02511509622072103,0.09784561083390607,0.2125841917269517,-0.13102592296826773,-0.0469430537643051,-0.31270678814151465,-0.04020164354660808,-0.05046615290786289,0.2344247299678514,-0.14504375397286143,0.029460041638836747,-0.030589943125275916,-0.0105934658946865,0.1365923270365865,-0.5212407826749746,-0.37550489851237084,0.027632056257349106,-0.09864387472126693,-0.13809334788105607,0.6609245785244892,-0.411836906639655,-0.1623816283874257,-0.0027506343797058506
-0.0033097030416994492,0.021241299695990236,0.8256377378142715,0.07813604457833989,0.06282441231231907,-0.7197434086247843,0.6869623552251164,-0.2678177573466326,0.02550096909922033,0.09813099077655994,0.21224600414249783,-0.13021738078500564,-0.047630618562408716,-0.31407799481531,-0.039592925342178446,-0.04963300255904565,0.23450404668692945,-0.1443697484403017,0.028749758945782473,-0.031029228720196176,-0.014672983952735048,0.14041335392283524,-0.5164547041217232,-0.3776842764241051,0.02369067614937246,-0.0984191750715223,-0.1406038545981416,0.6594978367299258,-0.4091536169773757,-0.1631415954503245,-0.0023061608023406677
-0.003588705802660891,0.021664502847984036,0.825658502823958,0.07835495668645691,0.06307020280841373,-0.7199366309382719,0.6867123835446817,-0.2690061988615133,0.026016505524645295,0.0984136581375953,0.212046809725536,-0.12940287025291294,-0.04834157632882492,-0.3155804083491042,-0.038833827687819046,-0.04873781228717917,0.23453320599594402,-0.14356187413774898,0.027992273732963535,-0.031329480002560126,-0.01749369474652698,0.1429918403276874,-0.5128633902601409,-0.3795418370884565,0.020849864286977632,-0.09867689877212231,-0.1421450605465092,0.6585196877579669,-0.40745455887901216,-0.16376981065070356,-0.00201476176354523
-0.0038786006085153517,0.022145739641078865,0.8256951036832741,0.07856712521995468,0.06333648307873802,-0.7201319195100149,0.6864588226898306,-0.2703040855016215,0.026594042940012903,0.09868498066545328,0.21187531056892958,-0.12851929322776062,-0.049101079230550404,-0.31711209475656266,-0.037995436628932476,-0.04784264620435863,0.23446803197295132,-0.14264651733646033,0.027172096091835053,-0.031458220221894886,-0.01955480366410887,0.14468050292665113,-0.5102240834373487,-0.3811152156891038,0.018939649554288934,-0.09917119024820142,-0.1431941591724822,0.6579711933098863,-0.40644437128737254,-0.16437784355705828,-0.0018113300186548497
-0.004171962313262859,0.022648443608588913,0.8257300322383702,0.07883079412459533,0.0636438483073994,-0.7203252982574065,0.6861972246815684,-0.27182376282139864,0.027186265555962714,0.09892561493722135,0.21176187534280902,-0.12754681492785175,-0.04993987716959382,-0.31887810743448675,-0.03712078987448547,-0.04689721114481092,0.23447661755488633,-0.14170166469721995,0.026251258036115648,-0.03150096612421446,-0.02106153143915382,0.14576625884524388,-0.5080932942757271,-0.38258298471030994,0.017769438194483636,-0.1000351004545118,-0.14387465534999552,0.6578405657978761,-0.4056823344556973,-0.16497934128965083,-0.0016913334853983209
-0.0044920383366259375,0.023131317257008847,0.8257918216159424,0.07906307376694299,0.06391979752502258,-0.7204733926594805,0.6859893441742513,-0.27314440556934416,0.027792908777803223,0.09907333003584386,0.21148895417628752,-0.1266878623004933,-0.05061196461832354,-0.32036409340961547,-0.036266574966604695,-0.04630128188363879,0.23429132878700928,-0.14092736349237983,0.025553174857086653,-0.031418620760342235,-0.022322267280839,0.14640450291998044,-0.5069206673874972,-0.3836281021214373,0.017451649898622735,-0.10070935100160036,-0.14436238341117907,0.6578482692302662,-0.40535589978084036,-0.16534849284433023,-0.001635678070763835
-0.0048588148389653646,0.02369062761517201,0.8258429246355806,0.07933234359086243,0.06421410003161228,-0.7206365288989783,0.6857593760452291,-0.27465471722426676,0.02844894608021222,0.09929504304546509,0.2112758787927741,-0.1256146107445953,-0.05148488733978944,-0.3220511965180654,-0.0353349746822584,-0.0455227246616862,0.23415921021373712,-0.14001076202141252,0.024683025081661234,-0.03121998872913262,-0.023325191569509702,0.14688055377027753,-0.5057777787994344,-0.3849001346023022,0.01733370250075359,-0.101727726179495,-0.1446524526830858,0.6581929299456061,-0.40507479419784503,-0.1657591241463792,-0.0016225504279130383
-0.005319306767632503,0.02426282707062665,0.8258995094913902,0.07961808646290379,0.06453634741946135,-0.7208045270811038,0.6855194044730789,-0.2763088688777467,0.029208751414488553,0.09953208431368564,0.21108984418335447,-0.12437779240888021,-0.05236890741451109,-0.32386609811709094,-0.0342768356046596,-0.04465541845834987,0.23404674694026728,-0.13896805285728225,0.023733991488063252,-0.030984351155018953,-0.024102154893778018,0.14726715523711434,-0.5045830657458448,-0.38620990558886215,0.017444839872586142,-0.10296384749590233,-0.1447552187492549,0.6590058873922959,-0.40480480318576706,-0.16620509083738574,-0.0016449690284635137
-0.005771927632709975,0.024866834300001146,0.8259649103253098,0.07992850936168039,0.06493501402562811,-0.720960126650744,0.6852819661456533,-0.278261597015253,0.0300536004751211,0.09962625439840761,0.21095706541970138,-0.12299123136859974,-0.053263920441674745,-0.3258653415863938,-0.03308767052365984,-0.043789840439942676,0.233851551486095,-0.13776736668527093,0.02259649393189594,-0.03049266893361195,-0.024911118704066468,0.14746941536097502,-0.5034474782202903,-0.38753766785102206,0.017873404824354663,-0.1043502647299428,-0.14488801357031617,0.6599793758400495,-0.40453297835480606,-0.16666482565626375,-0.001625042066865088
-0.006324779876998107,0.025711565133116177,0.8258600026889917,0.08015786272666418,0.06548138715283475,-0.7212618478161036,0.684885575745711,-0.28239561612362674,0.03165144847689846,0.09940104615807506,0.21458829440046065,-0.12322458952805092,-0.05423970175572201,-0.32822001717986193,-0.03126574808608672,-0.042617661350538946,0.2335816948997204,-0.13652851478956476,0.02121159469056312,-0.030144462419342908,-0.025510593706139555,0.1479935811922369,-0.5015767744433175,-0.38915564651236145,0.01879596829288771,-0.10654489361853876,-0.14469116030401458,0.6618305198540985,-0.40440916682337746,-0.1671258302575832,-0.0017217572958109332
-0.006907011360615861,0.026548462739361414,0.8257335055416107,0.08037607178216662,0.0661876738166671,-0.7215979508931442,0.6844379271975088,-0.2880520053353642,0.03367784906242547,0.09878227622217055,0.2204592139204225,-0.12443983892301286,-0.05521008573237457,-0.3308611487768404,-0.02906075993506734,-0.041275778069108565,0.23331840276934449,-0.13512130355294824,0.01959818033911043,-0.029343934139569604,-0.026097923550939827,0.14848766370892677,-0.4994848815244382,-0.3907450247160028,0.02021472259704675,-0.10889055873786208,-0.14439375631154905,0.6640746962012498,-0.40405629366829643,-0.16757690677067363,-0.001739504944572705
-0.007458004022790892,0.0274561748824944,0.825484574668098,0.0806636360253163,0.06699530399773038,-0.7220037668401871,0.6838973371303677,-0.29693734651839265,0.03598371721550641,0.09735202152587089,0.23151257597912575,-0.12790911084556308,-0.05639366407520701,-0.3357924043990921,-0.026722812024937488,-0.0387762875990213,0.2366024015801378,-0.1347290250568155,0.017133846734723502,-0.02848052140115012,-0.026262911663469557,0.14902999995811655,-0.4965003278610375,-0.39302936249740017,0.023794925404758988,-0.11221910355141615,-0.1441424442023189,0.6678555835370272,-0.40316614005035234,-0.16847663040350855,-0.0016601664687171732
-0.008067818707506693,0.028358668078258965,0.8252485554155714,0.08096652041403352,0.06755927632273176,-0.7222059719915386,0.6835924961368065,-0.30257177377033084,0.037601022566934116,0.09639555439564107,0.23733052719178482,-0.12955477017662187,-0.0569392563085402,-0.339719814954304,-0.024970132639891767,-0.037513403756072865,0.23900923660209247,-0.13486521751250127,0.01571371100196491,-0.028137010237046556,-0.026940068729276626,0.14935465287879673,-0.49473953888500694,-0.39390746733066123,0.025871885626385035,-0.11456312121725197,-0.14393737528187045,0.670153406635314,-0.4031178708330576,-0.1689396615859444,-0.001702610309864938
-0.008699408686808192,0.029264587419245598,0.824959033567044,0.08125651170737795,0.0683205189727861,-0.7224939413415162,0.6831780080749381,-0.31171981551419614,0.039885051676827724,0.09451557637598847,0.2489267546435998,-0.1332846128332418,-0.05773531312414873,-0.3454523701545306,-0.022664410700672016,-0.03517579150033764,0.24406479984050203,-0.13569668012259442,0.013162988929725906,-0.027078595429461758,-0.0276142474385524,0.15001417014808824,-0.4930340335844715,-0.3950958485660906,0.030694531018457007,-0.1175476644352018,-0.14355202160061994,0.6736936765190584,-0.4022330528683899,-0.1697791980996629,-0.0014968562089837825
-0.009411595317055304,0.03020964726239068,0.8246536969776636,0.08151309702135,0.06901189405588308,-0.722708697187259,0.6828507249045745,-0.3197389653353336,0.042055118044854685,0.09281880410822635,0.258738530308971,-0.13653353854855527,-0.05822084252429807,-0.3505650076967796,-0.020428067145782235,-0.033353263992858075,0.24841756981627808,-0.1365822162801657,0.011004500942242304,-0.025899598706025796,-0.028633760371552817,0.15086788895133676,-0.4922894948569668,-0.3956670562504246,0.03589765801006925,-0.1200895085876979,-0.14298322031817723,0.6763050202480808,-0.40160131786115383,-0.1705196374092808,-0.0013082230152473126
-0.010134807202503567,0.03119469655707075,0.8243188338110979,0.0817972676846525,0.06965185189192108,-0.7229233997385159,0.6825244205432195,-0.3276808122353431,0.0441280093514151,0.09112362383195931,0.26835926448722297,-0.13954160836646828,-0.05860461087110291,-0.3557277118332475,-0.018250696685465008,-0.03156958322766994,0.252814355580739,-0.13749512986169576,0.008751409423720964,-0.025007860096443735,-0.02953355192540757,0.15174068988730735,-0.49165471767385155,-0.39590468134003076,0.04134935864943278,-0.12277890578772892,-0.1425432841421189,0.6794423087348123,-0.4011531814134136,-0.1711707911971848,-0.0012450282992691245
-0.010965693305001006,0.032151480655913396,0.8240039646822611,0.0820626557422635,0.07030472137640956,-0.723050032797671,0.6822914456125034,-0.33388714516258206,0.04611483887248617,0.08979270623129795,0.2747360441376204,-0.14110375528115923,-0.05865332388155316,-0.3599822306789757,-0.016052528737048287,-0.030514484416889302,0.2556891099920338,-0.13783382487420556,0.007165944905273217,-0.023719356369568956,-0.03065341403968469,0.15254095933523312,-0.49133120118552287,-0.3957963027222534,0.04405442395627877,-0.12468057196400487,-0.14211457082905005,0.6813846524883561,-0.40118213154065885,-0.17149794053564218,-0.0011542406671116354
-0.011768367175092517,0.033209216506475125,0.8236538890674648,0.08239863113578824,0.07106525417814478,-0.7232671176169191,0.6819419856627529,-0.3417563114550541,0.048265778631996915,0.08806967147549662,0.2832895411083754,-0.14312711359087527,-0.058582783281904194,-0.3652969367179518,-0.013626079066196822,-0.028926454294487095,0.2596009984491435,-0.13831264285439096,0.004977625284691383,-0.022327603722150185,-0.031877059194042726,0.1533867942804238,-0.49106992217464357,-0.39564080377910216,0.04669042033616819,-0.1271820025724862,-0.14185863356328154,0.6841789467904826,-0.40120465987940845,-0.1718525349565825,-0.0011163052287276685
-0.012519988081109601,0.03434479286795146,0.8232048390459202,0.08282697580410879,0.07204137564480684,-0.7236565967043139,0.68137424541927,-0.3536385192598969,0.05087236136802866,0.08524018579120048,0.2979950778720561,-0.14754060546948836,-0.05826347027270524,-0.37312370510367737,-0.010667922167010227,-0.02584641257479075,0.26680222523559227,-0.13982946219176232,0.0012426980438385831,-0.02069184158966727,-0.033125304841249946,0.1544880520846213,-0.49076051611434063,-0.3956175073799368,0.051264190044785926,-0.1308697042440094,-0.14176044339141738,0.6892549623095499,-0.40080416386330864,-0.1727860983687252,-0.001042052192661217
-0.013386343702997893,0.03562838628884599,0.8227520446904648,0.08322611687231164,0.07296277584303527,-0.723942211725604,0.6809240199122634,-0.36383715493522195,0.05334175473375109,0.08270501803522702,0.30964573486516783,-0.15103035354127814,-0.0578092983201422,-0.38005587539077984,-0.007753316760971414,-0.023462157544249906,0.2726049758026835,-0.14114314078443407,-0.0017655265715860505,-0.019046947079368024,-0.03456414877037732,0.15566179903516855,-0.4903303615300946,-0.3954417581759302,0.05467786783823558,-0.13419684026559767,-0.14143029115366523,0.6932989749632746,-0.40077953050820025,-0.17393058723084928,-0.0009231017479264262
-0.014304734615937958,0.03700084933708949,0.822311415402812,0.08358146749775221,0.07387907386469866,-0.7241741972083108,0.680534901995126,-0.373758981835758,0.05585829534931602,0.08001273407048853,0.32070374780817085,-0.1541041516367885,-0.05746754011951775,-0.3866602452460871,-0.004752854289780239,-0.02134680676142635,0.27791888811037513,-0.14223257046547447,-0.004572354780440287,-0.017353188165151988,-0.0359392890140736,0.15687626186882958,-0.4898421766497642,-0.3953219966955183,0.05724219784416248,-0.137258065242862,-0.140992413795985,0.6966861359762835,-0.4009166925895895,-0.17505691900995743,-0.0008004916817924687
-0.0154329150161393,0.03832433380593532,0.8219065503196077,0.08385001537235887,0.07467712955572205,-0.7243039395640721,0.6802766381225644,-0.3811890262968077,0.05833486428172631,0.07795268120115281,0.32788594727958537,-0.1556375328710833,-0.05722925635270836,-0.39168433725054475,-0.0018275099270015703,-0.020117807126084686,0.28117474260923975,-0.1425728839694074,-0.006355940427077714,-0.015733901586989698,-0.036944192053963806,0.15809613906878628,-0.4892177212110358,-0.39510300955136607,0.05819658795136924,-0.13932966255610968,-0.1403838439140811,0.698627973137645,-0.4016007276949656,-0.17554565690823437,-0.0007165590149559328
-0.016440091298187832,0.039477412927398925,0.8213936112758935,0.08407551336760823,0.07574819344010017,-0.7246269183146621,0.6797862520648167,-0.3929088560667026,0.06156400276979319,0.07433084171319013,0.34209566593658725,-0.15930231306595602,-0.05719579334278412,-0.3987635277928606,0.0019324445498758755,-0.017537140524577697,0.287483842284868,-0.1434781906302857,-0.009926474439562235,-0.013107856724582352,-0.03791792737512221,0.15956993013430004,-0.48918916912647836,-0.39528451340482423,0.059849013552742115,-0.1417429126869087,-0.139737416613722,0.7011854116591464,-0.40163978013872104,-0.1761042362867628,-0.00048248832330414685
-0.017544132151413847,0.04071286646795803,0.8209426851864069,0.0843010053467276,0.07658948854912574,-0.7246900009640798,0.6795967872525565,-0.40070636301673973,0.06415936009784977,0.0718011709963551,0.3498043975419348,-0.16088244660061948,-0.057160370155914575,-0.40367987289676754,0.005000734002178457,-0.01649671254431796,0.29073586261281237,-0.14378336425143656,-0.011880369886498003,-0.011287519135030842,-0.038715157329324186,0.16076889547405185,-0.4887130074972723,-0.3952551401875623,0.06041241476895609,-0.14356634472108065,-0.13915509415710964,0.7023982189148985,-0.4023779342167294,-0.1762791818171809,-0.000368028668351482
-0.018495406345363737,0.04213208578722686,0.8204106558799785,0.08456235892275629,0.07767592090588386,-0.7247107717343894,0.6794188370195424,-0.412904890192485,0.06696400362521338,0.06711636724861018,0.3639313047096558,-0.16443551416264401,-0.0572621112693376,-0.41056241025363777,0.008474079689677104,-0.01484624446370725,0.29655447491437814,-0.1449262419060319,-0.015234644144849905,-0.009102778374010525,-0.03967483916471166,0.16226663219756995,-0.48847298908553705,-0.396184834102713,0.061504491633952094,-0.1458360200683039,-0.1387073480420707,0.7037569956526749,-0.40302402625537104,-0.17633323318546698,-0.00019326647663821427
-0.019533509046014468,0.04348377496653375,0.819915511822265,0.08477162803066676,0.07860534778067277,-0.7243865206198282,0.6796316201631651,-0.42314225652495624,0.06924412829470483,0.06242566120591157,0.37498770005048226,-0.16700527860922976,-0.05715831734620406,-0.41597839863549696,0.011350672779998686,-0.014665671487236161,0.3007923691946134,-0.1460083808049819,-0.017526019816037096,-0.007691074746307631,-0.040203513965568816,0.1636761424394781,-0.48801651736759155,-0.3970099934274453,0.06235218246312184,-0.14741569159275825,-0.13811222358868716,0.704458674684064,-0.4038331574975437,-0.17627184499529866,-8.332476284189462e-05
-0.02062545547681511,0.04468857032026258,0.8194865655782122,0.08494712971432164,0.07935022422997393,-0.7238788733651355,0.6800638968240948,-0.4306805912069188,0.0711608407276802,0.058657845733992436,0.381973222687052,-0.16794671274901668,-0.05701500687936604,-0.41978298830251315,0.013734725642943691,-0.015417913702822401,0.30306729262251497,-0.1464814129565361,-0.018819686602775092,-0.0066867134306279954,-0.040286757641743456,0.16468785347568854,-0.4874527059234174,-0.3974231974303843,0.06262385746731498,-0.14831121940977862,-0.1376435265761973,0.7047885830171381,-0.4047462433818355,-0.17622575583491487,1.0209693313013483e-05
-0.021745203827494567,0.045903512786772335,0.8190991942547183,0.08518474693351737,0.08021648606785965,-0.7232238279260731,0.6806292448703296,-0.4397209969091193,0.07295036002340098,0.05375964402817299,0.39062243614064274,-0.1688791464576131,-0.05675539805233952,-0.4241151501547384,0.016120572124721084,-0.01650364837407735,0.3057736861480912,-0.14692311307985356,-0.020275203272143653,-0.005800761636053153,-0.04032665843379614,0.1658277836079472,-0.48695007026234643,-0.3981854363004632,0.06290624906173044,-0.14918211726047761,-0.1371769630915428,0.7050242071946918,-0.4057131223757843,-0.17615388993468592,0.0001092224100243469
-0.022742861018159696,0.0471950002725868,0.8187403512396986,0.08551365636195223,0.08114107912356806,-0.7225075977993503,0.6812388061293081,-0.4494432860052395,0.07442355635990228,0.0483625782275268,0.3996176957198401,-0.16962509815183496,-0.056469087588876185,-0.42885999956968124,0.018351029284668096,-0.017689452580404552,0.30851574163386875,-0.14717202496857607,-0.021868859958222707,-0.004899468766852479,-0.04048679902609196,0.16683879603159316,-0.4866489161201529,-0.3992215664860369,0.06328116663299482,-0.15032757517966455,-0.13679177652861818,0.7051291226872513,-0.4064926902456714,-0.17614367939610284,0.0002122626913323098
-0.023780921099191225,0.048782099021738405,0.8183818274177935,0.08603446719452107,0.08220405821843599,-0.7217267834034611,0.6818731651744835,-0.45999741562859287,0.07560714131254741,0.042651313788557355,0.4084387280924527,-0.17003360158559358,-0.05604003404276483,-0.43441763396540256,0.020541860653341397,-0.018752463727468763,0.3112339726121416,-0.14721165170998202,-0.023293281823196007,-0.0037743212819656797,-0.041137557576003764,0.16809197973470183,-0.486593451798603,-0.40073064065323394,0.06386395985849219,-0.15173175789426094,-0.13660139894326415,0.7050599723058282,-0.4077915012616589,-0.17637561627094298,0.00035408044535178523
-0.02475213922288955,0.050385932833566814,0.8180666108084929,0.08664964703991464,0.08329760408183429,-0.7208780109484036,0.682560064135866,-0.4708168397972329,0.07644867917908653,0.03672035668085917,0.4170319831957135,-0.16988219302882504,-0.05556877338757817,-0.44032536426462016,0.02254086094273408,-0.019835274334754596,0.3140012630423957,-0.1469305694159886,-0.02463238243208042,-0.002615364670908343,-0.04189429029184532,0.16926077481888904,-0.48697432502063914,-0.40229544555797503,0.064722864409056,-0.15317141619674096,-0.1365100639370409,0.7049731483885417,-0.40897533733883923,-0.17690919776559874,0.0004958173906897526
-0.025701906710464923,0.05196036097464695,0.8177939902982169,0.08734859647086535,0.08444918278841161,-0.7199895953712004,0.6832668152180043,-0.48166879629158815,0.07709429444576144,0.03070433375275297,0.42514385050458026,-0.1693617655818338,-0.054985920608321755,-0.4463711728457181,0.024484961021286448,-0.02099274066321551,0.3165148430179341,-0.14633723236914348,-0.0259675247635464,-0.0012067011509270616,-0.04267026947753381,0.17038406197089095,-0.4875301041987496,-0.4039870415603632,0.06584284333231993,-0.15442220756147237,-0.13657883466310416,0.7047384766452909,-0.4102473578299609,-0.17774110763947196,0.0006551159690510046
-0.0266932561601004,0.05353322156377781,0.8175601611292149,0.08802009691289805,0.08566285365142545,-0.719132205890192,0.6839321665890886,-0.49225303358631595,0.07781549376801193,0.024823305697215636,0.4326676674616058,-0.1688267752095498,-0.054081110439831034,-0.45225324664440736,0.026603403015575306,-0.022182809620842417,0.3185736353424013,-0.14543840878319717,-0.02731034864478923,0.00033780337067170776,-0.04324078966024069,0.17145775042741404,-0.4875823696480382,-0.40577302038169305,0.06711818691443323,-0.1557045329242288,-0.13641280058363706,0.7043786910240779,-0.4113066241259604,-0.1787405472902951,0.000748253797375156
-0.02763669399093583,0.05526736550660696,0.8172951448710672,0.08873306141537438,0.08698452574365385,-0.7183145055096221,0.6845322543660554,-0.5028597698189302,0.07859807824633279,0.019165705802419792,0.4395381617037911,-0.1684087554009488,-0.05310307737878815,-0.45816609169961525,0.028921300098935777,-0.023371005910159306,0.32000006165690237,-0.14436969000306546,-0.028862544429111625,0.002169619802803463,-0.04368660990462182,0.17240666027645302,-0.4869558056826235,-0.40807608935517764,0.06839520395422787,-0.1570470819998289,-0.13632225004590087,0.7034814756985166,-0.41247938889495406,-0.17978201952127662,0.0008432428961368407
-0.02863334711614595,0.0570868880876532,0.8170827281016766,0.08951524321681101,0.08841214261680909,-0.7175226734525203,0.6850777527779514,-0.5135060070789369,0.07944134546798554,0.013716411296707419,0.44577070218906134,-0.16789335557407953,-0.051999349049530956,-0.4641398506223029,0.03143295719770976,-0.02451452465100189,0.32082600841282,-0.14295760196918608,-0.03052441489063846,0.004304081611137093,-0.04395873524570431,0.1732977378065115,-0.4857009842785345,-0.41066193137238377,0.06953895204343787,-0.15825063642483087,-0.13626057182509865,0.7021321665657738,-0.41377943794573274,-0.18078335161215697,0.0009423491756625411
-0.02964472201637315,0.058787965948164746,0.8168742164362507,0.09024228719576202,0.08984544415661135,-0.7167803684583058,0.6855727745168663,-0.523665128015348,0.08033861667466363,0.008402988021395268,0.45162284686046616,-0.16760428619598935,-0.050457846277877944,-0.469762616082394,0.03404032377035523,-0.02563151578072292,0.3212540621265432,-0.14123467930989383,-0.03222160200815202,0.006660987348866869,-0.04368914019153986,0.17401543529291122,-0.4838119253321711,-0.41340063065363414,0.07053836301372991,-0.15916184864479638,-0.136269831717979,0.7008227088621287,-0.4149501317350791,-0.1817065416354043,0.001000625796200758
-0.030618707628295997,0.060437006731453476,0.8166870393086676,0.09086140224535892,0.09119530048843065,-0.7161020443969549,0.686021490014222,-0.5330908636584114,0.08118884162922052,0.0030550640881830213,0.4573148422215339,-0.16804232376819753,-0.04814873146497972,-0.47485896755066165,0.03664256058989146,-0.02671888112353276,0.3213626151297542,-0.1393431673388654,-0.03391196716439581,0.009199685500724452,-0.04292779349823327,0.17442513033829624,-0.481092488304745,-0.4162288712544756,0.07146610102646493,-0.16004442440053337,-0.13641980893961012,0.7000240650981464,-0.41577893130910815,-0.18258312190094936,0.000992422953040337
-0.03152681135712103,0.062044398545853106,0.8165289890596652,0.09138037290436261,0.09247837986995197,-0.7154809561507306,0.6864287130431859,-0.5417884984458294,0.08192961960349275,-0.0022435567996469796,0.46242174025567023,-0.16920602596200665,-0.04430369054179547,-0.4794311539082216,0.03921671408556885,-0.02778948914058484,0.32108754233545805,-0.13730340492516385,-0.03557543803736505,0.011824628007310826,-0.04160239055980906,0.17445577434013995,-0.4772235672112731,-0.41919180019677804,0.07238142279553783,-0.16099176667184725,-0.13684225600174363,0.7001926329244497,-0.4162929668938828,-0.18352878930683952,0.0009004832015088476
-0.03245912704131513,0.06359128222137617,0.8163893364811611,0.09181547035948315,0.09371344802809081,-0.7149074028327588,0.686800636601534,-0.549818081832992,0.08265728398441131,-0.007473260897888621,0.46694036399355443,-0.1709495911387917,-0.0388929963678893,-0.4835143176741508,0.041851253520537895,-0.028872873475502738,0.32039874831193166,-0.13507581684660777,-0.037184362675741794,0.014575470293487575,-0.039740957727760325,0.1742483889071114,-0.47219319677067517,-0.4222656620895895,0.0732754124758559,-0.16196112376796437,-0.1373695567049632,0.701313707459629,-0.4165128554441918,-0.1846329725391342,0.0007677200035178201
-0.033256970859893,0.06514686585229036,0.8163160787170971,0.09219863145405421,0.09481822751743815,-0.71440511210483,0.6871202601342327,-0.5570538518006617,0.08311942859029388,-0.012846001003933825,0.4716649784232183,-0.17354382930474724,-0.033186014415658265,-0.4872026502651468,0.04427316305275205,-0.02985488546506206,0.31945788160019806,-0.13272189669689843,-0.03882158189312803,0.01718287858339711,-0.037383476967547215,0.1735806536810926,-0.4661309982235503,-0.4253632388394125,0.07417734214420144,-0.16312773752066467,-0.13819087315039089,0.7032806525952254,-0.41636454011707474,-0.18586038113510522,0.0005996922237325959
-0.033988667024397616,0.06672664360930108,0.816259447225888,0.09245394885401621,0.09573072813623425,-0.7139818970037257,0.6873992622797657,-0.5634300601276834,0.08336986196191752,-0.01867738191249362,0.47771171189558653,-0.17748811872102058,-0.028619145771521207,-0.4904535476361321,0.04647754866808693,-0.030678311975905207,0.31859007161109815,-0.1303868762039676,-0.040337417277770626,0.019733793590415064,-0.03466356540106175,0.17267367844416956,-0.4593959083041729,-0.42834902223242105,0.07513765970650522,-0.16435798701000512,-0.13913896280369561,0.7058694810524235,-0.4158367705027477,-0.18709428092673389,0.00045693552316741597
-0.034597427639585863,0.06819410207427082,0.8161568572777053,0.09256758773441019,0.09656060607141739,-0.713675359006489,0.6875861931446204,-0.5708734534878103,0.08308912205897144,-0.02700571427473917,0.488402219591456,-0.18466321649488257,-0.025099002849015655,-0.49350646352983873,0.04866993749027509,-0.03129502489486175,0.31804656748162513,-0.12748835413628287,-0.04237586349500826,0.02209137312650945,-0.030164778420732244,0.1713288228112475,-0.4492530391941099,-0.43288768010768297,0.07703786109045599,-0.1662198075082554,-0.14024827688456665,0.7107002396204269,-0.41420533196770515,-0.189260261820955,0.00042402480170844936
-0.035193822791976435,0.06959127191399413,0.8161864064794107,0.0928301804973312,0.0968187640819238,-0.7133680738021337,0.6878333197732677,-0.5900709269941831,0.08104086338440111,-0.042109544780638344,0.5311596265227074,-0.2098414400396268,-0.023758922774480207,-0.49598203891312787,0.04964568863988779,-0.03163923311839901,0.3176107282552744,-0.12518123787030064,-0.043907551400768165,0.023692193173668084,-0.02606785772264996,0.16914653685368625,-0.43897523803701904,-0.43515826461754903,0.07963177700231126,-0.16854998775485006,-0.14139012451160118,0.7167664578276509,-0.4114980408473275,-0.19171735670248533,0.0009347948770846849
-0.035709605771898,0.07096550270016484,0.8161598148198695,0.09284913476684216,0.09701204106511736,-0.7131083733022818,0.6880727795717552,-0.5978174829633939,0.07971858318043004,-0.05234835754797422,0.5547806556371861,-0.22528835533282235,-0.02415899389306179,-0.498170303852679,0.050709105729572074,-0.03198704709036933,0.31768056808556916,-0.12342221977804033,-0.044950466398639866,0.025758157891662425,-0.022635457693559922,0.16737561114643226,-0.43083523695897036,-0.43691181643181976,0.08162692336101447,-0.16982761970349378,-0.14264511641239283,0.7213322225684133,-0.4092673013741674,-0.1926597577419018,0.0009257726047674738
-0.03622981189451413,0.07230918792915292,0.8160436411686975,0.09264684834911155,0.09714275914855598,-0.7129316536561213,0.6882647042026269,-0.6023766026716872,0.07874979362718307,-0.06122576247269148,0.5756800181649135,-0.23869948793147225,-0.024949375507360306,-0.5000332999413736,0.05196100358457443,-0.032298473874943175,0.31810048024369725,-0.12185528917277713,-0.04588662949373458,0.027636963367943503,-0.018821337296999564,0.16579027212837985,-0.4224092464796611,-0.43864348544756415,0.08361883279308308,-0.17108983994786517,-0.14368650117791135,0.7261171892951928,-0.4067637987898981,-0.19306329796281294,0.0009054078434812175
-0.036669526458417485,0.07364478959227402,0.8158972186542099,0.0922463676451704,0.09707910855864042,-0.7128340318678404,0.6884285709852322,-0.6047759983559273,0.07798081649094545,-0.0686821261555962,0.5973262094101426,-0.25188761437297935,-0.026306969367095732,-0.5013484550667651,0.05310879666897903,-0.03257077488327668,0.31872872174553724,-0.12056930792559697,-0.04668135412336836,0.02934175179847039,-0.014983269119358213,0.16414516203872062,-0.41426527002694175,-0.4397418288502239,0.08528782204026537,-0.1723091193849044,-0.14463730721064127,0.7308679143646941,-0.40384117269406855,-0.19285441079325386,0.0009370673297524877
-0.03709836764006984,0.07487746923794195,0.81574136972003,0.09164623094114034,0.09687119871249802,-0.7128383972463425,0.6885334840264132,-0.606103204641581,0.07741050291606243,-0.07549989707910079,0.6220112618250885,-0.266274582347503,-0.02852814531620061,-0.5021232621819876,0.05428374583492258,-0.032716411105508506,0.3195343843022264,-0.11935239236077773,-0.04732185511772207,0.030845566882835435,-0.010629442267998803,0.16240051321760268,-0.4053468468181472,-0.44049810514965093,0.0868625137497391,-0.17382736721771092,-0.14523183219346597,0.7364552143486207,-0.3998820840667354,-0.19178548849319407,0.0011322489927369501
-0.03747420646642468,0.07605008665905351,0.8156453035543825,0.09098046707308716,0.09649445713574586,-0.7128742995678025,0.6886375006989921,-0.6056853988262856,0.07677931318552111,-0.08149640137691946,0.6474902567116252,-0.2796367824277412,-0.03125584567766437,-0.5024831481892835,0.05518609047924634,-0.03286951406205032,0.32027291548799797,-0.11811177654888193,-0.047815549315196805,0.032200740563561606,-0.006840769920261054,0.16065294851440404,-0.39770936459414696,-0.4400311633129031,0.08759910730805982,-0.17486742888102313,-0.14583591561167764,0.7411334386722118,-0.39610947928963064,-0.1901091842586717,0.0012451676230892277
-0.03778855416077863,0.07723306082982867,0.8155174323305315,0.09031035647370392,0.09604655082632317,-0.7129446860828003,0.6887154522545978,-0.6042372598974965,0.07598930373514468,-0.08738936633527154,0.6735903442178838,-0.2917177236257958,-0.03429120365779585,-0.5028686100239268,0.05594973636837493,-0.03298385711981177,0.3211538038254559,-0.11690480385430012,-0.04844792306240282,0.0332988360335071,-0.003327624929613802,0.15899664711483713,-0.39094238941981657,-0.43919766792114057,0.08761929076002001,-0.1756244161790835,-0.14656072056357175,0.7449156458954884,-0.3929218880621152,-0.18822027964953209,0.001330423660644895
-0.03815093677072298,0.07862263497279565,0.8153948437674741,0.08963372990875607,0.09555874905404396,-0.7130433548407151,0.6887695507638001,-0.6019653147090879,0.07505668730826533,-0.09364063816419121,0.7001058788502581,-0.30273403273481153,-0.037394912183047524,-0.5033394714455466,0.056733102326240965,-0.03306281097776097,0.3220207658225848,-0.11571316023582928,-0.04916829265542697,0.03416453570504008,-0.00038569181239683385,0.15755438448820858,-0.38488934315220347,-0.43800169450478044,0.08678538196062406,-0.17639254185480735,-0.14720090456778415,0.7477496665341022,-0.39030360590332813,-0.18637558362401072,0.0014043893000306256
-0.03847264268557756,0.0799825908261668,0.8152682756168357,0.08889555783991576,0.09499997179252039,-0.7131823775601314,0.6887985783183841,-0.598567548077281,0.07400487545423506,-0.10000651187049005,0.7273740535818561,-0.31313051252086527,-0.04068730216040513,-0.503647517471208,0.057453061982274636,-0.033154791497618484,0.3229403177266202,-0.1144882308610761,-0.05001065802211362,0.03482110368451437,0.0024827686678756296,0.15614839962964605,-0.37960173006941894,-0.4364511450120045,0.08505852045251842,-0.17680775802421161,-0.14792047367182729,0.7499114226118925,-0.3880865862672496,-0.18460420578533854,0.001469345604225769
-0.03868895508694986,0.08121990221945902,0.8151584264863829,0.08814988600549395,0.09437491485700905,-0.7133636614871027,0.6887926099434166,-0.5939019294402422,0.07286567107687965,-0.10591634513084999,0.7545911745631426,-0.3223470334246194,-0.044199342116260545,-0.5038713218888234,0.057991560261427516,-0.03318205538019494,0.32392762883334303,-0.1131338122506809,-0.05089802587042627,0.03521580880157132,0.005309299764827495,0.15470303182569084,-0.3752718762590289,-0.43450777668267804,0.08274061800308037,-0.17689044957113756,-0.1487459086006391,0.7513329476010755,-0.386137378998339,-0.18300671115774111,0.001527950363836034
-0.038869842105720656,0.0824996765946453,0.8150500847503501,0.08745393189868528,0.09369012683941533,-0.7135984021845386,0.68873165335125,-0.5880896402817187,0.07182637884771763,-0.11080100868589272,0.7807875846813968,-0.32993852392954953,-0.04783748828586556,-0.5042486977616194,0.05837668601806951,-0.03296558983039204,0.32500842436974076,-0.11171661389771764,-0.05155344146636143,0.03536495049934056,0.007836267960272779,0.153415542274721,-0.37196239540856096,-0.43241543798919946,0.08041537081556341,-0.17694726795967822,-0.1495632526263768,0.751835430977753,-0.38457076060138895,-0.1817613207171996,0.00157714024107277
-0.03903890562464988,0.0840249027302245,0.8149233337005503,0.08679507957451824,0.09292897916099284,-0.7139680680380427,0.6885349786436216,-0.5810629242911355,0.0711431792809378,-0.11413042537693767,0.8056289972680423,-0.3362059872000571,-0.05178088406851913,-0.5048901312518377,0.05871517533221838,-0.03223822687649861,0.3261956330027913,-0.1103177501756345,-0.051800743915294906,0.035404459363472515,0.009885596409001362,0.15244761382079264,-0.3699765000592076,-0.43037391869894537,0.07860836306125962,-0.17727131751286604,-0.15030048291532844,0.7512846958998836,-0.38335855922893414,-0.1810789610375995,0.0016192513692244654
-0.039133374174974804,0.08557080671969745,0.8148229659486416,0.0861610653107557,0.09208359204851073,-0.714429633743673,0.6882493598462984,-0.5723036827020352,0.0707398124129612,-0.11599919833717205,0.8287090615202115,-0.3409098506892741,-0.05574640029174317,-0.5055322953565315,0.05888610196014718,-0.031255269266100234,0.3273556854544812,-0.10884356846014138,-0.05183499107850454,0.03518633796115368,0.011948987067556649,0.1516870033973626,-0.3693400003624869,-0.42842766289148154,0.07778745881525032,-0.17744228759159658,-0.15107860808800358,0.749927066819021,-0.3824765354891651,-0.1810371668135421,0.0016286352342084443
-0.03914201374373151,0.08696605628931185,0.8147774046302992,0.08559067320615842,0.0911854929263551,-0.7148591559421904,0.6879940622603604,-0.562412011802433,0.07026394439725048,-0.11732513287033092,0.8505026458660353,-0.3439402532036926,-0.06010991583706227,-0.506238478133202,0.05877138841323863,-0.030249356266411745,0.32861701765111695,-0.10712385259101065,-0.051858337787877753,0.034769768288172256,0.013710656558546624,0.15064663428975258,-0.36953274104093237,-0.4259132648715179,0.07728950259252725,-0.17718773359924445,-0.15204072974338914,0.7478349831572094,-0.3817831657253194,-0.18133918002712418,0.0016809325286112518
-0.03911793860209647,0.08846469023148396,0.8147546592298347,0.08509890862682654,0.09031926349137014,-0.7151328261915282,0.6878849084666827,-0.552191497378382,0.06952901994848282,-0.11894116256894116,0.8709675604152579,-0.3451927461039788,-0.06416523271526872,-0.507171110164309,0.05842440136526504,-0.029529765937763075,0.32981960889191897,-0.10537385585594508,-0.05183436385294944,0.03371818741452108,0.015174410516010086,0.14954523594316504,-0.3697525487271303,-0.42354455711481337,0.07715416905164456,-0.1770143700439611,-0.15307722868332424,0.7451324881444846,-0.38145146960991805,-0.18189228392858922,0.0016703602052649032
-0.039080806419613624,0.09001944841188486,0.8146898672489566,0.08468816821472056,0.0894835518373789,-0.7152063674372962,0.6879683568974295,-0.5417270044527509,0.06838884168000432,-0.12123113732056941,0.8901333595027148,-0.34448372302181585,-0.06755471813954267,-0.5083743151075905,0.057798497775283744,-0.029233213569678406,0.3311219881224957,-0.10375155107488672,-0.05174557496341479,0.03178940188078812,0.01662161590565123,0.1485084798903167,-0.36990261139088565,-0.4215144551172626,0.0775073731178726,-0.176871778567831,-0.15414774074860224,0.7420286072490727,-0.3815688926179132,-0.18265001282927135,0.0016017703242711704
-0.03906251472481472,0.09171959019635104,0.8146291060885872,0.08435905901709984,0.08865467265182635,-0.715131345057478,0.6881940551145647,-0.5308699449803349,0.06695388331723444,-0.12393707143306497,0.9078107380482171,-0.34192163326936076,-0.07034873367212503,-0.5098667152789507,0.056927251387199354,-0.02921209403495355,0.3324964274821533,-0.10222210824635106,-0.05149243307852066,0.029186450486451285,0.017767324340238304,0.14754290059278077,-0.3702165695124282,-0.41958297989400745,0.0783933935331582,-0.1768102935620631,-0.15520195699098516,0.73834864776609,-0.3820906128016326,-0.1836192595571537,0.0015335749526557204
-0.03898764026611948,0.09350122029355307,0.8146295156271534,0.08409544753647805,0.0878327215552136,-0.7149236765070515,0.6885473879824713,-0.5193580318838239,0.06537179020830657,-0.12668824984281493,0.9235829613110699,-0.3378979416714957,-0.07294088017834326,-0.5115474578447824,0.05579179776195842,-0.029437825307660793,0.33386237186056283,-0.10062792519354737,-0.051228709799939626,0.025883361778318032,0.018885006765032696,0.146450174681729,-0.3702306355762026,-0.41774821768718884,0.0795438126553366,-0.17682568406481441,-0.1561933283055572,0.7342395958596785,-0.38266286416016787,-0.1847257577069991,0.001420300109984645
-0.038874117031645415,0.09534348088413426,0.8145905389919335,0.0838517316804123,0.08702802877464841,-0.7146158606465739,0.6889986799799769,-0.507171102959968,0.0639559920407798,-0.1291372841316052,0.9373538324726558,-0.3333658547305085,-0.07560694935557315,-0.5134747646016884,0.05449645551779864,-0.029801033992895697,0.3354715077788836,-0.099109694537553,-0.05101281296250308,0.0221966812208098,0.020159079710972284,0.14526502958109797,-0.3694331782679563,-0.4162864502187311,0.08042115847101747,-0.17667651676976048,-0.15717064716711762,0.7296893746803281,-0.38346887252046635,-0.18591031956500892,0.00129575752010234
-0.03867540617649381,0.0971663976680889,0.8145574962009838,0.08365798003010315,0.08626917847125233,-0.7142327492055018,0.6895147215147244,-0.49413652835856287,0.06279912236663328,-0.1310470721642284,0.9486601247230434,-0.32878961227327147,-0.0787046142762742,-0.5157105106132139,0.053051817016132034,-0.030201595019168456,0.3373429349471538,-0.09757566192749217,-0.051005641206465016,0.018595384318472,0.02136504594638561,0.14371414356023784,-0.3676806245006755,-0.41487698109608084,0.08025628853421646,-0.17595383943908618,-0.15821007167150183,0.7238649037243909,-0.38450701798823234,-0.1870579157391944,0.0012360210391422484
-0.03847517857413017,0.09905830989124224,0.8145031046376965,0.08353484184531271,0.08550643563359116,-0.713784795270753,0.6900882883395468,-0.4804073136976891,0.061850618955584746,-0.13250374297937556,0.9576998183168723,-0.32430417840891895,-0.08200632551511877,-0.5182876374845563,0.05143924827371744,-0.03056565711680591,0.3394934707100983,-0.09610768892197748,-0.05108515063586035,0.014648359496184355,0.022629557005331202,0.14200201712448307,-0.3647791471190961,-0.4135930070788598,0.07872049287832228,-0.17503525233266753,-0.15920138543204826,0.7172307877813182,-0.3859226150599253,-0.18809581348355905,0.0011286976719780137
-0.0382307082270635,0.10095886407902195,0.8144483780624552,0.08345217443384066,0.08474251198692873,-0.7132091943872758,0.6907872945312915,-0.466125101191425,0.061021279052274155,-0.13371184412490988,0.9646319326683426,-0.31959805985027434,-0.08514176267728475,-0.5210620364698785,0.049582921323620605,-0.031149248539419985,0.3418448142124716,-0.09468146193550518,-0.051174013036946284,0.010301863438784949,0.023842838942134167,0.14019308609159953,-0.36139963825757737,-0.41225276410965506,0.07595777904302808,-0.17396509050334605,-0.16022334084663684,0.710416084859413,-0.38740855518556255,-0.18899379589795573,0.0010208020954659022
-0.037973432457251335,0.10300562554954278,0.8144204638659311,0.0833831173387481,0.08398207448794703,-0.7124531411563754,0.6916681202455314,-0.45175305628922824,0.06027290013342903,-0.13495009351926274,0.9698170676565573,-0.3144570010624646,-0.08760501378240719,-0.5239306543110918,0.047484955503405965,-0.03216422615492667,0.34415536112537215,-0.09327839250283321,-0.051063788662341715,0.005706385488108178,0.024429712392757173,0.13846280261196278,-0.3583562663334322,-0.41053969786073496,0.0725239216336341,-0.1729581459641955,-0.1612722620029078,0.7038545305827959,-0.3888023748995919,-0.1897885805193594,0.0009713296066181309
-0.03772866669440957,0.10506722531220355,0.8143573626834997,0.08331305090731454,0.08320523028075696,-0.7115125622827679,0.6927378284143657,-0.4370845513814674,0.05974528343229981,-0.13598241486035606,0.9732412552698397,-0.30901723090292327,-0.08934997327708832,-0.5268300600366765,0.04512483724011322,-0.03368823115799679,0.3465925338279742,-0.09199979238418594,-0.050691137126674606,0.0007849260784207272,0.024648235094348086,0.13692006007395452,-0.3558946033013277,-0.4083055013831632,0.06903893432443699,-0.1718103022586859,-0.16235477153211578,0.6979360999110467,-0.3902098518525688,-0.19059746259466573,0.0009529411049670132
-0.03743363188866099,0.10721522794157398,0.8142837873273542,0.08326477583077005,0.08241931438844524,-0.7104103984145118,0.6939676502158617,-0.42218710341967197,0.05938630580716799,-0.13677229346431474,0.9748549641551544,-0.30339392332114046,-0.09062132374162166,-0.5298707391944488,0.04248137384303829,-0.03561052953795215,0.3491461547695795,-0.09082860056913876,-0.05017944616390035,-0.004334907025594606,0.02432326180449684,0.1353577360130601,-0.3538937249424769,-0.405469784315889,0.06575391349244324,-0.17056545138370932,-0.16348402137203386,0.69219943077228,-0.3915847018724606,-0.1914854975838275,0.0009790695312194367
-0.03708946647588647,0.10934316196658628,0.814247370894099,0.08321852344511575,0.08165715729373367,-0.7091341022212785,0.6953672490742876,-0.4072013927211534,0.059032020056738674,-0.1378043051055394,0.9747461926495093,-0.2969450051892219,-0.09116497993767742,-0.5329098215489809,0.03959238787075964,-0.03794594120877731,0.35164012729668503,-0.08953817424323039,-0.0496101450094233,-0.009780259401416844,0.02373857468989214,0.1338942206706143,-0.3524595614359794,-0.40218153224601866,0.06272354098860335,-0.1691902397461966,-0.1645509579571408,0.6868313319213738,-0.39273236576732073,-0.19240172460389107,0.0010017668865423322
-0.036808494151936225,0.11154955051777932,0.8141631076384036,0.08316397265395656,0.08092451815411919,-0.7076860493760896,0.6969328744810351,-0.3927769153283892,0.05849021423735153,-0.139777720519732,0.9736261247200843,-0.2892419041039542,-0.09060386505810832,-0.5360350175976369,0.036599189916104974,-0.040623662334785884,0.3541411547032396,-0.08822271921855891,-0.04898613436457951,-0.015586345545879671,0.023011158260935638,0.13287327500036575,-0.35155945481563305,-0.3990139668896181,0.05990591802152133,-0.16783986883334617,-0.16545062593452778,0.6819468257896102,-0.3938589329598304,-0.1932828635660555,0.0010025575755549365
-0.03649141156653839,0.11391080172290997,0.8140923249494975,0.08309900548610015,0.08025106908153566,-0.706005037318826,0.6987211235385223,-0.3793198848946677,0.05759383388833674,-0.14294662737456068,0.9718297232748011,-0.2798558874464549,-0.08810998130799737,-0.5392204899670642,0.03340898763693137,-0.04377740087697147,0.3564554655501721,-0.08679689447787976,-0.04841058350819739,-0.021764860344564096,0.021870433595242354,0.13212302872687923,-0.35153664578781846,-0.3959110358604538,0.05717893754592815,-0.16661533153016203,-0.1662548748695493,0.6772386801371145,-0.39465595472534687,-0.19397819996653629,0.0010276617545063507
-0.03613028819031581,0.11620708162785719,0.8140327183918018,0.08301506704459263,0.07962137454565935,-0.7041011646588218,0.7007214034729727,-0.36639964418085486,0.056501271588743074,-0.1470267146222479,0.9690575200747332,-0.2687247850321578,-0.08387761940648022,-0.5423367401530348,0.029981221658041103,-0.04747894897021116,0.358678041453686,-0.08520729226920057,-0.04792281332920554,-0.028188041234976858,0.020524448153261373,0.13157899745173535,-0.3525312899797687,-0.39263223740061837,0.05451947577113228,-0.16508652728222822,-0.16701379045514977,0.6726456403969807,-0.3951776334363756,-0.1944120801352905,0.0010902249327891516
-0.035801999164410764,0.11865420916769553,0.8139677824575282,0.0829276874338114,0.07903487558771666,-0.7020798064130733,0.7028231872417813,-0.35403053235417653,0.055228546369853776,-0.1520063170542689,0.9651179689518751,-0.25656113489618015,-0.07945064846670502,-0.5455485883760335,0.026492899833618903,-0.0514243234103083,0.3607719871271031,-0.08352350430890032,-0.04736412344162965,-0.03447540496248477,0.018752061636573784,0.13133342293065786,-0.3542788837572684,-0.38948625156413713,0.0520487422146689,-0.1634918942092109,-0.1677103405795404,0.6680602832510211,-0.39569392653263236,-0.19465894413190787,0.0011686382704884674
-0.03542372328833659,0.12135458161439554,0.8138612472063362,0.0828721335161041,0.07845279455610724,-0.700046212601823,0.704920327934065,-0.341750181521838,0.053498654520656136,-0.15782972367120954,0.9593886527668105,-0.24415456809815142,-0.0769082336736187,-0.5490455485078853,0.022909903510408735,-0.055296811469074225,0.3628773392814497,-0.08186968314624396,-0.04675843776665724,-0.04067076658144311,0.0168888833412246,0.13115035963203955,-0.35624859417793353,-0.3869044030721181,0.04994449604041349,-0.16207825429409384,-0.16852489388768896,0.6637818692642269,-0.3962754097745803,-0.19489125808868651,0.0011915646626651899
-0.03503384389217359,0.12390059482149797,0.813804754695511,0.08277436524029057,0.07794875571944815,-0.6980102958791191,0.7070035521746705,-0.3287009258867989,0.05155199961882898,-0.16445220144265854,0.9507920771355748,-0.23087877511148155,-0.0772682616884147,-0.5523860035174872,0.019418356578328896,-0.05925457549599209,0.36472796710238187,-0.07985265350841965,-0.04607902039247969,-0.04591842114603966,0.014958779259441495,0.13111325107091765,-0.35936939824574793,-0.3845014551161949,0.048336423840992584,-0.15981841472126807,-0.1693825976538937,0.6593528959763777,-0.39663333168948667,-0.19530306822811544,0.0013173070157482122
-0.03460572434421433,0.12658249422277174,0.8137513355069069,0.08272276936221165,0.07742073466553209,-0.6959655873025282,0.7090803019147714,-0.3154986109304977,0.04905782849805544,-0.17189927523817086,0.9400012532091704,-0.2170037118179785,-0.0799490087815158,-0.5558420250906035,0.01579628498944894,-0.06313391953536204,0.36644480498890186,-0.07770570769267467,-0.045403253870786114,-0.05119997252414923,0.013065033943883678,0.13109831640579694,-0.3627587087594708,-0.38253080137010415,0.04735659021500057,-0.15774873823172064,-0.1703034261633463,0.6554611266344921,-0.39693539504448144,-0.19597936781685577,0.0013324148285987348
-0.034115199125856706,0.12944380756646107,0.8136398719927823,0.08264579803711944,0.07696571512363452,-0.6938417824344183,0.7112169371651276,-0.3024601695530887,0.04610771279617567,-0.18055861072831605,0.9275483372483592,-0.203510497620741,-0.08394816250637292,-0.5595451256188096,0.012138360483490446,-0.06713652970575319,0.3682039572568393,-0.07553123305890765,-0.04469912254077939,-0.056156250458331176,0.011042668035178243,0.13128504109130965,-0.36682620781240105,-0.38138218117892364,0.046930554814045775,-0.15552849799866494,-0.17127650793802912,0.6514130130180666,-0.3972279699840046,-0.19684672364859165,0.0013932375386871215
-0.033531394186200346,0.1324336922731974,0.8134673005026738,0.08252784967495198,0.07683418210033144,-0.6920740934708254,0.7129650143138423,-0.29099973355080744,0.04364803027907954,-0.1884302434753689,0.9158926151173816,-0.1951121215862102,-0.08679173827938673,-0.5634465408451923,0.009566310426554474,-0.0699277594273741,0.3691255715156815,-0.0734623588251884,-0.044248773829899626,-0.05996263506091736,0.009969837474739252,0.1316758433049247,-0.369721220557882,-0.3819619592754792,0.046882315065701105,-0.1535483035027169,-0.17208819043584933,0.6481411674699691,-0.3972955162729996,-0.19722931601946497,0.0015100424357058818
-0.03300103372440682,0.13556394776376973,0.813291807346212,0.08245751717503896,0.07650275999728468,-0.6898960779202304,0.7151164151691736,-0.279140493798021,0.03992196544847356,-0.1989235910654122,0.9017429257618398,-0.18731926438960805,-0.09022510785138678,-0.5677150790209997,0.006015436483159341,-0.07364122761096147,0.37088569841321256,-0.0710351155214641,-0.04365264375780147,-0.0649193595084071,0.008540770995631103,0.1321417258343616,-0.37338626094329014,-0.382359455815829,0.04678760601834324,-0.15147644797614201,-0.17273241886928864,0.644603698944452,-0.3973592404024424,-0.19746890787203975,0.0015533484229362895
-0.03244543962674705,0.13873490355659882,0.8131139301808208,0.08236255716564421,0.0762439839156517,-0.6874356234299032,0.7175204023115627,-0.2673261244634849,0.03558945886991928,-0.21163469790082162,0.8856584072904607,-0.18089824770129145,-0.09397142179653586,-0.5722511330957898,0.0021363989325594345,-0.07806934088054855,0.37298488163995497,-0.06849692705031447,-0.04299888435366107,-0.06989451744380752,0.0067599111115421925,0.13280174952309073,-0.3781214611327843,-0.3831084962167313,0.04666333846508592,-0.14901976961912253,-0.1732894982122518,0.6405703006515556,-0.3971989828475313,-0.19743896276964118,0.001688572178604708
-0.03182118643788994,0.1420678773170069,0.8128791807503382,0.08230198882977874,0.0760031243497751,-0.6848364573796969,0.720033981397658,-0.255887069542038,0.030767013526126964,-0.22579304974786796,0.8682679790850059,-0.17585711799925846,-0.09807121343963784,-0.5771935787864675,-0.0020640077913298485,-0.08276871168891882,0.37539836918206704,-0.06600821629387232,-0.042348411153333515,-0.07507623483835241,0.004876275879623999,0.13347651399065447,-0.38314792576102247,-0.38434718081060065,0.04653250637222138,-0.14656416557145208,-0.17382640578836703,0.6361986029663725,-0.3970782461263012,-0.1971393875113895,0.0017694345544262864
-0.031121920367929636,0.1455029142320444,0.812619619096833,0.08228545891366516,0.07578614316601628,-0.6821575956480045,0.7225971065919942,-0.24491896936966637,0.025708164142657385,-0.24078829829406206,0.8498514299373641,-0.17142215857024323,-0.10266111156594816,-0.5825845754806385,-0.006533913812619439,-0.0875205802304501,0.3781801630282869,-0.06351997319914884,-0.041701938824601784,-0.08023150605759782,0.003057141671838826,0.13401458470078617,-0.38796531746283086,-0.38603712721029726,0.046371677009007614,-0.14399125881255298,-0.17432489336992754,0.6314378854283458,-0.39694005115366027,-0.19667296789975933,0.001814074358955559
-0.030444884785779378,0.14901550476111883,0.8123380419348922,0.08229795854026815,0.07560683063681199,-0.679462841150851,0.7251488817314515,-0.23441767435858607,0.020296064110184114,-0.25699776459491563,0.8304088533850895,-0.16663830272511052,-0.10818497273190557,-0.5883923303007037,-0.011089256902789614,-0.09216472859399014,0.38128648197376563,-0.06097006821063615,-0.04098490485355958,-0.08505904781312944,0.001371593477273151,0.1345195404042208,-0.3923280739887992,-0.38824096230275945,0.046093242247762935,-0.14121294919844374,-0.174677794458123,0.6263001702552419,-0.39682792483080753,-0.19614795447443187,0.0018418271081335003
-0.029592289081250955,0.15287517974484066,0.8114460388813028,0.08169865233255727,0.07675693363079242,-0.676118972051335,0.7282148302382263,-0.20310544553749157,0.012739152645739701,-0.279553348659048,0.7530293799948573,-0.04703884011885019,-0.11296815401409417,-0.5957967303397177,-0.01370521016460238,-0.09836652192748607,0.38549838064502684,-0.05900325609480522,-0.0404085157976749,-0.09004356384642623,0.00020592978515888744,0.13670758739353944,-0.39640945491234714,-0.3942732967294896,0.04577967860644307,-0.13830544959310037,-0.1743501233369701,0.6202259718994202,-0.3968482644678035,-0.1958418238010946,0.0014359746329762858
-0.028856132745680267,0.1566166837989097,0.8112496269451215,0.0822281428384254,0.0760765672587831,-0.6727045292296366,0.7313819144560502,-0.18539338166315414,0.010164955789652257,-0.29482303871279714,0.710823119317811,-0.008500515618052311,-0.12194615124475416,-0.6027302319616634,-0.02086626969639382,-0.10375498974358763,0.3901538299455283,-0.056987884964833355,-0.03974406056136968,-0.09697507793164341,-0.001067874720285202,0.13651084666607807,-0.3998321222444384,-0.3966561898394787,0.045112059485525095,-0.13548026818174247,-0.17473939240841588,0.6142739201134847,-0.39706847862360894,-0.19540905047723675,0.0012127043588114964
-0.028008116427349353,0.16056429164899053,0.8109015090937269,0.08249393877955125,0.07566217211207053,-0.6696656468172593,0.7341783892547789,-0.17567513126319068,0.007759180088072156,-0.3089649328254469,0.6855667338777249,-0.0014483549357294364,-0.1281547724829306,-0.6098483664313363,-0.027064101946867185,-0.10855235239371398,0.39465547339826346,-0.05476899533293128,-0.03896161554740378,-0.10218487652529624,-0.002416890588830995,0.13640149248045794,-0.4030650555244646,-0.3998994686014194,0.04444275372724449,-0.1323955040210863,-0.17505805836657687,0.6075924669504392,-0.39722655713202626,-0.19498783277853549,0.0013560123338072607
-0.027164533166998104,0.16457247744318804,0.8104418926117151,0.08293199219378518,0.0753142081799334,-0.6656933113794935,0.7377685747587823,-0.16826605769349182,0.005451111003149599,-0.32446246622904884,0.663388222060537,-0.006264977901654962,-0.13380818684854093,-0.6191203799151068,-0.03516646696514122,-0.11542242498258076,0.40255162288256574,-0.05265690815236338,-0.037706265013750156,-0.10943486844921009,-0.0038947631082944076,0.13661984743117406,-0.4072376526311354,-0.4041793411826416,0.04331671504873582,-0.1281508946061745,-0.17497063088561274,0.5971512205022536,-0.39836352288497723,-0.19416840500581672,0.001306284623181728
-0.026186798472743234,0.16881871949273636,0.8098243059598244,0.0832404213277324,0.07533295329681991,-0.6625233562106317,0.7405800300306253,-0.1644274461466048,0.004800406042494514,-0.33344528211820246,0.6465783944635919,-0.01803179276825383,-0.13516160670559213,-0.628132994935154,-0.0412901777187612,-0.12006422769734357,0.408480052654674,-0.050670931512994705,-0.03681767958904829,-0.11456786467702045,-0.004673361810243587,0.13665748329257568,-0.40931154141026266,-0.40949341119242993,0.042774604601724345,-0.1243959292692337,-0.1750085733562594,0.5877196004294557,-0.399662121276575,-0.19330679006878337,0.0012558363149851477
-0.025155664419914306,0.17318822493963346,0.8091370773746533,0.08355601136318146,0.07539496184294334,-0.6594715631390717,0.7432571897430171,-0.16185301864653232,0.004581313955228833,-0.3399663893066191,0.6311801730434533,-0.031163607135931335,-0.13472363063527312,-0.6374730344166416,-0.04728933555868149,-0.12405239294173927,0.41439610823997175,-0.04837593310639056,-0.03596011611343045,-0.119343127300682,-0.005220034470366476,0.13662561648475494,-0.4109201052572993,-0.41481015573888,0.04250718287304794,-0.1205757652138822,-0.1749275593670406,0.5781225065279837,-0.40110935409654214,-0.19264527052314998,0.0012392522453525865
-0.024019797411931502,0.177654398935097,0.8083972936905233,0.0838935802332719,0.07540794216289654,-0.6564334224051667,0.7459025884147622,-0.16029232871283258,0.003982464804972022,-0.346075870316768,0.6173746798615851,-0.0448042771233493,-0.1326542978607788,-0.6471768610128771,-0.05357700406520826,-0.12759166857454984,0.4206779845897921,-0.0459594077923781,-0.03505544335173348,-0.12402652566935318,-0.005784207782327954,0.13651918027366652,-0.41295993439748163,-0.4197674957945974,0.04220477741510405,-0.11662888474204323,-0.17488195109323953,0.5682711714392407,-0.402676117350709,-0.19240790431757715,0.0012448428086080515
-0.022764553783165196,0.18220203659874323,0.8076109137113375,0.08423028539454058,0.07541584434064487,-0.6533566611230797,0.7485604737166158,-0.16001431058576127,0.0028059715608222714,-0.3527565800004017,0.605708398190544,-0.05897488898176418,-0.12864288961983822,-0.6572979813826999,-0.0601854412296264,-0.13082831889526048,0.427429541022457,-0.043453657599031706,-0.034046047947965695,-0.12850341282167033,-0.00646630490386201,0.13636692745160994,-0.41556061088792495,-0.4244132061329303,0.041688594221120194,-0.11248730093246792,-0.17491101109980325,0.5581256344000312,-0.404292446622859,-0.19279213434860384,0.001256738083140651
-0.02143168819367185,0.18688402676338892,0.8067414102050855,0.08461158488581987,0.07540013862109522,-0.6502223954094171,0.7512433262978583,-0.1610495214657834,0.0011215813802548725,-0.3597152266616857,0.5959799693418787,-0.07374196983941969,-0.12277462647749601,-0.6679806927104422,-0.0671757347118651,-0.13377732616066912,0.43475413915692485,-0.040985702896886335,-0.032952272104045305,-0.13301308245949325,-0.007175012394174004,0.13619159948712364,-0.4183289860808764,-0.42887192578951894,0.04091994526747884,-0.1082551547580586,-0.17502193587065032,0.5477426599157235,-0.4062265682646223,-0.19391691875968115,0.0012267781493792767
-0.020003414140480905,0.19180752391414874,0.8057943927145615,0.08502309832545675,0.07533182505420713,-0.6470651389887168,0.7539249928147069,-0.16311756033394223,-0.0011179099422175148,-0.36661916321678467,0.5878030760073873,-0.08883470351686228,-0.11537622511194225,-0.6791244091478099,-0.07451854383267273,-0.13634597423105924,0.4424418983228952,-0.038558181358601125,-0.03177401513672553,-0.13763690513988328,-0.008072037832638483,0.13610075251466694,-0.42176010230562566,-0.43305924246443506,0.03978837481640438,-0.10405119660833717,-0.1751614960833443,0.5368100711168002,-0.40852006678847763,-0.1958451084618872,0.0011929667560088891
-0.018625466897308554,0.19667973256495067,0.8047764642522579,0.08542599090589116,0.07518254387681565,-0.6439179754332108,0.7565841830807418,-0.16543827393339228,-0.00365616538809104,-0.37294741888095573,0.5803234082374249,-0.10340593868255102,-0.1066983157447361,-0.6903883208700198,-0.08206959600002042,-0.13854210340609505,0.4504083117428791,-0.035995569538339704,-0.030406233711642437,-0.14245969978432765,-0.008882193230532406,0.13643592964601298,-0.42652521136219657,-0.4365278986321379,0.03814187131742126,-0.09943788419418834,-0.17502695027590642,0.5252767322662248,-0.4111557128624105,-0.19857445656062994,0.0011583404097509002
-0.017137752179247498,0.20167373460170518,0.8037084285219233,0.08582279068966914,0.07494226962044122,-0.6407603635371991,0.7592392648842997,-0.1683710813706628,-0.006753740429490766,-0.37853460887798995,0.5739199998366383,-0.1169739766683973,-0.09676532051512948,-0.7018317333796196,-0.08997852077750726,-0.1403481843281124,0.4585600959814456,-0.03331949371102089,-0.028953662926503677,-0.14753720510505053,-0.01004948131875495,0.1370188432712676,-0.4333096810881735,-0.43927513153643766,0.03577504358955014,-0.09471206857486834,-0.17480941590283286,0.5125566747187794,-0.41404119591344035,-0.20223235680101875,0.0011468700696163508
-0.015446220108951593,0.2068203424559745,0.8025847746255718,0.08622539000807526,0.07462810865327901,-0.6375807410026055,0.7618967293664932,-0.17205017452728752,-0.0104746591499809,-0.38346839857202314,0.5688148738862407,-0.129965725277845,-0.08569883138895171,-0.7135364626765056,-0.09830235740909671,-0.14180304556891526,0.4669108279280305,-0.030542515706050058,-0.027569787209618554,-0.15273781429453026,-0.011587643622664541,0.13765683107550766,-0.44195213149961254,-0.4414239345146173,0.032652960795716376,-0.08983054356499885,-0.17469014532057422,0.4986403967842027,-0.417238226846742,-0.20685818240352546,0.0011332532636079966
-0.013729997599388897,0.212105944279834,0.8013999505325302,0.0866269720991114,0.07426852478615555,-0.634469281434779,0.7644793554090682,-0.17614048127298504,-0.014500335022602333,-0.3875830570432759,0.5645474713779849,-0.14321495895963945,-0.0739902101761873,-0.7253708786549412,-0.1066982353714054,-0.14281577057717312,0.47512582278850307,-0.02751438305276068,-0.02611460236148821,-0.1578385164155184,-0.013289013931267149,0.13846731497528297,-0.45149655758493085,-0.44303653924709135,0.029037870486310974,-0.08480586052660387,-0.1744954009044317,0.484158725360893,-0.4209046740006863,-0.21219263270553532,0.0010550604147500698
-0.011979479313468993,0.21742832599870265,0.8001793437422048,0.08701165013233617,0.07389627787069297,-0.63153356162082,0.7668987373862527,-0.18008143677650665,-0.018525800054581664,-0.3904510527091045,0.5603261181444369,-0.15746855327740428,-0.06250158748507399,-0.7370700857634158,-0.11490882474705483,-0.14331808350265307,0.48273146749750256,-0.023945707392677918,-0.024613585120081587,-0.16265560400544074,-0.014780473228643513,0.13923527580656025,-0.46106501741215794,-0.44426039231153647,0.02539125336860077,-0.0796459494114446,-0.17433933922735856,0.4697194202518687,-0.4249303123173222,-0.21774422149210873,0.000892980626379632
-0.01006429505334186,0.22276699948644407,0.7989810360668356,0.0873665272235025,0.0735015649773891,-0.628814993938224,0.7691269812360327,-0.183529860861267,-0.022431872113981743,-0.39157721209896224,0.5557343175204261,-0.17325565819125754,-0.051368637870507265,-0.7485614003892795,-0.12292021405004581,-0.14327938465108747,0.4896774496284889,-0.019752071520883333,-0.023352584995635174,-0.16713643796562458,-0.01605327769631781,0.1397978016004959,-0.4707393326895631,-0.4450995407386842,0.021999878846877815,-0.07445648978156823,-0.1744111539376775,0.45552498319429735,-0.4291243235194066,-0.22306857464008156,0.0006932193011255413
-0.0082041799933155,0.22831187382998322,0.7977341593249193,0.08769269591505884,0.07308457823726106,-0.6262827342208781,0.771192954015954,-0.18689305009213636,-0.026231013956851602,-0.3912272082925327,0.5511825811271376,-0.190363095610231,-0.04009176806789513,-0.7600131626536251,-0.13062649816312902,-0.14266383692389514,0.4960355386170049,-0.015076972312628598,-0.02199944122776049,-0.17136931286585028,-0.017333658211803108,0.14064325487376922,-0.48048767410306514,-0.4457893080681919,0.018977751973457427,-0.06937047102491839,-0.174425316375152,0.44150283457864453,-0.4339138300786916,-0.2280583305687616,0.0004668379426186581
-0.006267069103692778,0.23393265685279696,0.796516641563448,0.08804765727924897,0.07265141823177866,-0.6238897132320296,0.7731306533825993,-0.1900812108032921,-0.030162376822158235,-0.3900451152917157,0.5462408880522711,-0.20774599139883446,-0.029520784475266335,-0.7712129614211108,-0.13823091574296847,-0.14161248548602956,0.5013646032589819,-0.009607921794494892,-0.02045245136101835,-0.1755497377671418,-0.01837849951850028,0.14134922413404422,-0.4899670167196274,-0.4462215806721877,0.01653694187607383,-0.06426650822629477,-0.17448126224292426,0.42734746136318885,-0.4389813935565899,-0.2326494694887253,0.00019617365134404473
-0.004209757615126013,0.23956565239747674,0.7953586068665118,0.08849406482440239,0.07219033885963289,-0.6216110216598837,0.7749561879339655,-0.1932478481574358,-0.03452254052756812,-0.3889583200066259,0.5408437620889226,-0.22426977263359316,-0.02050028404480555,-0.7819595089119197,-0.14585525214915182,-0.14023253918147285,0.5051951113222495,-0.00308160546521599,-0.018537424059731016,-0.17985955229656042,-0.01902245767547404,0.14171573465459475,-0.4985199898089539,-0.44646403829559206,0.014966335233320882,-0.059142304598230375,-0.17457509656053272,0.4129070567274079,-0.4442875919307684,-0.2368524099979424,-0.0001415341206477955
-0.002096643466944923,0.2452849211519232,0.7942927436928922,0.0890551453684726,0.07169203176541705,-0.6194049340004557,0.776702620956462,-0.1964430238562867,-0.039402787104096726,-0.3882922705084124,0.5348513603547299,-0.23978035132955386,-0.013163166727338756,-0.7922581563909519,-0.1536024728557127,-0.13847874634475382,0.5074587506985249,0.004506439331145749,-0.015957128375700413,-0.18445796804384776,-0.019271998828638916,0.14167216832543564,-0.5052585318418263,-0.44665000218517,0.014656156213308099,-0.05412057063181567,-0.17460064594371538,0.3980066835724926,-0.44994886006161183,-0.24070421275438655,-0.0005636009140703357
0.00018465207139210395,0.2512601026573051,0.7933115958936885,0.08972636476706009,0.0711335812830596,-0.6172804763456164,0.7783662419465939,-0.1997239954368368,-0.04486254608903114,-0.3877437676662286,0.5284539435056651,-0.2548046505576116,-0.007346306018796093,-0.8021755715988453,-0.1615121377402475,-0.13633311471420578,0.5081767770587214,0.013011905822973308,-0.01291493147359508,-0.18931666862674879,-0.01935778155695738,0.14120735160004086,-0.5105359114942005,-0.44699777052965406,0.015740634982687587,-0.049403660974883384,-0.1748043099357357,0.38264806310182853,-0.45601230848632873,-0.24419148115136707,-0.001020612801938226
0.002642351874297813,0.2576541506036586,0.7918871812786928,0.08985436090433638,0.07194388244946404,-0.6131858024089937,0.7815071614058373,-0.16706909635851064,-0.03319232812849399,-0.3833866846959845,0.44070562110027656,-0.3035382165373934,-0.004501689736150274,-0.8127167205155723,-0.16989318147394875,-0.1381826850135543,0.5094562547247605,0.018790347242549747,-0.010630186407925731,-0.1983641729043515,-0.018498794833044587,0.14283100803683837,-0.5138714050837401,-0.4513608947547219,0.016836767855179385,-0.046404270044525374,-0.17434170507487318,0.3708503349964863,-0.4597467239511554,-0.245776418933058,-0.0018164338708317215
0.005053348853040474,0.26368056161448944,0.7913233211613385,0.09051640315655826,0.07097810832249368,-0.6115794432117567,0.7827767712057871,-0.16007188462052957,-0.0353455843743425,-0.3808983079818012,0.41554966350955486,-0.3198113688319884,-0.0013741521984041312,-0.8208438721938762,-0.17789201218382814,-0.13623419375722076,0.5074620617194066,0.028273160130450836,-0.007360350195269723,-0.20368703272637928,-0.017409262921203,0.14278800758723176,-0.5182700546746822,-0.450917008365357,0.018233531571722035,-0.04272638928161899,-0.1739407915220478,0.35782241604500153,-0.4641700849025625,-0.24749101583683866,-0.0021182946474112827
0.007475137581944801,0.2697407009474124,0.7907973115670017,0.09119660557954239,0.07018481007258115,-0.6103183910181459,0.7837529796759094,-0.16351083968351043,-0.0416050954708987,-0.3812395878954132,0.40967260098183755,-0.32767843293473853,0.002444206814215072,-0.8278927263606518,-0.1845891423387797,-0.1333247577535269,0.5023023676297926,0.039978753331082445,-0.0032311770456289537,-0.20805201541349677,-0.017103014996990785,0.14305871398676062,-0.5240034041246936,-0.45000635782103965,0.020003291888071203,-0.03876212220172105,-0.17343664791545937,0.34470026065105164,-0.4688503693965089,-0.2490582521997784,-0.002231609760259817
0.00972389332670557,0.2761264718074828,0.7902833735094857,0.09191528251401791,0.06954609165856168,-0.6091500408887945,0.7846344050961357,-0.17089306512165559,-0.04922612753495289,-0.38315439522518135,0.4100056810273659,-0.33383661963487254,0.00653037689351461,-0.8342625085299689,-0.19057773480795606,-0.13021400590666055,0.4947525989514371,0.05311936908615,0.0019038487978983243,-0.21227368696294113,-0.01768935948727802,0.14389157622887747,-0.5306382196204593,-0.4488148251815208,0.022163090477023875,-0.03497492585049935,-0.17253965802177215,0.3317064565701827,-0.4739178323602911,-0.2503989367396741,-0.0023713955773569254
0.011885000644560932,0.2825600283488253,0.7897866971057027,0.09267300393971421,0.06905084448392326,-0.6082049398373158,0.7853218743765729,-0.17985822216898736,-0.05733663136835283,-0.3855244424430749,0.412624253800449,-0.3392451102427546,0.010511543028630912,-0.8402078087889441,-0.19581587373357712,-0.12684731340225863,0.4854498473899285,0.06787507591065624,0.007738026758166411,-0.2162386355029895,-0.018597082234388242,0.1450073849189132,-0.5379694393717672,-0.4471726618014242,0.02455176302569224,-0.031210253324822874,-0.17132847290704895,0.31911710920356434,-0.4789353030597455,-0.2514659132412298,-0.0025670814887912715
0.014171669601199702,0.28905661801902577,0.7893539875230681,0.0935590741554374,0.06872864475883045,-0.6076829482114378,0.7856490994622516,-0.18965410419968362,-0.06571146220654807,-0.38747601237295554,0.41596825106616014,-0.34392529976303304,0.013958616795851492,-0.8462896565844589,-0.20009168546955783,-0.12279419893301977,0.4746746048886384,0.0846099640687108,0.013633850960155416,-0.21955605898463249,-0.019801141345291078,0.14598046937105844,-0.545582073193477,-0.4451701972865813,0.026825158949113977,-0.027758490969090107,-0.17010120877733645,0.30703761816353603,-0.48364287128227096,-0.2522647822152902,-0.0028069825247871525
0.01638529197646798,0.29568077584186564,0.7889433971721499,0.09464838463635257,0.06862716667356593,-0.6077288507898271,0.7854919727137661,-0.2003248724257171,-0.07412898550328029,-0.38851130654123345,0.41955001328001307,-0.3476832140873723,0.016847955121091808,-0.8529635484256927,-0.20307621541616377,-0.11761120918339418,0.4624237265169994,0.10375771329676745,0.01964000211995431,-0.22197200307864298,-0.021458697112903127,0.14713172860115406,-0.5531790777181087,-0.4428109879619623,0.02844984129338884,-0.024802029479755787,-0.16856965953406183,0.2955710810062024,-0.48826565512485254,-0.2529248199964104,-0.003067718322720111
0.01852321150828962,0.30239596866795254,0.7885600908622239,0.09590293607317545,0.06869107621288054,-0.6083114174304478,0.7848830373533501,-0.21174717002356427,-0.08251269431121772,-0.38859676171130964,0.42332451625454637,-0.35042353444078383,0.01915337860461806,-0.8598963893463336,-0.20482884549308614,-0.11123128771845413,0.44855380342899154,0.1252248343048303,0.025930956782464473,-0.2235407728167161,-0.02352445616375297,0.14839729490126785,-0.5607664271772548,-0.4400384733456426,0.02909424853429299,-0.022266610225757426,-0.1667535805098819,0.28473050163037394,-0.49267597365472904,-0.2534945331540928,-0.0033224003691731036
0.020552420661629836,0.3091779133726271,0.7882635815586381,0.09717656010666018,0.06886441915800942,-0.6093258862253571,0.7839237031213879,-0.2234668471124308,-0.09058770127539711,-0.3877476621592811,0.4271129982703609,-0.35236405830028705,0.021138944424700663,-0.8664781402794384,-0.20537195065273395,-0.10388215199869621,0.4331539063210323,0.1485339366773777,0.03262536096627624,-0.224359469267198,-0.025824284415074443,0.14967545048963982,-0.5679098421673628,-0.4368494573979697,0.028787638866949967,-0.02003172346850225,-0.16474248196672708,0.2750240657524186,-0.4965868473609168,-0.2538641149539834,-0.0036039422217366904
0.022500667123062115,0.3160167064819325,0.7880543300103477,0.09834127271230894,0.069020382813513,-0.6106560069999986,0.782728830408346,-0.23490908318798118,-0.09818062325515023,-0.38602697387189266,0.4307354454846991,-0.35388302092757057,0.023019361924863067,-0.8721275861512003,-0.2048857676845268,-0.09586532508801052,0.4164811871401156,0.17292996950731263,0.0396142080462118,-0.22461999707923935,-0.028011492678123244,0.15078548614893145,-0.5740364719073549,-0.43340470264937414,0.027884315944769103,-0.017954704210785124,-0.1628622668897332,0.2671734749129686,-0.4998229208642062,-0.25382303326293154,-0.003954477603342804
0.024392725440323133,0.32279337143403947,0.7879612720122724,0.09926003354170365,0.06940565179011192,-0.6134099777032526,0.7804220015446672,-0.24792435732889131,-0.10516218425264115,-0.38095230441655087,0.43789603812111144,-0.356346860674935,0.026285050726555854,-0.8718929912060214,-0.20009602060819381,-0.08569389632328518,0.38726049804717877,0.21538200620356998,0.05136284978656198,-0.2210441714521144,-0.03256921187253918,0.15146038467735756,-0.5829201349206192,-0.4260866588869129,0.025042923903679314,-0.01615748363887393,-0.16051171854348234,0.25938220078219654,-0.5019849987841263,-0.2513647564093411,-0.004989628122378784
0.02617952554613545,0.3293428736583174,0.7878973165119094,0.10014358260721534,0.06943553627848273,-0.614992545695616,0.7790597781320358,-0.2570848333813143,-0.11125607892361052,-0.37839619276276987,0.43859604018131565,-0.35636746219864024,0.02730421171290971,-0.8784459208877056,-0.19928076222790306,-0.07842419053951234,0.373490647593607,0.23614860760345066,0.055698263107062274,-0.22161318320016715,-0.03243657656398405,0.15224616275945768,-0.5844846192616301,-0.4235954888141333,0.02424146373861658,-0.014107581961290387,-0.1595315306815853,0.257588576780474,-0.5035224380817113,-0.24982345568652442,-0.005359255400745146
0.028119497019709744,0.3358280538305543,0.7877937143567497,0.10099651084766939,0.06961621832796328,-0.6181889355741957,0.7763992058702485,-0.26831442206841427,-0.11725640082769351,-0.3717604648480199,0.4433578185701836,-0.3567831991145821,0.029640843124974076,-0.8774177395234227,-0.1938895311467795,-0.06632620292033632,0.3447308531072073,0.2757654477125148,0.06670359412640679,-0.2187219510472763,-0.03366980837803767,0.15238375414568034,-0.5872710548862919,-0.4184251931687741,0.021533760317762364,-0.013612816173260643,-0.15904792521811484,0.25793572216842964,-0.5032721276293447,-0.24395865653924523,-0.005547024022794203
0.029897726790277582,0.3420595424824165,0.7876051446477066,0.10172156607024412,0.06953075380438047,-0.6200494307846895,0.7748270133747234,-0.27670378475157215,-0.12276798826675715,-0.3682898634682561,0.4438549892354748,-0.3563465469111916,0.030787341653124033,-0.8813052018764121,-0.1923183861222805,-0.056779397675145483,0.3314184057057179,0.2888284204714814,0.07280793414645233,-0.2190565229396725,-0.03257572067692427,0.15311697975931973,-0.5870469317334445,-0.4163728963273461,0.020764284001058463,-0.010792911889856498,-0.15837033681541365,0.2584161164685046,-0.5039278905418304,-0.24193904412686243,-0.00584965737022879
0.03168104154720594,0.34843613520099453,0.7873874472952862,0.10234984414339678,0.06949764190721401,-0.6235223952773625,0.7719549272857447,-0.28661074022160843,-0.12774317245385278,-0.35986131317664505,0.44752172608394447,-0.3563862684579881,0.034117231674934106,-0.8772324226318126,-0.18578631868951614,-0.03838845082750915,0.30525065341386387,0.30858192639077664,0.08940833641366049,-0.21598855642587933,-0.032366599841531875,0.1529438846587768,-0.5858066760938748,-0.4121037999392669,0.017560355849964154,-0.010044050886486298,-0.1588340628054856,0.26312487807122553,-0.5026600277395497,-0.23679616686245591,-0.005809100677624816
0.03351004488558225,0.35476669027422136,0.7875380920213486,0.10224374436086983,0.06993773247366634,-0.6279211021221266,0.7683553994248005,-0.2945673713275207,-0.12971390681352118,-0.3491401024621702,0.4480581209787944,-0.35592968646861173,0.03728561434346638,-0.8937276908869878,-0.1760623299451131,-0.0028526328088516652,0.3172986352611439,0.3155940801396289,0.1061600445242092,-0.20987487919113434,-0.03206898332446839,0.15293526631621515,-0.5837321486858029,-0.4080213601868387,0.014160848152568958,-0.009934157402279337,-0.1583238565253566,0.2683298801090315,-0.49746249694771555,-0.23330181290224308,-0.006425475689573865
0.035268707675369486,0.360660072615888,0.7875762209847033,0.10254835407923692,0.06979511812717361,-0.6311585521765978,0.7656705287364758,-0.3017049142149659,-0.133346828588851,-0.3411878377560717,0.448084967236405,-0.3542796218622849,0.04002885197506572,-0.8966880506552534,-0.17022124925862184,0.020717803073898228,0.31386595785265703,0.3105071007952446,0.11858365669823168,-0.2075464792641621,-0.030014406028214407,0.15277700951336948,-0.5801941661426712,-0.4049171816284278,0.011942220497136608,-0.007115227624202086,-0.158802884015884,0.2737986792254217,-0.4957951622257764,-0.23208141871743526,-0.006816926845134313
0.03694665314257193,0.3663130954662775,0.7877544624941726,0.1028141465665644,0.06944504335550086,-0.6345982305293565,0.7628182765430778,-0.3083508182068998,-0.13679033956401426,-0.3324739985666497,0.44812983636365167,-0.35144551555495196,0.042855977690495754,-0.8952076821497197,-0.165151166805513,0.03856485694139876,0.30869638341194156,0.29644811874395954,0.12895168268916762,-0.20494611165904456,-0.02767845449348274,0.15212506871238854,-0.5755007457778925,-0.40125711723696994,0.009840337337078623,-0.0037849611446553982,-0.15940240782427118,0.2791689401834238,-0.4938129400256309,-0.23239360441917886,-0.0070040421713527465
0.03874537908837829,0.37192456082225617,0.788032184016308,0.10292236519993622,0.06883649129899501,-0.6381928001352655,0.7598542452752393,-0.3144730303218108,-0.14019429102176129,-0.3233767554536832,0.4485273138736508,-0.3476110791262467,0.045401881526310923,-0.8917072954744827,-0.16124547515185803,0.0502969617839638,0.3065631840527586,0.27197560198491605,0.1349179931669553,-0.20197211508151067,-0.025339682564081464,0.15081019374988155,-0.5701186425880848,-0.39741133386244953,0.008365480521105697,0.00015079488627628293,-0.16030432011383577,0.2831403261109043,-0.4917479077823035,-0.23481031382274853,-0.0071126768040436624
0.040406863988027515,0.3774492698437632,0.7885229509726283,0.10291528074469379,0.06804708217240285,-0.6419272026027343,0.7567744090253656,-0.3199994113345164,-0.14325609234514858,-0.3138187150906393,0.44868192689809133,-0.3425965320529696,0.047996167460803776,-0.8869439976506298,-0.15798441253749596,0.05749202096950625,0.3084325796808747,0.2377594238562712,0.13766305676467946,-0.1990907262777979,-0.022630601214791077,0.1493074036083679,-0.5634522940641172,-0.39329503221216483,0.0077058551414112934,0.004396738764334654,-0.16124678465885886,0.2868661302975874,-0.489495279195,-0.23948350557523002,-0.007323505914860465
0.0419537342764197,0.38304948449025933,0.7891557942698662,0.10280374096252917,0.06732177385357666,-0.6457420787097429,0.7536022408359314,-0.32550628689868016,-0.1456802420978593,-0.30418846616248046,0.4485526410328581,-0.3368698393231664,0.05029764782364943,-0.8819138328032139,-0.15511669388279495,0.06021103387172258,0.3145374273675706,0.19795382307003961,0.1383138339410595,-0.1956127539836984,-0.020200263497100936,0.14794879960630766,-0.5564296727414424,-0.38941238816698026,0.00781770189377901,0.009049957481898706,-0.16201472343047665,0.2892357341048343,-0.48725366023540173,-0.24623433225185604,-0.007400579256611916
0.0433530577149686,0.388623488300547,0.7899800004253434,0.10269315559548668,0.06679356261692003,-0.6495785069341502,0.7503602462257586,-0.3310449469160431,-0.1472084607509205,-0.29434540605157006,0.4473558394895267,-0.3299028142903969,0.052052309806295834,-0.878042983412658,-0.1525601486613975,0.05846134063931308,0.3263654226113297,0.15550844936891584,0.13772913449292798,-0.19279536548467882,-0.01735194992560014,0.1466662493559836,-0.5474668358412966,-0.3854859687133719,0.0084764337877725,0.012876744833768338,-0.16242564368109252,0.29172964865680323,-0.48424771786839554,-0.2581648390301823,-0.007392373065258099
0.044522815886304835,0.39431895249055615,0.7909619134707973,0.10256706577124136,0.06666967784785505,-0.6533822971249303,0.747078794290462,-0.33726972812311795,-0.1477638263755665,-0.2853766663504723,0.4456084125768847,-0.3226037865850236,0.05266273929948602,-0.8745193253990424,-0.15027323185960745,0.050254723128192666,0.34154658798151033,0.11809538951830685,0.13694506499199607,-0.1898544098046141,-0.014663055305920386,0.14638621675903493,-0.5383670218015326,-0.3825146895402925,0.009591630270309527,0.016822288374938467,-0.16187747995696522,0.29204402557759934,-0.48184278266245584,-0.2708156265255838,-0.007362323593341434
0.04557658004824509,0.40004043300693354,0.792028315783528,0.10229425059603545,0.06681241282337645,-0.6572678201777403,0.7436874345761907,-0.3438922061528532,-0.14731792032890792,-0.276582669273487,0.4437891141149914,-0.31484735777808226,0.052455546424608084,-0.870819535325474,-0.14826202744853645,0.0361857104327892,0.36057282619065517,0.08405762300883758,0.1355461149083801,-0.1859883947604391,-0.012441177284929527,0.14648732849317989,-0.5295526595409982,-0.3796587888203774,0.011172550553290082,0.02130177093993824,-0.160690874752017,0.28997633141589496,-0.4799132482383053,-0.28424605488029336,-0.007209186783659849
0.04648818500510979,0.405806609706159,0.7931634288857248,0.1020322059737051,0.06707625154970318,-0.6611676631851716,0.7402347780133272,-0.3506716366961912,-0.14633097728524871,-0.2678488129736125,0.4415878412554909,-0.30673969731668504,0.05191983246610656,-0.8672809418590012,-0.14674855903625456,0.01883463991123968,0.3834880224224248,0.052744229897325766,0.13294323129341148,-0.18263665407494456,-0.009974188727334654,0.14677478384332343,-0.519604904815226,-0.37691276036070903,0.012962102477376992,0.025235936659272772,-0.15921856356619546,0.2874664681598902,-0.4783539800556719,-0.2979388984001646,-0.0071775561066938255
0.047185953325178054,0.41152464343791983,0.7943402043151725,0.10173470172222013,0.06740734035803682,-0.6650061385128405,0.7367992512696977,-0.35737022259780876,-0.1448642994755859,-0.2591745759823375,0.4390524366320094,-0.29850910629262767,0.05166592897802257,-0.86386885863409,-0.14565852514825628,0.0007804013209837275,0.41004302264641607,0.023524015417403475,0.12844833085687146,-0.17929934989557783,-0.007697199476534394,0.14736911404098604,-0.5096687686516213,-0.37411228708604427,0.014620417353028532,0.029097102001741187,-0.15752842224139624,0.2846622858081242,-0.4771673310584351,-0.3111664515461215,-0.007085142143458791
0.047885962046672746,0.41730964903077755,0.7955269506490992,0.10140412328314231,0.0677969438589476,-0.668766213620501,0.7333979340741708,-0.36406134497709675,-0.14311726083390808,-0.25063298192745104,0.43631663016551836,-0.29038784347563407,0.051581795307683816,-0.8608790651777787,-0.14545206144409784,-0.018205208501843526,0.44053448401976447,-0.004575691364068535,0.12025264342603885,-0.1758027943802602,-0.005861339857592117,0.14804253874759665,-0.5001760428326278,-0.3715366039692851,0.0159642220922145,0.03292716457304009,-0.15572317224581986,0.2805494043157678,-0.4765742618905895,-0.32327194974973117,-0.006903235914713946
0.048498587777123944,0.4229972592199438,0.7966868096953275,0.10105264016855334,0.06825705947205304,-0.6724595109605919,0.7300188654177608,-0.37073632350792074,-0.140984464538469,-0.24225876328759885,0.43342827110450904,-0.2822163090023153,0.051483101778016474,-0.8581965257972614,-0.14630451532634936,-0.03881132189942784,0.4751376382680925,-0.03198853123427196,0.1087514831289898,-0.17245283427354136,-0.003973075193068038,0.14889602224660226,-0.49053599620051824,-0.3691213229970716,0.016931904353689246,0.036773906609125565,-0.15358271963343606,0.2754378261882132,-0.4765832443056685,-0.33407263352100547,-0.006720290140318829
0.04909271583628278,0.42876321896301056,0.7978127054305794,0.10073443016879657,0.06876414628914033,-0.6760222885645385,0.726717229827157,-0.3775564499794248,-0.1387447366866031,-0.2342554821578645,0.43044435041668067,-0.2740908326323329,0.051243429293969814,-0.8554341462784688,-0.14796795161551254,-0.058846065010438466,0.5121221938029565,-0.0579543492751947,0.09600932818986287,-0.1693389986679327,-0.0024616807491206227,0.14979900759351206,-0.48092733130364124,-0.36691135495040234,0.017562329963648874,0.040092144294915436,-0.1515188537857343,0.270276434651303,-0.4769838226064967,-0.3435699617396226,-0.006559473630066344
0.0497055609610865,0.43461000003682393,0.7988854886968885,0.10046941998408751,0.06930106633785627,-0.6794267214541989,0.723520965851367,-0.384543327268167,-0.13656172953956353,-0.22670778327285906,0.4274142046079025,-0.26602864386146985,0.05079660839566337,-0.8522234118126811,-0.14975320108242918,-0.07539944275272605,0.5497690129851281,-0.08183691985652394,0.08435110021187242,-0.16623568159883068,-0.001525745022210121,0.15075589340318699,-0.4721081853290961,-0.36499276239541306,0.018047827972351424,0.04287240234573254,-0.14992503567858118,0.2660336585995566,-0.477585422090632,-0.3519774621168984,-0.0063998084777273515
0.05030589515655347,0.44047000244376566,0.7999411602083477,0.10027968306669986,0.06990655255085339,-0.682630399742389,0.7204670682425692,-0.39169777457317256,-0.13442277969027674,-0.21970079868385795,0.4241662124759016,-0.2578247387161422,0.050090412405409325,-0.8487184470523299,-0.15129536108310457,-0.08757595062440132,0.5878134003857318,-0.10367813332208083,0.073755053363902,-0.1632022063490859,-0.0011214704882709348,0.15182123345667106,-0.46424538494539885,-0.3633430670718867,0.018636916685648,0.04505686714390222,-0.14873790894771355,0.2630325894682884,-0.47813511362796135,-0.3595481877625599,-0.006241502045354191
0.05075888370949047,0.4463169318119185,0.8009681022951651,0.1001791234537153,0.07055220631402104,-0.6856547784747563,0.7175402805160153,-0.398942644593827,-0.1322436808437762,-0.21311874939402595,0.4206265495418533,-0.2494574339393058,0.049305293243997884,-0.8451903314292574,-0.15266172570172895,-0.09621442573880987,0.6268291949584068,-0.124018289061159,0.06341766166164522,-0.1605497872179737,-0.0009315128132638575,0.153088552846487,-0.4566701203383385,-0.3619686108848254,0.019403002953399605,0.04663151279218592,-0.14769275805345264,0.2612731033714762,-0.47885528892548135,-0.3663680095289909,-0.006114536889312313
0.05128842831332893,0.4521455993965501,0.8018968520796375,0.10011548106475598,0.07117870988441279,-0.6885804759633232,0.7146799352384857,-0.4062100957804985,-0.1301933340598778,-0.20681181394672624,0.4171638585254829,-0.24124136051589903,0.04841690299322622,-0.8413415462318186,-0.1537874716983901,-0.10123057428501371,0.6660830455361489,-0.1428057144222447,0.05425678168122256,-0.15785527796318405,-0.0010194905606520082,0.15424267864435942,-0.4498756898238565,-0.361113695199608,0.020260880730077122,0.047864670646650107,-0.14718693949051634,0.26027319423505957,-0.4797706733905922,-0.37237488573572786,-0.00596514849314614
0.05188468761256958,0.4578360868492528,0.8027582973874742,0.10005077202079182,0.07172400989442836,-0.6915030735494246,0.7118068619326497,-0.4132581460350832,-0.12821849317402426,-0.20050030879279235,0.4138511849020625,-0.23319636213126957,0.04761323471980446,-0.8365160484074967,-0.15420459722457575,-0.10243579665012743,0.7042302297827654,-0.15959805779946892,0.04774427709319709,-0.15481318304224406,-0.0013747028956440322,0.1551872463808454,-0.44402188664705877,-0.3604150063252181,0.02099589518695664,0.04895912634755655,-0.1471507504861714,0.25999918422564033,-0.48055540834644866,-0.37732659197797336,-0.0058141704349601005
0.05250736293049647,0.4634996349713265,0.8035436825470179,0.09997907806028622,0.07216470937162374,-0.6944691695011372,0.708878699979005,-0.4201290628734418,-0.1262854089219161,-0.19400469880582347,0.41076564618628514,-0.22552640183167183,0.04710245560469365,-0.830742720751347,-0.15330792343500224,-0.09899514131880355,0.7408329014519915,-0.17422145693925967,0.04532194860924248,-0.15129997159589892,-0.002220510494496503,0.15603093780101437,-0.4392564810616598,-0.35984896438018216,0.021428048746570266,0.04979264285407154,-0.1475171690580584,0.26054137285082296,-0.48128535591566873,-0.3812061918974354,-0.005678168430773313
0.05306696908873963,0.4691328230477868,0.8042634716211483,0.09999534389668817,0.07248665835285538,-0.6974304912947572,0.7059301136601077,-0.42683041505213365,-0.12449334798790415,-0.18737982721743765,0.4076452404405282,-0.21804390151304565,0.04684474215033696,-0.8243912399362278,-0.15112786633955375,-0.0910472494823649,0.7763665088100142,-0.18696021629831003,0.0464212347773843,-0.14784949350629137,-0.0032197549944000424,0.1567965847592545,-0.4348872792747759,-0.3595388331263571,0.021501401246703425,0.050272616175073996,-0.14841423576285276,0.2624959522529416,-0.48220370966040804,-0.38403968436997116,-0.005608630196009064
0.053649725921063464,0.4748129676217828,0.8048972142524544,0.10000436692852264,0.07278253410393498,-0.7003418120432046,0.7030100821671587,-0.4336068878899469,-0.1227202101641943,-0.18095551441387558,0.404779946125028,-0.2108078574167031,0.046564168901786815,-0.8171666039020128,-0.14797817918588568,-0.080409306800416,0.8104645346839705,-0.19815524967417658,0.04937919008624962,-0.1439665060306715,-0.004724402510552888,0.15748762385398218,-0.4312995806991464,-0.3597491218767479,0.021277795152441586,0.050519174396989615,-0.14962005674376544,0.2648863256034334,-0.48285962455332515,-0.3854556273141958,-0.005500887101019364
0.05416050477911948,0.4803929267043979,0.8054674139869932,0.09999697272108292,0.07307893122601296,-0.7031668799145208,0.7001545645418304,-0.44046725606430015,-0.12086461509790535,-0.17492010956227408,0.40222599414806093,-0.2035939538737708,0.04609549403956964,-0.8086304367076335,-0.14439609475896714,-0.06909041426976364,0.8426254872473014,-0.20810190555441016,0.05249803496590495,-0.13980453505074833,-0.006429079561835491,0.15814055114337255,-0.428018635856278,-0.36032484196260667,0.020850187628846998,0.0506029545836931,-0.15079770687507751,0.2676430443197564,-0.482782992809547,-0.38472351324855386,-0.005406659022896439
0.054635969640809794,0.4859045316191895,0.8060082858146036,0.09998926642374206,0.07334566090550625,-0.705857188243454,0.6974153643499842,-0.4473222584456832,-0.11906663562224103,-0.1694818154242727,0.39981179717759746,-0.1962365281075484,0.04530299627175362,-0.7987531160521217,-0.14056648315915227,-0.0572168916485408,0.872651948285448,-0.21685464901865656,0.05554920167752497,-0.13556902272993263,-0.00838088996183256,0.15868982892999298,-0.4250207176368911,-0.3612989527593107,0.020228112388427883,0.0503090086495023,-0.1520903853909916,0.2710102292763573,-0.4818143173191878,-0.38090888120204053,-0.005337489910522177
0.05515800690854957,0.49139319675283755,0.8065095633255842,0.09996822841129227,0.07358843376899535,-0.7084442650769972,0.6947645781149517,-0.4541659233852856,-0.1173518113091013,-0.16452675072908204,0.39752600424886964,-0.18883026460115834,0.04423914438423222,-0.7876481856919961,-0.136299519485538,-0.0442386802165904,0.9006677145295957,-0.22450578860300324,0.059246970226041855,-0.13117626020187534,-0.010649773971381817,0.15912125187651624,-0.4225165223847945,-0.3627837256707115,0.019412764994927455,0.049591256469578175,-0.15355035925493973,0.27482634614045787,-0.48001270614449776,-0.37370381503606087,-0.005272232571046063
0.05563536425267848,0.49690349204231515,0.8069378140655904,0.0999493326898993,0.07384575768663786,-0.7109820965037619,0.6921426106068352,-0.46120165965340393,-0.11554417646035177,-0.15977550562088172,0.395538915851356,-0.18160913162513279,0.04306971312163033,-0.7753508701260208,-0.1317961494120002,-0.031129139878326443,0.9265496073637068,-0.23138787683929488,0.06332576224706385,-0.12653557147054564,-0.01312887723494835,0.15958828465701178,-0.4199995638028687,-0.36484356455153333,0.018502407571459233,0.048573009095241926,-0.1548764652823396,0.27881167287993414,-0.4775809791046193,-0.36361948512136316,-0.005215035719018927
0.05601318397043837,0.5024656267739597,0.8073577321888166,0.0998748029754969,0.07421518539515876,-0.7135415341517468,0.6894748791854125,-0.4685889022135939,-0.1133082914392615,-0.15496259726418332,0.3939629586539975,-0.17462957949419633,0.04197836716105868,-0.7616142039963079,-0.12736243534133848,-0.019335059806068356,0.9496887041281761,-0.23765680221814714,0.06740532302162913,-0.1212055588777555,-0.016047231394991295,0.16013683556380387,-0.4174347013586204,-0.36719688733738076,0.017622585215198824,0.047322767813655256,-0.15556743320879662,0.28221184123269166,-0.47408367813965957,-0.35164504819565473,-0.005127524463327913
0.056323953870507884,0.5079306376693379,0.8077760093015278,0.09978645747174307,0.07464436359484737,-0.7161466765709472,0.6867348975588378,-0.476088185105207,-0.11072511712617111,-0.14986632986739323,0.3926163686252753,-0.16781451056278218,0.04095265872838246,-0.7463334043203047,-0.12353368238208148,-0.009268574412799341,0.9700084139630663,-0.2437204591791488,0.07162314242954171,-0.11559895835787383,-0.018786033303523082,0.1605321192025865,-0.41408193534388704,-0.369903320710247,0.016862409506981667,0.04585430253492819,-0.15600789613785399,0.2858061770872368,-0.469470513385488,-0.3382977115773604,-0.005101763346744092
0.0566670577735874,0.5132781660825766,0.8081743907806413,0.0996825397878338,0.07510093689118816,-0.7187496480871446,0.6839752801922877,-0.48362360359549106,-0.10796667464437212,-0.144716125867236,0.39148312113520994,-0.16110237840480776,0.039814408873003825,-0.7296217831297513,-0.12033859763985917,-0.00047010513802912433,0.9876814356373759,-0.24962245541528083,0.07598264617098688,-0.10975910979599478,-0.021470087200399626,0.16067275415972487,-0.41026122128559267,-0.3730066568807901,0.016195310532900773,0.04418822730286715,-0.15640722265491072,0.28959673935620595,-0.4636651348238778,-0.3237236198917872,-0.0050803893404487545
0.05690813382075227,0.5190154496050765,0.8084996644681249,0.09957721674794154,0.07561606034279134,-0.7212961088653759,0.6812477615806433,-0.49176412734791014,-0.10503391893897515,-0.1398510908312291,0.39080338395737674,-0.15474814938020648,0.03869738028208399,-0.7122666394653603,-0.11742469875196879,0.007369969834725816,1.0031106893572446,-0.25544951628204693,0.08011921851656185,-0.10370432194629524,-0.0248839155112229,0.16107709989677796,-0.4062329419958133,-0.3766576587557068,0.015648298199530352,0.04209424367761741,-0.15633095955667067,0.29296423519509396,-0.45749111745804205,-0.30864943224336794,-0.005024518883038806
0.0571382158158037,0.5246424827200542,0.8088456421818288,0.09948495621997777,0.07619031891498636,-0.7237784536888372,0.6785591564228851,-0.5002114654766989,-0.10199755301726468,-0.1353908194118622,0.3904708221142835,-0.14814507241996144,0.03730954731165881,-0.6938810726305836,-0.11478325883688209,0.014405424366266208,1.015959613682207,-0.26028182793221444,0.08282307171359034,-0.09737006228096212,-0.028545667239007394,0.1614551213297799,-0.40289953102752496,-0.38028923299866096,0.015141300482391543,0.04044307607439852,-0.15580796973095537,0.2951036840246673,-0.4506595697547887,-0.2938307400271817,-0.004889138604294432
0.05723677185918473,0.5303504167471745,0.8091523802167896,0.09944330607741715,0.07680136832228482,-0.7261483368888473,0.675959445184235,-0.5091533457395782,-0.09891414305723492,-0.13149079488778576,0.3905231942190097,-0.14138219781634423,0.03573121955815806,-0.6750612921495173,-0.1125160738920033,0.020508356334275526,1.0267638131600574,-0.26413149036113004,0.08387472366509519,-0.09126025625475286,-0.03258681351970271,0.16206563977684732,-0.399842558462743,-0.3839725994120327,0.014715831479567119,0.03891762659009601,-0.1547242799741675,0.2963070716641739,-0.44377876760749224,-0.279882870130042,-0.004773541207779318
0.05735173006604069,0.5359616153979758,0.8094398756779496,0.09940855156804358,0.07747957761861317,-0.7284314157560826,0.6734259628695451,-0.5184447467954965,-0.09576539238557126,-0.12807066146740737,0.3909812448116458,-0.13445764171339147,0.03385403509449468,-0.6554786529575973,-0.11073975171674794,0.025630737618815055,1.0352273554940394,-0.2669750785106609,0.08348125174173537,-0.08493936182792494,-0.03697388982209645,0.1626317405436929,-0.3974597934199648,-0.38774705244965624,0.014389062999785054,0.03779670908689353,-0.15335123092772374,0.2963807770430897,-0.43648975984202854,-0.2669519792768583,-0.004618093492669307
0.057339741551746246,0.5417492642783347,0.809660110529823,0.09934639755109877,0.07821012334020454,-0.7306515187868201,0.6709410018736685,-0.5282008118197642,-0.09239253044209199,-0.12505839620154702,0.39193184998619685,-0.12771354122359957,0.031904832701923666,-0.6354369787226999,-0.10887595454861192,0.030408946713040567,1.04148150819935,-0.26923003938250034,0.08262184311730601,-0.0784394257703785,-0.041884307377881694,0.1634434757543048,-0.39518203585194506,-0.39174070207011796,0.014165499462369354,0.03666379145854503,-0.15144589153527022,0.2957125417667912,-0.4289993311060678,-0.2553975375438984,-0.004473890770997039
0.05726268600403724,0.5476223086307329,0.809818792627571,0.09917893786616311,0.07899709155701316,-0.7328620039227052,0.6684581370704298,-0.5382736320428663,-0.08868675106792218,-0.12230400791102737,0.39347309518233714,-0.12125342886935338,0.029909453798834074,-0.6146715522263533,-0.10642053190400581,0.035598801065946456,1.0451409778619678,-0.2710036467340032,0.08194383342715668,-0.07163123052533371,-0.04705805292539439,0.164303866314011,-0.39290132175597126,-0.3958883742946111,0.013955369168499073,0.03545566229674756,-0.1490254360599475,0.2944560803970072,-0.4207741579514789,-0.24559217628657004,-0.004335430844303819
0.057165138851437806,0.5534991184822788,0.8099354702730392,0.09895511867598422,0.07982951272759947,-0.7350683336805149,0.6659652229701242,-0.5486108926561017,-0.0847141525960742,-0.11981389345668855,0.395514904796087,-0.11498362838365389,0.02765937524683779,-0.5932081234540586,-0.10341156813857369,0.041353545880943095,1.0460891307115892,-0.2726551155787778,0.0812187436399155,-0.06448955201417571,-0.05227098435683825,0.16516583089670386,-0.39060707826228064,-0.4003237925496353,0.013646727189215087,0.03438908884790228,-0.1462596818333596,0.29257970481668966,-0.41192136409573804,-0.23802330332860544,-0.004179094857885511
0.05685221063496454,0.5592214072984087,0.8100308876149032,0.09869856054434963,0.08069702832511363,-0.7372563153646183,0.6634754774827443,-0.5591291187127347,-0.08038289674695759,-0.11757755777209516,0.3980149619946169,-0.10872434301162771,0.025313189300352274,-0.5709190141580864,-0.09992757618490337,0.04736298479348045,1.0442968967318462,-0.27411918332643875,0.0803968719468955,-0.057076557642568866,-0.057348264282184695,0.16626229742168297,-0.3882382421978974,-0.404839209343318,0.013161818819508493,0.03371702893081438,-0.1429613478040689,0.2902967729408057,-0.4025028474517986,-0.23287495156944737,-0.004011237038398957
0.056578712651986,0.5650570326810938,0.8100523593355253,0.09841092325748585,0.08158682821629819,-0.7393980479349589,0.6610214870601302,-0.5699293134960131,-0.0759769641561351,-0.11561796113911935,0.40089042168178846,-0.10266209936308414,0.022843991690768176,-0.5484580425679333,-0.09601141680310851,0.05415758723843525,1.0402421798932113,-0.2754380500610512,0.07988779603783669,-0.049543656258240955,-0.06260822336509686,0.16732173736426711,-0.3858533863015223,-0.4098660636553832,0.012573979628770594,0.033071064904177584,-0.13969092287797108,0.2876296750063514,-0.3929727042223777,-0.2300548071262237,-0.0038360711905937052
0.05634335401683953,0.5708838053672695,0.8100169676525428,0.09808830435736379,0.08246443983072764,-0.741500200498016,0.658601361502619,-0.5808115767698727,-0.07152196964384638,-0.11379105971669264,0.4040209404918466,-0.09670774655307147,0.020392835772998174,-0.5256560270159013,-0.09140044457027334,0.062107207370148965,1.0337659866700606,-0.27602668055904306,0.08037608311053321,-0.04192244368650427,-0.06791019652033613,0.16825089357596376,-0.3834727246820513,-0.4150492561838274,0.011932585476842431,0.03256235473646606,-0.13651392110873842,0.2849686186590869,-0.38327192296967,-0.2291699988517125,-0.00365721103160062
0.05601475431120102,0.5767514017461934,0.8098954737535852,0.09773520413296594,0.08332023406337406,-0.7435599333748064,0.6562196232576145,-0.5918721907284092,-0.06697170055675158,-0.11201322345722296,0.40756157222080697,-0.09096967674956553,0.018228400989236348,-0.5025775252653633,-0.08575437165483643,0.0716131442449152,1.0249709292602511,-0.27575989034405995,0.0825010109272201,-0.03424641437413397,-0.07324072235358217,0.1692953867475368,-0.3809822564661304,-0.4204171318197251,0.01129055446258346,0.03229372007477179,-0.13326429323278774,0.2822879958812786,-0.37371559948159916,-0.2302488333219084,-0.0034741664892501533
0.05559622755096359,0.5826215599238559,0.8097018400953392,0.0973521866711554,0.08416450000819949,-0.7455829225256226,0.6538692486475148,-0.6031005120316634,-0.062287527247154625,-0.11034536768884057,0.4114957204239522,-0.08540546425072398,0.016224594700160945,-0.47908699092956686,-0.07921170264457901,0.08252074141730428,1.013722366685848,-0.274715796393979,0.0858553241023357,-0.026447762674635354,-0.07862139128244092,0.1703766362570771,-0.378445101807645,-0.4258801731735504,0.01064185885473599,0.0322271144654707,-0.1299029724803161,0.27942890493649514,-0.3640461381306908,-0.23332429587903092,-0.0032846414290595965
0.055237345046617294,0.5884937362817342,0.809427969498897,0.09707535299355873,0.0849511516606838,-0.7473621631766033,0.6517740979240335,-0.6142128797230852,-0.058150230055534116,-0.10939992127220823,0.4149768076510506,-0.07987425230961766,0.014405891073441096,-0.4557744051160492,-0.07287222436571346,0.09365876753830973,1.0007915999295216,-0.27360562575985337,0.08943046757307697,-0.019307639792788954,-0.08396523866000224,0.17118567919011277,-0.3757576747396169,-0.43151857679152844,0.010248650723433209,0.03312002987370821,-0.12724921527265148,0.27693764592510045,-0.35623052313561887,-0.23657849556467667,-0.0029657884973831048
0.05477061372444028,0.5944207319631071,0.8091028426822862,0.09668887257478828,0.0858223081150082,-0.7492656432379685,0.6495281281154976,-0.6258774151501975,-0.05343948150641679,-0.10840797402130484,0.4193150852299571,-0.07425383504580735,0.012477927743679252,-0.43246533402776643,-0.06574251262038656,0.10573527321461271,0.9855864936783214,-0.27163220175230374,0.09388149908533044,-0.01148404870796056,-0.08933200997567371,0.17214691210900498,-0.37284387402312696,-0.4374667350579132,0.009863062951563504,0.03356608809437431,-0.12430714985184817,0.2749952240657436,-0.34761791134587094,-0.24044756066023584,-0.0027433768277125895
0.0542454304895686,0.6005359309872972,0.808669261414912,0.09632216075972684,0.08673039061153469,-0.7511173969242457,0.647319501273284,-0.6380529001079926,-0.04870322268892947,-0.10780597124987648,0.4240405229604227,-0.0687784348962279,0.010629335979856772,-0.4095631721444631,-0.05822788085036788,0.1186612842540589,0.9685410591418758,-0.26932174979135964,0.0991913680305105,-0.0035807506667614305,-0.09475227776369104,0.17319359559343428,-0.36968448304702767,-0.4439998335419633,0.009531723208438722,0.03388266749744522,-0.12155849495180068,0.2737987550395166,-0.3394546919224167,-0.2444616310659829,-0.0025341450406716716
0.053753302211284805,0.6064962944230466,0.8082057035727064,0.09596847665610925,0.08764510376208226,-0.7529277316090204,0.6451420140162434,-0.6503803002532063,-0.044005132772787746,-0.10750567345554202,0.4290217214151235,-0.06316735050430847,0.008717830914594204,-0.3864248372490582,-0.05051598370009847,0.13242066310999573,0.9490374819191763,-0.2663353652638942,0.10513836116903406,0.004407826172048401,-0.09984866048599342,0.17402940890050964,-0.36652587580711976,-0.4507663853951756,0.00923205820145204,0.034428342896676005,-0.11907483056244415,0.27310577389901103,-0.3313409210912525,-0.24841827588539087,-0.0023027574378106674
0.05320548903444686,0.6125916148966675,0.8076664251372515,0.09557396300640938,0.0885710387442543,-0.7547224550957867,0.6429734088321237,-0.6629668958372991,-0.03915137628765268,-0.10748037226758284,0.4342603235226353,-0.0576124049359932,0.00677590726052485,-0.36375804116473004,-0.04287636095561403,0.14625716293935453,0.9280471862795916,-0.26310113928189616,0.11124022819544101,0.012371061687606821,-0.10501996291600786,0.17475830151592228,-0.36278649112136485,-0.45765640074455255,0.009014851085475603,0.034660575873076534,-0.11659988293554109,0.2733320538329529,-0.3235090641808387,-0.2520677237591441,-0.002106989361948867
0.05258368707014403,0.6187439460506979,0.8070550700687285,0.09515444446061966,0.08953672547296618,-0.7565492230636314,0.6407511838247238,-0.6758490568784828,-0.0340195086078818,-0.1076081458601498,0.43979943527958965,-0.052097653978035306,0.004711143132891041,-0.34177964369563085,-0.035875164152981566,0.15916496712895717,0.9058867168948083,-0.2595679691893397,0.11672284957257142,0.020498140785316126,-0.10995888948954498,0.17540034058892726,-0.35846013261648485,-0.46485214908370026,0.008960727647369214,0.034754589084120095,-0.11425852726730393,0.2748017707511053,-0.3160240344500626,-0.2551691214060571,-0.0019216329312465533
0.051893327649575854,0.6249473366245335,0.8063397333535344,0.09467410919411182,0.09055640212697533,-0.7583872600258843,0.6385022434671238,-0.6891133656408526,-0.028605611284926613,-0.10797755962790682,0.4458421531274457,-0.04672067570658678,0.002538100701409682,-0.320440492831984,-0.029622954974251114,0.17067404507540013,0.8825553209649022,-0.25574577338355814,0.1216386799353445,0.028722148107300723,-0.11450620099976776,0.1759812450918658,-0.3534118197638409,-0.4725701622077049,0.009105976907707947,0.03481281451095907,-0.11215453712536977,0.27779348508127233,-0.3090814341673767,-0.25737187083455754,-0.0017484735260375386
0.05118225036871748,0.631158674148373,0.8055552111162033,0.09416959662841647,0.09159544821894898,-0.7602207913640086,0.6362442214388211,-0.7026550480870783,-0.023048627971813916,-0.1086073723114612,0.4522469506382461,-0.04137683906311817,0.00019712758103694692,-0.2996227591845175,-0.024037359355004468,0.18108125944638745,0.8578451500438975,-0.25151812226407294,0.12616405151977877,0.03686084913620699,-0.11862825567692678,0.17635349603067701,-0.34760987498457946,-0.48063422960192176,0.009427580616919841,0.034744019673315224,-0.1103069017839685,0.28223373415596753,-0.3025327140905175,-0.25851130459842964,-0.0015829748847197745
0.05031979985318633,0.6375359428895073,0.8046772414632768,0.09367163566458864,0.09267608792751,-0.7620789271235086,0.6339341260988046,-0.7165730347908299,-0.017220636825683647,-0.10942669662820147,0.4588346973101137,-0.03608023049116754,-0.002144097040678385,-0.2799701343404872,-0.01894148864803458,0.1905246360668649,0.8325800403427962,-0.24704828478234367,0.130105737776045,0.04502383820739944,-0.1225334623185396,0.17681284563882593,-0.34112633118420094,-0.4890460163247706,0.01001764262829448,0.034408934257812884,-0.10846304187558704,0.2877257709599351,-0.296570170798742,-0.2588172648637035,-0.0013981349197590416
0.04947561316834517,0.6439151961083571,0.803757206100304,0.09322928324888495,0.09379077600366012,-0.7640204059450109,0.6314937928286796,-0.7307154923056599,-0.011201569856947258,-0.1102212613826023,0.46541325441719483,-0.030625497221365715,-0.004688782113597523,-0.2617611173059294,-0.014626027889602142,0.19910884564576906,0.8071763687741219,-0.2419830891754815,0.13262836294160407,0.05328974699833137,-0.125981386937916,0.17706576113411646,-0.3343932114063861,-0.4976519930763418,0.011032396661400492,0.033751512564065805,-0.10687175351367058,0.2936741613785275,-0.2907279802170685,-0.25874567542631555,-0.0011916932481065277
0.04860622014333297,0.6503761455981183,0.8027111678450817,0.09279462891050586,0.09491532824859161,-0.7660528909478134,0.6289222571823332,-0.7450989634315136,-0.0049220616340021,-0.11098105218923164,0.47216547058364616,-0.02527395630251557,-0.0073762279359271985,-0.2453199889010566,-0.010991060301001937,0.20670248749522951,0.7823667726295176,-0.23612817975021907,0.13369849929018496,0.061663341136991096,-0.1289844387791995,0.17723194020255287,-0.32728246124885707,-0.5065552922645465,0.0127366805455562,0.03276469402742485,-0.10548590824239616,0.30001193676053656,-0.2852133513098727,-0.25883337631119274,-0.0009876202385580108
0.04765129849010343,0.6569029061819636,0.8015920536740063,0.09237805832645114,0.09605308318943293,-0.7681600151081333,0.6262350123864925,-0.7597188986268941,0.001640384747237217,-0.11174196231601877,0.47904466335893253,-0.01992948449740453,-0.010134851770343402,-0.23041955344915654,-0.007906441381113936,0.21323962110626243,0.7577737416141495,-0.22933243362558056,0.13356558664614016,0.07014770507785101,-0.1315990542492778,0.17728419480159638,-0.3197091642743945,-0.5155231829415855,0.015222544307585153,0.031428872411882525,-0.10426526689665165,0.30696787537712666,-0.2799153319759533,-0.2592545936452287,-0.0007850114760126356
0.046715666050983116,0.6635581758314659,0.8003998760187434,0.09205476081063459,0.09725116485489317,-0.7703122962259862,0.6234477510020473,-0.7747494262384854,0.008311987364986478,-0.11260268217702424,0.48581381749835384,-0.014343671484100751,-0.013020651945378107,-0.21732993418982097,-0.005313239839948062,0.21887875306782453,0.7335566108555542,-0.22246924226650647,0.1321036628974045,0.07864203363574435,-0.13398409631422067,0.17717109326928154,-0.3119769937488715,-0.524644561794973,0.018394033654771134,0.02955256126469522,-0.10342163803134459,0.3144691828212593,-0.27485001123549524,-0.259929301482762,-0.0005820020838094771
0.045817743773272794,0.6703402566524803,0.7991541986838743,0.0919213072636724,0.09853165310043373,-0.7724850007949261,0.6205714383977846,-0.7902964340562756,0.014946092170100149,-0.11361556501394304,0.49220069482198764,-0.008164400952721926,-0.016051818345388633,-0.20621711734784642,-0.003127282115952785,0.2237960381648885,0.7098129619032824,-0.21670126808657278,0.12920801643480356,0.08696968480531012,-0.13620291687408112,0.17692957172596147,-0.3042182346908626,-0.5337650800944294,0.021994248180645996,0.026966588454551892,-0.10301673613718465,0.322565743763693,-0.2699203983361883,-0.26054366322829786,-0.00040107371508336714
0.044891230853001104,0.6773827512252312,0.7977659282626438,0.09198169474736022,0.09989325574765161,-0.7746604720139616,0.6176259858414662,-0.8065548890193902,0.02151650011251758,-0.11489223042020817,0.4983419442962942,-0.0015093329795963545,-0.019144742373010337,-0.197222634983893,-0.0012878388960363017,0.22799960656293727,0.6868146003421288,-0.21298150760624707,0.12553584166842932,0.09509504926493838,-0.1383867364752379,0.17669168862494933,-0.29622793357481175,-0.5430121049933262,0.02583017113723365,0.02362066394843952,-0.10297878761264581,0.33118834779698475,-0.2652954128573973,-0.2607657360348373,-0.000251039175500575
0.04394993628045823,0.6845782390899935,0.7962674596527591,0.09238559918740684,0.10094394721481545,-0.7763517143941514,0.6152668007789286,-0.8212895358463238,0.026422428448920558,-0.11647583850524738,0.5014797187182308,0.004417524184024321,-0.0211968122982508,-0.19157213963250178,-0.0004767482567129015,0.22999619198286117,0.6680877567769106,-0.21276927327120407,0.12225049571527506,0.10141689617258332,-0.1408734873093883,0.17612522630201555,-0.2897007022342734,-0.5502206878068501,0.027942059000654856,0.021583240974317186,-0.10360183909400114,0.33725936323863187,-0.26315335034515175,-0.26063263772447687,-0.00019723473518179035
0.043046740018308174,0.6919606319631036,0.7946428781798325,0.09279169469040235,0.10234489057783891,-0.7783602471773352,0.6124300371333287,-0.8379105870193145,0.03235950965628195,-0.11823117809958607,0.5060536565396331,0.011853036837265879,-0.02380455212575838,-0.18710041591641693,0.0008677313192774628,0.23201757000623102,0.6479394160963304,-0.21350334493610335,0.11698703160139631,0.10875839102969782,-0.14310542837632798,0.17548007700390586,-0.28236292848727257,-0.5582264066756336,0.03039068824911084,0.018173190972309773,-0.10458287230619992,0.34535825570504863,-0.2601706944037959,-0.26007946410019633,-0.00022666021664627313
0.042123056884519686,0.6996438168252516,0.7925451084110003,0.09420295658553281,0.10329907353878737,-0.7810104568595401,0.6086688513901662,-0.8561646196782694,0.037787815372023324,-0.1179926560461468,0.5117471037156488,0.01937486653334124,-0.02645513957579633,-0.17149652374830957,-0.0009396051071298777,0.23428907509972632,0.5908578735303804,-0.127797550266198,0.10670350850814109,0.11697160571513428,-0.1448438040662849,0.17425214439690156,-0.27405100542986394,-0.5662613167061411,0.03294202088899566,0.014306476777706538,-0.10734790757753258,0.35483454333215814,-0.2594338930994177,-0.2593452489890585,5.2231816330886374e-05
0.04134385901863607,0.7073692998551891,0.7909471367581644,0.09466376157739247,0.10533521692362163,-0.7833786267382395,0.6051951680981775,-0.8747534098508124,0.04539833600822198,-0.11959548123661834,0.5165060598069737,0.028017942539575416,-0.029025322663536895,-0.16654795172988968,0.0011710283209683777,0.2349973734628577,0.5594048360535936,-0.11123479721226645,0.09440004219066625,0.12518873320203774,-0.1465313232953912,0.1736162703826915,-0.26638955465332625,-0.5750450940152039,0.03574393603194799,0.008585427873919808,-0.10885100369095188,0.36568341971389456,-0.2555672123221524,-0.25837634369637774,8.99392400006416e-05
0.040665415454529744,0.7152784300892805,0.7891772425441022,0.09531996384168373,0.10783816014994957,-0.7862702755455121,0.6008860869601473,-0.8966424294080031,0.05434214330909475,-0.12143394895373748,0.5238256805094077,0.039849507317079945,-0.03263522058190192,-0.168056604644597,0.0057194216132897425,0.2385219117190588,0.5370818336586345,-0.12113428014951416,0.071056190206426,0.13430988655916032,-0.1463958271139601,0.17337311712304046,-0.25648258219047915,-0.5874369203400897,0.04128948991057644,-0.0018625507256193573,-0.11074985406181484,0.3836996947424489,-0.2476426783287082,-0.25665021176529246,0.00022993200442451405
0.03985409947871718,0.7233433091695028,0.787329908682498,0.09643198883645689,0.10980034953058043,-0.7885119457307381,0.5974057801962854,-0.9158750314056459,0.06097275526032723,-0.1232794738763464,0.5267685835105591,0.05052571377449374,-0.034950264310448335,-0.17463247128440532,0.010097626670968198,0.24072677216717459,0.5244217266403672,-0.1439619085890593,0.051501822183906844,0.14076670708222033,-0.14659361784417904,0.17331191109051847,-0.24816232092581336,-0.5975911749440747,0.04621592299168154,-0.010889343819780786,-0.11288197253701528,0.398695906897516,-0.2430047513385131,-0.25556633270027473,0.0005485135793467036
0.039002148481545144,0.7315556882626271,0.7855551699547678,0.09758013063446662,0.11168467199161942,-0.7907080886863279,0.5939573811592026,-0.9339144792835872,0.0676625104519934,-0.12498782428489504,0.5273914508722918,0.062150111505325754,-0.03742003101493375,-0.18235255401236442,0.01447244953464104,0.24190978045658926,0.5138503496248065,-0.16909893037662652,0.03754943582700327,0.14682278801093995,-0.14673560338102126,0.17333415319563603,-0.24074528771887788,-0.6064299429376829,0.05073501041551001,-0.019779662677297187,-0.11536849916367291,0.41401892495253184,-0.2397345269209132,-0.25471422676908456,0.0008507307484315037
0.03809066041929169,0.7397477018298767,0.7838110867663709,0.09872179432864314,0.11348580376923462,-0.7929286537905741,0.59045671277855,-0.9509712480728945,0.07463630454000839,-0.12644565068789684,0.5264059715629195,0.07460004624290653,-0.040289856904658625,-0.18987351234755948,0.018266430236138876,0.24085002476626502,0.5036096413924384,-0.1956913148467642,0.03189513762097132,0.15266369804813754,-0.1463143466143695,0.17353859270102312,-0.2341852507792402,-0.6143186619933431,0.055004626610114765,-0.028661385177596463,-0.11826003547017293,0.43065564413123747,-0.23738290080005753,-0.25423490351159006,0.001098719270195018
0.03720715598355205,0.7481089857818262,0.7821016859422875,0.09991172527541738,0.11526143864981725,-0.7951665547874791,0.5868923223729157,-0.9673899361621082,0.08179581881990511,-0.12772306821513962,0.5238299437180896,0.08787703813984217,-0.04351147068815957,-0.19774017954123385,0.021647623516870128,0.23763952619378934,0.49360839714725113,-0.22324807825241444,0.03248706695108602,0.15821970375642194,-0.1455723890164246,0.17385930863388785,-0.22829985282351323,-0.6215154245837068,0.059116991673737115,-0.038053175834424344,-0.12159935030410104,0.4486151477503488,-0.2359229962743263,-0.25425838032061887,0.0013233089533788763
0.036264989311789377,0.7566418346584657,0.7804688901272148,0.10103597533351845,0.117066230475179,-0.7974545995190402,0.583226706415836,-0.9827640571219194,0.08952091206329053,-0.12889421899169773,0.5191172555076874,0.10212728444286068,-0.04728049577950222,-0.20621487493157345,0.025575320688810483,0.2343289759919176,0.4841964810634581,-0.25009362488827125,0.03618240382725725,0.1635822567597291,-0.14436577997781233,0.17455843853142256,-0.22295701026406367,-0.6279909074993345,0.06303795133614645,-0.04794306344458342,-0.12490485842412283,0.4673450995415676,-0.2351722487121281,-0.2544380588496369,0.001577308626860734
0.035149697311184516,0.7651192217606905,0.7790901859635967,0.10197256535897806,0.11896123867783413,-0.7998428700418702,0.5793972754937047,-0.9964489829393739,0.09830432844552277,-0.12996851796316636,0.511617656870673,0.1177635957483137,-0.051917779668694417,-0.21542226145506146,0.031071068461990675,0.23370782858570627,0.4756589368965711,-0.27377079752877964,0.039326721505139196,0.16894655856020846,-0.14241172345487538,0.17580312083265215,-0.21818196221681663,-0.6332883649493799,0.06660341149479976,-0.05809048832361617,-0.1276242919032424,0.4861246196749774,-0.234687742374357,-0.25399783093923345,0.0019136945083576033
0.03385797606902098,0.7737265443524495,0.7779257680810429,0.10261187596629874,0.12075722675640257,-0.8019254831735876,0.5760243176581934,-1.008455709037984,0.10689866270806833,-0.1317988634228592,0.5026008093903062,0.1298390453786893,-0.055676230032460264,-0.22531498116221327,0.038018262120288034,0.23577094800794415,0.46848437142930033,-0.28930071543592034,0.0399542763414241,0.17359328364140603,-0.14050284509011748,0.17720850697806267,-0.21498422545779444,-0.6364464567636979,0.06808684056883876,-0.0658207314670014,-0.12940755282050384,0.4982874217298253,-0.236740935911403,-0.25288008007603596,0.0018601465010393025
0.03254828078910775,0.7824553335183604,0.7770026326256855,0.10311584037671827,0.12293920103767034,-0.8044976612172753,0.5718711300700151,-1.0195068656247281,0.1179370157585517,-0.133166772379695,0.49060833511708624,0.1455776355544633,-0.06139629932983477,-0.23742402922135078,0.047135000450525336,0.24265469818857077,0.46345698665653956,-0.3052856496015064,0.040018431273194516,0.17930651173629517,-0.1379026873639028,0.17945303512455116,-0.2122898942531296,-0.6392916418073682,0.06953118359525662,-0.07528673635626336,-0.1313290365983862,0.5141689450611796,-0.23888540585991624,-0.2503991771836859,0.0018818021313243495
0.030789086884482335,0.7910105147544142,0.7762767010593389,0.10342822262407578,0.12516030475859255,-0.8071849396294484,0.5675297120970533,-1.0288616451748682,0.13022776983133985,-0.13445171725408736,0.4761563740616682,0.1634745006692185,-0.06832907289738019,-0.250199523164146,0.05787698204900542,0.2524144897610104,0.46012615421420355,-0.31963967222927325,0.03954985875881259,0.18511390341391373,-0.13420976248774982,0.18249790683695336,-0.20961247393281238,-0.641251841763226,0.07080488560537442,-0.08522164010055489,-0.13254578150507607,0.5314788459682338,-0.2411962432107111,-0.24677395681637998,0.002031506707296746
0.028857304531959158,0.7997706501499853,0.7752116378841214,0.10445822533467805,0.12674727941235098,-0.8105403219781249,0.562181458933941,-1.038170500160721,0.1428071131651853,-0.1340857972937643,0.46192504540759594,0.18163470597026832,-0.07615139517509895,-0.23686065759579245,0.060704801710133684,0.2620367926520492,0.4003568538224241,-0.3569963126976201,0.036445283727124,0.19216107851897346,-0.12954472737144782,0.18486569712768902,-0.20583071067014166,-0.6425249671223919,0.07180748995451362,-0.09509903133011216,-0.13505583673822982,0.5478341331374252,-0.2463273041274168,-0.2427149571565761,0.002678378932289075
0.02694074531016228,0.8084100018309016,0.774859968044659,0.1040318288677303,0.12889861362279587,-0.8127040417348864,0.5586364350240111,-1.0441156690786113,0.15509129719362866,-0.1370341665408821,0.44293616696859933,0.20310264500167616,-0.08484028387289537,-0.2426329156021877,0.07102962745538147,0.2708228930832758,0.3881783820582311,-0.3691544398120039,0.03369415875011313,0.1962767253563719,-0.12434704393637458,0.18782009968702906,-0.20331280534450913,-0.6433060923531606,0.0723430067926657,-0.10540283414996487,-0.1354261928590131,0.5633106220548786,-0.24867374517795648,-0.23769276379552973,0.003149032164651397
0.025191177751055553,0.8166411500082026,0.7744562687866431,0.10346924744528012,0.13093821381124254,-0.8144785252117628,0.555674392936997,-1.0479442601473308,0.16629258186220416,-0.1415374067192915,0.4209291408606914,0.2271151298180483,-0.09455384224971781,-0.25530152775538806,0.08362873446313175,0.27960980296431887,0.39033324925533985,-0.3745424884714575,0.030300314554718526,0.19878745458435898,-0.11778709190453479,0.1908373601701738,-0.20153623143324279,-0.6434699320467734,0.07224910646851936,-0.11576765339507245,-0.13555959118386332,0.5773782873831307,-0.25070324136443656,-0.231873286264302,0.0034981596409160948
0.023458083588272224,0.8246573313262572,0.7741351461017367,0.10286977245129715,0.13282095486983983,-0.8159530372793297,0.5531699963102832,-1.049704730153605,0.17664350720740815,-0.14722650984381513,0.3966163971174694,0.25220362100683386,-0.10644730742170087,-0.2696294589142303,0.09677626939232217,0.2876175503533975,0.39680379870155985,-0.3780575887665096,0.026414763948437746,0.20021596524668725,-0.11044871323581679,0.1937264858560434,-0.19993130775407333,-0.6426387858743775,0.07150287875427669,-0.12606898836412217,-0.13532730705655285,0.5896158299996581,-0.252966564474163,-0.22551253830485513,0.003853597539239959
0.021742362018837738,0.8327973570563417,0.7738519406090271,0.102149736486894,0.13443002634208565,-0.8171587459240083,0.5511311852120381,-1.0489269886090513,0.18613989871510553,-0.15407744077594585,0.3701813675474419,0.27662374786608346,-0.12214119510666391,-0.2835008348748623,0.10961272803501422,0.29411866005355297,0.4040709674983502,-0.38122509140813443,0.022193237084387904,0.20088236611816812,-0.10281599296131158,0.19634156140826098,-0.19842079805872087,-0.6410859213555125,0.07027542098528583,-0.13608755295059552,-0.13481554494189404,0.5993781592298767,-0.25588987721057493,-0.21909598165499486,0.004264084632117726
0.02000327615326869,0.8406277469398064,0.7735814533597966,0.10144785641386646,0.13553336823162507,-0.8177737011368614,0.5500774602305941,-1.0338318394247046,0.1949915356610561,-0.16275901719226288,0.3204252026205935,0.3201615081817571,-0.16100906810155535,-0.29907976076763737,0.12291400110623514,0.2999530268153998,0.41741469120704455,-0.38647630781001147,0.013617337850195088,0.19807970654668833,-0.09362187411194386,0.19930226353421387,-0.19648104348164297,-0.6384712164881176,0.06642742513650018,-0.1491411353982415,-0.1333086623613795,0.6125733540797634,-0.2556203355894286,-0.20143617472230876,0.0060469012265450634
0.0183227713398237,0.847995245652588,0.773262130493044,0.10023917963445039,0.1364040552801238,-0.81810008118601,0.5495983057950531,-1.0220187729842176,0.2027382241897463,-0.17480539364323017,0.2799577051533814,0.35005512796305355,-0.19712832453346035,-0.3090806787730566,0.1337822081166832,0.30047524476261733,0.4233070492791389,-0.388869923936918,0.007425700786427962,0.195944438099351,-0.08434898507454681,0.20129559562998575,-0.1956589791708333,-0.6348966023879341,0.06258595184155967,-0.15742100567508605,-0.1312848006795446,0.6150427385881617,-0.25814638204477985,-0.18906541061447815,0.006621020599134684
0.016568255463154446,0.8550764131667964,0.7728995914595934,0.09871160142152931,0.1371488791610681,-0.8185671919187978,0.548993585576219,-1.012437738936049,0.21087642057042322,-0.18635649325957596,0.24741679791357313,0.3705388012324458,-0.2274114356086972,-0.3171150066016148,0.14428100929145668,0.3006580425641594,0.4273594024619199,-0.39005106793597427,0.0021303387967761397,0.1950309333796559,-0.0746570596912553,0.20308491656410096,-0.1955962191269927,-0.6307213313612219,0.05984741509622561,-0.1636828894966955,-0.12948032572554294,0.6147434602320888,-0.26239051643357375,-0.18305217646157265,0.006660001656586198
0.015314711782769153,0.8620504803720735,0.7726737662678077,0.09736465026036117,0.13750344155721367,-0.8185560451234324,0.5491620247536096,-1.0027092292013307,0.21470499346214683,-0.19957465498260252,0.21981559246528445,0.3784126961497915,-0.2570213097624463,-0.3248288818206183,0.15311729004737407,0.2997438866367144,0.4311497206195691,-0.39088372126616855,-0.003932411987800609,0.19276858134405625,-0.06551256037977173,0.20356213221388889,-0.19681848270693605,-0.625173071542891,0.05701337773114089,-0.16970981859127762,-0.1287235090939805,0.6132205753899236,-0.26674180689298055,-0.17843375402515338,0.006742869605631974
0.014254282669383618,0.8688514940982692,0.7727775432349979,0.09636996455764245,0.13726903512018068,-0.8178193897795816,0.5504920413856005,-0.9986423390120985,0.2148902422902856,-0.21476572354263346,0.20790994137883181,0.38118855214307695,-0.2617880532744061,-0.3314134384632226,0.1593266082962031,0.29683956152215024,0.4331834681919344,-0.3911062696138416,-0.009931122710226838,0.18828446678411107,-0.057165771167003845,0.2027948199668766,-0.19891137559407204,-0.6172782157356608,0.05412486482224112,-0.1750680615876972,-0.12871477675227347,0.6108103651626792,-0.2714616624932959,-0.17554334043505623,0.006792313730825331
0.013354278219985876,0.8753436904079647,0.773067896838261,0.09539177421518964,0.13676164197679663,-0.8167917525744762,0.552311411816019,-0.9937947287482131,0.21388582602376924,-0.21879061668228617,0.20280591593255562,0.37148800646417307,-0.261799970133186,-0.33669420188523713,0.16406304392370938,0.2928775159282941,0.4336588670549982,-0.3905513907202368,-0.01576956039596846,0.18347474034582806,-0.04875114190096181,0.20135819123297502,-0.202034443881699,-0.6088558235901506,0.05134453260287547,-0.17910134292473867,-0.12934272007869765,0.6068807740377776,-0.2769162598012745,-0.17464720093774408,0.006652443725234223
0.012587915105086764,0.881789101882317,0.7736499550706563,0.09454713631403718,0.13613359118160256,-0.8154781117073983,0.554548405184751,-0.9899993646308193,0.21130931362865024,-0.21854053546731383,0.2052045254701964,0.35346992044572706,-0.2617999999253329,-0.34175255466156323,0.16789280805316684,0.28809906483273406,0.43332460962890396,-0.3886077181546832,-0.021331019378538388,0.1783001333846439,-0.041001383178377204,0.19940780058778676,-0.20590658510713394,-0.5995812531036886,0.048827362269477356,-0.18245537344480575,-0.13032465930586778,0.6011278285023758,-0.2830568528883215,-0.1754679639750105,0.0064198889899802995
0.01179785379936814,0.888345396702505,0.7746301119054244,0.09382475239564098,0.13558913628474675,-0.8139489198765917,0.5570454719241349,-0.988907556977904,0.2080285265641688,-0.2155131054554885,0.21650140039026278,0.328185941134164,-0.26179999999999065,-0.3473500879856765,0.17154800458057193,0.28260185881510136,0.43272951397359516,-0.38420028010759455,-0.026744569857223722,0.17331207225382256,-0.03527677250833384,0.19738275364440067,-0.21101146460659126,-0.5879454462622601,0.04617972544559693,-0.1851292241927187,-0.13108740810631858,0.5926095892225314,-0.28996864060312355,-0.17778799581743823,0.006080527529611746
0.011043859291498315,0.8951895303162054,0.775855602285584,0.0933655591706465,0.13514073644758995,-0.8120365656718674,0.560014704918535,-0.9908131835928589,0.20401919329350696,-0.20896442816325975,0.23631662948996843,0.29815058160251884,-0.2618,-0.35470591165637944,0.17499156417163333,0.27630799885788493,0.43361165383678885,-0.37817463510816607,-0.030507908735943237,0.16760754076292791,-0.03018970586595413,0.19538718040005001,-0.21639985880190327,-0.5765558746100123,0.044901320378113216,-0.18767555637801894,-0.1317951198875419,0.5819060018997133,-0.2976483525162362,-0.1805895980050554,0.0057288316277728
0.010425063015323413,0.901936983231399,0.7772164988103603,0.09308330948767979,0.13461273510845945,-0.8096888297158161,0.5635768874562482,-0.9954022727574423,0.1985345561553213,-0.19703506243779606,0.2658410362787671,0.26238500442091267,-0.24724318468691467,-0.3628923200501785,0.1776312140488953,0.26876762269749893,0.43544645701691376,-0.37084527689560676,-0.03368186030822208,0.1615658898422733,-0.02592361313912829,0.1931510012287344,-0.2233683095677088,-0.5644970299522153,0.04495081107267347,-0.18914431354419967,-0.13265314292338304,0.5683236464965895,-0.30573457607007737,-0.18349578755302182,0.005492798980638772
0.00993025366779975,0.9087003719852268,0.7786345713455125,0.09287158476319861,0.13395851170864603,-0.8071429158805632,0.5674066436235997,-1.0006349995391914,0.1929937735836967,-0.18096798014818072,0.30121985167643067,0.2232896726879539,-0.22417043660603925,-0.371180197144972,0.1794897115630744,0.26071842886468694,0.4373545803376364,-0.36301328049844983,-0.03638193708519759,0.1553510725709021,-0.021879317465292748,0.19057270316171573,-0.23033510403535534,-0.5521964792803798,0.0460110660615626,-0.19006070065375738,-0.13352958804291043,0.5529900802234404,-0.31418102144759813,-0.18636871747809602,0.0051741353705776535
0.009701023158887243,0.9152595106773163,0.7801665985765605,0.0926966700513397,0.13306835849474263,-0.8045455449837865,0.5713200551141628,-1.0043859044643837,0.18788745660754316,-0.1619020682242288,0.3387533148646155,0.18360120455111079,-0.19936535678821035,-0.3785134391522362,0.1800606642596661,0.25255430427051084,0.4379157196319203,-0.3548969103392283,-0.03865159026028826,0.14939840418850883,-0.017621083881068117,0.18706627573515952,-0.23651789187185618,-0.5395466630146095,0.04738288994382234,-0.1901991351622381,-0.13465718109675143,0.536520873027918,-0.32251876311888145,-0.18924757207542367,0.004789153870371597
0.009740002694906432,0.9216742665903707,0.7817824786381075,0.09261523396692391,0.1318332309267115,-0.8018835116362437,0.5753479394476032,-1.0061541620426826,0.1832882692111197,-0.13888461810982064,0.37763283942031584,0.14312442836223002,-0.17253380699228782,-0.3849048356673576,0.17899007067511336,0.24440372602473312,0.43713561735784473,-0.3466907955994165,-0.03990614894398258,0.14358699372776146,-0.013080600348081953,0.18256597266144908,-0.24142448870658206,-0.5267099618699295,0.04864250426886773,-0.1893580800429155,-0.13599601765585437,0.5184054664418786,-0.331097044653041,-0.19219233021632617,0.00435991192030174
0.009964309945428549,0.9278732586693361,0.7834567411379246,0.09263444206128314,0.13029383138652917,-0.7991075667065637,0.5795424699527453,-1.0063796076109108,0.17947824578697807,-0.11227961108671024,0.41880644138344825,0.10060461121401236,-0.14315206677955994,-0.3906889952852468,0.17652134933429112,0.23610815433640095,0.43564616858726185,-0.3381427152703912,-0.04023809172365833,0.13786314786916948,-0.008302491583824994,0.17735696422141314,-0.24535652785053025,-0.5136414839929535,0.049626980402825566,-0.18745114964233522,-0.13735258477206458,0.4986808490378501,-0.3398206523938894,-0.19516441941138057,0.00390875140925962
0.010285313825893896,0.9339003419817637,0.7851700203346997,0.09264163805381288,0.1286092975334634,-0.7962947732018232,0.583773765818671,-1.0050954989765213,0.17673672071711077,-0.08501482691086018,0.4613636739507279,0.057470476467346904,-0.11364684808245466,-0.3958624522400982,0.1733217915960644,0.227707707284309,0.4335218831562963,-0.32935347944829935,-0.04029432060529258,0.13253862141347172,-0.003356665791719626,0.17179022734556726,-0.24818705567344995,-0.5006540150876564,0.050014969132769045,-0.1850104446857881,-0.13864111882282704,0.4788348023986238,-0.3482914573044282,-0.1982010254752693,0.003403144586277562
0.010650882991268557,0.9398392872768073,0.7868683317045031,0.09255258686255109,0.1269245366220068,-0.7935243367891932,0.5879143709687745,-1.002522094192064,0.17479930166533936,-0.06034371317133174,0.5041679586377366,0.016029675408631348,-0.08657341317770557,-0.4005077863950047,0.1700570058483635,0.21920923191121552,0.4309021420801534,-0.3205488578797181,-0.04092243403937015,0.12781111066255935,0.001768121374676662,0.16618162024551847,-0.24966239462319914,-0.48824024905025215,0.049363032230075335,-0.18264813632635502,-0.1399473221469957,0.46058269442847205,-0.3562467230988783,-0.20151708281122663,0.002845642143423277
0.01114971217899153,0.9457194786122055,0.7885336499983254,0.09241011982984836,0.12527873706532044,-0.7907922768848954,0.5919570783524379,-0.998939575450156,0.17327947987734427,-0.03797421102089812,0.5469992802343553,-0.023059580183929597,-0.06133729685556594,-0.40479248069528995,0.16668952689587052,0.2105370376691867,0.42778675547293893,-0.31184344244180434,-0.04240419276728284,0.12363490468419598,0.007021433648137986,0.1603195261404768,-0.24944638504902256,-0.4765126223629293,0.04680970956547366,-0.18052682678270865,-0.14151880796177416,0.44430402018279247,-0.3636839447254444,-0.20556457912100334,0.0022685283829019048
0.011551384042438537,0.9516377213777547,0.7900755339164729,0.09224193875388884,0.12361551214945758,-0.7880656522768641,0.5959556674723312,-0.9944238302680455,0.17221476700574492,-0.016908379777200715,0.590197133258161,-0.060668196136758445,-0.03666066278894936,-0.40883864236729506,0.16320168652443873,0.20181215806108482,0.4244743262694988,-0.303470682509403,-0.04398963345202333,0.11983007254013162,0.012430137118976644,0.15452051798592545,-0.24723022853414023,-0.4654929223969785,0.04206470382165879,-0.17841860495482148,-0.1430343946456595,0.42956774412654347,-0.37112437586518454,-0.21060398519052664,0.0017006604380416172
0.011943379238139987,0.9575660647186783,0.7915853999621866,0.0919640772025027,0.12196372123964437,-0.7853819929980771,0.59986880589012,-0.9886565126535075,0.17109467260850475,0.0009156763168157674,0.6331048036756308,-0.0959792433486794,-0.014731325286712456,-0.4125049867624635,0.1597700026413578,0.1931598079229674,0.42092620126328845,-0.29518202415983796,-0.04570282902649267,0.11642062953903488,0.01793263461506711,0.1487982710095222,-0.2436675946784288,-0.45505128910975107,0.0358977367332435,-0.17649698466289,-0.14442294596468636,0.4162154750592899,-0.37795062227279985,-0.21634725913889666,0.0011462010671943101
0.01217055377776536,0.9634327067758683,0.7929873997868189,0.09148467636326757,0.1203200882234926,-0.7827752185403365,0.6036692700475381,-0.9817341787513055,0.16934846944976506,0.012728474223789876,0.6754377714220241,-0.12799230430012606,0.0023877174761284255,-0.41564917668615253,0.15676765496855707,0.18469569805949748,0.41741881331715525,-0.28702800132777384,-0.047476393412004186,0.11338350001142834,0.023851776186656112,0.1437048087750374,-0.23921197349054213,-0.44550965077105265,0.029852209082586147,-0.1745595011889689,-0.14544091460064298,0.4043661249723677,-0.38434431072214104,-0.22225704512110564,0.0006338081954221027
0.012233412034222901,0.9691850529710612,0.7943025920776349,0.09074831145285463,0.11880681745441127,-0.7801591918034968,0.6074547880618973,-0.9742042237181876,0.16609456246403545,0.016413311271762134,0.7171558917012689,-0.15562659632484444,0.013814406954199193,-0.4181957003737562,0.1544383178436457,0.17606726160381822,0.4137561600962135,-0.27879486565014067,-0.049588907060836046,0.11063426360616403,0.0301510223324225,0.13935080477140988,-0.2339082313482592,-0.43707017756666156,0.02543160892942039,-0.17249499457101816,-0.1459543815803738,0.3936035195165926,-0.39018072147820826,-0.22791239581485748,0.000175027887838072
0.012323334210147049,0.9748723541042402,0.7955286612914171,0.08981417260785236,0.11738963987970254,-0.777538655353839,0.6112174132648914,-0.9661389265489398,0.1610466305615515,0.013424036136924767,0.7583250418158177,-0.17904434514452477,0.02062344327732382,-0.42025275107088417,0.15249407090937447,0.16723574590022042,0.4098593521430972,-0.270586769937028,-0.052208544261833724,0.10820918684518077,0.03660748288852897,0.1353746007197252,-0.22784921428872695,-0.4296732903745741,0.023098704784083258,-0.17043590392240274,-0.14629018593803295,0.3837263648857709,-0.3955137999707443,-0.23317629080948085,-0.00023057058302498017
0.012361357432092782,0.9804018185196299,0.796664210369701,0.0887175421462773,0.115955626351225,-0.775093678391541,0.6147465169893109,-0.9566479085707762,0.1550170945373722,0.006923063351369987,0.7983616892506972,-0.19911334160441196,0.024250620188323788,-0.4218578355879235,0.1507693757783316,0.15890188208995068,0.4060461344110385,-0.26254693752992275,-0.05460568022665152,0.10627070182229187,0.04353973712172892,0.131985090232717,-0.2214401414224244,-0.4231371078453143,0.022655733824944322,-0.16837758851867027,-0.14657473152242834,0.37557108165354497,-0.4005485692013674,-0.23790367913393837,-0.00063503748773377
0.012276910403010353,0.985767945500104,0.7976648192318287,0.08752919262506559,0.11433509707241,-0.7730238576636401,0.6178189390903059,-0.9446464642366527,0.14898391011088705,0.00034805440069102375,0.8363594931390247,-0.21688128266049267,0.025839167749596794,-0.4231779580448198,0.14905731920537696,0.15185900725310464,0.4028271726736639,-0.255026702027412,-0.05608301435537797,0.10512988420961444,0.051059736796841775,0.12921266885874047,-0.21524619919202945,-0.4173427120906274,0.023505571664611973,-0.1663991109864218,-0.14708744746211042,0.36979003388233544,-0.40549311284971334,-0.24198997880546957,-0.0010500088096296782
0.012498052565632732,0.9909045506636672,0.7987221837417535,0.0862165385206735,0.11235993396618114,-0.7715703273781923,0.6201783482468071,-0.9286978958142295,0.14278820976224513,-0.005252478103930907,0.8712285919745699,-0.23225494443446093,0.024022023447199378,-0.4237180132536234,0.14684039214624764,0.1467819767856684,0.3997244754655633,-0.24779285708176718,-0.05656002763385619,0.10556894929193346,0.059022815441707996,0.12591826352751717,-0.2092869063113342,-0.4118773064118373,0.025493079367642845,-0.16457949798620347,-0.1485537307845467,0.36629501155544697,-0.4095342959386441,-0.2453191465353433,-0.0014982413945241742
0.012982588543563123,0.9954353989009475,0.7997622599351942,0.08477977159442061,0.11007166810594912,-0.7705815392225375,0.6220134320239369,-0.9091006357103212,0.13593115858955876,-0.010870868148571557,0.9034913878943049,-0.24487773107051522,0.018496945442621603,-0.4233354084715521,0.14412568959470815,0.14311309719066012,0.39679976658134425,-0.24064053938165192,-0.056467584469169156,0.10697201101559858,0.068108306746432,0.12218019142468524,-0.20312563082299984,-0.4069300034790887,0.02861513613980735,-0.1623386194083892,-0.15080562929898758,0.3651887249484646,-0.4128706277434824,-0.2478730781497665,-0.00197909524921466
0.013672377791697374,0.999973131763482,0.8007658687330106,0.08333983405736757,0.1077735826573769,-0.7696496600845358,0.6237617555383164,-0.8878016036255559,0.12869317408271458,-0.016172150278895,0.9332456827570261,-0.2550082864009373,0.01118462544444137,-0.4232535936809284,0.14134388388938948,0.13971311549391555,0.3944000111260014,-0.23372931277584694,-0.0564323599934613,0.10835801660216507,0.07704548622113445,0.11901816696080941,-0.19825823782663934,-0.403106863595113,0.03226151887706115,-0.16078091927782995,-0.15326005835271667,0.3656065423500174,-0.41559276033557063,-0.24967249597424712,-0.002420623321821951
0.014216058950901918,1.0050572401673812,0.8015976978273788,0.08205985263975106,0.10570490272213173,-0.7683562314400326,0.625876470026249,-0.8667728074330913,0.12195359887282936,-0.020313286567101272,0.9612036789539598,-0.263908671466129,0.004799790670837915,-0.42480222412469487,0.13895167714531115,0.1355270823365166,0.3932873119426601,-0.22747433203800407,-0.056791434093220065,0.10794024155336547,0.0853338234910031,0.11748782298326864,-0.19515040005207318,-0.4006665391737938,0.03545348272372123,-0.16096125878685466,-0.15513733016657122,0.36783049535510065,-0.41815050013076444,-0.25077245881830784,-0.0028569850088756596
0.014451129614822835,1.0105586012040122,0.8021303729590032,0.08086614552965507,0.10402738019178151,-0.7665469169305725,0.6285258903353507,-0.8465724169734726,0.11662193254821022,-0.022961096835628123,0.9881459985546783,-0.2725751456571697,-3.2656228775574704e-05,-0.4281378937107472,0.13731611670584443,0.13001469277533637,0.39375006492360115,-0.22193222274243113,-0.05765574424868123,0.10570072413704981,0.09278507184524336,0.11818529410722209,-0.19551370330277285,-0.3991517276434493,0.037073302225090435,-0.162578466467629,-0.15615313347580698,0.37164398237529367,-0.4201412584999784,-0.2511139240026535,-0.0031403001966119736
0.014445290177543481,1.0162739527614264,0.8024933190701372,0.07971290740108511,0.10260061756255437,-0.7644324593481837,0.6314760334045432,-0.8261928808652987,0.11264490189971985,-0.024148137860076455,1.013596310074694,-0.2807197104241219,-0.0042877469227752514,-0.432599305609534,0.1361864182903593,0.12376001144541601,0.39532118705125896,-0.21685983250346835,-0.058754337278880506,0.10228608124350674,0.09948184157706835,0.12032340444762399,-0.19865656795146014,-0.3976479352802358,0.036840263115317934,-0.16541393542731386,-0.1565229033543921,0.37717728615661167,-0.42103253202246355,-0.2506110702564941,-0.0033655400964202656
0.014236487147771947,1.0218050870953512,0.8028285754441744,0.07856215347712354,0.10136974086454735,-0.762142719919242,0.6345791031480559,-0.804976726983871,0.10985372097172105,-0.024024785554879115,1.0371071561753573,-0.28768340201671333,-0.007474288045053861,-0.43740573275902334,0.13532842608738,0.11709041760563922,0.3972599289745261,-0.21166259928518516,-0.05983754786067645,0.09826728727214602,0.10610773855332603,0.12322045486614622,-0.20315592981026723,-0.3960428974837447,0.035266069784346314,-0.1683563882232585,-0.15639874886376437,0.38357869629466224,-0.4211860575819415,-0.24929458978078028,-0.003570948052418943
0.013994648915592808,1.0273267961913974,0.8030772758704979,0.07742757102787176,0.10020404970935683,-0.7598377543306996,0.6376603380799593,-0.7829902912979999,0.10784456176657396,-0.022743774489612217,1.0586465082060188,-0.29347742539903604,-0.009277550461327715,-0.4425075874283807,0.134469621178314,0.11054802183545404,0.399584010861536,-0.2066629611230971,-0.06078811738092475,0.09420303494146476,0.11273302203754226,0.12598679534235666,-0.20714117598842643,-0.3948827576190629,0.03338491064283547,-0.17113624372212366,-0.15615623297311101,0.38957180900746424,-0.4214448461061643,-0.24724229879831092,-0.0037913639848229947
0.01377430290127943,1.0327936016536474,0.8032507186717807,0.0763361586293855,0.09898092260473484,-0.7575596183620136,0.6406863448468565,-0.7598157905077642,0.10668882880993351,-0.019773534358495173,1.077954538771119,-0.2982408796300115,-0.00915673221981555,-0.4478810803140625,0.13337086206673693,0.10429884661017237,0.4025159608519032,-0.20198784775015297,-0.061756789320481925,0.09003737445753102,0.11942348779983819,0.12826051511581898,-0.2102682952561207,-0.3939253576916046,0.03188497218447154,-0.17380902940792883,-0.1559492264654867,0.3953865316786135,-0.42168994507543944,-0.24432908768136835,-0.004039366110026377
0.013784002041028058,1.0383896114964972,0.8033527796181709,0.0752899697417133,0.09781196261729358,-0.7552469354732777,0.643712907190362,-0.7359617699034481,0.10643214336146102,-0.015346580866443674,1.0952404810734127,-0.30222360018798244,-0.007604819711560359,-0.4538306910459887,0.1320907592994594,0.09813350908813091,0.4060316286119151,-0.1976733920914055,-0.06305563435407235,0.08555226899739067,0.126114784792539,0.13033217361446903,-0.21350981519198411,-0.3938439846495976,0.030926448274168974,-0.17681406820421522,-0.15599902620439082,0.40117689108595034,-0.42175436002110506,-0.2405067928410584,-0.004307767514193223
0.014010743090662012,1.044041377973311,0.8033910615092565,0.0743187096787115,0.0966774898533746,-0.7528608259363273,0.6467849481224907,-0.7114535659497987,0.1065239058323604,-0.010442904156665007,1.1103176478269554,-0.3050696638592943,-0.005375253283240464,-0.46036871976123933,0.13050261408328942,0.09194627344754168,0.41014183514634217,-0.19361418014216905,-0.0644973999212196,0.0807131958501634,0.13264555167597367,0.1320585221612139,-0.21645485996597819,-0.3940146003057961,0.03057214128347652,-0.17981161865345813,-0.15613038880277205,0.4064894618572816,-0.42178587171403004,-0.23594912556204642,-0.0045490740993178996
0.014209698598178278,1.0497081760244131,0.8033394741366559,0.07344757823341068,0.09558756266438531,-0.7503732412238009,0.649929588471564,-0.686610071686034,0.10640180931662946,-0.006392848856323609,1.1230658873987882,-0.3063879212350124,-0.0031128757580860048,-0.4675081623041671,0.12871642615557896,0.08569127495561764,0.41484088319963425,-0.18972515749327626,-0.06559036829453715,0.07550946192758005,0.13891490846296067,0.13361990905813623,-0.21846464646888689,-0.3939855439789412,0.030808735244013927,-0.18249764828265994,-0.15595532364302822,0.4109671074704748,-0.42215142032720515,-0.2309409469146359,-0.0047647882515179625
0.014317620366554214,1.0553830168393903,0.8032688242613586,0.07270745664833368,0.09454291706637606,-0.7477724801858263,0.6531550967856323,-0.6615217289824539,0.10588948976674004,-0.003354376483670068,1.1332800718496963,-0.30600985283226606,-0.0007877414170411429,-0.47525434270327616,0.12669161961303466,0.07935033062119337,0.42002325444170924,-0.18583288130633258,-0.06608167043750572,0.06992640273467315,0.1446352772592828,0.13481574096954704,-0.21939532102632972,-0.39324528856914437,0.03173140389296443,-0.18498942751885306,-0.155467160953112,0.4145769490384935,-0.4226580936323469,-0.22549759712242845,-0.004965963406846336
0.014372847295332223,1.0611472625582343,0.8030890617913614,0.07202541552303168,0.09360257751628863,-0.7450892968905444,0.6564242809800653,-0.6364448358601272,0.10536608929720886,-0.0010782803322333591,1.1414327958888089,-0.3044875509755966,0.0018256482017125243,-0.4836234158842192,0.12462899102143814,0.07297434833662883,0.4257527128310399,-0.18213056589290577,-0.06611172806608084,0.06396279276981072,0.15031112060695884,0.1359837350177367,-0.21956002242956107,-0.39281660805840507,0.03347676035759402,-0.18741769866436445,-0.1548100763361162,0.4175109996411382,-0.4234656838954502,-0.21964758827336991,-0.005191909150487383
0.014455836231051646,1.066977617576563,0.8028335332273894,0.07143201082971039,0.09267934982087239,-0.7423200700638902,0.6597491337818833,-0.6111458005265785,0.10430025456657858,0.000214221458183965,1.14718935975998,-0.30179732139933646,0.004037274339305873,-0.4925607865682196,0.1222724259564939,0.06663693037174598,0.4320483148181233,-0.178626831768484,-0.0659531222702483,0.05774040795700367,0.1555850134482853,0.13675554264302228,-0.2191221373801587,-0.39211388620559806,0.03570876942257045,-0.18965472902541194,-0.15412370629693567,0.4193938892564075,-0.4243950704958958,-0.21370494806516585,-0.005382188172878554
0.014705405749628623,1.0728483397439885,0.8025091853573857,0.07089941146017842,0.09176267127857726,-0.7394686699900013,0.6631281714100514,-0.5856455248139744,0.10219121330179388,-3.3299907935419536e-05,1.150444836183202,-0.29805511580951966,0.004986688310591681,-0.501923565953798,0.11953867479511486,0.06034115066229925,0.4387786176593493,-0.17529678001863402,-0.06597769464423656,0.05128960357591831,0.16060528321144332,0.1370674471794259,-0.21832793715302204,-0.3913579273581036,0.037896464524636166,-0.19159651844680428,-0.15349448065003593,0.4199404741569312,-0.42530723638908774,-0.2081954694354395,-0.0055574161717743525
0.015023731659902492,1.0786927191027462,0.8021854926958247,0.07044072287335634,0.09082152631408798,-0.7365405237106442,0.6665565331246166,-0.5597861880769608,0.09893566478329488,-0.0019153998416197348,1.1509145485329246,-0.29324953926745484,0.004853203663076076,-0.5116036397249643,0.11639473145086256,0.054207634629896036,0.4458687658824578,-0.17196422597587704,-0.06607280774711129,0.04468005569729318,0.16531653920527287,0.1369857167492145,-0.2170164839072348,-0.39025979284729395,0.03952291337747642,-0.19301496408363109,-0.15277748255538265,0.4191285817895117,-0.4262830714664339,-0.20364007848895088,-0.005713600927980262
0.015326172908170194,1.0846152682064099,0.801817840146315,0.07004448836964051,0.08989168314767566,-0.7335442518450419,0.6700194665343764,-0.5338773730581274,0.09480670103468904,-0.005388141167490873,1.1489548429446885,-0.2877358374899023,0.0038893225896414175,-0.5216945514640661,0.1130072061615249,0.04823371074126135,0.4533412513927393,-0.16870937082871548,-0.06607114530880034,0.037897122919358144,0.1698121226165147,0.13674317331424338,-0.21503402271950772,-0.3892387939029551,0.04046910516184992,-0.19410201000953348,-0.15190113734588778,0.4171633101525048,-0.42745799019115327,-0.2002251170855255,-0.005872301440062962
0.01566004980010054,1.0905238660533123,0.8013659620341402,0.06971289400106866,0.08899760877488083,-0.7304611916948877,0.6735324680147445,-0.5079772162371453,0.08971396459422143,-0.01063015551766862,1.1446451415261827,-0.28160427134466753,0.0016281858259657414,-0.5321463872964436,0.10934497857875708,0.042233615586195546,0.461125383073228,-0.16552624738193072,-0.06611648233455669,0.03091708253808691,0.17413239960663973,0.13627024292850187,-0.2125489119550178,-0.388182356729208,0.04073130925634656,-0.19469765007555684,-0.15107566132896752,0.41428557559660756,-0.42892082832126255,-0.1978496564612532,-0.006008037579234952
0.015923147693170082,1.0965041176210761,0.8008474954209002,0.06939365778369387,0.08820851278358022,-0.7272785729134678,0.6771038737984426,-0.4824574704074789,0.08377968541234297,-0.018089773002299185,1.138203245547501,-0.27513463836599267,-0.002241129027560142,-0.5428538255295728,0.10563167418825371,0.03599724877295746,0.4689373715873919,-0.16230947857948885,-0.06613562774299457,0.02370295323367804,0.17799987165065465,0.13582947904980905,-0.2095480246153527,-0.3869099117502225,0.04042773423722067,-0.19519272164412163,-0.14993209521596876,0.4107535489272974,-0.43025852888659494,-0.19616964711927573,-0.006155839801002981
0.016191674497325014,1.1025361765339026,0.8002786343355672,0.06911974146098904,0.08750769485980754,-0.7240053821792071,0.6807209936943536,-0.45716375616329596,0.0765849188125841,-0.028152387312335075,1.129392190915132,-0.26850851445236495,-0.008670764911428989,-0.5538055208643969,0.10176186091390443,0.029496344448747536,0.4766938288308901,-0.159010612615262,-0.06630591499120432,0.01628840265383405,0.18138080426065353,0.13518207480673555,-0.20594830213621199,-0.3852982613874047,0.039572937425779255,-0.19543814635389006,-0.14870154099023652,0.40655542058822175,-0.43164798767083173,-0.19501361357100633,-0.006286363313870787
0.016566801966896392,1.1086994126018759,0.799626042791048,0.06893699881968553,0.08686557759890819,-0.7206417376951026,0.6843811419917445,-0.4321157651836533,0.06807416898638671,-0.040677636592422704,1.118295863283496,-0.26199297858653264,-0.01742502147385929,-0.5652508900511255,0.09757617671230889,0.022882731841917404,0.48467879828861254,-0.15583282848974525,-0.06672543497941064,0.008720864910475933,0.18426075907648445,0.13420355312480617,-0.20185921882401384,-0.3836006526051179,0.038159575160523956,-0.1952707750606394,-0.14770427504464267,0.40144899075844465,-0.4335249540343357,-0.19440105794071705,-0.006376859097329773
0.016895939161613468,1.1149244472142987,0.7989321425120522,0.06870974699800166,0.08640840465467624,-0.7174565244482874,0.6877998937184326,-0.4073986360091534,0.05992875842031964,-0.05372419619975315,1.1055229195688616,-0.2564888322531403,-0.025543633281075853,-0.5764701135469165,0.09394379265723198,0.017031169112259482,0.4916911909471788,-0.1522612023620201,-0.06706880631725927,0.0018621840485809494,0.186761363922102,0.1335349166996164,-0.1980040648363079,-0.3819604118984371,0.03704234866091121,-0.1948006474057599,-0.1465431414195101,0.3960926169688762,-0.4354170629408123,-0.19430577515007647,-0.006605164576137523
0.017216265570069327,1.121093742692116,0.7982390135813341,0.06860486600987338,0.08590171545455824,-0.713878768822157,0.6915861270056622,-0.38316709839259777,0.05123262784457116,-0.06843730885956677,1.0909048774737884,-0.25045001209470097,-0.03388945175047044,-0.5882237470530272,0.0893295664757017,0.010310486478424086,0.4994688789676341,-0.14866468655509596,-0.06742222417580428,-0.006274782650967908,0.18873372315666764,0.13263243416141482,-0.19410659187671966,-0.3795043443533607,0.035701483105740325,-0.19406286910981585,-0.1453116249778865,0.3904311336743585,-0.4372354069289916,-0.19434140839525604,-0.006755563975330058
0.01757193709166304,1.1273631474342305,0.7974614699182747,0.06858034262629105,0.08543868152250168,-0.710105943598306,0.6955188834038336,-0.3598403785757692,0.04238721537688595,-0.08435854573535674,1.0751365379677846,-0.2444025946155964,-0.04162306980320663,-0.6003905247076102,0.08421886895435914,0.0033746460258493927,0.5074964483063416,-0.14523427882974163,-0.06773506796514162,-0.014961524564224192,0.19013110050166165,0.13171493657166602,-0.1905160656786499,-0.3769372906464328,0.03437997647015144,-0.1931187367817535,-0.14421580525659225,0.384466334001818,-0.4393436188151076,-0.1944800000847321,-0.006846737084611266
0.01795030977969476,1.1337078035684003,0.7966397448861243,0.06861581599101532,0.08503997978370416,-0.7061738150974345,0.6995560124143083,-0.3371998564963559,0.033467966006843035,-0.10157363229729323,1.0580177923647514,-0.23846441250185432,-0.049021221974155905,-0.6128607584918447,0.07874433902196186,-0.003727168035683442,0.5155958820454914,-0.1418129723011218,-0.06806451659833476,-0.024033593282623448,0.19094353454213892,0.13080529613945158,-0.18715652933974752,-0.37415383993571927,0.033189880066457934,-0.19189531103098398,-0.1431261042886146,0.3780780850613359,-0.44161075260246546,-0.19470982714098212,-0.006917834083686134
0.01835787889782619,1.1401729922337527,0.7958174950190482,0.06872772253945268,0.08472327802628979,-0.702099551344854,0.7036722861647843,-0.3154600994344719,0.025070121567017396,-0.11915182243920085,1.039799813553615,-0.23291976905792713,-0.0554584719329464,-0.6256798245197323,0.07289337036526128,-0.010856241881132251,0.5236264520983115,-0.1382070236550035,-0.06837005449315588,-0.0334187533055834,0.19107050959609656,0.12995207987157972,-0.18424323738419537,-0.3711736011256829,0.03222070217948818,-0.19049689691530713,-0.14210972262356297,0.3714814337629449,-0.44398429020266544,-0.19499375116678702,-0.0069854074070612076
0.018878420466826286,1.1466609561966554,0.7949295432880888,0.0689550828351852,0.08444768469620337,-0.6979081297563963,0.7078403969261514,-0.2947777497002374,0.017803655018618234,-0.13579504576665588,1.0209065993389332,-0.2280233339536502,-0.060377676716047386,-0.6389730829305046,0.0665524434835091,-0.017870569557731197,0.5318256117486713,-0.1344267527795858,-0.06886427564621261,-0.04302443608821548,0.19066826182765462,0.12908330005000287,-0.18212593383886472,-0.3680589161308981,0.031551784059601656,-0.18878190841828468,-0.14143281409499447,0.36487977951396605,-0.44658441841230506,-0.19530120391123051,-0.0070226494777772645
0.01939702947573367,1.1533064333103813,0.7939892730291384,0.06930186839302556,0.08422886981746357,-0.6936017002716212,0.7120529684699193,-0.27557740476883236,0.012079653670005741,-0.15096589669255245,1.001714275478101,-0.2241740138641462,-0.06284544204111148,-0.6528857168584311,0.05983669878284896,-0.024655193986169995,0.540245716224048,-0.1304860097483156,-0.06947449018745697,-0.05273976013546592,0.189450148457719,0.12842944700038023,-0.18082663587274161,-0.36479973698599816,0.03135561241542484,-0.1869270828719469,-0.14091865977401585,0.3583261037739636,-0.44941446326882223,-0.19564189594636563,-0.007052678219594186
0.020019321224410573,1.1600817301957465,0.7929574578087849,0.06974827714281721,0.08407083110619847,-0.6891883423335683,0.716300706396573,-0.2577371116085884,0.007562734510877545,-0.16491305288781818,0.9821640861378175,-0.22139487379007572,-0.06328663676113966,-0.6673821501591745,0.05269963206288958,-0.031230144348401774,0.5489118795777296,-0.12647078695888028,-0.07030236511430286,-0.06256670531573771,0.18756794793406134,0.1278154551887002,-0.18038321811077768,-0.36148248808284034,0.031749492024921014,-0.18481198410176752,-0.14070574266899888,0.35162280212090913,-0.4525058770808831,-0.19602857685058375,-0.007068513989744833
0.02076175236484717,1.166961148314137,0.7918613384227292,0.07006090200295542,0.08434058391538478,-0.6857373556051413,0.7195431988720424,-0.24268141101918037,0.005696636607209127,-0.17422435529576596,0.9649612934690792,-0.22111895702018677,-0.06263953371226556,-0.6807181449676082,0.04797861415223046,-0.035312237008552336,0.5542734955142739,-0.12250732089716981,-0.07101224048229102,-0.06935989714943402,0.18617808977211459,0.1277619101354656,-0.18033059216933225,-0.35993483878382443,0.03236316136676469,-0.1826463142650588,-0.14074108594160237,0.34631879060235354,-0.4550175507975903,-0.19629882282634242,-0.007133439310213241
0.021468136949456616,1.1739800307063366,0.7907319002197728,0.07058927051315092,0.0844023498186787,-0.6817032016225393,0.72330777897869,-0.22803665084256033,0.003518407108823702,-0.1848298955762546,0.9457944580873585,-0.2208254961560315,-0.062157314623366114,-0.6952882293393615,0.04143275361835354,-0.040338029725164155,0.5613047578885069,-0.11762331409095265,-0.07177591769633238,-0.07796451740867612,0.1839376997917883,0.12762292390424146,-0.1808008713770257,-0.35773048393049905,0.033083110560046564,-0.1803543382798397,-0.14070515771084335,0.34046738116251174,-0.4578577973092807,-0.1966134791977664,-0.007249739334607256
0.022182515970482982,1.1811591332457827,0.7895643770323477,0.07127670481869869,0.0844888359522439,-0.6774188857284569,0.7272447464286271,-0.21431162584573388,0.0016508112973530169,-0.19579923654906659,0.9253502023912481,-0.22035864382347883,-0.06279545332682673,-0.7105713124974916,0.034065170283095685,-0.04572461754579582,0.5687145816837924,-0.11249783467710817,-0.07251588939123661,-0.08733146463939118,0.18101349311746126,0.12748870695979617,-0.18166249428087622,-0.35543287430504966,0.03379903437521437,-0.1780424351278162,-0.14078631933430574,0.3346292077353242,-0.4609151577644782,-0.1968800273308513,-0.007367247857386267
0.022981758504293986,1.1884106169975481,0.7883533544743432,0.07208363128092402,0.0846281413314578,-0.6729878482181574,0.7312519291918705,-0.20152138370178346,0.00026045363856284855,-0.20655199258535054,0.9038267600156775,-0.21961439337332145,-0.0645205932321372,-0.7263072717130571,0.02611309520366855,-0.051172394210200305,0.576139290118061,-0.10714979494125197,-0.07329466717944165,-0.09714546357036623,0.17759883956183004,0.1272870344204345,-0.18295510110796193,-0.3531747426630639,0.034447700831020604,-0.1756011982097097,-0.1411115926863407,0.32893777597614526,-0.4640773701567783,-0.19705548461184752,-0.0074701564921211315
0.023888430605398133,1.1957843074846464,0.7871452379381524,0.07303204637796458,0.08482790411535764,-0.6684662535369632,0.7352709805014057,-0.19000275719649107,-0.0008623499599874353,-0.21694743968151722,0.8814118282047488,-0.21883487085241352,-0.06605131950885869,-0.7424206632930369,0.017665788664014335,-0.05645035550109101,0.5832067753473296,-0.10139336094844244,-0.07405193669144833,-0.10722951408638343,0.1735878171612264,0.127069354632323,-0.18491282495738973,-0.3510301684945966,0.03502091172513651,-0.17317380756015924,-0.14168841213536892,0.3234537451566508,-0.4672687985308754,-0.19713995524745492,-0.0075563602118060725
0.024792299634486384,1.2033118311391748,0.7859263062775433,0.07414354122666215,0.08507656884986049,-0.6638839529207141,0.7392718104875039,-0.18007976909914192,-0.0019587428859869143,-0.22704631516870502,0.8583349288171769,-0.2185715423879416,-0.06543257348255611,-0.7588423881081378,0.008830650181888736,-0.06140001101774682,0.5896496556604554,-0.09503954446227972,-0.07457233117052116,-0.11749313732804058,0.16891783600595933,0.12707950749579752,-0.18780200404275682,-0.3490050493237403,0.0355672656120112,-0.17084394103068817,-0.1424070163837321,0.3183093221309269,-0.47055814969477067,-0.19717867940505662,-0.00761966454598632
0.025730840527932376,1.2110213469328928,0.7847023781713168,0.0754130757787519,0.08539279094770519,-0.6592202024536008,0.7432695768917109,-0.17201356456117,-0.00324745544910575,-0.2369980619206433,0.8347209214517008,-0.21927810910099452,-0.061139403283631856,-0.7755947101367282,-0.00042214689915697975,-0.06597916567641159,0.595429490691209,-0.08802228640885262,-0.07474247804544164,-0.12794388776245852,0.16356516710705019,0.1273023922706342,-0.19188342992552296,-0.3471964210266127,0.036203232243716306,-0.16868840426162407,-0.14335525752573872,0.31350623534389827,-0.4738569031053141,-0.197229252610481,-0.007660971981757799
0.0268372729518652,1.218897086055456,0.7835014495007052,0.07684261599434333,0.0857740629732508,-0.6544743891057075,0.747262535186207,-0.16574881856173831,-0.004818160769474312,-0.24674121102458743,0.8105599595777501,-0.22124970637698094,-0.053411616549066385,-0.7926547461626412,-0.010164276817299337,-0.07019431674001443,0.6005353361625154,-0.08033235310785393,-0.07468690723142762,-0.13856372079597523,0.15756519183901765,0.12753028577070952,-0.19723370939756457,-0.3456316530340602,0.037002467455012,-0.16667442516759667,-0.14469496625854283,0.3089227387460066,-0.477071392755495,-0.19731802550266012,-0.007682233944400283
0.027987656436888258,1.2270099651835356,0.7822919122014321,0.07843804554463707,0.08618194988774718,-0.6497366527971639,0.7511740321234625,-0.16121003861991343,-0.006633418237321916,-0.255996441262121,0.7860646939499548,-0.22496725770069417,-0.04316952490242826,-0.8099278646820254,-0.020204853244734568,-0.07388307434169793,0.6047111447906358,-0.07189571254948812,-0.07431925401614643,-0.14924401866034756,0.15085736807269173,0.12787296970374515,-0.20362660267802138,-0.3442140596169725,0.03793305373938625,-0.16484705721697226,-0.14627119943258604,0.30468061824407217,-0.4804158706859965,-0.19745453757871004,-0.007705992106585835
0.029156281768422877,1.2353832831747922,0.7807224835321674,0.07969944847293159,0.08749823363990679,-0.6443774878865591,0.755493024539614,-0.14695989565059855,-0.0053076037647638566,-0.26528532335284605,0.721663050462669,-0.14585630924765364,-0.031918099439786435,-0.8279535272227039,-0.02957894834326694,-0.07875838770886695,0.6084686020978936,-0.06318825477307828,-0.07358671964881713,-0.16052113004068075,0.1443367730137973,0.1297255072989475,-0.2109425118450099,-0.34534731899907406,0.038812532995176646,-0.16281886618993696,-0.1474293390516776,0.2998570328555949,-0.4836782836513122,-0.19768525359532974,-0.007961814546956138
0.0303417570665095,1.243810848284747,0.7797659803310195,0.08186446436245536,0.08773164748900854,-0.6396588880872537,0.7592350587232458,-0.1411514648941041,-0.006800962608276964,-0.2716448475640855,0.6842312242781714,-0.1348537321969121,-0.020363783269050254,-0.8452721631475134,-0.04080879472620982,-0.08133441175735918,0.6100550960075312,-0.0526824573674555,-0.07248738313913841,-0.17130208550921175,0.13594278954011954,0.13006969006773333,-0.2196745184035053,-0.34322130397188483,0.039536824250652525,-0.16094718542172887,-0.14940542580798447,0.29574764752681765,-0.4873556392489655,-0.1978104954834778,-0.007968459283583904
0.03150283958085665,1.252366261383318,0.7788370405871216,0.08452717083504598,0.08789496069240355,-0.6338508162935951,0.7637818903060263,-0.13943024522678976,-0.010632622288239685,-0.2816920183745892,0.6535676961498353,-0.1509669158692465,-0.0020507166969377594,-0.8640458941278031,-0.05498945787175226,-0.08488926243222038,0.6118893741405028,-0.03720800251880883,-0.07016453085580963,-0.18466456811716347,0.12319036980147706,0.1308565106037991,-0.2347606966892381,-0.33668802254027747,0.04084426269978567,-0.1587255601213095,-0.15222949699694044,0.29120602724450756,-0.4925637922845525,-0.19776312103531757,-0.0077688637070874285
0.032889358400641514,1.2610611102114146,0.7779225787258265,0.08674340800755685,0.08848818066479398,-0.6295655876910741,0.7670023427898129,-0.14177464876530957,-0.01417695030999253,-0.28804820386443336,0.6310855782899835,-0.17740344730556928,0.011107626171829203,-0.8806585926023217,-0.06505410258111234,-0.08594648686836319,0.609446452849192,-0.023089264561771114,-0.06800473215251072,-0.1938173354137015,0.11162630927195107,0.1312189012913873,-0.24749766907067383,-0.3328490904309422,0.0420402140273033,-0.15648731738063895,-0.15510088408310835,0.2868545100429158,-0.49675253398187025,-0.19752361140960653,-0.007748354300629516
0.03433060317880303,1.2698813549358814,0.7771325788640718,0.08895556879271958,0.08911385907191897,-0.6258456859659483,0.7697160543082657,-0.14546761634159533,-0.018063311832831185,-0.29296364321310514,0.6108800793384435,-0.20412443936951674,0.020102962690120497,-0.8959920071330765,-0.07396466864230995,-0.08587725983038569,0.6039528685622398,-0.007384615839853248,-0.06529390066471515,-0.20178545950393162,0.10013359373723789,0.13149034572037444,-0.26029049444546404,-0.3296416421847726,0.04288641734054921,-0.15426632261647327,-0.15803411912839962,0.282874897051088,-0.5006178022216066,-0.1971818845078283,-0.0078082381787743845
0.035785435880993234,1.2787533932157016,0.7764106624897632,0.09120836776803196,0.08974172961110434,-0.6225247342450392,0.7720689158803387,-0.14990202380395082,-0.022144790205126157,-0.2966729235091624,0.59204233778916,-0.23034608217364969,0.02364471129363997,-0.9102281476773773,-0.08216790412168036,-0.08505156857452424,0.5958456522666623,0.00979148693682538,-0.061749277977532636,-0.20900567626731278,0.08849924921702085,0.13169000639989661,-0.27354238058219954,-0.32663823573524425,0.04339347736531843,-0.15191944873139063,-0.1611832842456914,0.27937512157484073,-0.5043705615753102,-0.19682093725603741,-0.00789033807440487
0.0373550716013433,1.2876463542433656,0.7758097888583868,0.09353729981979025,0.09038093640099953,-0.6195036519398052,0.7741429358399808,-0.1549099270524458,-0.0264457148673761,-0.29914705328644675,0.5736878435483087,-0.25565689924754953,0.022649064705500807,-0.9235257554277039,-0.08990926523278601,-0.08358298544735177,0.5853135740074116,0.028497801937227455,-0.057513691350890586,-0.21566735879243737,0.07646037002517522,0.13160008084792446,-0.28753121593268394,-0.3235725547209088,0.04355288742697551,-0.14950835403778567,-0.16469138511428588,0.2761659164923806,-0.5077958291283186,-0.1964611729341343,-0.00798250198293881
0.03902845722374904,1.296753732724801,0.7753677383096145,0.09593440373590527,0.09094743196765655,-0.6168691408466728,0.7758850545470063,-0.16063039453754746,-0.03138676347023491,-0.30074540575681785,0.5560880521649226,-0.27910396209717736,0.01957494713242422,-0.9356671092120171,-0.09703124220431207,-0.08121630182874956,0.5719876522034231,0.04901584031468506,-0.052629155115206924,-0.22165414268713343,0.0638672892716817,0.13122727357680564,-0.3022079314986846,-0.3205949578114914,0.04346265925096933,-0.14725143886657824,-0.1684547789581206,0.2730720127570215,-0.510964889039907,-0.19609641755095109,-0.008101055299668246
0.04085573821709911,1.305953473349514,0.7751413974677797,0.09836133416930835,0.09136131073590296,-0.6147272186695472,0.7772313719014773,-0.16692024083313936,-0.03733609513857144,-0.3019461481592839,0.5395525114286392,-0.2992382644291645,0.01718649185139223,-0.9462391340782457,-0.10338340053428313,-0.07773171450065011,0.5555994819250051,0.07182200209058016,-0.04720098323775165,-0.22684912444553695,0.05108098953369112,0.1304759381300303,-0.317611052199903,-0.3176645597221066,0.0432574309614268,-0.14486129862642436,-0.17242056228429406,0.270000587378825,-0.5137688062177347,-0.19566234315191172,-0.00823769753858558
0.04280750978912277,1.3149852861935891,0.7750801734304602,0.1008476409842951,0.09155215868088669,-0.6131674857517427,0.7781218349112541,-0.1738111453545009,-0.044589113543842276,-0.30304862363707846,0.5245313199473091,-0.3150817189122405,0.016906500729258204,-0.9549078431492457,-0.10887772769628826,-0.07245893727145084,0.5359311451527052,0.09680504849704981,-0.04080069486178801,-0.23110468682267357,0.03839137957132362,0.12937025428371196,-0.33405576307444185,-0.3146070966679495,0.04310057661959473,-0.14187120504754003,-0.1766551763385189,0.2671286832668124,-0.5164549559841815,-0.19502608054869236,-0.00837356153192791
0.04475133426226418,1.3239603898915926,0.7750989221288075,0.10339049009736642,0.09159289579809787,-0.6121623238658215,0.7785746189261132,-0.18183037922952566,-0.052913749981930006,-0.3040710400560842,0.5116239520477777,-0.3275019039125867,0.018041637097188687,-0.9619466987514844,-0.11343179056975132,-0.06553073116152622,0.5132196684901992,0.12371571319139382,-0.0331967496574751,-0.2343893029052275,0.025586602991980602,0.12816462148618812,-0.35136671024310673,-0.31173355431180266,0.04311608750780712,-0.138503850229144,-0.18101156864720577,0.2645132751194891,-0.5191545446533358,-0.19414476293528296,-0.008531218925288759
0.04670090288606115,1.3328373446894037,0.7751724040679587,0.10590998157049075,0.09156001873208738,-0.6116196595238026,0.7786663154763446,-0.19080047042738152,-0.06177781254000861,-0.3049721942094144,0.5006927138395243,-0.33742386022789717,0.019719681693108993,-0.9678429964288653,-0.11713570151149066,-0.05803258887158803,0.48852549459811123,0.15287822726913583,-0.02518090313560635,-0.23689181667767795,0.012913963016166622,0.12686605092585865,-0.3689390094540589,-0.30933878605825305,0.04327148527095303,-0.13482864178615933,-0.1852610857900476,0.2618752918702416,-0.5215070772033116,-0.19310288541403928,-0.00870673599824794
0.048332628686831525,1.3421964880365211,0.7748277932983109,0.1077682862985025,0.09247344559729861,-0.6096187359960147,0.7798715631758022,-0.1734285625313346,-0.05942329809833107,-0.30708753988499865,0.4294416050943121,-0.3719963140887911,0.020911468189046475,-0.978251954558207,-0.12184823690694034,-0.054537772932346254,0.472481881266343,0.1727501414606534,-0.02009950999350997,-0.24269560207548513,0.003711547635521178,0.12735728766918275,-0.37952958054370484,-0.31353671200349986,0.04319353613380997,-0.13089634850469115,-0.18732525948530798,0.25832106780698305,-0.5231316766629397,-0.1927907645420837,-0.009128330300573747
0.04991885030017547,1.351259869041129,0.7752764110932286,0.11020595987523885,0.09208867802257348,-0.6094879086853962,0.7796786587783037,-0.17583224223989105,-0.0661768264150378,-0.30760365330055084,0.4080239409503525,-0.3812009715134738,0.02223883062506309,-0.9852343882236901,-0.12569287467689746,-0.04952586795988622,0.449964145663616,0.2033643812460477,-0.013816602607705293,-0.24587200127352765,-0.006465237680171971,0.12658374705536582,-0.39307477907677885,-0.3140548001054771,0.04257140674930422,-0.12713189267759095,-0.18992571795881208,0.25577794817265337,-0.524470616135975,-0.19241047852302168,-0.009128247339760684
0.051455097169535724,1.3602281172327235,0.7757460906920884,0.11254665708961611,0.09178993524300516,-0.6099685821302462,0.7790033289916383,-0.1868340851287767,-0.07542698163587566,-0.3086759769821301,0.4028275996174326,-0.3833448045093256,0.02345022914208795,-0.9907256097251663,-0.12816034329003823,-0.045050244034472664,0.4238155076825821,0.24082083520175915,-0.007054897826233928,-0.24779738127041093,-0.017122283104150395,0.12598413985663023,-0.4075535190528983,-0.3144222636515846,0.041610371223686916,-0.12325997048212081,-0.1923870647844472,0.2532962771561226,-0.5252690073969112,-0.19210292667270215,-0.008960686590321338
0.05311529714816849,1.369098430052413,0.7763210858623866,0.11457725049490575,0.09204081079871729,-0.6118169994453426,0.7772261588535476,-0.2035591192861258,-0.08544458767229916,-0.3085625444491387,0.4079922522943541,-0.38464963727977136,0.025787837831064142,-0.984252520490419,-0.12601777611769066,-0.0402712506099226,0.3749983200527595,0.30604109193891904,0.005601435669919244,-0.24512650620277646,-0.033212267969212485,0.1263336017637941,-0.4334146966020628,-0.30990927856675504,0.03974696508174876,-0.12028103436599927,-0.19456622352252104,0.24978184340531615,-0.5235064989200718,-0.1912870128055188,-0.009450932214101627
0.054585636719756546,1.3775713940770191,0.776661708611335,0.11647264698552202,0.09194923860240221,-0.6131438147256421,0.7759085786923043,-0.21820111465414507,-0.09445506279510643,-0.30764732909348735,0.4110654993943796,-0.38484147465694296,0.026920049876307656,-0.985932378999188,-0.12493547419011998,-0.03054967434690184,0.34710531156874996,0.3380341822594831,0.013675485341392162,-0.24517800001033113,-0.04340577844602878,0.12561823979753764,-0.44595252101083405,-0.31113224149917373,0.03876520207086574,-0.11619944265316394,-0.19636749139376908,0.24738877766163933,-0.5229709781004386,-0.19108203607647198,-0.009548004752208157
0.05594963413224943,1.386066221774367,0.7767980214461232,0.1182226513628749,0.09184207311239521,-0.6146739534072626,0.7744445553516633,-0.23326401673174077,-0.10322883695615395,-0.30586090743124367,0.4156527266647493,-0.3853132406420073,0.028586115008860876,-0.9858146466278793,-0.12186785098157664,-0.01366522526087397,0.31843373959522825,0.36521191409448855,0.023982902362482034,-0.2452748939909778,-0.05297852685377625,0.12551976248696592,-0.4574563447901609,-0.31355984710587553,0.0379345785798872,-0.11230097332287334,-0.19790442143590073,0.24601776107628248,-0.522257725596823,-0.19118606589052173,-0.009522299056945573
0.057054372443692374,1.3946946400715388,0.7770779816039803,0.11936439643845095,0.09214334127999776,-0.6173328422727227,0.772115216384267,-0.248498348101505,-0.10993729601275266,-0.3010180758617035,0.42099166030862234,-0.38578015724600057,0.030954908287351538,-0.9981979129393661,-0.11461092668606158,0.019818303207178745,0.30843884175008435,0.40814817131203995,0.035062618578996924,-0.24209288665949136,-0.06294200751305813,0.12630448599857372,-0.4684473435381171,-0.3162121413422305,0.03735506435952555,-0.10911786508570516,-0.19813737130193057,0.24495301546697756,-0.5190955454430146,-0.19162195077294691,-0.009594523772534818
0.0582387993706994,1.4030148596033925,0.7774588216249442,0.12025752077687737,0.09247789778195942,-0.6211531868279467,0.7688658437022117,-0.26324634073140024,-0.115535995063671,-0.2926383591737166,0.4267971461889184,-0.3859717013886585,0.033891682605581695,-1.0036967594254143,-0.10379971658998215,0.05577825021293983,0.2960271612211232,0.41568557130163214,0.05112493451997359,-0.23571411013497842,-0.07273888987179324,0.12688358221938317,-0.47994687276944636,-0.31845587311935386,0.03720522202552115,-0.10544559092468234,-0.19856163099089044,0.2443096958167537,-0.5148951091919348,-0.19256142663217515,-0.00969618991299731
0.05948708943761698,1.4108263343778604,0.7778102587989363,0.12114463305408983,0.09217699882869328,-0.6238555088180933,0.7665713814684466,-0.27512420986564523,-0.12153366107258293,-0.28678184511361277,0.42959117273537323,-0.384492026216581,0.036209267601078475,-1.005481628661299,-0.09857169215813308,0.07927991216149542,0.2871273210039284,0.4108879295814287,0.06129937417430489,-0.23331674599177737,-0.07963600561591574,0.1265395135220237,-0.48619362676481914,-0.3221117884064046,0.0370815705895399,-0.10029961397577775,-0.19961468848110694,0.24480974392816418,-0.5120393785766242,-0.1930870593404458,-0.009704582956341334
0.06066981484121418,1.4182396439839058,0.7783421022965059,0.12163986291886902,0.09157868182375209,-0.626957153795188,0.7640299837634249,-0.2849492237842751,-0.12663043677716448,-0.2795710296193014,0.4312678888444781,-0.38215122046503364,0.03922463345792039,-1.0038357705595864,-0.09451788152320238,0.09374399897137237,0.28304851937657893,0.3933135236308901,0.0704410096675227,-0.23021106477661488,-0.08523931311876326,0.1258989313912455,-0.49035677620748036,-0.3258541790092925,0.03672425294273275,-0.09471696024151219,-0.20074341434646187,0.2468190755958059,-0.5081193372266952,-0.19329727384847353,-0.009726258532414165
0.061819568798561444,1.425561870323733,0.7790352457012878,0.1218307546805727,0.09073005190405875,-0.6303628738603044,0.7612936175707943,-0.29303808930685576,-0.13096332199119032,-0.2712429488871232,0.43163309941433414,-0.37909409321988274,0.04267337873328196,-1.0003280616887869,-0.09104555861050746,0.10113125326480413,0.28511876283295723,0.36367460578355315,0.07734190069418781,-0.22668306704221994,-0.08970550046984327,0.12505236251952825,-0.4920566865713203,-0.33032053093836916,0.03612562175739739,-0.08899781952653989,-0.20203525943115427,0.25004033489432603,-0.5036563545822448,-0.1931832720502385,-0.00977884880054716
0.06292168455740607,1.4327071395655264,0.7798746084947269,0.12183604093915017,0.0897999894532469,-0.6340314621716616,0.7583508726169802,-0.3000913432446024,-0.1345694391635891,-0.26210712641891454,0.4310170559994915,-0.37513506736719016,0.046253482026180605,-0.9960680905874142,-0.08764856344716267,0.1035405088226053,0.2932978523023225,0.3260314357334305,0.08210314920973752,-0.2231047872046564,-0.09291248483657545,0.124268974407277,-0.4916249333223154,-0.3355407336675942,0.03526497856443034,-0.08334210994107781,-0.20337702363185328,0.2546333156695725,-0.49864083385874997,-0.19271571427236844,-0.009843469205466169
0.06384378094632438,1.4398012006907388,0.7808586041104534,0.12170568201086807,0.088933098087338,-0.6378281707386372,0.755283956961262,-0.30705699672980274,-0.1372953262682562,-0.2523747280862508,0.43008678925079646,-0.3700335463490205,0.050070177483215815,-0.9923459652540926,-0.084032664944967,0.10310696767844053,0.30800013649884256,0.28252159917092695,0.08533082845605414,-0.21957202040461726,-0.09537847599333787,0.12403035466754539,-0.4899452381800996,-0.34159482934149404,0.03367646187297252,-0.07891227497486937,-0.2044057002205897,0.261151883492862,-0.4917165643247704,-0.19168997849115274,-0.009685592504642205
0.064728171384155,1.4467934174228507,0.7819761191556565,0.12146036090838433,0.0881774066379366,-0.6418314104619134,0.7520136742314489,-0.31393060763564257,-0.1393667938576582,-0.24256766151417564,0.4289148149684085,-0.36424736022114457,0.05352017550219808,-0.9878899030656093,-0.08041630533889532,0.09980355927908974,0.32609988186286676,0.2390342334334348,0.08569222595938884,-0.21575792529655133,-0.09727259622637924,0.1239543068554759,-0.48730557886217346,-0.3481005466265714,0.03207232097634885,-0.07445380967297618,-0.20521674048483754,0.2680486560199009,-0.4846987708722927,-0.19014426680093013,-0.009530594997488852
0.06549048273322268,1.4537286612335505,0.7832205828049664,0.12102169001906303,0.08743702955952969,-0.6460783181363486,0.748526100574217,-0.32044704482564973,-0.14061294474429142,-0.2321442137759254,0.427514245203793,-0.3577900987243832,0.057110935215155666,-0.9826131245143161,-0.0768716368201226,0.09344913022569802,0.3483924946243756,0.19352088865302033,0.08386865910509032,-0.21160471337792433,-0.09853798182662347,0.12409453934736714,-0.48348642538579084,-0.3549384133528886,0.030511108142704458,-0.07025638611229862,-0.2058203083459221,0.2760210619140349,-0.47723332660612167,-0.18801801494961362,-0.00938604256866097
0.06616772510339786,1.4607466333730108,0.7845904728470627,0.12049958118988108,0.08683607645764085,-0.6503235222137107,0.7449957471113909,-0.3272001510711564,-0.14124604757443684,-0.22186189894270322,0.42600220419720486,-0.3507445946744985,0.060343776419662654,-0.9771517214187767,-0.07373294946634577,0.08458156556992644,0.37441702577719577,0.14838362292361293,0.08077070302572899,-0.20737723350978982,-0.0997726467778198,0.12450726958397879,-0.47911741234773664,-0.362083224496959,0.029034533623622155,-0.06631854022900807,-0.20603448562552157,0.28403771858905547,-0.46947491072823927,-0.1854595271035967,-0.00917791258874514
0.0667002606782688,1.467848246078938,0.7860379892126274,0.12003491094944056,0.08644559812874973,-0.6543197755315396,0.7416093379036424,-0.3346947669115765,-0.1414601788206644,-0.21246278484451125,0.42451939106461856,-0.34311780580922163,0.06264811509711138,-0.9722863031162888,-0.07128661283131377,0.07391173405274966,0.40376171527187876,0.10710811036047445,0.07738830677169276,-0.20358211965560163,-0.10132039331631618,0.12533599184802788,-0.47459751805513983,-0.36927665054944403,0.02767993181412808,-0.06243942878472364,-0.20567997574071445,0.29141957905452814,-0.4618858112301165,-0.18267976243201592,-0.008903589670602648
0.0671015362771269,1.4750553307057677,0.7875246989159187,0.11961253427584592,0.08642712004810243,-0.6579532462774483,0.7384583402449109,-0.3435458219678915,-0.14114135300388334,-0.20449902963539293,0.42363519939923217,-0.335021321063374,0.06373992669493563,-0.9683613176451898,-0.069865725260325,0.060404450744767954,0.4364810166235303,0.07150862864326715,0.07417336790732079,-0.19973900339113568,-0.10382558299252603,0.1266252329741929,-0.4707905852390221,-0.3763456314002066,0.02656842834349136,-0.05826917138955838,-0.20458143539313203,0.29707880994493097,-0.4544773755627485,-0.17970000633902905,-0.008485148194547794
0.06737833447930468,1.4822933338446427,0.7890637830746965,0.11924264078708638,0.0865802496532053,-0.6613372711981063,0.7354713228347886,-0.3531196010022486,-0.14044216101776694,-0.19753031022175593,0.422953127537827,-0.32625601313837027,0.06382602776501407,-0.9649842287851859,-0.06980567560073198,0.044191019776048904,0.47274771573749147,0.04065507613007902,0.07058295489086142,-0.1968027384230861,-0.10640465769283053,0.1281737058777027,-0.466322822821944,-0.3831042545198,0.025762757039534807,-0.05460977179603908,-0.20298264443589586,0.3027384034804761,-0.4470044138417089,-0.1764565172549224,-0.008183312391710235
0.06753650205610481,1.4896109953828869,0.7905803975412116,0.11881738110102409,0.08685250501002527,-0.6645206233795778,0.7326332052432483,-0.363019276323524,-0.13932730908315683,-0.19124395756891882,0.4223790673588656,-0.31729236160551494,0.06329375490496739,-0.9615397314224481,-0.07069040322158096,0.027250380675137093,0.5115873524613449,0.013521257373797318,0.06636351300247288,-0.19406203321257898,-0.10935075883576326,0.13002568567415046,-0.4620198492740022,-0.38967547671052377,0.025175481097997773,-0.05083771789973514,-0.20089994207876777,0.3075259811875047,-0.4398038581197648,-0.17311647710527162,-0.007801970271313413
0.06770404009926277,1.4968858895744035,0.7921041428075519,0.11832172974617051,0.08708574000979089,-0.667573214128593,0.7299055047982865,-0.3724254229322519,-0.13798621236775244,-0.18519481137710345,0.4212737243978569,-0.30810991096778756,0.06225337511516063,-0.9573352273455691,-0.07201758057036721,0.01227634087033694,0.551616245927482,-0.01113829971862441,0.061021035750166604,-0.19126842036832353,-0.11256910103413584,0.13183233733029756,-0.4584658882974702,-0.39573608952012845,0.024668280306104438,-0.0465164504447831,-0.19860718299476,0.3109908020068417,-0.43296452361782156,-0.1698342665575843,-0.007347982552332325
0.06772885136573954,1.5040503040302526,0.7936062535778007,0.11774389897312737,0.08725785360206106,-0.6705075629360053,0.7272840224320798,-0.38115385519173584,-0.13628291020950212,-0.17923173678753426,0.41945418647511873,-0.29864823625229125,0.06071820431644019,-0.9524677381207216,-0.07339276613672686,0.00020845578280143698,0.5928723965790293,-0.03449059380203333,0.05423623022300174,-0.18837086760637084,-0.11596218060143594,0.13383719453298581,-0.45575858004082537,-0.4012220450277915,0.024195564440941373,-0.04138041580809009,-0.1959956874248622,0.31331291252033316,-0.4267752302486699,-0.16672657955193207,-0.006860204403357533
0.06772594804376834,1.5111373961769141,0.7950885031765116,0.1171375087131004,0.08740167448839989,-0.6732837698836237,0.7247956377906863,-0.3894835763319706,-0.13434237152632988,-0.17364329161584677,0.4170960932511594,-0.288817510066918,0.058355316555610666,-0.9472213830960649,-0.07521626343589463,-0.009708615265283507,0.6354941830446313,-0.05676170028133594,0.04594840349685289,-0.18551724564396405,-0.11959517620209742,0.1358403013274382,-0.4537920722721076,-0.40626737870827767,0.023785365428575934,-0.0356708616641341,-0.19325073939103699,0.3144663930809114,-0.42111447554354375,-0.1638192861270328,-0.00636162914123113
0.0677987083286438,1.518060999513676,0.7965056760884515,0.11647211644266216,0.08752197258789123,-0.6759211394858905,0.7224297637845403,-0.39745711895363633,-0.13228194040997315,-0.1684648450677304,0.4145923839064157,-0.2789192146468409,0.055448464116880945,-0.9411624269096218,-0.07736271792112179,-0.017480047289142934,0.6784652392318813,-0.07783366209349694,0.03724614663391191,-0.18285067531024038,-0.12309987302238026,0.13775290145174154,-0.4522332932128727,-0.4111577247625409,0.023396162433355294,-0.02951262472707849,-0.1903633766865092,0.3143974114393868,-0.41575272086954834,-0.16113519174601412,-0.005891028294351005
0.06783482835497197,1.524975205066678,0.797783342754464,0.11575938005503848,0.08761087243273609,-0.6784419998654941,0.7201670318609124,-0.40542539486045026,-0.13018977691845784,-0.1636731804544225,0.41252321726690655,-0.26953311507092265,0.052615469083993026,-0.9339139675530673,-0.07932936873062611,-0.02287694017102117,0.7202531375578624,-0.09753332601185738,0.029776183419978734,-0.18029516788780958,-0.12653576058967148,0.13976411713030984,-0.4505921338948656,-0.4161387502053627,0.022939279601875258,-0.022922307823313563,-0.18722402005905486,0.31300627127874353,-0.4111643327148184,-0.1587605406921456,-0.0054283594386329605
0.06777548909047446,1.5318648371432595,0.7990152514360033,0.11501039224612676,0.0876667634371001,-0.6808350246729626,0.7180186748563167,-0.4132405643473294,-0.12803609652911896,-0.15931405167048,0.41063205895126037,-0.2605695390489627,0.05009614133021337,-0.9251546766279403,-0.08078123636824901,-0.025763226138934423,0.7601267752061379,-0.1157509126203268,0.024093457007647402,-0.17796242506477847,-0.12980077125621023,0.1418486232952246,-0.4486492430870738,-0.4210584612077202,0.022198058675523456,-0.015934907031758254,-0.1835901905677669,0.30992819664005644,-0.4071185661841869,-0.1567844561635155,-0.004968508256262091
0.06770406220216048,1.5385237241516128,0.8001796730631034,0.11422476174444547,0.08766859877004292,-0.6831018987685803,0.7159879304100601,-0.4206865446768985,-0.1258124294523313,-0.15536167594355602,0.4087610858982158,-0.25175907989614266,0.04747421367373535,-0.9150458625787785,-0.08175665155527924,-0.026255152431239204,0.7986805480984563,-0.13275244555745183,0.019544233476547792,-0.1757848105684393,-0.13265886134273971,0.1438691168114368,-0.446765473447751,-0.4259655888734622,0.021060698398151594,-0.008255818258946732,-0.17971544594839478,0.3052119398038058,-0.4035183201164586,-0.155196133571691,-0.004498491353841662
0.06754875076535527,1.5451421369733183,0.8012539020890661,0.11340493754735453,0.08765495538793902,-0.6852985738240863,0.7140180625519859,-0.428158938994819,-0.12347072199219322,-0.15160842520228265,0.4072358411915062,-0.24321403961778734,0.044725867284084696,-0.9036683204127187,-0.0820384830881545,-0.024682963338986598,0.8353500843020787,-0.148502364619822,0.01636204437393915,-0.17354272145547522,-0.13556024491293348,0.14595530367877219,-0.4448955883772292,-0.43076645811527126,0.019657266482909833,-0.00030009074520919853,-0.17572348797061918,0.29977451413095146,-0.40048323825189586,-0.15390538502153378,-0.004046875612736349
0.06731900592631695,1.551705859378313,0.8022350986813318,0.11256653993086632,0.08762377227615148,-0.6874921157274718,0.71204314436181,-0.43583829418307285,-0.1210107207972756,-0.14779968985995123,0.40627626994946214,-0.23483123461994598,0.041671689791709945,-0.8908752084654922,-0.0816094704863477,-0.021401032850037388,0.869444380621745,-0.1630438783360169,0.014489046660543984,-0.17101105199097583,-0.13862425655916674,0.14798870612400025,-0.4432073735677304,-0.4352389093467885,0.018242604593874924,0.0077288019001452105,-0.17191116781320204,0.29456249929530787,-0.39779161105594096,-0.1527565123881475,-0.0036263554902916896
0.06714448310257938,1.5582437790583636,0.803150939142608,0.11172641546004354,0.08754815850649286,-0.6897217186957226,0.7100256888239955,-0.44365552853978074,-0.11851766833625973,-0.14380443439212745,0.40576311402210613,-0.22648652245195663,0.03785431736339637,-0.8765599588009256,-0.08040227616220162,-0.016176497223635015,0.9005302118621806,-0.1766301318070621,0.014271999733439416,-0.16815337118215978,-0.1419443541781724,0.1497354574916707,-0.4418340297730791,-0.4392822748752575,0.01707998292182139,0.01566036835877975,-0.16849918739992176,0.28967617173835725,-0.39531814653287173,-0.15165877936924468,-0.0032313889007288487
0.06698763876047147,1.5647700914424234,0.8039191495695363,0.11087187296435742,0.08743141723527163,-0.6919575185733513,0.7079957397862056,-0.4516647071433543,-0.11598350740167918,-0.13976763777206766,0.4058659239569852,-0.2184704969090775,0.033439041443211005,-0.8608720856477736,-0.07831564848813051,-0.008991158584663629,0.9290161964908198,-0.1896074236519625,0.01578644515496187,-0.16507611218027374,-0.14534652502514872,0.15139314125994624,-0.4406697158429069,-0.4432095105860535,0.01629019023651317,0.02369777921575256,-0.16530780892820493,0.28476213988671456,-0.39334213173270377,-0.15065434893208834,-0.0028593792304514062
0.0667901658292927,1.571358054416707,0.8045563804975128,0.11000360430745779,0.0873297285454638,-0.6941472096548802,0.7059974340462482,-0.46006729171333505,-0.11338465656593083,-0.13590872546731794,0.4066736530491331,-0.21090743015576924,0.028993804297333746,-0.8439877365802788,-0.07552039439242991,-0.0005905890819414204,0.9549273695322724,-0.20170373132161284,0.018213819928554732,-0.1618043214809049,-0.14896866304826528,0.15304673796537463,-0.43959591946763044,-0.44696205477893475,0.015844554238584215,0.03165278850931377,-0.16218072466674882,0.27998144740826103,-0.39164978789146354,-0.14978245277529886,-0.0025040770975071516
0.066689097464979,1.577900242970485,0.8051331493972244,0.10914702545462202,0.08726035735742199,-0.6962411673960581,0.7040744234036881,-0.4687585268639722,-0.11086348170188033,-0.13243572768828904,0.40798721867462273,-0.20360577175686156,0.024826661340008865,-0.825975381372145,-0.07251732141643631,0.008184874348271634,0.9782055068529267,-0.2124921796222393,0.02025652385775172,-0.1583902773820574,-0.15275134272887722,0.15444213300802537,-0.43879237970575563,-0.4503789480011046,0.015615650266071254,0.03942775512975237,-0.15925943649469987,0.27536626864867875,-0.3897627423635957,-0.14909142338237755,-0.0021478029911015293
0.06651965116186125,1.5845078494136082,0.8056177488111614,0.10828337805923076,0.08725642489495941,-0.6981754912781014,0.7022905450945587,-0.47796765424962345,-0.10835415019811895,-0.1295070198807245,0.4100266602290106,-0.19677583826559195,0.02140752671130441,-0.8070945765610731,-0.06918102494266816,0.017196257982033728,0.9991489442366304,-0.22184808545899098,0.022067175579429683,-0.1549434390739685,-0.15679403822117155,0.15593077605236383,-0.4380494463605989,-0.45353157096944785,0.015515712150192118,0.04701143121823167,-0.15627128406997054,0.27113472049531934,-0.3879776267001721,-0.14875999640092205,-0.0018000159565729637
0.06622997122192296,1.590986321058032,0.8060457445868129,0.107407185585363,0.08728848008701391,-0.6999956055075415,0.70060728657277,-0.48745099211832027,-0.10577902265271358,-0.12694192993564454,0.41264987054512503,-0.19017216405094634,0.018557281462449508,-0.7870543122641411,-0.06541865740973767,0.02671155277724346,1.0176275099884688,-0.22970098019014865,0.024071693603630987,-0.15140171437867112,-0.16082574006538514,0.15744943816847218,-0.4374424918001751,-0.45619934098152426,0.015490497842346289,0.054601758641615976,-0.15318653296456242,0.2672850263287863,-0.3861040447328329,-0.14882930428213142,-0.0014598584826026404
0.06595557375349131,1.5974700044763663,0.8062994739885716,0.10652563063278345,0.08731850447934508,-0.7017728382644076,0.6989582621788621,-0.4972740869838473,-0.10323686943763455,-0.12464385749979072,0.4159574105061774,-0.18401412757025032,0.01588347125478382,-0.7661602792686412,-0.061530617549714554,0.036515264207620586,1.0338198278266852,-0.2365832925668065,0.026024080400290382,-0.1476632524024914,-0.16492489953003434,0.15886577894763307,-0.43692314987392966,-0.4587565209805891,0.01555173410481895,0.062060745926904075,-0.15030480304972038,0.2636251593282579,-0.3844982953737439,-0.14921253898756254,-0.0011310985271227594
0.06570308562269213,1.6040106716007598,0.8065191587967275,0.10564152097062701,0.08733717513535531,-0.7036013245399784,0.6972497852218932,-0.5071603433739502,-0.10062318424674759,-0.1223659134407225,0.4193811929448644,-0.177919296253924,0.013180677462121359,-0.7441807066730514,-0.057732048845786636,0.046055243374616306,1.0470579056725955,-0.24268146516016836,0.027887236850661797,-0.14356356909015963,-0.16921423049932982,0.16004906083083167,-0.4363484680423334,-0.4607669016192692,0.015646596097929184,0.06901907901437546,-0.14749287645911532,0.26016254247530185,-0.38269008175633257,-0.1496253699036954,-0.0008103692678540041
0.06542888099506258,1.6104688242254181,0.8066605640457087,0.10474046316308715,0.08730393301905034,-0.7054764153859787,0.6954929805468466,-0.5169543510737138,-0.09793582403045241,-0.12006614484260343,0.42295547044369325,-0.17185683833777204,0.010444382211353152,-0.7208848910753589,-0.05430544787949971,0.05493928643144238,1.0573862398286347,-0.24832385974183216,0.029732812534044476,-0.13910274945346157,-0.17337104054214744,0.16105755181670053,-0.43574941769746917,-0.46237042144789203,0.01577130606849144,0.07581643786269172,-0.144787992039589,0.25697040213638567,-0.380781508586715,-0.1497749703530176,-0.0005180298481364126
0.06515816900635543,1.6168746673897108,0.8067255549968503,0.10382828791292499,0.08723551856381691,-0.7073570001093352,0.6937259727920628,-0.526756702100739,-0.09523397541368445,-0.11786127291634285,0.4267509682096336,-0.1658671887014233,0.007759842118183518,-0.6964065461412551,-0.051202510342350224,0.06336400331864485,1.0648653370071055,-0.2534442095694352,0.031597201743858806,-0.1343664191880354,-0.17753497803363952,0.1618592536738691,-0.43517087353522477,-0.46356037567048797,0.01591587932948142,0.08236911037205011,-0.1422084064301754,0.2539844399100385,-0.37876257509373334,-0.14956806958466967,-0.00024440169521246
0.06484675010590461,1.6233531672735113,0.8067180331395075,0.1029088362135813,0.08718076879019118,-0.7092709174424586,0.6919133259683973,-0.5367627599762768,-0.09240311123448247,-0.11574702230194961,0.4308254279293482,-0.16003413041700662,0.005214738335009347,-0.671142295880599,-0.04805596457725451,0.07171287778707346,1.0695876518589444,-0.2580495699602875,0.0334948879948853,-0.12926888160622627,-0.18183132040234573,0.1626125110915339,-0.4345217718986763,-0.4644851728302713,0.016050806344311223,0.08848710749280833,-0.1396061402326592,0.25113511755234,-0.3766694140886989,-0.14911283445123782,1.5068890825150867e-05
0.06462376346922616,1.6298523724039689,0.8066640915042169,0.10199949824310857,0.08715702511503837,-0.7112579775912189,0.690008583022051,-0.5469629369251221,-0.08944794856682212,-0.11369420887544408,0.4351211915025367,-0.15425171420535183,0.0026132058771789197,-0.6453366620005518,-0.044654462473695825,0.08042703486455824,1.0715262766319331,-0.262115722198302,0.035108279231149314,-0.1237081051258611,-0.18611638269644437,0.16318284631719857,-0.43395583474256005,-0.46532831339363984,0.016104888664170036,0.09410810211540852,-0.13709846680306217,0.24819128600899532,-0.3742284768724025,-0.14861435978387008,0.000268146027769955
0.06426557831895198,1.636363260912492,0.8065292478709081,0.10109299851682933,0.0871862930699113,-0.7133120828178016,0.6880149914483932,-0.5575280817901499,-0.08622277346515779,-0.11175765095149028,0.4398921988577566,-0.1486338137129916,0.0003562587036406948,-0.6191081491961931,-0.0406735435614045,0.08958616767984105,1.0708546372246424,-0.26598911192181673,0.03656588061297359,-0.11764139164326835,-0.1903321748218981,0.16394731829169207,-0.43332932139098734,-0.466138555056462,0.015968840812362523,0.09939116751405182,-0.13433757191731913,0.24526534941066272,-0.37159050017796674,-0.14825790269192413,0.0004989258143556572
0.06390524271798531,1.6428302420399226,0.8063762277906972,0.10019714647561948,0.08724375204253915,-0.7154162107113919,0.6859509494264409,-0.5682324337284987,-0.082850947737322,-0.10992679671845834,0.4448468977122529,-0.14297088367143881,-0.0017408211773141332,-0.5923301623371304,-0.03641998836742974,0.09914421037263897,1.0674269170854316,-0.2697552584269615,0.03769050172194409,-0.11113715917306138,-0.1945323652803044,0.16457012075996574,-0.4328060815560378,-0.46671703319391883,0.015588197954390712,0.10423109738212423,-0.13158036750307084,0.24229677033903044,-0.36848328730451624,-0.14805996561698592,0.0007210737537197396
0.0634713839776371,1.649363099289394,0.806164705391126,0.09928053691443725,0.08732791136161303,-0.7175777922529099,0.6838123448378494,-0.5791097121717239,-0.07920292831426799,-0.10810515660789921,0.44999937518062844,-0.13742551263960287,-0.0037726536764716065,-0.5652286790699539,-0.031886688836215454,0.1090070173634755,1.061437705579215,-0.2734031268277899,0.039070135322856275,-0.10424805165943368,-0.19868187190006978,0.16524532246455154,-0.43210599641765135,-0.4672817178086946,0.01507146968347939,0.10858762126548255,-0.12876192632022096,0.23951181505131663,-0.3652177584516884,-0.14805379285822143,0.0009169736180258865
0.06308356864790446,1.65593111911039,0.8058657992091778,0.09833204067639773,0.08741868018215158,-0.7198117468887899,0.6815862624587834,-0.590087969312922,-0.07529459639148768,-0.10617810531804658,0.45536073660948817,-0.13206731673264185,-0.006121628002224419,-0.5378549644890736,-0.027270005500459688,0.11913665953759194,1.0528331627560108,-0.27665984718505565,0.041036386197806,-0.0970273990826133,-0.20254773197739445,0.16583906853973177,-0.4312019828890602,-0.46804765107574986,0.014606084180652954,0.11243709454563236,-0.1261075263971377,0.23700590867031274,-0.3617249436636416,-0.14824328291069308,0.0010908282138825287
0.06255115906142937,1.6624734423615195,0.8055155080605476,0.09732063486022512,0.08752422288576961,-0.7221242019943407,0.6792678715592844,-0.6010759024998603,-0.07092002264831761,-0.1040536338037172,0.4608888618224053,-0.12686374125851885,-0.00860782027653169,-0.5098454313389118,-0.022365337418763002,0.12944312046829887,1.0411768514833184,-0.2797264221522835,0.04416184874139269,-0.08945618604204662,-0.20602609842448172,0.16661097242541206,-0.42994441531773403,-0.46878344839430175,0.014338770949840873,0.1158474629657205,-0.12328695130396276,0.23499381986432374,-0.35785713966736243,-0.14863710620719492,0.0012480410014243484
0.061931292309660095,1.668932276402213,0.8051194570814832,0.09644682770335454,0.08756582829426598,-0.7242774930848309,0.6770910929497228,-0.6117536398244405,-0.06686493743729482,-0.10233103808097913,0.4657358474461546,-0.12160723189372862,-0.010889122177578555,-0.48171776469358096,-0.018035099626860285,0.139317878702847,1.0271331648713646,-0.28304845075396673,0.04758210824518073,-0.0824474754553962,-0.20859037041563208,0.16749640742802838,-0.42800780270374766,-0.4701672231513937,0.014293458884186195,0.11932790073693635,-0.1209265353883424,0.23367769407802946,-0.35478126591866377,-0.14920663291024938,0.00156270886602433
0.06134176835013378,1.6754844536769395,0.8047069080491019,0.095400501577707,0.08770448011159374,-0.7266663654355339,0.6746574403441993,-0.6227912118940533,-0.06199090933907071,-0.10022303924278178,0.4712644305920318,-0.11633783366027267,-0.013560238527882237,-0.45338436799112697,-0.01316223312660014,0.14989277472817533,1.0102606666010496,-0.285558468577415,0.051667737128555734,-0.07444274103118408,-0.21135644724110283,0.16827276991937587,-0.4261327242957337,-0.4712798059970151,0.014374742199059187,0.12183974873091559,-0.11833086947235416,0.23233402775258455,-0.350656502527974,-0.14993578526110507,0.0017837731162512126
0.060686186965346826,1.6821280417733184,0.8042324040223712,0.09438067145400235,0.08788484642249457,-0.7291455852439742,0.6720976552141861,-0.6340790372443568,-0.056808499763707845,-0.09801771532053458,0.4768888416942399,-0.11109745551011495,-0.016217895864903256,-0.42578098164442607,-0.00839050885286778,0.1607924203477104,0.9915728894455601,-0.2863570361115347,0.05614368165886986,-0.06608307885669804,-0.21383431802251093,0.16915384386137597,-0.4239027420215934,-0.4726605501385283,0.0145814451926053,0.12375299202529462,-0.11583179122935629,0.23147723574070847,-0.34647765014917764,-0.15081818770223682,0.0019178743180441689
0.05999996278161935,1.688750559503776,0.8037391641352789,0.09334526421562575,0.08809289559039672,-0.7316836921982429,0.6694514754380332,-0.645416646119818,-0.05134625675489698,-0.09582330246870849,0.48251582855364594,-0.10573423775291918,-0.018722578531428866,-0.39875571428511725,-0.003785585296061546,0.17197903637210799,0.9709106689543744,-0.28428943350271435,0.06130217268382422,-0.05754192048904127,-0.21575920057753414,0.1700020474165092,-0.42122759108519464,-0.4743243206059977,0.014859256814143391,0.12501340021378413,-0.11342242719903547,0.23116930757648832,-0.3418917798127988,-0.15183493668907513,0.0020009075263008364
0.059249839052748186,1.695365089249793,0.8031954509174063,0.0923342898677563,0.08831687695973826,-0.734261978209219,0.666733721597294,-0.6568687087278602,-0.04566289682161949,-0.09365316252939757,0.4881932436897444,-0.10028764579517102,-0.021101789636789083,-0.3723588764332977,0.0006520151429714924,0.18348314904685858,0.9483964871887874,-0.27958868919432667,0.0671460105705563,-0.04875722986977451,-0.21713821481051,0.1709179007520574,-0.4181958741139098,-0.47647977578299194,0.015203487447839432,0.12584225719978498,-0.1111888453888212,0.23135298547416472,-0.3372706781925004,-0.15302338363487136,0.0020868985480503905
0.05848220654236585,1.702117726900241,0.8026081062388836,0.09136370899972239,0.08861171903468315,-0.7368981892709661,0.6639139210595769,-0.668616793776945,-0.03971301447804217,-0.09152442347757296,0.49381443414449383,-0.09476215891434339,-0.023574250121883897,-0.34704745403707554,0.004803699302462468,0.19505066974078533,0.92450901352507,-0.2732656003499855,0.07270935273375684,-0.039642017244534776,-0.2182426630629322,0.17188503825555845,-0.41484318360074157,-0.47914606172362645,0.015606855698698987,0.12608819941150307,-0.10916818267429904,0.2318718893580774,-0.332821902144698,-0.15436116635430347,0.0021929705207118415
0.05769010229277938,1.7089697955233762,0.8019534542521237,0.0904782936521602,0.08896485273654603,-0.7396181212719752,0.6609568579275581,-0.6807167675746063,-0.033491730332906935,-0.0893682738740885,0.4994053996678082,-0.08912198524029695,-0.02640498515506404,-0.32312652927587715,0.008392463316372237,0.2062871807268232,0.899834449394513,-0.2665746091468901,0.07683743117781482,-0.03053546965781982,-0.21888418007828342,0.17282875298349712,-0.41064635919697356,-0.48210129620900005,0.016009367134271205,0.12551552433712745,-0.10736021081216492,0.2330801467045989,-0.3284184115794159,-0.1557567420263593,0.0022139192485449892
0.05682485760821136,1.715906603567841,0.8012490943860221,0.08965307940449994,0.08940125611012618,-0.7424007273419849,0.6578836529366818,-0.6931255273753697,-0.026926702053585348,-0.08723427968602997,0.5049007943750753,-0.08336917573401542,-0.02970371038525266,-0.3006103343313786,0.011542559625265063,0.21712695236769844,0.8744204109647602,-0.26008347561361617,0.07930971928972597,-0.02110037965155405,-0.21925570377662026,0.1738076893132115,-0.40602928598292104,-0.4852840459520559,0.016372012386253958,0.12447236720627365,-0.1056336075132915,0.23463807721305516,-0.32416492231302135,-0.15717405079576804,0.0022817782476410114
0.05597124040818656,1.7229210560792583,0.8004831842108538,0.08890335447040311,0.08987346354176895,-0.7452390165592138,0.654704331979536,-0.7057723168991158,-0.020150425772148792,-0.08511752717853885,0.5103255241035318,-0.07753094576137355,-0.03349658978465139,-0.2794903225526708,0.014202143137175533,0.22769594231195184,0.8483207417797096,-0.2538298457240132,0.0803443449186843,-0.011554999672580842,-0.21921816601131333,0.17469462566352376,-0.4008648850261779,-0.488738876370298,0.016687289424365946,0.12287978542186843,-0.10419604323268773,0.23662437626439256,-0.3200793110430061,-0.15858180510235864,0.0023361399503124807
0.055064962747089496,1.7300917024601925,0.7996544207263023,0.08825799769619802,0.09045976229658201,-0.7481471885722834,0.6513857086851772,-0.7189644853141265,-0.013074590466569957,-0.08309124872204522,0.5157173965842435,-0.07149524852501384,-0.037391256701511166,-0.2601797822131611,0.016398778630713606,0.2375923604093899,0.8219312001501392,-0.248147028867911,0.07995840084236142,-0.0017343777163097208,-0.21892129487017367,0.17564485132992297,-0.3951805964604177,-0.492597645901652,0.01692837179077011,0.12068111691793623,-0.10297956507195559,0.23918686731966818,-0.3163041676318262,-0.15994657970188692,0.002392925506265986
0.05407253630015856,1.7373136221454093,0.7987465057972065,0.08774550490460475,0.09121434822526225,-0.751147456620678,0.6478874651196468,-0.7329403479129297,-0.005623740500865345,-0.08121279058249596,0.5212820397393466,-0.06512802632256655,-0.04102715978538271,-0.24287202401318786,0.0180144828541184,0.24627360752774438,0.795568047924113,-0.24323241129480547,0.07801049061154515,0.008501951599772963,-0.21822025712200058,0.17670704910558874,-0.3891249966412894,-0.497021393262044,0.01705612806558603,0.11793672625376016,-0.10199087928837053,0.24245072794167571,-0.312743483714051,-0.16121078999905264,0.002437578056255969
0.053016799976996744,1.7447640884823488,0.7977305106911443,0.08775388022218748,0.09180789748071796,-0.7535178199328306,0.6450437671273108,-0.7462433415027208,-0.00015518323368218095,-0.08058633929965263,0.5242560722811649,-0.05959013227955091,-0.043361046160034576,-0.23042403222455013,0.018019550905411418,0.25123316612263696,0.7746281780574823,-0.2418267762635378,0.07536843259919611,0.016378981602136706,-0.21733380249038042,0.17743986973609766,-0.38326198971963893,-0.5009601692647141,0.017030562675648602,0.11579353680969505,-0.10192588436914886,0.24523317754727517,-0.31186653344462084,-0.1620423704308016,0.002427903512583273
0.05193426483316872,1.7523892208997145,0.7966556105194954,0.08759541314035878,0.0927313102155953,-0.7563802401533637,0.6415737525865649,-0.7610410551819036,0.006981858215634828,-0.0795912515462231,0.5287305110641388,-0.05278595012074233,-0.04628603271334474,-0.21874894166239695,0.01827486976305758,0.25600768657781225,0.7517615119197815,-0.24039140542389165,0.07123470246787962,0.0259866867290685,-0.21614560436634195,0.1781731550721865,-0.37635343989572256,-0.5057718635172442,0.016927711449652022,0.11242866784892815,-0.1019400807597362,0.2493257721215538,-0.31032091368536824,-0.16289279951461122,0.002408908894482371
0.05090363439193925,1.7602478455364705,0.7954772072464692,0.08753843913975108,0.0938389093030402,-0.7594801267287379,0.6377469857850292,-0.7769895668117991,0.014761975501462934,-0.07840065898319123,0.5338372155752923,-0.045499061979080394,-0.04917334769850149,-0.20866413575808565,0.01837868839391046,0.2602367786845677,0.7280373501197194,-0.23946616844491103,0.06556543327421377,0.03629360114068305,-0.21473286363208996,0.17886763380322676,-0.3688495512574974,-0.5112840213294569,0.01674956331036721,0.10793281508412847,-0.1023641847171439,0.2544146246780565,-0.30867222204170874,-0.16367923807413381,0.0023513409823315585
0.049906085543384084,1.7682604833492734,0.7941529823192457,0.08766320089569907,0.09507385980518593,-0.762725622615674,0.6336605944794065,-0.7940005935329127,0.022843694857960447,-0.07714497483619916,0.539417195517506,-0.037691057301455846,-0.05139065959952631,-0.20029190428061822,0.018445747846514902,0.26389145507736267,0.7036189096294787,-0.23974976030622253,0.05852048786935967,0.046943098150560324,-0.21306558957403587,0.17957597013036256,-0.36108960745542706,-0.5172484456442575,0.01657366938172221,0.10254879752453532,-0.1032869513436638,0.26047462258323406,-0.3070871336110446,-0.16415127977202693,0.0022636165545805447
0.04891608206297003,1.7764864276865742,0.7926799803838648,0.08808228440765446,0.09646320683231262,-0.7661085969740596,0.6292964154860504,-0.812510190564499,0.031043769485590077,-0.07580942846136869,0.545652170079913,-0.029165326438560665,-0.05209337414775972,-0.19408894084865463,0.018496158418919894,0.2669824754070162,0.6782890738374983,-0.24186358938940808,0.04950647939251959,0.05788269060432762,-0.2113343184016385,0.18028875487152804,-0.3530383256839057,-0.523541783951095,0.016511990109147084,0.0962593180740053,-0.10470720635680549,0.26725068096616783,-0.3058833574019444,-0.16394324489432605,0.002166927778617809
0.04801381015378485,1.7850267089910556,0.7907069495158566,0.08954616814382294,0.09752121499383169,-0.769978293585126,0.6241830851638172,-0.8330766487217472,0.03838919050624326,-0.07296688297496508,0.5532132498114353,-0.020477032306221638,-0.05138793711044909,-0.17813839161238781,0.015915481812558484,0.27118241979510216,0.620374382552287,-0.1688010952967549,0.03855195623768701,0.06957332174944679,-0.20943460964842173,0.180404389380865,-0.34413404027254263,-0.5301304882679213,0.016725358006054774,0.08985210305268634,-0.10794556550079376,0.27454325884516584,-0.3073542561985323,-0.1629235771727473,0.0023481018157781148
0.04708734462905875,1.7935620920183475,0.7891674349632993,0.0899280653880502,0.09946387777124709,-0.7737038013440087,0.619194886816823,-0.8535322058961777,0.048396257619145615,-0.07175346131164625,0.560187808055245,-0.010950085646871515,-0.049803410939745156,-0.17208896633701715,0.01609874748270727,0.2722809252077954,0.5850035000709478,-0.15969665268209135,0.0279055961002128,0.08176050879603683,-0.2074027569790938,0.18116653417280967,-0.33578646403630935,-0.5369677013278257,0.017065063077961202,0.08198448608471492,-0.10990415773282054,0.28310555437286294,-0.3059869686701597,-0.16089354639221226,0.002344153885642129
0.04617842886048529,1.8021093976875238,0.7876301506355332,0.09009266262143449,0.10184781073234364,-0.7782508207840126,0.6130546431924471,-0.8760371514598851,0.06154084838594179,-0.06977993303778988,0.5694257636231083,0.00147334277203104,-0.04829259842291022,-0.1689653043314767,0.018551219812875705,0.2763970760831863,0.5544581072840341,-0.176549728396458,0.01544631981125762,0.09615258906733802,-0.20342507771474283,0.18278653457914093,-0.3256867667460919,-0.5467077029451065,0.017907834111842543,0.0699304202487102,-0.11244846907786409,0.29884966058036955,-0.3003180742547309,-0.15547663251730853,0.002369184985405957
0.04503272444858012,1.8106570205276522,0.7861475588694118,0.09048402434766853,0.10358266977695386,-0.7817701621575472,0.6082094091839505,-0.8943790030127521,0.07181886986525858,-0.06935684232424369,0.5728914378385983,0.012398734818933067,-0.04871184595842505,-0.16933808594489427,0.020863060923521796,0.2776731781217233,0.5323297558218835,-0.2038408997885001,0.011922408370177232,0.10697289999660306,-0.1997566672870387,0.18474071909949782,-0.31795272325609897,-0.5538421086726145,0.01902994075054634,0.059277989590870946,-0.11514589441583759,0.3140892123874518,-0.2964950746705856,-0.150464654982467,0.002474887408702983
0.04374469703845934,1.8190800016382243,0.7847482819154686,0.09088401884480404,0.10522713623647921,-0.7851374070327429,0.6035118863750627,-0.9115096857585842,0.08203037494821704,-0.06936372575217449,0.5743786656912763,0.024302556035461536,-0.050116770713517896,-0.17075661146503948,0.02330520982911722,0.2773905911378166,0.5113530269152493,-0.23183753191909043,0.013259284165144195,0.11722592365381283,-0.1956669717952128,0.18690456075621015,-0.3112480583307133,-0.5600653091456433,0.02067613517267817,0.04878153597199204,-0.11823534148911602,0.3314224392468605,-0.29272011182674695,-0.14577716367272997,0.0025198110904363067
0.0424054354294185,1.8276812988768,0.7834522151822009,0.09125676787816667,0.10687253550760653,-0.7883272297169539,0.5989913541591378,-0.9274994003163278,0.09219488137041733,-0.0698240096015033,0.5734363294470775,0.03736145403766374,-0.052393787367502505,-0.17345278708130565,0.0264609619826929,0.27687404941888244,0.49164057676378164,-0.2585641745591385,0.01674716809079231,0.12671545713086288,-0.19140203143352982,0.18926429673681747,-0.3050873554858337,-0.5657184738780714,0.022807256658328664,0.03772646008245866,-0.12151200377914154,0.35016943222887675,-0.28891370582778453,-0.14180307333272196,0.0025782762779720404
0.04099993113106133,1.836380440741472,0.7823569969917173,0.09159962919407838,0.10852165954493669,-0.7912059352838889,0.5948325187081367,-0.9418261836254836,0.10199767436105363,-0.07085300684219377,0.5691937508801707,0.05212909238462678,-0.055510362010574965,-0.17773540170337326,0.030810307126595143,0.2774876498496482,0.47434174184760525,-0.2822232632751033,0.019738158770761707,0.13502380304791123,-0.18677757149106783,0.1917710146157938,-0.29935379401718604,-0.5704961425630147,0.025223384128392794,0.02620529792938229,-0.12458405981253418,0.36921944859431965,-0.28484495687833167,-0.13898332438936836,0.0026925724614782725
0.039465763063275386,1.8450597830473083,0.7814473184387137,0.09183829333255972,0.11015775872084439,-0.7936837042138031,0.5911828598131196,-0.9541133325048409,0.11135844591025122,-0.07266035060111022,0.5614314780260008,0.06850668753978645,-0.05952720126784644,-0.18398277939215685,0.03677569058158788,0.2802804632346524,0.46078959888225784,-0.3020051829560033,0.021165016575525313,0.141901140175473,-0.18164397814838304,0.19457068128892854,-0.2942264173866676,-0.5742573178661223,0.02781941623341364,0.014307780166422554,-0.12731475666063882,0.3887626249388098,-0.28028314943557364,-0.13776692244636823,0.0028279382704758165
0.03774246445582102,1.8537783755879829,0.7807805158630516,0.09197902505138411,0.11180072292748411,-0.795851760895595,0.5879289344664614,-0.9644921189858593,0.12048297985533794,-0.0750829172683449,0.5502961571974397,0.0865142572342099,-0.06439258720165872,-0.19225578789179704,0.04423823350573114,0.28515687267382267,0.4508262346457999,-0.31849876305640257,0.02160873505592132,0.14763955825895375,-0.17618228263232366,0.1977005646516522,-0.2896495442353841,-0.5768175001364247,0.030525863222851193,0.0018108710308091516,-0.12964893582654444,0.40919003341307436,-0.2752162005919397,-0.1383612380336104,0.0029854946994117824
0.035992216070179446,1.862419678954944,0.7803418497821086,0.09211619693003643,0.11344982941933418,-0.7978078435676864,0.5849328057219461,-0.9732374285752059,0.1292694941468348,-0.07786424607372255,0.536115305213343,0.10664154038508258,-0.07031562016975863,-0.20227743162437276,0.0526804500384312,0.29137639114889535,0.4438660306621151,-0.3320259252783224,0.020847515470023024,0.15258906084834067,-0.17023606440382044,0.20077279539170548,-0.2855553948695186,-0.5783864600148781,0.03315550638532958,-0.010967645542458233,-0.1317737508667724,0.42935123115277657,-0.2700215313354957,-0.1406636383312598,0.0032022457060070873
0.03427103555219365,1.871461493266332,0.7795803143757988,0.09328667567676954,0.11446495819012664,-0.8003861567192242,0.5810140872818303,-0.9840191281794475,0.137286492877534,-0.07881404739487126,0.5252805118865339,0.12113790986901242,-0.07477161512109697,-0.18712707807924747,0.05099014947681338,0.2941013485841786,0.3792782742436213,-0.36617162190552216,0.01905766118032675,0.15950916534143597,-0.1645140229587468,0.2021538952043873,-0.28112712194722345,-0.5786900537259316,0.0341150952370164,-0.01957784355604779,-0.13532587387443715,0.44059131819389263,-0.2723184905376321,-0.142219228731667,0.0034563565375466125
0.032595604000769905,1.8803724526345202,0.7796160010992856,0.09329067490831597,0.11636547856599373,-0.8021017660838162,0.5782635058677663,-0.9920522536402429,0.14610221111934601,-0.08236447159680214,0.5083610581192585,0.14309790296349742,-0.0803313560241682,-0.19277265020933593,0.05847345215110703,0.2988457229051134,0.3638656978005516,-0.3760935639183279,0.01701556931701192,0.16452666232144497,-0.1586723671113381,0.20432860239520115,-0.27786802679322653,-0.5784915416138698,0.03482612636890271,-0.030322876807031298,-0.1371386839822291,0.454270678650084,-0.27063451522475845,-0.1442517999828763,0.0034501042237177204
0.030914439504904013,1.8894225869318622,0.7797869216338947,0.09343494836907776,0.11841511959486396,-0.8036835147921355,0.5756219053562505,-0.9987706711719266,0.15461963448491983,-0.086608213420338,0.4874890992461755,0.1695201473598289,-0.08639860156423522,-0.20784965065285083,0.06920803619564167,0.3057011056526228,0.36482361322615997,-0.37935920380803617,0.014286412163063974,0.1688980935927305,-0.15269711408072498,0.20681239068148177,-0.27490550448000073,-0.577565828293086,0.0351196317233672,-0.04260159230964152,-0.13855503501097446,0.46809112587357915,-0.2684211535040034,-0.1469811045400036,0.0034087227481471435
0.029199195814158856,1.898468042122201,0.780052266529396,0.09360139042963274,0.12043240098282627,-0.8051323114708768,0.5731463840317873,-1.0034949289002264,0.1629064686851508,-0.09123581630013901,0.4635420985518398,0.19790017043519764,-0.09499570361709961,-0.2259463072520292,0.08126175936384178,0.3130999789585446,0.3716717819568605,-0.3807643229616309,0.010984938413860602,0.17275860022542078,-0.14626412031514816,0.20924153075883564,-0.27195915417602984,-0.5758804688588819,0.035001701500810035,-0.05535108433433248,-0.13953198907629571,0.48089523746282237,-0.26617957752270094,-0.15027046008821338,0.0034612925554705814
0.027473430026031812,1.907303203361602,0.7803300706201157,0.09352391165754778,0.12222973886197096,-0.8063406753707828,0.5710760756051635,-1.004979561435532,0.17075938660968623,-0.09653449997545385,0.4367587492550944,0.22583083993240904,-0.10928743656673003,-0.24352487024671113,0.0936355394457988,0.3194949461022668,0.3799770156343901,-0.38147198098367685,0.007107412583360546,0.17583481321446007,-0.13891015797011583,0.2114491759231564,-0.2690482541832668,-0.5736399207211951,0.034609449968616264,-0.0675060275133773,-0.1399903812748478,0.49169692012813776,-0.2641307630370591,-0.1537227351009126,0.003631819470934854
0.025581690097019837,1.9159465510904385,0.780659593160511,0.09322601929022854,0.12362946518366043,-0.8070417513742589,0.569831796414054,-0.9917202255639018,0.17815511901429282,-0.10328294798428775,0.3860788703732369,0.2733850794168869,-0.15149246109023884,-0.2629596868237218,0.10769517386173623,0.3257579979452288,0.39529842374526325,-0.38293352052949065,-0.0010876407635825086,0.17535430827487222,-0.12987194208788172,0.21409859136132198,-0.26425391513248764,-0.5701767726455513,0.03366866834103627,-0.08512974446012475,-0.13841865151414706,0.5085573463457989,-0.2546689534997428,-0.16260085963898716,0.005287611047790982
0.023487626455182115,1.924223740456357,0.7808603664946602,0.09231094958644655,0.12493561476980926,-0.8073371729490643,0.5692771468477811,-0.9806027389575594,0.18507031331265983,-0.11400377251161671,0.3428216824395603,0.30504916795669146,-0.19504398616045038,-0.2760743530991221,0.11987049447461043,0.326396557823096,0.4021286997698717,-0.3819482354499078,-0.007063249824990055,0.17505561478430964,-0.11996706670307501,0.21663210524049978,-0.2602014040619204,-0.5670769606409874,0.03248157832141026,-0.09604320173062283,-0.13615209387377514,0.5132404200411295,-0.25196825660427036,-0.16700830979114645,0.005959226031243727
0.02142432534497539,1.93212134922463,0.7810123254775827,0.09111206767372561,0.12612134546505835,-0.8074779100076713,0.5690091582671967,-0.9683798294821399,0.1923228351286819,-0.12409555839924868,0.30175241187208585,0.3306176439177294,-0.2377678309053069,-0.2872929101589359,0.13159616892089773,0.3259336821206109,0.40734783425176685,-0.3797741002784019,-0.013012741252459417,0.1747581226419304,-0.10936810304712813,0.21886916741892398,-0.2571467878598221,-0.5635266368623945,0.03130475122387048,-0.10447829015048268,-0.13411671719600776,0.5140291102752752,-0.25171909210011284,-0.167381231071048,0.0062489138416549975
0.019550810314176676,1.9398263435885037,0.7808880347483944,0.09027524377791349,0.1266959949694645,-0.8068371954357886,0.5699230169775964,-0.9695980540777893,0.1928713933744292,-0.14453204750463367,0.28698877185443394,0.3395058681682572,-0.26150190395183287,-0.29747839830183803,0.1407125828371279,0.3231531331706734,0.41134182745850106,-0.3781362452640312,-0.017937740036616186,0.1721829470338971,-0.09941027281463352,0.21991448039355713,-0.2554330097252022,-0.5583137418580878,0.030594907057079596,-0.11112262774769349,-0.1334385088596485,0.5124415261103324,-0.2541891244292146,-0.16635438089029161,0.006478766196314156
0.018216014221327202,1.9473401547752667,0.7808974982271738,0.0897375072862521,0.12697221694158958,-0.8055220988322622,0.5718036238114037,-0.9667051606781689,0.19207666985523467,-0.1487721093399626,0.27335623614694066,0.3365237135679378,-0.2617992547598796,-0.3074635201644169,0.14757308161096475,0.31890680696053314,0.41486867431458974,-0.3768280528175465,-0.022540423945731247,0.16809074238220642,-0.09014479213665114,0.21940437830283832,-0.2554667757100994,-0.5521264212896855,0.030373769570056497,-0.11702998175559033,-0.13379427686356304,0.5083987833596757,-0.2572066258322122,-0.16457362859064428,0.0065475257680430825
0.01691283272819966,1.9547795567574946,0.7811629591992876,0.08917038304850432,0.12709459964811906,-0.8038607189309709,0.5741981801495442,-0.9636155083867318,0.19063362769582143,-0.1487815379588852,0.26634702143364064,0.32384547020644305,-0.2617999981368997,-0.3158862190289627,0.1534600694896778,0.31349161238036316,0.415988567651939,-0.374505031551513,-0.027235258074242142,0.1633201489325236,-0.08141920060391461,0.21855673288838567,-0.2564900082704106,-0.5447380652863495,0.030828058269398096,-0.12214141317909923,-0.1339278541420204,0.5020911952452528,-0.2610925624380181,-0.1623335172089046,0.006509672446416609
0.015626134157226065,1.9622534665379474,0.7816855388365846,0.08857293273413194,0.12719079467951577,-0.8019146154902349,0.5769837838265607,-0.9623694521831608,0.18864999834542795,-0.14594946428736558,0.26831337928121335,0.3029841526362578,-0.2617999999953422,-0.3233177152389283,0.15876431856402576,0.30718469454898484,0.4151494957643906,-0.37070472959548045,-0.03195972570112872,0.15822362526899553,-0.0733878015763656,0.21766336108895673,-0.2587473687392421,-0.5365668525266476,0.03185271903514226,-0.1266436602609301,-0.13388006337503688,0.49397331505106384,-0.2658702781319038,-0.16010560929290799,0.006421311715900265
0.014356165125436207,1.9697418376466738,0.782478880993448,0.08799062179556459,0.12731041495404474,-0.7997367137630802,0.5800611152108772,-0.9633352341086399,0.1869208215453629,-0.13846060444848265,0.2794632586179647,0.2760193294461764,-0.2617999999999883,-0.3304810423268435,0.16369779091887746,0.3002254510068132,0.41331858511109704,-0.36521367889327766,-0.036545404708805095,0.1531202026888993,-0.06615719786865913,0.2168571731509605,-0.2625479115887961,-0.5276589907431736,0.03308889268216224,-0.1306873029809103,-0.13369083720013245,0.484669904946188,-0.27117103557899885,-0.15848837188907938,0.006319116720469374
0.01303218257788419,1.9772111524130074,0.7833883611611401,0.08733755303865687,0.12738184507584802,-0.7973059878060155,0.5834802303274421,-0.9678571863303216,0.18648293180551162,-0.12377508668533496,0.30325867506454135,0.23938322849875507,-0.2618,-0.33740597177710224,0.16831319307075185,0.29233764942107215,0.41115804737386463,-0.35793186508592406,-0.04148316571978605,0.14824053475971172,-0.060731719325134687,0.21638203198279907,-0.26937336771615034,-0.5165947668318981,0.035224474371983575,-0.13362673408612047,-0.1332472654264942,0.47309438683443417,-0.2774326238028187,-0.1577085738850145,0.006107025727694027
0.01206282181182829,1.9846492531021602,0.7844279030653895,0.08698073387585009,0.12712397531970648,-0.7941289475721682,0.5879056569393188,-0.9732291698998272,0.18505295540450942,-0.09978126169148836,0.33491879390300744,0.19779242906598518,-0.2525113551817343,-0.34487237589245523,0.17101985531482328,0.2827481118919347,0.4098584354873512,-0.3509795435332003,-0.04544652156679018,0.14162364677183267,-0.05584629588781531,0.21501888909178776,-0.27779153486837604,-0.505177676056992,0.037064923076564345,-0.13582023587913453,-0.13380355369811453,0.46066998651773855,-0.28462826595113716,-0.15968839499816542,0.005850611755626845
0.011167869453301891,1.9919506930106956,0.785575594575944,0.08672304026857228,0.1267184190600617,-0.7906919090410316,0.5926448021661387,-0.9788075134495461,0.1840865430331498,-0.07037741674301219,0.37290232219960917,0.1531908668161133,-0.22669756264175112,-0.35230779773519916,0.1727944988121306,0.2725231960779903,0.40852731498609074,-0.3435233495262697,-0.04892728847052019,0.13476379307747985,-0.0511397581341147,0.2134389219953272,-0.28707287491000905,-0.49339302504437943,0.038472391712261834,-0.13735374022497748,-0.134481459056476,0.44768266600507256,-0.2923135847734996,-0.16369999783714187,0.005568430215949801
0.010438694301337944,1.9992220118766457,0.7868818548991309,0.08658566261750661,0.1262509162970162,-0.7873642081728678,0.597177723003431,-0.9829234779969855,0.1840941640619013,-0.041209425505167416,0.4127167701531811,0.11030811989986777,-0.20039739479616947,-0.3599054452661936,0.17394866615698645,0.2628257067322338,0.4069202951494489,-0.3354461373008339,-0.05188806719566118,0.12862606051671394,-0.04659464659790553,0.211361709474937,-0.2962646165889963,-0.48143452717401664,0.0391993727232476,-0.13877798995289306,-0.13539435812010106,0.4346383391834014,-0.3002548792145179,-0.1684565749097069,0.005244036292142791
0.009953234633459478,2.0065864331423553,0.7882834619354556,0.08664654817809725,0.12569857689302644,-0.7841245849874218,0.6015321094290733,-0.985711286017002,0.1845504948239089,-0.012563463340454797,0.45401824955698017,0.07019942594910432,-0.17373869859096175,-0.36811010756620255,0.17429463857033287,0.2537361231745553,0.4054383848396475,-0.32693615909913093,-0.054137777122034346,0.12307541820476169,-0.042368238077689614,0.2087991941383226,-0.30557454171915643,-0.4695068171503476,0.03885867031442486,-0.140136979512358,-0.1367338942588847,0.4214108906904168,-0.3087358255512537,-0.172836364608146,0.004925102001857475
0.009587787323364655,2.013855017395155,0.7897408649281504,0.08686726384088782,0.12501549064156417,-0.7808579274821525,0.6058763097041528,-0.9873965684019438,0.18565682078315626,0.01656241602893186,0.498054416726341,0.031375280005834075,-0.14532488705335866,-0.376652565246809,0.17381829605050778,0.24487270369906045,0.4041774385487773,-0.3179489709684509,-0.055767685256519164,0.11787373362000847,-0.03833238421301683,0.20589522657525544,-0.31522842414078367,-0.4573255590772172,0.03729638924651472,-0.14095050001957593,-0.1382761793603715,0.40783518594313933,-0.31765204939607533,-0.17654513781173314,0.004625432424849199
0.00935291953697896,2.0210079438201642,0.7912057933112135,0.08713812159594052,0.12423514739614366,-0.7776938745112885,0.6100531234768068,-0.9875930104256668,0.18721741628897984,0.04330135579499849,0.5435862620760787,-0.005444683179422305,-0.11840970394313799,-0.3852431349143009,0.1728576548162896,0.236419542952985,0.40303561610851024,-0.30873479674536997,-0.057121528438075574,0.11336035173334211,-0.034169142697953146,0.20247589115299522,-0.32418245346836466,-0.44528044725027965,0.03478265132047204,-0.14139248148895708,-0.1399810878821777,0.3942318344664716,-0.3266807322663555,-0.17974394290478946,0.00428959566193592
0.009170130816708581,2.0281054983217515,0.7926025537048449,0.08733340109022286,0.12339929230814234,-0.7747689615587007,0.6139043475307167,-0.986085379794438,0.18852456654156483,0.06391728871226397,0.5888736845576091,-0.03899160394336506,-0.0965269839756617,-0.3936379655275865,0.1718673733710086,0.2286138561888892,0.401965829745124,-0.2996351474136161,-0.05838583643657613,0.10977000041847998,-0.02944452839833834,0.1986076458461727,-0.3310284862690497,-0.4339850243835375,0.031794399303125866,-0.1417695586366943,-0.14168600011202367,0.38120014160155796,-0.3355543152330904,-0.1829302800134162,0.0038789841899784794
0.00911627439183839,2.0352654247181023,0.7939043991608628,0.08747520375013391,0.12251671077141489,-0.7721920235987912,0.6172983257720923,-0.9830971276612174,0.1886574104506693,0.07690011083977481,0.6333097123717384,-0.06870563015969605,-0.08094895681683206,-0.4020781661367694,0.17087918230662216,0.22182354758021422,0.4011446361086816,-0.2908182691813437,-0.05937862047838758,0.10727107093086935,-0.024164316305133153,0.19411555908437686,-0.33521507754073,-0.42360201839378586,0.028487837301308615,-0.14241002062848615,-0.14352806049561234,0.3688616560268956,-0.34412264636005435,-0.18660042074748567,0.00342703081581239
0.009099918882904836,2.042374391644109,0.7951562749970191,0.08762051004433309,0.12156720018328368,-0.7698856575157484,0.6203387271569546,-0.978852273397285,0.18735398682776122,0.08379162777641957,0.677344430499474,-0.09493760901170385,-0.06976390558090304,-0.4105485703811607,0.16974188937827703,0.2159140490772045,0.4005137083255195,-0.28201848682453456,-0.05985276836706479,0.10562541482424188,-0.018394913663926267,0.18915270132246592,-0.33720426586546587,-0.4137250726091283,0.02477168905712481,-0.14310702424645888,-0.1453695935631399,0.357203119587077,-0.35229478060465447,-0.19087672990446627,0.0029756608317385302
0.009147476804483932,2.049364891321197,0.7963436879645122,0.08767538024212584,0.12058040292494693,-0.7677004555113777,0.6232250032993523,-0.9733866276793638,0.18458014120966834,0.08581234461976545,0.7207974041801744,-0.11790283704661426,-0.062313481346144964,-0.4187339671518061,0.16850258924485412,0.21028419777998814,0.39988014494567387,-0.2732395311979147,-0.06024872617365473,0.10441904413940344,-0.012012604220811907,0.18390805229785714,-0.3373787566734266,-0.4047053177969852,0.020946182257802193,-0.1438376207747159,-0.14719930600769776,0.34639652940639787,-0.3598014484969291,-0.1957072078574835,0.0025084356057581423
0.009001394421047871,2.0561649185233994,0.7974483190749929,0.08756464542680285,0.11959504312047835,-0.7654720702619634,0.6261644897158822,-0.9666263210813422,0.18069412420108732,0.08404748839271262,0.7630964642447094,-0.13788726344672966,-0.05771814426713141,-0.4262687674173779,0.1674171384280004,0.20434015463823543,0.39900724571387813,-0.26447194703118837,-0.060833916025477774,0.10317628236916455,-0.004854541329747083,0.17899351510564912,-0.33580031005978545,-0.3968050418742646,0.017531589116736385,-0.144481075310693,-0.14861663399226863,0.33686848524897306,-0.36668235891151646,-0.20094873717896236,0.002029358946704143
0.008865868428740773,2.0629059634000364,0.7984922047224635,0.08726011272193147,0.11867196623717531,-0.7631202694465603,0.6292456527596881,-0.9587801968764714,0.17518993432931684,0.07788136827345218,0.803944893727088,-0.15480481184994377,-0.05733664064676797,-0.4332397548621989,0.16646203772878404,0.19771715977791546,0.3977798661474841,-0.2557403915966702,-0.06214641744149837,0.10176282213665043,0.0030131984627790416,0.17415869247629637,-0.3323039999821684,-0.3906699959777468,0.015132871930574296,-0.1453271909033811,-0.14986547656961394,0.3283384327897657,-0.37278438639906636,-0.2067313221151928,0.0015493822769729083
0.00865669871323362,2.0697279434334677,0.7994055352842577,0.08680072997973684,0.11780100493921784,-0.7607285907454605,0.6323611054869831,-0.9500704102443471,0.1679948996116648,0.06725459717582596,0.8437130223862431,-0.16911049528876607,-0.06113939500938071,-0.4399442586942565,0.1657066272414368,0.19078774923528502,0.3965077544894586,-0.24729622993938918,-0.06378234068202361,0.10033511189959868,0.011535351089346162,0.16957422878503073,-0.3267329918814463,-0.38637341313090984,0.013970749154974208,-0.14639284576906436,-0.15089272220509034,0.3208272158744851,-0.37862889064828337,-0.2131413215345315,0.0010848862532100588
0.008474547616211171,2.076489899160549,0.8002647975224237,0.0862480161723906,0.11689695123648469,-0.7583634925633292,0.6354377984075935,-0.9397661277717232,0.15967102719740148,0.05467631906457296,0.8820159524660032,-0.18139911427796604,-0.06701327276488381,-0.4463097502060343,0.1648719679798123,0.1838567987740946,0.3951635443597829,-0.2389917286986037,-0.06547252993864772,0.09889003725880051,0.020607626660370575,0.1650516291557166,-0.32003539661696345,-0.3831757755367651,0.013875396464130616,-0.14762974226761624,-0.15192947031382448,0.31455045431171996,-0.3839289428246386,-0.2197588046310208,0.0006358980890015962
0.008282314402235261,2.0829774772224,0.8010502924191076,0.08562954619248826,0.11589296630870746,-0.7561191916084659,0.6383730643286852,-0.927314326459866,0.15139212541047717,0.04299489886725923,0.9186390264677396,-0.19255725706694007,-0.07227005656065927,-0.45223992419483344,0.1638368993201579,0.1773310695535723,0.39389574042382147,-0.2308012901332047,-0.06671092780591163,0.09749788487124642,0.030238252253244766,0.16072948201305895,-0.31311154975620575,-0.3804461278208859,0.014528103351100231,-0.1487516774826905,-0.1530663647874442,0.3098245887221679,-0.3887999041836563,-0.2258592103396271,0.00020724332093472508
0.008185231357134929,2.0893375923717574,0.8017852373831523,0.08494108048786889,0.11469999081868955,-0.7541097880866862,0.6410517549025178,-0.9123101407950386,0.14342350544994023,0.032987323888272614,0.9531974049239145,-0.20312544424844975,-0.07670332789335026,-0.45763146869148047,0.16247410862953182,0.1715471551710789,0.3926314902033571,-0.22290933691117232,-0.06726776554607736,0.09657496342344477,0.040140668701335556,0.15633390978252318,-0.30585620575363387,-0.37823034291849017,0.016022183838408727,-0.14992290741356332,-0.15463407123851058,0.30676208668023797,-0.39324953116198774,-0.2307390133661255,-0.0002300109433186105
0.008168046262074366,2.0954851737912765,0.8025468203940239,0.08417147347803954,0.11337835125833999,-0.7522654468188068,0.6435504720229607,-0.8948561193197097,0.13548460666677747,0.023688837670200205,0.9856445395326977,-0.21281628540251685,-0.08126881017903388,-0.462379698924882,0.16084577420046692,0.1662538803024971,0.3911143861330222,-0.21499783209116158,-0.06734350684229487,0.09600840704957724,0.05041416820135146,0.15187460860351562,-0.2980180668946596,-0.37653710546993674,0.018436606521549402,-0.15098337748731536,-0.15648201050824623,0.3051736070866288,-0.39711368749181597,-0.2341705924303803,-0.0006834624743863912
0.008238727062376576,2.101682555954965,0.803301464553924,0.08340160716753754,0.11205467211615816,-0.7504206527184538,0.6460315521338104,-0.8759498015257942,0.1278469203935345,0.015294662106893002,1.0161037028249489,-0.22148427949532717,-0.08558534796980519,-0.46718949899554185,0.15912412459721118,0.16108823967432795,0.3896677943814468,-0.20710988883108306,-0.0674843210488283,0.09518120456056511,0.06065148096993668,0.14775831302966633,-0.29034093793970306,-0.375651044252738,0.0213177119582052,-0.15239200462390742,-0.15837379264732707,0.304459117940719,-0.40062096850213424,-0.23624981826135694,-0.001118322301678105
0.008356064540886474,2.107955016387011,0.8039433899928413,0.08267364683044776,0.11087852819679409,-0.7484082628769024,0.6486571453104041,-0.8564551645569615,0.12117723642215596,0.008293633662975027,1.044790434617753,-0.2291216370470401,-0.08886689500546525,-0.4726940354238963,0.15754119609133618,0.15565292806854153,0.38881899575791373,-0.1993184934341655,-0.0682062724964231,0.0935049424944615,0.0706765149334745,0.14439742670718783,-0.2836736394014469,-0.37543853139116445,0.023855894245731042,-0.15419605165184297,-0.15996623813680858,0.3039841145174385,-0.4039337685227453,-0.23723917878295173,-0.001494067466264169
0.008262761705643532,2.1144589247830803,0.8043606916158995,0.08194391417117214,0.10996420864417268,-0.7461723310844193,0.6514751876100968,-0.8370383098666169,0.11643146939648194,0.0029126682519986322,1.0721338167716308,-0.23609655905914803,-0.09039193904968763,-0.4791728717637526,0.1565901228908331,0.1498731774486113,0.3888538278326913,-0.19184521456774759,-0.06958432090913415,0.09097494287988178,0.08024853388849491,0.1424633128345526,-0.2782808907640412,-0.37598536268924565,0.02518756581111719,-0.15657853286039355,-0.16080623843706532,0.30375868321249927,-0.40717363806455265,-0.23718703760873489,-0.0018170361046515073
0.008001198501645886,2.121078290367888,0.8046498385629884,0.08122551341734377,0.10918325834058983,-0.7437972497987858,0.654405900997219,-0.8169283845253885,0.11339697252188544,-0.0007847877043129644,1.0976370277295442,-0.24229712616934476,-0.09044017051515679,-0.48626438588537785,0.1559630986189861,0.14394856258653718,0.38952324294431767,-0.18458072363454844,-0.07137854282643141,0.08769493409420684,0.0893810189297427,0.14127841850921163,-0.27357040185402265,-0.3764897867516461,0.02501303069208192,-0.15955685668049524,-0.16110474270102343,0.30418852395377305,-0.40987347935830126,-0.23601423173941496,-0.0021390270950483593
0.007559505269966405,2.1277583320301594,0.8048795723407847,0.0805175314213138,0.10850333923627381,-0.7413531815678506,0.6573731152759595,-0.795886382425681,0.11157946743691415,-0.003426462067463286,1.12080691306925,-0.2474728464570871,-0.08931460985848971,-0.493662787984467,0.15551372654752782,0.13796164123700125,0.3903783941781596,-0.17731118435704651,-0.07310407046838206,0.08401014663707854,0.09808127396823277,0.140633402199266,-0.26938357719126466,-0.37677474695150487,0.02365127897363645,-0.16282257683810228,-0.1609200548375571,0.30489732493565114,-0.4120874113506983,-0.2339667318312328,-0.0024392578394808752
0.007045677699171571,2.1343574977229025,0.8050495469103808,0.07988302826994506,0.10781129823688909,-0.7389112207853891,0.6603072266485839,-0.7735369173424775,0.11008691879284244,-0.005528393690328389,1.1410301029399061,-0.2514057147295149,-0.08769613412486743,-0.5012468411724625,0.15486304252289226,0.13202768974106774,0.3914041555383424,-0.17007107239637864,-0.0744709457400749,0.07996320743200402,0.10656872812370118,0.1399845521171518,-0.265401750873118,-0.37656284620838393,0.021840626124634645,-0.16603146439969932,-0.16058109364963774,0.3056462563352561,-0.4140531566590493,-0.23147084484315164,-0.0027395581742392563
0.0065866465463342745,2.14097286676613,0.8051834375844691,0.07931967788438044,0.10709302665363563,-0.7365311003599315,0.6631450901160837,-0.7498405149302689,0.10898035314680003,-0.006818414822984117,1.1581103009241296,-0.2545779990123555,-0.08563357913518392,-0.5089926245732147,0.15395561758863066,0.1261823764457147,0.39246236675193535,-0.16290278704958122,-0.07566886058878074,0.07572030998455645,0.11469151781973244,0.13921748786435498,-0.26196096188402884,-0.3759791407985637,0.020241890104542946,-0.16937175722763287,-0.16027935110611852,0.3063318048854285,-0.41565071485245114,-0.2288290427648785,-0.003040266996085634
0.006264175736323079,2.147592425641164,0.8052608004744665,0.0788158919643885,0.10637034026844612,-0.7341716366340985,0.6659319889050539,-0.7249461291202102,0.10841904521173258,-0.007219868847122865,1.1722600346186782,-0.2571912789674835,-0.08304103798679825,-0.516994981161262,0.15280745657983805,0.12037243736069887,0.3937024551666154,-0.15581818157743857,-0.07699617754481781,0.07113236194634194,0.12252694098191766,0.13834926084639745,-0.2592019336805371,-0.37515717213705,0.01905041670349334,-0.17286256208484974,-0.16007751485589505,0.30705515471606254,-0.4168247946533928,-0.22612424361465833,-0.003336291079632886
0.006151240212825948,2.154340626868493,0.8052641394032248,0.07840535715336035,0.10565835756883828,-0.731757371227511,0.668745139122305,-0.6994317993690095,0.10759672244935088,-0.007851203915735917,1.1836039167271686,-0.25872884002913477,-0.08052249065253295,-0.5255071770021279,0.1512988170659917,0.11461481564446738,0.39529863680584104,-0.1489083260482859,-0.07827543819340375,0.0662804674482884,0.1298113333560626,0.13728562592260832,-0.2568875706989468,-0.3742295888624923,0.018344152767222704,-0.17634651098685394,-0.16009669423312364,0.3073530760349741,-0.41788602183570445,-0.22354174327841347,-0.003604719398544566
0.0061107610117415575,2.1610560781128507,0.805212422882541,0.07809950958289293,0.10497787578285028,-0.7292003535862926,0.6716747401299659,-0.673579988710338,0.10561235076053532,-0.010095691725505347,1.191963509411019,-0.2582188666128286,-0.07852397465816811,-0.5345306232284449,0.14938142173554866,0.108895199882264,0.39734638832163993,-0.14199034809632324,-0.07897912116600343,0.06111352431669261,0.13658984674017347,0.13612013798903044,-0.2545380785191231,-0.3728316563711904,0.018045144017391795,-0.1792803386225153,-0.1601658566828285,0.3070700701260484,-0.4191174204364303,-0.221259813036978,-0.0038492669475872735
0.006028471644302255,2.167802809122834,0.8051248791793708,0.07792411597560013,0.10430683663451684,-0.7264974348759625,0.6747217153014771,-0.6476614765634263,0.10221387463234854,-0.014269768158510308,1.1973577432998748,-0.2553883530702614,-0.07725089994075277,-0.5441404054084364,0.14707205083065672,0.10341728198795715,0.3998619211144758,-0.13496389863614414,-0.07872900037400651,0.055351357726542295,0.14278070773112136,0.13478748770717774,-0.2515386496039835,-0.37072737577405956,0.01818188793417273,-0.18210465835710263,-0.16007993033568105,0.30657784298737983,-0.42032417846516795,-0.2194569467988813,-0.004131841813481547
0.0059456448390529,2.174513818723098,0.8050422885279932,0.07787106929714038,0.10363091805051883,-0.7236786266802463,0.6778539478949126,-0.6214533505804719,0.0976533148008199,-0.019887852146662218,1.199723753292269,-0.25051634624885244,-0.07664113340699295,-0.5541642023463736,0.14435061203183353,0.09810512978919875,0.40267204942642093,-0.12775428217674364,-0.07777432084341981,0.049032383973683404,0.148388816725921,0.1331848663303013,-0.24815123037877687,-0.3677827354390606,0.01872242684171753,-0.18492546647951888,-0.15986757226156545,0.3059236389134263,-0.4211624141035702,-0.2181876097293056,-0.004413321743763962
0.005933948445046712,2.1815103728072742,0.8048228879316873,0.07790746911980508,0.10295097463449257,-0.7207535954815024,0.6810622421465167,-0.5954868610359886,0.09171475809502577,-0.027282005773681076,1.1996873158932932,-0.24440169236021783,-0.07691524417830861,-0.5648661765923545,0.14121579697437217,0.09282660967465693,0.4060755982104655,-0.12097043631581865,-0.07641137614746941,0.04247989376856382,0.15335591576183727,0.13156694417338122,-0.24497062431057773,-0.3651042246111803,0.01954430143125228,-0.1876164733517688,-0.15990559340951796,0.30467498671404486,-0.4224226252724388,-0.21748369911894302,-0.004648163704110482
0.006064332022833521,2.188469003868515,0.8045470354531423,0.07799526610426745,0.10215448657826232,-0.717670123742178,0.6844200412211364,-0.568924114168246,0.08397409516859634,-0.03663387480440272,1.1965723968557471,-0.2368156440043862,-0.07825911096085829,-0.5758077529144079,0.13733478145190453,0.08714256093295997,0.4100849862561009,-0.11457650856329354,-0.07507306627478164,0.035160683131717656,0.15801113088654054,0.12953199698286072,-0.2419647218386783,-0.3617930324685087,0.020218414978582067,-0.19003886240442341,-0.16002736920251637,0.303155559978305,-0.4233821002215788,-0.21711885687620583,-0.004913651908192872
0.006396665294399288,2.195371173472578,0.8042330201935621,0.0781745702494325,0.10124840158779033,-0.7144004410559657,0.6879458609231358,-0.5419973788678913,0.07399378758296449,-0.04854420824787447,1.1904863221711435,-0.22752249922387546,-0.08071643480424029,-0.5870216051944902,0.13255579395920222,0.0808871272297642,0.4146744799907661,-0.10863544241013569,-0.07380097005472967,0.027435593690404093,0.16240983725095448,0.12725735763731044,-0.23961868914923576,-0.3584426979223857,0.02038107400070341,-0.1916154297313719,-0.16058991456985283,0.30097677491951647,-0.42467879790276253,-0.21705392377941005,-0.00514707506769953
0.006723093625785892,2.202221833470169,0.8038800396223176,0.07842414904363733,0.10023490509424463,-0.7109672789279714,0.6916127131142717,-0.5146943110053801,0.06217162832544986,-0.06297276033069957,1.1815272279209972,-0.21668674799705284,-0.08392429278199308,-0.5984712731287924,0.1270573963386459,0.07431995500609816,0.41982341396399503,-0.10300477686479195,-0.07217157254201612,0.019108406407407047,0.16645898508900187,0.12486894911982223,-0.23733944351212424,-0.3546632363398521,0.01991149834517799,-0.19275447844878116,-0.16108983359025958,0.29850998870970036,-0.42603738750492864,-0.21722567098411896,-0.005405110708323932
0.00708095612561838,2.2090792459788977,0.8034694070040702,0.07875710225153261,0.09920696069567464,-0.7074083117749146,0.6953623359272723,-0.4872368404356594,0.049243529833643336,-0.07921233065841504,1.1698764255853233,-0.20530291985381652,-0.08823617667232354,-0.6103072787334781,0.12107975321363136,0.06771331322633758,0.42544735299362235,-0.09758108672965046,-0.07049142126006461,0.010418288522318494,0.1702401507090657,0.12253273578164373,-0.23534853948599088,-0.3510281971552121,0.018941746219545363,-0.19333320663665385,-0.16178635091298102,0.2957213976488399,-0.4278234608084394,-0.21760068144884354,-0.005647503542313848
0.007402524162858285,2.2159927660375183,0.8029484714462355,0.07914970584228283,0.09818852273152048,-0.7037767045966152,0.6991371025314056,-0.4596628697658698,0.03612957271676436,-0.09638399167497709,1.15566561734162,-0.19469629534954094,-0.09377860226989651,-0.6225937229777615,0.11489327272360199,0.06138059399310387,0.4315931395302928,-0.09232601898800252,-0.06900345539499779,0.0014299387625164388,0.17352490859731637,0.12028926723567009,-0.23351837913119078,-0.3472514597727367,0.017725034441110857,-0.1935768991634765,-0.16246685267836553,0.29266308542194364,-0.42989535011503016,-0.21803949440287984,-0.005855557166592059
0.007790227000516107,2.223011658202912,0.8023766237492278,0.07954407966996564,0.09731332907233861,-0.7004537432997457,0.7025435280975048,-0.4318771609368312,0.023926708838249464,-0.11282230670482546,1.1388753409637906,-0.18707408309760815,-0.10005849334436044,-0.6348479025004049,0.10933466786709328,0.05644933367016168,0.43705403838937285,-0.08683298231583547,-0.06804153040005444,-0.006567044935556584,0.17639681684891434,0.11814446752953023,-0.23204913614913192,-0.34393072563263094,0.016947317338682894,-0.19343605769336697,-0.16321950562596593,0.28909779951020304,-0.4321397628368525,-0.21833595652246657,-0.0061924444826264935
0.008204544431385635,2.2300363490151933,0.8017343041415573,0.0800605933398437,0.09636714581501078,-0.69674816782433,0.7062900715959262,-0.40367038655352727,0.010694094840618605,-0.13156851814813791,1.1188712278039856,-0.18036472210299767,-0.10852833175945607,-0.6478830942116053,0.10279777999444253,0.05088030463042953,0.4437136171979844,-0.0814479825715726,-0.0671618694284891,-0.015965783045979228,0.17880858341141018,0.11585469303496798,-0.23050971581738955,-0.34004990248203143,0.01611385283517146,-0.1929229554438718,-0.16404566301495122,0.2853543820283768,-0.43460578468040706,-0.21854968141338119,-0.006439426594337192
0.008602423675628457,2.2369462160619915,0.8010365965431309,0.08062468210456418,0.09541146011702774,-0.6929004883173253,0.710130429712377,-0.37525954651207477,-0.0023637610862213493,-0.15125023530223866,1.096258986745319,-0.1743239000276536,-0.11748502586990629,-0.6611715755315845,0.09587590985722667,0.04523562310327789,0.45081439277462154,-0.07613769489935185,-0.06650889050394496,-0.025876518675886775,0.18079754274794804,0.11368390849196869,-0.2293341301007332,-0.33569418345497,0.01519996556481151,-0.19187226707924737,-0.1648509860844789,0.2815197613361431,-0.43712517350218555,-0.21870904750657805,-0.006596724995090858
0.008967758987867499,2.243976839247282,0.8002277723041417,0.08117587054228335,0.09445860400046487,-0.6890204848804715,0.7139599579717787,-0.3476043262967575,-0.014446813188610887,-0.1708714633410638,1.0724298678346886,-0.16877760736810263,-0.12541379895919327,-0.6746335991112815,0.08882975680026912,0.039742142445233906,0.4580706025735504,-0.07093801858966334,-0.06606473926366396,-0.035928628354409825,0.18215655947714657,0.11186410995746995,-0.22895304300283661,-0.33140339716393696,0.014209684310433417,-0.19066825066837573,-0.1656100827072374,0.2776784169670015,-0.4396888123349994,-0.21894604924975236,-0.006702012550157847
0.009285240878422701,2.2509937184857347,0.799362824676366,0.08166062842377997,0.09352098025933461,-0.6851346501534505,0.7177575350881896,-0.32050682667200625,-0.025232259853880903,-0.19000629202196592,1.0472570478670162,-0.16323262275213005,-0.13187588149639745,-0.6879652226833486,0.08177319865952873,0.03435708709724901,0.4652315145076954,-0.06561434008266584,-0.06581356008930239,-0.046125952886143656,0.1830815621582081,0.11042862701731476,-0.2295247303076419,-0.3269930204350678,0.013109034527476495,-0.1891110794126409,-0.16621996199003233,0.27396480353441566,-0.44213072844258894,-0.219434394841055,-0.006782932113965125
0.009601904188838424,2.258059584075444,0.7984211056320978,0.08212297331331228,0.09258303339745123,-0.6812528427036292,0.7215114437687942,-0.29403051459972934,-0.0349904738487402,-0.20882723399934008,1.0207660018442586,-0.1578874191960078,-0.13738565174371284,-0.7013263611507043,0.07465526746444234,0.029167966397841243,0.4723995375547937,-0.060229478741219616,-0.0658669201496442,-0.05648842590737439,0.18358563939823955,0.10924373411605136,-0.23086475958720074,-0.3226427883753268,0.011935528378203277,-0.18725929987409784,-0.1668218400294485,0.27034538023490357,-0.4446326623948854,-0.22027637407335693,-0.006852824370633007
0.009881817699859238,2.2652136154830345,0.7974018421308595,0.08257749829494994,0.09171576152475973,-0.6773424317688617,0.7252423084657458,-0.2686608530622007,-0.0436652422242774,-0.22745187989092003,0.9934814748090105,-0.15282041888688339,-0.14164624305172668,-0.7148237683240023,0.06751066844627256,0.02417955684038315,0.4794271245931795,-0.054698792508970535,-0.06612702763376146,-0.0666736009977765,0.18332749714950625,0.10846027335484164,-0.23325290214714473,-0.3183460153984186,0.010747459541852696,-0.1850094993859891,-0.16739977731547556,0.2665365767996221,-0.4471613334918556,-0.22140310008380673,-0.006846663853425346
0.010319069462686632,2.2723610410110595,0.7962924718542824,0.08285401707073364,0.0914453751378778,-0.6744384546938317,0.7279462384347691,-0.24753566696894055,-0.04928093719538418,-0.24089389673204895,0.9701296713614285,-0.15073180615729706,-0.14291702538696258,-0.7271691818720186,0.06300677048329333,0.02141819931169955,0.48315605426754993,-0.0495278865380252,-0.0666148813852246,-0.07351207297310691,0.1835231074456518,0.10827468666407514,-0.2355436563466723,-0.3161672691903608,0.01025286430856075,-0.1822540106466797,-0.16807742438106452,0.26310840640419797,-0.449196388806637,-0.22211586316181411,-0.006916854789441947
0.01072419080719528,2.2796787819315414,0.7951574960197891,0.08333272350280747,0.0907985228704769,-0.6709699079713631,0.7311707516271712,-0.22659328194613151,-0.055660063148907625,-0.25651339378722615,0.9448101114290328,-0.14795878951278105,-0.1441160418555314,-0.7404659941904048,0.05668856508232293,0.018088866384525493,0.4884720137189064,-0.043323219783884696,-0.06738549726393701,-0.08228154622997767,0.18264035780592341,0.10814472023882683,-0.23916919813889378,-0.31320186505731723,0.009688491540542467,-0.1794999829880424,-0.16884377718014668,0.25974746897828016,-0.4514335939054921,-0.2228868844437022,-0.007023695360902268
0.01112113391696795,2.2870543795005682,0.7939541970738697,0.08389794391582282,0.09014176952253006,-0.6672073301137172,0.7346223349698603,-0.2066440705885755,-0.06177753729270224,-0.27315585581011304,0.9184912707532177,-0.14453042816940193,-0.1445278916288613,-0.7543370556638211,0.04964959489030973,0.01444840185444861,0.4943714576662706,-0.0369395979309984,-0.06840767087672614,-0.09176320923111234,0.18086010065737096,0.10832976589553185,-0.2440836973206018,-0.3098874665633501,0.009130373734343156,-0.1764582196215314,-0.16972928921981986,0.2565048368314239,-0.4536765070777368,-0.22367139206397374,-0.0070287808314149726
0.01150257044683485,2.2945265443468625,0.792685495427686,0.08459221495040033,0.08954586110065624,-0.6632612870393294,0.73818030388548,-0.18826113763723717,-0.06738094543934461,-0.29009870673784743,0.8918239905756167,-0.14103969460257673,-0.14373862851459482,-0.7687834521506338,0.04215742036332725,0.010788179107538147,0.500401569302785,-0.030415365263646365,-0.06973678313919486,-0.10174201752878563,0.17823032989750234,0.10870647715091371,-0.24969482843528895,-0.30645808911359673,0.008645480760175926,-0.1732937900204695,-0.17071853252447994,0.2534698746818095,-0.45596631024535805,-0.22443167436693418,-0.007015513203988794
0.011972465558028094,2.3022828598453695,0.7913376672932056,0.08545127536954635,0.08910424606322484,-0.6591570632106964,0.7418021831261161,-0.17214401566659165,-0.07241617679391005,-0.3069689117312955,0.865590374155022,-0.13862307959747955,-0.1415325947907793,-0.783966123719346,0.03431775758008214,0.007235952110093922,0.5061770852719566,-0.023647859677882264,-0.07152623388312304,-0.11195093433641261,0.17463160032693564,0.1091243410139488,-0.2554881045398474,-0.3034694111815705,0.00830406240750578,-0.17020268606492528,-0.17194787629341715,0.25036054990800743,-0.4583703264318422,-0.22513197928574108,-0.006990847256243828
0.012403562118377757,2.3101423755467656,0.7899504115301418,0.08646064269819376,0.0888688097632906,-0.6548737500649022,0.7454979969063653,-0.15791861541145405,-0.07689717271524667,-0.3242538162808347,0.8394323174975356,-0.13789267807846928,-0.13862874985860157,-0.799835264926284,0.026219986658041518,0.003635212108367355,0.5117114176340337,-0.016335517007605098,-0.0735533956697908,-0.1224299426355246,0.17033555067362327,0.10968466203775858,-0.26083558401076745,-0.3008868377946586,0.008111737186407788,-0.16697835787844698,-0.1732036122662882,0.24737194528782114,-0.46079513297582303,-0.22572288727084885,-0.007001790557129939
0.012949859108567493,2.3182435985320318,0.7885042792615838,0.08761499565222013,0.08878159850988329,-0.6504480883249006,0.7492387634775535,-0.14568011228711758,-0.08116472489000419,-0.34180671156533343,0.8135805540212345,-0.13915424878504018,-0.1353394171444492,-0.8163453144324074,0.01776118433962446,0.00010461074307866044,0.5169239892917806,-0.008559210612888953,-0.07593079312245797,-0.13320508005728815,0.1653228187212814,0.11015164152119747,-0.26575201583919894,-0.2989667805627313,0.008075171875971239,-0.1638461181199677,-0.17468269737257983,0.24441237865929252,-0.46325501386806134,-0.2261638660230254,-0.007051983718905106
0.013456690029794376,2.3265772340550033,0.7869485735086638,0.08892099881248786,0.08881484824751618,-0.6458776172896887,0.7530252865509592,-0.1358659474232056,-0.08488879325950585,-0.35853060953850596,0.788557855375962,-0.14223673392248612,-0.12966601596681612,-0.8333984900112487,0.009061692363960113,-0.0031717672814235527,0.5216961933391806,-0.00048220388643684456,-0.0789226493089887,-0.14437173559682046,0.1595984935126087,0.11086728172772473,-0.27065659201320047,-0.29758166419063536,0.008153363369072197,-0.16078264955820346,-0.17611668552268614,0.24153200917751147,-0.46586877628390355,-0.22645556427725838,-0.007100097863914578
0.014001605676101876,2.3351488359079005,0.7853631010572582,0.09039214971314961,0.0889746776922313,-0.6411805073847149,0.7568357304922109,-0.12919260373738736,-0.08785029950588788,-0.372723450378487,0.7650168969884175,-0.1467327555624805,-0.1187845281442163,-0.8508020582072847,0.00016700646337780914,-0.005938348317084856,0.5255944223586658,0.007875072253753406,-0.08303529449956236,-0.15594119092606257,0.153017118452956,0.11180997328753674,-0.276334093621832,-0.29654027439417124,0.008312407616518714,-0.15783517596545538,-0.17747730229908193,0.23845792038096486,-0.4684690145961209,-0.2265839933779833,-0.007100888797412628
0.014581378962532253,2.343993432236501,0.7837556377004997,0.092051604550012,0.0892664665076758,-0.6363712183389105,0.760650821682888,-0.1266325683104716,-0.08998487678751822,-0.3831733920637593,0.7438247641470919,-0.1522252069031888,-0.09919806574609503,-0.8686854132317586,-0.008900060934191312,-0.008239761181194807,0.5286179310344699,0.016821959019913322,-0.08896714502158752,-0.1678053035695688,0.14542278191296842,0.11306587535810061,-0.28324380087787593,-0.29579207779605676,0.008570117375367543,-0.155016343352933,-0.1786864334423927,0.23491049899245048,-0.4710580706237048,-0.22651616458977694,-0.007031881253434951
0.015095513150732322,2.3531635178145844,0.7817773049784993,0.09334767814372454,0.09062245664976705,-0.6307989557151115,0.7649617368239153,-0.11428519563545897,-0.08760994634216006,-0.3935831265685106,0.6829524784506875,-0.07255769534556487,-0.07114449656873732,-0.8877851166462013,-0.017204460692857124,-0.01197492549880159,0.5315365137766707,0.025867681396554695,-0.09618103345943298,-0.18058648254385454,0.13777964366154324,0.11618938326926428,-0.2910002203670443,-0.297748189055631,0.008941893201294753,-0.1521091364011077,-0.17889726865876782,0.23026024811430956,-0.47327314189763986,-0.22633532041718737,-0.007246346503637224
0.015524340126870232,2.362185846517044,0.7805473762266447,0.09617371013035639,0.09051133522071354,-0.6241013652596541,0.7701011631969927,-0.11076969120443005,-0.08710648575761398,-0.39939082443651625,0.6451168967421272,-0.05333725167824585,-0.02405694429359649,-0.9082121191502627,-0.0316559338753535,-0.015550264496527846,0.535426444543956,0.038424572358099464,-0.10892410747818486,-0.197564652326799,0.12500670298715233,0.11786603445338208,-0.3056314765574382,-0.2927030579344206,0.01005329652187208,-0.14920590831705774,-0.17987905814430805,0.2250096045516449,-0.47680094010437885,-0.2249465973006874,-0.007188774536288846
0.016190274192404954,2.37130891585028,0.7791940724818246,0.09822298846088277,0.09099259090294468,-0.6195166783262248,0.7734802377657899,-0.11664257245651283,-0.08896204192746966,-0.4009529335180576,0.6315181740778094,-0.07779399043304838,0.009619851361835439,-0.9248646186889469,-0.04026498867664216,-0.015373881060095339,0.533303653384165,0.04834360899159932,-0.11787330425477092,-0.20855425543276426,0.1133579165621234,0.11951625450491969,-0.31791050864248716,-0.29043666545110425,0.011760743193388084,-0.14594596152056732,-0.1811573890060951,0.2206048233265549,-0.4794599864018509,-0.22330354243399167,-0.0070848860076250155
0.01686918336571089,2.380650992548964,0.7778595914321386,0.10016400551766715,0.09171763564163711,-0.615332162890592,0.7764801199150884,-0.12415510353424412,-0.09061776222439409,-0.39987465135887884,0.6212028736128655,-0.10913092161763663,0.034916640178030534,-0.9402612852268997,-0.04711673950370415,-0.013019617683480814,0.5282347355408669,0.058005861093782037,-0.12532042515781017,-0.21840589941833116,0.10148428629779636,0.12162565252294893,-0.33055574581737807,-0.28929988054135597,0.013574520906708128,-0.14259500939613293,-0.18241260151562733,0.2167104939316355,-0.48216054348716103,-0.22180227520937715,-0.007065292502410946
0.017619673075348837,2.39002924183169,0.7766570008907685,0.10211741482467795,0.09257609278998291,-0.6112793781687469,0.7793197177403474,-0.1318092155621847,-0.09170480477858914,-0.39618765931968014,0.6103344422193053,-0.1423971830309171,0.05521427709793564,-0.9547208172356831,-0.05322811133204499,-0.0092605083628619,0.5209328226060171,0.06775728250630321,-0.13217926293358082,-0.22788825911901134,0.08909656644548308,0.12388563063222412,-0.3441737578375006,-0.288341764905992,0.01535591925494006,-0.13895197624204972,-0.1837479555527757,0.21317764089823668,-0.4848104281480616,-0.2205646409348771,-0.0070620979353452715
0.018324983586170296,2.3995165477923015,0.7756234421636532,0.10413270695326934,0.0934334253970976,-0.607410299992455,0.781971420081466,-0.13945368445047676,-0.09290313425282093,-0.3912713267657464,0.5986503940727808,-0.17535742606952176,0.07121923502972746,-0.9677401264984508,-0.05911088246456593,-0.005089046620003381,0.5109330172574552,0.07704130529051692,-0.13733861468244896,-0.2369775393185802,0.07597873823357942,0.12625894855893482,-0.35872038705545006,-0.28725943114707325,0.017094696960566032,-0.13508438277373366,-0.18510094592354542,0.20998530858915124,-0.48768741415354444,-0.2195722373421927,-0.007076563765588678
0.019062172595410837,2.409127497207785,0.7747450393454997,0.10624739579398243,0.09415680173676003,-0.6037869494861113,0.7844025160617195,-0.14722021085386564,-0.09510408653879071,-0.3865816382140726,0.5867207093757071,-0.20606778008027024,0.083137081811656,-0.9788260884805241,-0.06536852494405412,-0.001488129522854117,0.49785358099391536,0.08520107540664319,-0.13961694970065142,-0.24565816409085858,0.062202877165766675,0.12839856394698482,-0.37424898241951093,-0.28593765207803007,0.018841301469142063,-0.1309588372591579,-0.18670763040170613,0.20689212889578998,-0.4908989024913857,-0.21867540191618362,-0.007116208675123555
0.01983200143768377,2.4188270560995706,0.7741256978921193,0.10854389850104627,0.09480536352041455,-0.6003236443860177,0.7866649141388252,-0.1555626880314285,-0.09840559785358749,-0.3824963136321299,0.5746842062181537,-0.23369083912490246,0.09061137635550287,-0.9879861068661507,-0.07231354949574229,0.0011106371974897702,0.48142956090262645,0.0918416234484734,-0.13869674981728228,-0.2541402710710792,0.04755184944046919,0.13023035734704067,-0.39110289769839807,-0.284078253461393,0.02062305285668862,-0.12666635256530906,-0.18855817651765988,0.20386492992311497,-0.494261269677594,-0.21765862119856927,-0.007192191436729818
0.020775192568236036,2.4283522435342024,0.7738563893989409,0.1109781906632721,0.0953937732529462,-0.5969610635554566,0.788810089831772,-0.16411469713502858,-0.10243364084288674,-0.37859027560416414,0.5620821000098192,-0.25812511302775193,0.09362491003627359,-0.9951415602098206,-0.07988749327469953,0.0029433209678601325,0.4618397420110207,0.09757280568056384,-0.13524018861090029,-0.26252226457858135,0.03227422333366001,0.13149437816126658,-0.4094265289937101,-0.28153016283889404,0.02245299148144982,-0.12194560716162475,-0.1907636596762937,0.20080522997830316,-0.4973952023173644,-0.21640128714746062,-0.007295307618597415
0.02207734153400076,2.4379803496570016,0.7739510587378698,0.11343824920887838,0.09575743422221478,-0.593804020972351,0.7907964732373739,-0.1726854977823497,-0.10765035955076165,-0.3755668522288334,0.5494885089773363,-0.2792597441957366,0.09348053081702444,-0.9997386980936123,-0.08803322024912806,0.0041818059608759745,0.4385855228948878,0.10341466176167882,-0.12931099669256121,-0.2705718702046486,0.016462737724773142,0.13192102623090232,-0.4285367885948453,-0.27893398095567123,0.024381830104418068,-0.11706444858196638,-0.19348289771411958,0.19741004573371368,-0.5003430262978606,-0.21494287779607563,-0.007444575579763277
0.023540752549415664,2.447465567980765,0.7743252880271634,0.11573300665627989,0.0957535885642248,-0.5909757239862828,0.792581109481079,-0.18048311236352552,-0.11391775710632511,-0.37432486593785735,0.5370825756418454,-0.2967241312947308,0.09231959293012264,-1.0011438323723878,-0.0963783563697923,0.004869903666030691,0.41182098167025855,0.11035459988091056,-0.12046275838700543,-0.27809073558988906,0.0010105916595704117,0.13182834609616992,-0.44754399668217715,-0.27631189279914165,0.026399138706215734,-0.11133893778017015,-0.19628274761788,0.19391641052833597,-0.503251522252117,-0.2133747834217847,-0.007623849799372154
0.025035675181118475,2.456843980021588,0.774953861876217,0.11786878332788638,0.09522739101616638,-0.5885024918182518,0.7941684399677217,-0.1874626453029184,-0.12158955284191021,-0.37575456040978455,0.525234896364152,-0.31020272015356054,0.09097103085639383,-0.9985954054146176,-0.10490465092096529,0.006090655319185928,0.38039689007312755,0.11825188147849114,-0.10756213650452277,-0.28518706763052026,-0.014023555896976103,0.131321849482738,-0.46654217334793857,-0.27351789323029907,0.028429803940349555,-0.1047827638096968,-0.1990722346845687,0.19044773547117816,-0.5062058680104987,-0.21178594861696176,-0.007837416276849992
0.026652528666791277,2.4658828613064063,0.7757692195806762,0.11990775080029904,0.09425972038133072,-0.5863133698529058,0.7955965489765366,-0.1937707747447558,-0.13048925278813447,-0.37951124050965723,0.5139531298570705,-0.3197761364937347,0.0890416004147795,-0.9925626456081641,-0.11390886660086452,0.007311162079345551,0.3450450171479727,0.12671725539073977,-0.09109893072520542,-0.29197823530833017,-0.02845323223780385,0.13024621318657384,-0.4858838169608868,-0.2705109902293451,0.030430059339806796,-0.0971467387163251,-0.20205386320270305,0.18691624066306706,-0.5090709585963965,-0.21017124735986886,-0.008055694030229987
0.028146824277667598,2.4746354487732383,0.7766410509147639,0.12181130527386698,0.0930708011776529,-0.5843448297500544,0.7968945675683861,-0.20003956972487846,-0.13987262869725609,-0.3846131158516444,0.5038083368288081,-0.32662663842386325,0.08716711526430639,-0.9846683217709647,-0.12320918573697694,0.006384109574780013,0.30853944726923016,0.1359865079277224,-0.07271762384383418,-0.29834341547587934,-0.04228271409168351,0.1290587329407832,-0.5044109292946262,-0.26782245948593547,0.03239166457929,-0.08858137220279456,-0.20486449889530228,0.18355888612585194,-0.5119839681187539,-0.2085593493243672,-0.008294953044136195
0.029558232191484228,2.483126938101248,0.7775113696741436,0.12356655198940886,0.09187663839495033,-0.5825288346815306,0.7980915657437239,-0.2065719436667673,-0.14910899380283693,-0.3897909256853093,0.4948749931583767,-0.3319089803391663,0.0854929288143138,-0.9766154772286423,-0.13265277327265637,0.0011977593516776727,0.2737386746997048,0.14637695612749294,-0.05442063230408791,-0.30426789130584064,-0.05539190510240752,0.1277431121639156,-0.5209645245862228,-0.2660038322818403,0.034257230646472514,-0.07938211244468033,-0.20745531424894867,0.18039784660358427,-0.5146983213609482,-0.20696371400227645,-0.008534210422594552
0.03126798484158584,2.4917859005471383,0.7783482703273867,0.12355210375839905,0.09250264651685508,-0.5829612286944167,0.797705674972509,-0.17636420749568923,-0.13735578760225617,-0.3918032240669886,0.4049908902140179,-0.3690302247749012,0.08234115598405779,-0.9807641384153838,-0.13180229598610735,0.0014950403857425625,0.26298331659550966,0.08014872793206297,-0.034048893747522076,-0.30270596391874394,-0.06820296050581577,0.12843016786627157,-0.536527932704467,-0.26780773502910415,0.03581887726680048,-0.07139600259011611,-0.20777416783601987,0.17578163859350004,-0.512490997723018,-0.2054781712455525,-0.009729717020265576
0.032855559174341624,2.5000219015200535,0.7794185084110563,0.1245989797492709,0.09136756258321531,-0.5828000903520553,0.7977913997021263,-0.18140152198023718,-0.14454299043632687,-0.3932951918507632,0.3960257791990158,-0.3693259632660516,0.08044483489047029,-0.9800618842995469,-0.13743804660373626,-0.004682166309877398,0.2451777591298906,0.04718939439704664,-0.010978354349537221,-0.3044464863807048,-0.08107095688529828,0.12635989249635382,-0.5497107772868131,-0.2655754559151493,0.036988656588577896,-0.06205797854039946,-0.2096607131547704,0.17313246474520871,-0.5136304676958761,-0.2039624916640785,-0.010227356032999792
0.03410194409145315,2.508367782845259,0.7774187576579478,0.125484623266653,0.09016652727661588,-0.5831657082197932,0.7975220143914569,-0.1930493462258652,-0.15437638182745705,-0.394837886292689,0.40223696806874965,-0.375232603766186,0.07917587216853368,-0.9776859965397555,-0.1426814463879638,-0.01677030603912011,0.22533567994009107,0.024794548264072857,0.011119286289871622,-0.30518879189692366,-0.09122754308293986,0.1264077437047799,-0.5600784004688616,-0.26916459549095234,0.038242088258314044,-0.049881743579195545,-0.21265854614892307,0.17069029819075182,-0.5213940536635113,-0.20306831013046225,-0.010378850995806127
0.03512090478378917,2.516655011691832,0.7758810702534152,0.12661178609865045,0.08941130240242515,-0.5835531213332961,0.7971454253809515,-0.20704841417237585,-0.16424244158852594,-0.3960641388532017,0.41061648137775403,-0.38094370826290525,0.07836581015948131,-0.9747442147990392,-0.14749886172479285,-0.033305744847652724,0.20787142440766412,0.012136196913494594,0.027398545611403428,-0.3058761484778439,-0.1021062036936041,0.12585653254663806,-0.5675707381249273,-0.2714504929350362,0.039059675604675194,-0.03989724427919262,-0.2139717242880845,0.16857882692213166,-0.5246231844345022,-0.20212225595488137,-0.01059262580667119
0.035951036539085594,2.524946140200348,0.7749480404139367,0.12761938865140512,0.0891971692816083,-0.5847543265451076,0.7961278378622156,-0.22174897572237282,-0.1726793925486116,-0.3948637979269824,0.4182989071157907,-0.38471514361963366,0.07816986354159108,-0.975001479390891,-0.15004186142832673,-0.05186865181039266,0.20119374996652414,0.00294676705561072,0.03364010073951336,-0.30475688552397096,-0.11270754761918698,0.1255585838343692,-0.572253132101071,-0.27422787794116027,0.03953743476483317,-0.031779695079496066,-0.2137354715879389,0.1671641855365065,-0.5243917200275342,-0.2011197535317793,-0.010678495333189587
0.03652657200116795,2.533183994866573,0.7745837964498626,0.1284507361555458,0.0894181354461788,-0.5868254115743388,0.7944436680879484,-0.2366716368575402,-0.17948840327261986,-0.39113269724287103,0.42485803615964846,-0.3863100828524096,0.07851732060599105,-0.9789768396562343,-0.15057731858293863,-0.07183255312120862,0.20645630730072753,-0.005116797681930277,0.03165430377847391,-0.3016653891557139,-0.12267056822126779,0.12582189211294387,-0.5742762522129424,-0.2779591633360409,0.03968919210743026,-0.024784852801152172,-0.2122619078498863,0.16658239749015827,-0.5220358138658189,-0.20013334691254786,-0.010589931066330015
0.037081553817836545,2.5412173159501,0.7746837003194704,0.12901972639882675,0.08981329787779316,-0.5895031904471432,0.7923215699303692,-0.2515176883904775,-0.18506696867779637,-0.3854586700214237,0.43118103419168996,-0.3861902812974448,0.07912625612210594,-0.9851678045345605,-0.1503217580201462,-0.09155480774892712,0.2217223225590587,-0.013624545561333362,0.024144624653247113,-0.2973209384071717,-0.13156691367447793,0.12625006373775446,-0.5741985052239733,-0.28273060597726296,0.03942476759384671,-0.018814581299228552,-0.21022937084586416,0.16695764519620307,-0.5172107483450399,-0.19865003852640167,-0.01049389401559837
0.03766201782245456,2.5490253459457275,0.7751596216542327,0.1293538353284954,0.09005957567225975,-0.5927010378771529,0.7898495665725759,-0.26421945049439416,-0.18943263118458778,-0.3783372886884518,0.4346009090728433,-0.3838320746040268,0.08002014323875163,-0.9906704765313474,-0.14956008472565627,-0.10651481158646631,0.24174285661469086,-0.021689307465057213,0.016721682952710187,-0.2923509033294983,-0.13864503352713797,0.12648302656985697,-0.5709796554777203,-0.2887180202957786,0.03867580400339836,-0.013174414067786674,-0.20837690972544548,0.16899324083320585,-0.511454973337796,-0.1971564124516148,-0.010261205716494574
0.03821747549191994,2.556655609449997,0.7759094888456224,0.12938223238793542,0.09006083589810135,-0.5963458668753738,0.7870964939829853,-0.27532562726879684,-0.19287753934297075,-0.3697876486120917,0.4367836392092991,-0.37997133017655965,0.08163478365150005,-0.9951707646077991,-0.14837442246785892,-0.11558119351214165,0.2662018680102434,-0.03015037146185578,0.009583098469586562,-0.28698335789757573,-0.14385510947340513,0.12659952296991264,-0.5647974072394529,-0.2958430738069825,0.03737671827346491,-0.007939141954434037,-0.2067150405015037,0.17297574737150523,-0.5045726008077764,-0.1956304624791847,-0.01004062233287063
0.03874587062101354,2.5640606847491267,0.7769049271174338,0.1291565129162422,0.08989397470907103,-0.6004183853043876,0.7840506559341639,-0.28511309384212086,-0.1954883454850055,-0.359798467353774,0.4379504371755899,-0.37465860904989623,0.08413511125672528,-0.999303919782002,-0.14680493967668046,-0.1199387143774571,0.29583620366676977,-0.03934077962832148,0.0008711574989407678,-0.2812051650872694,-0.1472720893486057,0.12658184925628066,-0.555765369372559,-0.3039905548486976,0.03551915051082736,-0.0030970047891205423,-0.20512595448126206,0.17866656888085644,-0.4963938200980816,-0.19408427325818836,-0.009824672677531496
0.03932219625198105,2.571201364252935,0.7781224532744824,0.1287809831590112,0.08956631448792923,-0.6046019511896662,0.7809288151318884,-0.29357747073891116,-0.1974956439008177,-0.34931061789330503,0.4377709433744846,-0.36798560934435864,0.08675336127321452,-1.0025626099705953,-0.1454268400887,-0.12108860704773451,0.3288882148909028,-0.0488823649066458,-0.008399850417071213,-0.27548877957295254,-0.14930870660229403,0.12628138798771613,-0.5447929503406264,-0.31287155465204713,0.03325903069217577,0.0016298356460218832,-0.20364928757957743,0.18531469254158217,-0.4871544116189208,-0.19232589822865606,-0.009568913294698379
0.03991025796043285,2.5781392943989494,0.779494727648127,0.1283075228991191,0.08914896044232228,-0.6086052317737776,0.7779391456130298,-0.3010491687973514,-0.19902259344541973,-0.3392788522706485,0.4363439840173631,-0.36032880137598533,0.08877493477623803,-1.0043760770694343,-0.14442276984648364,-0.12043177918429815,0.3631645794046792,-0.05843026817864199,-0.016581012728863587,-0.27034894547053623,-0.1504491195058484,0.12585311237332278,-0.5326508015550795,-0.3222759166641656,0.030932683113596746,0.006287075716496207,-0.20211123973986905,0.19234035508710778,-0.47726058695349527,-0.19001120758134124,-0.009274297366131279
0.04041761845176758,2.5850109843079885,0.780981678991492,0.1277196748617541,0.08867323177717905,-0.6123912986968042,0.775113952848121,-0.30781166747137734,-0.2000224232151905,-0.32990787511987835,0.4339537460399982,-0.3518638787458457,0.08995076908059736,-1.0045453456612792,-0.1435523043323729,-0.11830027629558662,0.3980159880910196,-0.06849442351719053,-0.022709810401781008,-0.26585625386430345,-0.1507923768411903,0.12536116971203062,-0.5189035665102661,-0.33220396423913323,0.028906708899906854,0.010598438519446356,-0.20036069913722912,0.19986450252966087,-0.4667194946618818,-0.18670063423643038,-0.008985654723793356
0.04088141804562241,2.591728060142116,0.7825531980538134,0.12696757182515725,0.08813002515251027,-0.6160998521860569,0.7723556865251654,-0.3138031127165954,-0.20045571864429346,-0.32077023473690913,0.4308352195791823,-0.3425891969914498,0.0906007276862275,-1.0034844093113526,-0.14249074289015692,-0.11412022287072418,0.43451134235947403,-0.07963357494040277,-0.027319007017287244,-0.26176139803279136,-0.15009442619632318,0.12467087621880571,-0.5035055843637556,-0.3425823053005911,0.02729070069415981,0.014582291653396303,-0.19844850677542533,0.2080111196634217,-0.45527437629271206,-0.18222831456621583,-0.00870246490239454
0.041260165690081646,2.5983260567981077,0.784222153609041,0.12610935467003145,0.08755754028499209,-0.6196936171946879,0.7696817060396547,-0.3191649150514249,-0.20039756718900073,-0.3119096098679867,0.4269348179585135,-0.33270380279141915,0.09096452466119424,-1.0013307395717177,-0.14104551532700926,-0.10791489250599454,0.471949634061018,-0.09096513997286629,-0.030716462760278968,-0.2580500603736982,-0.14892171979894045,0.12394559210344366,-0.48761079990321254,-0.3529760093456071,0.026040499228122987,0.01838595689115356,-0.19621952975816004,0.21624050996738509,-0.44338406589549323,-0.17681619425512068,-0.00835344171228639
0.04149301983442837,2.6047904975423437,0.7859676256365674,0.12519961902890245,0.08699383790915773,-0.6231393657378818,0.7671078531918721,-0.3240275004876065,-0.19986749389893388,-0.30338688836198335,0.42225412792201844,-0.32246761492317855,0.09122322101337062,-0.9981905961538668,-0.13900977518903193,-0.09976304116280604,0.5093951644950183,-0.10150439844013191,-0.033067880199994217,-0.2546117871768572,-0.14782089681151073,0.12342569531364513,-0.4726111774991219,-0.36298166855015884,0.025108055041865685,0.02242631663170204,-0.19355264961181037,0.22378390155512604,-0.4318457663017397,-0.17089864599631222,-0.007895105643614
0.041668169441372555,2.6112802573382727,0.7877380227574668,0.12423728645222373,0.08649589393022954,-0.6263399316130801,0.7647103026997348,-0.32866751753667073,-0.1989629631566412,-0.29553358752226333,0.41699360459308155,-0.3121133710125872,0.09125579978977955,-0.9943338747396218,-0.13625392050325877,-0.08902676340203544,0.5465953875625778,-0.11104996609484179,-0.03415015065492053,-0.2515238442129443,-0.14712854449877114,0.12305968624237695,-0.458779036307043,-0.3727433660347087,0.02471133233137792,0.026715903689243627,-0.19059485286257682,0.23017249158148234,-0.4211636040507547,-0.16470655787009156,-0.007369757300939566
0.04177493701733449,2.617682001632925,0.7895239607803063,0.12319818105920294,0.08604510667471338,-0.6293441371190602,0.7624594447410995,-0.3329995637577556,-0.1975949763219702,-0.2882784820917677,0.41125205365064293,-0.3015350275183008,0.09087072084837022,-0.9897392974393505,-0.13267135561132135,-0.07567631558433063,0.5840537577293766,-0.12024484134867229,-0.033747340221334826,-0.2487255069745461,-0.14647438281718314,0.12277896952763552,-0.44567861264646536,-0.38224097115356737,0.02499413279798008,0.031285642888891914,-0.18737077617623052,0.23570311530457036,-0.41112232116880576,-0.15823383776008404,-0.0068284368833726765
0.04177070512861438,2.6239507455676554,0.7912841294350322,0.12208652382478123,0.08559119722698429,-0.6323128404269915,0.7602298991020952,-0.33697276755440175,-0.1958190871534586,-0.2811424334681089,0.4052233167232996,-0.2909364536625379,0.09021807922586117,-0.9842065677327788,-0.12836717439610384,-0.06095493853832207,0.6215220380536794,-0.1292349488610885,-0.03210468551876453,-0.24593745450050125,-0.1457825562372038,0.12269097254745619,-0.43353933812777506,-0.39141332334054607,0.02574746858257615,0.036084361770538455,-0.1839193188139881,0.24051359711242482,-0.4017442353066991,-0.15171967777224232,-0.006268407658537991
0.04174432064948276,2.6302617922065026,0.7929879632577896,0.12091971219966845,0.08509431667856068,-0.6354086989007659,0.7578873041764147,-0.34070551811699273,-0.1938418468776867,-0.2736737394247667,0.3991729546107914,-0.2807019828770451,0.08937711240750801,-0.9774864979766728,-0.12367129640238955,-0.04646259757653916,0.6582435317710933,-0.13806555038722543,-0.02967698446088348,-0.24282739130712142,-0.1453305745025421,0.12272968952024806,-0.42270796083973056,-0.40031761574829483,0.026583814780583102,0.04079148220290987,-0.18050890559859273,0.2445195614147621,-0.39309649879465336,-0.14558765707697868,-0.005697499389949559
0.041740441247967545,2.636401992452076,0.7946199173677743,0.11968978152034115,0.08452389142214689,-0.6387119817694756,0.7553655223284808,-0.34387862708850475,-0.1915925256484066,-0.2655915553014364,0.3928894681689864,-0.27074091001551226,0.08818878483857366,-0.9693447652969963,-0.11851673189739824,-0.032256858031477584,0.6942200007417964,-0.14689832060636382,-0.026294173911920616,-0.23919151472272107,-0.14470195695148683,0.12285337075029952,-0.4133702545703779,-0.40901228398155787,0.027219936488238537,0.04563726259986618,-0.1772436372151056,0.2477132185207415,-0.38487993048927566,-0.14018200482872806,-0.005121348257817698
0.04174247490335069,2.6425881854225493,0.7961649453865319,0.11841665591268974,0.08389092343219957,-0.6421255671055691,0.7527380451641187,-0.3467338651684804,-0.18912005613718258,-0.2572168525844372,0.3864760308803939,-0.2611914651556139,0.08657309230128228,-0.9599287751967269,-0.11284568395745764,-0.017935481446608045,0.7293707162723614,-0.15574047125207044,-0.021691061484572557,-0.23530017370723907,-0.14419924454742938,0.12306702045567701,-0.4051187141878886,-0.4175455254484787,0.027609515072234237,0.0502917356824181,-0.17408118039994558,0.2501867666419968,-0.37725894526429776,-0.13566513240027075,-0.0045604572044538345
0.041766752307924725,2.6486576598321294,0.7976083281545074,0.11711445313605938,0.08323665475481565,-0.6455849023296389,0.7500506636593951,-0.3495011866844346,-0.18653797897880883,-0.24880002627657094,0.3803551640852474,-0.251956221706741,0.08473216837291736,-0.9492390859593745,-0.1072175568642672,-0.004648300779391934,0.7638096160976334,-0.16462531741779432,-0.016634075626964697,-0.23115233714406122,-0.14371109853511363,0.12339403529422154,-0.39826169663319144,-0.4258926205088403,0.027642121792211188,0.05509082301637117,-0.1710307862817498,0.2518003398396441,-0.3701655701237995,-0.13196975790341897,-0.0039899513042971685
0.04179864786527684,2.6546690637675003,0.7989928417905766,0.11583139661614647,0.08259464444149096,-0.6490003578615303,0.7473685488185473,-0.3525195741329472,-0.18401067616328526,-0.24066436538979266,0.3748207025127742,-0.2429625233602035,0.08290783431250384,-0.9373616030003924,-0.10243242982348134,0.006080433149667086,0.7971751731184943,-0.17334917521806578,-0.01203846265983879,-0.22689425626169557,-0.14353622711507055,0.12390600046372832,-0.39287572217698097,-0.43391936429213507,0.02719981099205674,0.05999393560733101,-0.16807476893974646,0.2524681537031781,-0.36378458034132194,-0.12892697866666716,-0.0034133523989429804
0.04176424292251771,2.6606771806964247,0.8002813004786076,0.11454715384694743,0.08194544124515693,-0.6523745613554732,0.7446954584935733,-0.3558854849752806,-0.1815308071159725,-0.23288718340538872,0.3701009104806875,-0.23434316237649794,0.08128745716874422,-0.9243234990338237,-0.09878929773735562,0.013674369651961433,0.8295243093719102,-0.18203959920137608,-0.007999496187050249,-0.22262941209903356,-0.14377835153863341,0.12479503607226883,-0.38905629487871873,-0.44157127850324746,0.026128271896672696,0.06497417069162983,-0.16509348896887718,0.2522367399352725,-0.35831677047962307,-0.12645743530049752,-0.002849972375378348
0.041654527345988526,2.666647182771255,0.801450346013791,0.11328526782212268,0.08131916680786008,-0.6557244882831876,0.7420101324577015,-0.35958836779831327,-0.17904265350203605,-0.22536673811233116,0.3660897113018283,-0.22617023106009584,0.07980056556375967,-0.910192209631452,-0.0961346878069542,0.018668007364807008,0.860903520008224,-0.19075456059566542,-0.004232347259537247,-0.2183354210663983,-0.14403791664171597,0.12625628664616012,-0.3867270048054926,-0.44939692208926824,0.02442838122582617,0.07022394042085697,-0.16221108617704166,0.25114756956343665,-0.3539963318344051,-0.12456183888588737,-0.002301108824123715
0.0415911570407307,2.672616072296321,0.8025359088714044,0.11203173836421165,0.0806784959222875,-0.6590099914356841,0.7393549222685599,-0.36353237629665547,-0.17664518417566366,-0.21808786115920706,0.36267715834208897,-0.2183741674116235,0.07823534439199385,-0.8948732592388653,-0.09468904248151384,0.02128232078825078,0.891024807690091,-0.19937051922299381,-0.001186071998599847,-0.21402525020230762,-0.14469121227233478,0.12763966858438372,-0.3853712858401727,-0.4567338724341643,0.022166093208517288,0.07536920772856025,-0.15950898301848565,0.2491767068653389,-0.3501999489986691,-0.1231135615231988,-0.0017752473978683968
0.04164507980714419,2.67862200526318,0.8035020627385602,0.1108213459477195,0.08004160807186834,-0.6621703463719198,0.7367783945293831,-0.36784404905722107,-0.17445687130783333,-0.21109000608708908,0.35987116759235616,-0.21104401472177348,0.07646739469843762,-0.8785976393229169,-0.0946385684543516,0.02172020871818095,0.91984210952657,-0.20799477343817416,0.0007239020019902626,-0.20962803740212432,-0.14574891441446797,0.12876557309014636,-0.38468700941920514,-0.4637694486921861,0.019553445115269828,0.08048223633749119,-0.15710918319789507,0.24630192765635972,-0.347010617054279,-0.12197770372825777,-0.0012704320663471283
0.041657659158747945,2.6845799230583363,0.8043376900424485,0.10964255428095196,0.07939600440926191,-0.6651441196680983,0.7343419400017568,-0.372493353452769,-0.17239349904977277,-0.20444013446674694,0.3577262570935338,-0.2041948230688912,0.07462341483554756,-0.8611858770705576,-0.09624105478849657,0.01951656997870245,0.9473909947523668,-0.21696497278318008,0.0014285882921576086,-0.20517086578399651,-0.14717028226247594,0.12985278791805838,-0.3847412114531086,-0.4702937708191906,0.01663094795407455,0.08578734479260194,-0.15466077522457375,0.24233612199671728,-0.34437822565451504,-0.1209945821203347,-0.0007756490082225137
0.04172579033751627,2.6904955437811107,0.8050780912475085,0.10852382284570614,0.07871532774641049,-0.667974721596664,0.7320083663187112,-0.37736569200134135,-0.1705675646325046,-0.19811016867189407,0.3560588882726238,-0.19767131930553572,0.0726310594171821,-0.8426476581378516,-0.09961397264431619,0.014830405230782705,0.9736048408013547,-0.22624176641762891,0.0008069742429994844,-0.2009822193091766,-0.1487239167507453,0.13085670171686012,-0.3854006853456364,-0.47640591093406826,0.013388372622099286,0.09098465856720478,-0.15243109024093793,0.23762131899746258,-0.3422995112538173,-0.1201035953523371,-0.0003417609849446171
0.0418000899132397,2.6964867457120687,0.8057047141034073,0.1074521983622419,0.07805615935249294,-0.6707694002460571,0.7296777869359906,-0.38270903353759694,-0.16884898804183354,-0.1918985566710535,0.3550808828155376,-0.1916123192122354,0.0707095119442712,-0.8231797577902813,-0.10405094332428796,0.008544502810578844,0.9981825846349709,-0.2353467513028893,-0.0008186630018919807,-0.1966586434938133,-0.15054149082970167,0.13183865111324378,-0.38633374974298884,-0.48221463756567706,0.01000601874423632,0.09593917935950635,-0.1503770337029266,0.23250288386488546,-0.34084781735602193,-0.11936038177086307,6.012662245239868e-05
0.041859382644108545,2.7024201609108256,0.8062479612315476,0.1064213600967291,0.07747439109505434,-0.6736548464556585,0.7272285477663929,-0.38856850880104465,-0.16704364246325085,-0.1855395927807242,0.35490790569066205,-0.1859390105941404,0.06898511196206823,-0.8027450972483181,-0.10875628046126753,0.0016857206858050455,1.0205685807968436,-0.24345135045641367,-0.003260124825354175,-0.1915432620579125,-0.15255620173439755,0.13269843392497915,-0.3875989409987739,-0.48758295880535574,0.006739563895251666,0.10076656463282947,-0.14841463555917542,0.2270652984734561,-0.3396429687051102,-0.11882862378298115,0.0004685905721255065
0.04199406292217641,2.7083842085249548,0.8066865233690952,0.10546681383414157,0.07691519314692528,-0.6766307502247121,0.7246596663904994,-0.39489707686610426,-0.16534210357741277,-0.17898121134915904,0.35547140442491876,-0.1807563898631532,0.06745022839183243,-0.7815973472666945,-0.11399965382136447,-0.005738010452717342,1.0408691808429915,-0.2505228559020686,-0.007133026134431922,-0.18616428838613108,-0.15458838642140618,0.1333493390680506,-0.38869188884895245,-0.49263916868041463,0.0038279015893346313,0.10505359881890058,-0.14683799533848488,0.22180535016131217,-0.33888443046168015,-0.11872239560773915,0.0007943862913877744
0.042155965596375494,2.7143658089638403,0.8069944358311032,0.10458174707719842,0.0763674213492752,-0.6796459809640152,0.7220194011896118,-0.40169169484921163,-0.1637417721208001,-0.1723265638543436,0.3568028473472507,-0.17610630042205203,0.06611365624990027,-0.7596391431833267,-0.11997232582821982,-0.01408354799146881,1.0591974503841617,-0.2568751304146858,-0.01233826775829959,-0.18067094787343216,-0.15658563761686076,0.1339218377799289,-0.38962106783185235,-0.49742756426774565,0.0013122368429469337,0.10890313304819413,-0.14554946923486708,0.2167182760728538,-0.338618837835924,-0.11916710489466788,0.001070499610760647
0.042318898951806704,2.7203505741734206,0.8072667710680852,0.1037369510289364,0.07588518171636426,-0.6827478880938553,0.7192603183065751,-0.40899183458825883,-0.16202136891061947,-0.16554845020584405,0.35880799285691267,-0.17167307606096444,0.06485293475849303,-0.7367707268658125,-0.1258600917164065,-0.022412345089253178,1.07500400372536,-0.26220710532427116,-0.01772099304932776,-0.17466815878309294,-0.15873372650051953,0.1343606745771817,-0.3904869362327942,-0.5016625836752557,-0.0008168966040261204,0.11227323680059222,-0.144400675426805,0.21179519567520091,-0.33844368809122144,-0.12000993600080301,0.0013440171323812497
0.042462833767074035,2.7263035554159285,0.8074921397204556,0.10292648480727835,0.07544801115327245,-0.6859810329816236,0.716340532657268,-0.4168013731791335,-0.16006739118643756,-0.15859525382058323,0.3615347132592321,-0.16729611308725553,0.06344919886885318,-0.7131325438150066,-0.13074776246410716,-0.029365210104206035,1.088061171902699,-0.2664622912833833,-0.022057882609180086,-0.16825098949725023,-0.1607447626195669,0.13468195870900768,-0.39084943549994583,-0.5054382319613515,-0.0025719024773698538,0.1150363106604239,-0.14346868305960686,0.20759564332662536,-0.33823756648384556,-0.12097058174869303,0.0015464109206545385
0.04264993095000349,2.7323368823219205,0.8076553173737266,0.10214713549620237,0.07506567519823037,-0.6893625927360263,0.7132393166765408,-0.42521358442510376,-0.1578966008917661,-0.15142963363981854,0.36503838059331895,-0.16306370330145661,0.061829490827598144,-0.6889240953612586,-0.13446868870967302,-0.034640572689260324,1.0983287438237523,-0.2700250129999618,-0.025097371231407026,-0.1613230576161715,-0.1628067815694889,0.1347814583940774,-0.3906251516164327,-0.5087878621854721,-0.0039587107698838084,0.11705688800302098,-0.14285466942588587,0.20416468199778287,-0.3380106490532748,-0.12186707319945393,0.0017035238715753273
0.04280530177461552,2.7383108956491706,0.8077393770982831,0.10140019444876978,0.07475049306209096,-0.6928709937021574,0.7099719363741865,-0.43422438943828945,-0.15545870955408383,-0.14406922170945252,0.3694400055187108,-0.1590686831941029,0.060164832104526576,-0.6640126128248925,-0.13721301455029042,-0.03873714083768971,1.105844115100507,-0.27299354873682125,-0.027237893017753003,-0.15366758527520358,-0.1648198221956326,0.13479011781342448,-0.390174064635683,-0.5117345602550055,-0.00499824176596905,0.11874960441945655,-0.1423489547266528,0.20104789045791355,-0.3377434994379911,-0.12262957632638995,0.0018545985743654025
0.042959871817173256,2.7443476638206894,0.8077858556082194,0.10065591705231691,0.07448799306913143,-0.6964671289148362,0.7065787030416472,-0.44377343361886007,-0.15274059176437915,-0.13669581633055614,0.3745620774445437,-0.1552071904754418,0.058374195800826284,-0.6386546726877809,-0.13864952632752728,-0.04115730614181649,1.1105867922664676,-0.27512728267394715,-0.028192634636493286,-0.14586326135401276,-0.16680195341330661,0.13475709462562638,-0.3892353013080819,-0.5141311050857442,-0.005688530471947585,0.11959776105418073,-0.1419959327109182,0.19869176208100647,-0.3373588223960012,-0.1232315000282756,0.0019349569343779013
0.04304116798073112,2.750469602925073,0.8077683854652369,0.0999261948420666,0.07435212768487022,-0.7000963154683737,0.7031014619247542,-0.45410029087686377,-0.14964165297956325,-0.12956876369480994,0.3805027193260551,-0.15154019050728978,0.05649191514066132,-0.6132562633973992,-0.13816462943378793,-0.04129722978617356,1.1126023260974094,-0.2761941579486382,-0.02746949137884305,-0.13750789048868522,-0.16893264248097006,0.1348815662958564,-0.3882529437426816,-0.5162110858077688,-0.006085245182501849,0.12004105434831146,-0.14146867574420668,0.19620454088801123,-0.33708632654465226,-0.12359764537962496,0.0020624304490676807
0.04307804697656178,2.756623169878391,0.8077321428441202,0.09916122538162897,0.07426208458823834,-0.7037671337017133,0.6995455779966729,-0.4649978477909848,-0.14618199153105385,-0.12271241525783948,0.3872808988194516,-0.14788244971138859,0.054470233669987274,-0.5875763274831861,-0.13561430793564444,-0.03879298025497147,1.1116682746128614,-0.2761413245777129,-0.024810034964056052,-0.12916930411083527,-0.17088102529620078,0.1351394569150012,-0.3870271874099293,-0.5176881515387568,-0.006074834429428369,0.119776959426494,-0.14094846004826878,0.1943766950225791,-0.33671530986006243,-0.12365233586971076,0.0021182446489571806
0.042986043050895116,2.762830753873605,0.80763842620233,0.09842061165420304,0.07428011957473023,-0.7074729504001018,0.695900762673639,-0.47666939384706875,-0.14232589803068377,-0.11610999836889371,0.3949456978812162,-0.14435817360551337,0.052440259983157496,-0.5618656534479495,-0.13111480943410928,-0.033805781381882116,1.1079619803507657,-0.2752996845033205,-0.020251637831571717,-0.12037539400106037,-0.17282541124087036,0.13556160766396153,-0.38556609864857105,-0.5187817798629202,-0.0056651428088401986,0.11914081264764756,-0.14021299721436797,0.19250739191314964,-0.3364914557082886,-0.12330191851685406,0.002187653399648511
0.04285847902723083,2.7690397084034615,0.8075425373317046,0.09765794872742321,0.07441361950648971,-0.7112277965211168,0.6921564561123542,-0.48876354292599805,-0.13797508357318664,-0.10963021155073317,0.40302621931387617,-0.140866747903309,0.050228607414196526,-0.5360931120221011,-0.12485855045303543,-0.026543932070291886,1.101456896563771,-0.27351460909559433,-0.014307585855598652,-0.11116299854140614,-0.17471320196847212,0.13605568797210776,-0.3841438774522419,-0.5194104405779695,-0.00501791043570161,0.11794381840979429,-0.13944267128985785,0.19092095219466096,-0.3360357540844195,-0.12261017648202849,0.002243375378376171
0.042548876282393004,2.7753263768334304,0.8073793425301176,0.09683743179955505,0.07467329249405265,-0.7150134334049568,0.6883329145413724,-0.5012359704540503,-0.13292614259940194,-0.10322842802310359,0.4114381544252693,-0.13767465347006821,0.04791735232099118,-0.5105661464219923,-0.11684516794206012,-0.017273252750983535,1.092632510212389,-0.27091465217162397,-0.0071467646108467325,-0.10156927016610007,-0.17654465812092482,0.1369472878215545,-0.3826529220346386,-0.5197598260643309,-0.004377740429524195,0.11621464457155133,-0.1384685106100997,0.19005908429301865,-0.3355723574324629,-0.12186252289235158,0.002274122955572529
0.042192497754174524,2.781646097475899,0.8071829628242471,0.09599629108570076,0.07508682098903605,-0.7188362097476232,0.684413022207513,-0.5140144527729257,-0.12725097116260248,-0.09691083696537851,0.419952771368116,-0.13470214085343918,0.04527124306888559,-0.48532720285865233,-0.10708783084232842,-0.005686643074616171,1.0813606523197208,-0.2674756606656466,0.0011498049400517935,-0.0915865717106812,-0.17822726341236866,0.13799888790025994,-0.3810511515539613,-0.5198871687353569,-0.0041081028022963775,0.11374466601710435,-0.13742859769379784,0.18963931199170678,-0.33469587657000827,-0.1212108673041493,0.0023020914412336187
0.04173532751190862,2.7879969913936513,0.8069495664402563,0.09508220750655295,0.07563614423414355,-0.7226989540536715,0.6804004477591139,-0.5271111149516202,-0.12089740519274712,-0.09071631924600883,0.4287728209065803,-0.1319248331342692,0.042446842982112154,-0.4601495306749136,-0.09558001242544123,0.00822092268470012,1.0676185271475191,-0.26334532201644023,0.0108193120799039,-0.08119816071622872,-0.17981413487991424,0.13932116979446463,-0.379431814851659,-0.5196275582597673,-0.004288049767256214,0.11070556985676022,-0.13626469941819883,0.18985246162888322,-0.33361423417665304,-0.120762651254503,0.0023341824191290246
0.041214216677401466,2.7944513074348003,0.8066832236701259,0.09419744298329374,0.07627795455122173,-0.7265681039624555,0.6763189378461129,-0.5405586119384836,-0.1141205214002103,-0.08464977543869545,0.4377164581158149,-0.12918663609531925,0.03949862534390201,-0.4353856170885438,-0.08300621087263363,0.024089405254464104,1.0518122532291392,-0.25883283376311306,0.021338469776438482,-0.07071386408501129,-0.1811838465666452,0.14079471481811157,-0.3773784583993449,-0.5191994176316853,-0.004825821955450275,0.10692297961681321,-0.13517311779641616,0.1908270576839814,-0.33253066112248003,-0.12054169742605117,0.002328248686810545
0.040648816220941394,2.8010314654030988,0.8063368674847767,0.09347939067958125,0.07691569593335669,-0.7300554034016052,0.6725806176224394,-0.5538272364613352,-0.10787598097717398,-0.07981290671961928,0.4455909502925062,-0.1259596162766184,0.036966739825762686,-0.41134648356597114,-0.07098840809779187,0.03977309451993452,1.0348761932014863,-0.2551399935173561,0.03089761303252283,-0.06132646841920456,-0.18199511986168598,0.1423901897001523,-0.3747630509468166,-0.51931657651614,-0.005299469025585353,0.10314029285554444,-0.1344368449153211,0.19229073179314932,-0.33278151925631766,-0.12063580140043942,0.0023946854768680916
0.040082083352989226,2.8076113708874066,0.805977356233494,0.09271750224137298,0.07768248671655062,-0.7338161344911825,0.6684929145444052,-0.5678421917244015,-0.10075182913120452,-0.07415283203452534,0.45451224734042517,-0.12278346469642287,0.03414924819206175,-0.387706850088351,-0.057734317173342924,0.05828172781762615,1.0158013349953525,-0.2508829804677667,0.04197404371634131,-0.0509923413310593,-0.18245300344556448,0.143992210173489,-0.3718546414203519,-0.5193889804627514,-0.00579898885670589,0.09852288338484444,-0.13385618227380303,0.19468930936982126,-0.33236512035256405,-0.12084269035925935,0.0023680825967756407
0.03955032218004757,2.814258433921874,0.8055495475949829,0.0919737948909904,0.07855195396715184,-0.7376198284453878,0.6642946637340165,-0.5823302151362367,-0.09320713237095526,-0.06844825740062416,0.46380103313235865,-0.11969271342522213,0.031203560305496463,-0.3645230982519326,-0.04369139211624243,0.07899511306954686,0.9949154138126685,-0.24653003100525012,0.053780915323402574,-0.040251731509912125,-0.1827106035558486,0.14559310976402,-0.36877552025218574,-0.519622744206223,-0.006280674398182455,0.09330047654482489,-0.1334604165587469,0.19765899431603065,-0.33184042733962815,-0.12122740299707051,0.0023281836814382376
0.038974552444942134,2.820992810439617,0.8050647035412091,0.09125198383028317,0.07948261346928373,-0.7414297983042173,0.6600283658977837,-0.5971232033644007,-0.0853354380582258,-0.06288315841327119,0.4732282121032686,-0.11658657920957609,0.02838011299084741,-0.34184480696102876,-0.029792867589419174,0.10049931793189064,0.9725325731620434,-0.24214615355087815,0.06552732712012395,-0.029290589915421293,-0.1827512069957765,0.14727741636633604,-0.36544768168636677,-0.5199020626229623,-0.006679360391644478,0.08755483384661371,-0.1331700470165653,0.2012927360450031,-0.3314000259331923,-0.12175603855531823,0.002262667518382648
0.03837003847771626,2.8277462342107498,0.8045180013108091,0.09061189096445459,0.08038399385620976,-0.7452126064311826,0.655733230791009,-0.6119948001768402,-0.0773978331203383,-0.05755731506109128,0.4825658271369472,-0.1133247445816669,0.025743733951430012,-0.31987367172470094,-0.017286930657976585,0.12118610048940479,0.9491450924731042,-0.2375622357296812,0.07620127958625868,-0.018434547206863175,-0.18227567529770305,0.148977039218936,-0.3617797685770761,-0.5203449745961627,-0.0068945180064492574,0.08145384021882406,-0.13327294141532764,0.20580174230959106,-0.3312637473701143,-0.12235539829212093,0.002141970484180718
0.0377344666609263,2.834486286907538,0.8039076860957984,0.08999919577304918,0.08127325445163315,-0.7489353750063796,0.6514526897136111,-0.6268105265350024,-0.06939258415047488,-0.052603894610322194,0.49172936823373803,-0.10992891519408693,0.023437895322177795,-0.2984270347857383,-0.006273439486877336,0.1406042928881531,0.9245431628342926,-0.23258736050064044,0.0862686727149363,-0.007471892878008878,-0.18142128188534826,0.1505956776021442,-0.35799381752270404,-0.5209527362230673,-0.006824103549149556,0.07516098838852714,-0.13368940510644392,0.21097648469652705,-0.3312696684961902,-0.12289434801378739,0.0020302958000446877
0.037221009261383185,2.84129047116682,0.8032496112085884,0.08943625398594257,0.08215995291961552,-0.7525943846583458,0.6471882189826503,-0.6416284897892377,-0.06143503683098493,-0.048012661868581816,0.5006093988116705,-0.1063431740520533,0.021239161869759177,-0.27767435471038443,0.003448948239598171,0.1592358845814877,0.8987352054245065,-0.22726687627595896,0.09574493212817307,0.0034737643005260175,-0.18029340595640445,0.15198077799190285,-0.3541352164398324,-0.521787587659623,-0.0063950509634701684,0.0684412622694957,-0.1345843779153674,0.21670953586601005,-0.33142719725578756,-0.12330991761309597,0.0019139854164670197
0.036684105184359925,2.8482243600958843,0.8024791452522555,0.08890071613594415,0.0830806232226447,-0.7561971695505032,0.6429308776837999,-0.6568093491503872,-0.05332997408484163,-0.04383541593143072,0.5096418346983697,-0.10264483993259473,0.01918307217439208,-0.2580926521111405,0.011909875981973734,0.17647559556840606,0.8724691696665565,-0.2216322400435456,0.10352509206716207,0.014376028132520173,-0.17893667407814573,0.15354703869814124,-0.35023073240966,-0.5229068347910054,-0.005599415935177072,0.06134065953600815,-0.13563765339458017,0.2229870297216096,-0.3319756346311799,-0.12368435337115702,0.0017877554347302542
0.03606926486639758,2.855200313768438,0.8016592023461163,0.08841185056643382,0.08406664721895214,-0.7597518840230134,0.6386651847629278,-0.672479607311221,-0.04496781947232399,-0.040082927406241524,0.5189126006468436,-0.09861663613244012,0.017174583144048083,-0.2401109964222773,0.018839218323568344,0.19148645729776118,0.8462765944599463,-0.21530682589399308,0.1079769849029974,0.02521293914884565,-0.17733853174949304,0.15539878720159273,-0.346559254193631,-0.5240556737507992,-0.00449766032224855,0.05388683072890815,-0.1366757533968219,0.2296145612811944,-0.33274128664688435,-0.12415681269748219,0.0016758835414870058
0.035337794567035764,2.8623746260712934,0.8007425623436965,0.08789802566592161,0.08512971831640234,-0.763219851920296,0.6344464719565903,-0.6887958801520244,-0.03627377318788627,-0.036968187856622876,0.5286804292449881,-0.09447538304918471,0.01524819065270541,-0.22422162452448147,0.02410131652361601,0.20318223732941634,0.8210193338037696,-0.20770739826969875,0.10887245686081225,0.03591323680017957,-0.17571195075597495,0.15769959426413951,-0.3432238794394945,-0.525340363671753,-0.003037683370374015,0.04606903951529702,-0.1375803330744504,0.23644656510106982,-0.33401060612657285,-0.12487927520177244,0.0015992938394990546
0.034554954483121327,2.8696495227711103,0.7997274097220884,0.08734985608880126,0.08626438295152322,-0.7666077921854905,0.6302705386068325,-0.7056451961243508,-0.027326921162883593,-0.03447471870756308,0.5388776987190924,-0.09019664336927959,0.013424115995958389,-0.2101153452727503,0.027881332284367177,0.21176676521195437,0.7963538118152654,-0.19855744982330595,0.10674889360500879,0.04654880851738835,-0.17389908453496136,0.16026451391616856,-0.34031870789250035,-0.5267540611863075,-0.0011722031329674625,0.0379969652567498,-0.13847451862068866,0.24347688064771048,-0.33558520215117554,-0.1258789307198798,0.0015445345488176606
0.03374785247446164,2.8770457362453046,0.798620530276131,0.08693121111437689,0.08746054457656471,-0.7699404197581441,0.6260873482983118,-0.7230588642433532,-0.018330647408208275,-0.03242610459777573,0.5490460656849943,-0.08553095481424214,0.011643527834157688,-0.19799533968241428,0.03066975312017924,0.21858186348131134,0.7721954283740381,-0.18941562880363874,0.10116273449018806,0.05701094061072437,-0.17190325069607792,0.16297211964563,-0.3375716683337873,-0.5282612341959193,0.000988857122592001,0.029462682435159288,-0.13958346646139896,0.25095110272191745,-0.33757433110772267,-0.12717218028878607,0.0014626153894852978
0.03285863167395607,2.8845603598825478,0.7974234984398194,0.08700095167063485,0.0883741225831217,-0.7724700458867613,0.622824916869719,-0.7387424956323857,-0.011771433576858864,-0.03184166740656657,0.5551161762933479,-0.08078671756437732,0.010636591735672338,-0.1896266867262835,0.03215141478303441,0.2227299445084277,0.7523678245233186,-0.18577137486388257,0.09444274159851253,0.06503302797263522,-0.16978848372446287,0.1650054465513581,-0.33486799310925053,-0.5292398855051675,0.002031676975645811,0.02210895802088324,-0.1409285126655548,0.25605663107164495,-0.3412252662130725,-0.12807056623515067,0.0012807652103076883
0.03207402779687087,2.8923261593762257,0.7961106637677491,0.08711796371726044,0.08959482348182599,-0.7754394739302212,0.6189320239524213,-0.7566593046967766,-0.003965637273256199,-0.030876988399329095,0.5632112000064157,-0.07477020719584747,0.009403682853132651,-0.18286736456585373,0.03416858967923267,0.2286511510954196,0.7310102850147678,-0.18449360218945965,0.08171862341318648,0.07427794765289931,-0.16789463687350561,0.1671718833639818,-0.3321274789343878,-0.530485467848509,0.003108907991794363,0.013152126120833454,-0.14284795250364032,0.263091365443445,-0.344533180191751,-0.1290437087569279,0.0010494074960677923
0.031394812712232795,2.9003334041569726,0.7947314298708523,0.08740902573287483,0.09097165768210803,-0.7785960001955016,0.614713012875574,-0.7758113495692733,0.004270600000518575,-0.029765056821897486,0.5718591267071946,-0.06821346951379548,0.008144747489412756,-0.1780688089963773,0.03625917556250673,0.23542735846123233,0.7090265049180833,-0.1863584277912786,0.06290394053211919,0.08404782667331887,-0.1661694422100901,0.16926231028713423,-0.32929987953816275,-0.5317864709248973,0.004120512700818132,0.0029274474663677427,-0.1452374004271765,0.2712766103459944,-0.3476687512780441,-0.13020476854124038,0.0007902090100898385
0.030761467728068287,2.908685257459119,0.7928065632246489,0.08859249544102898,0.09187650057465525,-0.7822829399888813,0.6097077006205834,-0.7961942665486261,0.01187292221242167,-0.02698107839331375,0.5811691152923625,-0.06187082217696375,0.006918580125840689,-0.16452806678069493,0.033701625917525374,0.24151034320797474,0.6503746652988247,-0.11324885560528952,0.04074173562644619,0.09474533787989109,-0.16427238027300728,0.17080852738289173,-0.32567821981893935,-0.5332426447652999,0.005047936778197628,-0.007583558786444313,-0.14920732474330736,0.28018635559553906,-0.35321551978255233,-0.13148348363656817,0.0008312461722984017
0.030340740420267586,2.9169322300592913,0.7914474966090673,0.08844275963829121,0.09430718753662899,-0.7867752048083877,0.6035468579532283,-0.8194114291681133,0.025579601084503665,-0.02435567203805063,0.5940784351188654,-0.053340807625293994,0.004622858187192934,-0.15482230818141207,0.03689304876539629,0.25166195992322576,0.6082013043989164,-0.09890225635979591,0.011728388771520583,0.10897379498709078,-0.16232498486074703,0.17374122451977414,-0.3228858155389496,-0.5357395745500539,0.006884912954320588,-0.022837490420828943,-0.1521089793050118,0.2954809113404907,-0.35205975447434656,-0.13452462545198748,0.0007925833170161387
0.029893084497497755,2.9253961855492197,0.7899298454686997,0.08886487579905382,0.09602785042314235,-0.79018475932504,0.5987401205220492,-0.8393350886736447,0.035434298691996276,-0.023222414957591166,0.6011526775857222,-0.045116138834581695,0.002816400753133691,-0.15427881385771688,0.04012373989369661,0.2600085262918813,0.586594354165939,-0.12356267185023717,-0.0017638429134077772,0.1194149889240328,-0.16032928348484649,0.1762930584244654,-0.320380571913228,-0.537372931330115,0.008418703195180665,-0.036869787501224584,-0.15495028567494826,0.3075021769525702,-0.3535246814786526,-0.1379681447592818,0.0006579475340594108
0.029281607966045727,2.933914781918174,0.7885123120602984,0.08955573165441337,0.09771035554688387,-0.7935141470315494,0.5939425526156019,-0.8588523421747364,0.04502808177126905,-0.02210235008391143,0.6064161631174498,-0.03552728641121375,0.0014208392565962496,-0.15564234686569445,0.04303010417764505,0.26706747034510014,0.5665240589350213,-0.15306891481084028,-0.00818779793054089,0.129591750646,-0.15809569970795073,0.17884439193273974,-0.31782959250347814,-0.5386042210506709,0.00972850266759625,-0.05075351604094448,-0.15779733496280463,0.3196444494064014,-0.3557859218728964,-0.14134783799800035,0.0005185460709399509
0.028510821484958336,2.94241497134759,0.7871871662385771,0.09033319453014084,0.09942104544366534,-0.7966931964047377,0.5892667651338152,-0.8777631875837121,0.054565226898320544,-0.021362103753250487,0.6099037720865047,-0.02462810200633323,0.00010856282670307674,-0.15759084891587488,0.04606508387427784,0.27335831250133374,0.5460926466681142,-0.18232396609637216,-0.010587711239819563,0.13941370580266393,-0.15553444285283063,0.18156136823634753,-0.3155911408925793,-0.5397671296360648,0.010908997821333342,-0.06464287385885262,-0.16054857444343937,0.33206884895388905,-0.3581753182279899,-0.1446174711020437,0.00040197214417543863
0.027767533521450345,2.951082932918411,0.7859003534463388,0.09112214837992219,0.10117488151659415,-0.7995138773874264,0.5850110745017177,-0.8958142241463014,0.06351365653279455,-0.02170178053410064,0.6110469300627358,-0.01241394522191891,-0.0016808599004336823,-0.16067771078550538,0.04971853931798469,0.2793769785415721,0.5269197731907589,-0.20984347051459787,-0.01137701663582478,0.14832750305101725,-0.15297599407981077,0.18440305981125335,-0.3140678843101992,-0.5411035216765586,0.012105241995894953,-0.07876266110140107,-0.16322460979902614,0.34420812798224737,-0.36050124665739364,-0.14781325923090208,0.0003563128102861972
0.026980295284080486,2.9598472922803416,0.7847598502088597,0.09193423023741078,0.102985526565352,-0.8019672422882524,0.581197574775814,-0.9128107813495654,0.07183491925216672,-0.023120381292375935,0.6095559949123449,0.0012761399359690795,-0.003847003910900053,-0.1651173269921448,0.054083976427158516,0.2857368386547024,0.5095329613698013,-0.23510405796840453,-0.010448447006793921,0.15622891148793533,-0.1503915126511432,0.18757140664284688,-0.3135076707163549,-0.5422027494332331,0.013461226859464248,-0.09316430319091243,-0.16557271101733917,0.35626755137756266,-0.3624108320860463,-0.15094042962844037,0.00036772947197161556
0.026085572020394777,2.9687059976297725,0.7837700833142978,0.09279129976096473,0.10483572129573843,-0.8041358682059386,0.5777237676379213,-0.9288433005415015,0.0796808397200099,-0.02532408808855181,0.6055980111576283,0.016481619162572694,-0.006284537891544769,-0.17091145125665536,0.05902224869218428,0.2925075724296603,0.4937008553945217,-0.2583126396536661,-0.007490295963978821,0.16334541753697554,-0.14775392417261102,0.19109860626827185,-0.3137423045045065,-0.5430083701286402,0.015072982686441524,-0.10781472907964547,-0.1675773421330591,0.3683987663515374,-0.3640882083245791,-0.15399996274571254,0.0004261908568703951
0.02514854139796582,2.977455130726821,0.7830579881741287,0.0936184418032247,0.10674695283901489,-0.8059805687391709,0.5746616380347696,-0.9435103968143453,0.08696410034861556,-0.028369589756156076,0.5988069055089659,0.033756582425056546,-0.009480316345969068,-0.17748664026068756,0.06452690060442975,0.2990196798520908,0.4788137647660623,-0.27858904331309875,-0.004272374496748079,0.16975311504928348,-0.14488145393394047,0.19462053887352312,-0.31458199602610076,-0.5432988836691858,0.016873499397178228,-0.12235105005273444,-0.1691618856062376,0.38013052302000233,-0.36513597550387306,-0.15694374080927115,0.0005545720615654582
0.024099977343290276,2.986347818792508,0.7825533752334833,0.09430181649951443,0.10873923110886592,-0.807416313803128,0.5721554362472789,-0.9567249129054914,0.09364076280827578,-0.032672882722716845,0.5889198672502959,0.053228041144744935,-0.01392878585423828,-0.18495787616907558,0.07102949731872664,0.3044058239604077,0.46552100251688255,-0.2956545280527481,-0.0026232427070088543,0.17538144917873397,-0.14206530594738664,0.19820911000821792,-0.31543743963053567,-0.5432232033797273,0.018696674875741764,-0.13667582757783564,-0.1700607931454551,0.3908870278904143,-0.3659638263965874,-0.15970743757165798,0.0007521221952275325
0.022846868252082635,2.9952728789081684,0.7823111988586542,0.09483993747802215,0.11085490127415346,-0.8084140165979637,0.5702485027517482,-0.968409618953844,0.09979689180561291,-0.038551080650069146,0.5757889968669715,0.07525251949548585,-0.01933216803429542,-0.19327165077909308,0.07871805430738804,0.308509432953343,0.45375095730431436,-0.3088481578441896,-0.003131548038622801,0.1801948381314763,-0.13924718433654618,0.20192442881966136,-0.3163838415159002,-0.5423518940287996,0.02032933393296412,-0.15068086043658427,-0.17003551903398081,0.40065824772682485,-0.3662340412845627,-0.16214637709526225,0.001010857189701848
0.02140701842560929,3.0042828115143756,0.7822201196373093,0.09525947872971514,0.11306917238742864,-0.8089982362411521,0.568913743661085,-0.9786799182109002,0.10541940298570826,-0.04594509452714625,0.5596719370563517,0.09942404526195771,-0.025762103497916033,-0.20278333984508196,0.0875203132219618,0.3116624119829977,0.44407847573089154,-0.3187318284017043,-0.0049874178356345035,0.18408749910143496,-0.13633732366605017,0.20586813007885718,-0.31749772699133216,-0.5409330844015473,0.021708700170130626,-0.164458252102755,-0.16927350212649123,0.4095948091939377,-0.3662437611238478,-0.16420242080078562,0.001303599369527941
0.019894018180291507,3.0133655010066303,0.7817767304122097,0.09631394748157636,0.11452547225434652,-0.8101237356176729,0.5668395475919996,-0.9901690671234529,0.11094952092045186,-0.05096964919513999,0.547412945102314,0.11620290995960789,-0.0312756889100039,-0.1878599542127856,0.08625569816442842,0.3142905246070704,0.37932242600725463,-0.34944513343934064,-0.007320861559289311,0.18991695480596257,-0.13220885131462726,0.20780854271524282,-0.3166154610360033,-0.539406472981686,0.022038520123783302,-0.17432749300149603,-0.16989995337640473,0.4143119659130427,-0.3715182557230327,-0.16505068936472522,0.001771653234436156
0.018341730160235808,3.0220460235071687,0.7820930710319041,0.09601997058359125,0.11674877489260858,-0.8102092664020434,0.5663133703582011,-0.997678018384609,0.11643613435409894,-0.05969719126706868,0.5289207035919764,0.13948798600974271,-0.04119570449353076,-0.19043743015353556,0.09405230367773752,0.31478540936023464,0.36038610660295456,-0.35640392407489097,-0.010489214119662329,0.19355970448932375,-0.1278785333204506,0.210711466425386,-0.31729234922768795,-0.5374293778096806,0.022190911298358835,-0.18456332749471996,-0.16846594754288,0.4197065806937734,-0.3721571316681283,-0.16566646519431905,0.001938069784157146
0.01673842494891462,3.0307654352097884,0.7825033299306922,0.09550497288244701,0.11890342278057926,-0.8098978837855058,0.5663975582976557,-1.002542503695214,0.12095677648625129,-0.0698389803818609,0.5056440846810373,0.16694153177304114,-0.05556816445896273,-0.1997874966737051,0.10456775234602149,0.3142952639429809,0.3556210111429815,-0.35702972706253316,-0.014427300789350436,0.1960614908015951,-0.12308635236528599,0.21377636804025707,-0.3177483633884442,-0.5352002745656426,0.0221378054976277,-0.19504446140065415,-0.1664463463168754,0.42483671561060726,-0.3719888751808969,-0.16621107653783032,0.002028708899705689
0.014974083561637517,3.039493493135009,0.7831103024804502,0.09513112319331969,0.12068839902556212,-0.8081416824487613,0.568587197208582,-0.9952332171573329,0.12151984238032182,-0.08401613407630949,0.45936231432452845,0.22038027516509304,-0.08972139274684855,-0.21275620840196371,0.11584337295204673,0.30932791586032393,0.3589077530637799,-0.3556319405507532,-0.022858100728914164,0.1923863631337145,-0.11880322134244915,0.21738483727631158,-0.3184127144887311,-0.5300081842148232,0.022186708227430314,-0.21272309529706418,-0.16206657379869155,0.4360830077762259,-0.3614863857356239,-0.16828154889431332,0.0033110731887139185
0.01324249645876589,3.0478533699899577,0.7836176237067718,0.09445306904265087,0.12252271592230297,-0.8069423469405717,0.5700095179428938,-0.9930265132841586,0.12436827831491434,-0.09711433959425259,0.42651370896499313,0.2515955581929521,-0.11557200328672783,-0.22469526015900163,0.1269179240277229,0.3052051384661915,0.361230171964049,-0.35300582614962195,-0.027969635739264663,0.19230592581955902,-0.1127162958579404,0.21984330599146276,-0.31718784133349004,-0.5268090653625186,0.021277098174447704,-0.22297298070551244,-0.15873363471359317,0.4394350838240102,-0.35963794688043443,-0.16963040652908304,0.0036455376759691126
0.011318420540007834,3.0558739616649384,0.7840506343005111,0.09354953708162118,0.12408464085916764,-0.8056348719178347,0.5716676824559888,-0.9878453418245421,0.12741917280365925,-0.11076913648124098,0.39340425883796837,0.277354062527719,-0.14581744265257462,-0.23518065765965723,0.13742790848748465,0.3009553043267548,0.36276937125306635,-0.34979502142966046,-0.03225018433491275,0.19202996315186682,-0.10547827279825937,0.2222384285935402,-0.3159544659178041,-0.5236906589324659,0.020105473848067892,-0.23136424005398915,-0.15516371472255389,0.44102011513157313,-0.35874314669654866,-0.17081491130239282,0.0039333351280332425
0.009437717463765604,3.0635523046361333,0.7843427505581823,0.09229789557686387,0.12540892885508476,-0.8043187936135635,0.5734326266228018,-0.9785693134553157,0.13073559030635556,-0.1266868170451489,0.358033607380656,0.29726332891718843,-0.18610657186186397,-0.2439201001741601,0.1474678658525067,0.29691065293698454,0.36337965293050856,-0.34625089173517265,-0.03577555177272442,0.19190592743207138,-0.09698332802933501,0.22443320758126287,-0.3149848483513619,-0.5212767835248546,0.019372634059222994,-0.23818391653547502,-0.15134617506593584,0.44005872020899667,-0.3581032421344568,-0.1720529096620324,0.0042108348526872785
0.0075864700718694745,3.0710834336181483,0.7840717182763276,0.09088268747369134,0.12628160178552258,-0.8028132993711374,0.57557284553814,-0.9765663090140559,0.13069491357428045,-0.15933640849323458,0.33803775184267665,0.30873697146097523,-0.23167484967217888,-0.2517159340483395,0.15674528412855515,0.2923622749029886,0.36454274216836746,-0.34371724862461256,-0.038711926370404236,0.191191932512473,-0.0876262863057523,0.22624875680388276,-0.31381100875395657,-0.519325453245982,0.019297285970458163,-0.24327303228867805,-0.147977167289162,0.43727968196374867,-0.35927135753864897,-0.17319017102835432,0.004542145106214079
0.006064729332065074,3.0785387171247183,0.7839705393392014,0.08942196818170871,0.12722166671916152,-0.8011170612247973,0.5779531238242885,-0.9676129551201516,0.13273585223687417,-0.1780560984567098,0.3121206491329737,0.31069628431621216,-0.26150263546688507,-0.25939589789447565,0.16557845174335564,0.28719750450496073,0.3653077850325611,-0.3404064344222281,-0.04180884011569767,0.19031739711891424,-0.07813834203399794,0.22746475448940293,-0.31317171195366345,-0.5175078065215921,0.019639112958289417,-0.24823575697387557,-0.14447562800355376,0.4327796967723934,-0.35919147961149916,-0.17446372416828762,0.004797497623818784
0.005319040937837316,3.0859873795017534,0.7842299666265581,0.0886766634387922,0.1274696618718284,-0.7985188446876192,0.5815974461278144,-0.9574965867566357,0.1318963352737948,-0.1817071005268462,0.2906919018279086,0.3052081023071958,-0.26179996282943335,-0.2681938341172316,0.170803039045188,0.2791480511630429,0.36691900083699136,-0.33738320777895925,-0.04454085425982032,0.18655094583055246,-0.0699895558084327,0.22608530979925318,-0.3137791397951732,-0.5132465974810313,0.020519563634369478,-0.25322404795932796,-0.14259952958726946,0.4272277195175148,-0.35856777358709624,-0.1762539429369967,0.004971284835718504
0.004341450367249214,3.0935111266834525,0.7848530589357657,0.08804322610986402,0.12802212683774578,-0.796445351163538,0.5844086994442309,-0.957616424096846,0.1338130800676504,-0.18023971134584585,0.29276526838270334,0.2862416927336871,-0.26179999990707353,-0.2762124582141509,0.17644456617766377,0.2728643935285005,0.3650069297748237,-0.33208930725709374,-0.04687418846107848,0.18511530035287707,-0.06207601088789361,0.2248339951367987,-0.3138835262694282,-0.5092164980746791,0.021099975905154146,-0.2570753934372039,-0.14103823795834775,0.4221810215243212,-0.3601953961597063,-0.17786914709680388,0.0049009997233096635
0.003468872935770019,3.1010373872837853,0.7857083840444482,0.08765670410384836,0.12833165454256248,-0.7940686213945952,0.5876242959447023,-0.9634584794505169,0.13536086852771867,-0.17505516114326714,0.3114987995073932,0.2571106651469951,-0.26179999999976766,-0.2839198169768669,0.18076018325079804,0.26561011284725555,0.3619119788410505,-0.3255649567062689,-0.04932046701174623,0.1827878818060756,-0.05456258284564213,0.22268136591490023,-0.3143327834210237,-0.5046638361723533,0.02187411927967383,-0.26030200843823187,-0.14012382508741061,0.41638392683214764,-0.36251841190258843,-0.1799819396300037,0.0047367359010074255
0.0030493038461937485,3.1084001975656883,0.786708767941043,0.08755922276253046,0.12827685720921536,-0.7914974238024315,0.5911093456610742,-0.9743148469989036,0.1353637041645279,-0.16190424110850501,0.34593046176212927,0.2176053745480885,-0.24100749504157642,-0.29168528810452965,0.1831066199110272,0.2575337352521524,0.35867945684809943,-0.31837193220771953,-0.05156905293267628,0.18017214769833673,-0.04772092160392991,0.21911651664051526,-0.3161043273882979,-0.49900958889692504,0.023302475254962287,-0.2625535216831023,-0.14046342795524144,0.4094224507599836,-0.3654357717604502,-0.18321994290332977,0.004458172445522566
0.0024815813826301624,3.1158750348266437,0.7878466316474849,0.08761024896429959,0.12817276619573906,-0.7885654222481718,0.5950300505997231,-0.9821827880648221,0.13578611628910733,-0.14450930023264882,0.3789153176220671,0.18282987435999773,-0.2135379574705571,-0.29953183818559354,0.1850667282238994,0.24912372636375568,0.3552033540257055,-0.31154400340033694,-0.05333664194263295,0.1764957345863562,-0.04043364145785473,0.215998247558592,-0.317664888527843,-0.49455133781557886,0.02400997124170761,-0.26443758397725226,-0.14096975903177475,0.403288153607444,-0.3691786539552826,-0.1853055557297399,0.0041579291647051405
0.001944784280559578,3.123200864504187,0.7891297286521654,0.08759681396736729,0.12807388180386298,-0.7857080667881268,0.5988211024726182,-0.989504095310034,0.13837351678496881,-0.12127876165721022,0.416288420993652,0.14687391687772403,-0.18478628545716203,-0.30685095467777734,0.18676284386811315,0.2404035414692721,0.3508206392752078,-0.3032732716416207,-0.05557111282149342,0.1733354479486924,-0.03334258537583585,0.2129798420598891,-0.3203096235197977,-0.48955096649716123,0.024479125465958672,-0.2656267729606613,-0.1414448210557662,0.3967287257293224,-0.3729476417786997,-0.18690199748596154,0.003914695269062338
0.001429850740839581,3.1304670966192267,0.7904874239449676,0.08759724157258995,0.12791502229436133,-0.7828008091335116,0.6026502829670177,-0.9962509907080733,0.1431708484214156,-0.09263000895482752,0.4580699609890511,0.10951969524489577,-0.15471287564273975,-0.31373339462522404,0.18808218287849657,0.2314493339750688,0.34566344701016805,-0.29415472938783843,-0.05816256740906994,0.17030694687577505,-0.02654162149099146,0.20996081381778964,-0.32378885434845167,-0.4841339853428706,0.02466873197134407,-0.26619347078860994,-0.14205955798179165,0.38986475680634425,-0.3770947723926097,-0.18783411753841223,0.003674644050484967
0.0010425539087650256,3.137725409713314,0.7919127284364578,0.08762249947218771,0.1277167280391348,-0.7799447717252576,0.6063801514097081,-1.0018566182877782,0.14941926146354445,-0.06376463424928445,0.5024256460327025,0.0723420580857087,-0.1253842071999467,-0.32041226125865246,0.189074582698605,0.22269119785445732,0.3400241845287123,-0.28448596435541096,-0.060789084632121515,0.16762831340044887,-0.019930111735857438,0.20670238899524623,-0.32760161008575184,-0.47847490672095694,0.024580568676604464,-0.2663719019542087,-0.1429193412334263,0.3828025367851316,-0.3814463068041858,-0.1881576727434574,0.0034002543963806997
0.0007560340005045174,3.1449654654059316,0.7933497470951508,0.08765733294933584,0.12749990378910192,-0.7772215816338615,0.6099070253379103,-1.0059343880915668,0.15542940382067622,-0.040989423704443584,0.5471224707790043,0.03763669609842123,-0.09902782518499437,-0.3270798275215894,0.18983728740341924,0.21459049752910792,0.3342862531264607,-0.27452420113043224,-0.06283301341939909,0.16539547260074547,-0.013234443293721022,0.2032117241598177,-0.3310156075888845,-0.4727647812963136,0.024221881913458705,-0.2662848411892646,-0.14395613807109317,0.37590722633420776,-0.38588114570662263,-0.18810781986916875,0.00305632673400889
0.0005618619608323789,3.152184191779769,0.7947450172995231,0.08766711973634579,0.12736357673870394,-0.7748720467217031,0.6129162313455048,-1.0102800342520633,0.16055451060718123,-0.026620837164442853,0.5943703008278352,0.002966224220864068,-0.07237279033688143,-0.33359160113175157,0.1905460585875441,0.2076926151559901,0.32781928461909604,-0.2631828569328431,-0.06394554504476667,0.16451456848853513,-0.0070424572850518305,0.19941883543296132,-0.3342679826384797,-0.4661860166037197,0.02329917990084187,-0.2656704516671424,-0.1451188511899902,0.3685958895050546,-0.39074212370825134,-0.18753468044911328,0.002493547415370585
0.0004213198310371111,3.1593324999359544,0.796133384675674,0.08787581909195746,0.1271474158155176,-0.7722258069314492,0.616261858449333,-1.0126280285547293,0.1626465291537059,-0.02003992317273304,0.639462066317454,-0.025757608823334145,-0.05198438976998399,-0.3407429118115529,0.19059293917133832,0.20075838159962475,0.3221778323540463,-0.25263959246493084,-0.06412061990726543,0.16247333882105974,-0.0003389459077579297,0.19535365968149168,-0.33646027277201435,-0.46001930298598126,0.021681934997148763,-0.265090621279075,-0.14653762445116492,0.3622882271080359,-0.3953823217494665,-0.1868271429212461,0.0019882493122180137
0.00026648178827508724,3.1664483253701654,0.7974574525677174,0.08810307251837812,0.1268411706814372,-0.7696046140373145,0.6195626716365823,-1.0133090128798652,0.16290573882204987,-0.01861676915185343,0.6835180495781167,-0.05070549394565496,-0.035155873770546096,-0.3479354622917799,0.19030311553122672,0.1939594793650506,0.31686328697374233,-0.2422833047220468,-0.06363793702713688,0.16045482201620234,0.006626355983375306,0.1912368297493816,-0.33790430470433824,-0.45407071227429563,0.019567703430393848,-0.26433255323681154,-0.14795421347634008,0.3563961154839016,-0.3998122111823024,-0.18623613726622087,0.001539718510916449
0.00018751558623411062,3.1735641610723118,0.7987360022585055,0.08824318479821235,0.126420118025724,-0.7670871907228155,0.6227425920266002,-1.0117490738417743,0.1618538442386581,-0.02045004593174837,0.7257472162001739,-0.07289864440671309,-0.022726398827815745,-0.3548944076804848,0.18976966733788947,0.18724493395358813,0.3118280252622059,-0.23220006471477692,-0.06280463303566672,0.15876975639142854,0.013775399458360522,0.18697808988509115,-0.33876358898239606,-0.44828254101246323,0.017381069643888605,-0.263342757784815,-0.14940104181800234,0.3506679122501879,-0.40375763882665433,-0.1860366577998257,0.001111566867363839
0.0001046879457930112,3.1805221817276954,0.7999591075853788,0.08827902089410024,0.12586639687840248,-0.7647718007586984,0.6256904645039145,-1.0077815276457769,0.15945402539187253,-0.02565272597761518,0.7661144671023884,-0.09278368548457024,-0.01579343342371162,-0.36141389575327487,0.18906812350625576,0.1808181565418734,0.30698712121206795,-0.2222239675633254,-0.061414266594566995,0.15771494007431383,0.02133148502007914,0.18266235953816262,-0.33890052188383973,-0.44244424760911855,0.01553492896636361,-0.26179006141256306,-0.1507745683677965,0.3451495674829699,-0.40731365913563183,-0.18657081908637388,0.0007156810756780627
0.00011167368018793969,3.1872552590072187,0.8011542603593576,0.08825951659752511,0.1252107385550634,-0.762613146965487,0.628453432448151,-1.001654303063815,0.15512745204716777,-0.034359415187115404,0.80489515112429,-0.11033852484340077,-0.013965451048584713,-0.367609895052662,0.18804152122134093,0.1747335341611729,0.30228288203910586,-0.21218899068087335,-0.059398404632581725,0.15715948052439163,0.0292224618476641,0.17814167760364827,-0.33849374121678855,-0.436489499265958,0.014147542183196174,-0.25969375459719474,-0.15224193727570487,0.33979605553647807,-0.41040701492790677,-0.1879405784763449,0.00033256142171254443
0.00023264067984821746,3.193801755645522,0.8023555031194811,0.08820638973751639,0.12442641685901489,-0.7604309904513551,0.6312546303658061,-0.9932957867387504,0.14905461523453903,-0.0448135211445874,0.8417656268038449,-0.12579342735589322,-0.015534667489380483,-0.37345520023782963,0.18653235800042955,0.1685458115104875,0.297703367852442,-0.2022629318117581,-0.057161483738761586,0.15652408872767934,0.03726834074876524,0.17349047542157012,-0.33781948485828694,-0.430417866945909,0.01312106168961648,-0.2571870492123825,-0.15383321423540514,0.33475080874159513,-0.41298703150188576,-0.18994561635363771,-6.590185522145488e-05
0.0004382455742500472,3.2003515263055715,0.803514130735725,0.08811591756916803,0.12349418129465614,-0.7580487811800649,0.6343081408974061,-0.9828090906662768,0.14191898079879423,-0.05496141767224575,0.8764780778306228,-0.1397866810170992,-0.01843179797376816,-0.37908522201529404,0.18450262091175154,0.1618354368641256,0.29344663800573273,-0.19287418535826947,-0.05508594258553022,0.15522880573681563,0.04531687848384276,0.16895230403321213,-0.33704646938750554,-0.4245761895815294,0.012252580925645129,-0.25447450437746705,-0.15553883011494166,0.33018726066156234,-0.41526209483025645,-0.19220421392327885,-0.0004917237462440751
0.0006262443611602395,3.2066967653101255,0.80463349111453,0.08795811690418709,0.12231655058187026,-0.7553830948940494,0.6377291047715392,-0.9696043935739297,0.13390221958968518,-0.0643429421097429,0.9088031711565955,-0.1525933110826065,-0.02268572945560391,-0.3840572446116516,0.18177686294321824,0.15430899245449145,0.28941998065901475,-0.18407927014656153,-0.053114570452229226,0.15301148639349882,0.05363022050317303,0.16461356643305491,-0.3363810405337818,-0.4186043771307813,0.011306106917647224,-0.2510503955470372,-0.1572612729011153,0.32629468366845477,-0.4172881392055567,-0.19443753070642628,-0.0009261340020288783
0.0008082157253136886,3.2130034613874288,0.8056827647131496,0.08773559116864078,0.12094947448464831,-0.7525297628417075,0.6413833851150021,-0.9539791664784015,0.12495507988013976,-0.07361349177257971,0.9388833821484673,-0.16428707598389394,-0.029031309075001312,-0.3886549498686401,0.17851594207529003,0.14626927786298993,0.28577382785689304,-0.17595186383549985,-0.05103428226247963,0.15020432797515357,0.06205762979518855,0.16044033972359575,-0.3356427629577717,-0.41279108563348393,0.010284331347816512,-0.24719786878516675,-0.15902506807116884,0.3229160200442279,-0.41909685903753774,-0.19659146477533596,-0.0013717548962690182
0.0010586183084987917,3.2190692051860657,0.8067498825790829,0.08749991662692506,0.11955862656318111,-0.749549118715965,0.6451554991137611,-0.9364256947406705,0.11572491539599948,-0.08218414396092485,0.9668244057329456,-0.17457700081978153,-0.03608884499220317,-0.3931896685082883,0.17498022149905093,0.13794182589790008,0.2824672887663585,-0.1678644210994754,-0.049173827574395285,0.14696638860431627,0.07068025114109187,0.156224375215466,-0.3345597264059612,-0.40687097140592293,0.009170762952015453,-0.2429608052918372,-0.160781938030993,0.32001061532113234,-0.42035133736029645,-0.19851299903391445,-0.001811122384889824
0.0012937831766861166,3.2251304253142465,0.8077448029318612,0.08731019902203885,0.11830355645499084,-0.7465438463538376,0.6488863407007809,-0.9182331309510878,0.1072331885722876,-0.0893880153706577,0.9931584090420552,-0.1837500818478526,-0.04199753006778654,-0.39841960065850185,0.17168434016377712,0.12977696945430608,0.2799187617764976,-0.15986159173513875,-0.04774095807042345,0.14355033234739226,0.07925693259109137,0.15221808329702513,-0.33250162607087597,-0.4014109800501771,0.008059062637253986,-0.23902350978745418,-0.16237655363820022,0.31765076885460475,-0.421295704449716,-0.20006436476282705,-0.0022312204521285593
0.0015313194708190263,3.231440503594958,0.8085709827906695,0.08719235029534875,0.11728099847092956,-0.7435456940679261,0.652520085729689,-0.9002048916092353,0.09988909265319362,-0.09503267508026988,1.0183791311661166,-0.19228294034839624,-0.04601627574745796,-0.40494342443270687,0.1688737155545984,0.12200710383402398,0.27853885827863767,-0.1522023062097577,-0.04689216945512672,0.14008562289822493,0.08754721664737569,0.14846722273831536,-0.32919407663297773,-0.3968217657785575,0.00700249613727102,-0.23587165136698446,-0.16387293476420997,0.3158842540583296,-0.42200929479708094,-0.20112442239689365,-0.002614617589904077
0.0016304989927832614,3.2379487121089676,0.8092551559694434,0.08710123656835428,0.11640559818003463,-0.7405203668640039,0.6561194232456564,-0.8817905473287803,0.09358516798069318,-0.09941281786551473,1.0422198747390163,-0.20029142065419123,-0.048604142351569284,-0.4123618296240054,0.16644229165493496,0.11449694593480486,0.27814020987559435,-0.14494520857220275,-0.04634675305037744,0.13643695454444438,0.09557632497778897,0.1450847699040564,-0.3247066582175927,-0.3926349032101685,0.005948730617430239,-0.23328939859414954,-0.1650446987559365,0.3148411113478456,-0.4223651895565657,-0.20163415302944013,-0.002971099292715055
0.001577671396763751,3.24442643988962,0.8098699039986597,0.08699242848360474,0.11557121580874968,-0.7374743081890238,0.659702399741075,-0.8622115322291948,0.08827850463315899,-0.10245958033089672,1.0640853727729809,-0.2076340325695873,-0.05013682828093902,-0.4200474588298226,0.16415828075377417,0.10709102815658006,0.2782910210628513,-0.1378800039010438,-0.04592442021390829,0.13251088730585295,0.10361204717111265,0.1419420788286319,-0.3192797060483501,-0.3884124800049039,0.004872405071324621,-0.2308397952220274,-0.16582182879108595,0.3143554172879572,-0.4221816531646264,-0.20162216759046828,-0.0033036197571403607
0.001416539449451324,3.2508449064850025,0.810417708991902,0.0868155999855839,0.1146871956523742,-0.7344432116084386,0.6632518885572957,-0.8410788144171659,0.08396171373310728,-0.10413964768491865,1.0835483529899226,-0.21446037198583404,-0.05099561630275247,-0.42758404167821124,0.161845150386586,0.09973411543501773,0.27871348589073563,-0.13104816323771604,-0.04546560251501321,0.12829173731456273,0.11180216705516609,0.13896771036568634,-0.31313232472399666,-0.384278575519989,0.003835697390258622,-0.22838226719598984,-0.16627534696599622,0.31414786923240484,-0.42151405809094683,-0.2011984784246599,-0.003627237123622413
0.0012287054934701283,3.2571425829713694,0.8108683373697696,0.08650933853944544,0.11372475396672838,-0.7314597352038071,0.6667454315225948,-0.8180100957681478,0.08094615978661235,-0.10405435207287453,1.1003852772319078,-0.22135866263485873,-0.051245524206949375,-0.43477052708463587,0.1594766301455361,0.09243918844882458,0.2794355695200927,-0.12458073647796596,-0.04505665063434404,0.12385393269590605,0.12041052048573447,0.1360333869619972,-0.30607196985347507,-0.38047809959326584,0.002880039557312,-0.22571053349619724,-0.1665351279366009,0.3140703899695853,-0.42041068131086823,-0.20042435572745104,-0.003947798236513873
0.0011070054728009805,3.2633298552474916,0.8112728804865719,0.08613474623174174,0.11271642780489662,-0.7285007353762453,0.6701958601414717,-0.7931856418411574,0.07912246147246492,-0.10227171854968897,1.1145114635158975,-0.22816771948889797,-0.0508463147747888,-0.44179592025862613,0.15702157860658167,0.08517428368996792,0.28043328213168733,-0.11832454974958832,-0.04497646294086296,0.11918483816631949,0.12924514477368668,0.13300543086991287,-0.2981689474000672,-0.37693109116977,0.0019998108135233076,-0.22296288019652688,-0.16674442207978182,0.314158996753263,-0.418749986167638,-0.19928767083687382,-0.00426170073149987
0.0011138766623663976,3.2694982682590332,0.8116015701678937,0.08576285706524596,0.11171987006102989,-0.7255279792310394,0.6736264204546,-0.7673608625633123,0.07786817130482293,-0.09967640704553037,1.1262324548608063,-0.23422556261681882,-0.04981989198811398,-0.4490657940033762,0.15441494144672324,0.07791303386064931,0.28186395274858045,-0.11228206276710312,-0.04517184073641889,0.1142021840972521,0.13801816912121492,0.1299875830427782,-0.29004137685079157,-0.3737064536344936,0.0012693260403779222,-0.22028008926751183,-0.1669993010796126,0.31431316008639504,-0.4167859299616572,-0.19785459228344374,-0.004540907811037523
0.0010584087102388398,3.275673812054172,0.8118652874676827,0.08545590978551532,0.11080104963319737,-0.7224947659596652,0.6770684810591914,-0.741278086006959,0.0766076374163151,-0.09738455290547741,1.1357086333220294,-0.2386205754783485,-0.047940362884081565,-0.45683983306860143,0.15174580356948242,0.0706520029682239,0.2837306476887044,-0.10627795480783746,-0.04523919083540425,0.10884693804038159,0.14632463241110505,0.12735314227556763,-0.2822298266516813,-0.37045280882481124,0.000810646371685127,-0.21770966167493142,-0.16705286996935906,0.3146747943778154,-0.41476954264044946,-0.19623192129751652,-0.00477978520761773
0.0009183892911878447,3.2819992148876085,0.8120211360832841,0.08524582872994255,0.1099726618581379,-0.7194089114500329,0.6805071494512456,-0.7153903849356339,0.07539561219569278,-0.09533022800307021,1.1432689189832637,-0.24153068723836818,-0.04510217752938963,-0.4653437126981498,0.1490746006314206,0.06345711069993293,0.2861357639697855,-0.10042273778596446,-0.045177493212877805,0.1031607362211313,0.1539631461040799,0.1251645551650919,-0.2751891829187906,-0.3672989096285611,0.0009503497043743235,-0.21547059902949156,-0.16697566103547332,0.315233102955009,-0.41282024822771596,-0.19450265023505542,-0.004976834122042136
0.0008177298318391157,3.28840160324804,0.8120794263799526,0.08507676104517481,0.10922557442096645,-0.7162916902773078,0.6839283098849979,-0.6893241745900447,0.07439142408185621,-0.09314889230477878,1.1487955004305532,-0.24329652146246972,-0.041448083601712385,-0.4743961984340354,0.14632462431355586,0.05633345366487185,0.2890522303514315,-0.09474528684495245,-0.045103216905380585,0.097214703448239,0.16113696891629328,0.12311940416997272,-0.2687711559626329,-0.3641859661351695,0.0018454650063799275,-0.21339386526041,-0.16690012601502816,0.31584102594983327,-0.4107197219613192,-0.19267627437287133,-0.005148347963610266
0.0007127117560977445,3.294850536546265,0.8121375682637378,0.08498461387209842,0.10848671250947434,-0.7131108518616687,0.6873726511660335,-0.6629489083978778,0.07286238721429918,-0.09164377468066524,1.151923932342973,-0.24334973046898303,-0.03751211747926263,-0.4838430676221286,0.14330753885886674,0.049192456490056685,0.29233560944673476,-0.08913313769050683,-0.04497160500712587,0.09099676667871726,0.16770855369075077,0.12105702236622712,-0.2625564558603954,-0.360764549312723,0.003249349055513907,-0.21132955738617362,-0.16678579643673427,0.316407946523383,-0.40846200727541526,-0.1908028791017482,-0.005315816499862158
0.0006821591874842345,3.3012251625858156,0.8121549318483373,0.08496235671003222,0.10770968147058337,-0.7098525741458854,0.6908613069482487,-0.6362745553345305,0.06986617054721354,-0.0918252175790414,1.1526480906026788,-0.2411809043820364,-0.034003151944842804,-0.49362684479187496,0.1398036943999689,0.041983237187872925,0.29619671277783177,-0.08375263917963477,-0.044746167762481574,0.0844965976300833,0.17395790127316157,0.11873107587473393,-0.256149074513976,-0.35717115090586543,0.004668429358823219,-0.20890106693270152,-0.16684338523295383,0.31669589653257774,-0.40630717272033184,-0.18896437416517012,-0.005473047271968982
0.0007387974822435817,3.307673389574961,0.8121004621554365,0.08502286655581355,0.10688036459136797,-0.7065076945569359,0.6944023166430907,-0.6096459805715524,0.06506790511358786,-0.09410044000162808,1.1511797937202697,-0.2367359354771733,-0.030620815715188668,-0.5039032552676372,0.13574672475476557,0.03468186196785256,0.3007779292608201,-0.07885383213992359,-0.04440221813080685,0.07773984756070576,0.17972605154104138,0.11609038602395333,-0.2492500504294155,-0.35364888712795495,0.0055611605148297785,-0.20629147473864917,-0.16716427788201668,0.3166080060301245,-0.40436316946182377,-0.18720120175260577,-0.0056314380470748925
0.0008759056356460563,3.3141080870204496,0.811975557407403,0.08517004054285118,0.10601111999739808,-0.70307927457844,0.6979879943731697,-0.5829277483473598,0.05881426039855105,-0.09812975024041234,1.1474340122927857,-0.2301611690558124,-0.02724825432793462,-0.5146589959237436,0.13117297111127904,0.02731662698103843,0.3060979609841801,-0.07435304582706805,-0.04398967969230927,0.07067327582243049,0.18506456489509157,0.11320218440822988,-0.24201247514674953,-0.34998513388972563,0.005706701829998728,-0.20345285938175706,-0.16769575966532807,0.31630590634653094,-0.402539531689764,-0.18551373365864757,-0.0057741229264750855
0.0011366620187741087,3.320647784668598,0.8118403610774769,0.08539740263221829,0.1051471354917034,-0.6995964964764902,0.7015811468671174,-0.5562772883905676,0.05115717485544747,-0.10401501420969085,1.1413342990957642,-0.2218549032750093,-0.025042436620533088,-0.5259003267899434,0.12617018720808457,0.020063596582881198,0.3118903074827438,-0.06999951716733027,-0.04352302575114132,0.06346680098318275,0.1898199755176067,0.11021080667304387,-0.23488876060441205,-0.3464429805689595,0.005253148515872532,-0.20053634691330516,-0.16842195837148766,0.3155360359558455,-0.4007707139856855,-0.183973887299606,-0.0059014384244558986
0.0014178343278783082,3.3271052387901903,0.8116609296382109,0.08573370934114766,0.10422550939570076,-0.6960906053505665,0.7051557582665661,-0.5293284507955597,0.04202147807357424,-0.11181378556296963,1.1325428583362824,-0.21207617592117173,-0.02514287449864411,-0.5376149319391671,0.12071169825935135,0.013166449276948369,0.31838850629347537,-0.06568919815171506,-0.042902426918215913,0.055720172686215826,0.19427231506287818,0.1070518650765721,-0.2276216030048821,-0.34254974311938785,0.004528010598671501,-0.1975180100331018,-0.16918072139238088,0.314942626779737,-0.39918649802000733,-0.18269809826139174,-0.006033517066254858
0.001754266888174471,3.3336289181802434,0.8114147112500188,0.08619178669358894,0.10327768191839541,-0.692596890845119,0.7086707579093439,-0.5023025826982328,0.03105990330537115,-0.12203281537887992,1.121088985344126,-0.20107795762302122,-0.028634290801953625,-0.5499751767166553,0.1148620252124207,0.006745828864788032,0.32560604058817416,-0.06146868554117206,-0.04203913178911833,0.04782939478262919,0.19822439508127276,0.10379546649503459,-0.2205609436820449,-0.33882430649916495,0.0039255050080288165,-0.1944335822863249,-0.17012009117351082,0.3140297964445983,-0.39793123397598273,-0.18188215330384153,-0.006126461908197019
0.0021973082325614894,3.340266690602376,0.8111106487588722,0.08676603694919136,0.10231103359497118,-0.6890909922972275,0.7121500625371611,-0.4751691400403944,0.018317970520640978,-0.1346765446559124,1.1069902219701675,-0.18904496680608807,-0.03496555811162375,-0.5629789602421039,0.10855407743144785,0.000716985175874638,0.33349905468366003,-0.057411189772456,-0.04098789637130501,0.03972727023382382,0.2016623161458328,0.10035210979140223,-0.2136572225344689,-0.33530705718110815,0.003575810068877456,-0.191318215562462,-0.1713232869073096,0.31278941587765274,-0.39696433175760604,-0.18158507589087183,-0.006207280325320165
0.0026575793284210605,3.3468910968686303,0.8107315538619221,0.08740977925695594,0.10133923626235944,-0.6855205267378156,0.7156476067906042,-0.44791356440501184,0.004637931063342071,-0.14918363475529148,1.0904775089051424,-0.17651309180944058,-0.042812419019424,-0.5763959942977513,0.10191368428431072,-0.005088427989663304,0.3419246901655883,-0.05348072394108084,-0.039978289452852554,0.031327054129605604,0.20465885798640224,0.09699284967272945,-0.20712788410138355,-0.3317603647017493,0.0034340347516942874,-0.1879089498112246,-0.17260414417187864,0.3113491162591962,-0.39629789730123743,-0.18172133685686828,-0.006249736172988274
0.0031481739936199747,3.353564121467909,0.810274309078629,0.08797482282797908,0.10055115071899519,-0.6822444175842574,0.7188132242193298,-0.4211909730559214,-0.008015067017647088,-0.16318462341006088,1.072702111374894,-0.1659992229808626,-0.04949189185337798,-0.5893551930968245,0.09596984330448433,-0.009778589279722694,0.34907902524475953,-0.04909634296295403,-0.03939893870101779,0.02397601535807259,0.20730903906905884,0.09425456281417297,-0.20204012645378322,-0.3290001976783354,0.003623191126995355,-0.18409625900750204,-0.1738869238369219,0.30941662030299055,-0.39592800459886984,-0.18198248873851078,-0.006434066495642838
0.0036026147977140316,3.360271421735134,0.8097220714274508,0.08860810410737972,0.09970434831253368,-0.6785793374540227,0.722314148826207,-0.39470095170613345,-0.021440035200436348,-0.1795964121038048,1.0529403941983406,-0.15557368507351513,-0.05706232007387491,-0.6030442536999271,0.089231115094291,-0.015130493193271827,0.3574960601364341,-0.0450419750994709,-0.039102783974884724,0.015350278968769658,0.20928150931113637,0.09152366531206166,-0.19698544505390575,-0.3257047290703936,0.003797562499553435,-0.18014688940575216,-0.17509694459118538,0.30737745604373184,-0.39574693398935545,-0.18234056976485963,-0.006487261308033345
0.004008789128841043,3.3669821764148153,0.8090862915555904,0.08927728997408628,0.09889134740017298,-0.6747606026226688,0.7259119754161338,-0.36837372293050785,-0.03514238664056077,-0.19785867992720882,1.0312318635851971,-0.1456244535312406,-0.06514699808238987,-0.6171685146147431,0.08221194646357421,-0.02051960078652123,0.3665005099051391,-0.041217411899064665,-0.03907638019572283,0.0062575928131395776,0.21068310184702788,0.08903315638477242,-0.1923505617108321,-0.3221886522022913,0.003927995096481675,-0.17594983578408807,-0.17620748468741512,0.3051342045410129,-0.39576565320445833,-0.18276710522987288,-0.006452510788622245
0.004367226312180148,3.3737333568704586,0.8083759847185626,0.08993623900134351,0.09814464978310816,-0.6708634552907431,0.7295350060062977,-0.342520757666704,-0.048131795267564594,-0.2166983271785506,1.0080271937734153,-0.13649700862963138,-0.07287887576332303,-0.6315274343236631,0.07509069452108745,-0.025810579038078485,0.3756807018076251,-0.03741996807829647,-0.03919305237850799,-0.003117591385486955,0.2114832250127711,0.08689201450139863,-0.18845485059802072,-0.31853501770406606,0.004040965547463019,-0.17159846773270404,-0.177189254626714,0.30270627154273716,-0.3959376771263645,-0.18326359650453736,-0.006369218214328247
0.004665336383779285,3.380510509773454,0.8075369775915379,0.09054744016214678,0.09746976313151731,-0.6669450577778372,0.7331337505945866,-0.31752558558204935,-0.05931848447453317,-0.23458762750154893,0.9839347864367253,-0.12847094970164274,-0.07935710412580571,-0.6460713637486047,0.06803119693093328,-0.03096620285852681,0.3850384110653021,-0.03361587836292171,-0.03941114802613489,-0.012641964290323587,0.21171936743278746,0.08524180694162524,-0.18562676466063222,-0.31473705882608366,0.004204933218715327,-0.1670989969665844,-0.1780464078902832,0.3002260672012748,-0.39629868242219934,-0.1838855082867545,-0.00623865847796123
0.004938900384565944,3.387314674757924,0.8066209446422238,0.09109744290084565,0.09687020098469014,-0.6630617187895994,0.7366590643804602,-0.2934141987958709,-0.0683935446576164,-0.25087436142334113,0.9588759012586335,-0.12167801492947984,-0.08451311065161209,-0.6607294397977872,0.06114249599222392,-0.03590246513422524,0.39443999910089667,-0.029696255455727964,-0.039884737303742465,-0.022208106284098052,0.21125529868081863,0.08402381134892235,-0.18403953722139535,-0.31055013596156383,0.004497734192222496,-0.16254593490891914,-0.17875140885095187,0.2976908822761433,-0.3966821951446788,-0.18473726357561832,-0.006076087862602594
0.0051476970724726795,3.3941667587517985,0.8055747557604519,0.09158848407145602,0.09634063408938288,-0.6592184897442732,0.7401087856443995,-0.27020829034728044,-0.07567809668418998,-0.2658982846559817,0.9329203353451666,-0.11617265114154143,-0.08843319240554497,-0.6755368279032955,0.05444023815210843,-0.04055785711543289,0.4039196645172564,-0.02571577624393402,-0.04060018016411484,-0.031866744327639765,0.21018802662171804,0.08325793302345144,-0.18349259044615493,-0.3061102262353939,0.004993037821943093,-0.1579741463039117,-0.17930527560912515,0.2952438342364755,-0.39723220869880355,-0.18588851670246173,-0.005902034437241107
0.005381187987621388,3.401164857845236,0.8043947576572995,0.09181492114235272,0.0963500840939353,-0.6563210851589568,0.7426501967457387,-0.2510820067339194,-0.07976741535553322,-0.2756543885639335,0.9108034343148985,-0.11452773175918543,-0.08922921213487736,-0.6885520729431658,0.050372070718027497,-0.04334297550359672,0.40920191314749826,-0.021667363290049688,-0.04122882934717746,-0.03863425780766372,0.2095189502024587,0.08336277783331243,-0.1835550996889075,-0.30373642918043764,0.005527402533542992,-0.15343498442761147,-0.17962163012002538,0.2928329798440785,-0.39757315109558905,-0.1865691985987436,-0.005827103191920333
0.00559482111873393,3.408227381068259,0.803163948827637,0.09219831669182946,0.0960628913236319,-0.6528020229298069,0.745735147467577,-0.2320317314135139,-0.0835677219808214,-0.2863091920754236,0.8865871875271141,-0.11264440075061677,-0.08918210250358213,-0.7028026587970999,0.04452834707498903,-0.046942438165516485,0.4167484491523489,-0.01683752736623223,-0.04199800004117705,-0.04711184569730881,0.20775740451888264,0.08337014823967917,-0.18446720418031354,-0.3004055119913503,0.006095030565890269,-0.14861808946852434,-0.18008520272553857,0.28995241006031813,-0.39816295488861325,-0.18735333890753306,-0.005725627253210493
0.005777081303167348,3.415307478638135,0.8018854606026578,0.09264187464071079,0.09575559389076599,-0.6489344635165665,0.7490877194041745,-0.21414635959319334,-0.08622148681116988,-0.29652677776804387,0.8617055490201772,-0.11011019609740265,-0.08726829896121722,-0.7177230985775418,0.037840535550354694,-0.051079208033067355,0.42533951219767724,-0.012011370344105297,-0.042762096922822505,-0.05664467545588883,0.2052459892620135,0.0835440831807215,-0.18611793498703377,-0.29658663153666126,0.006711184024704788,-0.14360097427563606,-0.18058502563201548,0.2870197743798589,-0.3989050539591668,-0.18810516031347183,-0.005614449781471832
0.006053830420573715,3.422370320275199,0.800541433526332,0.09312485668894865,0.0954416621971379,-0.6448645759771758,0.7525744673010686,-0.1976376827466412,-0.08772807565021445,-0.30559486100649425,0.8366166954334404,-0.10693264385102894,-0.08337439555455929,-0.7330501181123978,0.030533961817154422,-0.05547260501269505,0.43452641237440937,-0.007289636104117605,-0.04368667393507298,-0.0669115757980608,0.20214902984596217,0.08371884939798659,-0.18851182945339312,-0.2924414669908309,0.0073825605511560095,-0.13841191108885614,-0.1812657890108432,0.28411766256559223,-0.39971396252152047,-0.1887530932607005,-0.005501334285584951
0.006381204656490003,3.429588629528671,0.7991588279315432,0.09370686342887152,0.09516831374635595,-0.640636814251661,0.7561391988453452,-0.1829369124567745,-0.08827131441548987,-0.31352269001061284,0.8115479251875354,-0.10409309150504871,-0.07729866471276656,-0.7488566972181573,0.022703903485195236,-0.05984246952751446,0.4437894567407956,-0.00247292844469176,-0.04467494749080856,-0.07770342983769081,0.1982193498771756,0.08395952736085642,-0.19156881214357052,-0.28826156843090117,0.008101757956208008,-0.1333088819230658,-0.18205362095445335,0.28110531383987036,-0.40069772121298364,-0.18926810153219267,-0.005383527341544238
0.006733584083106694,3.4369564434110838,0.7977291352725948,0.09439886951880776,0.09503201111152802,-0.6362250572817587,0.7597864481448008,-0.17015663873887177,-0.08796951989693043,-0.3206945851102824,0.786427067042261,-0.10298027864018228,-0.06891253631054281,-0.7651734814623564,0.014466372366013225,-0.06415292089388785,0.45275709711572765,0.0027590645055161856,-0.045588551376770384,-0.08878899072348054,0.193423263512808,0.08448511309821147,-0.19540512814748795,-0.28428241026542356,0.008845816166217827,-0.12819173162044087,-0.1828160265956286,0.2775764100805898,-0.40186905848037685,-0.18964314973571325,-0.005213032423097276
0.007120307435405178,3.444483657106207,0.7961802941322369,0.09522948086762568,0.09499896105560617,-0.6316067612595705,0.7635309047466472,-0.15908465888945889,-0.08688013109792798,-0.32702841846724445,0.7608312709372087,-0.10520953517272892,-0.05820182261064838,-0.7821486606132556,0.005704114085755612,-0.06835006970838407,0.461639016618888,0.008395930870022047,-0.04640885647497664,-0.10033557288141978,0.1878386398958902,0.08520699941799752,-0.19991988638992547,-0.28055235657618627,0.009599761881589465,-0.12310800153506032,-0.1835826201763269,0.27345683682601624,-0.4033459493319705,-0.18982251850836773,-0.005034797999307699
0.007537819180803793,3.4522560318643736,0.7945384372060186,0.0961817516298659,0.09506467047060947,-0.6267883929051088,0.7673643786371348,-0.14972269608039945,-0.08512293476892568,-0.33242973687130206,0.7347145813921832,-0.11131284319221972,-0.04523305203393424,-0.7997872969506997,-0.0035713900742650392,-0.07241221437275454,0.470453892859539,0.014368875287155067,-0.04713514132041302,-0.11229580400870587,0.18137335499049864,0.08609745630419077,-0.2051038541219009,-0.27712348954298105,0.010346641930789708,-0.11813904212700374,-0.1843547213912883,0.2687567299631512,-0.40510468881496586,-0.18975561102047836,-0.004866632260233777
0.008022120501916676,3.460249708271414,0.7928686566768162,0.09726598920476585,0.09522416776950579,-0.6218291767644487,0.7712328832078358,-0.14223251196220588,-0.0833041273258472,-0.3372707298808205,0.7086114404352959,-0.12046374821740324,-0.030249294709205496,-0.8178220726628483,-0.013302047900599741,-0.07625283867721912,0.47870284324100676,0.02086709314983399,-0.04779148841093759,-0.12452017904477601,0.17401299269580517,0.0871011904218134,-0.21112095506564335,-0.27393458296181644,0.011054013602027157,-0.11325052957509782,-0.18513006514799998,0.2634242567156587,-0.4070791025293837,-0.18946786796151135,-0.004702640628255839
0.008553091085902867,3.468581285405249,0.7907508367329069,0.09789623415034107,0.09646463688221249,-0.6160627113936206,0.7756143608783329,-0.1239349146226251,-0.07616698118222034,-0.3432533848545467,0.6398440317812657,-0.04246623908491924,-0.01412705430781538,-0.8367759609907106,-0.022318074272674304,-0.08168920414015857,0.4865251845631561,0.027542029090022548,-0.04829986116106162,-0.13764610418339518,0.1669380420748469,0.08982350474889791,-0.2178768774304602,-0.2739529105524031,0.011648003262655002,-0.10837092267184492,-0.18504774651719397,0.2569194917609881,-0.4090267438529535,-0.1892133727781025,-0.004887151966520614
0.009070342588434746,3.4768936726271296,0.7892941264573459,0.0995471200625032,0.09647255621785743,-0.610772908749358,0.7795767253592822,-0.11618132659015339,-0.07433874826295575,-0.3473010489991364,0.6021329102371002,-0.030518262831532743,0.005183618704254454,-0.854945859961085,-0.033912153081814264,-0.08512014510946034,0.4925798839822961,0.03566547594075025,-0.04879675554823654,-0.15073839750150433,0.15766853967463376,0.09097349877288924,-0.2261524671518318,-0.2708468573319863,0.012063291310504685,-0.10359485517919563,-0.18566028961108796,0.2500699823920043,-0.41168240269999407,-0.18887026647224894,-0.00483022848529067
0.009563262255507918,3.485308702243216,0.7878306881245625,0.10174936930266404,0.09648180126435132,-0.6039628847531384,0.7845808828361568,-0.11538146860269524,-0.07623734089029854,-0.35653579865912877,0.5767613547321718,-0.04369595940560395,0.03819829026816151,-0.8758740584264664,-0.04923785730160885,-0.09003107290533884,0.5010628500090264,0.04702544070483934,-0.04929514147996449,-0.16698888067013937,0.1434105124384027,0.09250390270945494,-0.24093538773935594,-0.2632170147005145,0.012748372380897925,-0.09749426142255985,-0.18627839008455996,0.23965339733222563,-0.41685871823535153,-0.1879091708464256,-0.004697595978843326
0.010077861689913734,3.494068770346785,0.7862470458534907,0.10346536411239621,0.09702552035190493,-0.5986560997425229,0.7883475382536573,-0.12095881673834229,-0.07927048335986848,-0.36404518574533323,0.563904398458712,-0.06831089175661881,0.06335666674108052,-0.8937811434054115,-0.06019022277116982,-0.09272123532084757,0.5034078772008101,0.057964999433569614,-0.0494067769799196,-0.17913370486092556,0.13050355851398338,0.09432799589161842,-0.2532796871869526,-0.25966952816336036,0.013652228566519533,-0.0920737823056878,-0.186859159077028,0.2303603966239458,-0.42145582975093177,-0.18707482830926797,-0.004726979238175909
0.010645755949720816,3.502879368954285,0.7847085509176482,0.10507028751354645,0.0977611878524599,-0.5937726703999517,0.7917303838540029,-0.12769062264326392,-0.08240637147577315,-0.37121307465345604,0.5532953591652489,-0.09572735749807858,0.0808055370528467,-0.910300633609393,-0.0699599040601285,-0.09465296161296566,0.5026013072276272,0.07071025804397185,-0.04902320664723085,-0.1902716795621116,0.1179217360139142,0.09639857314835408,-0.2657094936676169,-0.2576333210144622,0.014544545253391777,-0.08678854837986308,-0.18726373355292952,0.22132793949955268,-0.42575907486146825,-0.1863823987584139,-0.004791150004837077
0.011132188728606286,3.51187740826528,0.7832096744604949,0.10659122528975529,0.09867968532124928,-0.5891094175805647,0.794890385219255,-0.13432096771769333,-0.08480721313234976,-0.3783297893718067,0.5424765767271165,-0.12647105897756714,0.08814378010993745,-0.9255663521684683,-0.0788987140341921,-0.0967238171618789,0.4988643632046802,0.08483310347419754,-0.04828861889895859,-0.20093275716139297,0.1051899111266294,0.09901316045162974,-0.27845950355682353,-0.2568762875034595,0.015502527279639603,-0.08172263603666027,-0.18730430881761995,0.21257607425960282,-0.4301951380537027,-0.18581394031056905,-0.0048515972874712664
0.011481745932713583,3.520879216491446,0.7817411719352089,0.10805531191571507,0.09977000521217479,-0.5845540532175498,0.7979138766143211,-0.14067778501721806,-0.08632651654415198,-0.38531936858557386,0.5305832162556728,-0.15923871257927022,0.08772659541823452,-0.939785334250313,-0.0872088318529709,-0.09903800071529853,0.49270115053462177,0.10034230540929681,-0.0472194200624557,-0.21136064144012695,0.09225345293041029,0.10219100431661432,-0.2917292939107596,-0.25692451350261,0.01653753585698271,-0.0765667685108179,-0.18690626978939315,0.20400321650791664,-0.4348062193412715,-0.18537085862921868,-0.004896423428129768
0.011775569583634415,3.5300429835745546,0.7803356017537053,0.10953649839506739,0.10089503812998268,-0.5802539827623543,0.800704228968801,-0.14724998221819804,-0.08791946299283701,-0.39228801577574884,0.5181768464673249,-0.19164352353523403,0.08319998043542115,-0.9531044861010264,-0.0948455780147206,-0.10019222262387342,0.48408709032249486,0.11783380294843437,-0.04515261741743954,-0.2212402581831143,0.0787617738721009,0.10554660180223525,-0.305710468738478,-0.25759971668288767,0.017694598591005726,-0.07153044893879583,-0.18643879610641834,0.19552456342023103,-0.4396793531984586,-0.1850463703741485,-0.004944874176032839
0.012209942449372896,3.5389589974778137,0.7790352946008884,0.1110901781955536,0.1019001773157987,-0.5763859711481726,0.8031528736393011,-0.1539838153881072,-0.0905111628567233,-0.399477922992114,0.5057350142806691,-0.2205288852560623,0.07836492700447961,-0.9655416251095683,-0.10180442896422419,-0.09868806121491526,0.4734686419761947,0.13814364984571387,-0.04144297218127166,-0.23020750235120951,0.06502070812474982,0.10851608818249552,-0.32070433393386016,-0.25811155186895623,0.018983184909119724,-0.06605117315040343,-0.18626278982517264,0.18710427690938883,-0.44449832446853355,-0.18476249369830652,-0.005001867632988283
0.01290289469745081,3.54790851399747,0.7778882419398887,0.11285464354108166,0.10275130289216304,-0.5729964775717561,0.805221109929154,-0.161853412454264,-0.095024930081022,-0.40796877342806115,0.49431278646392124,-0.24488389881061554,0.07412527312139423,-0.9773021336003024,-0.10820459935969373,-0.09348780585887545,0.4603279790041736,0.16167377448493056,-0.03573706625804673,-0.23808868219769724,0.050351231008497026,0.11086582270646964,-0.3371326259864847,-0.25857770829372984,0.02052035263836525,-0.06056032787393349,-0.1867152960356715,0.17855096771096846,-0.4495190168099942,-0.1844893831441409,-0.005073151228905737
0.013677591444011934,3.5569902521354493,0.7769830230450839,0.11478839349381408,0.10352023533558145,-0.5700032900677352,0.806971768345791,-0.17093562647053429,-0.1009146795377894,-0.4179334775039042,0.4838854455697727,-0.26581461833743614,0.06959061834276288,-0.9880704128018241,-0.11393713406425614,-0.08539414192398076,0.4441742069192117,0.188292207921616,-0.028097015632595375,-0.2450348142448119,0.03461810991619313,0.1129669842521123,-0.354766176104143,-0.2591295424292029,0.022404704144488457,-0.05517749799601415,-0.18739187548004982,0.16999370800724284,-0.45473703955522554,-0.18420939662542016,-0.005177687224401286
0.014597356336476798,3.56611172016889,0.7762600905505543,0.11672815475880068,0.10417231083183624,-0.5674714928807306,0.8083927092139538,-0.18076700053330752,-0.10772738301096385,-0.42809605126123706,0.4748603174099196,-0.28408441405623086,0.06551806784708236,-0.9974533349210215,-0.1188571902966472,-0.07526771184534525,0.4254394639594005,0.21740824555554503,-0.01876894280422048,-0.25105685261174815,0.01864018439182921,0.11475414456934424,-0.3728072064631843,-0.26021748383339643,0.024602416846125064,-0.04971384124340818,-0.18824081366135545,0.16152879350054858,-0.45991717718447034,-0.18392547589490862,-0.0053217470381645374
0.015574199979435646,3.5754252559809254,0.7756989785195454,0.11853732770544133,0.10466743710591787,-0.5654612932888937,0.8094733814908207,-0.19120572470415995,-0.11510149580790051,-0.4369776305681348,0.4679027738592928,-0.30055124856112864,0.0629910259631566,-1.0050839346732838,-0.12277287734788721,-0.06390409924900975,0.404293410664211,0.24832562689774434,-0.0077657562543050045,-0.2562198229831023,0.0029501061421967666,0.11640109328600919,-0.3901142928902448,-0.2623496819781602,0.026918696204476327,-0.04445698679211387,-0.18900023777748204,0.15348693903285096,-0.4648070342950269,-0.18367676763387467,-0.005515799040122684
0.016502319373934086,3.584619207137913,0.7752303032365764,0.1202099895819513,0.10500190425769158,-0.5639981359683495,0.8102038392473794,-0.20214916786848827,-0.12297493433943199,-0.44386698774190675,0.46340613058636215,-0.31493442097420327,0.06235420406725176,-1.0110697560778312,-0.12567672062102794,-0.05108371779703357,0.38030905028365314,0.28359130096580837,0.005328132228321849,-0.2606144835691643,-0.011931532052629904,0.1182017672980511,-0.4070494276418668,-0.2652278146375321,0.028960785374701512,-0.03904748797608363,-0.18943989843471307,0.14614999216463337,-0.4691812846101896,-0.18352794941214046,-0.005692268223806128
0.017496156023002838,3.5935682707060623,0.7744784750990082,0.12129165845137561,0.10574488717599942,-0.5618004066002964,0.8114719068273356,-0.18147480293564822,-0.1142722444355219,-0.45024202829510007,0.38966277271814903,-0.3543589382110948,0.06102045455719142,-1.017102988720084,-0.12906856494302024,-0.038643747196576886,0.3571805838719747,0.32093421753438056,0.020527356727696774,-0.2663976929653831,-0.02491098459972399,0.1215676420946451,-0.42416654126716036,-0.2718041157227236,0.03045164784083911,-0.033088274855877765,-0.18889761837742897,0.13841824107921144,-0.4723101790182083,-0.18361601938105532,-0.006387884521667425
0.018563736227891623,3.6019204989157974,0.7741657112127114,0.12270534093693698,0.10562825066173433,-0.5617781918099524,0.8112899205428554,-0.19327931584166133,-0.12326070171251405,-0.45246311110478726,0.3911800733402879,-0.3602748926968122,0.06201408344364132,-1.0188020585236146,-0.12993134769263945,-0.021571976566785483,0.3294936009218856,0.358130460646156,0.03827720646693007,-0.2684573535332553,-0.03802962737178055,0.12269271811057379,-0.4395070818309119,-0.2746011418864967,0.03156189635944453,-0.027071046653026065,-0.189062572156469,0.13256668170553929,-0.475067418793623,-0.18358836451485275,-0.006429898972244316
0.01966927937994414,3.610046018597592,0.7738712948777534,0.1238213861924684,0.10549435630719604,-0.5625614871909067,0.8105947065200102,-0.20815634028265156,-0.13348278721436138,-0.4530898736470783,0.4005231649678952,-0.366193169046949,0.06368429677898854,-1.0158598335079303,-0.1291390523364091,-0.002996435688456008,0.2985577782162309,0.39143078061879844,0.06081127132124111,-0.268442238292751,-0.05055927210917132,0.12364620318489514,-0.4534643179287574,-0.2783053015781398,0.033322282831773395,-0.020477287957979637,-0.18905530717026728,0.12681077883755673,-0.4774529569812472,-0.1832252417823258,-0.006855076251503297
0.020744744333519267,3.617855805553725,0.7735690633174062,0.12473489736260775,0.10496149240818584,-0.5634186212489988,0.8099282361550704,-0.2212669165110001,-0.14327509372029362,-0.45233425186421006,0.4089301820025967,-0.37060863697383317,0.06586192023054968,-1.0121833253088983,-0.1286940333667412,0.01732326435912346,0.27296163293707376,0.40987108241536274,0.08474013887841295,-0.26922480478662875,-0.06045360129432782,0.12384806881718094,-0.4607866815793693,-0.2839480737010545,0.034892498399140076,-0.013966332319292674,-0.18914094465471606,0.12288034479027168,-0.47899642106711743,-0.18260425328168528,-0.0070716145069332536
0.021962280278847432,3.6255187360498833,0.7734933124737496,0.12492037973265552,0.10457002368451086,-0.5656686400756117,0.8083804788025736,-0.23274548307005635,-0.1510537229689756,-0.4477406097936771,0.41609018800027664,-0.3734752478971116,0.06857762141608892,-1.0211307572563761,-0.12327625635539391,0.06813817729990883,0.2695705734700192,0.4254410077092816,0.10980301470548579,-0.26694748714011635,-0.06912483943533453,0.12372058786047467,-0.46426086025970204,-0.2904709265020889,0.035756816312400935,-0.008675951620449976,-0.18868319164303057,0.12009633540747765,-0.47720642792099943,-0.18196881330665718,-0.007367235757564068
0.023106352788506784,3.632914652955009,0.7734264629648736,0.1252423734124605,0.10386999617436095,-0.5683328378417523,0.8065501579117647,-0.24438442320004605,-0.15929954655274314,-0.44142011959538485,0.42482350511010075,-0.37610596393732926,0.07205658034923138,-1.0202030106882278,-0.1196805052436563,0.10194088615196838,0.2590631947076832,0.42527577554716894,0.13764522591990797,-0.26433792199619804,-0.07642375082404318,0.1235271353139301,-0.4654459899103258,-0.2979706265047151,0.03667046714914647,-0.0025873100104557636,-0.18844816918830584,0.11830875893930917,-0.47646371150405853,-0.18069040970849953,-0.00757617332847828
0.02406340648752667,3.640049903305273,0.7736746257108499,0.12533060782447766,0.10313807183419473,-0.5710476464186576,0.8047107321270066,-0.2546564764762721,-0.16614382257209212,-0.4350028405747532,0.4313131238547301,-0.3765601884356263,0.07460389459944067,-1.0173810176192966,-0.11738847191677786,0.12060190579767797,0.2536731548982722,0.41346565697297183,0.15340546454473014,-0.26223742033875874,-0.08243551675555448,0.12346252636614839,-0.4635046205779008,-0.30588633937041754,0.037307421528944625,0.002883758898190437,-0.18763030520749194,0.11815343319459219,-0.474134340607895,-0.17906333209560255,-0.0076421152893482
0.024840396974713925,3.6470707417266293,0.7742314394807951,0.12506828809013107,0.10251569449352209,-0.5744323961212932,0.802418767217632,-0.2642267376341247,-0.17127901947565535,-0.4271303561422382,0.4366659983597676,-0.375576442373764,0.07633263821863355,-1.0156834667826513,-0.11470462099344093,0.1262897245302549,0.25792851965333374,0.3918357927987429,0.1571245058099327,-0.2591305319381013,-0.08709264331455978,0.12369805685740416,-0.4585478525844329,-0.3145973077888522,0.03787404523159438,0.007597575908781695,-0.18622456851562158,0.11954224981046305,-0.47049017297981455,-0.17711395566231572,-0.007586281323389438
0.025505545545545582,3.6539325134141896,0.7750583309387234,0.12446564609573887,0.10193048094496607,-0.5785326040887089,0.7996364836615667,-0.27299187941311,-0.17488504571734942,-0.41748648667155036,0.4411085059741522,-0.37324592445518595,0.07762609535316405,-1.0149527091328288,-0.11131875800733683,0.12250973667587288,0.27138788208343895,0.3619401106252132,0.15192704318434216,-0.25483558473049783,-0.09031341820908721,0.12401837358819451,-0.45067747826321963,-0.32396810751830607,0.03844809286911263,0.011892051908982109,-0.18443497006410464,0.12226376168437152,-0.46580641786505905,-0.17487411097558303,-0.007442598023010694
0.026072788365921543,3.6606386734725858,0.7761151525807789,0.12365462644420315,0.10137082181378315,-0.5829963845563528,0.7965856548030246,-0.2811204220619432,-0.1773478228435005,-0.4068336960356005,0.44461394331284065,-0.3696446688406838,0.0785737843879338,-1.0143456465555993,-0.10776776852257126,0.11320712054501048,0.2911613531141961,0.3271951012713178,0.14189749882569924,-0.2499885194145212,-0.09253004820274215,0.1244346499440401,-0.4410071663462406,-0.3336944510543274,0.03887360182308743,0.015931544834014485,-0.18243314592378135,0.12614635233475208,-0.46040380280077153,-0.17234616356738416,-0.007230380317609834
0.026598509558168178,3.667068880730833,0.7774535621984415,0.12276503141018823,0.10084331164680378,-0.5874445093130604,0.7935164283345989,-0.2885750565557394,-0.17899204864249305,-0.3960136674051105,0.4467941255956252,-0.3644700453714696,0.0791387347174072,-1.0127366221462095,-0.1046322758059982,0.10210312993739003,0.3137047416101033,0.2914363831321924,0.13088092624263536,-0.24526400107171306,-0.0941939700707049,0.12482434744340545,-0.430836878000578,-0.34315420922671847,0.03887182715787746,0.019840515840486985,-0.18035975545865784,0.130953392399433,-0.4542354199436531,-0.16946455306716038,-0.006964808980582002
0.0270714090667494,3.673426706960672,0.7789194939798749,0.12176014210525783,0.10033013901319383,-0.5919091667379781,0.79041246784932,-0.2956395799009734,-0.17990678586995915,-0.384932145512855,0.44827985038172896,-0.3582753321727554,0.07932617991166671,-1.0099065468216448,-0.10183251740582965,0.09017458542562172,0.33816767831595906,0.2544711654639613,0.11866812105638017,-0.24062668913236065,-0.09528942909486662,0.12526156500990007,-0.4199440334229152,-0.35282769860906726,0.03829309653451485,0.02351468311359796,-0.17834127078625264,0.136757929858933,-0.4479029958041225,-0.16618662370672618,-0.006696429790144706
0.027449599329206185,3.679813514245199,0.7805054499802209,0.12060603270373994,0.09981738450411619,-0.5964717681944691,0.7872179522681025,-0.30239129559260597,-0.18005873308782,-0.3734411696605965,0.4493055411711876,-0.3512571955101347,0.079194955051594,-1.0059738336941564,-0.09941623538091508,0.07648027236616742,0.365123802031167,0.21507105009411098,0.10402047083680288,-0.23594766585772997,-0.09580690046886992,0.12568480783655755,-0.4078826469489089,-0.36261229037550086,0.03713867356244142,0.026782178974025843,-0.1762698955353527,0.1435864168288448,-0.44130813472523267,-0.16250799067727437,-0.006432269367090869
0.02779907767086537,3.686075219374712,0.7822379313757468,0.11940643088471564,0.09932723583816766,-0.6008984358991103,0.7840900931768774,-0.3087458281260835,-0.17970638239141457,-0.3622047632243088,0.4494805285105185,-0.3432238483876447,0.07867332918490062,-1.00116177329284,-0.09784430253761417,0.061627384634096095,0.39416735181531487,0.17531227101713523,0.08908812673387047,-0.23154600544982146,-0.09600658873023139,0.1260334040521992,-0.3956969843513873,-0.37210472138703027,0.035511103095101304,0.029991253296043054,-0.17415877570607585,0.15092742956925373,-0.43439787699582366,-0.15854119589327303,-0.006129075815160519
0.027966962766534244,3.6922110623948337,0.784078453927274,0.11825898487766384,0.09890959042688763,-0.6049260713880344,0.7812145374814317,-0.3149704233717352,-0.17906007788661954,-0.3519624178560468,0.44879917761070015,-0.3343442275026201,0.07796239190331193,-0.9957779426469058,-0.09731728550014428,0.046347685129007096,0.42436683140029624,0.1382408835351542,0.07669950069061249,-0.22773757693273147,-0.09647281518718465,0.12665508456440727,-0.38432936486305674,-0.3810953645618058,0.03371259925095197,0.03342627292826203,-0.1717814036689807,0.15829280250862152,-0.42771590573596574,-0.15450142709332312,-0.005775719065705937
0.02817573727866347,3.698438765598276,0.7859715854054514,0.11723182375814681,0.0986053603513225,-0.6084114489721069,0.778697111313497,-0.3214712211663819,-0.17847073376176287,-0.34321045808284123,0.4475276544037578,-0.3247771234591953,0.07658191499291024,-0.9900816185889051,-0.09845646345428137,0.029793929862432407,0.4552836239355779,0.10525234828610382,0.06767194037666473,-0.22459516667757928,-0.09769712847569031,0.12724457318534393,-0.3742896650370213,-0.389871498196207,0.03218462402263438,0.0370011508202683,-0.16958174994933864,0.16520469703216561,-0.4216144007769854,-0.15049009393107288,-0.005379638187233355
0.028291764128244124,3.704693011817316,0.7878881445829915,0.11623521376252254,0.09839558753851899,-0.6115051627736721,0.7764464690728357,-0.328107309362564,-0.17765930817012626,-0.3355298936019646,0.44582480118849294,-0.3146215447255256,0.07466391288646505,-0.983810617663494,-0.10095824043016832,0.011691350645149883,0.4873160411615094,0.07543666138853634,0.061077573361007456,-0.2222481591071439,-0.09917581226221409,0.12797775175608606,-0.3646730329509323,-0.3983076231042073,0.031083585816514533,0.04043817828327297,-0.16728635966228209,0.1724245014246489,-0.4158437336497106,-0.14648978947087143,-0.005043653940882899
0.028322448181140682,3.7109105799623814,0.7898218081368145,0.11524243127538933,0.09821617534968496,-0.614368446969517,0.7743540380870237,-0.3345744879239825,-0.17662274744822104,-0.328545566179968,0.4436300462020944,-0.3041278575386032,0.07242499085589524,-0.9768568180367937,-0.10419021380770681,-0.00602705805437584,0.5203800884724004,0.04818232346228018,0.055604654297033915,-0.22014522630559336,-0.10092680363384535,0.12888925688337036,-0.35612094286932966,-0.4062651821482418,0.030280017893872652,0.044001299741786196,-0.16482599226007516,0.17931306535248998,-0.4103632264151194,-0.14264681994591283,-0.004657513484831823
0.028236264942191256,3.716912838376833,0.7917769303985259,0.11421891903844705,0.09799709910030313,-0.6171766785713642,0.7722975815896563,-0.34039414083934305,-0.17529559828432809,-0.32178054370029463,0.4407279965783366,-0.293430096703961,0.07022359407195843,-0.969090109085682,-0.10722163302286225,-0.02087456232742337,0.5541849049421935,0.02277000443910055,0.05010563044933062,-0.21792197533786034,-0.10269551316484136,0.13007963403591088,-0.3490466937245384,-0.41359707805324825,0.029526858112840088,0.04791163293275168,-0.16211221382729477,0.18544610322982236,-0.4050420145712782,-0.1391397281997738,-0.00422683169049673
0.0281253457598431,3.7227927290164984,0.7936804352431892,0.11316209768873314,0.09771400184853703,-0.6199250963646331,0.7702851344708196,-0.3456004159956137,-0.1737841514855783,-0.31529785671723093,0.4372381211453676,-0.28276091202947884,0.0678760139384243,-0.960783436500796,-0.10974491025477699,-0.03160241590392437,0.5888288604010612,-0.00160658417238065,0.04400836121741154,-0.21579346147268197,-0.10450933780129162,0.131492752126311,-0.34346103515336684,-0.4205171322135275,0.028641240209755038,0.05188012798771208,-0.15935428097377452,0.19087781719511282,-0.39991317394997283,-0.13619817488789132,-0.003812929269963463
0.028105009036646176,3.7286834558254447,0.7955343122708969,0.11210835842739808,0.0974181994812575,-0.6225370698084254,0.7683677551113672,-0.3504901624905945,-0.17222159402449883,-0.3093423229388679,0.43328852265033113,-0.27210488170416514,0.06508481249979926,-0.9520655945422106,-0.11209217433245601,-0.039087776118208094,0.6241777134942027,-0.025105143740428243,0.03767762743721578,-0.21367415898628792,-0.10667929699644525,0.1329788270185669,-0.339478912102867,-0.4271522594194908,0.027622813599282724,0.055870314422696736,-0.15672355507992952,0.1954373443861637,-0.39505035705514363,-0.13390030535022715,-0.0033726512572015057
0.02812309668027614,3.7346283616781553,0.7972905668122737,0.11106219328412625,0.09708943363927679,-0.6250924841672567,0.7664843229552252,-0.35519791916007876,-0.1706839195477002,-0.3036580647301445,0.4292181786249793,-0.2617663316056279,0.06215434250978834,-0.942895736549697,-0.11422747146159734,-0.044074115653135904,0.6598840048844391,-0.04773315476173889,0.03152651747431568,-0.21135302466386666,-0.10908434168589831,0.1346044084532603,-0.3368097380213628,-0.4336484178380309,0.026554555336853483,0.06007916046172334,-0.154188914994976,0.19897845646720333,-0.3908318996874126,-0.13215991832624735,-0.0029041988313525152
0.028091052498041693,3.7403572088560177,0.7989521847936686,0.11001613007819852,0.09667846802350706,-0.6276822566821971,0.7645683158420753,-0.3595483086506817,-0.16911352805671306,-0.2978984424898248,0.42518051628361936,-0.25169470149857476,0.059415405053950876,-0.9329032056935869,-0.11611566850585228,-0.04743037695294861,0.69538704469646,-0.06929854363505981,0.025840737059535372,-0.20894930634801542,-0.1111090371357258,0.13636354730259578,-0.33484751981656863,-0.43986030640119517,0.02550081646289102,0.06452933794818648,-0.15158046647872425,0.20173650894169634,-0.38686723540626133,-0.13069035580205646,-0.002475896171111839
0.028091364465354197,3.7460281543556078,0.8004784653354525,0.10895334024681137,0.0961905261793607,-0.6303249730745956,0.7626053898582865,-0.3636328375462325,-0.16761752522164425,-0.29207195033455274,0.4212505236603965,-0.24206569303479558,0.056808087325554174,-0.9221051897815964,-0.11764523315979364,-0.04923261693880403,0.7302536052559756,-0.09021226312582097,0.020869791852528876,-0.2065153662143098,-0.11293714333505038,0.13818800989180371,-0.33361270283082783,-0.44608802181497875,0.024590809969797223,0.06888301564587454,-0.14898453813992443,0.2035075589648384,-0.38321040525519545,-0.12927111222386273,-0.0020756820676498936
0.02809553320780803,3.751665072490256,0.801924041259019,0.10793560592152507,0.09561768162148736,-0.6329717982098386,0.7606272849475538,-0.3674114052914623,-0.16623047150103268,-0.28628590682064725,0.41712442167291697,-0.23266750052895735,0.054238326294632905,-0.9106059758118399,-0.1187560298860001,-0.04926466246802591,0.7645439633775551,-0.11067223724616027,0.016622405985849416,-0.20392131546634962,-0.11486290178328588,0.14003469393420495,-0.3333617573398451,-0.4520866185339865,0.023833939562230115,0.07329840218308274,-0.14644360144191756,0.20418509504023832,-0.3799688826274314,-0.12783416934401276,-0.0016386490243305884
0.028124080798989152,3.7572301778210773,0.8032572847320508,0.10689416545135956,0.09502305292635788,-0.6356161695674462,0.7586411152774536,-0.3711774673505775,-0.16484714618386204,-0.2805227572277607,0.41340183363718497,-0.22380029284007522,0.05194117183235778,-0.8984068443486863,-0.11946258091449397,-0.04811233281551318,0.7982693570714405,-0.13001618030379006,0.012815523006541048,-0.2011348535499844,-0.11677349384532934,0.14191748791988806,-0.3339589884437492,-0.4579824220105098,0.02314735832306006,0.0777594422320775,-0.14393678209472208,0.20396805526452486,-0.3769430834113813,-0.12641303795898814,-0.0012190135460226107
0.02818977188691544,3.762801834297643,0.8044610396565343,0.10580341784358639,0.09448478742037551,-0.6382394758005155,0.7566562186677805,-0.3753331675843347,-0.16340159667211637,-0.27477857147525453,0.4105850178600587,-0.21579840973186437,0.05015748581702021,-0.8855555920575601,-0.1198710500623468,-0.04650292595126603,0.8311070806253784,-0.14716325306649877,0.009123122814940068,-0.19799430549210884,-0.11889051745379102,0.14384379021702504,-0.33530942316691964,-0.4637660231549796,0.022339522190173013,0.08216918516505939,-0.14141230154396892,0.20289286184800115,-0.3740772688778225,-0.12513260147562716,-0.0008034336308135287
0.028159029598895883,3.7683139753607664,0.8055521256159194,0.10471017917187755,0.09394644624561062,-0.6408305569729267,0.754682741862686,-0.3798169734826118,-0.16194147875094594,-0.268932704209754,0.4086662331246593,-0.20862020079812255,0.04929465256506819,-0.8722284741355928,-0.1199197180600354,-0.044202422256533834,0.8633223362120426,-0.1609787654146817,0.0052805753761184775,-0.19483164840051587,-0.12097060710171276,0.14591475316765057,-0.3369442844907985,-0.46918122702391196,0.021106863865857146,0.08659317050777404,-0.13882419007572616,0.20132050031665938,-0.37157110048290387,-0.12419433054007913,-0.0004219744346813008
0.028167366911875696,3.7737537476275103,0.8064883868647482,0.1036260236205834,0.09336584400214296,-0.643397904673093,0.7527174786496104,-0.3844661641599814,-0.1606360857598182,-0.2630137700844841,0.40749521871856353,-0.20219660426052283,0.04909280330068504,-0.8584290403428785,-0.11969942018571135,-0.040989317436580755,0.8950128262878974,-0.17161389075137296,0.001293738856146602,-0.1917480752165626,-0.1229035970937284,0.14789700843221912,-0.3389245072859059,-0.4743749764482779,0.019328112110410103,0.09103326360396394,-0.1364972516696484,0.1991768123734667,-0.3694453772540486,-0.1236832262560305,-5.937177061918004e-05
0.028212855139988686,3.779159066636948,0.8072986353535918,0.10252954953188222,0.09283777697390756,-0.6459684833041801,0.7507286841576183,-0.3894372084580242,-0.15929386881281443,-0.25711407711131445,0.40702279313293516,-0.1964868772881532,0.049177984718799195,-0.8436133268084424,-0.11930818972182285,-0.03789119458897412,0.9251588084782836,-0.18005523626280276,-0.002220676992829305,-0.1880058278105887,-0.12513234134818566,0.14986422025835178,-0.341801558372756,-0.4793478312105066,0.017150443858524607,0.09559333787379905,-0.13424350473423358,0.19614406737358428,-0.3674725681587479,-0.12348447810980286,0.0003627322436050436
0.028257200597993942,3.7845629401607015,0.8079863072985903,0.10146690475430285,0.09229746444269062,-0.6485762118256291,0.7486885485640525,-0.3945920016883493,-0.15799793059601427,-0.2511823893080803,0.4070051812556628,-0.19138973721397493,0.04923185134504513,-0.8273194439886524,-0.1192770884405401,-0.035821028862133064,0.9529814264201586,-0.1879655184189394,-0.0045671942069976735,-0.18404391167767004,-0.12737268840218893,0.15165691957671842,-0.34452185723142553,-0.48399666912496453,0.014863981095213814,0.09978137601183408,-0.1322863493502563,0.19335749289810475,-0.3655470481241435,-0.12339268483245636,0.0007007897088353915
0.02826859899150835,3.789939602179336,0.8085624575239041,0.10040416496520826,0.0917728597502164,-0.6511957263269014,0.7466196299887147,-0.399931685426159,-0.15665463196839383,-0.24530644402156898,0.4074958476326791,-0.18691694629985747,0.0492588282132079,-0.8090680616876458,-0.11980830331332813,-0.03541911778463063,0.9779575015703302,-0.196303650900809,-0.004806441800740756,-0.17942481614819944,-0.12985682680877197,0.15338763518711057,-0.34772877087801896,-0.48834117205033273,0.012701398317219595,0.10387672276478353,-0.13039447893007564,0.19022258427996921,-0.3635173072494051,-0.12327482648846831,0.001078436265974313
0.0282937999550508,3.7952785771899276,0.8090207801463719,0.09933923057462722,0.09125059170629578,-0.6538269268039011,0.7445236037683811,-0.40543729434825904,-0.15531905610613958,-0.23943931809384814,0.40852972396178117,-0.18308202343246383,0.04938886943144474,-0.7890327416176507,-0.12079271652785972,-0.03630000658097473,1.000337965071842,-0.20487407484270465,-0.0034069668660076232,-0.17432200596842287,-0.13246596098397856,0.15503250455859854,-0.35144638689805124,-0.49242003975527243,0.010751076923154062,0.10782134310755441,-0.1286189030105298,0.1866592991450442,-0.36141162276185596,-0.12307937916855435,0.001443835888289315
0.02831319529814499,3.800617681068855,0.8093429941390663,0.09831269003992722,0.09075745561417385,-0.6565144597782796,0.7423519807541348,-0.4112583781702347,-0.15394631596376626,-0.2335145112735745,0.4100326369192945,-0.17983402863545125,0.04952320052598112,-0.7677880956288146,-0.12198708442283686,-0.03804550471624251,1.0204041944755722,-0.21342823495364213,-0.0018631695324993203,-0.16884141520790039,-0.13511911593509202,0.15655896133974412,-0.35515003017396424,-0.4962768074137527,0.009017852185514381,0.11136193269959524,-0.1270679692684884,0.1833097536476244,-0.3592990564292143,-0.12279757496863175,0.0017509138616227929
0.02834768783014429,3.8060203696648833,0.8095785732263142,0.09733977566973279,0.09038171604955902,-0.659300299055275,0.7400535312679258,-0.4175087864356801,-0.15236933476082618,-0.22748305922805057,0.4116894591087872,-0.176972204199398,0.04950117361203416,-0.7458931734512285,-0.12307635733465233,-0.04029641212237508,1.0381891496042537,-0.22171451495437913,-0.0018073603250823634,-0.1625569893603909,-0.1381420824162407,0.15791363718289084,-0.359038085808035,-0.4998299763383667,0.0074404074872867106,0.11442327455551035,-0.12572418222986803,0.1802029886544918,-0.35710878251419764,-0.12246042048979952,0.0020718102013664373
0.028391761676449433,3.8114624882719337,0.809773968714162,0.09643842840528456,0.09008541386639783,-0.6621900600581799,0.7376235978433594,-0.42392952110481974,-0.15058856104755364,-0.22123077418896436,0.41307342974033484,-0.17434656234401538,0.049259215236866896,-0.7234259937222665,-0.12423965434785632,-0.04308883442429294,1.053812035161878,-0.23022046550030903,-0.004083150749675158,-0.15617549838458292,-0.14112964049763804,0.1590501583171895,-0.3622807691452434,-0.5029364059926623,0.005897695669472568,0.11650520351700469,-0.12476503370477832,0.1784336007279609,-0.3546402762037661,-0.12214188242774948,0.0022717878947487043
0.028328777867930702,3.8169988945998794,0.809839586138623,0.09556474274082202,0.08989801575210592,-0.6651402677235945,0.7351014562366877,-0.4308077606419606,-0.14853166695157302,-0.214918084171112,0.41473715869399985,-0.17230901192626996,0.04902026426898656,-0.7004243110498855,-0.12544787983369765,-0.04656223551897071,1.0675207418212698,-0.23940172175778052,-0.0078005219685748865,-0.14908562708206863,-0.14446303016211873,0.16024754485149414,-0.36564056306506565,-0.505853677550707,0.004370177137212674,0.11826093227247447,-0.12388697465927984,0.17716479158844708,-0.3523618050390522,-0.12196877718485107,0.002517785915659601
0.02835540231438227,3.822499530100352,0.8098877672198097,0.09475659290766891,0.0897654794212289,-0.6681796809453437,0.7324610984732123,-0.43788338495351814,-0.14639429204794263,-0.20853035871647976,0.41645329920402196,-0.1703286624066557,0.048619359590070105,-0.6768524113275198,-0.12668510286827417,-0.05008659414098263,1.0789633948236599,-0.24832000904086582,-0.012380212115048275,-0.14159053884861425,-0.14773489847907276,0.1610514216885244,-0.36880026165150415,-0.5083910849099006,0.0028882853118791844,0.11944505303812454,-0.12335336321440514,0.17622076148010668,-0.3498069902181144,-0.12184884365838967,0.0027296355883727123
0.028370874887203145,3.828023971834944,0.8098640748400994,0.0940201434887085,0.08966559604348176,-0.6713074223574278,0.7297031164743337,-0.4453518155293991,-0.14420964600662556,-0.20214059036783769,0.4185904653223487,-0.16841637430609074,0.048283516868113746,-0.6531906465796237,-0.12756570342719545,-0.053017298094103174,1.0883880679533056,-0.2561736307956561,-0.016650417937567635,-0.1338807873288151,-0.15068472390791066,0.1616605236736446,-0.37110394522905693,-0.5109148937534218,0.001543794794558163,0.12008161057845017,-0.12298602715472377,0.1755949719143723,-0.3473916095731897,-0.12169974749973793,0.002877808706301096
0.028420426749849206,3.833598721611429,0.8098071516374622,0.09335280223276358,0.08959293049529701,-0.6745625667646882,0.7267900003717651,-0.4531423070596926,-0.14198839698717047,-0.19573973730580685,0.4210652951493575,-0.16659224978987197,0.048122704123076204,-0.6294421350802804,-0.12808388662909598,-0.05528100975035103,1.0956211487207195,-0.26280944571256887,-0.02051354234411724,-0.12589413344784678,-0.15327485687583053,0.16197657945576,-0.37242323883222583,-0.5134618604177056,0.0003372517579924448,0.11998612499106713,-0.12281075206236905,0.17521919388897667,-0.3448758842956048,-0.12137624326104493,0.0029806296673941515
0.028527962651067853,3.839135812820978,0.8097287820790185,0.09275162350103223,0.08956275919106688,-0.6779271790793232,0.7237336446300919,-0.4611488534854728,-0.1396841898852466,-0.18930197657437825,0.42372056190373575,-0.16480998554191095,0.04802846002013417,-0.6054591984288846,-0.12832744709098173,-0.05711388905317224,1.1006127803579913,-0.26842795765540195,-0.024347812920936643,-0.11745432419668225,-0.15556882243675169,0.16199904839899176,-0.37315338144289506,-0.5159810028673459,-0.0007608239376578304,0.11953106024148166,-0.12288737333102037,0.17501343584235965,-0.34240067601593527,-0.12082385694582573,0.0030782713226866296
0.02852117091687128,3.844729146642984,0.8095607444572287,0.092215735565449,0.08957971475507182,-0.6813109372519071,0.7206158058212784,-0.4696724312636982,-0.13725783106124329,-0.1829029320297376,0.42684934345982056,-0.16305951160855306,0.0479900787416208,-0.5816207428829938,-0.12800454671266506,-0.05823653312296404,1.1036983713906807,-0.27275465022848366,-0.027630246807952098,-0.10899668342677928,-0.15757308063117134,0.1620402948554237,-0.37292911071645624,-0.5185431997113964,-0.001677398275440573,0.11851441462171301,-0.1230079771214011,0.17532693523472762,-0.34017071500664914,-0.1201291548490362,0.0031070197373294335
0.02858508595046391,3.850479293967053,0.8094034023262189,0.09178403311034664,0.08965262347179637,-0.6846286251056632,0.7175107971707126,-0.478745695670978,-0.13488450444571928,-0.1766496493463809,0.4301702430951766,-0.1609048595917169,0.04750794446188212,-0.5582731656238901,-0.1270076919789051,-0.05810449645809109,1.104784515399864,-0.2751564612982498,-0.030266408039897563,-0.10074223262837557,-0.15962367402380018,0.1617403499130613,-0.3720760930969071,-0.5207902817440271,-0.002336584850587827,0.11667010658088119,-0.12343449569286913,0.17602411119812875,-0.3380186894906906,-0.11945650535218133,0.003124995157861194
0.028703129223663533,3.856267104217974,0.8092303419404101,0.09142418023321253,0.08981391075039269,-0.6878671442044241,0.7144325528896729,-0.4884026568259625,-0.13247548738030465,-0.1704461786204478,0.4338336299555203,-0.15828840705218034,0.04667505910687881,-0.535380132769865,-0.1252381418378209,-0.05680516076492946,1.1039477831738969,-0.27522551992098854,-0.032497677932600146,-0.09257224248300802,-0.16147632219467095,0.16125549131201794,-0.3707752960364344,-0.5229329323549516,-0.0025852867224596034,0.11427897685499064,-0.12403243149746543,0.17710545488804638,-0.3359319543088661,-0.11894319808395183,0.0031001384575749407
0.028768796219647872,3.86218153582993,0.8090544596362483,0.09115936860351252,0.09003045344106216,-0.6910602114121743,0.7113510182546774,-0.49856905455404477,-0.13001595737289132,-0.16427386324664134,0.4376840681645765,-0.15532258151523365,0.0457186981878189,-0.5130501843703573,-0.12276647832505744,-0.05436904080518581,1.1013190441371596,-0.2732396618338754,-0.03420108010653622,-0.08461677262705562,-0.16314463422150777,0.16066042901676025,-0.3685724246131349,-0.5248338986515293,-0.002379963377365354,0.11118811234401087,-0.12475206647671246,0.17892107596140874,-0.33414359397661064,-0.11866883031117431,0.0030142780989045213
0.02875144856827613,3.8680313572453535,0.8089231649336988,0.09100107251538668,0.09025126565862975,-0.6942258208409054,0.708254208265532,-0.5089498130534367,-0.12749462060456007,-0.15830291369147595,0.4415105654855354,-0.15176756528169683,0.044382685535190675,-0.49096456519983617,-0.11944840972506471,-0.050527267820773984,1.0965970033846442,-0.2692604499600209,-0.034653037825477906,-0.0769975067291699,-0.16431015728632312,0.15991304349898422,-0.3654340355811438,-0.5262802157528522,-0.0018497429249553527,0.10758463811526142,-0.12561922299577016,0.18145335312389602,-0.332482816070698,-0.11861874492824694,0.00289027783357136
0.028664879831852893,3.8740009774794255,0.8087600702827074,0.09083338541873963,0.09059271661079159,-0.6973470871747635,0.705159057092313,-0.5199252723936076,-0.12468264256305352,-0.15301783598554025,0.44574373290410446,-0.14800742351362786,0.04241766375354096,-0.46935459791164313,-0.11465222083946752,-0.04492821573122627,1.0898701954116679,-0.2638961584546793,-0.03286221043092132,-0.06913950299841877,-0.16559921023722557,0.15929371728753303,-0.3623058055963137,-0.5275350359424953,-0.001105995109284388,0.10373099046588742,-0.1263113261530692,0.18356150950355177,-0.3312909429920901,-0.11872748079400523,0.0028453512658224893
0.028496729676809083,3.8800338002306636,0.8085723271720687,0.09066509162406144,0.09105222454019084,-0.7004238783506787,0.7020653275894464,-0.5315436149420816,-0.1216002280503478,-0.14864364480428235,0.450512225490195,-0.14397452978448397,0.03956720574830467,-0.4479836719253883,-0.1082911361643155,-0.03752539932654472,1.0808101198810804,-0.25722662171828914,-0.028258902680689004,-0.0611097925997719,-0.1668766226148326,0.15881593977217923,-0.3591528925423244,-0.5284142073379011,-0.00014807076754749294,0.09968298445785773,-0.12675073116609165,0.18508460057055967,-0.3305290759955208,-0.1188288700386611,0.0028111129182651264
0.028285845514603353,3.8860945105764286,0.8084343941398493,0.09048855313514628,0.09164533932633769,-0.7034714058743806,0.6989570334780172,-0.5436795378749497,-0.11822365113006171,-0.14495798209221203,0.4555876062635187,-0.1394871946584833,0.03599377903717174,-0.4267639049727388,-0.10046040773550652,-0.028379687707739475,1.0692415911177393,-0.2491041190407706,-0.021221954911766403,-0.05289290164947254,-0.16812595992381824,0.15836761540817085,-0.3559579831664119,-0.5287267505638221,0.0010349320176834473,0.09529972811062756,-0.1269834683866193,0.1861878554758485,-0.32994487842439973,-0.11881693604540414,0.0027667374339264647
0.028003275230953858,3.8923420649701352,0.8082452193469315,0.09041972653701062,0.0922696609990971,-0.7062582465029729,0.6960674334851686,-0.5559532420001463,-0.11510112366179671,-0.14231543496399696,0.460167829075396,-0.13483179785865215,0.03248759788662527,-0.40618023853149543,-0.0918362909096273,-0.01814699901234646,1.0562930278973384,-0.2413853362374903,-0.013420614602863694,-0.045375695954784176,-0.16914146461872645,0.15812196847214466,-0.35250266300765143,-0.5290939348076703,0.0019650559144695815,0.09098701164023489,-0.12728649057241362,0.18706910611535252,-0.330911647886977,-0.11882681224694863,0.002770138139172231
0.02761435054117567,3.8985771213440765,0.8080381020900588,0.09026168486363083,0.092975758381734,-0.7092531348071246,0.6929417921912248,-0.5686070375009016,-0.11117072893584104,-0.13897154297725456,0.4653086274703927,-0.13008979316169472,0.028657226712805375,-0.38584609327290725,-0.08127318988754613,-0.004993312251617204,1.041224398591563,-0.23263378884506633,-0.003751227649401765,-0.03712259288733678,-0.16997079078507238,0.15794384541975937,-0.34887446931259086,-0.5287667227044328,0.0028417416974679663,0.08620615586281538,-0.12747564180847556,0.1884371894013136,-0.3316468215593059,-0.11878549361337108,0.0027080365503538684
0.02721887298857961,3.9048647506871434,0.8078165450745927,0.09007417454894823,0.09376555358281546,-0.712298212567692,0.6897288745684816,-0.5814501048588465,-0.10678162923946119,-0.13530789044574143,0.47046287863985126,-0.12534860463027186,0.024737670689510705,-0.36595315565878134,-0.06881023294988643,0.011372859214259384,1.0242666570233065,-0.22344966798822502,0.007396889522320399,-0.02864742185875912,-0.17066449086327098,0.1577693481430038,-0.3451856685891858,-0.5279132743687389,0.0034125104030783807,0.08099462000980505,-0.12771843466357044,0.19009791900533513,-0.33258075737237813,-0.11873802769821559,0.0026369995487354058
0.026794728464156474,3.911253283417706,0.8075230711386682,0.08981281018521266,0.0947037180162028,-0.7153621631382309,0.6864560003894881,-0.5947608781967646,-0.10187072533189534,-0.13170440236183442,0.4759725986681802,-0.12071064172521351,0.020686835209475722,-0.3464410059528154,-0.05449574706032257,0.030700506380528795,1.0055076154826683,-0.21418071032894812,0.020078871620859376,-0.019754353743731565,-0.1713025573667646,0.15782928644722263,-0.3416964936362122,-0.5268309679513352,0.0035961428909421166,0.07555942108137326,-0.12780618670800528,0.19167085597467523,-0.3339431711197771,-0.11870950553382162,0.002598740287075835
0.026319193474998132,3.9177155399697416,0.8072072405674747,0.08957734235640884,0.09568035259959173,-0.7184852864382145,0.6830813004574027,-0.6082871012484082,-0.09662557446786875,-0.1280100470156226,0.48148932646912274,-0.11601705625747412,0.016631076701069246,-0.3273250372000257,-0.039415120118781316,0.05200319339322898,0.9852329193502289,-0.20509133738916865,0.03338993802140763,-0.010768463238556212,-0.17168412858332668,0.15796844542797,-0.33792788799457546,-0.5252374518703975,0.003458733341639267,0.06970592180470539,-0.12791750176802497,0.19366131992269425,-0.3357040781335549,-0.11873415538751357,0.0024952288095684474
0.025853388093138616,3.9242100287344224,0.806861636098708,0.0894464951689251,0.09660022252341041,-0.7216831412596766,0.6795889677827235,-0.6217367732286156,-0.09130858772936576,-0.12409880191305211,0.48665043847182676,-0.1111538723420837,0.012715321721526833,-0.3087921443589673,-0.024842715591185473,0.07395539777349666,0.9640729257372311,-0.1964352071256373,0.04620836046237164,-0.0018898155345489572,-0.17165542962975863,0.1579173766602594,-0.3336761219986576,-0.5232332516368449,0.0032131240827841454,0.06341918325875218,-0.12846587578046204,0.1964854735379039,-0.3378380007638931,-0.11893099498825613,0.0023224793052775156
0.025309696044268682,3.9307942217176293,0.8064702352627915,0.089314858685262,0.097579077842505,-0.7249424333030312,0.6759879052040183,-0.6353148337584159,-0.08562043565454669,-0.12016473248814812,0.49168463079610475,-0.10629033547337807,0.009098604741088995,-0.2907962675418857,-0.010514397996944418,0.09624399219086169,0.9420375524233524,-0.18823810906996882,0.05883502967499825,0.007510773769642022,-0.17159441324127803,0.1580021501344136,-0.32970331361873084,-0.5211445768846036,0.0031796015545339043,0.05700999834840192,-0.12906609664678703,0.19942304911144182,-0.3403216948243321,-0.11940369846531555,0.0022336316727844083
0.02479496563428283,3.937448197641246,0.8060251227399271,0.08920143142350732,0.0985927955014229,-0.7282548121729302,0.6722852771362622,-0.6490042996799718,-0.07967057768293007,-0.1161905538549203,0.49661430831127445,-0.10141453933786344,0.005582071662344848,-0.2732487197490024,0.0036260172244961387,0.1192949121905448,0.9190245274375393,-0.18040574744304413,0.07133920269554496,0.01719346254998424,-0.17131923842194213,0.1581019193422298,-0.3259644529532273,-0.5190337989704994,0.003521322438988327,0.050398509029935555,-0.12991262459203493,0.2024852317389262,-0.34315617971460255,-0.1201655665454721,0.002143266062736175
0.024289225388248424,3.944189357901829,0.8055361575223293,0.0891334434788303,0.09964872097855432,-0.7315914970208326,0.6685052304565464,-0.6629558866593963,-0.07352406647010287,-0.11224112351091753,0.5015228504667808,-0.09638223538752136,0.002337022035411059,-0.2564077417480226,0.01711731537920948,0.14232132145894963,0.8953157611973039,-0.17293234585161232,0.08274319619742233,0.027052489137085495,-0.17086524594547345,0.15823976155048136,-0.32235013164450915,-0.5168963331697652,0.004173110664184298,0.04347023779244128,-0.13101390782562053,0.20595350346509078,-0.34624766124846695,-0.1212367554188794,0.0020256665870875957
0.023755758898941604,3.9509502697128673,0.8049951895697998,0.08912626665368185,0.1007513414169277,-0.7349117791074222,0.6646881620160154,-0.6772846697967713,-0.06726199590558705,-0.10839930556106561,0.5065712924903947,-0.0910446340403477,-0.0003588153910105798,-0.24053817352012888,0.029337034864856067,0.1641840790571966,0.8712738452659208,-0.1657587947492708,0.09181396860949646,0.03696587121752983,-0.17014763807178723,0.1584368968138738,-0.31880522401782335,-0.514793618119846,0.004907089105990437,0.036204646260983284,-0.13239034330392768,0.21015731057890547,-0.3493910547504957,-0.12265498734262588,0.0018603574325333828
0.02320755780363414,3.957913438344443,0.8043401963945432,0.08954876358481263,0.10162472369279694,-0.7371896509732904,0.6619704320984972,-0.6907072813384717,-0.06343956701548148,-0.10673370944245007,0.5091298318966397,-0.08619029130089635,-0.0017044858093881949,-0.22800284423911213,0.0380808726284796,0.1792601372980085,0.8509591920146382,-0.16231536928134765,0.09554816283479302,0.04389363321729288,-0.16873539200849985,0.1585964321188135,-0.31560787139401814,-0.513779190245414,0.0052148300512691965,0.029668798846562924,-0.13408814852535514,0.21316757519095092,-0.35364553725148684,-0.12370756344150323,0.0016624963319846803
0.022626002001430397,3.965014839204386,0.8036606731773157,0.0897828181843866,0.10271973696790128,-0.7399994968187835,0.658626180700449,-0.7053414600279948,-0.05817410176840239,-0.10430242720588241,0.5131905927478715,-0.08019562200583216,-0.0029244029217445687,-0.21574392091386557,0.04736221709422271,0.19640028632989964,0.8287041346369628,-0.15836672538543287,0.09910610688204033,0.05238354250515648,-0.16737589986636445,0.15883100856156893,-0.31202841972298057,-0.512484926330259,0.0054129885537901445,0.02218766133074759,-0.13598776242356025,0.21779638124414288,-0.3575460174483252,-0.12499825419954862,0.001463237729522681
0.02215731026342422,3.9722901908114308,0.8028722518447795,0.09001260855263023,0.10387786270887232,-0.7430289410118754,0.6549924524445738,-0.7206797914924066,-0.05240196155946403,-0.10143442586463837,0.5179350214661689,-0.07396033891876028,-0.003939098808198246,-0.20442346978038853,0.055795131919003,0.2134712715893545,0.8057891198900753,-0.1541739048800863,0.10111555118620925,0.06156649558564646,-0.16604537512812323,0.1589305981994878,-0.3084875309227421,-0.5111653825486031,0.005515095206290978,0.013970806142079554,-0.13837858380530696,0.22341865904335365,-0.3613295250401861,-0.1265690242640211,0.0012548570784546103
0.02165369008471634,3.979498570394514,0.8020197224367088,0.09026911430124843,0.10503371425282214,-0.7461897035046311,0.6511684361647101,-0.7363490074201403,-0.04628255538809366,-0.09834435410217662,0.5230809962564235,-0.06746275122479241,-0.004663555220111957,-0.19401921681193826,0.06269616250706933,0.22885133403374225,0.782499616619942,-0.14941297215040858,0.10098584261346162,0.07119843695644726,-0.16449819581556194,0.15906414289564805,-0.3051933396145433,-0.5095807258419022,0.0055831151275252955,0.005360940588562483,-0.14102707498322678,0.2299664556131397,-0.3647866947695712,-0.12835652886795315,0.0010275173464614818
0.021237235417748676,3.9867734781432995,0.801114006960958,0.09055290941855697,0.10612569592755146,-0.7493962432292895,0.6472578913335503,-0.7521872354208551,-0.04014270480241468,-0.09523738146011095,0.5284112067594811,-0.06072827803703256,-0.005029757322396322,-0.18500758557323455,0.06742621160304499,0.24118350487667803,0.7595176892227133,-0.14360063621490843,0.09854787866781596,0.0810177266631781,-0.1629217019646163,0.15909592993134938,-0.3023828032698653,-0.5078620799631594,0.005776917050878961,-0.0037563303797147167,-0.14410580055517586,0.23719246217769835,-0.36800648814299675,-0.13026314095642805,0.0008045914345166562
0.020845048880051762,3.9942277408764295,0.800119637197966,0.0908704189913928,0.10716617856657402,-0.7525753554948122,0.6433415200541792,-0.7682319440758285,-0.034070012943384465,-0.09225975229271302,0.5337710698996501,-0.053784081377250194,-0.004883391503699029,-0.17757223353086585,0.07025759979813317,0.2501714672162529,0.7370708398261909,-0.13675806785289002,0.09380680371708697,0.09084408302943538,-0.16141011598080773,0.15916522595697716,-0.2999869682987271,-0.5061386797241437,0.006190599155685,-0.01339677473879165,-0.14749929169115256,0.24506288924020178,-0.37116082299343,-0.13224140550156704,0.0005771153927446287
0.020563434432534267,4.001938677347741,0.799001697410682,0.09127844330058471,0.10822317572410924,-0.7556912734479441,0.6394424831518737,-0.7846973529300738,-0.02810394187340794,-0.08952945768075996,0.5389724054179207,-0.046555586565945196,-0.0045678834189930686,-0.1718630364498112,0.07180527627318235,0.25661220413835156,0.7151574047216297,-0.130116535199065,0.08609426130945676,0.10051885971423438,-0.16000772931549315,0.15923990337141564,-0.29799657888538067,-0.5046170706260463,0.006830693968986898,-0.023687864206596687,-0.1512774289066648,0.25348617914558413,-0.3742713547316327,-0.1342601301444216,0.0003361016207726004
0.020104164081971326,4.009702934223755,0.7978261325011877,0.09182601164629166,0.10938472030500611,-0.7587552372164684,0.6355261257773047,-0.8016555149859991,-0.021909183932466884,-0.08705646431584248,0.5438537297199536,-0.03874820465329706,-0.004290111100659171,-0.16758685904665754,0.07305179163770548,0.2617454662927785,0.693230005876473,-0.12528528511072987,0.07477536669066309,0.11007717764858707,-0.15851630038287023,0.15966030917256788,-0.29613491037197137,-0.5031040790904115,0.007568688940209255,-0.03449495159951399,-0.15497774786930893,0.26273237042639996,-0.3771359160113383,-0.13632055355485712,5.2816172186468334e-05
0.019479238215543936,4.017943890463061,0.7961128452327737,0.09352294179470812,0.11001428725644619,-0.7622586243906635,0.6309612551492937,-0.8201509789276296,-0.016835134879425825,-0.0829432410230132,0.5491924969254345,-0.031077877058974128,-0.004276332780793203,-0.15066585084346523,0.07137201017014014,0.2692314300956466,0.6275574885197126,-0.03378367533043662,0.05790694752345339,0.12002553969863125,-0.15698519351494505,0.1596037872770982,-0.29333350971022293,-0.5019480712903698,0.008289172655497695,-0.045498577678053286,-0.16023525259456245,0.2726117399001095,-0.3829211619802326,-0.13819548819377775,0.00011766407987510588
0.018906303696404506,4.0260006308527565,0.7950051705620482,0.09398511518968877,0.11182246098316788,-0.7654867630225459,0.6266518578762154,-0.8386979417803941,-0.00865605938411227,-0.08079502532890835,0.553949558172032,-0.02223873255277581,-0.004532473188948815,-0.14437759395326716,0.07135566470819615,0.27209720223264006,0.5908675686191198,-0.014419770388298933,0.036076490503271136,0.1305711215479111,-0.15569553632444982,0.1603823987633783,-0.2917019075764941,-0.5011371333920904,0.008917824099477183,-0.05777904743122422,-0.16385168953420073,0.283640769302672,-0.38440219522318886,-0.14018860209295766,-0.00011080927451015167
0.018452778487322456,4.034284779821087,0.7937462174080441,0.09439821658548808,0.11388684046874377,-0.7693748483574685,0.6214347165941468,-0.859571643679541,0.0015885079896769535,-0.07770326548604696,0.5609838098000033,-0.010278820721056054,-0.005522101102762382,-0.1432801133427471,0.07350167093294115,0.2777532735317286,0.5648079885815753,-0.02476838598097708,1.2115866538315104e-05,0.14240726875945345,-0.15473429581437725,0.16186834198407382,-0.2905446382629343,-0.5002356563243489,0.010047866966377965,-0.07520545955887216,-0.16829403568461618,0.30178488322197006,-0.38166832693663666,-0.1447173349940476,-0.00030739340126466114
0.01787711829578886,4.0429066240868465,0.7923211962641313,0.09526321917004014,0.11551566200662708,-0.7723195294729127,0.6173358853163076,-0.8782281980586039,0.0088859602942435,-0.07631786432326589,0.5638714931706618,0.00015479522354553245,-0.006377504009715083,-0.1472687347162391,0.07579374692330218,0.28161863652390184,0.5497699254205415,-0.05062524444173748,-0.023593821402240887,0.15119103104674117,-0.15339554585904694,0.16332558988538032,-0.28911012130286273,-0.49993852977382297,0.011031825344511172,-0.09111440806038579,-0.1718630289318179,0.3152771917854559,-0.3815991019869495,-0.1491123403654739,-0.00036727969032149434
0.017255105757668834,4.051615035067784,0.7909154999551974,0.09631591137380166,0.11713742606798205,-0.7751934078219607,0.6132513751307666,-0.8965310599472042,0.016015599899887722,-0.07505147120247928,0.5651991011885853,0.011540542098679402,-0.007105028765068663,-0.15219346469760187,0.07768257421961176,0.2841704317730516,0.5360864683668806,-0.07927964387340686,-0.03798044833182719,0.15968373759758867,-0.15162040926410178,0.16491819260329596,-0.28793183896544433,-0.4999904215107409,0.012006851369257868,-0.1066926995403969,-0.17522157466291782,0.32774617592834654,-0.38221994881541643,-0.1527073336670603,-0.00041413746667692467
0.01666639910036785,4.060328931582447,0.7895303825651965,0.09748014783591744,0.11880035431276313,-0.7780929504741317,0.6090611274868134,-0.9146729545949502,0.023326019904666758,-0.07370056741176345,0.5654451959672361,0.023881233053087782,-0.007893192821626793,-0.15726219954119164,0.07915696450653681,0.2855120150022676,0.521850024304906,-0.10894782565427565,-0.04618906533331044,0.1682138547388906,-0.14947621323571023,0.1665792131619769,-0.2871528364433463,-0.5003591943089498,0.013042539164656213,-0.12233703197601517,-0.17856315200063858,0.339913467034837,-0.3829658705805246,-0.15533264495312663,-0.0004494537133477088
0.01600487294993011,4.069205935570058,0.7882133815163993,0.09863591776126633,0.12048982461353495,-0.780943659402808,0.6048802846270839,-0.9322610549566611,0.030874423263818354,-0.07255987446497189,0.5641855557694722,0.03717617561646292,-0.008978744650553126,-0.162395748576705,0.0807812387711749,0.2861467713864599,0.5070398253375414,-0.1384287380076473,-0.04994592304157852,0.17663094687209152,-0.14723014530521528,0.1684780170387402,-0.28653777184253326,-0.5009053710558661,0.014138396208812921,-0.1383226932337258,-0.18156199609481863,0.3519284494677581,-0.3835569172564318,-0.15715346264242513,-0.00045817954936267007
0.01537697376968307,4.078149214168499,0.7869054994349127,0.0996529859568341,0.12214644465454222,-0.7836529150135005,0.6008640755104133,-0.9487947783708132,0.03846145645847371,-0.07195864991796776,0.5612748431159511,0.051378795888627767,-0.01094347253201188,-0.16753554467326742,0.0829180273485393,0.2867072080918408,0.49222807936048685,-0.16644680416494673,-0.05120585150953701,0.18470790664344516,-0.14451685321770033,0.1705126703032651,-0.28614024950510775,-0.5018214563544604,0.015256129962082438,-0.1543586958710502,-0.1842609780482716,0.3637036468745045,-0.3836674209375723,-0.15855399472320006,-0.000422234024142561
0.014611068452144228,4.086991808801316,0.7857092303733115,0.10051105807639638,0.12376451022222175,-0.7862622596212474,0.5969686191996239,-0.9640067900619927,0.04635060580747088,-0.0717613349896962,0.5566188764701209,0.06645742364045203,-0.013663317218749523,-0.17252555399562056,0.08558984515611716,0.2872638225868152,0.4772296675974431,-0.19236730135482327,-0.04966362603931488,0.19251681196261858,-0.14118190495086524,0.1729053951367102,-0.2858584550190791,-0.5026232508019863,0.01629530224248031,-0.17039651464287844,-0.18631044908201497,0.3757361136387821,-0.3829198882145665,-0.15995339458573718,-0.00034322561516782034
0.013710422060885854,4.095884977015316,0.7846662784998601,0.10127367275074875,0.12535422195236828,-0.7887962925549662,0.5931529070128794,-0.9780434351390246,0.05452615013242498,-0.07185086085627675,0.5500591926771867,0.08254468008292229,-0.01705301076269163,-0.17772927739222377,0.08866970176755777,0.287779655365813,0.4622365412639869,-0.2164543179324116,-0.044951060776592645,0.20007920552541034,-0.1375210226567823,0.17560940732281133,-0.2856495377370789,-0.5033155042042075,0.01722814645029629,-0.18675389297501227,-0.18776205167770998,0.38799610553414204,-0.38146559923866913,-0.16155643802198502,-0.00021056429056619838
0.012689303547327507,4.104754632534173,0.7837651295973189,0.1019328993931337,0.1269141670660297,-0.7911459564646083,0.589568107845857,-0.9908361302055486,0.06263547171011373,-0.07258036997571786,0.5414588047326973,0.10016215913570606,-0.021501840387376583,-0.18313933261971735,0.09233051631305748,0.28860969134571657,0.4474846785391644,-0.23824913663333477,-0.03866509248318015,0.20714974723117455,-0.1333923273875629,0.17850264022913961,-0.2853942762080649,-0.504013051327962,0.01803503583746536,-0.20307230771331938,-0.1885930401813099,0.39996974705691124,-0.379445738760998,-0.1633034940726064,-6.1186128053672124e-06
0.011576765529770083,4.11351793862772,0.783049093196451,0.10247397817207977,0.12845579451332356,-0.7931900195260198,0.5863853558692015,-1.0022204063079263,0.07029143211157837,-0.07439918911151291,0.5305199986380935,0.1199499357209983,-0.027532100491909163,-0.18885052251520004,0.09681625310028326,0.2903370954630933,0.4333308661239876,-0.25709623824411537,-0.03292745228857622,0.21345614252124614,-0.12879751608524595,0.18140363138017865,-0.2849836113917219,-0.5045607477563716,0.018661452660151706,-0.21903915411425764,-0.1886709944115161,0.41096152981733064,-0.3768446818074769,-0.16486692934484265,0.00028134715584702424
0.0103713658932374,4.122323614281073,0.782505091290518,0.1029035737103732,0.13002303870990833,-0.7949098244594671,0.583629364323021,-1.0124841905677717,0.07750162876958133,-0.07742800934943993,0.5173356415639669,0.14223249454053905,-0.034538513418980704,-0.19550617524454347,0.10245673825715312,0.2940564331383061,0.42048020583534346,-0.27281724426436726,-0.02841001869180028,0.21889354046202786,-0.12402024357319914,0.18444289745187636,-0.28450609328952486,-0.5049528916296302,0.019023781910904442,-0.23503329251272306,-0.18791084311849104,0.4210338598559596,-0.37357885396795754,-0.1658084672360479,0.0006227214199170554
0.009053354659006644,4.1310792188316565,0.7821393607677903,0.10328747039370278,0.13158571901214,-0.7963681334233292,0.581218283504201,-1.02144068365277,0.08436548141969058,-0.08140017904504958,0.5018108631795318,0.16671083132798353,-0.04263695117644085,-0.20313682752380907,0.10895178736049146,0.29976660600086025,0.40897206384299556,-0.2857690804381337,-0.024705427964608034,0.2234548338034516,-0.11874340019188907,0.18761084431116049,-0.2837727616341619,-0.5051918023050586,0.01907157569543734,-0.2509004959354283,-0.18655862161817424,0.4306535022681871,-0.36994866871093673,-0.1659918743135255,0.0010026298224583864
0.007706498399371611,4.139892680345571,0.7818913128778827,0.10346355467531666,0.13309834581777386,-0.797546426995845,0.5792234629058811,-1.0284561069280296,0.0908321771693543,-0.08673497874520911,0.4834676687713182,0.1926693307275598,-0.05372378999727428,-0.2112175569168376,0.11612584372877305,0.3060296774031721,0.39887771411204115,-0.29672255816692533,-0.02224833339624331,0.2274438225410471,-0.11318693683623629,0.19067191713694462,-0.28279994288881627,-0.5054659423154209,0.018870984923636504,-0.266221356335113,-0.18451860104274828,0.4385256053108016,-0.3660902694634505,-0.16552482947276728,0.0014792864604634072
0.006325528218469057,4.148870385571394,0.7811302763407877,0.10440600982812193,0.13355394881084182,-0.7990836639539471,0.5768258193516789,-1.0367951468926009,0.09597003867594968,-0.0905422482155525,0.46987759362834225,0.20984489309330479,-0.06400166169999512,-0.19442472107163278,0.11234170397743366,0.3121401447835785,0.3337842860550929,-0.32948079103027006,-0.021824157661881036,0.2324875342217679,-0.1068169214656391,0.19167794697458884,-0.2801774740898357,-0.5053219626848942,0.018739654628354366,-0.276240244786277,-0.18484015316759797,0.441788834185925,-0.3701852646919589,-0.16524974015890215,0.0019497686057144315
0.004924363992774884,4.157277348729949,0.7811258100858413,0.10386778608469524,0.13493827369137873,-0.7998185709088182,0.5755809230129415,-1.0404588972690996,0.10214705808856228,-0.09890592206731161,0.44847232198585485,0.23442186093683637,-0.08191417085805273,-0.19492186672205533,0.11801942685970178,0.3150386253221278,0.3141278901778154,-0.33841212724735525,-0.022402516839372985,0.23648573559492053,-0.0998215927096611,0.19361308864940405,-0.27816654458521606,-0.5054752266844903,0.01845085055044967,-0.2858339810582853,-0.18262484237946636,0.44394430951920566,-0.3695881053607564,-0.16456714947661882,0.002261945269773782
0.0033673671610628176,4.165638439052448,0.7812674720492826,0.1032482592421527,0.13608658438626314,-0.7995930783434132,0.5757353103456914,-1.0314375729641905,0.10631917569948145,-0.11226068511437796,0.4038176996167518,0.282795812576452,-0.123763696229434,-0.20262895135828865,0.1265589656882072,0.3163133879606248,0.3097694966093361,-0.3419664782051255,-0.025071610877898165,0.23598185829572768,-0.09138115278166992,0.19624626134178808,-0.27442103571550486,-0.5061524868322507,0.017443179084206905,-0.301496045244896,-0.17677141705716246,0.44730740825750165,-0.3600084049853363,-0.1616123997161942,0.003674396237991582
0.0017368073266301465,4.173662266068216,0.7812867798879761,0.10244550629058384,0.1371013976796343,-0.7991774406287939,0.5762148413440656,-1.0249851174497147,0.11031876620249914,-0.12628174502216977,0.36754184260519535,0.3152761592892792,-0.1583830336449117,-0.21269728181508393,0.13571602675159866,0.31563286934418744,0.3113955797793408,-0.34347818195286617,-0.02763702244539178,0.23616058522341102,-0.08251090291147344,0.19829041922017918,-0.27042258568092714,-0.5068033094311856,0.016402910297477327,-0.31143544337553036,-0.17195125007817844,0.4453383315435678,-0.35707786367009253,-0.1589975811964104,0.004423153952042697
-2.4433664713355513e-05,4.1812579193067565,0.7811659903524256,0.10121115344485465,0.13804036041111442,-0.7990424536947829,0.5763959737102196,-1.0194007479012221,0.11569965348434685,-0.14061405070382613,0.33802410928872867,0.3363037590336705,-0.19016475985796324,-0.22112570418518246,0.14507259670444997,0.31525440650619435,0.3122188150894687,-0.34401159928185476,-0.030149408453453812,0.23804990933448164,-0.07304200415317703,0.20025770251376726,-0.2667744883514033,-0.5071453952620397,0.015889889293165094,-0.3177024464619634,-0.167781932551191,0.44136024650954114,-0.3578191144420422,-0.15765546238454614,0.004683806277741818
-0.002005891701940135,4.188528640300917,0.7809545093251384,0.09955727960273326,0.13872785074906677,-0.7985342303617352,0.5772226731905449,-1.0061460915813434,0.12123718726684966,-0.15887063151943992,0.29961493585966836,0.35777751464496055,-0.2384166542235928,-0.2280372574328389,0.1546911121355345,0.3132322684222443,0.3134747906349233,-0.34440000459589964,-0.034333609868024154,0.2386764487515308,-0.06189688074488263,0.2023812596932194,-0.2619178018298255,-0.5083657673355318,0.01587499674459154,-0.3231683809050763,-0.1623313456699607,0.4353664057481689,-0.35745973400385234,-0.15618629703120582,0.005168740671542105
-0.0038492545291682638,4.195564062230033,0.7807052198159394,0.09755172397181963,0.1391260964225321,-0.7981354699480578,0.5780202090369735,-0.9976181607390892,0.12643301772578894,-0.1852876165859117,0.2723916388158761,0.37403142734827116,-0.2615599522743513,-0.23305804669941194,0.16374265462356094,0.31054254238750134,0.3136340649000794,-0.34406420223753403,-0.038481510304282464,0.24030332929039727,-0.05077722176609904,0.2037490017036989,-0.2573968384120738,-0.5085501076110934,0.016502570130529685,-0.32629535006868654,-0.1576233847718785,0.42804793896959864,-0.35892625811140555,-0.15615155809862324,0.005515120911033083
-0.004789283128081671,4.202383580750854,0.7805572128183451,0.09624826974333323,0.13850529353926175,-0.7959590433290074,0.5813791839890625,-0.9807680185208955,0.12441755805148495,-0.1985819881280011,0.23758412030063178,0.37371086390450625,-0.26179996999403427,-0.2394980419120316,0.16882369156012528,0.30218284193255734,0.3175437715037636,-0.34609127110579496,-0.04312264908478598,0.23576611736880593,-0.039220731665801964,0.202604051175997,-0.2533925056733338,-0.5080914440542305,0.018093807135371044,-0.32842457130381825,-0.15457231069539434,0.4184796641217279,-0.36041057414867417,-0.15675262254620836,0.005770626792233111
-0.005778021947573378,4.209289080023381,0.7807041047564182,0.09488897861182613,0.13828134545254034,-0.7945186748766507,0.5836218180552283,-0.9705456519884196,0.12589512246507212,-0.20413699222144194,0.21926744337980655,0.36337479374647896,-0.26179999992498504,-0.2456412700107029,0.1745536219711199,0.29652292589316775,0.3188990155916164,-0.3453672994092726,-0.04663373509043414,0.23440600639004486,-0.028763372229358035,0.20193467201793078,-0.25059565668618206,-0.5067981322019348,0.019356991418370155,-0.32982224170296615,-0.15211432496608338,0.4105300133659715,-0.3633927932311214,-0.15793384453343312,0.005729633608869994
-0.007021139271018042,4.216458131650026,0.7813022530982061,0.09379653104982207,0.13824559288278837,-0.7929919851047621,0.5858788939457662,-0.9683013151511793,0.12745848028378395,-0.20888009646753297,0.22020116424023276,0.341935326479369,-0.26179999999981246,-0.25198720291604104,0.1803166308882014,0.29114782359014746,0.3180342905108532,-0.3418118862162513,-0.05040767051843018,0.23312913111092173,-0.01992899196454814,0.20121422981373005,-0.24834381987840254,-0.5040429795385997,0.020696840719144162,-0.3312080996768655,-0.14964059912447092,0.4029906753203382,-0.3669922431853203,-0.1598805168261434,0.005586466758306002
-0.008407930400105006,4.223778556619058,0.7822405703251586,0.09281073122311559,0.13833186867182987,-0.7914419988932556,0.5881071540692545,-0.9739107808590319,0.12888847603161147,-0.2142259777882933,0.2406512244331626,0.3094653963715719,-0.26179999999999953,-0.25780279500101444,0.18608556976729193,0.2859507378858557,0.3147862426618454,-0.3356482870335779,-0.05454619549992763,0.23197650160364056,-0.01186603057517334,0.20036235470646677,-0.24670415066514062,-0.500739805939924,0.022162671859427604,-0.33210726245821925,-0.14757295337148976,0.39589791048656353,-0.3714480045039483,-0.16272249823558133,0.00534079758499032
-0.009801098069187091,4.231078986166283,0.7833822646632553,0.09182578636452732,0.13846148387560292,-0.789860722800905,0.5903528445073623,-0.9837040864238498,0.13057731771713887,-0.21756319017498293,0.2739213421207591,0.2703687638102272,-0.2618,-0.2628729689088798,0.19167478138911184,0.28072664244035517,0.30968748578994165,-0.32752187371709685,-0.058750479038540235,0.23104679202641873,-0.004308135256616041,0.19936182871239047,-0.24633351493054764,-0.4970437418784899,0.023626394800154757,-0.3322464175419257,-0.14583642946751893,0.388448750679022,-0.37628221397672,-0.1661627200629144,0.005127611105289649
-0.010846266775740361,4.238232947094679,0.7846627991564373,0.09115137635934718,0.1382659199751656,-0.7878092791531393,0.5932373063466495,-0.9925571708243281,0.1311404222974222,-0.21406653496124745,0.3105418585055572,0.23093957197996895,-0.2618,-0.2684455808917716,0.1955173034905334,0.27433825764806913,0.3053962199117031,-0.3193176227896434,-0.06193074218816829,0.22849002514454564,0.003006931194365826,0.19751562834323946,-0.24764470104443176,-0.4926569964011658,0.02486667931232834,-0.3314489293033576,-0.14504243477194767,0.38032051324912636,-0.38157544694631385,-0.16959158320171902,0.0048068918293535535
-0.01156761417214749,4.245280716497631,0.7860153522640198,0.09075973908966449,0.13785262076425706,-0.7854978701695737,0.5964498475713321,-1.0017506796796307,0.13127522870485925,-0.19851246212525198,0.35293295763020205,0.1880178778750193,-0.25050935732835156,-0.27471874636197896,0.1978286181951829,0.2670594296465977,0.30177407870129186,-0.3103692446135696,-0.06390981852815814,0.22527396072262437,0.009435495314705288,0.19533578140189273,-0.2513666588426681,-0.48697052913230604,0.026180277777607064,-0.3292758214662583,-0.1448813137036804,0.3705011300654085,-0.38801997578917646,-0.17322349332309986,0.00426357970747303
-0.012211570606038051,4.2523660336894835,0.7875756642796068,0.09074867651186953,0.13724718935250574,-0.7824161169509507,0.6006270945117089,-1.0058459439578868,0.13141244119103757,-0.17384899273318108,0.39021058177273454,0.15227257022785218,-0.2292710928589208,-0.2818202351384447,0.19897230647714537,0.25837564029702603,0.2988229173277129,-0.3020458296789007,-0.06493999793647628,0.21934299733531507,0.01606017008805337,0.1931297427497436,-0.2553976177142516,-0.4817344876493659,0.026380974236421315,-0.32728154128894266,-0.14494932617332368,0.361803333107959,-0.3939628595995839,-0.1746680671353137,0.0038842958268440323
-0.012749325907986995,4.259438476222212,0.7892152307301556,0.09079324176131592,0.136617271490025,-0.7793273177166206,0.6047654423342238,-1.0094990819210512,0.13312578634403474,-0.14510206424418606,0.43106034995567566,0.11597758539303249,-0.20442569444432887,-0.2889344683136574,0.19956192000991962,0.24926353799924297,0.2954757190181392,-0.2926873056739832,-0.0655213932869807,0.21368314376822162,0.022099502365144602,0.19098172448381742,-0.2605225996498341,-0.47591492055926016,0.026103568932641916,-0.32445187210745663,-0.1450585364913865,0.35228072206849886,-0.4002544408957704,-0.17530083769808708,0.003522434713790132
-0.013152197112412355,4.266476942345725,0.7908734114190965,0.09091864855231857,0.13602848065024162,-0.776267040961206,0.6088017188828723,-1.0123111448591449,0.13554977234616492,-0.1178978409110305,0.47329256240547035,0.08123103613732915,-0.17922080931482284,-0.2960780543597218,0.19978122592689188,0.24024439171008607,0.29167573156970095,-0.28296056064371394,-0.06569501740972275,0.2084591424990346,0.027707438794280226,0.1886448101707088,-0.26596621543350896,-0.46976791621399333,0.025429345296590373,-0.3210074311464162,-0.14544683566542338,0.3426345173477428,-0.4066999151124777,-0.17548261568145887,0.003114355960952469
-0.013422593999730939,4.27355606364077,0.7925121279606246,0.09116528080874439,0.1355988162163858,-0.7734536555646147,0.6124306453056635,-1.016120631893203,0.1389205826926924,-0.0924854416277079,0.519314231573229,0.04483434295408558,-0.1491337231508148,-0.3034324185682351,0.1996991176831187,0.23158426196747525,0.2870251822694449,-0.2719643257606644,-0.0649637688456208,0.20461525387116047,0.03183136803097161,0.18606856715131276,-0.27242860565022053,-0.4621269255783444,0.02398801893455311,-0.3164036006100115,-0.14616652487317552,0.3317577952117884,-0.4143875945028127,-0.17530862462734081,0.0023982761424250912
-0.013695240186924387,4.28068131222365,0.7941688412413274,0.09171347980620426,0.1351737792113216,-0.770283411332808,0.6164253022557215,-1.0181035682606587,0.14173027079469036,-0.0692734546469031,0.5637141443984148,0.01271937440451837,-0.12170533812851278,-0.3115903237685738,0.1989825795245785,0.22264348203375536,0.2827652558916681,-0.26155558792404016,-0.06352352967312119,0.1996569505560026,0.035844786771341536,0.18326904604452965,-0.2782670968746865,-0.4546366764844269,0.02190688951760558,-0.3119775852874448,-0.14709084264098218,0.3219481787514506,-0.4216337923916286,-0.17518344620903126,0.0017730086428815153
-0.01395415895449241,4.287757159966681,0.7958064523087771,0.09232749458133575,0.13466949009996435,-0.7670335464410922,0.6204831188795946,-1.0184306693341072,0.14427953805009763,-0.048750172680233926,0.6077698385477427,-0.016770436897072707,-0.09569982770623024,-0.3196824020896335,0.1977507492396063,0.21354729572878953,0.2784849913667995,-0.25129003979478026,-0.061600447903701325,0.19451286845689952,0.03995152196830237,0.18035877237007678,-0.2837972105451937,-0.44726262987189735,0.019331019784838963,-0.3072154147945717,-0.1481714089894944,0.3128235028295611,-0.42847829242136276,-0.17535527247064409,0.0011868398185698689
-0.014104206636400936,4.294657442738527,0.7973938987544562,0.09274031671461477,0.13400860420609462,-0.763798442067192,0.6245421263214649,-1.016519955271742,0.14621217989901727,-0.03269952980651272,0.6509397601230354,-0.04384485667105396,-0.07318694717813493,-0.326815186885387,0.1961688267767951,0.20438103200981253,0.27390768375125407,-0.24131484542851056,-0.05964119096892614,0.1897634340848614,0.04427191314810631,0.1772889033075328,-0.2893030017539988,-0.4399885943622841,0.01658881298694131,-0.30175495291591115,-0.14938609579778547,0.3040472527632056,-0.4344262680464557,-0.17596214722295325,0.0006458221661664923
-0.014184789304007626,4.301300872634717,0.7988797245612563,0.0929902890856665,0.13312201768661422,-0.7605883787567713,0.6285989601033031,-1.0123589543919387,0.14681749111878242,-0.022149385301374988,0.6930422554504748,-0.06842829318318291,-0.05494719170702583,-0.3328941925611742,0.19412890799037064,0.1952517056940236,0.2691123707449793,-0.23180850746961604,-0.05761059091213147,0.185117430859346,0.049268468403044684,0.17415112406643724,-0.29437405779253273,-0.43298629364438534,0.01390948782254979,-0.29549726221048095,-0.1507528392808567,0.29614251390967483,-0.4398392467924985,-0.17736400792225568,7.630744855937233e-05
-0.01427805603700783,4.307789944837536,0.8002693924243635,0.09313688388568465,0.1320971882980852,-0.7573715243270779,0.6326643879991048,-1.0064392033447809,0.1460376992128596,-0.0163057532594372,0.7342003691537314,-0.09064330624396705,-0.03974399440820889,-0.33827303089219624,0.191698179790746,0.186182350527389,0.2641343638883389,-0.22266216311230022,-0.055123661373283304,0.180664715612192,0.054476733068123576,0.17109041481531034,-0.2991650512200091,-0.426139702366591,0.011345346211429857,-0.2885962831365881,-0.15215860424071606,0.28886339623118246,-0.4448012585887168,-0.1797260327523535,-0.0004748208691803432
-0.01441209367237134,4.314151327174579,0.801622186331246,0.09321585940933863,0.13100129586880013,-0.7541474564649345,0.6367189944887319,-0.9988277620899897,0.14420422990128506,-0.013810076335051349,0.7739400737996929,-0.11062377028333706,-0.027071614343063485,-0.3432388170405004,0.18906280865500014,0.1771260507971424,0.25916148750080037,-0.2137736241563149,-0.0523952378671606,0.17626847284575664,0.05988129650105896,0.16812482703150997,-0.30339412537241645,-0.4194590376860275,0.009017074512325978,-0.2813506041172273,-0.15357911074767797,0.2825638946497132,-0.44917031417814063,-0.18275340856804398,-0.0010450508518696966
-0.014529842089047697,4.320371814458512,0.8029107139628402,0.0932088671922529,0.12990735018824845,-0.7509330210012425,0.6407306652672016,-0.9896247384737685,0.1418443669099728,-0.013287962950743902,0.8118972740533376,-0.1287964526362601,-0.01647340062123654,-0.34795973902137184,0.1864198105755386,0.16800388962371982,0.2543566095194369,-0.20517522565686191,-0.04978838932538022,0.1719181794244535,0.0655940180536671,0.16526377378012877,-0.3068910529303669,-0.413202021856404,0.007095391843349609,-0.2739037858329784,-0.1550870628247142,0.27735224146729304,-0.4529330172466174,-0.18586284830245944,-0.0016008384701147367
-0.014725229645030336,4.326603667493275,0.804110573411858,0.09308846866005102,0.1288198212819117,-0.7477651781136144,0.6446605533520229,-0.9789486927916292,0.13903916502299513,-0.014679460781586015,0.8479568829233378,-0.14547006060081832,-0.007909138141861005,-0.35245925429046676,0.18395134079249728,0.1588404294051583,0.2496861560998565,-0.1970104298013073,-0.04719602458167168,0.16790508458288686,0.0711608279044275,0.16258637879069587,-0.3095871309945281,-0.40719327119235654,0.0058335101973056025,-0.266511252719473,-0.15650688114082156,0.27309412359971535,-0.45598908381593667,-0.18860200757551518,-0.0021009417055882665
-0.014926048820401121,4.332662749796381,0.8052423649731745,0.09287771511550345,0.12772790516481178,-0.7446231785602851,0.6485334488119395,-0.9666819591857626,0.1354173630919398,-0.018181430648492744,0.8822840329655115,-0.160654884946864,-0.001690508896062087,-0.3566275315224401,0.18148154861243496,0.14964375085945228,0.2450956070313992,-0.1891471857029184,-0.044573785261009295,0.16389064138377638,0.07707221859170825,0.15998046950292572,-0.311412992758045,-0.4014367391632895,0.005305794310265486,-0.25893808096192156,-0.15796368375279465,0.27001607027333835,-0.4583919165325565,-0.19085046187183294,-0.0025983167602218298
-0.015126793211391456,4.338722610264831,0.8062841082599188,0.0925973844755316,0.12664426971959775,-0.7414488283222226,0.6524113643362462,-0.9529563818075616,0.1312204372292531,-0.023041147993012344,0.9146115977383086,-0.17453371373695653,0.0023922803127391923,-0.3607841883299704,0.17906230143375648,0.1404135449958986,0.24089445160809192,-0.18170113377701594,-0.04218524061745995,0.1597607560566169,0.08317475185318252,0.15764422759942026,-0.31254586968908726,-0.3963602320127924,0.00533551559651998,-0.2513926697132761,-0.1594592530034751,0.2679141333669546,-0.4602798107554763,-0.1925032419085886,-0.0030734114883428955
-0.015388247446165485,4.34458414096098,0.8072810032519542,0.0922053435599823,0.12550780506343961,-0.7381798460195697,0.6563813528869222,-0.9372258835740126,0.12701269937727117,-0.028055465535766762,0.9444158646077581,-0.18720992439233325,0.004927991505600423,-0.3647880314344108,0.1766430654028721,0.13107387531124387,0.23729171426571224,-0.17440522228536803,-0.04022697117711397,0.15534848846706723,0.08928549632031367,0.15553545671735183,-0.3133788024652342,-0.3911287845853478,0.005503266125033608,-0.24377856067662337,-0.1606977165501951,0.26683235033315283,-0.4611758218036908,-0.1933919649049694,-0.0034806455578564716
-0.015612292608681055,4.350256274306457,0.808260717347463,0.09173448670672996,0.12436231119013834,-0.7347478710553766,0.6605031154231524,-0.91950834701587,0.12276224469513398,-0.03308440526149122,0.9713990521089964,-0.1988137541894662,0.00520724256315097,-0.36871075619548654,0.1741663564336184,0.12146654078510967,0.23423153919076242,-0.16725348910793006,-0.038976026325237216,0.1504538167691108,0.0956413156878703,0.15366317401238452,-0.3138294699831948,-0.3863219199028053,0.005462150999842453,-0.23606647622528953,-0.16190412901777407,0.2667955871660906,-0.46129496881359167,-0.19328537536753965,-0.0038655546024751837
-0.01587145557777769,4.355908873558259,0.8090828450859803,0.09117159760336532,0.12315617073243473,-0.7312137711452457,0.6647155168104023,-0.9000157759765062,0.11840641251008238,-0.03843676119524351,0.9959487638986464,-0.2097183838565558,0.0033114750188252494,-0.372706385483888,0.17168052465289843,0.11171938973317283,0.23202524423023152,-0.16073816166223812,-0.038228113218613115,0.1450930337674368,0.1022187812496708,0.15208312283706518,-0.31353692209172,-0.38216049088279813,0.005152294676461495,-0.22855257359660025,-0.16302368634163417,0.2680734340254286,-0.4608966995110328,-0.19213969963263605,-0.004223697919449576
-0.01623001884620386,4.361656787816769,0.8097895623808342,0.09055808579261286,0.12198981717492716,-0.7276666685210424,0.6688938160326279,-0.8791852095049161,0.1143313984779852,-0.04375723836900478,1.0181066083324934,-0.2198051280378987,0.0007305770897946964,-0.37706818554833477,0.1694150384985525,0.10214577015069538,0.23059604429548283,-0.15471402204881265,-0.03778227177057765,0.13963090798297814,0.1086559912582325,0.15085652935339575,-0.3125688514231768,-0.37848264330069203,0.004600387844598107,-0.22139323716735743,-0.163885763410709,0.2703021763386633,-0.45995247509055487,-0.19014898440374758,-0.004528179047430597
-0.01676354339747037,4.367484294568258,0.8103922077363327,0.08993208807974647,0.12089073557340892,-0.7242210283035757,0.6729053066732693,-0.8573800622063789,0.1110185275494178,-0.048452434277702586,1.0381087352554639,-0.22896461177386623,-0.0008877498059330451,-0.3819166910874946,0.1675004559888657,0.09309531662724282,0.22988776675855527,-0.14899965218831202,-0.037449698304605136,0.13427765283255502,0.11491566198791958,0.1499760790413148,-0.31089556936336976,-0.3750660904341082,0.0039307102160280796,-0.2146362568930795,-0.16434976122247888,0.27337716854475863,-0.45850696575521704,-0.18766085987179587,-0.0047839169831726735
-0.017361422057214613,4.373208654022547,0.8109079683883397,0.08927030300404791,0.11986422197986611,-0.7209454216168886,0.6766838850899081,-0.8345216499865196,0.1086983409657806,-0.0521747375350689,1.0561085932641798,-0.23718063798818093,-0.001063241311355509,-0.387147876953903,0.16595171012291507,0.08475618602198377,0.22993506044042292,-0.14346214742614777,-0.037497178683528,0.12908595215788896,0.12117529360519673,0.14922462432104816,-0.30877032526545684,-0.37167350766139845,0.003252726546255955,-0.20825248326405524,-0.1645320898991327,0.2774370281937682,-0.45618967821682177,-0.18484849108550014,-0.004995256161182221
-0.01799813737396384,4.378937663426381,0.8113492725982518,0.0885599894077544,0.11889560188445006,-0.7177930571893736,0.6802897112108662,-0.8106832848848722,0.10718830943402191,-0.05521038786627038,1.072081086656557,-0.2445850608799075,-0.000490488045644691,-0.3927008048704005,0.16472197480796885,0.0769623291720874,0.23062556990762476,-0.13816518551886214,-0.03801480001617169,0.1240527448652194,0.12724787892323136,0.14860564194139303,-0.30624480156630074,-0.36851163137316806,0.0026229603877875067,-0.20237065962810857,-0.16448327032972682,0.28237340122055143,-0.45295261429095107,-0.18175825362303769,-0.005168731875110811
-0.01855975656984933,4.384595407237079,0.81175398714326,0.08782968208905349,0.11798827792160459,-0.7146738849114074,0.6838171915379616,-0.7858658849030838,0.10611514533175093,-0.05772019257419432,1.0857937376866436,-0.25101409504812616,0.0003785429996957535,-0.39850944875120103,0.16354635480086688,0.06929641835529876,0.2317701059881284,-0.1329724766425209,-0.038829445124823676,0.1191499320126135,0.13313066510406807,0.14791596959058106,-0.3033093597011786,-0.36556113202104035,0.002026599977735521,-0.19657345610307525,-0.16435742156793567,0.28757574156459575,-0.44903082162268426,-0.1785251515776434,-0.005282634795628025
-0.01907251130237147,4.390260045290755,0.8120597340501898,0.0871479948493544,0.11707868354676604,-0.7115239254211709,0.6873365350437439,-0.7602964741096241,0.10507826621087511,-0.059829525608874376,1.0971606129059004,-0.2565112746218012,0.0012169156292182964,-0.40475867604042026,0.16212736379337964,0.06153632376305303,0.2335513085382926,-0.12808829173897612,-0.0395332054083795,0.11370014778459261,0.1390757085422548,0.14693107475268197,-0.29896771605181066,-0.36295152555206484,0.001411639034211448,-0.19117020432808696,-0.1640987565229988,0.2933465282117877,-0.44474804560281467,-0.17537377299931342,-0.005447654733521259
-0.019592043230760716,4.395980388961992,0.8123044931298036,0.0864822801942915,0.11620285627303935,-0.7083442021166664,0.6908445575772351,-0.7339374448927533,0.10438125749372287,-0.061271018642148595,1.1059920519748676,-0.26148776405577084,0.0019676443014325106,-0.41139041787564395,0.16058381697141852,0.05363020257134072,0.23581997152288428,-0.12341476004609454,-0.03994435257854269,0.1082289533823686,0.14475768630758337,0.14581818924040307,-0.29342241588539636,-0.3607407906709586,0.0005856658749969666,-0.1858215621135257,-0.16367757417696582,0.29915595213639695,-0.4402486118501037,-0.17250890291286178,-0.005551891195210947
-0.020144766933903924,4.401673504595474,0.812499582852166,0.0858149676018241,0.11535924174959654,-0.7051727597952341,0.6943049873947531,-0.7066294765087886,0.10409530012828654,-0.06195581796112034,1.1122838260057573,-0.2660178041326855,0.0027784035829352704,-0.4183303636470663,0.15897314724695305,0.04576729016090112,0.23857619610937714,-0.11884844493847048,-0.04013701432148732,0.10255532131442367,0.1503972510080597,0.14457905631740633,-0.2866272795394122,-0.35876403711473775,-0.0005326938470380691,-0.1806626603879584,-0.16304293919181934,0.30550521577214085,-0.4353493734158565,-0.16997103958652193,-0.005657633676120004
-0.020628895348769265,4.407322193673858,0.812685198217567,0.0852168594281705,0.11450440330300965,-0.7019443593792254,0.6977828779993881,-0.6786522191457864,0.10338249422977876,-0.06270793585319367,1.116069049691831,-0.2694176020956555,0.0032482772112777517,-0.42559894649225805,0.1570247608156501,0.03780273807982084,0.2417628824608424,-0.1143784060608655,-0.04032345065288967,0.09651986737524244,0.15577924663226714,0.14298239174346733,-0.2789941774684463,-0.35675856150838015,-0.0018359362124128042,-0.17567672612986318,-0.1623735581102661,0.31207633436801924,-0.43002884026091387,-0.16773137299194904,-0.005735821712017639
-0.021084128424265648,4.413027008266115,0.8127851320202751,0.0847066219610756,0.11365481271411774,-0.6986207828624054,0.7013104686909936,-0.6507097376569941,0.10152005878474057,-0.06471504992756982,1.1178087586555172,-0.27128050543645493,0.003306323202207002,-0.43337448673271145,0.1546884677866594,0.02973630836791082,0.24549453691081852,-0.11021839949234526,-0.040402290196776616,0.09006916646867506,0.1607431255775058,0.14120251514922388,-0.270888939880668,-0.35490158170505753,-0.0029976878506340838,-0.17085563208486804,-0.1616939419266245,0.31855043587095094,-0.4247130547303629,-0.16572444680620765,-0.005778116345080803
-0.021459228530045334,4.418813163908367,0.8128841361603218,0.08433382060469463,0.1128024570620372,-0.6951652373029223,0.7049175166135062,-0.6228600243124933,0.09819372704011084,-0.06822170818888787,1.1173162470690654,-0.27149323896442523,0.002871793218556814,-0.441687752483426,0.15181495304443657,0.02140538302184352,0.24963763761892374,-0.10625393759452585,-0.040426344882897605,0.08313121933520536,0.16504587087681688,0.13900740368702724,-0.2622772521000345,-0.35286579643527394,-0.003683019625015058,-0.16634135051098295,-0.16111606625620056,0.32492512054022643,-0.4191543203566643,-0.16391533774857459,-0.005822754736622397
-0.021745865696410144,4.424636271725455,0.8129813349062475,0.08406901035333605,0.11194576636519371,-0.6916073903499502,0.7085758706761403,-0.5949624216852579,0.0937265568800636,-0.07291696248013213,1.1146311865035154,-0.2703665303508338,0.002019807781923866,-0.4504614463007116,0.14844260753012567,0.012883737235650498,0.2542081957444861,-0.1024368082066249,-0.040390968365359825,0.07577923514897471,0.16886875183069452,0.13643967736562337,-0.2531038109685667,-0.3507609581480159,-0.0037661297299465147,-0.16202614704832435,-0.1606363296495266,0.33127426021502954,-0.4133858830986615,-0.16230444436305738,-0.005857527333443718
-0.02203423174034121,4.430546847766817,0.8130569902390026,0.08386261542685244,0.1110797853807052,-0.6879813946636726,0.7122569365124993,-0.5671633293782656,0.0882031006974629,-0.07904622215109988,1.1099575777314568,-0.26783392158790487,0.0006545643929493435,-0.4595729210562415,0.14470399695399377,0.00443259587227674,0.25914965967630055,-0.09876545777968633,-0.040218864016828094,0.0680515463137921,0.17224232995337913,0.13377703395120427,-0.24365409934321508,-0.3487091138695758,-0.00332930633327073,-0.1578963763458415,-0.16005332029686511,0.33742099823472377,-0.4076032781421076,-0.16076115464567678,-0.005868654019982667
-0.02221756188450027,4.436415552221796,0.8131067581227325,0.08370180561349509,0.1101523623779896,-0.6843032983073516,0.7159535325181843,-0.539328897482638,0.08144284123962192,-0.08682933740023525,1.1032681982128627,-0.263441664409833,-0.0017611150199894384,-0.4688687872435397,0.14053813421491554,-0.003847375454899934,0.2645302624219746,-0.09519610933687994,-0.04025862412090429,0.05995804675799076,0.17531987868507865,0.13093581097742826,-0.23450794210200254,-0.3465116550434217,-0.002614492675669507,-0.1536352023749038,-0.1594485585916914,0.34295148186752833,-0.4018826381869533,-0.15900610036272142,-0.005830527818828772
-0.022362297995373218,4.4422578608093595,0.8131443265363795,0.08357189574643026,0.10917153320012338,-0.6805832772247395,0.719655276741659,-0.5115108549982595,0.07325015694348228,-0.09684972077466043,1.0945123663944425,-0.2570016961755831,-0.005572220795613994,-0.4783462186655043,0.13600440327710173,-0.011854190910250672,0.2703793172154754,-0.0917071414637348,-0.04040336736565715,0.05159265210569813,0.17806577244492172,0.1280320130068746,-0.22552420723115452,-0.3442335947893463,-0.001751760086219449,-0.1492557472760322,-0.15871324924184896,0.347846574320645,-0.3963096562138911,-0.15670094372213744,-0.0057741810773723435
-0.022573565123104117,4.448143389325119,0.8131438328778433,0.08349202271602295,0.1081504079538586,-0.6768158389018548,0.7233622132885971,-0.48382608695399143,0.06379016543120722,-0.10905982219044204,1.0838197074147147,-0.24884511339043872,-0.010430509940378297,-0.48807414935651894,0.13116485673742473,-0.0196250730498048,0.2766471306356374,-0.08834863264484402,-0.040477801686414426,0.04295726890093691,0.18043089596541112,0.12517159386172352,-0.21646470853388122,-0.3420077467041997,-0.0007457209049994668,-0.14486447230271604,-0.15780586706858798,0.35224078358195055,-0.3910470358092236,-0.1537410100346148,-0.005708214034998197
-0.022704197891877533,4.453906353332902,0.8131570924961445,0.08344910586785824,0.10710500815216052,-0.6729863601088928,0.7270860492857515,-0.45614855286001155,0.05358873481811859,-0.12261868617546769,1.0711742567962461,-0.2390419812444097,-0.015623400761006186,-0.49784038531330577,0.1259441474430475,-0.027301702264943283,0.2830995146819228,-0.08490643273163175,-0.04071029224011619,0.03397878907623219,0.1824679304207598,0.12219717556503804,-0.20792446227049902,-0.3394777107608145,0.0002997994091712038,-0.14026959050411417,-0.15682828215925998,0.35586849027641443,-0.38585110941495626,-0.15022074831559648,-0.005614820809496831
-0.022818347256153632,4.459787646925729,0.8131273521372929,0.08342770532684035,0.10606629039843356,-0.6691329097651674,0.7307878687377146,-0.42922369252569303,0.04343960634840058,-0.13672686521526986,1.0574524864412185,-0.22840466521317548,-0.02003142348377028,-0.5076905416149252,0.12052177275110758,-0.03479081510645446,0.28949726078626764,-0.08145969914554566,-0.0410840276211441,0.02475806165705912,0.18394939160590984,0.11941435712765847,-0.2003302418697166,-0.3370273256267367,0.0013557849574746751,-0.13567590115677527,-0.15575548995022162,0.35846761846112835,-0.38118458821652884,-0.1464738999831113,-0.005484916725768932
-0.0229191425561704,4.465661563627501,0.8130669961405483,0.08343192555082325,0.10503256895806323,-0.6652088194269328,0.7345097002855562,-0.40296542480746433,0.03348355952168336,-0.151282447526983,1.0426234493255686,-0.2166905675143968,-0.02306635813342348,-0.5174801667654794,0.11487176129779555,-0.04220204327163897,0.29574436560584727,-0.07794830731003483,-0.041638550709333,0.015221437032094902,0.1849036587966885,0.11682710947681771,-0.19380923558954102,-0.3342819296631918,0.002405551782291626,-0.13073843713793554,-0.1545749693070195,0.35990100897344585,-0.377123299931328,-0.1426463340286478,-0.005334083524865255
-0.022976289210812045,4.471527276140376,0.8129686658845651,0.08337567276901454,0.10413625913613371,-0.66159168368445,0.7379028261248366,-0.37753580120600133,0.024461451869909633,-0.16512269673788055,1.027243660546507,-0.2054179334496557,-0.02472615828136705,-0.5267514639667829,0.10978834533428374,-0.04841618238947354,0.3007872081409658,-0.07395395572909962,-0.042333129118138864,0.00667864845676993,0.18566716965944252,0.11472855711006155,-0.1888115145535136,-0.33217876171835853,0.0033351544675459723,-0.1251157470049396,-0.15341299311004108,0.35995675700296464,-0.3740646644430767,-0.1398366250935514,-0.005367164326082079
-0.02308284321134644,4.477325170347991,0.8128165732126016,0.08337007046719061,0.10315786567555076,-0.657719771883968,0.7414934846459956,-0.3525424506804974,0.015279431572244774,-0.18015811094634293,1.0104802714311145,-0.19291537582250468,-0.02628299492996119,-0.5363777281368868,0.10406237487066645,-0.05529953358450691,0.3066782313979897,-0.07004387738985496,-0.043234619161338125,-0.0028927499969603836,0.18593972890072075,0.1126597649165378,-0.18413659361331713,-0.32936546929316074,0.004281988848582413,-0.11948784275965602,-0.15207017968783054,0.3594269378636022,-0.37126043410842824,-0.13685761545326644,-0.005276013608363731
-0.023214187554053366,4.48322867852485,0.8126379208692905,0.08337464646065587,0.10221410170356057,-0.6538985133671742,0.7449950872030591,-0.3282074281720769,0.006808067522048855,-0.19501822106195763,0.9925893211023444,-0.18064288564770886,-0.028059983795081844,-0.5462477841737597,0.09830455957428012,-0.06202717226223958,0.31270702994774513,-0.06608844178658937,-0.04439922937481517,-0.012466500294646599,0.1856433512620344,0.11085766022897563,-0.1803943731534629,-0.32655751882063705,0.005159500276804862,-0.11403815867412796,-0.1506122018789894,0.35811126353743844,-0.3688203346881267,-0.13399168456482538,-0.005092397346672287
-0.023323181478870064,4.489145944262619,0.8124032591443001,0.08335769021876421,0.10131915041234246,-0.6502344984256733,0.748318797236997,-0.3042568646269355,-0.0006126420006258161,-0.2090528282213452,0.9734320664751182,-0.16936697466199716,-0.030041510744591646,-0.556239085898044,0.09268594907316904,-0.06838195896816011,0.31879593933625827,-0.061978779565117124,-0.04608105135192162,-0.021697204351403508,0.18500277025329667,0.10937047533573868,-0.17785472566921265,-0.3238482531399659,0.005878701539614405,-0.10841987207150655,-0.14912717149463608,0.3558585951581782,-0.36698027864907107,-0.13151298816737478,-0.004832989098204276
-0.02349444345468261,4.495062360008894,0.8120867983055625,0.08330439832717937,0.10046512216344096,-0.6467093902573511,0.7514879247206809,-0.2807726070695193,-0.007016122606016215,-0.22242351469659005,0.9531097332309395,-0.15908128438226293,-0.03186287797235909,-0.5662860304488455,0.08726709564616433,-0.07434792975185386,0.32489872233708966,-0.057716118729580865,-0.04814645549529017,-0.03066442640026421,0.183998550988025,0.10829000657199427,-0.1763773225339809,-0.3211455501176525,0.006405473712203183,-0.10267839656079404,-0.14741405876086686,0.352693207732483,-0.3657251729236597,-0.12955586154128282,-0.004552096538134489
-0.023609016715737192,4.501085892826029,0.8116880408103251,0.0832691874020711,0.09967985320165867,-0.6432543733502907,0.7545554853427402,-0.25822116947764606,-0.012722253302629423,-0.23542005973397814,0.9320160723404683,-0.14965504407976166,-0.033926252143984106,-0.576567368754106,0.08184176596251445,-0.0800028169179131,0.33095726635837575,-0.05336080350449702,-0.050337843923289965,-0.03952418924874445,0.18255004727274035,0.10740310257892845,-0.1759589778321699,-0.3186754633211763,0.006793622580934002,-0.09698367623949461,-0.14577880021634834,0.3486894190476687,-0.36506205972912986,-0.12815362308319578,-0.004274907019150562
-0.02372581237721478,4.507248276962322,0.8112220765755632,0.08330207340820885,0.09896073151527916,-0.6397699337201744,0.7576027785664045,-0.2368881019971486,-0.017877435360839904,-0.24846882870658452,0.9104098752470005,-0.14074291926751534,-0.03657774474455506,-0.5871770797930492,0.07626871439620839,-0.08548173314193917,0.33696747042601366,-0.0489590787556014,-0.05222210207300489,-0.04854196411840931,0.1806356721599699,0.10679084691234784,-0.17637391770772756,-0.3164645242015952,0.007138055238504505,-0.09144786235844797,-0.1441858191641585,0.3441806912498314,-0.3649500457680777,-0.12726584910858083,-0.004027610528367777
-0.023849593117223972,4.513498758334592,0.8106830158738014,0.0833833569019228,0.09831609502264822,-0.6362090403175544,0.7606702427921569,-0.2166176866268474,-0.022429108718567917,-0.26164399400816224,0.8880972104568833,-0.13220978623533436,-0.04030250082568597,-0.5980549094343802,0.07051782248790034,-0.09087179879093558,0.34294449630716484,-0.04454597031413152,-0.05367710763867193,-0.05795800522340031,0.17844015325658433,0.1065194598317211,-0.17763894590557827,-0.3145293632328113,0.007533572609543433,-0.08604359257638793,-0.14253960511871377,0.3391813461381807,-0.3652936382708775,-0.12689091010146494,-0.003800662025884802
-0.023965983613645943,4.519823362788458,0.8100855140270794,0.08349976780501042,0.0977356586163782,-0.6326020047526966,0.7637343997714126,-0.19728064971519785,-0.026384396821020357,-0.27483119819144264,0.8649411835492417,-0.12404690182472897,-0.04496340766653698,-0.609157174187121,0.06462590453841036,-0.09616473448737918,0.3488917635647637,-0.040088692897215075,-0.05488815446404888,-0.06766744775728338,0.17595051128652137,0.10657203094459237,-0.17978989048956023,-0.31282209495677826,0.00801221244397384,-0.08072246644334245,-0.14084507301292246,0.3336222433631003,-0.3660551196242903,-0.12704884529100222,-0.003571372347207582
-0.02412975168786518,4.526027403693968,0.8094802950403912,0.08369509765474938,0.09722234899168179,-0.6289715284832141,0.7667709970014446,-0.17897494514943643,-0.029882629186560657,-0.2881164135542369,0.8410997639246689,-0.11559833334339667,-0.049717555128138975,-0.6204653787652863,0.05858755394107302,-0.10134744741359057,0.35477389616048344,-0.03529389892156689,-0.055742731882737796,-0.07742807141971507,0.17313740596349134,0.10693362353738783,-0.18259890719564792,-0.3110331013514553,0.0085256746011556,-0.07526655295309527,-0.13910343358105867,0.32782751507390295,-0.36713436674399935,-0.1276695043905976,-0.0033516314949026396
-0.024097480054771067,4.532469738933991,0.8087387657778411,0.08377305099621203,0.09712374353021509,-0.626284528255372,0.7689712244534302,-0.16487294419705964,-0.0325061180768881,-0.2979404659475533,0.8219545367151512,-0.11062022415157166,-0.051968191365178405,-0.6308457859344931,0.054501124280047414,-0.10439742661088999,0.35757217929454244,-0.030776971411710447,-0.056139970529267016,-0.08464019369414023,0.17089467985573406,0.10738874959103949,-0.18461636358651828,-0.3112865155786426,0.00892875729509656,-0.07067998339322022,-0.1379993875854592,0.32340212597702345,-0.3680455995090399,-0.12821433640255375,-0.0031574464454244802
-0.024116524397483373,4.539068069215887,0.8080476288837278,0.08442041539703156,0.09646351173458498,-0.6221357843490893,0.7723438678466777,-0.14951156504304602,-0.03771041273595128,-0.31519435972137183,0.7977485413745389,-0.0989039552381868,-0.056857102488765486,-0.6444467665601277,0.04617233247476928,-0.11009262481570338,0.36574704747670367,-0.024652629581691964,-0.05608190607945446,-0.09566462840871871,0.16607034732758533,0.10756357287273788,-0.18910062468774022,-0.3091648297682209,0.00924056318842642,-0.06544776831191894,-0.13704514694965605,0.3164082985955011,-0.37072899560422146,-0.12978496815179108,-0.0029483690293484383
-0.02410020614285081,4.545710071001127,0.8072832472319456,0.08501086966310549,0.09614919868235672,-0.6185851121330556,0.7751651067219145,-0.13676892523740003,-0.042481718596225064,-0.33141134448118886,0.7756473530064971,-0.08615267167631735,-0.06005353211899425,-0.6575659626424408,0.039166958898818514,-0.11442232452457378,0.37204253725634767,-0.019272545182475502,-0.05525345200076506,-0.10491627370432782,0.16125394819865824,0.1079730411652678,-0.19336675077109503,-0.30810735309198856,0.009454128331941338,-0.0605324914410794,-0.13639377208161968,0.3103159283159594,-0.3734920570137174,-0.13157003017360688,-0.002761535245099581
-0.024019795895449125,4.5525914144736515,0.8064456506919201,0.08567373635828154,0.09597871400748041,-0.6150922340976643,0.7778879359577605,-0.12640970169826615,-0.04675554561754078,-0.3466448641984264,0.7549094168130962,-0.07445711743856791,-0.06187382992027622,-0.6710418422777303,0.03219421959074779,-0.11834424020880885,0.377807099535006,-0.01346561923610166,-0.05420366932901911,-0.11391341040581668,0.15597137585253237,0.10852925764966743,-0.19792949318366435,-0.3077700862746608,0.009566023244479293,-0.056032401392257854,-0.1359769923287819,0.3041742835905704,-0.3766112809393884,-0.13361277775297514,-0.002581579495838076
-0.023828388963137825,4.559771655961164,0.8054931906414463,0.08613701890497963,0.09615227530081896,-0.6123976082391143,0.7799386664037437,-0.11949561109640834,-0.04883800375813274,-0.35571817485353396,0.7378829557074329,-0.06999687262653571,-0.06111438510577747,-0.6831989640159994,0.02729026699953409,-0.12069592404884862,0.38013327754640763,-0.008061967231607126,-0.053743269908974024,-0.12092743264546359,0.15153674857309427,0.10928143689539134,-0.200912471206792,-0.3092773797876566,0.009778813381071031,-0.052583352403450044,-0.13567492613076157,0.2994793188185936,-0.3788558857557212,-0.13479537887882945,-0.0023601753950617398
-0.023784627487373155,4.567093201200342,0.8044761879532293,0.08692548346683619,0.09636446338891906,-0.6088856867912776,0.7825701699787284,-0.11371247189133982,-0.0494102322553208,-0.3636108001158255,0.718737766188106,-0.06917427386547957,-0.05908251822989034,-0.6970343978428415,0.020824087432556038,-0.12406934235982063,0.38388873486098957,-0.0012229155107258052,-0.053242778094762265,-0.12973651973985212,0.14601658551720606,0.11054194553385009,-0.2048470674027667,-0.3105765883153773,0.00994395347764299,-0.04903770339619027,-0.13510325549147126,0.29381716129037705,-0.3818432466017089,-0.13623078628189866,-0.0021171558768449013
-0.023747122100175995,4.574552368575497,0.8033817882098298,0.08788663944157477,0.09670888611145424,-0.6049544369802381,0.7854638496663425,-0.10923203488430559,-0.04845335045639699,-0.3692277977132719,0.6981143826744565,-0.07267986463558052,-0.05563516003388903,-0.7119036329644078,0.013560787915361416,-0.12801361082385174,0.3882379195776752,0.006083172634089587,-0.05278307733497904,-0.13941803639224387,0.1397208464981784,0.11209071154852089,-0.20936856410564447,-0.3119617123172916,0.010150981047143962,-0.04553481159093678,-0.13448266190444655,0.2875812680905983,-0.38534822765121673,-0.13782060461133971,-0.00186007552703785
-0.023845547122254056,4.582284304476516,0.8017010517376281,0.08825403340930722,0.09826294015498636,-0.5997550223597724,0.7892081685672763,-0.090253012698302,-0.040393486147115236,-0.3755747947418975,0.6253370108167469,0.018504989764765833,-0.04939707006888092,-0.7284864109038579,0.007054032386588461,-0.13446063827184554,0.3937444858038923,0.012814617890825152,-0.05239180599711382,-0.1508248798547432,0.13384796276270333,0.11583743395877577,-0.2142057759873458,-0.31659522644644195,0.010419438588024814,-0.04210660004440891,-0.1327738337476299,0.2808098458714515,-0.38888309843353314,-0.13942266403423467,-0.002094495713199959
-0.023927842195487384,4.5898680766913325,0.800686957029671,0.08966727300583548,0.0983396280254,-0.5954363462382893,0.7923033858882076,-0.08133720621776916,-0.036071703175089675,-0.3766225899752851,0.5857756271075986,0.03780852018207849,-0.04137296984970398,-0.7442909422459325,-0.0022328670012971546,-0.13872370662143055,0.3988229010351929,0.02049675179066071,-0.052259637283866435,-0.16174918211020117,0.12653610763017853,0.11761393177232843,-0.21986874357496053,-0.31749067142020765,0.01062340260728314,-0.03881089145671836,-0.13218207624743597,0.27437361397952104,-0.39302036139819774,-0.1412538931783178,-0.002023973349713251
-0.0240735577511926,4.597518948715648,0.7995653966745454,0.09132334625335016,0.0983684522877984,-0.5906154493340035,0.7957116846142114,-0.07932374395287138,-0.035014101168466566,-0.3799796842814085,0.5611876196467747,0.0302123067625717,-0.022704551326413972,-0.7625223841964924,-0.013204858289257378,-0.14332477463602325,0.4069369879738259,0.030800271089469016,-0.05271283935150731,-0.1733932328499273,0.1160279002597573,0.11989102636011502,-0.22975221654450187,-0.31578191471105366,0.011114462257412744,-0.0341544305283183,-0.1318610729624411,0.2662114657886133,-0.39963309560429816,-0.14515932029012216,-0.0017745690797265749
-0.024209653041947006,4.605213948893528,0.7982705750882133,0.09253597152937779,0.09886267527317513,-0.58693258653691,0.7982314227541013,-0.08480940008995824,-0.03607730098426725,-0.3825950982620405,0.5519429656204892,0.009229580145695436,-0.0013058749604845125,-0.7785446243240989,-0.020672142318843595,-0.14582959810475635,0.41063548747731055,0.04026303554150483,-0.05390376812183838,-0.18194561129393005,0.10643770531540751,0.12234350833260974,-0.23781145481574084,-0.3159783634256998,0.012052360917736135,-0.030261190254288556,-0.13173100902540208,0.2602114597060888,-0.4048556875522771,-0.14913482043428325,-0.0016618130422643102
-0.024196694827664393,4.613115916539705,0.7969102544331698,0.09373112906080287,0.09943510733570465,-0.5835023293022777,0.8005324269340623,-0.09295531077523322,-0.038387912867339856,-0.3853362840827009,0.5472253130827962,-0.013553739594822506,0.020845351155157572,-0.7942260653192085,-0.027687484551697002,-0.14770910996948272,0.41292847258278936,0.050549682250299946,-0.05550567021227925,-0.189930664674039,0.09668705895794193,0.12474952866878626,-0.24635555712871451,-0.31676529626594246,0.013127658306060249,-0.026953028051351757,-0.13193870303885716,0.25464823468715003,-0.40955793905414806,-0.1532864957069828,-0.001577193347757503
-0.023936082525069884,4.621325736944002,0.7954465332132037,0.09496489750780893,0.09994209833360335,-0.5801887101755485,0.8027292855046716,-0.10159108000733447,-0.041610506263760796,-0.3887024624853825,0.5437929291819837,-0.038091170472272465,0.03985558384931588,-0.8098024923165194,-0.03491860608228757,-0.14907534936559846,0.4145033068573384,0.0612145802774677,-0.05706496953244581,-0.19778724842378334,0.08654068926768912,0.12703792197737956,-0.25611364295974737,-0.31784409403901864,0.014222048157922523,-0.023979323874149184,-0.13266528006514394,0.24918760781665017,-0.41425587072773046,-0.15747821636931872,-0.0014962726359409378
-0.023729477401764162,4.6294462521434205,0.7939406568712549,0.09621379011528433,0.10044072864344908,-0.5768493138957006,0.8049220059603814,-0.10949226240533175,-0.04483509755645339,-0.39276391840901026,0.5396376553473886,-0.06463591749945756,0.05463150896242845,-0.8252310662814123,-0.04228261956742025,-0.1503163242319945,0.41565259969969376,0.07236486423121007,-0.05825396137996609,-0.2057504919188324,0.07610492949211688,0.12974916291194732,-0.26710557222732484,-0.3184753428531028,0.015163833686781284,-0.02082642410844987,-0.13325993208533565,0.2441701880587299,-0.4187819674103353,-0.16157797383906877,-0.001443623114533789
-0.02359385587962143,4.637617964137407,0.7923707032106193,0.0974846482243748,0.10093113067107702,-0.5735012038859119,0.8070972799876343,-0.11719214802096711,-0.048180208074629305,-0.3971628978223693,0.5351683894394265,-0.0926351718615484,0.06658141995375859,-0.840616211245885,-0.049732747113934314,-0.15138832777162153,0.416310437738465,0.08401490233441881,-0.05917857879273516,-0.21374354549065208,0.0651631488044516,0.13275151506466804,-0.2792179680529163,-0.3189217007047378,0.01592265032668998,-0.01771457748779132,-0.1338749762800348,0.23950019438541997,-0.4233280110700906,-0.16554966900205664,-0.0014162896028484299
-0.023355323434443322,4.645781541916062,0.7908042200668386,0.09880391276922258,0.1012961770418593,-0.5702449143171715,0.8091956555948617,-0.12444775669229174,-0.05203668188249251,-0.4018609436241233,0.5301228215070463,-0.12082417120987995,0.07605250539468159,-0.8556767080637396,-0.05742223810274625,-0.15195405953920288,0.416320107892659,0.09625326558066703,-0.05966422833963906,-0.22165542457698484,0.05379812961118882,0.13555344645042766,-0.2926084018457405,-0.3189647575943756,0.01658425125367761,-0.014537775089773265,-0.13484606391548432,0.2349668899111658,-0.42779137655281285,-0.16928183991786067,-0.001429880623326986
-0.022828453053911135,4.654092159256225,0.7892756322809513,0.10020420137438883,0.10140151303814655,-0.5672095964078124,0.8111412484415906,-0.13133220436457144,-0.05698569119274898,-0.4070279186471833,0.5247613332676517,-0.1480170069075768,0.08334086788089119,-0.870137954464074,-0.0654831041957693,-0.1515533845830316,0.4153275534596703,0.10908538125368397,-0.05941721495571253,-0.22930774402296702,0.04197332838494125,0.1377477770069508,-0.3073629248463247,-0.3187440167080752,0.01737780232562732,-0.011327635809615271,-0.13656275620533892,0.23031597959736705,-0.4323642080657872,-0.17261506177014116,-0.0014921323403194607
-0.02210615845581544,4.6622159903359695,0.7877474571374222,0.10168301153123517,0.10116836398950603,-0.5644107931128237,0.8129366420031631,-0.1373644164789383,-0.06298458630955694,-0.41292125889939124,0.5187680374606912,-0.17365093158236133,0.08845739662874363,-0.8838567847393267,-0.07401182380487535,-0.15012052012914417,0.4137358739187988,0.1221844185230355,-0.05798636045129796,-0.23669012076313395,0.030058896684140406,0.13951077296268438,-0.3237668978567897,-0.3179114086970714,0.01856373094050597,-0.00745679991675679,-0.13890749239335387,0.22575484217353933,-0.4371421261688802,-0.17533964787075648,-0.0016233365776765222
-0.021207697880275374,4.670359055319921,0.7862584974636836,0.10325652613194095,0.10067625358982986,-0.561791118089488,0.8146122521850768,-0.1430103388687352,-0.06997041359454849,-0.41954721064981565,0.5124515332960776,-0.1981943694695018,0.09137906028714418,-0.8969783239003447,-0.08293320278235197,-0.14776930892065193,0.41127275439650823,0.13563543395393626,-0.05547391857705582,-0.24384081811224464,0.01769631943867794,0.1408487112405513,-0.34174031470109545,-0.31679966816308647,0.020295641069468108,-0.003329375646047193,-0.14186984763620178,0.22118460960561645,-0.44210037069197483,-0.17734813690902196,-0.0018186972301081853
-0.0200694498208141,4.678723225280947,0.7848833888257175,0.10489899028802892,0.10004160818000939,-0.5593444560716389,0.8161627643621292,-0.14882399343728797,-0.07781119591295411,-0.42666114998887505,0.5062772220098453,-0.22147450803255764,0.09268912002389057,-0.9096232256035147,-0.091943512426253,-0.14448251993662803,0.40750717392579877,0.15032456262145988,-0.05223678088967027,-0.25072634263221966,0.004801608802452331,0.14166030940073035,-0.36063074188931493,-0.3157897415848339,0.022516447524386345,0.0007151339452569312,-0.14535420157024787,0.21642107893065565,-0.4470720989862217,-0.17870747790213623,-0.002074165559394426
-0.018969652269715486,4.687057778636796,0.7835409294041803,0.10653401016805686,0.0993945513987075,-0.5571239400585349,0.8175476397393711,-0.15517433041492754,-0.08597165733819329,-0.4338706229295945,0.5008594534812058,-0.24294042655200648,0.09352999735367434,-0.9218689764803221,-0.10036561977212569,-0.14018722948036808,0.402504568387038,0.1671053252379487,-0.048247731950000455,-0.2572166601178916,-0.008099136191889029,0.14250596611954827,-0.379483894429247,-0.3149577743768686,0.02496849537968887,0.005047624925705195,-0.14868199925727435,0.21182718057288208,-0.4521397048179102,-0.17962406142082904,-0.002379527637824437
-0.01787018677809358,4.695382935566841,0.7821756214092159,0.10821000389438924,0.09873154321484005,-0.5551499347839608,0.8187497953226962,-0.16251993394973605,-0.0947483981679839,-0.44122508523536724,0.4967834310106003,-0.2623836989835679,0.09376142404798822,-0.9337669169548597,-0.10818406096334994,-0.13425102131180142,0.39607122046931864,0.18607834601703488,-0.04321206779119247,-0.26328971164343296,-0.021112878951236164,0.14328698667296527,-0.3983082515057096,-0.3143955930153529,0.027260083507138613,0.00954271293722361,-0.15198610192135587,0.20740417797076405,-0.4573247706963603,-0.1802645955552156,-0.002710190404687868
-0.016719715367281174,4.703659071937512,0.7808588624632529,0.10993073172417066,0.09803208551650204,-0.5534198772410817,0.8197752032760811,-0.17057392030061816,-0.1041654275519674,-0.4487898572404592,0.49369388188254676,-0.2799491735959576,0.09312168903336561,-0.9451286398090121,-0.11554819224233898,-0.12681054406077727,0.3881745340950319,0.20696193909379543,-0.03696203403950965,-0.2689901334088936,-0.03432247054972526,0.14386474100481114,-0.4173234653352334,-0.3139045909884555,0.029198350718829084,0.01410118173188908,-0.15530121067432814,0.2031481730572368,-0.4623537172306219,-0.18066287260556183,-0.003067708287215293
-0.015792979394630806,4.711940791417413,0.779792289893577,0.11160184945176672,0.09734951844830413,-0.551967195939074,0.8206097203080067,-0.179142784855796,-0.11356929216910751,-0.45597839229198134,0.4911709381683935,-0.29565434539513874,0.0924935417513298,-0.9555614596471149,-0.12204520338346767,-0.1189538093051981,0.3784568210874532,0.23013445780587866,-0.029760699968390078,-0.2743007289027732,-0.047708295838528994,0.14454610100615578,-0.4357177934749707,-0.3133237630985309,0.030850057340892887,0.01840479725808699,-0.15802987717895,0.1993180476425386,-0.46692333892914634,-0.18085379001732388,-0.003458217824375761
-0.015116338452824252,4.720437455038917,0.7784503116471131,0.11246794956776787,0.09742885874588077,-0.548955110084855,0.8225003738085608,-0.14625759050350756,-0.09938519644775588,-0.4650138437571986,0.3955294883197949,-0.34732359321283857,0.08930635137522928,-0.967053475848714,-0.12955639048412537,-0.11522387730933356,0.3713624446734692,0.25344907639909775,-0.022364409379823372,-0.2826825619745449,-0.05946680343802014,0.14754329745489214,-0.45289578624930393,-0.31745336042997885,0.032293356132299215,0.022708402980851406,-0.15898140370258648,0.19477517913756828,-0.4706875839723816,-0.1810775062192002,-0.004582257512699579
-0.014503201008943657,4.728512316410678,0.777895115238305,0.11378597367851619,0.09675321434411467,-0.5486696991449467,0.822589283268575,-0.15504684935439716,-0.10764812146646206,-0.46781625534772975,0.39483616713051756,-0.35565989251513125,0.0900818178020981,-0.9752511865525856,-0.13347406556446725,-0.10940509137480259,0.3581027582098322,0.2833278552674848,-0.015840428002349426,-0.2865128366435198,-0.0718977855417019,0.14804099471056847,-0.4686827949634395,-0.31588073794213,0.03390848807585228,0.026598763336028064,-0.16047822222734986,0.19208505655637312,-0.4741671353476279,-0.1810989874726352,-0.004763778688193774
-0.013993921365000456,4.73648465927519,0.7774815106786304,0.11499130852991699,0.09627940600969401,-0.5488264997088933,0.8223726333957633,-0.1682655408694052,-0.11748042273424912,-0.47000772079984293,0.40245141346846164,-0.36235809786260953,0.09136386707394037,-0.9824359123927467,-0.13605540555055545,-0.10446140993229473,0.34225837571110407,0.31772134765552223,-0.009746483057888396,-0.28946009907462467,-0.08384585456580204,0.1487703822667072,-0.4835019566611807,-0.31512775071387206,0.03584859394028479,0.030578044734294155,-0.16159036583919706,0.18967636034609803,-0.47749132326101407,-0.1811216693445823,-0.0049016758560266795
-0.013463784257950808,4.744243482796522,0.7771924327459736,0.11595257838580911,0.09585301134147826,-0.5495210638617916,0.8218234604552603,-0.18207405639575142,-0.12726208703570346,-0.47091210848625703,0.4121485784246104,-0.368888519134561,0.09312647055944429,-0.9862699211303184,-0.13697534754130009,-0.09839314634558664,0.3218889545792144,0.3559169962632538,-0.0009367864110415174,-0.29119081439157457,-0.09594231343436341,0.14943180534647643,-0.4992257904744674,-0.3136917321761768,0.039296761709252635,0.03505949865197384,-0.1624033873148062,0.187107343112941,-0.48064579849151023,-0.1810107970565137,-0.00530612574209561
-0.01280922051995912,4.7516188902469105,0.7769054396819389,0.11674165902409014,0.09511306831446013,-0.5503637206753155,0.8212336234279111,-0.19372555604503996,-0.13637597759996897,-0.47069104254898037,0.4196738957238832,-0.3734313744269334,0.09486234347382023,-0.9889314091892891,-0.13760933493276734,-0.08834716738709003,0.3038984094177899,0.3852380431147497,0.011090093063576067,-0.29331757627791794,-0.10554046276609058,0.14944348103697386,-0.5108593086090278,-0.31386495769923456,0.042308691270881035,0.03994478641931959,-0.16334812570388552,0.18508527593199886,-0.4834589574909431,-0.18068660027635897,-0.0055192254882007975
-0.01203833726821823,4.758764842756844,0.7766187690593239,0.11738889877358753,0.0938980877203933,-0.5514070061365766,0.8205810801807922,-0.20345180330404067,-0.14546534703147562,-0.4694391041352363,0.42613730711288533,-0.37675863729830933,0.09706950724614401,-0.9892352728368582,-0.13758586305363715,-0.07102879613967049,0.28557049739480844,0.4089736005117086,0.029744824951871834,-0.2958835626053843,-0.11349362353520678,0.14865811546152727,-0.5195857977394768,-0.3145488672770311,0.044322660584685064,0.045108737911116296,-0.1646460118403507,0.1837210783684293,-0.48617908001822385,-0.18002764009314576,-0.005652879550176783
-0.011450377695557887,4.765482237406782,0.776448134926014,0.11778455077486213,0.09250137522218758,-0.5526687223472283,0.8198338725131151,-0.21191114620371715,-0.15381487718520237,-0.46708228499112336,0.4319062225083356,-0.37869636462670575,0.10006322919722373,-0.9871741688592438,-0.13662525013623614,-0.04890030623655708,0.26651485972674205,0.42906773467511267,0.05383481818649271,-0.2979936196399211,-0.1201221717136807,0.14804385092931335,-0.5267440499472842,-0.3157163977581628,0.045263598546783995,0.05094332414086678,-0.16523363671041466,0.18230158058612916,-0.4882152882770059,-0.1788980833823998,-0.005682644942016898
-0.010714980877174067,4.772284262460224,0.7759981112520532,0.11714323697902931,0.0916406775522863,-0.5562605538851548,0.8175901445340532,-0.21963852663872108,-0.15917208009027262,-0.4594243422200847,0.4375181125159877,-0.3812329352110918,0.10320582383382712,-1.0045356299159813,-0.13029132471029914,-0.006472860584949093,0.2803573952398805,0.45323795561207014,0.07639493153271167,-0.2943439188838717,-0.125875143840337,0.14772882767893372,-0.5318282480100653,-0.3183251130478776,0.045312545710643685,0.05556468142078163,-0.1651132867731214,0.18118245163818544,-0.48753925024274314,-0.1779026469976746,-0.006100533547525513
-0.010074041859405292,4.77882997935099,0.7755881648621697,0.11726379829630154,0.09020503979163527,-0.5586117488416287,0.8161281556602564,-0.22712800407667255,-0.1662687083233997,-0.454057405095739,0.44264541396214035,-0.3826640807971872,0.10613433505673935,-1.0095651747774341,-0.12848607843474702,0.019955002776929038,0.28220734196353703,0.4592345128202577,0.09654753585363866,-0.29432767130879833,-0.13074922547514106,0.1464519246701089,-0.5344750221309944,-0.32046229346556426,0.044877105180220894,0.06092495202956041,-0.16593587056340872,0.18103874028591874,-0.48842068610984235,-0.17673456617610067,-0.006324721311496732
-0.009432103273678064,4.785241388703431,0.7754988072259209,0.11712972230641226,0.08883304542275712,-0.5607589467967454,0.8148243502625254,-0.23405027798252065,-0.1725415778639181,-0.4494374590189367,0.44679483418954374,-0.38272302424069615,0.10866957843010436,-1.0101009223365076,-0.12839967790288198,0.03203003766314305,0.2854325993045903,0.45022190369242143,0.10928977980688752,-0.29421798331118176,-0.13546324711642402,0.14497876104848822,-0.5364390713224974,-0.3224392343314246,0.044188643019235495,0.06652499024693408,-0.16639203073943115,0.18125737754383087,-0.48817479024941696,-0.17556293705138734,-0.0063126600088222245
-0.008924715029636978,4.7914799295699275,0.77569027102288,0.11681051615493596,0.08746792395790864,-0.5630271409504258,0.8134525826053421,-0.24018542583320898,-0.1779092788819576,-0.44450539868349837,0.44967801913694405,-0.3813493094405384,0.11111491743517384,-1.0092317573680236,-0.12899690719532161,0.03446395267595749,0.293768778672777,0.4292557636319061,0.116026040379768,-0.29405519956871035,-0.13921744304740755,0.1435366994450433,-0.5363514183079998,-0.3244929951681739,0.043281470892955066,0.07172783002656838,-0.1662223593451114,0.18222180612397054,-0.48679925906916305,-0.17439525099459527,-0.006337099488993941
-0.00853903003363716,4.797589446122701,0.7761850423060024,0.11637385751977447,0.08616732180359311,-0.56541531399419,0.8119962072817923,-0.2456858640792876,-0.1823593216991068,-0.4391655749112947,0.4511722848888537,-0.3785904139548346,0.11345918753075537,-1.0078252749328256,-0.12984258735758855,0.031117830634277425,0.30695365305925704,0.40051887652078205,0.1186205285812216,-0.29364377147796883,-0.1420811760538921,0.142075529506093,-0.5341412647229067,-0.32691787690310264,0.04218300048719504,0.076576713182772,-0.16566588147339711,0.18396590705885407,-0.48448354328608845,-0.1732003583712254,-0.006324356986405432
-0.008241814294373807,4.803593536515252,0.7769166734978191,0.11582263491207884,0.0850035969471826,-0.5679397483075922,0.810434419333467,-0.2507783449950779,-0.18586250545265762,-0.43333159192750675,0.4514836425435182,-0.3747010277304516,0.11570859568566684,-1.006026410091325,-0.13050508483188897,0.025547249311987853,0.3236756848187415,0.3683725645116449,0.11911580024874102,-0.2929559294207535,-0.14398956026265125,0.14054067625148867,-0.5295918338714312,-0.32998568148529966,0.040949882916492056,0.08099740774120302,-0.16480480168794034,0.1864701564265721,-0.4813131992044116,-0.17185852826026923,-0.006292946083533011
-0.007985355732012216,4.8094791347167645,0.777913602513414,0.11515501519273356,0.08393824784675558,-0.570431285919004,0.8088892637865644,-0.2553486137056345,-0.18845189266423776,-0.4271061009123914,0.4504563155162464,-0.3692172208981366,0.1180746020436952,-1.0045284313493361,-0.13155574870287035,0.01839611964110036,0.3454383468917344,0.33087653423945895,0.1179714566149923,-0.29246321210496046,-0.1445873357171882,0.13855400726794986,-0.5213140730238363,-0.33386717724593085,0.0387883418111914,0.08431767471888608,-0.16374438333762012,0.19031142930682354,-0.4761770628153635,-0.1696921933037732,-0.006048472920319515
-0.007822610189120822,4.8153244105048065,0.779141390118859,0.11435814993129466,0.08303533857034735,-0.5731995125623578,0.8071367076840674,-0.2594989323936105,-0.19006883775223996,-0.42019964073421756,0.44822125337815205,-0.36285013292855106,0.12030911072190342,-1.0017820961765462,-0.13250934711746568,0.009228457853031414,0.3690827616524797,0.2918986057997844,0.11515469301616156,-0.2910576407250687,-0.14436645648816923,0.1364779749672619,-0.5108023353462995,-0.33855373699888924,0.03653278579557418,0.08771965707097365,-0.16235513749712183,0.19442723201121265,-0.4709201041808054,-0.16744329361607077,-0.005812072345824614
-0.007832613805250289,4.8211263787931244,0.7805126457132741,0.11346470591236779,0.08223505589474145,-0.5761679637462056,0.8052289324451529,-0.26344754863575615,-0.19086751274081395,-0.41270028252107427,0.4452631696498916,-0.35576466454102496,0.12246799570973166,-0.998544764577784,-0.1333981385062476,-0.0007584916359606927,0.39537199470648754,0.2520421355062499,0.11047736114160764,-0.2891480522539079,-0.143473680817231,0.134532207132955,-0.49893731983315165,-0.3437886752026971,0.03425477894235312,0.09099855975507803,-0.16063977776655483,0.1989824326334516,-0.4654791612462338,-0.16497377164270888,-0.0055504368938393235
-0.007909438089363301,4.826752819174232,0.7820306986546672,0.11252189391501792,0.08153017652377761,-0.5793290587155849,0.8031621850121521,-0.2671069403316827,-0.19099339552195538,-0.4047590937598701,0.4415578280968115,-0.34795908433074973,0.12422776479715483,-0.9951860706545771,-0.13402766443250264,-0.01000200712898525,0.42392933069147726,0.2133831283353905,0.10367165291789497,-0.2868002167725714,-0.14214576521733296,0.1326647736448918,-0.4872431526261547,-0.3491663881190399,0.032107050894156705,0.09409517505719607,-0.15868089923010908,0.2035306607874706,-0.45949020313224137,-0.1620865224955018,-0.005229377577770476
-0.008027443645368384,4.832361252697119,0.7836505990365247,0.1115313516052864,0.08091716205262327,-0.5827216173719355,0.8009049176661887,-0.27062393323841927,-0.19047361626640402,-0.3962962313455558,0.4372606237919498,-0.3396603901651034,0.12555207858722053,-0.9918364637038606,-0.13428935587435115,-0.018191754369228947,0.4544260963438214,0.17600690210395667,0.09396231242061297,-0.28387559230426956,-0.14058735471686917,0.13084593482588094,-0.4756948961017895,-0.3548375075280823,0.03049712835435226,0.09680624224734563,-0.15656738592357672,0.20796576455119004,-0.45310559677672696,-0.15845926611854902,-0.004877653451920187
-0.008239385125324775,4.838012587640575,0.7853242931934034,0.11046420758809455,0.08040469149268004,-0.5863063285524786,0.7984845856541101,-0.2741250173770988,-0.18931062008852192,-0.38735136574111223,0.43261523528423845,-0.3310300592009129,0.12662480358842235,-0.9883801734496719,-0.13436577912729009,-0.02567291468249508,0.4870102973940613,0.13885886345758375,0.0818926766578363,-0.28041829543733365,-0.13870884026998107,0.12910115531142996,-0.4637857920139643,-0.36095263143966916,0.02961109469641501,0.09912927045807779,-0.15423946920540907,0.21240470689979232,-0.44637109006499676,-0.15398859241868185,-0.004521794309643909
-0.00851536664356377,4.8436378343687965,0.7870751863737304,0.10938025719670286,0.07998122906563213,-0.5899497761523088,0.7959888340614937,-0.2776789370018019,-0.1877266857186813,-0.3783668308095856,0.4277397011785079,-0.3220334393967098,0.12718252421828602,-0.9847097178980521,-0.1344309629415781,-0.03203264400177166,0.5211455402349805,0.10303831956597621,0.06901525908683814,-0.276749283430646,-0.13665815783215313,0.12743997840951818,-0.45226707683767436,-0.36726229973263314,0.029187648523705298,0.10119137321006182,-0.15168023725966026,0.21654953759204154,-0.4393119838647128,-0.14898975280968016,-0.00413845407092108
-0.008877913006423432,4.849219944258983,0.7888418233297653,0.10833003250989791,0.07964340490183326,-0.5935104506777318,0.7935155178371526,-0.28156743028532666,-0.18598062677435745,-0.36981446751965147,0.4230871758316759,-0.31288856159356954,0.12704323117961513,-0.9810108793170783,-0.13445191498899153,-0.03676743194070367,0.556405886202829,0.07019713482336452,0.05716365002204709,-0.27314525470390905,-0.13469138303695447,0.12607090384110153,-0.44199239690457387,-0.373773182615521,0.028808246064174797,0.10323453556331928,-0.14884878110802446,0.2200305385595053,-0.4324051339941281,-0.14407223002980007,-0.0037307288311081363
-0.009368327986606115,4.85487474863792,0.7905618847555721,0.10734707386425066,0.07945635178879012,-0.5969361189639235,0.7910945352923945,-0.286198237310219,-0.18410280279630076,-0.361957077495504,0.41898893012847943,-0.3038195149601027,0.12592345485972736,-0.9775918277764652,-0.1343075135573913,-0.04005786293616363,0.5927337027508685,0.04140437788512759,0.046765838073496276,-0.2696962845102872,-0.1329887195271136,0.12514226531306666,-0.43295518673780264,-0.3807486676954047,0.028155339792820235,0.10512496985825077,-0.14567409690220223,0.22274197900608514,-0.4259171409636247,-0.1397421081236653,-0.003326519382114413
-0.00987132006426133,4.860483773435763,0.7922426331285988,0.10639130005381031,0.07941427311846026,-0.6002870219369234,0.7886886304442509,-0.29131337616805475,-0.18199541359279559,-0.3546092652944928,0.41526521796655935,-0.29470203322272814,0.12381718003341521,-0.9742540503559493,-0.13399900407791338,-0.04214341289782547,0.6302765263816138,0.016315375073662597,0.036975989635651046,-0.2662910406923571,-0.13125144766523256,0.12440828651002842,-0.42493879527977524,-0.38817059162019724,0.027171885977214122,0.10685472339963378,-0.14229717842858386,0.2247807222815057,-0.41944916024319573,-0.13607056032513298,-0.002931883447975686
-0.010474126988170752,4.866051672212906,0.79385056443358,0.10544471531982413,0.07940999215854666,-0.6035829913398606,0.7862970416590209,-0.29669694224931953,-0.17973745337783817,-0.34757918613475736,0.4120190619495358,-0.28583971589071655,0.12136720509441072,-0.9705529753605212,-0.13336836527020104,-0.04266341277032911,0.6684105386154703,-0.005869300810494663,0.028081684929997183,-0.2628899866422235,-0.12955286429958635,0.12398403349257828,-0.4180497100908941,-0.3957950753549379,0.025924525999758252,0.10856953272935872,-0.13870269346187897,0.22628044630548785,-0.4132673650107606,-0.133085879174833,-0.002535718253270336
-0.011064151212443996,4.871490352738967,0.7954032136319037,0.10447219322186653,0.07935295453351457,-0.6068579313434732,0.7839082348181687,-0.30195448945402215,-0.17749824902276054,-0.3406367759741162,0.4091673478586423,-0.2773183522388438,0.11912460208838604,-0.9658533409737312,-0.1322567367820125,-0.041087747845788294,0.7061515471265736,-0.026133290523035712,0.020259277582227044,-0.25941034553005365,-0.12786918710943213,0.12367362317463076,-0.41270995940228994,-0.4033545611179,0.02458920317149683,0.11042515765663984,-0.1351456073195521,0.22713553072350565,-0.40725993811191413,-0.13073233460046538,-0.0021279213915933446
-0.011582306989005415,4.876893294579666,0.7968474466763182,0.10349128531214057,0.07920198670619039,-0.6101046087056146,0.7815298878497252,-0.3071636670953077,-0.1754478884150438,-0.33382084816587404,0.4069051865342492,-0.269318672707571,0.11710698539246038,-0.9602453317725649,-0.13034590253110243,-0.03680544427345751,0.7433563276880606,-0.04538741421523469,0.013347492704145775,-0.2559038090084165,-0.12622951405798247,0.12351770863054784,-0.40902474125941785,-0.4110901114290997,0.023508764967244536,0.11247897963527446,-0.13172366692100448,0.22699605454595684,-0.401781205850384,-0.1290892833254586,-0.00171913601000291
-0.012149585384084621,4.882155490454425,0.7981801830331489,0.10250826928661151,0.07902230116526009,-0.6133198284237114,0.7791574415410026,-0.3124532036730021,-0.17340118527443105,-0.3271624151307632,0.405246694779316,-0.2617179657516669,0.11520143764187062,-0.9538384799605689,-0.1274174546704845,-0.03018100305850371,0.7802176508225834,-0.063595362322774,0.0075149446171734555,-0.2523427437754559,-0.12445392039123393,0.12375715852849793,-0.40680203597561615,-0.4190401846326506,0.02279930914868818,0.11477650014187751,-0.12820341003322264,0.22607373275806816,-0.39666062863989665,-0.12816826344869758,-0.0013273700787957085
-0.012765986620902949,4.887506159101192,0.7993700361302294,0.10153715271448732,0.0788184360696812,-0.6165118924000988,0.7767824323988117,-0.31801908734930356,-0.17141680234988194,-0.32063845326607726,0.40427672516188284,-0.25485739699094323,0.11347138435662014,-0.9466614428170683,-0.12376482458712575,-0.02209448719518598,0.8163201341086869,-0.08062904531200202,0.0030819377825800887,-0.2485952250193804,-0.12299216542389829,0.1243175526807534,-0.40589846129349105,-0.42712509336310633,0.022255216894830048,0.1170480996504109,-0.12479487370137103,0.2247621012474419,-0.39211762718068977,-0.1278486684870741,-0.00094389416551969
-0.013242992170960569,4.892752588555423,0.8004218171076204,0.100562523103461,0.07859603911196852,-0.6197149186222247,0.7743792747872492,-0.3236120195842002,-0.16953143802432472,-0.3141212059612521,0.4038189863750105,-0.24863290257109888,0.11181489831492965,-0.9383364564598259,-0.11993656652688908,-0.013626592340166912,0.8512310945185704,-0.09621445568550839,0.00012388819487197257,-0.2445084042830596,-0.12164173372028085,0.12489279829119075,-0.40648816409222727,-0.43513458096933305,0.02141623140496477,0.11939570402188796,-0.12187046861998878,0.22345711360958526,-0.3876991316641152,-0.12784837675196392,-0.0005667660699891529
-0.013745761182246926,4.897928652594952,0.8013734995541054,0.09957553274718349,0.07833904891793536,-0.6229148540722252,0.7719616514237784,-0.32919975591972755,-0.16761892297116493,-0.3076191042112027,0.40379362922862794,-0.24302047926972525,0.11041341789463993,-0.9287057734174495,-0.11575041245445178,-0.004880868699807833,0.8846123603608437,-0.10985335172156087,-0.0007026180126586611,-0.2401307872302985,-0.12059989218187411,0.12581517211130988,-0.40860601831355037,-0.4427669825179268,0.019744153373742104,0.12174907406705014,-0.11915850615739386,0.22250946560174123,-0.3834986125667635,-0.12800350830236096,-0.0001895836563387524
-0.014228488554747825,4.9030440436143765,0.802206794201204,0.09857220220992595,0.0780483759205555,-0.626113591247704,0.7695282599245806,-0.33482389827003095,-0.16573235883275644,-0.30114866205177576,0.404283738124653,-0.2380156338173503,0.10922368803993274,-0.9178485432287671,-0.11105959402640839,0.00441905586276069,0.9166305398974761,-0.12164514008226467,0.00036374818823160446,-0.23551597253485518,-0.11980375630701556,0.12701198934749108,-0.41218140424930455,-0.45014324089897306,0.017102043890856376,0.12411223816664743,-0.1166785210953565,0.22165931849403667,-0.37956819820597,-0.1283128421447058,0.00018499089451537678
-0.014716453255491669,4.908191798982581,0.8029169790225664,0.09762561184593938,0.0777425102825218,-0.6293279562136275,0.7670538869823015,-0.34067902932390703,-0.1639460152202135,-0.2946269055663117,0.4052436484571503,-0.233664130439386,0.10827348812111072,-0.9059360442439817,-0.10626898155165343,0.013541313793460845,0.9471488456560127,-0.13219835952395712,0.0025933522713885615,-0.23070126708785677,-0.11923026965927448,0.12833330436128046,-0.41633468631282045,-0.45735172273481234,0.013707980446370081,0.12626812561338321,-0.11444983044643546,0.22093670691619258,-0.376007376306281,-0.12875150617988482,0.0005192558077754929
-0.015149843465602983,4.91329844468441,0.8034951976436142,0.09673965580217851,0.07745761934212879,-0.6325794310166438,0.7645161997340448,-0.34680970927403215,-0.16225586951366763,-0.28796894605705287,0.4066489027960672,-0.22988937976829354,0.10754276822104612,-0.892912889112693,-0.10201565819713089,0.02142501928097603,0.9759709980791206,-0.14226195603190947,0.005021535634087546,-0.2251956972447671,-0.11904793718580627,0.12941775391700808,-0.42095115873242855,-0.4641827067410438,0.009974797384345823,0.12838612659369125,-0.11247308501431545,0.21980649644748718,-0.37257369951237823,-0.12926316601780566,0.0008703446579571924
-0.015445376930664197,4.918432604633369,0.8039225033727507,0.09598051666607449,0.07716971626519638,-0.635849033163805,0.7619242628612886,-0.3532971499449888,-0.16086825205360908,-0.281175612264724,0.40853317476812967,-0.22681429219411822,0.10698241559840405,-0.8789412243495854,-0.09868236892931789,0.02795167144712709,1.0030576840305405,-0.15258286369221472,0.0076846452145765,-0.21944082266369458,-0.11914908125936839,0.13020420972859206,-0.4256668999510493,-0.4707442592673294,0.006237845015800714,0.13011130547141078,-0.11097383386682143,0.21843693513404622,-0.369366426781105,-0.12983930424010925,0.0011646558633287068
-0.015725242957258207,4.923639170099897,0.8042050466662317,0.09530329015935025,0.07688377998280693,-0.6391255784948302,0.7592922113218389,-0.36015709638826515,-0.15964372230173476,-0.27430404681197224,0.41095512247495514,-0.22449156499195067,0.10674128316171323,-0.8639451894374499,-0.09597951182848724,0.03332367404536906,1.0284093003395731,-0.1631673099368502,0.011023882823528489,-0.2131129912775057,-0.11988122337667305,0.13092784372479174,-0.431003648423807,-0.4768158627030162,0.0025529100570542158,0.13165991857855094,-0.10970263207390508,0.2166568814550622,-0.36648082882967264,-0.13048540313962514,0.0014861159570800902
-0.01596026293653941,4.928811546615443,0.8043982876178313,0.09470345895066268,0.07656783563593089,-0.6424484177281193,0.7565901479450061,-0.3670968758950014,-0.15852052834213662,-0.2673236545119798,0.4135487196537983,-0.2225418062115004,0.1065962419407814,-0.8478548073621753,-0.09405056658784605,0.037426557659644116,1.051948248413248,-0.17349377946234007,0.013975508022264799,-0.20647335889215596,-0.120731690065168,0.13141896366546404,-0.43628682750691006,-0.48239090753440383,-0.0010676175612371545,0.13287899912334564,-0.10881657234430009,0.21495236818645785,-0.3636455709112086,-0.13109274445191585,0.001749187521422215
-0.016163918483765277,4.934019727821621,0.8044882477752539,0.09414379545485389,0.07623279785757413,-0.6458310158646043,0.7538088652008912,-0.37405170124555914,-0.15740392228004368,-0.26030225509113086,0.4161737957104348,-0.22090496262080758,0.1064349424046007,-0.8308578562177734,-0.09304949591947945,0.04000045595208122,1.0737378547477499,-0.18314577827129622,0.015478380131263885,-0.19956432971708488,-0.12155118505621891,0.13167268368407511,-0.44092561658543067,-0.4876925131562418,-0.004650460189951377,0.1336817368448104,-0.10834535919758032,0.21361548280325074,-0.3609703901022707,-0.13156826689587064,0.0019575595338095857
-0.016332035309090717,4.93914777483158,0.8044832283901919,0.09357842349281403,0.07586656230797989,-0.6492909150479994,0.7509385134725092,-0.3807711437606861,-0.15618142388543876,-0.25334238595957415,0.4186704247398416,-0.2195966271662638,0.10616430964093304,-0.8127588264956594,-0.0932034425625517,0.04062521230304504,1.0938053188561254,-0.19185371532902948,0.014491080810419795,-0.19251699852893472,-0.12199316707473112,0.1317443110075348,-0.44472015135044135,-0.4927470531057379,-0.00841810569363708,0.1340256932866662,-0.10825017288987887,0.21296776251984412,-0.358137584785012,-0.13176843390975135,0.0020909929078627753
-0.016462138814513798,4.944340683762206,0.8044050742102132,0.09304064349972506,0.07548185211647401,-0.6527966932301484,0.7479989344684983,-0.3874490580949917,-0.15494324803960952,-0.24644867582123728,0.42110124128045306,-0.21867755997824775,0.105860710654907,-0.7937488908331175,-0.09452189533619335,0.03949719014696429,1.112145850706609,-0.199743241581882,0.011575377545783696,-0.1851284511281383,-0.12256139128246425,0.13164102806685685,-0.44805606942831305,-0.49742339968177135,-0.012452368603754108,0.13392457365808297,-0.10846989209854663,0.21262855467508615,-0.35536704767304866,-0.131698970524087,0.0022298440235525084
-0.016572869800333855,4.949374313740469,0.8043415181799197,0.09260690324880684,0.0750688223331703,-0.6563416815330749,0.7449860605853739,-0.3940358272650114,-0.15374563940264474,-0.2392998004536376,0.42334171501059403,-0.21748561495550062,0.10556255512040097,-0.7736833139031709,-0.09682190969500913,0.03722202577972359,1.1283338273596526,-0.206533399373339,0.008087990925949936,-0.17719038325219014,-0.12311688874078988,0.1312067253541758,-0.45118155157828255,-0.5014659435047737,-0.016554261564697206,0.13383418947821626,-0.10905770183709669,0.21223718931081978,-0.35265095764780396,-0.13141289320118327,0.0023993173474318066
-0.016634429792918185,4.9544280689833595,0.8042336808144162,0.09229995286533813,0.07467339320541236,-0.6598942016094749,0.7419192986642427,-0.40110318867736017,-0.15266055227835826,-0.23179426443108736,0.42599025217659736,-0.21607070158428088,0.10525422385963311,-0.7530368712698772,-0.0997089838675929,0.03453309399413397,1.1422687695166374,-0.21243706358065825,0.005415304267359508,-0.16923256347899296,-0.12359146563801474,0.13050624583634296,-0.4534054148461594,-0.505293470393743,-0.02026695818956403,0.13316593130717633,-0.11002852836426141,0.2119549353658417,-0.35012346501081837,-0.13105970647854814,0.0024814929394162766
-0.01658290383806338,4.959598692534479,0.8040802999737121,0.09212478784561161,0.07429952575519545,-0.6634705370980375,0.7387824106865278,-0.40870624916846837,-0.15171555727756408,-0.22373968283285967,0.42905690363218957,-0.2145460155201209,0.10492045629346067,-0.7317893155662342,-0.1033196735624456,0.03137437258937754,1.1537449805128153,-0.21783221182295573,0.004237401346439731,-0.16106226657029177,-0.12414462366708223,0.12939078930261447,-0.4547111266964063,-0.5089284075427849,-0.02315918510577347,0.13187774970277563,-0.11145497763202467,0.21163206373717608,-0.3477993118002787,-0.1308010300746741,0.002521352024823483
-0.016450272482589665,4.964811878229361,0.8038961316208592,0.09204742313930686,0.0739427382258484,-0.6670828127009111,0.7355679875824668,-0.41667000291468703,-0.15080318330777648,-0.21526816894413936,0.43241650169471596,-0.21295391592334553,0.10456013430522758,-0.7097001899597254,-0.10763794531830277,0.027455431351923926,1.16272099212205,-0.2227838166398866,0.00390868584814478,-0.15262841038787844,-0.12463431549676672,0.1279958976918134,-0.4552759510209905,-0.5123196616946656,-0.025123653283455755,0.13005461581938285,-0.11321537360430106,0.21137270399107214,-0.34548104055013,-0.1306552541719998,0.002514500970309207
-0.01639501711638132,4.970057723364433,0.8037075537948374,0.0921069485614569,0.07360966624401043,-0.6706776893631264,0.7323178026326287,-0.4251342186942916,-0.1499073346357037,-0.20675966586265593,0.43608004766846487,-0.21104223321062984,0.10425530864833521,-0.6870507732079882,-0.11205488373518392,0.023324310192788186,1.169275959890463,-0.2270976072235107,0.0039110992652156085,-0.14404213664542334,-0.12521363703579066,0.12660244052804853,-0.45531451789858307,-0.5152157757264785,-0.02629175778750477,0.1278278981079035,-0.11511062145085282,0.21121490459496117,-0.3433731823039889,-0.1305976362657175,0.0024893925570817397
-0.016325984796323228,4.975387632296894,0.8035090597850981,0.09223836982254255,0.07338832990115018,-0.6742048997122345,0.7290774920204417,-0.4343949646643883,-0.14900677503952933,-0.1987214290719185,0.4403631216855994,-0.2087533628253897,0.10389649896883148,-0.6642326236390956,-0.11579517399741426,0.019732435444492845,1.1735024738006234,-0.2307093761850486,0.003491014512451787,-0.13543672811585616,-0.1260925233470617,0.1252843918656566,-0.4553084731896598,-0.5176508374279624,-0.026918524411817857,0.12501108925056845,-0.11707740880767768,0.21086977381515698,-0.3412812629139318,-0.13052613964135598,0.0024479616722506404
-0.016285461469659254,4.980770453136013,0.8032809559203307,0.09251499461470036,0.07326577557683045,-0.6776354160086766,0.7258673052778427,-0.4446694582365755,-0.14825431703540548,-0.19126828811628643,0.4454923949240861,-0.2059585650030871,0.10362133197273471,-0.6415356814316923,-0.11873575344269878,0.01698260538534924,1.1755807705457395,-0.2339310580051778,0.0023146382226412444,-0.1268643320506257,-0.12729660902419065,0.12402785056904546,-0.45517891878230476,-0.5195238356251138,-0.02716392343890284,0.12174058116438291,-0.11911769482980494,0.2103124108229097,-0.3393992065201478,-0.13031381655000684,0.0023731129433283535
-0.016234002227318408,4.986272734488024,0.8030510027619495,0.09290965001961722,0.0732431247981196,-0.6809931283878716,0.7226697729195132,-0.4558499492450118,-0.14757477098802183,-0.18422801616761839,0.4513004562736769,-0.2027479256959106,0.10338170003181901,-0.6189422922102804,-0.12106451547681508,0.014862706442727247,1.1754823691608158,-0.23705041217053113,0.0007187193826809661,-0.1182720594688995,-0.12891645812470742,0.12271158654456527,-0.4548063163247604,-0.5207610114551848,-0.027050740170414454,0.1178299402150161,-0.12124929381140273,0.20955161842100462,-0.3375862484557286,-0.12990746820168658,0.002261444761993233
-0.016299921368642598,4.991848393688001,0.8028626496217308,0.09325887815979049,0.07336572666859321,-0.6843142085232163,0.7194680783801407,-0.46753576084835147,-0.14643784968368734,-0.17753163191400428,0.4574221229716984,-0.19928323866719364,0.10305690233449348,-0.5960626945292046,-0.12234980080122773,0.013169098495545022,1.1729240210287546,-0.2398859256461686,-0.0006067412367650551,-0.10955045712082673,-0.1308481354055561,0.12173114070252201,-0.45442951556533034,-0.5212454580707993,-0.026677594139229467,0.11329319057224387,-0.1230110822721454,0.20873012379754574,-0.3355442742177007,-0.1293285983364262,0.0021306352339693488
-0.01633890995827793,4.997552511993789,0.8026310070103144,0.09359485907429642,0.07354027018560752,-0.6875911152579883,0.7162752887222675,-0.4793459138890374,-0.14498223128397209,-0.17116672598301383,0.46340404978241523,-0.19582890461119135,0.10205743794855253,-0.5731388875912258,-0.12272780174515664,0.012212345675223769,1.1682128674391254,-0.24258093773253994,-0.0014279506473310344,-0.10065731639740785,-0.13303167498095034,0.12100213240760703,-0.4544665251681801,-0.5212724283461676,-0.02613100075441259,0.10868652623994526,-0.12492316342655393,0.2077224466363824,-0.3341966725814974,-0.12877710536874362,0.0020713855424858815
-0.016612344545859886,5.003160291402806,0.8024576331158346,0.09379396582869721,0.07384817144583011,-0.6908364404252227,0.7130877590653493,-0.4912196562265646,-0.1426904861695109,-0.16514683639661726,0.46937062018863857,-0.19220068530035145,0.10045474523938015,-0.5495066836314185,-0.12170156522157662,0.011498197611729682,1.1606849665188583,-0.24499070577634208,-0.0013170376458230034,-0.0915205898137516,-0.1353125505297624,0.1209883350925808,-0.4550523418090869,-0.5202802183416175,-0.025489212115048013,0.10394168186035983,-0.12618205342531566,0.20665058611498097,-0.33269861718725774,-0.12829258408740096,0.0020441992260852525
-0.017046445729865616,5.008896218095235,0.8023283918822687,0.09390327488383965,0.0743078882262579,-0.6940193324249281,0.7099279392543326,-0.5034207862501121,-0.13977996689511088,-0.15959140706242014,0.4753693436794764,-0.18839070667420274,0.09840269097173325,-0.5257653054561656,-0.11945968435316125,0.011249769711929928,1.150752937199996,-0.24750421671209763,-0.0005178243399734753,-0.0822329238365517,-0.1380526927180289,0.12146724665336789,-0.4559938610692194,-0.5183715472911057,-0.024733946407476812,0.09880246514771096,-0.12700950156795668,0.20541686495961056,-0.3314542291256462,-0.12792244262115646,0.0020390244876972575
-0.017578809321024128,5.014533793380036,0.8022391981008703,0.09391559833751698,0.07485533894041313,-0.6972081331935511,0.7067371205970329,-0.5155407955867131,-0.1362769747972162,-0.15422346705067017,0.4812378193948935,-0.18438427874526722,0.0961240114788342,-0.5017309769861272,-0.11609616111779518,0.011787133718891384,1.138359033280146,-0.24938349599641954,0.0010351526652531676,-0.07270902185286603,-0.14071586398189828,0.12223708973265955,-0.4571549065469436,-0.5156591375502472,-0.023962817961395086,0.09348138710119458,-0.12759258910506827,0.2042677539621234,-0.33020409236075865,-0.127641803373644,0.0020145239404991606
-0.01813263361601605,5.020295999386134,0.8021295023154643,0.09388035538281203,0.07542725682039272,-0.7004271999623148,0.7034905438985649,-0.5275336782427984,-0.1324072878464092,-0.1488833773748012,0.4868184419074692,-0.18046296591635433,0.09390458199747218,-0.4781324846957803,-0.11174095171759905,0.01370142470303383,1.124127921720242,-0.2501354777615728,0.0035638046569803593,-0.0629370525209818,-0.14338985679540794,0.12312271079642981,-0.4580937984458575,-0.5125560872316949,-0.023304641788563153,0.08791658693479304,-0.128319439659608,0.2034259274635811,-0.3295554507306603,-0.12751470484640332,0.0019849522938992395
-0.01868387956271251,5.025964967195247,0.8020429758185018,0.09376094867934757,0.07600432619457718,-0.7037078722954527,0.7001624507011664,-0.5390481183557697,-0.12809647917180636,-0.1434440973769821,0.4919287832010433,-0.17649085266321543,0.09177954743764463,-0.4544800102244696,-0.10629339322182758,0.01711172035847948,1.107622795268764,-0.24897353616864742,0.0071616771948544685,-0.05290466027166806,-0.14563848408525598,0.12408613197628235,-0.4587641733825599,-0.5089991768289757,-0.022985596177035553,0.08227612611211346,-0.12913313143941088,0.2028172096475752,-0.3290579853567378,-0.12749811393299354,0.001954470510651799
-0.019365208305641,5.031730350555449,0.8019634528464639,0.09368948531219129,0.07657861432138018,-0.7068045706225959,0.6969829948553702,-0.5501671442322761,-0.12383806760269106,-0.13875355507050938,0.4961089045282205,-0.17243763597847245,0.09002605081533785,-0.43135027605231074,-0.1002344115696683,0.02133246552946548,1.0896284794838231,-0.24696867121818972,0.011322165859319,-0.043426997912541274,-0.14722776603166718,0.12549830223759603,-0.4585307025271478,-0.5058867594157546,-0.02312999796190418,0.07684756775283107,-0.1300413172102636,0.20246814675443484,-0.33003441911183223,-0.12770526719461006,0.0020740316321969723
-0.02006711782832648,5.037449064152902,0.801879673432636,0.09353061273459203,0.07719335740767053,-0.7100826836312661,0.6935962748318663,-0.5613527100539479,-0.1189055543430087,-0.1334908133762774,0.500517206636436,-0.1682062181767616,0.08811245954957914,-0.4083425374989555,-0.09320842155165411,0.02720232109084357,1.0694140009074669,-0.2433710858205823,0.016499515854046423,-0.033196291528120876,-0.14883415854487134,0.12700269017811153,-0.4584618887693329,-0.5020549669816342,-0.02352256809911719,0.07104765584901888,-0.13109851356860758,0.20272154330834685,-0.3306728633651381,-0.12802113616363459,0.0021044457859811347
-0.020745947188023944,5.043132669541436,0.8018312851463375,0.09342545309554148,0.07785488709194563,-0.7134253967525211,0.6900974601737786,-0.5726499709660375,-0.11375379537674263,-0.12803798258025118,0.5047523189059142,-0.16362042030842983,0.08626629955170213,-0.3860215257769665,-0.08587620947710495,0.03436410121050154,1.0474079727148502,-0.2385336066683112,0.022257612540816304,-0.0227050146017289,-0.15033952996964484,0.12844622679620754,-0.45824544044959586,-0.49781454636722405,-0.024043067820307105,0.06477353802905543,-0.13257211441952094,0.20405473546519493,-0.3312493372598513,-0.12854562906816716,0.0020550079763330498
-0.021341546276210665,5.048958235339413,0.8017274046364621,0.09341279226543399,0.07851828929769734,-0.7167843999615466,0.6865340868876814,-0.5841388243439019,-0.10862942605317315,-0.12250020217040057,0.5087930714956703,-0.15879867528853403,0.08457166413425614,-0.3647435106077401,-0.07840022913935868,0.04298450544225966,1.0240810431119973,-0.23302873521190967,0.02857786946155132,-0.012129159311952523,-0.15180875382788256,0.12979544558595746,-0.45771722183428526,-0.49363546926615637,-0.024611943191575704,0.057960382557119064,-0.13471427782861786,0.20682056242368071,-0.33222314205224607,-0.12948404623162846,0.0019558332795725115
-0.02189516145117544,5.054989900168882,0.8015815943864715,0.09346789317414243,0.079190634845403,-0.7201626516053252,0.6829043502066413,-0.5957983200650399,-0.10345274272325108,-0.11690203590888908,0.5126120365891422,-0.1538370799863022,0.0830717472105176,-0.3443220682527921,-0.0706856387381969,0.05305995265797617,0.9992661461090576,-0.22703009704351615,0.03551925710640989,-0.001479332408574379,-0.15322367524938305,0.13114615106158653,-0.45676764490617805,-0.48951324502460963,-0.02522065476936974,0.050585080109337446,-0.1373463451102988,0.2109182501338901,-0.33355795240683006,-0.13096053496445595,0.0018456703368310665
-0.02255962184506552,5.061057493798724,0.8014124870049751,0.0935930655521282,0.07990876807085001,-0.7235770910246376,0.6791841578027834,-0.6076907259232824,-0.09801708286703222,-0.11126590772077771,0.5163504431026323,-0.14864165283224523,0.08178045369556934,-0.3246679447546036,-0.0629714970560315,0.06406882883453723,0.9730487710151577,-0.22051505240269592,0.04279873705653202,0.009273928563715637,-0.15430756155266426,0.13271314674469534,-0.45539299424574126,-0.48540651844947297,-0.025786439152741217,0.04289665374885143,-0.14012199394470273,0.21609180907882045,-0.33510425645040437,-0.13293754813654657,0.0017289508764011011
-0.023222177780965126,5.067123267256542,0.801212137761016,0.09379793527808743,0.08071504328032292,-0.7270198645814456,0.6753733379618999,-0.619920328381957,-0.09233642277114854,-0.10573850234954205,0.520089655152203,-0.14323416160207,0.08038962688721935,-0.30609752200321827,-0.05577287708110458,0.0754436243691387,0.9459000652365271,-0.2137681559989443,0.04967248006609577,0.02009118532808369,-0.1550890528086464,0.1343381271909803,-0.45380352666450013,-0.48148602972395493,-0.02612747031442967,0.034880131620530684,-0.14312887057607276,0.22174463840161523,-0.33678046604754464,-0.13525538486164365,0.001622608616498391
-0.02412645742279151,5.07323254437866,0.8009127586977196,0.09443625038006465,0.08142410224474532,-0.7296863249037014,0.6723167240492534,-0.6317474695578217,-0.08837255067651237,-0.10244352365919072,0.5221024485103117,-0.13856705884990725,0.07958074855540918,-0.2910343277115749,-0.05063910946865794,0.08389936214667038,0.9223645524892499,-0.21008014452744922,0.05407154438341325,0.028592359694797224,-0.1547477764084645,0.1362463571748202,-0.4516897086620629,-0.4791450008210112,-0.02613929190209408,0.027969027673895495,-0.14593213079284745,0.22556903687202293,-0.34020095495878283,-0.13663048246078502,0.0015181359122834396
-0.024826187121371513,5.079632901554917,0.8005972866090082,0.09484228324841468,0.08230860245810849,-0.7328555658614471,0.6686949639824707,-0.6444873763821353,-0.08306239544097228,-0.0981724007819533,0.5253007606538097,-0.13300648969060727,0.07839675974532637,-0.276224967609496,-0.044983000579197865,0.09438087024621904,0.8962404001679892,-0.20572518593561412,0.05937707400863302,0.038506345017913765,-0.1548692969384352,0.13806749874320653,-0.4497131547088764,-0.4765685961797428,-0.025833059428026127,0.019890339874249114,-0.14932926079880088,0.23083965703553802,-0.3432858144131066,-0.13802094121332367,0.0014642170953782807
-0.025475880881263315,5.086121594133258,0.8002584722385471,0.09526986379695458,0.08334263885818245,-0.7361991588698423,0.6648221236387971,-0.6578843977204158,-0.07712347112747303,-0.09355223884822096,0.5288806703478307,-0.1271201810268178,0.07701252460007695,-0.26214693719471577,-0.03941403908674834,0.10579716781751944,0.8685302412079806,-0.20088571120771148,0.06476915749336043,0.04903777977185014,-0.1551017589560828,0.1398847313449673,-0.44762806606650063,-0.473804323550742,-0.02521217892573129,0.011167129807630917,-0.15298288282116726,0.23690969460382635,-0.3462055805539512,-0.13948453759410304,0.0013961600776069207
-0.026311188510021805,5.092858667256366,0.7998370711769937,0.09578243301949796,0.08453106777126829,-0.7395081684404365,0.6609144369100924,-0.6720699788618758,-0.07076481909179612,-0.08918205112450583,0.5325927640191469,-0.12104954585117689,0.07564354798626122,-0.24948461075278103,-0.03412528699863551,0.11734904832450781,0.8404886074191034,-0.1962051700378754,0.06984440732082521,0.059670052348739865,-0.15550739415441037,0.14193457610271235,-0.44492053378851387,-0.47117287804915803,-0.024364229640031834,0.0018758386986048939,-0.15650901481836477,0.2433603340681354,-0.34934004036758476,-0.14106108733292166,0.0012803526643242055
-0.027192902351120526,5.099512439658573,0.7993750072532728,0.09639273245947798,0.08589520165997079,-0.7427400014452575,0.6570142659896254,-0.6869210316730936,-0.06416537718099799,-0.08524329886498015,0.5364519676564327,-0.1145664805817531,0.07421393551895945,-0.23797963692629687,-0.029503821170544214,0.1284527325951002,0.8120299754975675,-0.19138630303043616,0.07463305073665445,0.07028868691619118,-0.15562482007559603,0.1439065714788561,-0.44167875868713113,-0.4687409129942099,-0.02340096109880682,-0.007639523003734917,-0.16006988687667478,0.24990058858909267,-0.35233083157531836,-0.14271869894832626,0.0011372250559738258
-0.028241750489725444,5.106434088205015,0.798879501652465,0.09708874084581125,0.08743076197451906,-0.7458506837728762,0.6531740930081825,-0.7025040150377592,-0.057353998917278715,-0.0819252483159964,0.540234651507903,-0.10779060108912952,0.07288461068687958,-0.22817579972452243,-0.025320109253764548,0.13893364935951327,0.7837048579118366,-0.1867750809294305,0.07923579249260752,0.08072472521186086,-0.15584702729963673,0.1460220875755762,-0.43765029483618273,-0.4666995902009205,-0.022393774403432175,-0.0177115646442529,-0.16347882729000682,0.2564474525503218,-0.3556084591137894,-0.1444222973478139,0.0009688682088862595
-0.029228455011574533,5.113657256037275,0.7982666797640431,0.09787649561503708,0.08909156533255308,-0.7488500789691815,0.6493892852677542,-0.7188019166543901,-0.050558168200799634,-0.07917738530410066,0.5439953586842843,-0.10078010439076054,0.07148698217544178,-0.2201322947789089,-0.021504989265992206,0.1493051183391201,0.7557269235998917,-0.1829904445154471,0.08254844269717419,0.09084225090712635,-0.15602442883213385,0.14805866226132475,-0.4331004184913934,-0.4653012083210588,-0.021326502819997234,-0.028363006635599097,-0.1671134371679759,0.26295490042367925,-0.35912263344935075,-0.14616710348048248,0.0007735219350709461
-0.03018936212052322,5.121055487971243,0.7975791339196974,0.09878356821079816,0.09085882744461685,-0.7517741175684446,0.6456176548709904,-0.7356807880651758,-0.04375562415386482,-0.07686117747997696,0.547653101209813,-0.09342842349100781,0.06997477172532514,-0.21375634262891854,-0.017710070439351494,0.16024108970449935,0.7279137768286882,-0.180576817277509,0.08321778966597344,0.10062188443499308,-0.1559645619596931,0.15008027906305302,-0.4281551630026434,-0.4643150751260654,-0.020170506789137264,-0.03951648982119215,-0.17086578584338477,0.26964964687208703,-0.36261518600998094,-0.14797691226536416,0.0005374301684256136
-0.03135637259486233,5.128660822111308,0.7964615687686296,0.10054374676337809,0.0922835825818456,-0.7551513540092512,0.6411872799039567,-0.7539181792347268,-0.03756131085144048,-0.07325342856406526,0.5521325808219769,-0.08627240781636017,0.06855571264755077,-0.19953178176029163,-0.018787466210306955,0.16906126631687524,0.6647530150735582,-0.10506710827615874,0.0769977568087779,0.11093651091708692,-0.155394160365475,0.15182432529507667,-0.4220814061745455,-0.46369011655773007,-0.018936954708384097,-0.050653738185995785,-0.17561141579951936,0.27685164651215177,-0.3682901449262615,-0.1497672375469407,0.000551274169231484
-0.03249794566794561,5.136107306661168,0.7958433272538361,0.10147073028671809,0.09459483041487159,-0.758009093341677,0.6373207382199246,-0.7721559254398148,-0.029562484866544073,-0.07165567548333675,0.5557855912273665,-0.07801217752302629,0.06699326174693265,-0.1930921312626497,-0.0144558164363773,0.18130114750477538,0.626270022044488,-0.09139135032414143,0.06843439155641304,0.12062349764817694,-0.1548155920138475,0.15398547352578074,-0.41618025304266243,-0.4633371268970593,-0.01756187825639578,-0.06272678450364999,-0.17897145662331465,0.2844477384293104,-0.37070445407939945,-0.15173537627718708,0.0002857366703051126
-0.03349063802786567,5.143696092024254,0.7950833525210922,0.10227551441014593,0.09731420781249438,-0.7618465045177735,0.6321863393525804,-0.7927982095859805,-0.018917011892733662,-0.0687802020371937,0.5621504792246045,-0.06727909961064486,0.0642909737034638,-0.19046187168546203,-0.007514574378147271,0.2008271839114256,0.5944918982745506,-0.10052576552567347,0.05342441504023194,0.13254190307094257,-0.15378779350820743,0.1564544638019101,-0.40845819327227906,-0.4637670804342142,-0.014531241413782793,-0.07898488610994973,-0.1827671138318909,0.2971517244581296,-0.3698407518513239,-0.15599330073357104,0.00012455958656482533
-0.034620728160065894,5.151581134720511,0.794114413736263,0.10339773235122794,0.09954182604093295,-0.7645591093942912,0.6283706724977446,-0.8115805823736479,-0.011261777672883359,-0.06802647752891154,0.5654100609827863,-0.058339613976920675,0.06241483091803195,-0.19233533232925257,-0.0019100224143952739,0.21581918501892672,0.5727039842097061,-0.12166788030577146,0.042873454386569525,0.14111903763888956,-0.15253783474694083,0.15913794923315747,-0.40150682743562843,-0.46477662939368997,-0.011502931195101053,-0.0937354642711717,-0.18604869627458065,0.3065154650055708,-0.371156310527979,-0.16038015374422207,4.9511326085362536e-05
-0.03583398329367822,5.159524628462331,0.7931095538461738,0.10457013972795133,0.10171541168156477,-0.7670641100771818,0.624765325490481,-0.8300305735983197,-0.003976120035733988,-0.06789809259483191,0.5677323014480586,-0.04886077998321035,0.06082320227489143,-0.195090994914262,0.0030403349882336993,0.22815464837712587,0.5524795109898638,-0.14480216489010994,0.036295322197037724,0.1491154245708931,-0.1506774757684983,0.16188603648870692,-0.3947121037536049,-0.46620163784780827,-0.008212683146989972,-0.10805845336100614,-0.18911534130176147,0.3154885782749849,-0.3725981888749262,-0.16456578768358524,-6.059919149155709e-05
-0.0369931954478762,5.16729964235316,0.7921172949989661,0.10577261904638974,0.10388999446278115,-0.7694924132526054,0.6212088602533541,-0.8482631075044975,0.0032341842208524715,-0.06803583240101643,0.5694673278298448,-0.03865971236563768,0.05918392885034189,-0.1979281208320961,0.007474323336523012,0.23864790584216058,0.5318877842034576,-0.16818289048832538,0.0321561824549065,0.15685288006337167,-0.1480130162840547,0.16446848363537236,-0.3880907345305072,-0.46792216614963683,-0.0045366067434400425,-0.12219723894065232,-0.19214735176966022,0.3245373358763807,-0.3735087868143575,-0.16851994274713694,-0.0001759980841865415
-0.0382066326142922,5.17508911294737,0.7911276148365047,0.10694540374785735,0.10605540218965134,-0.7717454052791742,0.6178381355291054,-0.8661292851104326,0.010301469831776464,-0.06866005074301261,0.5703515457822704,-0.027787171767863845,0.057547041283780916,-0.20105152407849053,0.011859869440222555,0.24747220900661246,0.511489565067279,-0.1912241036852632,0.02955916305687317,0.1640890262871905,-0.14500154388281156,0.16722360049592927,-0.3817833691592966,-0.46985994938477343,-0.0005218578365425879,-0.1364093247528181,-0.19480136589874134,0.33344727347219655,-0.37402021192532736,-0.1721735894535674,-0.00025100881318622874
-0.03949969935380433,5.183056227483159,0.790126375599716,0.10803735820678725,0.10818275955379678,-0.7736988452835913,0.6148288514488077,-0.8834102054024765,0.016988290314306268,-0.07004790237190717,0.5700297925655387,-0.016214815443363055,0.055891510904101986,-0.2048068881213678,0.01656388641843798,0.2548274083946701,0.49237413710401207,-0.21349133796224917,0.02747261663817218,0.1705366728921741,-0.14195001057427512,0.17032982178864042,-0.3761874721227435,-0.471952299018855,0.0036952596743423985,-0.15070501376555187,-0.19689025019984543,0.34171741926284543,-0.37426094093651047,-0.17537755972649358,-0.0002451564571791919
-0.04079024267217412,5.190915241897535,0.7891334415103185,0.10905889053554597,0.11023077693124494,-0.7753314487340961,0.612222572939104,-0.8999527523293821,0.023100732563066485,-0.07213749415777641,0.5686707902344466,-0.0038066862344858987,0.05417349779132741,-0.2090730937957419,0.021370956685957804,0.2608002468532219,0.4747648985077627,-0.23471630666441104,0.02565831506505717,0.176097459056911,-0.1385165014258951,0.17363826290423062,-0.3717233169585423,-0.4739401118537421,0.00807548974597809,-0.16475404663633028,-0.19853802888158092,0.34933765706377856,-0.3739527058278173,-0.17790376334652702,-0.0001705758023424393
-0.04217245107236589,5.198889992900815,0.788157572363888,0.11003053591978315,0.11223316943847854,-0.7766847532817781,0.6099654013652097,-0.9159375787350368,0.028756429887998723,-0.07488204793163168,0.5661370095720221,0.00942469070402914,0.05251916214112125,-0.21426460407961417,0.02639204603696251,0.2655690986351388,0.45888300445669955,-0.2552254633791986,0.02452195307519491,0.18090018469995728,-0.13507757539849502,0.1772613472099092,-0.36805487731580905,-0.4758115657252016,0.012628060763248988,-0.17890166794366003,-0.19962905895574767,0.35641111730920794,-0.37333627470222974,-0.17965218558941398,-6.178039342570667e-05
-0.04369890617167,5.206822369877345,0.787255947678453,0.1109043215440663,0.11422183952634891,-0.7777849113553057,0.6080330866869708,-0.9310731095333326,0.03412582079745903,-0.07825265227423718,0.5621379207890912,0.0236954838692001,0.05073042663316619,-0.21994911610243026,0.03183424037023117,0.26937228271092584,0.4442429151184166,-0.2742309190299854,0.02353352633533789,0.18511711674728834,-0.13141585091320745,0.1812016660493347,-0.3651210071584927,-0.47739264694290895,0.017222866380352905,-0.19280326195975306,-0.1999892006235673,0.3627329148107609,-0.3722841016520473,-0.18068363361058334,0.00011499598407198444
-0.04523673869142606,5.214728039633841,0.786476908811266,0.11163242314740775,0.11623348191884372,-0.778642042479364,0.6064194501059669,-0.9450622342375742,0.039244698271091234,-0.0823206900113695,0.5561455413639307,0.03924082275944023,0.04825002422447054,-0.22611916579872837,0.03787950567161846,0.2723998194956901,0.43080678122561417,-0.290873366832601,0.021829907254715328,0.18890276761042257,-0.12762044146056326,0.18527424134422696,-0.3629906717622431,-0.4786731518770373,0.02163247815471256,-0.2063423781032766,-0.19966541384772826,0.3677777897093097,-0.3707775919046109,-0.18115431645210037,0.0003962647100366237
-0.04692897125816353,5.2225311788862365,0.785852530318145,0.11216018818426962,0.11827036247471495,-0.7792759440967204,0.6051125651469592,-0.9575430115930067,0.04438171930768706,-0.08721334082214893,0.5479183104211046,0.055765074195215925,0.04482871052453951,-0.23272199345692854,0.04472851628447238,0.27469211821447354,0.4186907151256954,-0.3046615658574831,0.019292976681042958,0.19226854206351254,-0.12363916098952656,0.1898616177254096,-0.36190073214503654,-0.4793617414431571,0.02558204169185224,-0.2193738193615571,-0.19826981113030478,0.3714794039096278,-0.36880482337387993,-0.1811338643018279,0.0007876838942531504
-0.04872164627004,5.230319769662072,0.7853190581134315,0.11250780663964045,0.12028602494115889,-0.7796773190179096,0.6041328859266281,-0.9686724775121701,0.04938642619493478,-0.09288314652076905,0.5376948596918552,0.07321278144737942,0.040492119537952814,-0.24012804763388185,0.052238132517455745,0.27635612780809765,0.4084647918649486,-0.316109654741093,0.016082500375519383,0.19512584577596087,-0.11963956722091929,0.19477644827217688,-0.36180035847231284,-0.47944764268669443,0.02897267174483041,-0.23211121797742748,-0.19597306250783916,0.3739272462696627,-0.36641773079516626,-0.18063470579665156,0.0012618740509396217
-0.05066150456617463,5.238408782624346,0.7843828556087382,0.11365015418691767,0.12153230741713422,-0.7805975630205779,0.6024790330903567,-0.9809521098486788,0.0538533034104192,-0.09598274349410675,0.5302122616852217,0.08565019408789339,0.037418750518872675,-0.22505140328359802,0.05111970393452025,0.27628206222094126,0.3475074449010598,-0.34690633385212843,0.012848478176243955,0.19949707725750804,-0.11525548163872232,0.19793217223706505,-0.36019263456746653,-0.4788646251844436,0.03020703856579053,-0.2413695414702278,-0.19572156325912637,0.37477228605619806,-0.3704304720358721,-0.18048652916305447,0.00183558635876692
-0.05265873971319626,5.246218919163431,0.7841734115887052,0.1136257320950727,0.12371480983888607,-0.7804976890954284,0.6021687439157586,-0.9914885513174869,0.05866666282257336,-0.10241060964102193,0.5188150252878526,0.10390042234276275,0.03321503086716344,-0.22741915442047927,0.05808700508588396,0.2757758816015739,0.3294498890652482,-0.35550862337813427,0.009222355533736844,0.20232907854347562,-0.11108986150683026,0.20204496285071566,-0.35975806998211557,-0.47839394067591706,0.031386430455983695,-0.2508802982203627,-0.19325633061056469,0.3748821799361492,-0.36997922143788115,-0.1800517389227398,0.0022101629838767772
-0.0546230034510701,5.254096752643753,0.7840582571469348,0.11363692301518216,0.12594609895002543,-0.7800348131647904,0.6023038437017333,-1.001446162242013,0.06257141430997042,-0.10968244587391451,0.5051042044884424,0.12629898069132411,0.0283609940030428,-0.23723159024161,0.06731674784440038,0.2755944524878306,0.3249859394399924,-0.3584627484764273,0.0050042175812646805,0.2041514566128936,-0.10690097267425468,0.20594813610536217,-0.35903324879278614,-0.47772931568539384,0.03246314469079421,-0.261019378141389,-0.19031281405818215,0.37446400249681366,-0.3688995181294475,-0.17955836548414522,0.002480776077321746
-0.05659176217537733,5.261943647941466,0.7840943834511448,0.11372921424371632,0.12829032331427184,-0.7792649106337427,0.6027880704081752,-1.0109641584911266,0.0659181589951187,-0.11755800846948829,0.4894842789128747,0.15188448404736393,0.022821481769339992,-0.2501055622168201,0.07750888985390882,0.27508858542740977,0.325648272350378,-0.3595823610671406,0.00025819194616964834,0.20541635440265704,-0.10264569846761096,0.20954723789740104,-0.35784829639145277,-0.47686133074186204,0.03335704594623428,-0.2711838844079958,-0.18706877785396409,0.37337039126789373,-0.36766377230402525,-0.17907140460537666,0.0027874311524611513
-0.058553191055676586,5.269825051535243,0.7842168286446377,0.11375255910253869,0.13061973972340904,-0.7782620596028362,0.6035784998448529,-1.0193532082104477,0.0687462208574833,-0.1262262159926903,0.47209057562578427,0.17907358318566824,0.016141864988170405,-0.2638619500232097,0.0880151609940582,0.27404466285026796,0.32825294642918246,-0.3597708734513261,-0.004751130674539719,0.20658877787792757,-0.09833400605732372,0.21273897827228283,-0.3561202726541944,-0.4759435983896527,0.034079165682143225,-0.2808218441684281,-0.1837402084182566,0.37131269353109,-0.3666858119819087,-0.17865322217416427,0.003191531065357127
-0.06061648867738252,5.277701663042207,0.7844144381873115,0.11382759738151937,0.13261915211221997,-0.776307259464036,0.605642202517975,-1.019943915801153,0.06891476554448554,-0.1380242207881685,0.44088478848677853,0.2230007829416208,0.0016529543796206581,-0.27983830568530954,0.09858697103112438,0.2709499689838386,0.3362839245008783,-0.3604418309605556,-0.013103120153313563,0.20424450835800823,-0.09401094996833777,0.21584578785259564,-0.35334293716646037,-0.4740643191025905,0.03631228104814249,-0.29412298575887263,-0.17837383098171378,0.3691002662984358,-0.3598905470476718,-0.17698770140206224,0.0044048951031374
-0.06263489097060894,5.285217691847983,0.7846329590586422,0.11343183823639055,0.13438722758285573,-0.7747128412374429,0.6073658738838683,-1.0221594518176016,0.06993116703366162,-0.14961246418049576,0.4164139850303102,0.25370479898226556,-0.010682262395586334,-0.2915179334749259,0.10804756168565803,0.26762564901415314,0.3387814015035199,-0.35919622194134543,-0.018001773012386205,0.2043820191403753,-0.08891789574174822,0.21768821911217776,-0.34946822885413975,-0.4720855946663934,0.03792121669146724,-0.3022172443977038,-0.1747217702222246,0.36571092660708215,-0.3585643260646008,-0.17637875392675673,0.004949018046894703
-0.06469231169876538,5.292386409389897,0.7848980957460674,0.11276402726971321,0.13600653839275692,-0.7730839854190834,0.6092024681145678,-1.0229107973178377,0.07101862369645873,-0.16256286114163818,0.39098769632201485,0.2846480199328506,-0.024978809718033675,-0.3017952811514283,0.11733299434902687,0.26394597137952125,0.34047288119750496,-0.3565917259820312,-0.022627100555886084,0.20496840081598094,-0.08309153295755634,0.2188539870098832,-0.344837436808331,-0.46985853066634553,0.03915151023505431,-0.3080133879202051,-0.17132699680598082,0.3615489636036697,-0.35891818801617936,-0.17667716264008104,0.005246484433645036
-0.06660148125945428,5.299332885967093,0.7852296841961102,0.11188585076792644,0.13744670755561111,-0.7713895035854237,0.6111858904934672,-1.0217235239229197,0.07215962880301667,-0.1760892157865364,0.36551022751848644,0.31164002819812087,-0.04158616071730873,-0.3108508679013552,0.12608348274884934,0.2597643598365013,0.34130794732337116,-0.35307763825484934,-0.027147177809157673,0.20555900672691446,-0.07670664149739384,0.2192815410010682,-0.33974825994800434,-0.4675017630016271,0.04025017607286771,-0.31262058331396647,-0.16824634747074793,0.357105149641544,-0.35986247158310825,-0.17754436695466097,0.005420115303028006
-0.06841787655497014,5.306308356856896,0.7856776201426481,0.11077780145367844,0.1387403719917908,-0.769965024298287,0.6128892634416159,-1.0201647981769708,0.07427826035549433,-0.18824746027820416,0.34462672777144865,0.3268900161198898,-0.05759847507189799,-0.31859247532114543,0.13447570800880648,0.25612843013348763,0.3406320014727957,-0.34894583268224033,-0.030820185299103957,0.20713000741330298,-0.0700277740162591,0.21939324879510974,-0.3345826407769731,-0.46528741937149376,0.041077119431640684,-0.316248175790547,-0.16553350138232328,0.3529611399043958,-0.36182177990112535,-0.17836733807594116,0.005456248511309425
-0.07028648568497856,5.313112899245989,0.7863827435177394,0.1098884297287701,0.13929500649204002,-0.7675759579926371,0.6159128046158906,-1.0263814048194577,0.06940141235391534,-0.21226314749791847,0.3421275052599623,0.33594049285134847,-0.07990807900616483,-0.324809884227174,0.14050620368000072,0.2495683810596148,0.3387226395962503,-0.3441353699696209,-0.03467925837108003,0.2051332728808548,-0.06347853484219157,0.21833010556237237,-0.32853286375023094,-0.4608688957677153,0.04224895938974698,-0.31948565463437156,-0.1627673544230936,0.349543464383651,-0.3632882849405515,-0.17897343353691006,0.005614938299907699
-0.07205931908519349,5.31942031509262,0.7870396011473192,0.10852581462569798,0.1398817250157406,-0.7654364216893262,0.6186778927017584,-1.023913380102958,0.06742023698315064,-0.23072020341587357,0.33313085281345334,0.32970886929166676,-0.10408581084144575,-0.3292218926518488,0.1467284317387354,0.24311168121924173,0.33545253707723566,-0.33833339701181436,-0.03837349789713894,0.20429236244377208,-0.05545398663871949,0.21728454347371312,-0.3219433271282197,-0.4575947563110793,0.043978998099867925,-0.32104667264699643,-0.16006541442086136,0.3459891906061178,-0.3650586546942282,-0.1793177345508729,0.005711827816302846
-0.07375242142574234,5.325592103939279,0.7877782894307377,0.10708770458732865,0.14031349824190578,-0.7632809322895519,0.6214873805159096,-1.0183032093401032,0.06627745199054286,-0.24392258840423103,0.3246637621541882,0.3139631073790103,-0.12625597623138396,-0.3327290324612213,0.15236589482376023,0.23647823008877622,0.3311827075482208,-0.3316776496796454,-0.04177256320778846,0.20348615237542042,-0.04722431015507277,0.21592472186337608,-0.3151633225142728,-0.45431952232468886,0.04597202951997147,-0.32188121314076695,-0.15752455925137954,0.3423870342470932,-0.36724095438992205,-0.17941384423711293,0.005730738859317945
-0.07526908913822199,5.331718374661288,0.788706464360237,0.10581918168625036,0.14053623388810865,-0.7609937732208385,0.6244520356848146,-1.012954283776143,0.06528653425589374,-0.24958760340188318,0.3215921584992203,0.29319919171390746,-0.14301655255812581,-0.33602116526849196,0.1568821097622336,0.22941584856884034,0.32625308835722966,-0.32414564565312287,-0.04475080107823234,0.2022076196751162,-0.03925064478453734,0.21403141376239854,-0.30886584330198763,-0.450676852313257,0.047745254817290216,-0.3223042363436665,-0.15539650981938533,0.33877740027992476,-0.3697339551067544,-0.17938812671784404,0.005664729070459958
-0.07660933427081829,5.3378371841602,0.7898274362271801,0.10476740109211008,0.1404790319742508,-0.7584963641373188,0.6276724454956174,-1.009325201502877,0.06424287556020045,-0.24639485339676562,0.32676171481623334,0.26963170865074926,-0.15331931293812454,-0.33921262949645903,0.16005911541086196,0.22170972683468654,0.32089098994549203,-0.3157906587172774,-0.04732273347660449,0.2002005886274249,-0.03153027365459824,0.21156138495092827,-0.3030482708387385,-0.44679560458238554,0.048914134053686775,-0.3222120108748922,-0.1537527186207368,0.33516026737660426,-0.37260586423267955,-0.17935221012569397,0.005496832762806552
-0.07772669948221675,5.34384348415173,0.7911297367341447,0.10385549597487152,0.1401295278130539,-0.7557896185744928,0.631157511122006,-1.0069847975651744,0.0630683570560115,-0.23583594088239376,0.3399634686958789,0.2436726755122977,-0.15856899224569462,-0.342001293083304,0.16196541253796495,0.21329398817402698,0.3150060823876919,-0.30663704406412734,-0.04965389798778947,0.19753373508337388,-0.023804376474828103,0.20845617279842044,-0.29757309286548694,-0.4427959319530979,0.049367409671689476,-0.3213208079081859,-0.152621324809798,0.33155351211044176,-0.3757535860110101,-0.17932523573019968,0.005244248203279449
-0.07861283758600755,5.349780972238891,0.7926126558035103,0.10310842652277241,0.1395820340000008,-0.752930116785511,0.6348084336252755,-1.0054964052280615,0.06189972540275788,-0.2200565639692055,0.35945480153728204,0.21665655728427566,-0.1594350155416611,-0.344639384267411,0.16280095977349318,0.20441272402873673,0.30866049633351694,-0.29682328079080156,-0.05161916132983588,0.19438191614460137,-0.016271594382537953,0.20488810654724865,-0.2927347714326546,-0.4386346510793065,0.04907771240064738,-0.31985663199855013,-0.15194258213068995,0.3279714685842295,-0.37913885245757906,-0.179326408935347,0.004939054323719941
-0.07936001062860867,5.355823289845207,0.794177108135748,0.10250013516107856,0.13892333498094567,-0.7500931990775245,0.6383997352657474,-1.005312454471836,0.061201336322461955,-0.2007375067265951,0.3850075927626473,0.1872408291928689,-0.1556112112838906,-0.3469878749094473,0.16281289506675606,0.19524506899293398,0.3011473865636848,-0.2857480599454017,-0.05298778375658066,0.19132069984160158,-0.009635854856173185,0.2009718799479338,-0.28853348328180783,-0.4336017003716476,0.04762856053006658,-0.3180057844723987,-0.1515300999273418,0.3240956130426041,-0.38310794679989296,-0.17934968246750596,0.004609028931548956
-0.07992654026036042,5.361855725234547,0.7958015062449273,0.10217768137377185,0.13814495519788447,-0.7470049974867734,0.6422298860316599,-1.0049416012434012,0.060637776358521904,-0.1781530101569539,0.4133385531542549,0.15886465551427642,-0.14679094644197493,-0.35023039808723444,0.16193798192991526,0.18600430057275485,0.2945416457370774,-0.2753464975082707,-0.05343436810098278,0.18764492991814222,-0.003497243729556383,0.19715453213960768,-0.28653997940571063,-0.42846134389571844,0.04522896615537946,-0.3156431728765562,-0.15167475478073242,0.32018605171281295,-0.38761983232326097,-0.17951022053010726,0.004282890595102504
-0.08044598150257418,5.367966320235267,0.7974414360332173,0.10202796845797317,0.13722781524362762,-0.7437725602513099,0.6461897546332733,-1.0046726527368135,0.061081953418599476,-0.15175737532833664,0.4454653968691733,0.12998970867552057,-0.13298033765126116,-0.353838964656235,0.16027001136775457,0.1765519310729073,0.2881841447980449,-0.26491799170120295,-0.05301219479150091,0.1836954956052521,0.002053280553583298,0.1933881468446565,-0.2859683548384763,-0.42302007810192443,0.04194398013327224,-0.31283515950009294,-0.1520891156019496,0.31612322381533225,-0.39262623834647536,-0.17982077252409592,0.003923482287152763
-0.08085090520428374,5.374087487328747,0.7990634110889913,0.1019582541441286,0.13621321161909572,-0.740563763470868,0.6500890613032614,-1.0041828122046401,0.06254387895237619,-0.12457270687475017,0.4806927579345657,0.10113398820350915,-0.11683409586425197,-0.35762872090159287,0.15812224770326175,0.16727390691884775,0.2820981448978225,-0.25457654463541396,-0.05207297767650253,0.17987367046831806,0.007454956368448451,0.18937249072811135,-0.2857384006870178,-0.4174805148194696,0.03827328847670181,-0.30958169717291606,-0.1527999039222704,0.31198087152996345,-0.3978385119045138,-0.18022820580364515,0.003518300697901211
-0.08127903487754982,5.380275401914215,0.80061111181158,0.10186931235280688,0.13515904177118762,-0.7375456888511132,0.6537438592334127,-1.003128517816105,0.0646773114505684,-0.10033295932238154,0.5175459787201878,0.07354234695819034,-0.10092228413014631,-0.3615414454389384,0.1559956122789237,0.15864095033024334,0.27641900175052064,-0.24460678078814904,-0.05068209917135785,0.1765459752556155,0.013070233346209433,0.18522247873005604,-0.2843809901202528,-0.41231884126597323,0.03497639032681808,-0.3061265931632014,-0.15356101974385966,0.3081448435223487,-0.403071436521134,-0.18070256680480729,0.0030565420926400404
-0.08154749516108466,5.386295049576833,0.8021091982061254,0.10179294219038745,0.13407333908115046,-0.734708648400463,0.6571649249871895,-1.0014749273520738,0.06678087803374486,-0.07996690441569501,0.5558401660223875,0.04754194126187845,-0.08536328216389337,-0.36554239497468577,0.15366271288926656,0.1505676828824227,0.2711553537184635,-0.23480687291636462,-0.04890487127986729,0.173632814215257,0.019173208801826425,0.18052539332221612,-0.28154282866275776,-0.4073358670330331,0.032735014820052595,-0.30217815289010874,-0.154626011383541,0.30443900852653916,-0.4080802551364066,-0.18121292964444943,0.002583071212772115
-0.08178839107592067,5.392320213513536,0.8035433038241384,0.10176051612770796,0.13294141740910434,-0.7320049891418505,0.6604090192949507,-0.9994191465059917,0.06899300361663119,-0.06236013766433919,0.5955719086979496,0.02264095741077829,-0.06906344747007527,-0.36978572064827203,0.15109572925841808,0.1430378967329412,0.2663455557582328,-0.22527630714920605,-0.046447382660844375,0.17100939599889106,0.025346505927335485,0.17568167583759983,-0.277632839178063,-0.40257940131310105,0.03171042989154736,-0.2980121662198613,-0.15584125899353582,0.3008963044210758,-0.41302117387486703,-0.1817678780551547,0.00210465329710908
-0.08196995756626368,5.3982013194240634,0.8048813334667047,0.1016979582506692,0.13173814611101084,-0.7295158633715845,0.6634072589564342,-0.9965270311725404,0.07131959927192866,-0.047801156518570975,0.6361953316474321,-0.0010824929720819752,-0.0536392811657561,-0.37402364032074215,0.14843605328722387,0.13619353568322198,0.2620859205648044,-0.21613594863032815,-0.04363448520572356,0.16876515621697713,0.031926158493385474,0.17085402460705099,-0.27310354556720173,-0.39812158016547783,0.03161901486116257,-0.29353763882165107,-0.15722717881673728,0.297876822264342,-0.4176924184480636,-0.1823382652538565,0.0016319915479690358
-0.08220797115964851,5.404049481234932,0.8060741283206538,0.10151743356652977,0.13048129326925223,-0.7273385061532732,0.6660687203701825,-0.9924383167498299,0.07370787134883167,-0.036937897677863124,0.676533425405467,-0.023196816086430393,-0.04079724898071909,-0.37824815829702285,0.14605462396049818,0.13031557110110728,0.2585628791049456,-0.20766969766942492,-0.040617680272775535,0.1670488791146031,0.03896671162673602,0.16647393352616185,-0.2681828292774987,-0.3943728920067104,0.03191366456837131,-0.2891030736537842,-0.1585583095473975,0.29577691982979043,-0.4219845331694394,-0.18291514356220312,0.0011556238192780123
-0.08231717049370273,5.409686569270549,0.8071368179290509,0.10119752160523729,0.12916653285057697,-0.7255840233247305,0.6682835427482964,-0.9869549432755321,0.07574889485509385,-0.030226909618545624,0.7164396508670449,-0.04339738539315412,-0.03149839378523411,-0.3823445419805281,0.14391406720247804,0.125601247165635,0.2557793879126989,-0.19977374208536372,-0.037588901596273,0.16611416318741898,0.04679858604203774,0.16217981978790283,-0.26278866977737736,-0.3912968548160576,0.03218154847008873,-0.2845511679543708,-0.16012693388526256,0.2948433787748394,-0.4256600867299594,-0.1835484456048348,0.0006922551924193644
-0.08233129446313493,5.4151553473807095,0.8081140056097035,0.10079024460151648,0.12780333115245,-0.724181658231135,0.6701257800003713,-0.9802083113144274,0.07714296673662424,-0.02729928079260869,0.7558332823210212,-0.0616160903168611,-0.02494818686649695,-0.38637198840927167,0.14191138263185302,0.12190643651972823,0.2535737392990891,-0.19230227228271624,-0.034376647883263216,0.1658215655112637,0.05516822836624998,0.1579616190298843,-0.2567423375080986,-0.3887872708451307,0.03231624539103933,-0.27995104893525474,-0.16182712029652888,0.2948942228365495,-0.42877649606193025,-0.18428248890303825,0.00023589559120187496
-0.08247703114553741,5.420647662295137,0.8089641769973328,0.10031480588685382,0.12638455355051764,-0.7229308055676286,0.6718146580010421,-0.972187238268403,0.07780952931129215,-0.02733540534462339,0.7941444795964754,-0.07818648902558643,-0.0205853389119936,-0.39045449463587484,0.14009947127192054,0.11876614479572715,0.2520098710682861,-0.18547008890541616,-0.030932161559392917,0.165583019335827,0.06373795531562215,0.1543276650263401,-0.25043155474713275,-0.38693697943437233,0.03218940286908028,-0.2755078529987402,-0.16328475104544876,0.29566913656450766,-0.4315817177137631,-0.18505861776330296,-0.0002152171523058629
-0.08263984447183835,5.426043690762303,0.8097342633852423,0.0997625622443879,0.12492108738877089,-0.7216089409665,0.6735894071444757,-0.9623642267982371,0.07758488724430561,-0.02922316352853211,0.8304625019488366,-0.0933461182271449,-0.018208905055774924,-0.39445389934234676,0.13825885166218987,0.11549589275872733,0.2509842661108739,-0.17917469473068467,-0.02759109971539838,0.16474366383490605,0.07244315869944379,0.15118548328816656,-0.24473049524104723,-0.3853386604588581,0.03163338087914173,-0.27099965037646623,-0.16451677435797413,0.2966012537244168,-0.43381238942836076,-0.18566576972598506,-0.000639579485249824
-0.08278447458945654,5.43125920077801,0.8104269873284843,0.09912169677208768,0.12334324720390175,-0.7201626421487489,0.6755198749493243,-0.9503858080408231,0.07611740682019973,-0.03312933621940212,0.8644761320970848,-0.10721205835846584,-0.01842901316389502,-0.398148431899441,0.1362302482886774,0.11188157054738421,0.25045369733757405,-0.17350099062534827,-0.02427527318188976,0.16317274911014384,0.0812805660984238,0.1485696246668547,-0.24021296854026042,-0.3837830542643095,0.030428354552820024,-0.26622344499952416,-0.1655371199068162,0.2974173318119611,-0.4355158606909048,-0.18583836605256077,-0.0010344801728207015
-0.08292175679609665,5.436429642656598,0.8110752320977778,0.09840019090547386,0.12167472353821221,-0.7186807885815685,0.6775032016200655,-0.9364707961919668,0.07337529283554965,-0.03922295191404152,0.8963289968432603,-0.11984718175438283,-0.02135678889130798,-0.40167007078461114,0.13410796805842629,0.10818301161015793,0.2503735509416803,-0.1683990474839399,-0.020916865570301653,0.16115234662720632,0.09008836155729355,0.14637182730927883,-0.2364894199140284,-0.382374804508225,0.02856338739107918,-0.2614551956339649,-0.1664005572027351,0.29826075330921353,-0.4366937086712207,-0.18545867359424645,-0.0014408797414014669
-0.0830742994641814,5.441544253183987,0.8116367192824879,0.09762224610120118,0.1200387181905153,-0.7171637785397516,0.679512117590201,-0.9211236962385249,0.07005330878589454,-0.0463968424288909,0.926303039719547,-0.1315219641225013,-0.025844987172019027,-0.40534490461199996,0.1321328698598605,0.10441957777293638,0.25085203919967586,-0.16366381555778636,-0.018005339367459326,0.15877027451784262,0.09894901422875614,0.14458895379172476,-0.23297410609617525,-0.38130567481104893,0.026283848625387404,-0.25663506743434483,-0.16711495227881168,0.29923792962455587,-0.43757752238518044,-0.18463304809963854,-0.0018316756267917193
-0.08327461201088374,5.446744792362916,0.8121113766642482,0.09680556836174614,0.11858046810899084,-0.7156220703425287,0.6815074518711322,-0.9049334314476726,0.06714603794215725,-0.05322853902235751,0.9544383997096003,-0.14252769027421522,-0.03056323878445859,-0.40957079549766295,0.1306021333038674,0.10065417339850304,0.2519138911515312,-0.15907143474231805,-0.016037364354944624,0.15624014055074423,0.1075312686087086,0.14321863318385525,-0.22916659467183176,-0.38063239632150103,0.024006700105710654,-0.25200748257776,-0.16762414901856434,0.30030984055289545,-0.43813063013495523,-0.18357997981425392,-0.002191556080416227
-0.08352878043013583,5.452066828758902,0.8124856849791867,0.09602649912587372,0.11727121974406562,-0.7140501150286337,0.6834901650447951,-0.8878949176379749,0.06500155992127214,-0.05908922530941325,0.9806258128301466,-0.15316170170932594,-0.03590711092468966,-0.41467789068705624,0.12949541509712592,0.09694424298940284,0.2539238111281344,-0.1547045310316883,-0.015644922542285562,0.15305942815656406,0.11603642942446335,0.14202623975887793,-0.22424160269029128,-0.3802540038143593,0.02203839418337732,-0.24806234324835827,-0.16796495427011204,0.3025753941030342,-0.4381199832319468,-0.18252797110184504,-0.0025893383169066932
-0.0839394547346816,5.457330716210301,0.812793438649997,0.09520808626296763,0.11607939041606334,-0.7124472182255407,0.6854779038550156,-0.8696694404374644,0.06353582686378331,-0.06449158767668518,1.0048494093460496,-0.16336185803509892,-0.041917934576527684,-0.42022645524905666,0.12881687490197077,0.09325895590851666,0.25665958830260255,-0.1504704939436954,-0.016302464775134157,0.14930728954569436,0.1244939872051752,0.14123497042863803,-0.21853356585701844,-0.37976893483559027,0.020376072576067918,-0.24447377550893445,-0.16783091450639703,0.30594045137956116,-0.4373015700011451,-0.18155083574134862,-0.0029415527544454315
-0.08446477306382065,5.462564470474517,0.8130343791918979,0.09435057459257222,0.11496285637020877,-0.7108414580232142,0.6874488579412172,-0.8503524587165018,0.0625319701571547,-0.06942147536059598,1.0271312194038904,-0.17288935672759978,-0.04739380793058469,-0.4259757740658132,0.12838486924852704,0.08960915373094885,0.2597442085047935,-0.14631519318727834,-0.01724236594446061,0.1454237732670236,0.13264340384247048,0.14081964544785586,-0.2127440687052114,-0.3792014945670086,0.018989743698113692,-0.24082445415758622,-0.16729625676749746,0.3091564444332428,-0.43603833008657966,-0.18064078766721664,-0.0031944632938961685
-0.08497603842120188,5.467685727520254,0.8132488926622803,0.09353291026246506,0.11380239710375414,-0.7092635991377774,0.6893807047266393,-0.8297443774923051,0.06163027429103063,-0.07356683565814745,1.04716842496903,-0.1813335647269035,-0.05110333646609623,-0.43169361995222705,0.12773973174316405,0.08604937504918908,0.26290578422556,-0.14217271521182123,-0.017795998255455036,0.14104945243396597,0.14069533755893043,0.14031371971310896,-0.20675031932329466,-0.37819489380567667,0.017765640607863665,-0.23709594427228606,-0.1664571138389278,0.3118626674401618,-0.43447536911425216,-0.17967720373680898,-0.003453270447351713
-0.08534262808563482,5.472724671629641,0.8134367454061587,0.09271103369055043,0.11259441205088419,-0.7077824100531827,0.6912099699991692,-0.8078902615882121,0.061026246096264315,-0.07671111727593234,1.065082526687866,-0.18887783402118444,-0.05241710737090777,-0.43723608793213053,0.126848875297698,0.08269361863975884,0.2659979782959342,-0.1380494960318512,-0.017801986172710286,0.13654799633758985,0.14862252210199145,0.13961253028696902,-0.20083783176302605,-0.3769501201868875,0.016644636448357623,-0.23309111439093935,-0.16543107274708513,0.31320164746496904,-0.4327805609595086,-0.178453399067976,-0.0036668242897645743
-0.08565882955602801,5.477870254169175,0.8135743891643298,0.09189563253770722,0.11136838396896868,-0.7063820742936568,0.692947790882707,-0.7851021459655616,0.060876556686692444,-0.07911900974826175,1.0810086700731365,-0.19585268014961044,-0.05191927739766973,-0.4428520176981494,0.1259006438124337,0.07956491246552869,0.26916092526322277,-0.13406324586231472,-0.01760495905106983,0.13193951934013648,0.1562285913552298,0.1389408702756125,-0.19487511833024113,-0.3757173088081658,0.0156624044874238,-0.2291002359502467,-0.16422724572637507,0.3135512355662889,-0.43112332829603583,-0.17688084174216892,-0.0038721142714932826
-0.08596075370497262,5.4830156581435014,0.8136795569236946,0.09113271165772252,0.11013654347384166,-0.7049457332749426,0.6947058973371368,-0.7614531171213723,0.060753620129575026,-0.0813411298135072,1.0947193725634687,-0.20188255264794858,-0.05027097587035775,-0.4486985408556502,0.12478557757224883,0.07640860479613991,0.272574473171834,-0.13013231929557992,-0.017329816988393646,0.12685907836709173,0.16344328965411722,0.13827028100831787,-0.18887048564999737,-0.3740664181808323,0.014763779844494609,-0.22511121354639646,-0.1629132074033932,0.31364543054864463,-0.42934977271630487,-0.17507720137685717,-0.004079344083990503
-0.086300067208904,5.488169005955808,0.8137889690795277,0.09045048989939408,0.10896038234113804,-0.7033615104372843,0.6965837563368918,-0.7373969169102522,0.06014713462778638,-0.08411001605321647,1.1061116025651332,-0.2066200287411336,-0.04823554305256645,-0.4549676836619097,0.12347333139660817,0.07298975948409746,0.2762378143523683,-0.1260893162181529,-0.01698867460031146,0.12140728194650167,0.16979847864936512,0.13773880710703054,-0.18335117945355925,-0.37185332763761636,0.013908228592402773,-0.22101550608709344,-0.16168549358750567,0.31377361359104317,-0.4274499045831038,-0.1733463763484818,-0.004249416218085822
-0.08662585399838874,5.493467165737207,0.8138034980996732,0.08989474040776471,0.1078378517559502,-0.7016220274197817,0.6985817518480115,-0.7133134180473141,0.05911471327411619,-0.08715250882780405,1.115546849593502,-0.21060520691619736,-0.04599819907458771,-0.4620429646349037,0.1219245551239823,0.06930718883551495,0.2805541608843686,-0.12226987831925919,-0.016823687818743462,0.11552426930607283,0.17526801422091542,0.1372836457934071,-0.17844107937779963,-0.369407854067052,0.013170932695619161,-0.21696425984092021,-0.1607472346915975,0.31405694030792675,-0.4256421638889366,-0.17208936008848533,-0.004381795705890954
-0.08696970116565383,5.49881921991304,0.8137908116219182,0.08944412097798024,0.10671492527829372,-0.6997715328805995,0.70066502389891,-0.6887845174763053,0.057819591643275485,-0.09023383066179975,1.1227480804038155,-0.2138461468067674,-0.04324888256291078,-0.469667733794414,0.12009862611249436,0.0654788502440512,0.2853949981122273,-0.11855766733850347,-0.016699413966078363,0.10878303744303454,0.18006194029233066,0.13666606971149461,-0.17347013858991941,-0.36618263519104927,0.012534580609010621,-0.21334204810167037,-0.15969842476197432,0.3149570180926601,-0.42326710358317826,-0.1714027764815235,-0.004561738907661303
-0.08706864536498843,5.5041826393825355,0.8137809446971654,0.08908145295434518,0.1055913933893655,-0.6978081141918256,0.70283624561464,-0.6638289230316721,0.05543836029572964,-0.09427510305952834,1.1275800049109392,-0.21587016366077952,-0.04098838090555158,-0.47764514575769773,0.11778207332657467,0.061453391694233354,0.2904944496885046,-0.11485940724448757,-0.016701488095078,0.10171630114665266,0.18408865775546837,0.13564722977931531,-0.16915708573573932,-0.3624762508573486,0.011921646143803722,-0.20956117700237492,-0.15900988861332768,0.31556976846483453,-0.420528604301099,-0.1711838041886476,-0.0046621962305874246
-0.08710554922286948,5.5096759733971234,0.8137844685834359,0.08880705123678896,0.10447594855616515,-0.6957404718245775,0.7050838813142942,-0.6387930184430815,0.05127127654788387,-0.10064074956234878,1.1299592101339997,-0.21636496463121666,-0.03969202007029931,-0.4858782253923259,0.11508059786594935,0.057368279421075294,0.2955825057651358,-0.11115957669265396,-0.016369967626862138,0.09446408638489244,0.18721944945948193,0.1345943322218314,-0.1653573269495932,-0.3585380764644907,0.011275327006880763,-0.20553545114243613,-0.15848628359966055,0.31573090727076947,-0.41801554777380834,-0.1711497669868238,-0.00473472687320985
-0.08712374203710886,5.515215702890714,0.813750461811825,0.08864024449200608,0.10333007278302282,-0.6935433667165012,0.7074343797120642,-0.6136081676879013,0.044766078829865906,-0.11001313118150897,1.1298617852929913,-0.21520536389921613,-0.039266285242473095,-0.4943912635844597,0.11191794608745104,0.05318002037899351,0.3008505951335398,-0.1075536967455152,-0.015544878350435236,0.08671422144112832,0.1896930910332458,0.13338883089020348,-0.16168642627760774,-0.35420618690999234,0.010460239916119681,-0.20125221557185463,-0.15809375506733192,0.31563919080057534,-0.4158417613703365,-0.17103399359193397,-0.004811256091029927
-0.0870765072192308,5.520768657642282,0.8137063103458111,0.0885639369079746,0.1022043867764681,-0.691220999164514,0.7098762023881466,-0.5882663331194377,0.03628553482728038,-0.12198800012395712,1.1272957719680166,-0.21262610303579554,-0.039511175396731206,-0.5031538319579687,0.1083400722049326,0.04885975424754136,0.30617396727297186,-0.10393325108437072,-0.014350618701710255,0.07867290226559384,0.1914203499138836,0.132052577354541,-0.15846697917414643,-0.3494886756268236,0.009417288760945502,-0.1966123003994278,-0.15793293281624304,0.3150992107022266,-0.413899673077307,-0.17076382362528883,-0.004856487529642581
-0.08694527437950371,5.526267556093359,0.8136896769357176,0.08855907361367729,0.10106914381748852,-0.6888135949750759,0.7123750065984898,-0.5625253229366509,0.02636279979709705,-0.13584960751214495,1.1220816364674946,-0.20882619873012603,-0.041104654929555,-0.5120220572823747,0.10437001628741692,0.0444944535890801,0.31152635232128423,-0.10019342675996919,-0.013034675730360374,0.07040655255293315,0.19254283656731414,0.13061479905179746,-0.15583576684758674,-0.344458982451503,0.008234305686364846,-0.19158148317550375,-0.1580061949165193,0.31417868438532304,-0.4121019867291729,-0.17030629550200754,-0.0048904010006516905
-0.08679615542608776,5.531867378378339,0.8136518970569151,0.08861435557099356,0.09987093979018447,-0.6863894161224934,0.7148726185882245,-0.5364689092256976,0.01554438431197726,-0.15087305063898498,1.1143614227131091,-0.20439014341452322,-0.04472054648136579,-0.5210605121824439,0.10009241619806776,0.04032024547088471,0.31702020423975785,-0.09647574755925245,-0.011729511240261737,0.06180809514021275,0.19319096879393383,0.12911629923763285,-0.15353179323069413,-0.33957591369992973,0.00712405661211754,-0.18663423723029976,-0.1581710646646805,0.31322491854487294,-0.41042234122696847,-0.1697001669740287,-0.004944625449039041
-0.08649858929131532,5.537433111778036,0.8136184360140583,0.08872862892131572,0.0986107321359288,-0.6839700753492712,0.717347955976785,-0.5095533037347758,0.0035948962300963684,-0.1672236497287989,1.1035498233297598,-0.1993920459187408,-0.05147662303800797,-0.5301679127089075,0.09541052639167905,0.03634964614230921,0.3226374143083569,-0.09272038395146516,-0.010485000244434065,0.053073152079394205,0.19344061740057023,0.1274172891964002,-0.15194059547316827,-0.3347461851217588,0.006262528323304297,-0.18140748839309123,-0.15861434326575116,0.31198503286000573,-0.4088256283656785,-0.1689085794519726,-0.004968860207077924
-0.08616178573964502,5.543047752183562,0.8135382335839045,0.08884455668871233,0.09739977349259987,-0.6818816310752231,0.7194840999442371,-0.48220728894071563,-0.00846420387293349,-0.1837442691735577,1.0903144117801882,-0.19495897551678587,-0.059389189203876376,-0.5389746844919341,0.0910810530657086,0.03351016488032966,0.32738134252282425,-0.08866647984637242,-0.009312214755237967,0.04511432544100735,0.1937129638619765,0.1258209850300538,-0.15080980767006602,-0.3310815537580102,0.006003275465501626,-0.17609014063736994,-0.15908027093959753,0.3105416094971201,-0.4074371213809008,-0.1682015238417261,-0.005085495675518073
-0.0858708438391939,5.54856324744089,0.8134399283691309,0.08902862056240846,0.09610175170984418,-0.6794576553275425,0.7219249633139526,-0.45442669309240535,-0.02139645407408068,-0.20210698410418043,1.0744315609944466,-0.1896046382796627,-0.06894602148945922,-0.5481568297320455,0.08606332018882318,0.02998556428541271,0.33299378416022657,-0.08465678973206824,-0.008050897627578055,0.0361193587761541,0.19325907167872083,0.12424035222492064,-0.15007893719642376,-0.32683138411205076,0.005851317319088407,-0.17049991808162923,-0.1595322578990019,0.309096313145993,-0.40606666909856914,-0.16736969631260462,-0.005115284869213743
-0.08558223202565748,5.554221580023455,0.8133118531758019,0.0892289974180588,0.09485629312869115,-0.6768808538973201,0.7244810413674645,-0.4273558044879243,-0.0337455111127571,-0.22050723282599127,1.057216252347657,-0.18387528452076113,-0.078008574101053,-0.5576196425417946,0.08088240910728496,0.026265208700478333,0.3387594243816059,-0.0807038484209237,-0.007141061567136348,0.026729505623140963,0.19219267975751242,0.12284028112173045,-0.14978449514232528,-0.3230549947028446,0.005810594232010815,-0.1648479060571881,-0.1601138790924919,0.30752352646612857,-0.4049483790430033,-0.1666041943631427,-0.0050888442154099385
-0.08531084206933832,5.559817561491953,0.8131230393348498,0.08940044455546448,0.09362595838542714,-0.6741597197969919,0.7271522623446456,-0.4007594390991513,-0.0449085782353125,-0.23816896411075394,1.038703857646621,-0.17774582881037895,-0.08592788922572844,-0.5671486080564192,0.07559175641623199,0.02235485658721223,0.3447737148025054,-0.07673822270501514,-0.006893976257071554,0.016934258486810017,0.1908029658597367,0.12163595168770078,-0.14983290473874267,-0.31949431706712134,0.0058150321673653815,-0.15886290688947086,-0.160680405781601,0.30601178904483434,-0.40391914152404984,-0.16607146398539252,-0.005026560014645936
-0.08511945436475347,5.56576626529691,0.8128566636844372,0.08957644712224354,0.09243614971383347,-0.6713620298838793,0.7298661816917086,-0.37515401046597263,-0.055154595797669057,-0.25538135888128294,1.0192507522076264,-0.1717114166812648,-0.09298460723747809,-0.5769948305425399,0.07027786040572692,0.018517636617272664,0.35083853540414756,-0.0729068302920332,-0.007054300452238561,0.006864557366490732,0.18874542592911095,0.12069568146960163,-0.1501271425339502,-0.31668634166600346,0.00590219047383785,-0.15313164584145872,-0.1612379784367244,0.30454109992729983,-0.4032115209185953,-0.16589152823519823,-0.004958914050917936
-0.08487266257651006,5.571385646846252,0.8125664398047472,0.089723663470973,0.09128078389027768,-0.6685061654702286,0.7326097115340572,-0.349613498535936,-0.06451979004460129,-0.2722382603365311,0.9982142163992909,-0.1647881517744097,-0.09945148190594205,-0.5867141590615141,0.06487636585578084,0.014618016850217876,0.3569545935397253,-0.06877934193578875,-0.007522436480026259,-0.003453007848815084,0.1866752500985053,0.11979092631281701,-0.15083943803734975,-0.31368337921249423,0.005971453546464859,-0.14673376377875338,-0.16173166231447084,0.3029988224368993,-0.4023357717059883,-0.16600853579350205,-0.004848088905212432
-0.08460306562207903,5.57704785956094,0.8122104310624937,0.0898502860422615,0.09023492898839838,-0.6656938961754033,0.7352796884746599,-0.3253865814778783,-0.07310629728436804,-0.28904153639946545,0.9769999596252806,-0.15736063086996344,-0.1051531028353649,-0.5964720310502113,0.05964906612351689,0.010877401268157701,0.3627295720989284,-0.06440358267747157,-0.007949253675062754,-0.01353495492735271,0.18416906229233168,0.11916325449092206,-0.1521022031980117,-0.31130599747283977,0.006042674400311361,-0.14026314267596654,-0.16200716496076892,0.3007190185146943,-0.40154145320736506,-0.16633067091493942,-0.004683098684165935
-0.08441291842057112,5.58288444295506,0.811785566223499,0.08994479961331035,0.08931616678566984,-0.6629540143426006,0.7378512927685804,-0.3027353191590541,-0.08097761094926731,-0.30605868754982085,0.9559855332981247,-0.14940574759427575,-0.10974324652404224,-0.6062762777374057,0.054762017327870866,0.007391268362529339,0.3679909004460114,-0.05973370427905518,-0.008119310355705693,-0.023326646622259646,0.18117664892780816,0.11902369450504774,-0.15392053625436614,-0.3097124442426706,0.006084747019583803,-0.1337838995546267,-0.16191774608522938,0.2975931014498108,-0.40107497483338167,-0.16674403633497203,-0.004495319015838759
-0.08422916397656545,5.588857253601552,0.8112765986320082,0.09000506880432045,0.08850968021635691,-0.6602537763029008,0.7403580721348864,-0.2814584796269889,-0.08817693604670403,-0.32316200232199144,0.9350083109061548,-0.1409107410263194,-0.11332964195214829,-0.6161147113748557,0.0501096149280172,0.00406753997446533,0.372843187038998,-0.05485159767224955,-0.008237542840108343,-0.03291172282511061,0.17781631150851246,0.11923139523795986,-0.15635970626954046,-0.3088269542606542,0.0060832581294232866,-0.12713038526291878,-0.16163648499214484,0.293642433809963,-0.40094521901547087,-0.16718519309314805,-0.004293443321136877
-0.08412822480546456,5.594784685392544,0.8107409172762587,0.09007288399268146,0.08781282207387597,-0.657538391263552,0.7428452381641829,-0.26130751158873544,-0.09446395774941703,-0.3400155386414003,0.9136289052395115,-0.1320079149166457,-0.11602865076935623,-0.626064514845491,0.04558032885863606,0.0008122406507932067,0.37748062707686775,-0.04959883430236253,-0.008221671486613432,-0.04245225487167416,0.1741163328392844,0.11976526431261503,-0.15911363131257925,-0.3081731303013343,0.0060655510121907855,-0.12016305963948562,-0.16109456353869128,0.2892672114937299,-0.4010415569427954,-0.16763484217525967,-0.004102930629832229
-0.0839450584406124,5.600850725735415,0.8101396754326529,0.090215667577833,0.08721213720974531,-0.654797681797176,0.7453154851201185,-0.24267774710547113,-0.09993700215538935,-0.3561037223645602,0.8922223693346004,-0.12366788073219535,-0.118323761201775,-0.6363714620257706,0.040932734927736976,-0.0023567145483351197,0.38193747654313254,-0.04414204077654132,-0.008237685215945385,-0.051975438794924056,0.16991087341618766,0.12029310328658939,-0.16204627980056616,-0.30804193399607727,0.006165953292441433,-0.1132269927670341,-0.16068472918891466,0.2845280919691235,-0.4014725523467218,-0.16815548482335982,-0.003909944302318235
-0.08377060437730272,5.607034883910215,0.8094688603794956,0.09040276537212084,0.08671082135866356,-0.6520474726629405,0.7477584281479213,-0.22535668966293312,-0.10466935915663272,-0.37179867565294455,0.8706686094896642,-0.11577458602749077,-0.12059764619716877,-0.6469862452858468,0.03627311701416433,-0.005412448951478143,0.38627442955014246,-0.03856719525056373,-0.008087936626417522,-0.06150389389003215,0.16526390116718592,0.12100848573462997,-0.16500926707570213,-0.3083494631269102,0.006465785011988218,-0.1063130343777989,-0.16020047943778196,0.27967851106684394,-0.40226417446460394,-0.16885065976614402,-0.0037239863018632756
-0.08356208781822358,5.613299004357584,0.8087701022428851,0.09063397457146281,0.08629739012133467,-0.6492856238042641,0.7501775935288468,-0.20924901072265753,-0.10877352227937226,-0.38714741503310257,0.8488180046446393,-0.10802599905501085,-0.12277696858895297,-0.6577715922617792,0.031577781078483975,-0.00838611154740312,0.3903143901683454,-0.03276839558578394,-0.007862480140491785,-0.07105184596807618,0.16018646130144065,0.12184182054454007,-0.16810547684598678,-0.30899426836981997,0.006974044194750625,-0.09939025254559254,-0.15963514741146254,0.27463797279958296,-0.40328000085147353,-0.16976576073140578,-0.0035299768589695693
-0.08334190548121613,5.619714099417203,0.8080132155358314,0.0909473734838583,0.0859989372853999,-0.6464460041929868,0.7526222968429043,-0.19477012807569902,-0.11186732615173789,-0.4011990770663633,0.8268977011173064,-0.10147248191882459,-0.12392830872869344,-0.669062716573686,0.026744393156742596,-0.011312852019309943,0.394312215820809,-0.026682013587560473,-0.007655621438428026,-0.08067946484103057,0.15454409750193032,0.12282958550083929,-0.17124132248825874,-0.31005075421243233,0.007727246415289367,-0.0925234668450867,-0.15898787422895172,0.26934504982537044,-0.4046076005280091,-0.17086828882796004,-0.0033159070665832006
-0.08320183842144178,5.6262051084988585,0.8071914854273202,0.09139376989900194,0.08583274006762776,-0.6434570766256348,0.7551442975329429,-0.18212017046921652,-0.11337509384363291,-0.4126387742351577,0.804777826560993,-0.09741618517364584,-0.12294006028485996,-0.6810950717363206,0.021697274367845427,-0.014251006397916148,0.39849212763343017,-0.020187435034559536,-0.007544521145664821,-0.09045433740379186,0.14826125098016074,0.12403796884075881,-0.17427254078876503,-0.31124129826390406,0.008732274583591876,-0.08563827187282744,-0.15815097935015834,0.26381470500392723,-0.4061759615717787,-0.17204177828152978,-0.003081371215633482
-0.08287252186145878,5.6330349689650046,0.806219308734933,0.09180663035871589,0.08602290648742562,-0.6410292518870124,0.7571347967216995,-0.1734290175484322,-0.11288414587552904,-0.4179501146113203,0.7859451641789204,-0.09887822590584681,-0.12083325013540368,-0.6928124246852808,0.017961865548737986,-0.01591958562191429,0.40055053326332835,-0.014520265015387057,-0.007879393482877157,-0.09863538955344045,0.1424506130523182,0.1250957158558367,-0.17584269561106927,-0.3140126783998265,0.00957512170400601,-0.07982314948621311,-0.15757572596055636,0.25916501208142223,-0.4069591722047331,-0.17272727241836522,-0.0027934817346608283
-0.08258675901152844,5.640009703678557,0.8052095119366448,0.09249908457864238,0.08617229400140874,-0.6379640991282644,0.7596183668936055,-0.16542403107995177,-0.11121839633723199,-0.42186785103945623,0.7646995815104659,-0.10303755212134748,-0.11792038851250859,-0.7061961489424549,0.012820882194693177,-0.01828603819889217,0.4042889460169128,-0.007462210289110243,-0.008465630722612033,-0.10813980855485375,0.13547202326039695,0.12626007173983592,-0.17785871364449254,-0.31644945717638845,0.01055468821499592,-0.07378158165337732,-0.1567289394427829,0.2533113172413034,-0.4081559740741684,-0.17346887559996968,-0.002482152596078541
-0.08218663049141235,5.647052757565583,0.8041377083608452,0.09333363365010265,0.0863515491678664,-0.6346556850340903,0.7622626871622971,-0.15853052326523387,-0.10892928944291741,-0.4241602118503723,0.7424388775919422,-0.10927002834559359,-0.11298644957067559,-0.7203955861541509,0.006952154076636501,-0.02089458208940454,0.4086765814932135,-1.613510183828045e-05,-0.009245665644938793,-0.11810141003738336,0.12770259646212495,0.12737425961069004,-0.1803732985450518,-0.3186477009628138,0.011691723111347427,-0.0676033647387968,-0.1558901425974595,0.24688283499438787,-0.4095622854048794,-0.1742030154708047,-0.002150920489718455
-0.08176352399681786,5.654507451056664,0.8025031227520785,0.09364508904727645,0.08751896758457033,-0.6306350619050562,0.7654217440772524,-0.138698357691805,-0.1006757010842414,-0.42805786182936123,0.6739327940013332,-0.025016505145637746,-0.10209174811199191,-0.735825802142646,0.0020632645494233926,-0.02518780334925725,0.4137721070766403,0.006770080014711802,-0.009887338179450748,-0.12874185937969246,0.12009221573689915,0.13023329902195693,-0.1835536989016899,-0.32363500842830906,0.012863932902069957,-0.06156718069609052,-0.15429401137045248,0.24011184279686357,-0.41108906835412085,-0.17499217048210955,-0.0021988138237637365
-0.08125878795244555,5.661807007194789,0.8014735557278826,0.09485489642053084,0.08733272692608839,-0.6270523939612765,0.7682322817092069,-0.13013535577325563,-0.09618676338896351,-0.42678662988007454,0.6373276519494877,-0.00850471166480021,-0.08734321543349197,-0.7504909909589444,-0.005677783536945392,-0.027784513271033144,0.4183156403022696,0.014307146153765589,-0.010557836257341972,-0.13947827864447307,0.11095505187997065,0.1311672165134186,-0.18768798041043042,-0.3247449972045318,0.014132104814586426,-0.05548622015770498,-0.1536230872027819,0.23383758695690943,-0.41297761957693635,-0.17589745816185123,-0.001973227167261996
-0.08077885409392671,5.6691205823498025,0.8003721640941864,0.09627389783885971,0.08711434153752734,-0.6229451987799293,0.771415392256616,-0.12731939613445875,-0.09441913330223657,-0.42618999408377445,0.6126652281425173,-0.017099424654850127,-0.05744191523744896,-0.7671416241790361,-0.01487245287370906,-0.0309016973094635,0.42521281550119305,0.024322762981105597,-0.011275532170018091,-0.15079248077345572,0.09815340965939988,0.1323654828735732,-0.19571349448036024,-0.322329779347162,0.016859292803699646,-0.04787820460607915,-0.15292181105035318,0.22569675408259435,-0.4169319192284228,-0.17780334844432397,-0.0016241791483868053
-0.08015767761082364,5.676571569306545,0.7991767709022539,0.09739757780686212,0.08729519277611272,-0.6197181986440571,0.7738492200841849,-0.13033222023462535,-0.09475916699367776,-0.425500163139015,0.5999380690025954,-0.03781385825656856,-0.02975316249841853,-0.7817419508638772,-0.02164403694568077,-0.032442714178763106,0.4280435046581108,0.03315777743648183,-0.011719496243953319,-0.1597397650126357,0.08623029109285947,0.13363611453721677,-0.20288749369029727,-0.3218028114458196,0.019833961730265623,-0.04116869017009615,-0.1525795752559998,0.21972480374780357,-0.4198500139797334,-0.17974081905455203,-0.00142045719000554
-0.0796936167582644,5.683969164564346,0.7980145296958541,0.09855385331830238,0.08755350995731404,-0.6166692887484094,0.7761059909605124,-0.13475299114955325,-0.09593858655070565,-0.42539409983881077,0.5899661505856265,-0.060335123928571426,-0.004744527500749367,-0.7957596757182455,-0.02803440546587079,-0.033482098570640266,0.4293515755444189,0.042617319278139804,-0.011518598739887118,-0.16825221835561074,0.07434180168903913,0.13527653298246942,-0.2105247678079789,-0.3213310457937109,0.022638811933469383,-0.03474412081039727,-0.15204590270978502,0.2149203569168126,-0.42242900382837667,-0.18155887047286104,-0.0012545364106917227
-0.07899702023702622,5.691629427450318,0.7967824832367411,0.0998131098304318,0.08782624084125161,-0.613722184109854,0.7782473740765862,-0.1398018167161053,-0.09810287376118558,-0.425705386559287,0.5812863548668645,-0.08467454111421656,0.016394463898913622,-0.8098191858861915,-0.03462714884232776,-0.034069234074309285,0.4297860484264846,0.05246472559963529,-0.011329733045561202,-0.17654514942568214,0.06206363453867512,0.13666729210857656,-0.21923721101020704,-0.32129164963668566,0.025056111353299836,-0.028847693785405398,-0.1521237375380428,0.21080306854580708,-0.4250628156176065,-0.1829807691903745,-0.0010956429840756768
-0.07818208267486972,5.6994473986499505,0.7955256767397264,0.10117017024802208,0.08811381901399956,-0.6107978373991229,0.780337461217458,-0.1451887789206392,-0.10088756745556558,-0.42636098237667813,0.5730114208828754,-0.11033020538667368,0.03540911727904188,-0.823919689028338,-0.04142345066634205,-0.03438769390811347,0.42950293494970304,0.0627162636252179,-0.011153182126127125,-0.18475158131116165,0.04927713737033825,0.13798616796289165,-0.2289256999817293,-0.3211546858739327,0.026989307451603713,-0.023219827558124646,-0.1524667573930085,0.20736862764203504,-0.42768923794620317,-0.18390320062390494,-0.0009531906006502245
-0.07731159615641436,5.707346026888249,0.7942833803010811,0.10260890903650008,0.08837011708128517,-0.607891570107226,0.7823873549501866,-0.15094309104793283,-0.10432529244352771,-0.4275788875482054,0.5651280887428761,-0.13608489181698774,0.052236960554178244,-0.8375895035323445,-0.04841451212444876,-0.03443849913927106,0.42803317020006815,0.07312544678928165,-0.0103095227445723,-0.19288582389709702,0.03603426146216536,0.13926329616471878,-0.23951892947409223,-0.320724246197965,0.028490853031319454,-0.0176734380892076,-0.15287591534062908,0.20433091165934625,-0.4302984224918113,-0.1843431520703048,-0.0008319175667930022
-0.07638477640247097,5.715234705094669,0.7930300323959678,0.10410871878228317,0.08853709548550188,-0.6050073510105752,0.7844033800409506,-0.15723273484530126,-0.10854946413374715,-0.42953685714895357,0.5580551369692864,-0.16068539122701198,0.06640263405212507,-0.8503811690262775,-0.055627108479891094,-0.034184823284492245,0.4250575856275653,0.08326576883204222,-0.008060950711339677,-0.20091763297548274,0.022523363683922087,0.1404696874056328,-0.251030673184094,-0.32005816765655565,0.0297353029684243,-0.011966122453135237,-0.1533034443308351,0.20126920701109352,-0.4329733874192746,-0.1844081771942968,-0.000727958889158784
-0.0753168118139209,5.723279049203858,0.7919252819994006,0.10572772270608063,0.08863170408939029,-0.6020755501545798,0.7864293366779086,-0.1643997317342422,-0.11382378984736082,-0.43244969248406817,0.5519142701206416,-0.18385318389665994,0.07736157677427441,-0.8621230813078372,-0.06334107735902499,-0.033656054805307194,0.41984596792904527,0.0938568529157397,-0.0032540534125655362,-0.20900357669945124,0.0083576802453133,0.14142595139732067,-0.2636832719173367,-0.31909395524894973,0.030886208860481934,-0.006486373799070445,-0.15385838996795356,0.1979684537766789,-0.43552600482760945,-0.18412964252136074,-0.000659007507667788
-0.07419930683312008,5.731347677281287,0.7909207640081259,0.10743764241140058,0.08866384026999101,-0.599111104301598,0.7884553006506937,-0.1722108474018458,-0.11991866295024138,-0.4360866390611639,0.5465788517462534,-0.2057470663293002,0.08535251301549383,-0.8728754205794673,-0.07140719119441935,-0.03291994870598214,0.4126849435991318,0.10498525879926644,0.0037772972899083254,-0.21708154033790392,-0.006211600386368165,0.1423291742263563,-0.2774360119783032,-0.31788367825855646,0.032026818352470794,-0.0009141035742952272,-0.15446964758236803,0.19467146305791697,-0.4381725803515998,-0.18349991809365138,-0.0006290026534191406
-0.07295967216072538,5.739385150166082,0.7900789417414182,0.10914521142893106,0.08863060162313298,-0.596211771637266,0.7904198015227141,-0.1803219457546787,-0.12658358101866746,-0.44011327126530503,0.5417094980275527,-0.22585521496863586,0.09098271035985657,-0.8823796345494596,-0.07951705796234791,-0.032068342915490114,0.4036883409827567,0.11567556590532442,0.011036927830051328,-0.2248981058236672,-0.02100064566335898,0.14299838949386565,-0.2920140006482708,-0.3165253557256456,0.03318090275583901,0.004768200771332497,-0.15511992393268045,0.19122248277749657,-0.4406436061579975,-0.18255680570141414,-0.0006326307455761916
-0.07169522230126199,5.747453650872234,0.7894568341020796,0.11078067347758129,0.08851544085128644,-0.5934778863759519,0.7922604732646248,-0.18857602505805057,-0.13353982070060788,-0.44439520551209855,0.5371319925026289,-0.24368717148073,0.09526394362762533,-0.8904059197951789,-0.08726612026311342,-0.03124190290577661,0.3928829002321772,0.1248347622328345,0.016399310971460575,-0.2322034094367149,-0.03590686118672527,0.14354721982765917,-0.3069335822411428,-0.31522793330798093,0.03431760022673334,0.010531023136591927,-0.15555576389109688,0.1876172857859657,-0.44299695439872777,-0.18140754730159148,-0.0006576506353991443
-0.07041304677531317,5.755711664916468,0.7889832877781656,0.11236912198234227,0.08835077647110756,-0.5908832257149197,0.7939926538014064,-0.1974778990476286,-0.14098151286387875,-0.4491004280196905,0.5334156552321914,-0.25913161005530316,0.09845368845563947,-0.8971991925625774,-0.09463040137222778,-0.030284158658784144,0.38038705915337095,0.13152967244569533,0.0185980473728228,-0.23905019298431665,-0.05101794558811582,0.14409111682837572,-0.32238372241222446,-0.3143819384077305,0.035385635949043905,0.016336855128414228,-0.15579663570631663,0.18368600971338186,-0.44561244732962624,-0.18019474929423518,-0.0006773239332776906
-0.06911465726442315,5.763689901964196,0.7887069561657257,0.11393077666185376,0.08812244797952885,-0.5883683544749747,0.7956612920984226,-0.20647926555787352,-0.14871289182233605,-0.45423770134449964,0.5300163165188697,-0.2718900562953638,0.10018871966391366,-0.9027903238728998,-0.10183673123663373,-0.02932689165334015,0.3667518240319312,0.13641704814622554,0.018556885084812815,-0.24558185255553278,-0.06592308886586296,0.1445274484477424,-0.3386078644450576,-0.31338482466198814,0.03632576532673775,0.02268163664542663,-0.15576436009525077,0.17954813613979403,-0.44802686374731726,-0.1788905506646738,-0.0007055035528536288
-0.06793917462838536,5.771692346033105,0.7881177374982856,0.11466773577666324,0.08865086091503373,-0.5841541261625506,0.7985964513558415,-0.16700515787668205,-0.1300126946995468,-0.4621813749842898,0.41908014519122916,-0.32812565252339243,0.09579471526520654,-0.9090688772214683,-0.11019494931107691,-0.032466251154240476,0.35608836717717174,0.13856169905792423,0.018124026843514305,-0.25513512294613283,-0.07904467357538768,0.14715422319561053,-0.3548302557646619,-0.3175375866164292,0.03700822264259268,0.02942644857742441,-0.1540826088622847,0.1745105547429188,-0.449770596992565,-0.17786920833416126,-0.0015580843501150517
-0.06706700013959402,5.779255051900577,0.7882502195356078,0.11574856106380352,0.08799635875288009,-0.5825185821127397,0.7997068293764008,-0.17388968943329602,-0.13647264374324297,-0.4663464715726329,0.4145657134541792,-0.3345561684363746,0.09662136568943805,-0.9103448730498848,-0.1160462815458137,-0.03235882432015244,0.33898244903951164,0.14278625191172373,0.018855484770086597,-0.26006551760364055,-0.09290319724841226,0.14741687267175796,-0.36971359946874627,-0.31560458857784446,0.037561887109036206,0.036115741719422736,-0.15306596679361617,0.1716303477108052,-0.45173397390803377,-0.17647742767095104,-0.0015386423293299442
-0.06608528214458223,5.786701745983226,0.7884375143916954,0.11656526267406746,0.08724197840628295,-0.5812967450876204,0.8005594736757665,-0.18408440861492414,-0.14480460257256267,-0.4709825805619685,0.41819583670088223,-0.3393350660233315,0.09760227131622035,-0.908889818228244,-0.12106226813558463,-0.03227276485769501,0.31844045989580716,0.14837495060219824,0.021085453668570613,-0.26395141201639316,-0.10582218643222249,0.14717839522122994,-0.3837324663739914,-0.3148354338641821,0.03810592602548067,0.04323453169721608,-0.15237223714145867,0.1690369226577627,-0.45360206223572325,-0.17489520358358177,-0.001550022361755634
-0.06508556264346407,5.793879638584147,0.7887461414314878,0.11713123692893823,0.08633800057059371,-0.5804078689285725,0.801219525897092,-0.19375521086567177,-0.15299387135422812,-0.47538009489054783,0.42237378641310347,-0.3432082995412983,0.09806795379516611,-0.9050371693930581,-0.12550245688998504,-0.03247354358776027,0.2954676036746405,0.15444266625915168,0.02424978773576731,-0.2672295673016365,-0.1177141492770342,0.14668918746111057,-0.39703004449944,-0.31456116475008883,0.038538455506420516,0.05077319856346082,-0.1516140679690632,0.16680614199348903,-0.45513822496530265,-0.17310842433680013,-0.001575134118136889
-0.06401839308381231,5.800880237864725,0.7891524703130841,0.11754012484693965,0.08532733617236636,-0.5798240928892333,0.8016904552617987,-0.20264827996204965,-0.1608828022540623,-0.4790855661721987,0.42606703246072847,-0.34597823949863177,0.0980822517398366,-0.8997560815942125,-0.12970678485410495,-0.03407102059552625,0.27164050095572795,0.16083978309132446,0.02791719599104236,-0.26995380626996235,-0.12862901244534736,0.1459070777159411,-0.4092647653471856,-0.31510627326058904,0.038828233667716025,0.05845737376218233,-0.15090233206415618,0.16496561118527037,-0.45639462860316965,-0.171190633276216,-0.0016096098654457473
-0.06305319186143642,5.807753221560361,0.7895626698525099,0.11787415306872588,0.08428751198996479,-0.5795041951767381,0.8019826601201748,-0.21095373022712824,-0.16834902475127755,-0.48173498254638497,0.4290745831098025,-0.347818221759437,0.0981093977297636,-0.8943261038993977,-0.13380769935886674,-0.03810573985291044,0.24906326240092616,0.16726874121906177,0.03202958567606494,-0.27220875887536045,-0.1384368212790482,0.14514346382715806,-0.4198026682212209,-0.3169820759852042,0.03893680155625433,0.06610012493246231,-0.15005435435731684,0.16377034076094446,-0.45751347067432724,-0.16927541210084457,-0.0016731617750934285
-0.06189610211112459,5.81437363702029,0.7900347926928131,0.1181707945718908,0.08312112039607063,-0.5794684910343747,0.8020865355762391,-0.2182270344031315,-0.17561038284737257,-0.4832527985534633,0.43101242085736907,-0.34840347707833025,0.09784697904610114,-0.8886095502666146,-0.13813753393018338,-0.04539989698468827,0.22742151925925413,0.17404502841708067,0.03680157555402343,-0.27403297956797734,-0.14693891246099464,0.14384244407243682,-0.4288124261200461,-0.3201031964443727,0.03877896334633263,0.0736930025220165,-0.14958823645953287,0.16315214077982806,-0.45804568153309716,-0.1675138620550568,-0.0017246164168966225
-0.06081053734960051,5.8208503100479,0.790593678137518,0.11839276883426263,0.08181816115252745,-0.5796838316605668,0.8020321665025028,-0.22468323363208811,-0.1825281997391984,-0.48389260497169845,0.432102208750964,-0.3477852654832754,0.09748915918203796,-0.8823005650605494,-0.14237678201784013,-0.05522480073815316,0.2061751942814443,0.18104314996358173,0.04263003875979154,-0.27551244562191407,-0.15440225150991882,0.14249336919507696,-0.43617486788543236,-0.32430351293441123,0.038295772302272664,0.08114753746784815,-0.14909834909997058,0.16338342859356694,-0.45821273325155254,-0.166014509709692,-0.001751935058938313
-0.059680132571800444,5.82738936783456,0.7917431886464295,0.11745790121541344,0.08173901342287297,-0.5837447899413061,0.7992273739951008,-0.23112486416746125,-0.1845443373864602,-0.47544181775446,0.43163793136367007,-0.34636881940604786,0.09752046717066534,-0.8855266137666771,-0.13741897802748537,-0.057652094891271106,0.20618405760083938,0.10908198064182026,0.05050060143469066,-0.2665379310499879,-0.16271589558278174,0.14164811748194372,-0.4441027144227746,-0.3283366270764824,0.03703999972148697,0.08555978787898205,-0.14687749601341052,0.16392352323927037,-0.45250089987334824,-0.16397150471475588,-0.00248630976601417
-0.05864374448936658,5.83407870449926,0.789455797711857,0.11678430666278641,0.08131900243184985,-0.5869500921242607,0.7970183403887905,-0.24044822536343044,-0.18917331198065235,-0.46913682382264293,0.4389305333623025,-0.3518061576677081,0.09782290741295396,-0.8937297502549703,-0.13503902605909862,-0.06411422897597802,0.21481786945932738,0.07384856105729823,0.056415668112166716,-0.2602688581200419,-0.16692811002480604,0.1425799966580337,-0.44729295584430384,-0.34075980227939945,0.03634983534852257,0.09407794657058094,-0.1463765808234843,0.16444344246956913,-0.45595819123636794,-0.1632123118573082,-0.002882922435575934
-0.057722870035338256,5.840700761424632,0.7874187607084299,0.11690254413001454,0.0808774782581277,-0.5886793236379717,0.7957696165396584,-0.251561273849487,-0.1955577714919638,-0.4657751166626505,0.44735257323794403,-0.35681959115150635,0.097820478216299,-0.8991966375089534,-0.1361454653287759,-0.07403307803766176,0.22089105778482304,0.05050631871862548,0.05893099035414969,-0.2580422329809265,-0.17139538513911332,0.1424753541093349,-0.4480986810733354,-0.3515276078702398,0.0348514018415789,0.09990763330783511,-0.14520613812364938,0.1653157152393042,-0.4559478122742089,-0.16205175355466964,-0.0030145919590784964
-0.05701540190387868,5.847204999724175,0.7860104037156481,0.11711258734372035,0.08060035572492946,-0.5903776298804736,0.7945076957962002,-0.26246294512810325,-0.2012926460931289,-0.4624286389947774,0.45400393861195765,-0.3596412883836904,0.09785147403975233,-0.904031297366338,-0.137580053606969,-0.08628846606792759,0.22950282317930668,0.034751786028175406,0.05859078270842286,-0.25605463295392206,-0.17529297265246602,0.1420787854079897,-0.44662485984920064,-0.36191149768022673,0.03241113500963484,0.1037359098463934,-0.1431462830549227,0.167021452430618,-0.45284465997855394,-0.16031361995771576,-0.0029148427321892393
-0.05635903614018837,5.853512615441245,0.7851224434565773,0.11722205758179428,0.0804181429480957,-0.5921313265579404,0.7932038852715,-0.2728020263880333,-0.20613981672337012,-0.45859975926505653,0.4592237965829077,-0.3606870381761264,0.09770589077778426,-0.9095400197861873,-0.13924539222501633,-0.09813932306349024,0.24357497227954425,0.02179256639435626,0.056196492661572325,-0.25425853692579886,-0.1773449502449643,0.14167388561898991,-0.44264521195941137,-0.37393340594064256,0.027672357595262716,0.10590309035199091,-0.14063449492841754,0.1695391816240205,-0.44698849868840346,-0.15713145584218277,-0.0026584362001104167
-0.055679535715228365,5.859635535665476,0.7847174207284174,0.11718697868097686,0.08014771720673332,-0.5940839843914282,0.7917750785063759,-0.28112712535117523,-0.20979365382737836,-0.4540588462808207,0.4610795328001986,-0.35937928738344027,0.09739551292116243,-0.9139428486215845,-0.14053199879311953,-0.1054677822601874,0.25984589161824767,0.011689204711413484,0.05344679586835728,-0.25231484412414446,-0.17833664160889234,0.14060501847172416,-0.43661227701898664,-0.3856108816454333,0.0227846776007552,0.10776379821773605,-0.13813501382308746,0.17226744891436066,-0.44055570777657366,-0.153527619248898,-0.0023458780923309628
-0.05499587737305692,5.865672616366965,0.7846625408703464,0.11697344671434443,0.07976693898552437,-0.5960770966806463,0.7903458376061812,-0.28798670216805994,-0.21254612626929034,-0.4490251950846211,0.46085896670925114,-0.3565737175141278,0.09707407373007958,-0.9179951944455255,-0.14150901706050764,-0.10643273674218173,0.2796490984610256,0.0020790100978894475,0.050481360560337654,-0.2506535018214293,-0.1777024475994421,0.13908315986705203,-0.427899769585676,-0.39798392313265546,0.018130036885829436,0.10935899888764439,-0.13572160668497213,0.17519902570918108,-0.4338332449292255,-0.14939012829959433,-0.002079421949897076
-0.054535724221301735,5.871418472650572,0.7849991371071116,0.11662015447167612,0.07932136929870655,-0.5981141121888726,0.7889026357821958,-0.2934680898175352,-0.21428435727207587,-0.44345642300384586,0.45857748288167954,-0.3520092034076858,0.09704897439167598,-0.9220157368400547,-0.14204988075467398,-0.1020794106959184,0.30357413956201923,-0.007670749886864416,0.046965273441098854,-0.24926297507823159,-0.1753038259207334,0.1373807947050912,-0.4164984440220061,-0.4107372735802918,0.013676908161286385,0.11067007740327177,-0.13302341923410407,0.1786522648145018,-0.4263496248387543,-0.1446050380835953,-0.001850769547669401
-0.05394881157987225,5.876973231508212,0.7855879793851256,0.11618224264276153,0.07880595128176957,-0.6001816527631895,0.7874473266343079,-0.2978389347526547,-0.21552364420533768,-0.43766083199595807,0.4547412410834734,-0.3461444322684026,0.09662004547916735,-0.9258358538124761,-0.1424975468524518,-0.0941691665772476,0.33049153316345015,-0.017477787617382376,0.04282361296051798,-0.24799303581434212,-0.1717954403185831,0.1352162631254256,-0.4042356029002373,-0.4238326603309624,0.009536887957001463,0.1119665341540879,-0.13074358966386285,0.18199233242252347,-0.418726665482954,-0.1394742976675382,-0.0016021081215676861
-0.0533539306812014,5.882428573668516,0.7863837868225109,0.11570482345564241,0.07823678941712091,-0.6022529644328477,0.7859915810252965,-0.30149015015696656,-0.21636520759054634,-0.43191695535836294,0.4497754201655321,-0.3393146945211644,0.09550782542924795,-0.9287731436184615,-0.14270139623567968,-0.08472982005891089,0.3584676716136389,-0.026887389930282616,0.03890086897395169,-0.24675425750813706,-0.16810468718329563,0.13297270811632128,-0.3925107444608634,-0.4362784373637896,0.005897527929461734,0.11335456031318324,-0.1287003307702061,0.18524099370924296,-0.4113969502821653,-0.13448471180790053,-0.0013252048347760445
-0.052820676457739114,5.887867806158408,0.7873519870893461,0.11516336898252251,0.07763765377968,-0.6043515807786753,0.7845182980469589,-0.30469959308429534,-0.21681975141709411,-0.42616413073602316,0.44412216250402836,-0.3316358738492202,0.09400971941931191,-0.9307246482065334,-0.1424890354508856,-0.07400157903111511,0.3872219896765968,-0.03614809809022457,0.03594993230884672,-0.24548381713816356,-0.16431332818453517,0.13067663274781954,-0.3811857413703548,-0.4479212948627093,0.0030472191480308162,0.11476388325804916,-0.12679079818487882,0.18843148221029796,-0.40436435418068906,-0.12992879207875854,-0.0010749269932600915
-0.05232055786053551,5.893132542506666,0.788439238147405,0.11453085010323037,0.07700885181577188,-0.6064939979313471,0.7830181042542363,-0.3073132291610139,-0.2168054621714339,-0.42030894389120516,0.4377753711971218,-0.32311148933634637,0.09213523808112326,-0.9319766504673581,-0.14176566346739744,-0.061373703703471214,0.41761761781140666,-0.04574079497083458,0.03377386779196096,-0.24417578664737405,-0.15993208796967134,0.1282020780175928,-0.3698780450821495,-0.4589606713582352,0.0011134764326435683,0.11630730030399958,-0.12502871772074814,0.19158411441822265,-0.397288347710157,-0.125828454556017,-0.0008764783698961085
-0.05193231616837188,5.898330509611897,0.7896401532786717,0.11383477823633306,0.0763798813828686,-0.6086132579603633,0.781535449751766,-0.3093791718411733,-0.21624983639911158,-0.41464558945698043,0.4305155743237982,-0.31413250794744274,0.08939625250515783,-0.9323894255706576,-0.14049595196524903,-0.047639269954117484,0.4488101404575067,-0.05520405354351444,0.031997809361027627,-0.24288016388755995,-0.15556405789701708,0.1258587270109456,-0.35934401005738625,-0.4690439574168283,4.0902622294597684e-05,0.11788012989838853,-0.12325579522036428,0.19465700333555114,-0.39038451752364073,-0.12235406044366703,-0.0006578625434622829
-0.05167687900542702,5.903433963944637,0.7909247814939562,0.11305185814295592,0.07582965348484051,-0.6106755263604772,0.7800926499635459,-0.31089508440896263,-0.2150049765866945,-0.4094076310130721,0.4221781974899473,-0.3050473378599634,0.08528932541920253,-0.9318323645333981,-0.13863775294027653,-0.03382160839083406,0.48008062224367254,-0.06420122667938584,0.030362313977871508,-0.24152347661301266,-0.1515970529695965,0.1240047980164095,-0.3506078182222073,-0.4779427517725223,-0.00024282270857865147,0.11960243963563996,-0.12135422534834708,0.1975219697154555,-0.38377808984044676,-0.119728300826625,-0.0003912290816584267
-0.051594725689985035,5.908508029627132,0.7922277495977978,0.11216873378578861,0.0753936496268369,-0.6126375402055566,0.7787228114597149,-0.31194873882366936,-0.21292100665672573,-0.4049207051015807,0.41273840052658195,-0.29613206047739743,0.07908306235066663,-0.9303396835455664,-0.13612505587212867,-0.02022862463627049,0.5112546825002858,-0.07283577595527119,0.02895246252501238,-0.24012076741609026,-0.14820043612844083,0.12286338780785508,-0.3438911947563308,-0.4856702562241188,0.0005553687232115532,0.1215353560553063,-0.11930644041271977,0.20047120604214977,-0.37774394442341297,-0.11833534576906823,-8.411045768419933e-05
-0.05163228739132101,5.913597654579021,0.7935844099902045,0.11118982855889199,0.07504797778136013,-0.6145187587264487,0.7774132223144113,-0.3125835277410849,-0.2101084111828244,-0.40106739698898236,0.4023320893157033,-0.28721776982001995,0.07109369627044117,-0.9279276170479693,-0.13299511767772235,-0.006492923306661105,0.5424780187456145,-0.08128223643553031,0.02801224488074782,-0.23877416433428278,-0.1452666714690543,0.12219395258822328,-0.33871974940273386,-0.4921103220242237,0.002575216589129772,0.1234470041562458,-0.11716101808123909,0.20352253999420933,-0.3720686345242815,-0.11829304419071847,0.00023974769702750625
-0.05174058535216206,5.918523709129818,0.7949426810911512,0.1101530643495313,0.07476432879367897,-0.6163842151568621,0.7761102349923604,-0.3128796034698803,-0.20682922335263643,-0.3974109359204146,0.3914814667336027,-0.2783547339420795,0.06239537932030366,-0.9246850836489392,-0.1293495054522389,0.00737780913082555,0.5738895335090075,-0.08978320661982875,0.027338674382250933,-0.23734516749273538,-0.14242669810956593,0.12199990023416,-0.3352010523368322,-0.49754028654018956,0.005357967715032245,0.12559902711908555,-0.11492319365338144,0.20598045680612687,-0.3668203094736613,-0.1192985704609442,0.0005769339617620168
-0.05190923010949471,5.923385861261649,0.7962499594331451,0.10914198443800885,0.0745174875941564,-0.6182757007361562,0.7747711463101874,-0.31324564414486283,-0.20350658427584742,-0.39354435359786427,0.38087982022736644,-0.26979599685737277,0.05422435461713602,-0.9207208266307773,-0.12532625987158078,0.02122958982225407,0.6049430519406659,-0.09839077274807889,0.0267239521805589,-0.23578571131111908,-0.1397913797881709,0.12234329659517994,-0.33323560797838947,-0.5023188077344286,0.00809778122503502,0.12789654441476078,-0.11265145184750971,0.20700174017903586,-0.36254615040066496,-0.12078270764141583,0.0009271296510373925
-0.052107637132535155,5.928235267673407,0.7975098082240825,0.10816619316361976,0.07428421998244097,-0.6202338122233116,0.7733640459014285,-0.31360086893919653,-0.20017014655638019,-0.38929678421699426,0.37036587793514375,-0.2615669235906955,0.04658623631295411,-0.9159460465427962,-0.12084473823464155,0.035219563455224825,0.6353193018678335,-0.10728192645403552,0.025867054750890392,-0.234281901619743,-0.13747410990267628,0.12312332771386432,-0.3326089518066196,-0.5062662290477715,0.010056677479872917,0.12999235129037648,-0.11027862909418376,0.2058303968138615,-0.3592387778232979,-0.12225971362941059,0.0012710028546012427
-0.05228741611637219,5.933034234349402,0.7987125268300961,0.10719705441451113,0.07409200627012474,-0.6222223999832023,0.7719186816568582,-0.31386401299940614,-0.196702515529942,-0.3849265869601069,0.3597812775500448,-0.2536482982382739,0.038913257698710464,-0.9103354750733584,-0.11588859660091995,0.049298498031478,0.665168075274371,-0.1166135421569897,0.02483137948898375,-0.23248346750566873,-0.13571787152118323,0.124215439779199,-0.3337388470801029,-0.5092876634855305,0.011034026476276177,0.13207950658895637,-0.10790078770906437,0.20245842803562908,-0.35679603437351076,-0.12353461329059505,0.0016509461106315143
-0.052429675277092316,5.9378125833139555,0.7998769120989663,0.10623220001683421,0.07390340692615466,-0.6241946070944964,0.7704765399403399,-0.3142067123952645,-0.19333059612936573,-0.3805388809088116,0.3496249405804118,-0.24605049839293458,0.03166148294053907,-0.9037838472639539,-0.11080276182211964,0.06291065124837152,0.694396066771253,-0.12626312574719428,0.024008951191295945,-0.2304315826134037,-0.13453408343016643,0.12546490030599206,-0.33633503775119616,-0.5113724065684346,0.011059032411982413,0.13402182492800785,-0.10591456366477447,0.1983652441685509,-0.35501940831057927,-0.12448247973043683,0.0019955351074815828
-0.052506522016224744,5.942429119403034,0.8010277864497686,0.10525343253295946,0.07369336535082144,-0.626101723076358,0.7690823331764397,-0.3146992796343294,-0.1902517556183263,-0.3762254549514001,0.3403824715498404,-0.23862712274444592,0.025376702199656133,-0.896130333536469,-0.10601930318067465,0.07533195543572886,0.7229964244415094,-0.135977260950642,0.023769930462485028,-0.22774088983828553,-0.13388082609856355,0.12669899957347397,-0.34061099218935975,-0.512567422964826,0.010282122646811876,0.1361509682310121,-0.10460289909424826,0.19467893712533182,-0.35348198624151883,-0.12506356164941923,0.002324473786296803
-0.05247055973287734,5.9470250835982625,0.8021536280940224,0.10429352781436398,0.07337797865215032,-0.6279201822218401,0.767759582853546,-0.31534510855692616,-0.18775398731509285,-0.3719120391051916,0.33214223870203974,-0.2314204148858742,0.020461230728638855,-0.887438368626175,-0.10184404193617896,0.08648907962118371,0.7509896996131692,-0.14588156890045748,0.02435011330524477,-0.22487755495266715,-0.13377628922789328,0.12797065027914492,-0.3464619390486264,-0.5129512082683386,0.008734746232079553,0.1381759789618286,-0.10425736228647425,0.19230356153308326,-0.35231895184745976,-0.12533577798117926,0.0025885961051155108
-0.0524403086813772,5.951576617870044,0.8032302331616774,0.10335054530683555,0.07299083255566259,-0.6296795578305321,0.7664820008310418,-0.3161303317927334,-0.18565701299883397,-0.3675131991744736,0.3247297264903322,-0.22448920108107437,0.016783260360802705,-0.8777376061227182,-0.09798901967012338,0.09657674566977739,0.7784512965018271,-0.15604002050984125,0.02571962739352843,-0.22198381532100497,-0.13395165577874582,0.12956131004647817,-0.35354735976145923,-0.5127350478516387,0.006411151252992455,0.1401415953590079,-0.10447694358494024,0.19088233762313495,-0.3515540621335712,-0.12539138551443874,0.0028048803347879643
-0.05241019693425886,5.955953712469373,0.8042725941119135,0.1024014956568987,0.07259276848756056,-0.631401472106111,0.7652296417891679,-0.3170703615350715,-0.18374828686647524,-0.36320026742098593,0.3181213811329855,-0.21784118203451938,0.013696134812718364,-0.8669792320927976,-0.09434967431175276,0.10541731449809541,0.8051606584784162,-0.16597121557839947,0.027284613469269386,-0.218984907398569,-0.13411781163542197,0.13118682892795297,-0.36101784495153827,-0.5119820592598368,0.0034826210691220163,0.1420068376346376,-0.10508946431222267,0.19019329389366924,-0.35073723124586664,-0.1253028514762372,0.0029689106051563304
-0.05243023706475978,5.960242027208323,0.8052137462194109,0.10145288668616731,0.07226722919865872,-0.633092520931699,0.76398862511646,-0.3185312443156075,-0.18187730195254784,-0.35919557552080955,0.31258125426134875,-0.2118455475466203,0.010583832205671358,-0.8555237158971543,-0.09080880321279391,0.11288818640097563,0.8309882939841847,-0.1752935476654169,0.028558574610114042,-0.2157507515706389,-0.1341634467169496,0.13284079296324752,-0.3679776219953582,-0.5112085123644025,0.0002980522502600649,0.1437798007786979,-0.10597543912762275,0.18995068878512353,-0.35019948178640214,-0.12522384222662952,0.003102691345059064
-0.05240699860025935,5.964482394335675,0.8061275619651715,0.10045041888080042,0.0720134192559542,-0.634727025943867,0.7627879019296202,-0.3204115409334389,-0.18002002344955792,-0.35563896695936964,0.30805737027034596,-0.20654625060331835,0.007316551445048159,-0.8431889897473148,-0.08754866526356901,0.11876235789937091,0.8556910718651136,-0.18366268226086735,0.029203867907156934,-0.2124162817670121,-0.13425211369558082,0.13429853723878127,-0.37432246109551387,-0.5100565275524617,-0.003081014629615688,0.14514695608836242,-0.10725635924352454,0.19037402071955353,-0.34958807149631416,-0.12526481627120276,0.003213151640480996
-0.05241107886249708,5.968678771677001,0.8069921546823865,0.09942050066991219,0.0717847793012105,-0.6363021657756304,0.7616311859006714,-0.32268394312882137,-0.17823286825894172,-0.35240064033517177,0.3045656795345994,-0.20191289766242948,0.004196443409579524,-0.8300252039184565,-0.08458999078303048,0.12316856250984085,0.8794659727920592,-0.19132852496051803,0.0295180831468981,-0.2089526417534109,-0.13447098794526616,0.13579099476992434,-0.38041814793710244,-0.5084357775876289,-0.006682985929209402,0.14627480312111157,-0.1088746456809726,0.19155153048794477,-0.34915032127475737,-0.1254962382721761,0.0033089212556480165
-0.052466321935461184,5.972835599457661,0.8077915176273003,0.09841868818399009,0.0716192096776069,-0.6378844586914252,0.7604524100699828,-0.3254853364304018,-0.17651611561124642,-0.34929619140343865,0.30197049323420055,-0.1976818772083449,0.0011647405316728625,-0.8161905522189093,-0.0817722167309282,0.1264797043992217,0.9020330155012065,-0.1984492900190426,0.029790318558477226,-0.20529843366526465,-0.13461150924918616,0.13729829776142344,-0.38581064336707815,-0.5065953219252265,-0.010294987661154633,0.1470541924415051,-0.11066957526889194,0.1930013209239559,-0.3488192621531926,-0.12586606222002758,0.003365304525642193
-0.05257835482217272,5.976961133328962,0.8085411441384491,0.09750689407309483,0.07154679271353553,-0.6395435858712918,0.7591821018909197,-0.3289073833082423,-0.17485940849393075,-0.3461314533120657,0.3000662581617713,-0.1935391507223258,-0.0019239682755092893,-0.8018229248264611,-0.07894539768522744,0.12908237207646112,0.9229271031450729,-0.20526215425761998,0.030203029594516265,-0.2014005909441982,-0.13451750769705345,0.13872875859506706,-0.3900275726356709,-0.504664646479557,-0.013609778476636922,0.14728373336110234,-0.1124962076013456,0.1942104699249249,-0.3483906965795358,-0.1262184912454005,0.003380792074101311
-0.052589095695294324,5.981056564631074,0.8092432922995154,0.09668930326414145,0.0715656157217753,-0.6412766178338666,0.7578217737042238,-0.3328996795695855,-0.17336208870177114,-0.34307688954840365,0.298796721819747,-0.1895006488706599,-0.005546705862180663,-0.7868880185935886,-0.07613462164166239,0.13119692875766564,0.941946365090836,-0.21239260797161355,0.030586134417274084,-0.19726359048497333,-0.13417611077423486,0.13980298325993723,-0.3930642705255269,-0.5027065091167662,-0.016355814951941088,0.14685311567291331,-0.11457700526469429,0.1950128365145567,-0.3476318620113782,-0.12635648370236746,0.0033529546128426924
-0.05271186426660569,5.985204973438182,0.8099350552888241,0.09592871486434507,0.07166847678162844,-0.6430497570589955,0.7564048658269219,-0.33748336784639443,-0.17184748677800457,-0.3401343271085374,0.29820127508202265,-0.1856831631027412,-0.009302562494942095,-0.7713835813083835,-0.07320981588894605,0.1326130554018575,0.9591753510308363,-0.2200259390875288,0.031162605520616133,-0.19290938577810957,-0.13383897641548614,0.14085198639140784,-0.3949097215537408,-0.5004124416704435,-0.01849118184066648,0.14573620878460447,-0.11660318217916021,0.19579661900645398,-0.34664375925652985,-0.12620797961890926,0.0032912324360794736
-0.05287321009662219,5.989373043688922,0.8105797187063517,0.09523734895566738,0.07184955079401105,-0.6448952360083555,0.7549023936830002,-0.34269854511958714,-0.17036414065103686,-0.3370092793381178,0.2983282705159013,-0.18192207689823306,-0.012801906998110318,-0.7555010177369377,-0.07040697427369176,0.13324486488510406,0.9747737157219786,-0.22766114706531979,0.031732939517521916,-0.18826987059286007,-0.1333660230254493,0.1418562055687442,-0.3958818501789605,-0.49801866029091163,-0.020069932985327003,0.14413606243035645,-0.11866806689514685,0.19620387096363476,-0.3455834697111814,-0.12581091828892516,0.003211447352481877
-0.052985674626690266,5.993446017130457,0.8111679783964193,0.09461444713565467,0.07210928866631464,-0.6468505213574087,0.7532813285226855,-0.3484958669452463,-0.1689148083575449,-0.33339940613235,0.29916444836004563,-0.17796348676095,-0.01564655624731492,-0.7393152675898514,-0.06798800851049037,0.13289260682792617,0.9887267279846054,-0.23432542385216595,0.032132651090179314,-0.18325742991651608,-0.13263728235844618,0.14279575847709203,-0.3963327043041198,-0.49554540740296776,-0.021236558242151128,0.1422310547673494,-0.12077596922812567,0.19589346346009806,-0.3443980756917252,-0.12522118040635485,0.003130837662978819
-0.05318999699296757,5.99760572432542,0.8117455146988253,0.09409531619763298,0.07250186006784091,-0.6489134514085295,0.7515323574786663,-0.35514919749686463,-0.16735736105305554,-0.3290686427055995,0.30054954028289743,-0.17361238894044326,-0.017841369771102802,-0.7231679149367604,-0.06594568625022638,0.13141922496316552,1.0009430740039185,-0.2395005876932674,0.03237177279558402,-0.17788636559152587,-0.1319771287446829,0.14383312296078252,-0.395833492842688,-0.4928527382284794,-0.0221158971158374,0.13973819838840632,-0.12261117626531666,0.19481077014088216,-0.3432660410442968,-0.12436885289567326,0.0030390818525406326
-0.053326402035665,6.0016729212419975,0.812302772350437,0.09365641427066841,0.07300029515448356,-0.6510767624983584,0.7496655803143002,-0.36240761734066057,-0.16576019340635065,-0.3242517580584255,0.3024798175270426,-0.16892128028717857,-0.01978770483566416,-0.7067492978559493,-0.06442111519403493,0.12890907566821455,1.011393574835397,-0.24326589984596075,0.03223257698604663,-0.17214763139761557,-0.13106575082522331,0.1447296130397743,-0.3946308411304234,-0.49005364606294194,-0.022737738718427478,0.13686331407361557,-0.12445219192442546,0.19295114269197988,-0.3419038212528714,-0.12316933246064507,0.0029234880832424287
-0.05360972523155572,6.005784890597684,0.8127430168969305,0.09323011003457508,0.07355958211334801,-0.6533160236664798,0.7477133860530192,-0.37034060737305374,-0.16408333115257737,-0.3193350693518815,0.30549568320025966,-0.16459783891400137,-0.02066662294911106,-0.6900863413372176,-0.06317853280317913,0.12546200744057637,1.020339779391961,-0.24605593388826796,0.03232970093586653,-0.1660566759161741,-0.1301259314238242,0.14592037929653204,-0.39283243749367697,-0.4871838595200238,-0.02306813733986641,0.13376932521501694,-0.12607400643300706,0.19074396010695643,-0.34089694775083346,-0.12187316207015322,0.002795539196323001
-0.053793509285121305,6.009812508870277,0.8131748414908879,0.09276540399513754,0.0741051084514904,-0.6556408592975835,0.745679607031424,-0.37843088635381184,-0.1624806071285769,-0.3146921240822344,0.30944065786812736,-0.16065147122567233,-0.02018553013323633,-0.6726106917997698,-0.06240641460522739,0.12124756774516204,1.0273310334933237,-0.24780119704763198,0.03258040182330051,-0.15954956310524832,-0.12916467938566742,0.1469941190940935,-0.3913073061195,-0.48387326143549797,-0.023062721665021487,0.1305280367853164,-0.12785909680213853,0.1882424224205345,-0.3397462015994622,-0.12084835714638263,0.0026942569127652548
-0.05389516305930526,6.0135650794535485,0.8135363894840945,0.09224368513796206,0.07461067099778419,-0.6580644112541048,0.7435560375427115,-0.3866594912659518,-0.16098909484333807,-0.3104438685307063,0.3147606711673714,-0.15724139115649668,-0.017804790347580368,-0.6541872425141955,-0.0621674798454608,0.11600335960645494,1.0324555691336954,-0.24827488203256098,0.03354224234504712,-0.15254966223991598,-0.1278432525412566,0.14811028666883058,-0.39018106238734646,-0.4803320096712983,-0.02255002140620677,0.1275826036332594,-0.1296853227273324,0.1853308066327868,-0.3386178620679708,-0.12049783287480306,0.0026002771784353522
-0.05421371849980226,6.017487963936306,0.8138159582693664,0.09169682318882676,0.07514903836993521,-0.6605572205008298,0.7413558343288126,-0.3955623407094507,-0.1594141012305974,-0.30639316136295647,0.32141094309117985,-0.15450086618839168,-0.013452760713200455,-0.6354770515739897,-0.06215600850027533,0.1097343622167645,1.0359611787108114,-0.24781354997119684,0.03543794226361624,-0.1451578071547595,-0.12683649957670073,0.14965987512207057,-0.38877522059120506,-0.4765344923776267,-0.021435685306184137,0.12438662960723879,-0.13112749164192564,0.1822403701937004,-0.3380656389643452,-0.12100359649873978,0.0025012349606385173
-0.054531146060749526,6.021420455555775,0.8140211037789424,0.09113613336693728,0.07568963507604885,-0.6630916493032885,0.7391040176871072,-0.40472358192141333,-0.15782662967261518,-0.30244389272776556,0.32872717381305117,-0.15210937928834198,-0.008366543147199378,-0.616195694409529,-0.06236462580042158,0.10298243376817702,1.0377990289890136,-0.24684555378722367,0.03701874026739857,-0.13745319367287168,-0.12577572980636922,0.15123642104182253,-0.3874726318367698,-0.4726439763669153,-0.019837878425140593,0.12107996766152798,-0.13269985921002345,0.17922533304124078,-0.337725771261563,-0.12225391448799261,0.0023925752401642896
-0.05479834970215103,6.025223111610518,0.814124920682187,0.0905667234837307,0.07622349982910892,-0.6656263371713479,0.7368373130719422,-0.4138463437890286,-0.15620129692288157,-0.29849603539077163,0.33613671449469396,-0.1498005649855084,-0.003578263255622632,-0.5964037148459747,-0.062499159869627285,0.09637177300892462,1.0381990652833917,-0.24601641700947305,0.037326369837290006,-0.12957838651065792,-0.12447677185325728,0.15278431802680573,-0.386373635824502,-0.4687397630771612,-0.01798497365951026,0.11780054708816888,-0.13457547230551253,0.17679910133736268,-0.337627708017219,-0.12401217676216093,0.002266910469977858
-0.055112629084095435,6.028917082188118,0.8141332779930448,0.09000035029083513,0.07674600378710954,-0.6681278122157353,0.7345850627354549,-0.42290046536497594,-0.15450225230808562,-0.2946070035690295,0.34348638490354416,-0.14751469699043482,0.00074895902552169,-0.576259967948719,-0.062481628643792676,0.08990987295329925,1.0373390918517456,-0.24623598972735744,0.035533647057545525,-0.1216130268983588,-0.12316224158496634,0.1544140341048448,-0.38545494033439237,-0.46461029843734686,-0.016013566561294844,0.11448247598378655,-0.13663862890840492,0.17527491828560487,-0.3379727603688906,-0.12624055332197243,0.0021457054021450862
-0.05544848436465484,6.03266904552329,0.8141013456480127,0.08943421721347691,0.07727538693682581,-0.6706184411339211,0.7323257074391745,-0.4320331662765504,-0.152763861831383,-0.290807515719565,0.3508826270631291,-0.1452697655568692,0.005130189894554316,-0.5559628653120304,-0.06244251021028411,0.08350621813484457,1.0352080007753957,-0.24769257322224908,0.032115437444219824,-0.11352379570675035,-0.12208216518103557,0.15603852359150044,-0.384616555245727,-0.4602291100480064,-0.013945595674697712,0.11084806728720319,-0.13885319194671517,0.17439801980388847,-0.33879611195659953,-0.12899933722975412,0.002040264541860997
-0.055735416194607076,6.036381508856862,0.8140009589313395,0.0888835461880775,0.07778352754335333,-0.6731207705637517,0.7300396333731524,-0.4411820234650286,-0.15101773547977332,-0.28697744788541685,0.3584261076894624,-0.14315010496522265,0.00959214148319725,-0.5354786139829861,-0.06231430129024175,0.07756276389960204,1.0318052481822464,-0.24974152723828633,0.028292543208058095,-0.1052845932520879,-0.12085421712408842,0.15754170464174969,-0.3837115367349156,-0.455914511128189,-0.011899795887175796,0.10709483688906968,-0.14131666648217378,0.17395646008893356,-0.3400017039886734,-0.13209785253356515,0.0019237097772634262
-0.05604346446662723,6.0400041917793175,0.8138423697518375,0.08833216138042968,0.0782823451675106,-0.6756691208489556,0.72769536403095,-0.450322809026743,-0.14913404717593412,-0.28292597140750675,0.3661306031500211,-0.1411783906885297,0.014412951340233602,-0.5148551196041081,-0.06176181043185052,0.0725736818079788,1.0269960695089957,-0.2513074134822523,0.02568966067190332,-0.0968770380526633,-0.11925934697344243,0.15898106371035498,-0.3823417882165644,-0.4518321950459742,-0.010102662586163151,0.10321108392951525,-0.14384680297396157,0.1738919421698609,-0.34136542482001236,-0.13516459245680126,0.0017754876117152014
-0.05637005280865771,6.04363532901322,0.8136468540213946,0.0877892279018942,0.07875398585589224,-0.6783028948912178,0.7252558472417812,-0.45961235042640847,-0.14716176149232066,-0.2785440992628485,0.3742787803963482,-0.13945010591354645,0.02018117573269499,-0.49419793935751716,-0.06074888905590035,0.06876339432679755,1.0207474245266683,-0.25207559775359706,0.024643259931989764,-0.08819473165095787,-0.11746221151914296,0.16025588308114114,-0.38039695704115706,-0.4479707582140068,-0.00888858420570174,0.09906152498127065,-0.14654795073144142,0.17431871702175022,-0.34287138886017327,-0.1378105622674037,0.0016074156330293792
-0.056643390064080965,6.047283562618207,0.8134056557523506,0.08725303000413347,0.07919469841012426,-0.6810024216422483,0.7227384106412374,-0.46899855367882604,-0.1451618934899175,-0.27391513047452376,0.3827409640238016,-0.13790867124155348,0.02661898020255347,-0.47344056622725333,-0.05941448389000356,0.06594369895372068,1.0130697210067303,-0.25224288430639874,0.02442364253871404,-0.07927192242135152,-0.11545276596217989,0.1612996861095042,-0.3780617335149775,-0.4444247104649377,-0.008367430769663061,0.09470369672382126,-0.14952840835309114,0.1751484186309646,-0.34452366436485127,-0.13992084573341385,0.0014313411741547614
-0.05691094740064819,6.050783337179748,0.8131117396158453,0.08681067582059085,0.07960339669356482,-0.6835468291319936,0.7203408486140553,-0.47775680993262476,-0.1432021399311496,-0.26971875855487076,0.39000780637921434,-0.13602801926606245,0.03198380527315942,-0.4527620092686615,-0.057934505149236384,0.06376920298070818,1.0043312624303917,-0.2519545555731555,0.024935789998773328,-0.07077829085031145,-0.112831613227195,0.16230480642014253,-0.3753924511594781,-0.44153811742656157,-0.008298085173261182,0.09057099492642133,-0.15257905222773213,0.175819092889954,-0.3466551366802061,-0.1411808411265135,0.0013052919028394344
-0.057248426118783856,6.054256763744444,0.8128116356224381,0.08632397140662817,0.08004333138329053,-0.6860997083227534,0.7179195131079014,-0.4864782798253787,-0.1408060353180043,-0.2652946245176448,0.39712381060580976,-0.13427567644080518,0.03649075297858055,-0.43211707408999017,-0.05568535250814484,0.0626858069738469,0.9940904080741791,-0.2505952796415185,0.02621311883158654,-0.06218245416038889,-0.1102258256204597,0.1632637821517598,-0.3722763778870931,-0.4386112440668892,-0.008286626186273335,0.08611584481967006,-0.15539132003532757,0.17649879711041147,-0.3485578431367514,-0.14240417647659884,0.0011338772791861477
-0.05769908730831722,6.0578065165606665,0.8124891414404503,0.08583683911860637,0.08052556475135204,-0.6885048223086224,0.715617761189153,-0.4948057563993702,-0.13803990159330978,-0.26115065519863506,0.40311128641743244,-0.1324879848599676,0.03909137319881474,-0.4117062433140135,-0.05265294392114758,0.06271250153579305,0.9825745985115184,-0.24837728336310488,0.02861977253718677,-0.05392761659442095,-0.1076397447616447,0.16430392467500549,-0.36869176723261565,-0.4359588315925285,-0.008032714978501925,0.08139255629721845,-0.1579061138609014,0.17698191354055884,-0.3506130087511169,-0.1437012057739978,0.0009477945735924436
-0.05821454355601427,6.061315383087523,0.8121830488456369,0.08535708430268829,0.08102427298592581,-0.690801245729109,0.7134023228484458,-0.5026966147986982,-0.13499308896023193,-0.2572144258640534,0.4081387524285566,-0.1305030192820254,0.04011671938409469,-0.3912890768131556,-0.04898623405601246,0.0638358207886649,0.9695846377022282,-0.24527697380590274,0.03204352178981013,-0.04590794099949844,-0.10487673345140082,0.1652989480127141,-0.36477283624333373,-0.4335098572352678,-0.007440768135348488,0.07655462766222187,-0.1602483656657286,0.17734254160249927,-0.3526688748489402,-0.14504666166643818,0.000761082306450833
-0.05878654174400145,6.064942260275974,0.8119311216868108,0.0848973034639784,0.08155960040629259,-0.6930710123674971,0.7111912902039821,-0.5103730217231359,-0.13169533290591792,-0.2533342532667335,0.41238143675614486,-0.12832106591351938,0.040275078024881415,-0.37135408030527584,-0.0448835051158054,0.06602108216701501,0.9555014203141131,-0.2415740306970725,0.03592165309504478,-0.03795810105904419,-0.10214190395487058,0.16625600307755195,-0.36052078307872193,-0.43131293667854237,-0.006546904802602346,0.07138256563718152,-0.16241429441986208,0.17751850648785597,-0.3548084734969241,-0.14649415613135183,0.0005719740779431162
-0.059333271017815666,6.068587268227708,0.8117122872565392,0.08448575608623562,0.08210029791123297,-0.695409926387585,0.7088911992563023,-0.517963226673532,-0.12826327389382244,-0.24931124121045742,0.4162682244805295,-0.12596520737764427,0.04012998250316137,-0.3520339923394697,-0.040738430951588356,0.06911809894764293,0.9405658663833456,-0.23744030801646282,0.03936733315167077,-0.029849932011548796,-0.09922455791086182,0.16705237522248392,-0.3560924667140323,-0.42941098316370374,-0.005505127314308947,0.06606837653716789,-0.16451417498477597,0.17737044840226873,-0.3569093493962859,-0.14812552463912088,0.0003793533785418032
-0.059941176138863766,6.072184808670199,0.8115185653419363,0.08410864652862104,0.08265283845778652,-0.6978495065180293,0.7064703179373769,-0.525443092541659,-0.1245644169912776,-0.2450071736163711,0.4198676901333973,-0.12355773587847396,0.039875080424279834,-0.333383585446743,-0.03645915062458417,0.07319945419560864,0.9248707149792413,-0.23288768273328925,0.042313571630651,-0.021454333395264626,-0.0961746018409896,0.16779465551835768,-0.35154440504110124,-0.42764215662639316,-0.0045046138710975415,0.06066983366062977,-0.16635788977972807,0.17695852861007755,-0.35882825231372284,-0.15001163889803493,0.00018138046593914537
-0.06042785290923164,6.075885678034315,0.8113521907015031,0.08378917914360515,0.08321215037265228,-0.7003405916340331,0.7039731295997692,-0.5328002663349845,-0.12078596097244164,-0.24055501407498953,0.4229609534337753,-0.12112165922570678,0.03907354735356675,-0.3156090684522894,-0.03221005950621382,0.07837700951415542,0.9085943232886898,-0.2282024724009021,0.04474823744041137,-0.012938275500131031,-0.09315739698810674,0.16820562633687272,-0.34690618161054293,-0.4262091139766191,-0.003581590569881099,0.05499183741920127,-0.16826854875087235,0.176185566981889,-0.3606578892137318,-0.15219232045482325,-2.3227955346174402e-05
-0.060964530189175546,6.079604747729875,0.8112022185380927,0.08349243429285716,0.08377628124966865,-0.7028592668297339,0.7014266883626538,-0.5401293420905352,-0.11684168681484382,-0.2361141595221911,0.42584794450342023,-0.11849513325453656,0.03802182742075133,-0.2984295212710546,-0.028019582640500872,0.08412507105320675,0.8916040352245386,-0.2234294201762499,0.046778912840522685,-0.0043531085169837905,-0.08999974294105502,0.16854919866482673,-0.3419016854086483,-0.424995130419134,-0.0027088155812798717,0.04926035049499115,-0.16989583759907492,0.17516523620123284,-0.36243210734021897,-0.1546473551391421,-0.00024174786190775846
-0.06158473771544242,6.0833492987365645,0.8110291895491769,0.08321328597444956,0.08434683536898727,-0.7053641059062724,0.698872405020843,-0.5476743251260902,-0.11283229815717082,-0.23192310316240256,0.42894864223323403,-0.11563264577565507,0.036983586789205714,-0.28189326933437175,-0.02416701418837815,0.08990360989892163,0.8740519138697895,-0.21874911758481236,0.048220633006233256,0.004162283440936346,-0.08661229607243404,0.16886033970926176,-0.3363288008179062,-0.4241134580439941,-0.0017812263300844944,0.04351894903352758,-0.17117614873408663,0.17384266299688408,-0.36424320673997135,-0.1573203659561919,-0.0004743694487146929
-0.06224900478371935,6.087012307086484,0.8108469890222009,0.0829796214159598,0.08487384208388878,-0.7078473935918538,0.6963209610120921,-0.5552899279891574,-0.10890220021207635,-0.2280892655041585,0.4322177748549455,-0.11233909371988665,0.03589649886558855,-0.2656828758695063,-0.020939127593300553,0.09541196472692716,0.8555705726781467,-0.21421842164217983,0.04903607805556504,0.012440702753187908,-0.08262898014529346,0.16899916677939783,-0.32986774174561867,-0.42364283361930943,-0.0007003453024014099,0.0379128931066362,-0.17222511214793776,0.17211781156702402,-0.36608765427123274,-0.1602077499731765,-0.000731094692513447
-0.06295319634516958,6.090786494119263,0.8107232372215042,0.08276446018565121,0.08540479127165997,-0.7103126079493819,0.6937665779973624,-0.5629805748142527,-0.10493590921150724,-0.224559099099868,0.43536134841627705,-0.10864682053730966,0.03475102623626024,-0.2500577426812175,-0.018143541229204228,0.1008106869598561,0.8362464275089082,-0.2099673461170773,0.04930336202572869,0.02057370406167803,-0.078428872388109,0.16900078793408674,-0.3226312200216446,-0.4235883280376184,0.0005434643860537113,0.03213105408024104,-0.1729778160437736,0.16995050970174178,-0.367895763542517,-0.16329482000039516,-0.000982005333478048
-0.06358250555760679,6.094584035367175,0.8105489016584405,0.08259183942586813,0.08597338154244596,-0.7127627427873032,0.6911992753329027,-0.5709408688468554,-0.1009835411521354,-0.221176032849643,0.4386622023761484,-0.10485845591504928,0.03347264019994055,-0.23533882255590094,-0.01578087965090544,0.106278011312019,0.8166704983969386,-0.20580943387865464,0.04856535233771136,0.028699759133825765,-0.07397489936228176,0.16888383764158962,-0.3152435859905804,-0.42408696897092796,0.0019469900447314091,0.02637234117671646,-0.17370210865775884,0.16755296935676867,-0.369712981737694,-0.16648121859843446,-0.00121424872460808
-0.06427624760108969,6.098471088555739,0.8103404370680172,0.08277307726121332,0.08652068794688592,-0.7146970450746098,0.68910878821818,-0.5786564725466987,-0.09812231285588036,-0.21906328612698867,0.4404894419556608,-0.10153001171178311,0.03272427084102249,-0.22397037728811764,-0.014441157356363352,0.11057173205463652,0.8007527375973257,-0.2036239555430445,0.0471831645967558,0.03550068337894429,-0.0702599172268175,0.16900828223341965,-0.30973221491466457,-0.42418551378592934,0.00286720756191325,0.021266221152262697,-0.17470128545251398,0.16570478007190637,-0.3724528854583269,-0.1683315867346861,-0.001445035362422276
-0.06498026389277056,6.102525826921042,0.8101102941694411,0.08290430202615993,0.08721228900699338,-0.7169428168281179,0.6866686906727876,-0.5873530221978825,-0.09455416857240567,-0.21596072266578767,0.44335781068656155,-0.0977086027164281,0.0320337927713686,-0.21346333310580232,-0.01298763961326257,0.11602522590895613,0.7839559459648326,-0.2006913410522661,0.044414856651766914,0.043092899956676006,-0.06651503699384029,0.16900172492384785,-0.3033741130293053,-0.4245981445007514,0.004007716682303312,0.015498433326299058,-0.17539333145001954,0.16385258585298892,-0.3749142315834982,-0.1702532615983746,-0.0016650332067492115
-0.06569984852134475,6.1068010484303645,0.8098485174019617,0.08311551964456142,0.08800838268286393,-0.7193091670294628,0.6840618811183254,-0.5968121659281975,-0.09074064549333681,-0.21235136047858494,0.44668178182715784,-0.09390884559599565,0.03156244067228482,-0.2043319535482554,-0.011747895011378389,0.12216279737448435,0.7670850935980399,-0.19721766900396612,0.04017115854962281,0.05107602516294308,-0.06295921509441715,0.168924741684348,-0.29680265432685804,-0.42527867156472626,0.00532000303079151,0.009217779860686327,-0.175946954186338,0.16203593615173995,-0.3773320288124024,-0.17220469535600003,-0.0018510913910144487
-0.06643968447140798,6.111081465164743,0.8095617070088721,0.08337484057426832,0.08887902914998937,-0.7217281234089814,0.6813645646914149,-0.6067072505146752,-0.08670601447045581,-0.20856459768652277,0.45033554722421953,-0.09016132724132046,0.031126540835418628,-0.19627439038971883,-0.010665021571678706,0.1287311905772251,0.750211386311769,-0.1930319760156594,0.03477456089084114,0.059340670440471956,-0.05936862580539219,0.16873375027221843,-0.2901655989621147,-0.4259971193169349,0.006760585057897542,0.0027920079961527254,-0.17647095173680932,0.16069220774253234,-0.37952916910917733,-0.17410976230482594,-0.002021142383785384
-0.06718213959141588,6.115404191094894,0.8092674713348564,0.0836219316551914,0.08982152051089454,-0.7241471155299668,0.678638653532935,-0.6169028661359491,-0.08242281673495186,-0.20492180402860571,0.4541938407011271,-0.0864699934036451,0.0304338951299317,-0.18932172146980544,-0.009533363947224307,0.13567095716443922,0.7336162775758734,-0.1881377423796446,0.028792567004104812,0.06776789364168233,-0.05579982488687932,0.16835389656394095,-0.2833174116361244,-0.4267083585930415,0.008283840935262193,-0.003774335060593972,-0.1771363558453094,0.1603985959240242,-0.3815008810400778,-0.1758958475625481,-0.0022132929025070087
-0.06803711466275575,6.119803291846031,0.8089159366110863,0.083825929427647,0.09081693996447304,-0.7265305914273157,0.6759281002380032,-0.6273005531925938,-0.07785987807821347,-0.20154773018532926,0.45822486015380637,-0.08296903055602069,0.029483809560531288,-0.1836379804183764,-0.00813771308862986,0.14312121666276614,0.7178906248023399,-0.18217889654155267,0.022435985409864828,0.0762453338579312,-0.05222325046107492,0.16789482019516658,-0.2759746681749151,-0.427406422962071,0.009831120606203305,-0.010388958246276425,-0.1779215779228098,0.1615822754529329,-0.38339873064677576,-0.17753821834448535,-0.0024466650662555156
-0.06885516046436597,6.124313947959139,0.8085300247104088,0.08403934547349154,0.09186991609469607,-0.7288948718317325,0.6732084170199772,-0.6379873261726533,-0.07317901235742305,-0.19837086005060897,0.4623824221545329,-0.0796246889786182,0.02821624275615197,-0.17938402971102613,-0.006658720583687714,0.1511219292180537,0.703076479691388,-0.17507475304753803,0.015468997948424573,0.08470583026888318,-0.04862678870953117,0.16714224374093947,-0.2682378747455446,-0.4281351304756012,0.011366530530393413,-0.017166125212234325,-0.1790145148024293,0.16408726218712413,-0.3851784198750947,-0.1790296926202904,-0.0026931783348682335
-0.06984234160654768,6.129184483732704,0.8075886602548958,0.08529267256790538,0.0924420585665914,-0.732100758411497,0.6694834615937176,-0.6503144622154187,-0.06945510388404838,-0.19304099779851036,0.4679089100396091,-0.07709963414437537,0.026840548813735498,-0.16065546692391774,-0.010887233030036587,0.15656084920110766,0.64196303696987,-0.06648130305751625,0.008337614505600034,0.09463511820446505,-0.04500219773006834,0.16563626515511842,-0.25968734026167684,-0.4287725520830707,0.012785534838059998,-0.023600129604975442,-0.18177885529856172,0.1682600140696771,-0.39027250272511393,-0.18024775801867282,-0.002487953431452078
-0.07077645508898045,6.1338439373443965,0.8072616390789155,0.08524474906860778,0.09395356666507769,-0.7346209964793783,0.6665118540572158,-0.6623239540903945,-0.06314660499923644,-0.1899384497516154,0.4732074690317161,-0.07401682822299036,0.02497050322014563,-0.15124535455757765,-0.008919632806659975,0.16357533315467895,0.6099405452771238,-0.033955538384329256,0.0023177798937799084,0.10401706203738212,-0.041521992271180225,0.1647124513560073,-0.25147397666779264,-0.4295314757119347,0.014197279508310767,-0.030776147080755642,-0.18283901742635758,0.17340276890536366,-0.39099683357345427,-0.1813101503244509,-0.0026401569411760107
-0.07176213978742925,6.138657411527816,0.8067845468160052,0.08529367475656698,0.09541069839559899,-0.7369044178436027,0.6637723002963946,-0.6746464945873454,-0.05732604518662223,-0.18779171623047952,0.47843416873160727,-0.07056696652506864,0.022577339489040383,-0.14796600891327488,-0.006061740630719938,0.17135040731914486,0.5899262438835218,-0.02969811585123342,-0.0011670152975158687,0.11242578848176009,-0.03801613129190595,0.16386889382824263,-0.24342119082109093,-0.43023831674352586,0.015554076819589471,-0.03870278888003684,-0.18409497122108587,0.17993940894723767,-0.3916356445917382,-0.18224462110718534,-0.002993721297562242
-0.07270775318207982,6.143768792488792,0.8061558517351208,0.08540283068358384,0.09719564301876221,-0.7399428221438662,0.6601090693568543,-0.690088413858459,-0.05003605917397391,-0.18440048295991143,0.4874661458543194,-0.06692301447874655,0.018291452353085703,-0.14673766089513077,-0.0021021873329457015,0.18274496367215212,0.571006058457511,-0.03669582515701449,-0.002796677228235858,0.12226471694475675,-0.03359303240382073,0.16238008535536105,-0.23189401251404165,-0.43214068054605953,0.017745988596420185,-0.05012911214329521,-0.18621041906094302,0.19213456916312374,-0.3900096813859704,-0.18393295197903275,-0.0031042540246228696
-0.07387152727522117,6.148906202594045,0.8054416450777993,0.08575562334017764,0.09877745043963161,-0.7422679416757637,0.657211755152485,-0.7044136635055254,-0.0441935966661699,-0.18284710983769853,0.4942253376230398,-0.06352024203467595,0.014792327783770525,-0.14713441154445736,0.0011792067293403344,0.19078568729405068,0.5551047362999033,-0.04923162484415519,-0.0025720912013283137,0.13027997840511962,-0.02975089620416478,0.161469891319216,-0.22282334234063408,-0.4331826827397626,0.01944538720671127,-0.060395414735821884,-0.18791477336222767,0.2031949391523148,-0.3897767018761661,-0.18546902806608595,-0.00310613212216654
-0.07513465708123435,6.154156339315946,0.8046903055763339,0.0861419479166525,0.10038538736880405,-0.7444421076748661,0.6544526622549139,-0.7190269907517127,-0.038505321227944964,-0.18205390563207297,0.5008705563265201,-0.05964932610894577,0.011556417662663757,-0.14858035996293692,0.004590621826015585,0.1971823448177856,0.5408308174082055,-0.06281564136024412,-0.003922238834183488,0.1379206858500558,-0.026174343521634873,0.16073347245885503,-0.21482652868961968,-0.4339273214361267,0.02094128209515614,-0.07053618705740686,-0.18944809160023712,0.21429724762122096,-0.3898003715991368,-0.18663578492306748,-0.003145344555904819
-0.07654091286261719,6.15956773064557,0.8038232799728627,0.0865218058791136,0.1020827289807186,-0.746533527441575,0.6517520893383519,-0.7344584830349813,-0.03273636271813076,-0.1819916483078581,0.5081418250170514,-0.05557499219389192,0.008504127397519483,-0.15152967813941545,0.008530644880283161,0.2021511950872818,0.5290823681635967,-0.07690674565850984,-0.00897617142034019,0.14540420632632683,-0.022767798718718327,0.16032159678256674,-0.2076842458220325,-0.4347361406304923,0.022408330080643614,-0.08079319740828339,-0.19083156578165397,0.22599746773968288,-0.3899196936948068,-0.18732801624337714,-0.0031927280925627376
-0.07790797544515125,6.165092815112668,0.8029123002173147,0.08691434982281941,0.10388445820813681,-0.7485751441444377,0.6490679230302593,-0.7506217638092294,-0.026939989731806304,-0.18254877799414043,0.5158812817827668,-0.051248201997299084,0.005276555458838358,-0.15573398067007374,0.012855522746686866,0.20607700521412836,0.5190604334638079,-0.09134815784591137,-0.016907706056629827,0.1527875945155416,-0.019476886704009155,0.15988509359185413,-0.20135172200521084,-0.4354984334115006,0.023929436069856588,-0.09135385813552285,-0.19226587704146228,0.238355162601897,-0.3896897588309396,-0.18748998888706214,-0.003228150987829494
-0.07931274469455493,6.170725442636532,0.8019360888117816,0.08727133694274247,0.1057044697694105,-0.7505779291705643,0.6464078055384415,-0.767022835289284,-0.021077138534832843,-0.18350505866797573,0.5237322078024363,-0.04681631010507102,0.00207874863774423,-0.1603527221769262,0.01737356045536773,0.20920152498228414,0.5097727300741464,-0.10629287105314826,-0.024799924965470118,0.15997915610855978,-0.016156739648016505,0.15957103178153703,-0.19566320997268052,-0.43616365046716354,0.025512694053102265,-0.10206548354462024,-0.19344266227656023,0.250794013341088,-0.38936111716306804,-0.18720984166259805,-0.003235498472900087
-0.08068979584162646,6.176449336992876,0.8008807121110089,0.08758337321161104,0.10743338010771235,-0.7525564722850692,0.6437747879478966,-0.7831092469626778,-0.015246385437459375,-0.18460303366696282,0.5312206689984206,-0.042373019110911764,-0.0010168991355004767,-0.16442606683700745,0.021670963749977217,0.21183746857834063,0.5000038314004809,-0.12200000673319479,-0.02969992523324544,0.16695200198752436,-0.012689146559298687,0.1592307311545554,-0.1907101709583501,-0.43666659615062886,0.02710634874083441,-0.11269524162147397,-0.19433088050197286,0.26231992626765765,-0.3891544223925618,-0.18661735786762396,-0.003198221231036471
-0.0821208807824406,6.182210465212346,0.7997860244583211,0.0878652018990194,0.1090542623827525,-0.7545514422290308,0.6411232293260692,-0.7988787575948716,-0.00938298072562946,-0.1856729677411642,0.5384210946580579,-0.037845924043388726,-0.003733777421950093,-0.16729034949816687,0.02545076486509,0.21364662099024936,0.48867653750562995,-0.13879155945278307,-0.029719012114568538,0.17383346795057206,-0.00907872663653792,0.15892411651590724,-0.1864709288487885,-0.4367504405075006,0.028640129189342212,-0.12306010456924153,-0.19476900035387104,0.2724264302009776,-0.38925873181199383,-0.1857011525644701,-0.0031283995562301522
-0.08353914176265859,6.187865676702588,0.7986675699086265,0.08811028886571312,0.11060996363232474,-0.7565579274670214,0.6384529076823608,-0.8144315866637057,-0.0034786791812823066,-0.1868065267847209,0.5454874387707604,-0.03309552272856337,-0.006239128135128848,-0.16902538020088337,0.02877234638071025,0.2144757392749744,0.4757823213188031,-0.1562001847833174,-0.026190411762080625,0.18073605569528234,-0.005229597102351246,0.15858970957339058,-0.18313325537412867,-0.4364405850301797,0.030095152477450864,-0.13304499191718214,-0.19497386970768313,0.28133753601347117,-0.3895076287021345,-0.18437893566032182,-0.003044795458931048
-0.08495408583465058,6.193522694954066,0.797591764801661,0.08829536359781863,0.11211284564938166,-0.7585229663117952,0.6358282379582415,-0.8294729211170049,0.0024933701064083764,-0.18811040137133417,0.5518019907001266,-0.027942027029585606,-0.008760831339224397,-0.17023582642733837,0.03205072082281734,0.2150238751305326,0.4620452314423608,-0.17334269224116752,-0.020977553763933225,0.18751532672524682,-0.001381868896559011,0.15828617346909804,-0.18064163207461234,-0.4357919200095812,0.03147903429428372,-0.14299895300700527,-0.19497959775755727,0.2896177315902097,-0.38967747441707973,-0.18273950397632074,-0.00298817587113679
-0.08648619328131223,6.1992585366406106,0.7965837205035418,0.08836923344998604,0.11357338372328236,-0.760392984625835,0.6333201986522463,-0.8436789344239296,0.008658911558430047,-0.18970344356425803,0.5567945104551214,-0.02223331129687941,-0.011428438905364213,-0.17150570717585822,0.03584389752049784,0.2163020791571976,0.4484313649611025,-0.18937869581671693,-0.016047770905472523,0.19405865379995962,0.002394837233503746,0.158255948935119,-0.17885436471417104,-0.43496616796363446,0.032817107712317106,-0.15306852872635685,-0.19468159258485357,0.2979930828112912,-0.3896322063741555,-0.18103480612061154,-0.0029542138193992887
-0.08805862136364823,6.204957891203997,0.7956324523457612,0.08827468892797574,0.11495448574610441,-0.7622070305050991,0.6308989524084793,-0.8568633540806861,0.015065146294530997,-0.1915156802657238,0.5605990076753279,-0.016052960103422744,-0.014407058680517754,-0.17281131208164005,0.04023193648813415,0.21917452545884117,0.4351833620913951,-0.20397386530776168,-0.012223838998145433,0.20040574463428049,0.006398112229644134,0.15850747363287732,-0.17810175281848553,-0.4340447827899109,0.03416851202403724,-0.1631612953334474,-0.1942152728931778,0.3068977422832788,-0.38911097069542205,-0.17957081852598505,-0.0029087267990862784
-0.08970578927687084,6.210762987635419,0.7947944191430081,0.08803079504232317,0.1163041303459749,-0.7639829047528705,0.6285332526080458,-0.8692273800444423,0.021770542072893702,-0.19351844889014808,0.5631995497028907,-0.00938690505777437,-0.01750629072372876,-0.17422843841339847,0.045151891928459496,0.2234688193844639,0.4221585540998056,-0.2175072531827432,-0.008903972287291895,0.20665817606214015,0.01038800499966168,0.15912105848442692,-0.1783216228891603,-0.4330758442932449,0.03557994727485548,-0.17341724663511981,-0.19341713239629288,0.3160200832189535,-0.38823223878018687,-0.17853013835894155,-0.0028392178609078626
-0.09139380983889035,6.216511821846563,0.7940548690015907,0.08775661874305628,0.11762015298989943,-0.7656234870619084,0.6263265534340552,-0.8807847239009221,0.02842950631888116,-0.1957916896843517,0.5643274119538707,-0.0017979927158688536,-0.02090093072325811,-0.17599517505937443,0.05036741915593877,0.22848298134970493,0.40970806790546255,-0.22973998668339532,-0.006315605544880726,0.21247682670801316,0.014580908151060425,0.1597700801967715,-0.1789244016888246,-0.43199175481744984,0.03699365654606029,-0.18355150187156116,-0.19234751107609077,0.3250025873298043,-0.3871647222680731,-0.17789655887116637,-0.002750902546724004
-0.09314958581464185,6.2226900635739195,0.7926499164545193,0.08908447314916769,0.1179740487679411,-0.7683430423565764,0.6227319244452426,-0.8932036531634272,0.033927544369581265,-0.19427537664968647,0.5659455512278155,0.003448605845461714,-0.023279243988717523,-0.14284768199464054,0.043452392733151664,0.23223524689199126,0.3204841570009534,-0.27479845034963934,-0.005459928815611757,0.22058569059481647,0.01871883486175137,0.15835663106826597,-0.17796339038046446,-0.4308022006118954,0.03756503406116973,-0.1910513332154551,-0.19371904503697415,0.33088770875944423,-0.39326334830275483,-0.17775671477229749,-0.0021243434246064077
-0.09493741454400437,6.228520599473806,0.792175843714533,0.0886462874834279,0.11935143648715563,-0.7694585871787694,0.6211526003654096,-0.9037468969902851,0.04057303763431787,-0.19694754596101136,0.5646977158221598,0.01186613237462237,-0.026702001602175583,-0.13638588120339282,0.04680596766315921,0.23481720431707612,0.2929519107286551,-0.28756728305483,-0.004616163811760066,0.22588476492065263,0.022461598540378838,0.15849586315523137,-0.17834852983345167,-0.4299887456011161,0.038041369822959026,-0.19885798706771832,-0.192536535575603,0.33698430799457996,-0.39345926010957943,-0.17733322863302667,-0.001939260867594525
-0.09671700551115112,6.234496221988871,0.7917671874088967,0.08821922755909709,0.12092028138507047,-0.7701616958404464,0.6200375921658294,-0.9136311905196924,0.04649740547237335,-0.20132086552553222,0.5608808087304249,0.022227786846706114,-0.03088035298096204,-0.14044191753226068,0.05325118965817002,0.23872046714802295,0.28419526870561945,-0.2927141946335266,-0.004129303333411615,0.22986155668675667,0.026114340456465893,0.15916049574827668,-0.17933105761237245,-0.42955327307451957,0.03838878837915179,-0.20763304984959943,-0.19074009847888365,0.34248644826534763,-0.3929499039178452,-0.17681494451887012,-0.001896455644412385
-0.09856184253330248,6.240604277834599,0.7914155224008601,0.08792153347502969,0.12252401656477983,-0.7706385910091547,0.6191718916130298,-0.9229139987271751,0.051903982883825944,-0.2063450493747263,0.5550360384256018,0.03407759071739154,-0.0355911353876781,-0.148142759368915,0.06066934438635076,0.24298245376805216,0.2815352324980344,-0.29659436043776777,-0.004152936021538368,0.23310774028448378,0.029637337598263605,0.15981136747459443,-0.18008639239514815,-0.4291877625917981,0.03860815480658444,-0.21695038078545945,-0.1885092089479878,0.3474013718825832,-0.39224269147878676,-0.17625616076504616,-0.001880643583398236
-0.10051968248249006,6.246879480403856,0.7911532884000595,0.08767119026206585,0.12416041733994163,-0.7708996798533804,0.618556090234313,-0.9315314194744768,0.05699433944749727,-0.2118301034478216,0.5472618368402484,0.04725492857473445,-0.040615790555043774,-0.15722614930210982,0.06863001142010366,0.24662562351103393,0.2811882185198138,-0.3001506128702517,-0.004972189869871359,0.23597123357967348,0.032964168150748714,0.16033072244127364,-0.1802719968830395,-0.4289718170884644,0.03874885892138367,-0.22632928747262898,-0.1858626182253924,0.35139846666173735,-0.3915229383294673,-0.17577517906965343,-0.0018205551915839546
-0.10249941258631247,6.253099884410804,0.7909997723952248,0.08742835845406204,0.12587520555487566,-0.7709423738544455,0.6181905620116,-0.939393678879954,0.06186914433552766,-0.21782291393865105,0.5375807228625785,0.061822126040479056,-0.04606012080154509,-0.16701517048900022,0.07702215399727591,0.24911194876462034,0.28207369305150626,-0.3029854898917042,-0.007074971904963869,0.23846838037999057,0.03637452910176345,0.16060193773588646,-0.17993631458546636,-0.4288309318584802,0.038826694246861845,-0.23536034620609234,-0.18285652002616712,0.3542389717062223,-0.3907309854323628,-0.17548680221831595,-0.0016968576299792653
-0.10449366142572111,6.259380468175983,0.7909131231349922,0.08718914467158542,0.12766393332722265,-0.7707491543720978,0.6180984664384436,-0.9465674625826616,0.06651485059135524,-0.22441166782154642,0.5260261289246069,0.07761725807554504,-0.05199259990112341,-0.17735259464689768,0.08578748542622039,0.25046563248144244,0.2838101063152268,-0.30508792884892527,-0.010432661728679161,0.24053110738162434,0.03975568718013307,0.16071753401416353,-0.17914193772775638,-0.42896676263703765,0.038849279215256556,-0.2441074392984817,-0.17954756880861084,0.35579819431925647,-0.3901239862384334,-0.17545601315620316,-0.0015351995580482794
-0.10647157218030946,6.265586845606888,0.7909211507382323,0.08694372792339669,0.12942388995840645,-0.7703193287764525,0.6183028194956028,-0.9527581441235525,0.07071958352942911,-0.23143099794132044,0.5127585655434165,0.09461875376791988,-0.05845382514393833,-0.18766096276346297,0.09452853095079554,0.25083076213504657,0.2857695530648869,-0.30643361541150294,-0.014550748029281097,0.24214730194668177,0.0432806455013299,0.1605446139756902,-0.17784690097531747,-0.42918181709927583,0.03883259936879223,-0.25227639336132085,-0.17609451500258125,0.35629488991324365,-0.3896550661171153,-0.17566969306024044,-0.0013653940915141177
-0.1084145453317411,6.271779974441491,0.7909822862452602,0.086679780730037,0.13105010215730212,-0.7696550903866249,0.6188243112379388,-0.9578138730167746,0.07426922325202814,-0.23868230515149258,0.49799258528534635,0.11263375489474327,-0.0653489418894262,-0.1973867509186859,0.10282597080370848,0.25037922834578813,0.28720775333063553,-0.30729714986545115,-0.018705350612305483,0.24331639097786903,0.04697125818373284,0.15998936594012264,-0.1759108085575809,-0.4295624463021177,0.03884095029043785,-0.25973811531186924,-0.17273167859336278,0.3559577992914326,-0.3895066662275382,-0.17608391050502867,-0.0012247781098023445
-0.11023281642127875,6.277900441913147,0.7911013045298213,0.0864382137141806,0.1325196705002559,-0.7687476493848541,0.6196725132726693,-0.961941449593196,0.07696562731236832,-0.2461492516705301,0.48172357557551004,0.1324817827443775,-0.07222239317822811,-0.20644274557672326,0.11046612430806103,0.249046650161443,0.2878849591633879,-0.30761816255220414,-0.022730492244413453,0.2440472701939728,0.050913910657572184,0.15880805386292668,-0.17314043685326905,-0.43010985273170854,0.03895091000479508,-0.26631358914039754,-0.16968535234650184,0.3548291374625251,-0.3896935967314254,-0.17667756737952003,-0.0011303583090977046
-0.11194153639398342,6.283840857957123,0.7912928495492946,0.08622966052524664,0.13387167016963017,-0.7675858637115311,0.620850032940256,-0.965074807881119,0.07894824740403955,-0.25393601585995124,0.4638768896947881,0.15420058344648838,-0.07917306736799751,-0.21493439831007263,0.11753949533170366,0.24669862398978012,0.28792810331643526,-0.30719556077130133,-0.026780976778222963,0.24430263453079987,0.055166031779591174,0.15707132206414912,-0.1695187494797114,-0.4307481603357427,0.03918200047217201,-0.27190090084315277,-0.16686841594501298,0.35291563963735684,-0.3902027237330402,-0.1774487904090621,-0.0010780996220994365
-0.11372709105387874,6.289709705878078,0.7915387498829927,0.08624251778991081,0.1349240582904403,-0.7651912585293769,0.6235704166250375,-0.9610387805164389,0.07889996392091404,-0.2639965582655709,0.4329455758124753,0.18937139788345977,-0.0926262689427856,-0.2236810204822923,0.12362583937454705,0.24042198534674783,0.28918799059168726,-0.3067002786921859,-0.03296968235896268,0.24010403717167242,0.060154702302442395,0.15451942833178983,-0.162839542209873,-0.4318561305275077,0.03974734470610176,-0.2793301038573178,-0.16283697307027042,0.35064404397203897,-0.3877527981849584,-0.17952104184458104,-0.0005623226897079985
-0.11543898777939729,6.29537220622931,0.7916008206308255,0.08575752342702973,0.13593442438714112,-0.7640053589235998,0.6248706193911026,-0.963313258950014,0.08103648786352191,-0.27095387722276404,0.4185195788232312,0.20138727983713808,-0.10017311338610885,-0.22973205199660474,0.12974813624449377,0.2376217061925458,0.2869717737521324,-0.30580466224904107,-0.035139153206236444,0.24099598423675858,0.06483738912278189,0.1530229207174307,-0.15983564309161083,-0.4325445437483777,0.039993796796365576,-0.28215956675540943,-0.16079840174390247,0.3483415132730491,-0.3901989378173408,-0.18034438792489346,-0.0005992653675775507
-0.1172771192196214,6.300853677390601,0.7916433142548889,0.08531418902335072,0.1366682407407336,-0.7615673231534236,0.62774078522034,-0.9557556479133329,0.08199499102070754,-0.28192286762497076,0.387235613888638,0.22577165759595672,-0.12422789863616869,-0.23540445680354516,0.13514572131945268,0.23091973113981773,0.2854645802128375,-0.3045862712947371,-0.039538302439227575,0.23751734646098935,0.07043059334797531,0.1511133191119931,-0.15427226529661295,-0.43353497979855127,0.040598167004969744,-0.28583715481916455,-0.15738467430414077,0.3449736941415073,-0.3906284248366361,-0.18219506087498008,-0.0004958291215383864
-0.11910205892717245,6.3061599582031445,0.7916324138490956,0.08456206763345973,0.13728043549161065,-0.7594539427503906,0.6302642680571965,-0.9488502047932259,0.08398053973453615,-0.29197149285099416,0.3599194474454488,0.24202049895976635,-0.14915270189530017,-0.23938890449886377,0.14042125479695652,0.22519752852296335,0.28233324180308106,-0.3033071893512737,-0.042441245801274056,0.23562977879434444,0.07600839503117728,0.14963011240796226,-0.14990310352737005,-0.43401729796751787,0.041160630479436834,-0.2878258129692795,-0.15454906669446872,0.34179097801699404,-0.3921345318470342,-0.1835201713271142,-0.0004540623184154393
-0.12072261202518603,6.311379148934555,0.7915996414413562,0.08364079782915583,0.13783259972172798,-0.757639431260813,0.6324467436798478,-0.9431175925095356,0.08649694917701357,-0.30037643436684996,0.3377628893832453,0.2510661538240335,-0.16978843824896955,-0.24286563404617156,0.14561534863098738,0.2204373991080827,0.2788764978003138,-0.30166374254345885,-0.044965186480256665,0.23501626546767937,0.0815726764131104,0.14820613056025453,-0.14665804345349423,-0.43420689592434025,0.0415643530284067,-0.28873757873540234,-0.15227166566343314,0.33838230074678133,-0.3941992418468498,-0.18428696191433566,-0.0005267437286564241
-0.1222627436474252,6.316505049298871,0.7914335988783816,0.08302746933777932,0.1379767357744266,-0.7552035258165142,0.6354026237864483,-0.9430766744233012,0.08350999191288414,-0.31343203709008005,0.33101305907071316,0.2544263957293527,-0.18796012077760518,-0.24642918718941417,0.14931191479950645,0.21373098077311384,0.2759361616915384,-0.300179827085759,-0.04758358416356351,0.23220252403547573,0.08682167740295868,0.1465890945388549,-0.14418682811255634,-0.43326840139312284,0.041755015836368856,-0.289362209929708,-0.15036954957739498,0.3352308682090126,-0.3963194337318499,-0.18498127248712026,-0.0004847982592622713
-0.12363185698090645,6.321542811348694,0.7914014989186255,0.08237948413877513,0.1381491462915654,-0.7529080827820214,0.6381675742729656,-0.9412584486344753,0.08192582494860007,-0.32037652536458594,0.32718007312832625,0.2452618248873851,-0.19321011843365793,-0.25007822747811836,0.15277213541178505,0.20714671104302101,0.2730572711174246,-0.29800801987126796,-0.05008802692894053,0.23019157792848857,0.09168684821477535,0.14514727628326168,-0.14338418154319277,-0.4320646889041086,0.041529795574951706,-0.28951082176692555,-0.14874962522002289,0.3319132891280642,-0.3980170632934781,-0.1856706487320946,-0.0005035887818377136
-0.12488438724451198,6.32645169372573,0.791592537487123,0.08177111747343895,0.13817141729841995,-0.7505642095147682,0.6409957185382453,-0.9398539495829528,0.07994581117200956,-0.324092571965969,0.3299256090041183,0.2261129853108638,-0.18853407665022753,-0.2533117468490023,0.15558931202305035,0.20033401893196642,0.269672234592702,-0.29491636667681803,-0.05246761138675737,0.22830996374031226,0.09608140908801521,0.14376036166657713,-0.1440519920496786,-0.4301466940080336,0.0408512438326729,-0.28894914841380087,-0.14745746362547932,0.32854286284340495,-0.39957885187243936,-0.1863761780393796,-0.0005675506003676398
-0.12607500345231723,6.331326779813377,0.7919555519655426,0.081246552030666,0.13810398784496586,-0.7482051393480086,0.6438286695835097,-0.9392598129842067,0.07772004590659401,-0.3246556253142772,0.3387329193868737,0.20055842840562124,-0.178713062244166,-0.25652905816634025,0.15788256575497914,0.19349804778739954,0.26610804440239383,-0.2910496065010785,-0.054270406452853075,0.22654457259893496,0.100124106531426,0.14238484877625435,-0.14551406119901622,-0.42791100027149515,0.039783899068670664,-0.28790148586867187,-0.14651258770152437,0.32526350518399005,-0.4012673398830432,-0.18708654753855183,-0.0006774444666328683
-0.12706355648978626,6.336111910977564,0.7924968746400273,0.08088666352963876,0.1379650980172294,-0.7459008288026262,0.6465716766018241,-0.9386911363528724,0.075814878005434,-0.3210049121835534,0.3513371985481863,0.17294421735166834,-0.16906639919322258,-0.2600891938137408,0.1595725954640175,0.1868961617206181,0.2626875034422693,-0.28640126894388374,-0.055318730581531694,0.22493775538038874,0.10398237104608031,0.140606763546295,-0.14723311606543593,-0.42530387824184135,0.038376035614491016,-0.28655131404315926,-0.14609965803206645,0.32216224055198883,-0.4028287680064589,-0.18771899820702367,-0.0008213162078904305
-0.12794067209538018,6.340940659364366,0.7931670453600752,0.08069211492161309,0.13777893364605168,-0.7436221444814354,0.6492548453956,-0.9377237206108912,0.07486416255527832,-0.31161068236804795,0.3665382174051922,0.14529928806144546,-0.16130855466028793,-0.2643708861098362,0.16075714832835816,0.1806093979613876,0.25990071629954686,-0.2811043351545783,-0.055177356026303255,0.22334565531943587,0.10756773081474115,0.138643190398322,-0.14902556284045068,-0.4225385341960638,0.03658873665021709,-0.2852097378482883,-0.14604105393897188,0.31937954773816385,-0.40424333550821384,-0.18821341821850265,-0.0009798886296435252
-0.12881446105940958,6.3457657640281,0.7939974862497461,0.08063895008750026,0.13749890511799207,-0.7413466174829763,0.6519176355696229,-0.9362263727092093,0.07479962925324024,-0.29703017290789796,0.38471090244627093,0.11739521530057125,-0.15377645814175148,-0.2690768924082492,0.16144609630424023,0.17452949974943122,0.25753183900045795,-0.2751311972274065,-0.053965752165022175,0.22171731610712617,0.11084559366975054,0.13664118095092,-0.15096576194483272,-0.4193524303198958,0.034360385522210796,-0.2837832954041545,-0.14615560766597332,0.3170298821696947,-0.40536793315444447,-0.18855329568010923,-0.0011260629046822613
-0.12945047775309032,6.350621793708868,0.7949458398809577,0.08071887502436662,0.13710812235176492,-0.739146959823656,0.6544826947929333,-0.9342044935826599,0.07512585164477494,-0.2795922545754657,0.40570121150599875,0.08977372938848742,-0.14603616763341112,-0.27416099325585075,0.16150327961159933,0.16871048957671095,0.25554153906658716,-0.26883689369346264,-0.052306163143475956,0.22023134745828155,0.11399610614637004,0.13410319617555647,-0.15285828113038408,-0.41603618647129104,0.031822412858053116,-0.2822669369537259,-0.14681538795058371,0.31486018981827824,-0.4061159123311407,-0.1887488283509062,-0.001263686314335918
-0.12994318549829606,6.355363094159591,0.7959800189189874,0.0808966237398712,0.136600111439209,-0.7370993458087852,0.656871905496456,-0.9316068942745168,0.07549667382291621,-0.262080189483946,0.42909925046591957,0.0632109519987584,-0.13716318965171106,-0.2793814804780839,0.1610429960576445,0.16330853354296332,0.2538338004348543,-0.2623899660974159,-0.05048066543450561,0.2190510710827086,0.11729628197484157,0.1310675088704749,-0.15403999591453085,-0.4125357785274011,0.02915641777689864,-0.2804325178780997,-0.14780634964767952,0.31299082541916146,-0.4065297913053851,-0.1888122670128984,-0.0014154846992852368
-0.130355993983993,6.360112523639268,0.7970457383002231,0.08120315187038185,0.13596215567254022,-0.7352672071080829,0.6590162930479564,-0.9287198895379833,0.07570567072494641,-0.24517083031172862,0.4549978619140838,0.03768568410447212,-0.12584914722262563,-0.28498501241461943,0.16007479419638102,0.15857799291953253,0.2526916028418444,-0.25604388985218535,-0.048359733938176476,0.21834416423642164,0.12061596004932104,0.12752760499984256,-0.15435165762582892,-0.40904420110805173,0.02645776253882035,-0.27849908967529136,-0.14915023663037136,0.31146475086637265,-0.40667687749714404,-0.18875623797004024,-0.0015893948308395478
-0.1305651472147432,6.364851132312419,0.7981713432543618,0.08163609242390737,0.13520041520075687,-0.7336162494601344,0.6609565754808275,-0.9254164652026733,0.0758759069548595,-0.22811926174570504,0.48329187740422924,0.012772762690975456,-0.11262927017105528,-0.2910105299321054,0.15850582435041757,0.15443468258443616,0.2521616746883474,-0.24969010189953192,-0.045907312007973836,0.2179938016047757,0.12393588358462472,0.12333093437259131,-0.15411622295107588,-0.40547151712998947,0.02372617838023702,-0.27648696642977577,-0.1509741108868421,0.31020674135553394,-0.4062682443514709,-0.1885624084896601,-0.0017711668786467199
-0.13067596357920172,6.369511618160843,0.7993102066090245,0.08212614998626755,0.13434115553488182,-0.7320731214219394,0.66277952164315,-0.9213522165598235,0.07620249122469079,-0.21150914514764543,0.5130475308620485,-0.011395204436464853,-0.09922676958581052,-0.29712593565417167,0.15656408835820176,0.15063674618673867,0.2519899945196643,-0.24343084434390178,-0.043279503245695725,0.21777558259306323,0.12747379968876685,0.11875488999379288,-0.15304997227583064,-0.4020014289349634,0.02109551915862305,-0.2742660584323947,-0.15299357350494197,0.3092490677880655,-0.4053881186178712,-0.18825964508503115,-0.0019683549931273606
-0.1307976368455808,6.373968303581972,0.800409321263135,0.0825917543093727,0.13342692732446446,-0.7305495565211679,0.6645849852739495,-0.9160401718528371,0.07675687564502404,-0.19615057357479726,0.5428784493234428,-0.034484029308842826,-0.08757124671212328,-0.3029616347065714,0.154513642938589,0.14687323304424782,0.25189302886219334,-0.2373207051011685,-0.040690032620360236,0.2174025784159977,0.13152963885734076,0.11407092569268179,-0.15079393543659492,-0.39884412091731586,0.018767196226686378,-0.2717170268980023,-0.15492358025959976,0.3086402992331487,-0.40407671329341893,-0.18789896464976108,-0.0021898220190773757
-0.13085133383676348,6.378428560004658,0.8014897169162734,0.08296455482766227,0.13250406462947226,-0.7291857790272431,0.6662189243509581,-0.9098493873885498,0.07780979939515957,-0.18159419980802835,0.5732011057301525,-0.058226820024362726,-0.07708492276560362,-0.30847767684690774,0.15246892185385216,0.14327024229525626,0.2515585015791265,-0.2309750268779673,-0.037806005598595864,0.21731530766796148,0.13578580048645422,0.10889500937484276,-0.1465562392950376,-0.39601989138145083,0.0160698783813473,-0.2694061597373143,-0.15686449495186217,0.30842859865647043,-0.40184240666083193,-0.18748745033428482,-0.0024299103421633822
-0.1309394268752538,6.382851713688712,0.8024874513945115,0.08338010566370525,0.13151085745354643,-0.7276752401825058,0.6680130217119076,-0.9020141737938969,0.07845536916849204,-0.16861248656301708,0.6023406630430578,-0.07996341835799393,-0.06958144747422439,-0.3139667411903984,0.15019306795075477,0.13947649334928325,0.25153902985560306,-0.22543593089921157,-0.03519031907443523,0.2166038528210881,0.1406605398095836,0.10370621189712738,-0.14115171149223474,-0.3941940118989558,0.014563158498821874,-0.2668202393109164,-0.1588245579464942,0.3084580571344299,-0.3995945409142152,-0.1872414883179106,-0.0026732678772263124
-0.13095397812396867,6.387174771362737,0.803446763428599,0.08378482449208187,0.13048615415469214,-0.7261707860965048,0.6697980711966346,-0.8927187450510023,0.07892078772948294,-0.15676933742600502,0.6305936860878094,-0.1002922119540317,-0.06370222468001846,-0.31943186202822554,0.14777004749369202,0.13567930197949032,0.25183285838636515,-0.22019809883891972,-0.03274809653727223,0.21555239839424173,0.14593311216102467,0.09845072403589666,-0.13506698887819626,-0.3927423426418146,0.013960506319674958,-0.2642169853482295,-0.1607382369395321,0.30872856880909677,-0.39679467875843,-0.1870363962468178,-0.002921674499826647
-0.13103020798694087,6.391457375648359,0.804345747093424,0.08418272043532574,0.12943852020957272,-0.7246703343757994,0.6715741549089939,-0.8821632535966745,0.07929487060082534,-0.1462385619784636,0.6576672565944351,-0.11955546124468916,-0.05913032730337788,-0.32499314292416626,0.14537766193428647,0.13195475924611014,0.25257670945423394,-0.2153292946623244,-0.030555240113197928,0.21402413261706968,0.1513818038474617,0.0935752030236533,-0.12876778940870423,-0.39153858545441816,0.013913060403695714,-0.2618231134184513,-0.16230137741336498,0.30924729543959306,-0.3936128472824232,-0.18671425086973983,-0.003154753161714495
-0.13106199887515652,6.395709764226232,0.8051423793679416,0.0845502841710513,0.1283847737048899,-0.7231645452777647,0.6733510524091731,-0.8704130075022646,0.07949376004974247,-0.13711182100406064,0.6835702167662963,-0.1385101216178367,-0.05616291411231667,-0.33077212477173745,0.14298855677512784,0.1282262956839923,0.2540068332687358,-0.2109920423376252,-0.028638672765850484,0.21201106687785184,0.1570786339854626,0.08894162400878082,-0.1222337759901009,-0.390744250439878,0.014314085089985482,-0.2596497428194681,-0.16367521274935304,0.30991844039755273,-0.39003000212697364,-0.18613093422384258,-0.0033770545455537064
-0.1311298690943775,6.399911372514859,0.8058853958750549,0.08489549404109463,0.12731405021871037,-0.7216566801769366,0.6751263020090591,-0.8574300124399687,0.07958942322898555,-0.1292719909913,0.7083004456683402,-0.15728391577012335,-0.054650234276920846,-0.3366432018645489,0.14062117858657233,0.12451098114934943,0.25591849674879275,-0.2070349162432612,-0.02687106824808431,0.209617977363664,0.16289950689292648,0.08459398591343854,-0.11516701591702287,-0.3901617183370731,0.015132073811791023,-0.2576410055509243,-0.16473831862720134,0.31078220780081145,-0.3860204772041809,-0.18523217794239483,-0.0036072787348618777
-0.13121442056360072,6.40400458977528,0.8065730883751597,0.08520334307269233,0.1262496201728346,-0.7201730880544812,0.6768693721668332,-0.8434287832966085,0.07960629235196447,-0.1226387828661962,0.7320087364112244,-0.17538683245207326,-0.054083020091930355,-0.34246996409402725,0.1383037837409955,0.12092668230298582,0.25807628214383277,-0.20330065598810307,-0.025412706734811035,0.20683655158340414,0.16883987772143702,0.08065473774348525,-0.10812045074199833,-0.38961279000737425,0.016114777638548,-0.25572995692847905,-0.16547893354616022,0.3117854050545677,-0.38167644291441405,-0.18403240484831054,-0.0038208463148511305
-0.13129639503986149,6.408060752280399,0.8071903416434469,0.08549363515489154,0.1251887344716317,-0.7187397631013414,0.6785512302298328,-0.8286690573628233,0.07952536695142472,-0.11714744383462163,0.7546360939943647,-0.1920991837432439,-0.05402257437815804,-0.34828419487221307,0.13605719344367473,0.11760260856557594,0.2604001882441185,-0.1998271675693064,-0.02455974241585968,0.2037149684425437,0.17466351943185335,0.07722429228230114,-0.10178167929388145,-0.3889505708617793,0.01692134816182854,-0.25395305566155685,-0.1659301517683678,0.31268358681632236,-0.37724418168641405,-0.1825949888130692,-0.003997022861288131
-0.13136796421459776,6.412099919249505,0.8077106005662243,0.085751059972164,0.12414950453170773,-0.7173880310700688,0.6801382720561977,-0.8132490526703061,0.07936311986727893,-0.11294445933381883,0.7762397992125013,-0.20716683597062419,-0.054497736393406285,-0.3540988493498185,0.1339724974114459,0.11464015102405756,0.26289837102740415,-0.19665728072979538,-0.024673456281154516,0.2003160875980493,0.18037166762728357,0.07434525463829243,-0.09632300610241695,-0.38817479087781115,0.017225447298861444,-0.25231392404850733,-0.16610001573261682,0.31346897141851526,-0.37280528258398804,-0.18088162240612157,-0.0041478308476386614
-0.13145582069056524,6.416049006641328,0.8082101561807725,0.08596651567549406,0.1231328111550474,-0.7160950486285046,0.681656768710917,-0.7969256297049558,0.07913354799331458,-0.10998570638010971,0.7965519454615464,-0.22056793966386937,-0.05559895610062878,-0.3598148887690089,0.13203713812236503,0.11193260447840639,0.26545826031874786,-0.19356624414037046,-0.025549358883053496,0.19665099649744583,0.1859250775295821,0.07196111726507261,-0.09146489466662103,-0.38705197938537034,0.0169331641467637,-0.2507314622169054,-0.16591843158988218,0.31421421211033473,-0.3681681708126311,-0.1788537616931498,-0.004301066279415635
-0.13156310590231915,6.419936280131905,0.8086486962186475,0.08615641696619386,0.12211751789781897,-0.7148228935608213,0.6831490426542045,-0.7798392821580724,0.07885478449527139,-0.10796235072466409,0.8156166587178829,-0.23251277884183277,-0.05699905316527409,-0.3654674464399156,0.13016204028062872,0.1093524685819635,0.2681393349837438,-0.19067116266927953,-0.026626649529735914,0.1926918572504035,0.19131330665391105,0.07002285275303409,-0.08715276123504755,-0.3857075689389951,0.016187496890830048,-0.2490989393712533,-0.16548908869462722,0.3147605897363326,-0.36364190579685557,-0.1766646188429747,-0.004429216217410167
-0.13164728646623675,6.42374346070771,0.8090313814304553,0.08631677340528296,0.12111135351386272,-0.7135305233944974,0.6846573207549278,-0.7620236064584451,0.07861556741624723,-0.1064757453572095,0.8332540828903716,-0.24314812913817238,-0.058291170466775254,-0.3710603214167877,0.12826007146805152,0.10674755906526372,0.27093055193047966,-0.1879407927608902,-0.02731486822282134,0.18848583738426022,0.19640513620825198,0.06847433919561337,-0.08352059406143979,-0.38398795656412715,0.01527786931775176,-0.24722865186424922,-0.16491536273869253,0.31484021532640794,-0.3593835506204862,-0.17456058783576717,-0.004524761519376998
-0.1317311558005281,6.427489833860345,0.8093496074109815,0.08641881724813733,0.12012828750057926,-0.7122276698824797,0.686172521179175,-0.7434917024048668,0.07851880338507833,-0.10557020471753983,0.8494321263860543,-0.25274139795095013,-0.05953505802234695,-0.37648753386994577,0.12641246019013605,0.10413873977508521,0.27370355003738095,-0.18540393382719758,-0.027445122088078897,0.18416231431981717,0.20114983697422228,0.06754676877269816,-0.08097687937710199,-0.3818797747877499,0.014454638356942188,-0.2449682130021401,-0.16420141556368428,0.3142657726796353,-0.35566650175582826,-0.17278130746742054,-0.004583580552215194
-0.1317830116407744,6.4312063046522505,0.8096016674430825,0.08653422634919276,0.11908354017495018,-0.710935171429307,0.6876787914094269,-0.724081957003069,0.07834172002905906,-0.10515895334984907,0.864014905413447,-0.2613068214281264,-0.06093029372457349,-0.38191059014220907,0.12442857675639563,0.10162934127564642,0.2767225129624658,-0.18321040546018721,-0.0273854385689765,0.17931327069026418,0.20557963639488427,0.06682027089593676,-0.07900086351831666,-0.3790783418971423,0.013757711169744894,-0.2428834069986042,-0.16327556869594576,0.31353231037463813,-0.3520769268962187,-0.17134895293441002,-0.0046694092628498
-0.13189078907477914,6.434943162872482,0.8098186418296123,0.08664100010488184,0.11806871760236005,-0.7096178841962303,0.6891992262426199,-0.7041661198945318,0.07832666700512352,-0.10514827912420123,0.8771074237534583,-0.2687627157904877,-0.061957629281550776,-0.3874460711816839,0.12249027387536861,0.09913023051623006,0.2799195382287443,-0.18116928563411058,-0.02701434747310494,0.17433002328301614,0.2095382446541865,0.06648132395675084,-0.07741195451520778,-0.37598661962115487,0.013244015970951392,-0.2406947640865286,-0.16220968498982194,0.3124885998331038,-0.34886759252320493,-0.1702864454630723,-0.004731749311104537
-0.1319180218892005,6.438731183287353,0.8100325072001109,0.08676588121957572,0.11711188659637015,-0.7082531318165778,0.6907488611254018,-0.6840049278068586,0.07843699651056227,-0.10512144412164409,0.8887863092441002,-0.2750041665241653,-0.06236366308139,-0.39328251918548623,0.12045109784024462,0.09656459712294675,0.2833713925795747,-0.17916780425386064,-0.026431017768802443,0.16925600716256836,0.2130332936864389,0.06614405508130071,-0.07580041731568232,-0.37281944202225925,0.012944903381190422,-0.23837756669409405,-0.16132749421815357,0.3110894971396935,-0.346026498533533,-0.16953151828313598,-0.004794512359730565
-0.13193763013293636,6.442532349880379,0.8102004974274755,0.08692049599194603,0.11619346635316675,-0.7068702498191252,0.6922993252011719,-0.6636492952262274,0.07874337779606214,-0.10501125438063431,0.8992515510195833,-0.2800375110464037,-0.06197075952465349,-0.39951738165742945,0.11835007377102325,0.09402184375212992,0.287338659758665,-0.17731784146253804,-0.025595275034052435,0.16403816686643422,0.21615454260878733,0.06588526916107709,-0.0739107837131519,-0.36952859095470597,0.012887550341328149,-0.23600202278115928,-0.16045112506733772,0.3094328521824303,-0.34356877214586196,-0.1690791055644381,-0.004841806818618248
-0.1319360645424529,6.4463478037088775,0.8103413319451774,0.08711052786650948,0.1152963753091173,-0.705471658231937,0.6938503017271657,-0.6430227664220781,0.07916911865869508,-0.10492721198133423,0.9084107530981198,-0.2838237487782399,-0.061053285568705165,-0.40608696049743026,0.11616585569140334,0.09152577876166784,0.2917364533912346,-0.17562092840114765,-0.02454968121647648,0.1585992348223958,0.21882758171683492,0.06566759370680704,-0.07185385561611349,-0.3659522992151695,0.013030788548381633,-0.23367925223548852,-0.15952338649012535,0.30751589952964276,-0.34133780816897896,-0.16892314288183458,-0.004876027632989917
-0.13188698835492912,6.450117715768654,0.8104915279818296,0.0873241329558337,0.11441405045533769,-0.7040003640812212,0.6954620106342432,-0.6220317039633041,0.07975775719377119,-0.10472694333474669,0.9160491312279617,-0.2865150790267282,-0.0596964277716696,-0.41274301230683746,0.11380791856509294,0.08893090872775233,0.29622455803316167,-0.17389671348694838,-0.02326071699042993,0.1529366936958304,0.2211181514548976,0.06547014379493629,-0.06968151829329171,-0.362228047433901,0.013298947874924754,-0.23122769420813893,-0.15868850264300383,0.3055173214929543,-0.3393279637913631,-0.1689700392642837,-0.0049066192940849605
-0.13179876362215104,6.4538936963711935,0.8106531097228494,0.08755772823361588,0.11352656671693653,-0.7024077659644999,0.6971862686461878,-0.60077721111008,0.08058579382865044,-0.10421207154155766,0.9220858037559987,-0.2885595158705103,-0.05799421829441424,-0.4193414197498831,0.11120400883652075,0.08614009822100036,0.3005405344998289,-0.1720890441006388,-0.021664217361210263,0.1470922590093222,0.22303228657537255,0.06529977666173711,-0.06742713450172015,-0.35873288553076715,0.013609291748917505,-0.22867066206325054,-0.1580883783181626,0.30363203250731613,-0.33757909890317134,-0.16910512117266818,-0.004931119160296753
-0.13162230886348797,6.4576963747453755,0.810810588536351,0.08781843556323553,0.11269626055357952,-0.700707647709878,0.6989966149226728,-0.579343857552298,0.08184835544008875,-0.10306707069921453,0.9264896275688284,-0.2907226383169866,-0.055864340568865675,-0.42584482070071233,0.10841596641269742,0.08322100257281168,0.30440302382153456,-0.17014891807261553,-0.019605769985661846,0.14098110918338458,0.22451616504404598,0.06492079113036256,-0.06445697669841101,-0.3554035878502583,0.013722683422788814,-0.22598088032623415,-0.15773538517720762,0.3017403996184478,-0.33635488846685946,-0.16914620397386504,-0.004958289438319665
-0.13141314806046592,6.461562278443019,0.8110106739022852,0.08810723359945337,0.11187320090191125,-0.6989182674738745,0.7008814148618366,-0.5576099056025843,0.08348803493116712,-0.10133182541605623,0.9291669247321225,-0.2929865777880469,-0.05325427354010943,-0.43231475872874814,0.10542010882568821,0.08022786122160995,0.3080009008405284,-0.16806789293929872,-0.017106173290582685,0.13462612763043239,0.22555692650118267,0.06451599991574196,-0.06110902396060893,-0.35227931092890924,0.01358655240105609,-0.2233099354562644,-0.15752653276505574,0.30005257721357464,-0.33548080083617005,-0.1690893357470337,-0.004989609989808046
-0.13117948431341497,6.465456163824807,0.8112307555987393,0.08842421025977769,0.11103233503839587,-0.6970042132088505,0.7028784435341349,-0.5357917423539785,0.0852456854490649,-0.09952669100418879,0.9304313603767937,-0.2947137137882527,-0.05049010509615188,-0.4388168506086445,0.10216175093641532,0.0769863032136146,0.31160281695452563,-0.1659267930446716,-0.014579274985826155,0.12798470529998285,0.22625442793162703,0.0641440902061361,-0.05768025727185093,-0.34942319049115667,0.013299185245082421,-0.22055012609985056,-0.15743985053725873,0.2983671561408221,-0.3349141607915803,-0.1689833545284466,-0.0049977870175296575
-0.1309497165400256,6.4692850388745935,0.8115298641198847,0.08880126888906482,0.11021352738911584,-0.6949160277808031,0.7050241324646211,-0.5141981885861718,0.08685531676756855,-0.09826680350094448,0.9303688032826724,-0.2948018298673457,-0.04780896421303453,-0.44550340684614215,0.09861152106615707,0.07334738147165275,0.31541694968298395,-0.16362117576447205,-0.01237762914835382,0.12068671945579815,0.2265835790961843,0.06375285937744686,-0.05386654280304164,-0.3465112536611029,0.012963897653362939,-0.2176403053755445,-0.15740889634529673,0.2967019618642743,-0.33468389605567134,-0.16886141065785557,-0.005033960410288952
-0.13050063296292577,6.473137533814174,0.8117486572548757,0.08920488082917846,0.10931536718651097,-0.6926697049113666,0.7073198142503373,-0.49300214927010977,0.08799616024536341,-0.09769357632934872,0.9295195022157078,-0.2929960719763881,-0.04582027558175925,-0.45271640918750566,0.09455472061643433,0.06924142267667462,0.3203435680697974,-0.16172936400392735,-0.010985563847467173,0.11329836614117236,0.22666136089943792,0.06321678940181283,-0.05085327656144817,-0.34427282454310193,0.01288750223031913,-0.2144602968681747,-0.15786011809493433,0.29426708252385475,-0.33465117176595527,-0.16879669206787723,-0.00497923578864913
-0.1300703817369812,6.477087118614751,0.8119644866930131,0.08964235781082178,0.1084385154673087,-0.6902749124376802,0.7097364872320691,-0.4722575162336366,0.08907221911027044,-0.09770977004697744,0.9275244521998744,-0.28941590113338556,-0.04388119189163161,-0.46034721992217337,0.09025801284466226,0.06484592170867684,0.3258099298758544,-0.1600238732073019,-0.009831651770938307,0.10569331601061574,0.22615494712377868,0.06281794165187919,-0.047957996172141165,-0.34232653611168407,0.013161843807477399,-0.21127119833760977,-0.1583337572257063,0.291403314558422,-0.3348914244342846,-0.16873436174671466,-0.004943073973264517
-0.12967097179789117,6.481063316654603,0.8122334803427914,0.0900929199025009,0.10758290179219167,-0.68770752590096,0.7122973703760215,-0.4518522989269623,0.09015565123425869,-0.09831563028862662,0.9244454915125551,-0.2844140321435909,-0.041716547915965366,-0.46790995071732383,0.08574775009382052,0.06010230721100104,0.33110144385825185,-0.1581880292669515,-0.00881837546726601,0.0978725767041596,0.22512261289622484,0.06267055647442094,-0.045476874701932124,-0.34054311272695115,0.013722870573571353,-0.20783195871306254,-0.15885216515096215,0.28819625714308394,-0.3353894758803893,-0.1686645999170584,-0.004897079091022682
-0.12924613156188233,6.484861510663405,0.8125081624022258,0.09048771038980066,0.10676286891097729,-0.6849636530914059,0.7150094111506413,-0.43173233073869244,0.0913953741939803,-0.0995462949857059,0.9206854365621467,-0.2784883250314531,-0.03895686305222464,-0.4748696491544095,0.08108127928645764,0.05496350075934636,0.3356726812581001,-0.15602979751933768,-0.007900109477144002,0.08981893362154272,0.22397904583198622,0.06287917249897547,-0.043717255157337716,-0.3389707859172659,0.01445484059302135,-0.20384063194248683,-0.15943402694998052,0.2847711637238784,-0.33604692753871157,-0.16857664310362597,-0.0048323975209904465
-0.12882357881384918,6.488683400274137,0.8127888977430684,0.09081478765173723,0.10598715503594432,-0.6822128299245771,0.7177081941830247,-0.41226162163636,0.09308813807086032,-0.1009512679055688,0.9169464585629662,-0.2732061596071,-0.03583876926387572,-0.4809961838273261,0.07658695941352128,0.05012071300300054,0.3388578288605248,-0.15349218475462142,-0.007314868649264484,0.08180803364550991,0.22288753070765296,0.06336819770395478,-0.0424817064292407,-0.3384000910562281,0.015178904572245876,-0.20000243161270378,-0.15999068661573154,0.28168206906211846,-0.3365081238204915,-0.1685045959872463,-0.0048526388991815324
-0.1283611231083274,6.492606372192486,0.8130715155059487,0.09107733489782505,0.10523597244404144,-0.6791744445174918,0.7206610736580856,-0.39338161823182377,0.09487870776892962,-0.10322551016030604,0.9127184915639638,-0.2674523388804679,-0.03164652523842916,-0.4869199030837971,0.07178778463204952,0.04437668322184796,0.3418530412809273,-0.15087591057428218,-0.006853852049250068,0.0733607140778832,0.22124392072015567,0.06424163776006105,-0.041926148275866965,-0.33811790528652175,0.0159807926058992,-0.19578080542749196,-0.16065133608653082,0.278065301854006,-0.3373587067566462,-0.16841853948057214,-0.0047802359494708135
-0.12798370957493965,6.496430462264972,0.8133576049379094,0.09132504930152756,0.10451647166379438,-0.6759469753264679,0.7237622047800134,-0.37501871526446795,0.09686654566952729,-0.10626007021534853,0.9079223822347192,-0.260828066220157,-0.026818029421940427,-0.4925311766361742,0.06685532846285029,0.03820730335942576,0.344450365554424,-0.14806475987614184,-0.0063562662688853916,0.06459360148778652,0.21925703425877835,0.06557836793123367,-0.041791940862575316,-0.33778079606117606,0.016862402538693377,-0.1911689579810207,-0.16109146007017194,0.2741879429450781,-0.3384112062024144,-0.16834565558069695,-0.004693680251495245
-0.12752456361202738,6.500261405461503,0.8136666935494719,0.09159752568805049,0.10389691975908395,-0.6725641157575534,0.7269613700518506,-0.3578341929519322,0.09881208898493203,-0.1103009011326853,0.9030292550966837,-0.25320967328237326,-0.021939670402066156,-0.4981060593558845,0.06173638393517471,0.031770899899251054,0.3466243778832257,-0.14498156282437535,-0.00578967247726108,0.05574154133104019,0.21667123093546703,0.06708883381052541,-0.042338815208156994,-0.3374358016567552,0.01787362213356633,-0.1863998200103886,-0.1615371519661219,0.26961867120954647,-0.33951297793222796,-0.16838595594887804,-0.004563356628340108
-0.12715188808136207,6.504244425461551,0.8139977572310766,0.09189287507275425,0.10341143942317826,-0.6690147496629446,0.7302609385971013,-0.3422452077417846,0.10087009377386975,-0.11559145339772221,0.8983602872856747,-0.24466115127431073,-0.016922391980262543,-0.503655881579764,0.05661548682560948,0.02509723982006457,0.3481513393786276,-0.1416088311570344,-0.0049626393170742605,0.04686990176962962,0.2132573247795427,0.06911302353287534,-0.04366775044986442,-0.33719372917843005,0.01909335980028825,-0.18159355177299868,-0.16168824999374232,0.26411892326488023,-0.3408694534643455,-0.16866626186159348,-0.004387845974762344
-0.1267625430677275,6.508287724463605,0.8142953374190257,0.09218480604582892,0.10303029865613834,-0.6652933460759163,0.7336698731447483,-0.32796505410665727,0.10299545561182553,-0.12196436400256364,0.8938699528306961,-0.23527772878465616,-0.011769936572069071,-0.5091114154131896,0.051425548686430775,0.01810636290078403,0.3491903564138851,-0.13802768246533675,-0.004087167707603513,0.03794948755747166,0.20927341162599766,0.0714977730407439,-0.04588697843233394,-0.33702316146383665,0.020560307203455436,-0.17649898989087393,-0.16171914742695245,0.2576837087051384,-0.3424965716774849,-0.1692066230202159,-0.004180143733933392
-0.12628927940881748,6.5123681927711,0.814579391088512,0.09247811375783573,0.10272872157492044,-0.6614393269284472,0.7371516974353503,-0.3147627994455573,0.10507546300325056,-0.1292856223142117,0.8893129875993024,-0.22527612745050224,-0.006563617141675244,-0.5145661636616872,0.046086540131111464,0.0108423703476842,0.35002351887072697,-0.1343316519321316,-0.0032541509286148737,0.029066513699981016,0.20477956005941034,0.07405909562333651,-0.04872787880713389,-0.3368397593242593,0.022268719521481958,-0.1711799286107031,-0.16178760549148652,0.25078220766427106,-0.34425662700911164,-0.16996792004680072,-0.003987407468777627
-0.12573124722751006,6.51642857975491,0.8148635267636583,0.09276882280799711,0.10247934055827333,-0.6574958922445278,0.7406693472495891,-0.3024151757904707,0.10701490416826502,-0.13745275989785646,0.8844817043627666,-0.21498232213594562,-0.0012927050490361275,-0.5201671880648315,0.0405522545118205,0.003416502766813429,0.3510634945677753,-0.13060271802845635,-0.00241600046223461,0.020243134966883368,0.19994624524868115,0.07669511920011822,-0.05172224904995374,-0.33657869208271035,0.02416639497878686,-0.16569988081197692,-0.16193352096747454,0.24406174276726367,-0.34606145203835775,-0.17089323688231525,-0.0038329693399315897
-0.12523786142688442,6.520570019949233,0.8151367903101198,0.09306188127555465,0.1022706542927058,-0.6534429136592631,0.744239583811886,-0.2910932760409513,0.1087899918955776,-0.14672883096224346,0.8794846161984031,-0.20487122500554694,0.004189711087511825,-0.5259876132888018,0.03488680768924708,-0.004166954936348385,0.3523740265328222,-0.12695796493496606,-0.0014641802212821938,0.011353940318746383,0.19474844416219597,0.07956553352586594,-0.0545598226937797,-0.3364031593978359,0.026178590538849727,-0.16026294990561263,-0.16199671577178731,0.2378897789330108,-0.3480527433868996,-0.17205361970178118,-0.003712168253408342
-0.12471310274018511,6.524799499505258,0.8153778426046365,0.0933679714393827,0.10210426420681852,-0.6492609786930451,0.7478752052893771,-0.2808152827679109,0.11029525377101859,-0.1570984929307696,0.8743989756203212,-0.19503575759222258,0.009721037643651252,-0.532031697397665,0.02900467132023903,-0.01194082339362834,0.3539210718676035,-0.12343605636911886,-0.0005069024458953452,0.0023346800564825404,0.18924704833765532,0.08250473719289063,-0.05742257140438771,-0.33634980899953726,0.028243751014387655,-0.15484848888397204,-0.16210261254691208,0.23204502030829163,-0.3501669648885861,-0.17352114606579924,-0.0035874443171522784
-0.12410600624953792,6.52906335049357,0.8155700315642384,0.09368671528819059,0.10196943461902763,-0.6450217975215413,0.7515130833884831,-0.27140984195260986,0.1115638923583901,-0.16810523579307143,0.8691692592805828,-0.1853216113516513,0.01519655872920117,-0.5383291873566228,0.022886033614922932,-0.01971255283267004,0.3557855489594176,-0.1200062196682578,0.000546117549748815,-0.006623510934007762,0.18352797234997753,0.08542034372591606,-0.06032849238229102,-0.33634677814861735,0.03034717206825875,-0.14942312645422529,-0.16229733667496596,0.2264863043653697,-0.3522685507891969,-0.17518871333181327,-0.003452611032190871
-0.12337796598246295,6.533441135166527,0.8157634901993531,0.09404520586279744,0.10184569632757567,-0.640816585434284,0.7550742064367715,-0.2628860729965657,0.1125555450112817,-0.17924505521690842,0.8638143516030702,-0.1756196239859159,0.020433027790655686,-0.5449427948591938,0.016506095604394477,-0.027206949397700405,0.35786239977479395,-0.11653501686600184,0.001809121222349646,-0.01527965130809057,0.17746694740446578,0.08817390938360535,-0.06326419925909897,-0.3363786471936071,0.032510078902742226,-0.14421228161707644,-0.16264013542448572,0.22118277717281054,-0.35416403378597966,-0.17682219460934107,-0.003316174329996389
-0.12251080187840846,6.537855871772298,0.8159420294368884,0.09443193462148104,0.10171927394984574,-0.6366540434079161,0.7585561469285655,-0.25504294398716804,0.11331369719836694,-0.19031048633934494,0.8582660378503265,-0.16591158666915573,0.025286772324191676,-0.5517648859783902,0.009838287040341268,-0.034412943779808323,0.3601432386338603,-0.11302313465653455,0.0033678204888136216,-0.02359696569480229,0.17118156480280788,0.09074796713512967,-0.06618635564365326,-0.33637854150951996,0.034748068964226296,-0.13909914077323535,-0.16312996210834732,0.21612974418432923,-0.3557800138856825,-0.17815403863084475,-0.003167708477985452
-0.12161811007492457,6.542389967386701,0.8160837819034131,0.0948515158578025,0.10159829707359617,-0.6325126172747764,0.7619768795438836,-0.24808292136954246,0.11384888256606195,-0.20152891956682292,0.8526924822509557,-0.15631765986563176,0.029890853058330055,-0.5588798123775205,0.0029563434407187932,-0.041342523696402275,0.36265999505206875,-0.10954041336817037,0.005282537961906826,-0.03163411906488338,0.1645806001618435,0.09330826282775997,-0.06901333367170069,-0.3364647571353697,0.037062655306859454,-0.1341747155555019,-0.1636402330249598,0.21136946113967633,-0.35728446351119025,-0.17908052081010503,-0.003015579936328693
-0.1206627724918221,6.547030111477878,0.816180119566959,0.09532371690777255,0.10149092913167991,-0.6284176345300455,0.7653131757068715,-0.24198578820255537,0.11402723407566318,-0.2128709261014791,0.8470572479189805,-0.14657455559390142,0.0343000807476446,-0.5664079669214573,-0.00414713806537128,-0.04786901229540866,0.3655164228494465,-0.10607215453400937,0.007431734265299311,-0.039389091171723435,0.1577727002445991,0.09576244113489778,-0.07185463158028801,-0.3366661970151037,0.03945427219019646,-0.12944471912770175,-0.16427278805964418,0.2069798159443895,-0.3586636883115204,-0.17965187161737012,-0.0028664462355527803
-0.11957246161960823,6.55171882980145,0.816229005419548,0.09587386165805735,0.10140225062787367,-0.6244025422571413,0.768535784099343,-0.23672749991289174,0.11370467084958483,-0.22428187954418835,0.8413136204580373,-0.1362426132512446,0.03852946165645022,-0.574475183697126,-0.011497949147124795,-0.05386074604524737,0.3688354732522474,-0.10253760212491578,0.009613598979655314,-0.04684466856422083,0.15091608930745912,0.09798528914276665,-0.074823773188352,-0.3369912436996175,0.04192613127486261,-0.1248796852958481,-0.1651262330487047,0.20303196283262137,-0.3598875201948931,-0.18003491389067203,-0.002723954883994224
-0.11841731061910957,6.556562531903652,0.8162806312979995,0.09654105697349506,0.10134323600398282,-0.6204614233684286,0.7716456407874694,-0.23272734335998688,0.11269353189324324,-0.23605720526382026,0.8358030661924147,-0.12496154001903759,0.043062949557689786,-0.5832179821580808,-0.019104326614213105,-0.059233085732897935,0.37253372447241717,-0.09883528098464074,0.011925427089461097,-0.053993489294887044,0.1437739100341385,0.10005870432039445,-0.07807039025289526,-0.33745603841272465,0.04451488495005627,-0.1207111018333692,-0.16616988614542222,0.19972680637031656,-0.360925073253014,-0.18045509234365728,-0.0025980662934779112
-0.11714021085596495,6.561477686584597,0.8162562181398452,0.09730383413743912,0.10129444867944007,-0.6165824467570286,0.7746595929051657,-0.22981242270671193,0.11099771947360851,-0.2481466640009965,0.8305803000757696,-0.11276063563279613,0.04772704166900992,-0.5925838286838381,-0.027020809083622012,-0.06405212873602298,0.37676999976034575,-0.09512154184381287,0.01433091779812188,-0.060864549129985096,0.1365721431091641,0.10189950842814856,-0.08158408518761195,-0.3381208827540227,0.047253228441340125,-0.11670812115227416,-0.1674995590621139,0.19699034277491,-0.36184018753859826,-0.1810157091613485,-0.0024696386479517475
-0.11571760750319823,6.566676720652152,0.8161742576497282,0.09816987795173898,0.10118415959498672,-0.6128138685535212,0.7775497433723861,-0.2276632757426462,0.10870064379324464,-0.260125316185845,0.8251887130729116,-0.10036455805972663,0.051718467881490246,-0.6025606668743994,-0.03529316149106032,-0.06819292211907656,0.3814580263514096,-0.09154387445692272,0.01663462773997949,-0.0675405709426363,0.12920971666858536,0.10318622072831435,-0.08485233004279746,-0.3390733992263778,0.05009961817430222,-0.11323907721230787,-0.16915590865408392,0.19477022866674956,-0.3626750794385582,-0.18166734781954022,-0.002364300789863639
-0.11425907451048488,6.571797328218697,0.8160341535136215,0.09894525085258493,0.10114894530617942,-0.6091580918437334,0.7803237452099397,-0.22533778001590415,0.10682152886064657,-0.27148983695127715,0.8184570102140353,-0.088037052881887,0.05432500932555739,-0.612593066719249,-0.04333700154355703,-0.0719691954218936,0.38627282766384335,-0.0878278151718391,0.018843598549336486,-0.07376788989425154,0.12231668472227629,0.10456051779804271,-0.08771535792081427,-0.3403616183916488,0.05297304544308836,-0.109478292660519,-0.17059390758806242,0.19270192158012547,-0.36349566385562704,-0.18222792523429723,-0.002234656183462348
-0.11282062969275358,6.576959564631868,0.8158362317804662,0.0997052924489264,0.10109413403574506,-0.6056543457601214,0.7829569874412741,-0.2227771328852165,0.10524895759055083,-0.2819327949617951,0.810161246012826,-0.07622042775557798,0.055026809876185814,-0.6227749219572172,-0.051290772510433055,-0.07515298694935636,0.39122804529361666,-0.08405710493513259,0.020930196407449426,-0.07972607714856247,0.11578747451638678,0.10571089719458869,-0.08943737993955325,-0.3419379740724993,0.055717326241396505,-0.10583004619008601,-0.17188268797014133,0.19098103247852258,-0.36449720540165453,-0.18241670940757623,-0.0021417704920659677
-0.1113042021123635,6.582234609162581,0.8155661926634266,0.10046247984652174,0.10104407535993844,-0.6022884421238676,0.7854591125333937,-0.22025060138381247,0.10376250186544349,-0.2916595127963335,0.8006139124192956,-0.06496310578084122,0.05402949810270563,-0.6332449626603839,-0.05923042176753453,-0.07775124829387135,0.3963573271886648,-0.08023732130463276,0.022850239372423965,-0.0853712813429351,0.10955574628064084,0.10654029932032481,-0.09035182214978144,-0.34396830311513105,0.05822810358098766,-0.1023701924397087,-0.17324441963215015,0.1895150438660524,-0.36563222669026313,-0.1821276125413651,-0.0020517226110097634
-0.10979346415612218,6.587561350623325,0.8152070129179059,0.10121501753057102,0.10095000338329732,-0.5990798623716785,0.787824812724205,-0.21756021767563172,0.10226759737174912,-0.3007943905171818,0.7897453306211283,-0.05419893075860097,0.05199239679793977,-0.6439491819283345,-0.06714364508632027,-0.07974467388110906,0.4017326223403953,-0.07638780158131822,0.024752034634558225,-0.09079835713072534,0.10365302367280273,0.10718449434403342,-0.09073030349384231,-0.3461501135946724,0.06050008077542524,-0.0991144696489694,-0.1745578180289298,0.18850789048884123,-0.366844341625541,-0.18148960354043114,-0.0019605498489325256
-0.10823901031084589,6.592955990480572,0.8147724949363431,0.1019040752632874,0.10084616516621946,-0.5960521819226481,0.7900426614058584,-0.21479994839937583,0.10068867101855575,-0.3095143665972523,0.7778361558586083,-0.04408185122059489,0.049461638772221365,-0.654752753908609,-0.07490145677706078,-0.08123281915715574,0.4071856671358591,-0.07242684144519139,0.02666691195764743,-0.0959753258216944,0.098114614860653,0.10778155473934471,-0.09120085575298814,-0.3485015726379205,0.06265217011175701,-0.09612344322652498,-0.17586320765197327,0.18792485749851429,-0.36796362194459864,-0.18082275714687238,-0.001864107822940773
-0.10664512906589242,6.598353398878036,0.8142788296698199,0.1024706588938199,0.10073869217940264,-0.5932508788632899,0.7920889310499067,-0.21189768047771967,0.0991511013509821,-0.31774200660208096,0.7647261693145493,-0.03384868431910041,0.04656072666473138,-0.6654072286802992,-0.08235946536456232,-0.08225568899137747,0.4125388033199048,-0.06827819965610493,0.028703663986071028,-0.10072842483891283,0.09305789649979888,0.10839465340785204,-0.09174745593962559,-0.35095841316573734,0.0649140292656786,-0.09323003792412074,-0.17714214675296694,0.18784981490019842,-0.368940394004506,-0.18049764740489743,-0.0017730221272978562
-0.10496943225357307,6.603860883696349,0.8136848430046154,0.10298117988094135,0.10057588178191776,-0.5906786927023043,0.7939635070843089,-0.20903389854128446,0.09745329377500866,-0.32547260412722356,0.7506196443551362,-0.023670395025934463,0.0430447844168512,-0.6761173798218455,-0.08969456291460419,-0.08266134215227061,0.4179320752573336,-0.06407929072495026,0.030768800914388193,-0.10504285592668454,0.08833187589845717,0.10875194168353558,-0.09224978185617706,-0.35354788159606554,0.06737598329850006,-0.0905478390906887,-0.17859997234843128,0.1882246366003214,-0.3699191001310916,-0.18067978393504358,-0.0016792599650497552
-0.10326582516711809,6.609254734601666,0.8130683254094392,0.10344976341245785,0.10047013289188161,-0.5882224114005112,0.7957375783339389,-0.20606453301997246,0.09581370809028207,-0.3330184439495148,0.7353663440864942,-0.014716902505063297,0.03909527264487113,-0.6869209728221368,-0.09683273256597641,-0.082705196721629,0.4232912597348174,-0.05949024067201852,0.03281997550619677,-0.10931594055654831,0.08409302499609048,0.10927790897780516,-0.09306587593474588,-0.3560079044519858,0.06991111910646639,-0.08794619783469068,-0.17991833663032533,0.18901863290195448,-0.3707469267512857,-0.1812835374242478,-0.0016064666270811405
-0.10134099996148509,6.615234489254055,0.8116733077871373,0.10293849215608268,0.10177477754171103,-0.584782601260807,0.7981697004720305,-0.1842786374315461,0.10333553625673111,-0.3375500802228562,0.6546589925769812,0.09939814609488196,0.03451972788834008,-0.6979021198770196,-0.1019043466903753,-0.08522353882219595,0.42799673783043424,-0.056618160478160026,0.03395245876901361,-0.1146102185776782,0.0812382243461558,0.11175277232324715,-0.09453578759471903,-0.36273889920993463,0.07120861126950015,-0.08570988185591695,-0.17988387859840077,0.18788827543651387,-0.3712250294955259,-0.18151387718271308,-0.002125374193271178
-0.09965202768682303,6.620937520771151,0.8110389720835134,0.10379646716737552,0.10138949577887924,-0.5821427067097138,0.800035207084016,-0.16999423498392632,0.10413984644805914,-0.34202761131380766,0.6108863530892334,0.13608838426304848,0.029649515903006664,-0.7094145392622818,-0.11045889388050563,-0.08528888562576357,0.43357763879353095,-0.05232691736121553,0.035385070520289955,-0.12037338234364242,0.07758049129198039,0.11240573983434952,-0.0964545175833538,-0.3648168058918175,0.07240778334417598,-0.08422363044675496,-0.18068587574791836,0.1883061304290485,-0.3723439586190495,-0.18168278113063951,-0.0023433061755129907
-0.0979699870518178,6.626795843209394,0.810279674935504,0.10490871959369953,0.10072861334754889,-0.5791320951885202,0.8021557974164651,-0.16110767171111573,0.10181995518160075,-0.35108723790830476,0.5813717646059999,0.1427893055496908,0.02314392410759378,-0.7238837891785964,-0.12059234663713304,-0.08422943822131812,0.44347766851258213,-0.04681541819637761,0.037781484379211076,-0.12731621935725876,0.07245482874818493,0.11296408942936337,-0.10082430714948257,-0.3654819521546969,0.07399377471051129,-0.08308454849466616,-0.1826472213485701,0.19022888130888158,-0.37412188782404054,-0.18235329316243631,-0.0021054976597860374
-0.09614955729837014,6.632797121324733,0.8093175466272896,0.10563567700427301,0.10059448017770524,-0.5768772953253688,0.8037004668654318,-0.1599050387921373,0.09843852238870952,-0.36011142688816944,0.5680386263854933,0.12742377891323248,0.01822876761633089,-0.7370936844783563,-0.12824155191170947,-0.08231062097298905,0.4501580518738619,-0.041809013794752874,0.03931747527948123,-0.13228491717515325,0.06792075652517698,0.1137348246605784,-0.1051646168465879,-0.3673974907603406,0.07533579012079074,-0.08235174774322407,-0.18412619044793976,0.19138523238092495,-0.37529317765766274,-0.18288628599635162,-0.0018510391019630505
-0.0943491794286472,6.639083754772653,0.8081528784740947,0.10629016179796866,0.10072455035263521,-0.5747648785337245,0.8051101172295216,-0.16123771295670628,0.09501949745006873,-0.3687466836748216,0.5588414717318705,0.10867303113299426,0.01313349174193336,-0.7507303312463969,-0.13518509838227102,-0.08003542049996305,0.45622654834586285,-0.03640123008070237,0.040597492973606306,-0.136730639841461,0.06334745720824807,0.11498766766488935,-0.1100906286271078,-0.37001313423569887,0.07630274388063962,-0.08177533909677055,-0.18532856540197198,0.19173375889176456,-0.37694379489001717,-0.18338385727724926,-0.001637652148042813
-0.09268483045616673,6.64568866008868,0.8068451636934542,0.10702910426255381,0.10099128529071208,-0.5726929819574653,0.8064541397703601,-0.16397347193289144,0.09170078246421662,-0.376412200430436,0.5512561602810115,0.08914136184786822,0.0071569320788209285,-0.7652476653540125,-0.1418661970871343,-0.07730493356329486,0.4621974099926543,-0.030610184170990092,0.04176689306885023,-0.1414680093935686,0.05849884939395828,0.116416269069668,-0.1148153378873183,-0.3725157967664603,0.07672969134304854,-0.08196554622767462,-0.1861582234662064,0.19192080150632637,-0.3788532240921861,-0.18384971400765598,-0.0015319298279328987
-0.09095750201054188,6.652397916977871,0.8054844263283817,0.10778167547492795,0.10147601172748787,-0.5706177207575097,0.8077630507972027,-0.16750260822886492,0.08868618678683583,-0.3831098005328885,0.5442478337228543,0.06889084871257346,0.00010057354990029204,-0.7803182389138003,-0.14827935764865807,-0.07442881457845438,0.4679103732932808,-0.02425875350218655,0.042685543496749745,-0.1459274512081014,0.053459990244240876,0.11815163732423484,-0.12047046748215054,-0.37498412715823964,0.07652682054109045,-0.08211721614660093,-0.1868620876594491,0.1913215345082329,-0.38081767887594875,-0.18428103254994424,-0.0013436947471939288
-0.08921051976296313,6.659075663956461,0.8040839287195123,0.10854284434560513,0.10192948694103371,-0.5685777818163211,0.8090414925441924,-0.1708896267185891,0.08569861770200482,-0.3890363921725972,0.5370194381736034,0.048339298538876516,-0.007414541500552791,-0.7954105773886234,-0.1546964750520885,-0.07128056614165341,0.47340841356608376,-0.017513905019849764,0.04349080966931668,-0.15081246243578236,0.048614163864747845,0.11987288146170141,-0.1261862501943942,-0.3768739789568968,0.07573153042166703,-0.0824974369929291,-0.18736516636744321,0.1907353794270992,-0.3827532094571891,-0.18467010165492428,-0.0012569641374882423
-0.08733032215804269,6.6658068726412,0.8026126958236351,0.10920670231955025,0.10231315639497698,-0.5665915481682142,0.8102962000042526,-0.17401331863967306,0.0825885866182317,-0.3947072802585022,0.5297076940800203,0.027387688669204997,-0.014727098111655608,-0.8100631457427923,-0.1611359815627056,-0.06799626459542904,0.4784483447991023,-0.010615650258853828,0.04426828739164678,-0.15561720083284314,0.043878560790627893,0.121575473537747,-0.1326530851707226,-0.3786616930886121,0.07453921274051976,-0.08260215880142877,-0.18797651433509763,0.1896899190600287,-0.38493096788210546,-0.18513749009238545,-0.0011411109713321292
-0.08548050978689525,6.672538254429178,0.801100389129358,0.10977655330411841,0.10259472945726303,-0.5646137739877547,0.8115631312815802,-0.17676979527708375,0.07938179585127829,-0.4005114615687948,0.5220591299317344,0.00617391990372305,-0.021026796600932224,-0.8241931399698244,-0.16762901114682643,-0.06465386638500936,0.4830520129094421,-0.003513950941448846,0.045400415340009694,-0.16068661508203982,0.039340429441146456,0.12343049311129176,-0.13953451857621682,-0.3801231517124229,0.07318058289903748,-0.08246599459375781,-0.18842094237200824,0.188565248036015,-0.3874273065758207,-0.18576048922884245,-0.001080566418520897
-0.08353669680640993,6.6792861942988315,0.7995934709119136,0.11031135119552175,0.10278007383375966,-0.5626389090376259,0.8128376961344097,-0.17922319885482116,0.0759826321408696,-0.4062656023028512,0.5140078877465372,-0.015173551186639276,-0.026775639410077875,-0.8379619525645146,-0.17430626481890132,-0.06120540040105651,0.4871819545792709,0.003950475085515346,0.04667027368469377,-0.16620956766598424,0.034989277778285005,0.12507150895021743,-0.14670368471420528,-0.3811938720098981,0.07173012336701305,-0.08237415760730511,-0.18889365802894972,0.1874581185215517,-0.3899642705407271,-0.18656613199148858,-0.0010774605818547577
-0.08160789342516969,6.686031955054423,0.7980529379138227,0.11072080681786794,0.10299870733660271,-0.5607609543003407,0.8140511785856958,-0.18145921984530947,0.07282666597348043,-0.41178019440919034,0.5056772591384435,-0.03691392322101045,-0.03246360650432577,-0.8512107917150318,-0.18063854423814016,-0.05768751102207776,0.49058276602533524,0.011710117095362156,0.04797219016037474,-0.1712012442501244,0.03065522914418505,0.12708384399695025,-0.1549435769692489,-0.3823583050196459,0.07019139914631403,-0.08161411180431974,-0.18921298704818382,0.18559134455794937,-0.39297575214494695,-0.18761481349011247,-0.0009808391832286504
-0.07956906418813801,6.692795543973246,0.7965060261020029,0.11111025856437685,0.10307609467091061,-0.5591069870704503,0.8151252702242484,-0.1828263449841029,0.06966251828279227,-0.41639008250896553,0.49643070663965205,-0.05910336860277227,-0.03899607069403091,-0.8638936615765858,-0.18681257589704298,-0.05363622255510427,0.4931734914825396,0.0197058801908139,0.048836707642893024,-0.1763299746813052,0.026633031292795817,0.12875884337857646,-0.1632569050844632,-0.3832025815410612,0.06840471825295096,-0.08083866616158282,-0.18962912346335645,0.1836557262873435,-0.39624338541177395,-0.18885706693142398,-0.001007734092184466
-0.07750828232559429,6.699527208935097,0.7949445559535796,0.11145469735086203,0.10300581408600418,-0.5577094645682642,0.816043997486586,-0.18285517304521484,0.06682010620953423,-0.41993862896528616,0.4855435482068956,-0.08191020573448339,-0.04716228697360999,-0.8759724440929971,-0.19272815406134527,-0.04910175500110063,0.49502392878214063,0.028102472464007437,0.0495424101363499,-0.181580348497502,0.022977720597866375,0.1301236359020186,-0.17128906070683977,-0.3837978190527417,0.06607896124190685,-0.0800947326095158,-0.19001323629663036,0.18203943035588543,-0.3996174966605566,-0.19036266093000545,-0.0011024397034380005
-0.07529583178053466,6.706238292660472,0.7934540139253498,0.11166042931583507,0.10296834431075862,-0.5564942851640058,0.8168497898479905,-0.18195712687689805,0.0645023704817388,-0.4226166069546247,0.4732228281284544,-0.10520933597468234,-0.05672089972904592,-0.8872237365578892,-0.19824326789638108,-0.04454155606814178,0.4957158591506099,0.037134433661536806,0.050082943858635084,-0.18581426438136336,0.01909831224057109,0.13146852633691586,-0.18075040851765445,-0.38450886368079557,0.0631409676447071,-0.07853864963260994,-0.19043246064759237,0.17923116764153862,-0.40307413753900645,-0.1921799094715394,-0.0010148238377064686
-0.07301747437522836,6.712872373592024,0.7920348987581899,0.11191197951987711,0.10275485827502703,-0.5554774938740825,0.8175340370530084,-0.18023609483497427,0.06203747598998972,-0.4243051521350699,0.4598310126359575,-0.12802335264997483,-0.06630954216643106,-0.8978431268990493,-0.20365173503736497,-0.039342455922763656,0.4954898001753868,0.04635818803713334,0.04999699411988678,-0.19054409198452554,0.015618583465626893,0.1324434546710338,-0.18996579950890924,-0.38473437826600576,0.05971447145203934,-0.07703282539247158,-0.19086893635534732,0.17667928427351556,-0.40678244197573504,-0.1941439622177415,-0.0011177590466122753
-0.07060956729374757,6.71952203278389,0.7906746843848033,0.11218745653090863,0.10245773288552243,-0.5546198252052403,0.8181156623964566,-0.1787976281813423,0.059018803593061823,-0.4253219935942588,0.44697930810615116,-0.14975435851240107,-0.07449321917625201,-0.9078301022751603,-0.20882947625889764,-0.03347266186771879,0.49417972667165044,0.05530197743334862,0.048698212813221356,-0.19476333208993293,0.011872723767546191,0.13315765719944977,-0.20014268341808394,-0.3847396849142763,0.05608859635459713,-0.07491844403396546,-0.19148607515906657,0.17312632121763954,-0.4108457196171645,-0.19606055396686792,-0.0011229955060408922
-0.06809553773730631,6.72611742603207,0.7894151101166937,0.11256000147741221,0.10200049361350327,-0.553906414095,0.8186048068478617,-0.17772518648885688,0.055098016843360936,-0.4258465441316493,0.43495014307489926,-0.17007128995647894,-0.08079288178883905,-0.9174570071152707,-0.21390758167728366,-0.026493576391137592,0.49219374419469714,0.06418128940487076,0.04549021902737319,-0.19909799704932205,0.008121489380662716,0.13348175948741078,-0.21076729608702463,-0.3841108949824555,0.052608218263696264,-0.07246387756401157,-0.19223433931952255,0.16892389767829633,-0.41519627542425797,-0.19761558713543065,-0.0012194158891688455
-0.06541630874647915,6.732779697179674,0.7882101062096318,0.11298595065966269,0.10140946935585693,-0.5533521576088865,0.8189943126469719,-0.1770852546035261,0.050332574914895616,-0.42597556491403427,0.42390086762820556,-0.18942062598654386,-0.08586349040940858,-0.9266910669509415,-0.21888651180470792,-0.01863225118865881,0.4894621167384946,0.07298592572441057,0.040655273647462575,-0.20333264376954938,0.0042794943894178625,0.13340492939083226,-0.22201828542292282,-0.38322926821399506,0.04944243311621806,-0.06967781034686174,-0.1932421740155915,0.16389233607640175,-0.4198821790765233,-0.19868843964107102,-0.0013420720382702402
-0.06279218937191633,6.739494462706598,0.7870798784028904,0.1134491304920288,0.10072082245498566,-0.5529999829068767,0.8192530925297676,-0.17679839085746177,0.04506591207236293,-0.4255294203916506,0.4135825561351837,-0.20773907534537983,-0.08956174396923361,-0.9350808269112066,-0.22356949969356976,-0.010444672450493414,0.48538764435255144,0.08115256550661827,0.03561722658230868,-0.20750801138995717,0.0003734520730259462,0.13327813354255064,-0.23350943045002756,-0.3820040866140278,0.04651887749803064,-0.06666588817664411,-0.19413595604554956,0.15863785225866922,-0.42491665633,-0.1993133262779941,-0.0015239678837328425
-0.060054044426724684,6.746179261981228,0.7861307454400154,0.11391464485823788,0.09998182918060394,-0.5528850296436304,0.8193565960657692,-0.1766470532647369,0.039457101388828686,-0.4241986626751635,0.4037295871530415,-0.22462886652205838,-0.0921458067197559,-0.9418582713288036,-0.22799845345994008,-0.002684972988090461,0.479005444524347,0.08833206955687523,0.0314694173654564,-0.2114276121109287,-0.003557381747838047,0.1329026436306395,-0.24551553239527976,-0.3804001569064799,0.043592450330122934,-0.06337284590683472,-0.19501445943850235,0.15319661124681389,-0.4297795561370574,-0.19961727907547772,-0.0017144243052448322
-0.05731284307256292,6.752911740150468,0.7853517014856644,0.11440938223217283,0.09918233549868148,-0.5530597320930962,0.8192669225102355,-0.1768103702805779,0.03345001188310614,-0.42183903391854954,0.3945757100000581,-0.23996807790997182,-0.09335475316113986,-0.9469526340863889,-0.23205384213563007,0.004789662811149112,0.47002101664353835,0.09428983445917852,0.028648483606127203,-0.21521419937722025,-0.007495017284841874,0.13245955739031287,-0.25770379918903674,-0.37860068873471675,0.040330013155860704,-0.05999831503680834,-0.19572340843204625,0.14803160508591479,-0.4347626985222693,-0.19983138524893562,-0.00194563272266468
-0.05466239230525301,6.7591973193876775,0.7848929478116318,0.11490063736983636,0.09833532428525131,-0.553470606414676,0.8190227685264254,-0.17669265544155488,0.027390684829660644,-0.41845369006672606,0.385331244092136,-0.2528867938392614,-0.09307302288723403,-0.9502425692387085,-0.2356996176090819,0.011954634779155208,0.4588708719461706,0.09970086959373009,0.026806626024219633,-0.21884330690691065,-0.011149558132764874,0.13205420625401967,-0.2701488903681137,-0.37595959812525587,0.036506159442721016,-0.05600402714657328,-0.19587693546255677,0.14314118196352624,-0.439322000267635,-0.19998138938482118,-0.0021866308238713866
-0.05201140732316722,6.765876113138474,0.783862884569129,0.11450538604870976,0.09874115842623021,-0.5513504703731722,0.8204580178277033,-0.14686567162291025,0.037323405286450916,-0.4101315367849021,0.30395324483202996,-0.29502209256997053,-0.0889097731053644,-0.9553412887222903,-0.24139377417057323,0.013755569367586826,0.4524962740915035,0.10091835642600093,0.026310632632622854,-0.22721603376852337,-0.012495038712992386,0.13356904034740397,-0.2792666174948686,-0.37988715244303156,0.03488648162603187,-0.0521877415937348,-0.19448853778808,0.137986114058027,-0.44231484242915037,-0.20010673922723912,-0.0029777489579054482
-0.04937582908510361,6.7721324288525295,0.7838162151171989,0.11484515923934797,0.09749260008160074,-0.5520432320861623,0.8200939289108788,-0.1374463764662656,0.03440285947786077,-0.40323642415948635,0.27930869348072007,-0.3080144736817837,-0.08677046134656864,-0.9563075672443389,-0.24552902454798797,0.018835640431226014,0.4400583729225897,0.10330853751355808,0.025918390379360882,-0.23155798900629487,-0.014370516930969485,0.133389105874648,-0.29050516403565796,-0.37837902963222436,0.03261773993629765,-0.04809400744242968,-0.1937853143046808,0.1334928495159442,-0.4462812271867785,-0.2000799844935751,-0.003178792653565828
-0.0467174682624143,6.778311634127089,0.7840139028589748,0.1151080825253596,0.09608921721633155,-0.5536138141218493,0.8191634369804027,-0.13539903938413397,0.027858026407989765,-0.3965735478590078,0.27028069829660273,-0.3146916473995444,-0.08304855895646127,-0.9516092747556578,-0.24806496361946076,0.023963430607390288,0.4187209836342559,0.10895843705311133,0.02678450520509259,-0.2331758170734517,-0.019703997002745947,0.13339441908625926,-0.3087290154316472,-0.3727644278120704,0.028255382168178595,-0.04234163745194559,-0.19328871461008484,0.12722463711901982,-0.45193231531788647,-0.19970601340693211,-0.003345255035128894
-0.04408791476656127,6.784218633682495,0.7844243979997783,0.11531690060042778,0.09485297709056126,-0.555165626708175,0.8182273841021747,-0.13773846002888915,0.019784530051600014,-0.3922150460522856,0.26911967459730246,-0.31821296241812497,-0.07883969017385738,-0.9463843144948259,-0.2506203960498177,0.027515517626234904,0.39727088798237975,0.11307675526480633,0.028594792409425373,-0.2350182600342386,-0.02397854467432239,0.13274744132721478,-0.32393608084926107,-0.36790345603545255,0.025231212281231298,-0.03623754259096671,-0.19251994379392684,0.12151029050773231,-0.45687360448665476,-0.19872469597170736,-0.0036098359015138263
-0.041553153185826086,6.790043778995612,0.7849818317466452,0.11547011888218933,0.09355807344971234,-0.5566717442529916,0.817331088169319,-0.14038597509019912,0.011619295771946814,-0.3882592061975933,0.2687907162671077,-0.32101902705473573,-0.07399463321084893,-0.9399605892011945,-0.25342564449718463,0.029757145458788548,0.37481911915581173,0.11678720694042644,0.03097462329314461,-0.23721598391706095,-0.027794652693336353,0.1321325780030655,-0.3384567224114963,-0.36350550292297246,0.02321241873160137,-0.02979014931567369,-0.19147602520161044,0.11597065977878708,-0.46175815443785423,-0.19727264268629213,-0.0037716410913771815
-0.03908784224700984,6.795734171078047,0.78562568694206,0.11553075221814635,0.09219035834309133,-0.5581256182275413,0.8164859933878882,-0.14267842112277934,0.0037359117674062806,-0.38442949667795745,0.26827308894778384,-0.32314030972265306,-0.06915186981180249,-0.9326933890951613,-0.25647227302136844,0.03058042453478684,0.3520443827755353,0.12090758276692667,0.03335332878920405,-0.23958565877679408,-0.031141257624779265,0.13151940301681822,-0.35231039556711186,-0.3594867028656839,0.021890800153419224,-0.022850756334059273,-0.190226186183091,0.11060321384309202,-0.46646068862465095,-0.19551285582226888,-0.0038648851092280643
-0.03669843805737626,6.801250837623684,0.7863139675534762,0.11547859456680364,0.09064245858240678,-0.5595024788197608,0.8157239821738451,-0.14429068514261195,-0.0039062159468600277,-0.3805851788791318,0.26751732905457876,-0.32459020496902047,-0.06437674462333552,-0.9243493913306484,-0.259774360025422,0.03070888677443923,0.3287394888920253,0.12535051762862226,0.03564617942851106,-0.24225630652539337,-0.034007465292606204,0.13091198543954244,-0.36574827173463503,-0.35556010268651694,0.02094732961507715,-0.015340101972232881,-0.18877318681961702,0.10539547016231397,-0.4709958144555223,-0.19360052155284407,-0.0039011504583906834
-0.03436807042908056,6.806710011255663,0.7870447896536799,0.11534624633369503,0.08893194304747715,-0.5608520320571995,0.8150038963709542,-0.14543781858643173,-0.01145835357263164,-0.3766629924383179,0.2667162305966168,-0.3254381260748492,-0.05946615520039344,-0.9149605612837272,-0.26329865585935514,0.03012512841716823,0.3047161818667817,0.12980906125472919,0.038034459881861285,-0.24513178347388098,-0.03660941173392342,0.13026716971648933,-0.37890962533946215,-0.3516694530291423,0.020259660528871352,-0.007443698639041815,-0.18715754254101902,0.10026717985434416,-0.4754185222512676,-0.19161171264343757,-0.0038830729513381003
-0.03212951952774901,6.811914286275096,0.7878132734729993,0.11515804541180012,0.08725599740575092,-0.5622276037733321,0.814263555029303,-0.146317596719286,-0.018597619618047935,-0.37273614169313507,0.2655741439924081,-0.32553713494702874,-0.05462053657564098,-0.9053924898514784,-0.26683381847932663,0.02749065423881418,0.28143624627598574,0.13445685794206505,0.040456514377723546,-0.24790530148328146,-0.03873468483807542,0.12961215977843824,-0.39112879419762786,-0.34789379867737674,0.01979993286665773,0.0008924017510375199,-0.18526382771860167,0.0954418336839565,-0.4794040037460465,-0.18954518964670014,-0.003836375072411838
-0.029816685555757973,6.817179769726517,0.7889069900729458,0.11400666972416888,0.08663901521007934,-0.5661686343449426,0.8117568834237349,-0.14667591434994565,-0.022481957016303112,-0.36265800211874827,0.26373278449313986,-0.32551553668192357,-0.049260713096723835,-0.9100976456047744,-0.2634624306135666,0.030609458850054568,0.2847451096100226,0.059448867585046486,0.04413832403547741,-0.24302061147870133,-0.04274444890398379,0.12926565413354768,-0.4043840877668194,-0.3427429327342564,0.019658074643815037,0.007694462996392199,-0.1820036585524041,0.0897967979278296,-0.4790748683938413,-0.18619093076103352,-0.004664125788382978
-0.027770642269392177,6.822244168431618,0.7898258454455944,0.11352657069054724,0.08581443970677424,-0.5684238836444414,0.8103344298421655,-0.1482073721891782,-0.027485959244110444,-0.3574096717351522,0.26168630890827815,-0.3247647402768409,-0.045654779412785035,-0.9113485122778129,-0.2646207832088567,0.02508928763349497,0.28022469416045975,0.024735210333829954,0.04708123645180322,-0.24313762311644976,-0.04429112092915331,0.12872170646893558,-0.41166402829766985,-0.3403706678597892,0.019851199656206867,0.01495639137869183,-0.1792632382389041,0.08642506722992406,-0.48087427283495926,-0.1840866763361359,-0.004788767750746957
-0.02595790329319365,6.827412188657556,0.7907288969162951,0.11317246454429832,0.0850119488640413,-0.5703815130363891,0.8090920166492974,-0.15013306101145713,-0.03241157902248846,-0.35307516328839944,0.2593961090277223,-0.32368658545528306,-0.04201635819414644,-0.9093304699181701,-0.26698908331743787,0.013163073586253451,0.27097885404632754,0.00467377850241856,0.05067734407617934,-0.24385175456133615,-0.04604477349275324,0.12834449816468152,-0.4174677782045347,-0.33836748722013654,0.02017204184578894,0.022210947312647906,-0.176359983462607,0.08352201952047834,-0.4829216707059102,-0.1820775162592407,-0.004815469163195446
-0.024258892662680782,6.83249648417116,0.7897248767427459,0.11264440838259548,0.08432631211446989,-0.5729790699953382,0.8074003317392097,-0.15328877436746152,-0.03716830305799186,-0.3476378790463228,0.26083107954614093,-0.32664812404094967,-0.038478528148245025,-0.9088982365036353,-0.26817927596705915,-0.002677106208502184,0.2658378784391697,-0.00964569956173619,0.05524497123178658,-0.24310869974051494,-0.045976987950390596,0.12901508826243221,-0.42149553189429023,-0.33981938413653195,0.02088041087167481,0.031013102680842567,-0.17404816982622004,0.08108094472073436,-0.48789038805411206,-0.18037782881435718,-0.004789032389409395
-0.022602024766248747,6.837741974019019,0.7889035725006232,0.11245697179123704,0.08375773640389435,-0.5753494645543211,0.8057984020368225,-0.157807855652322,-0.042448964886514846,-0.34285145887275503,0.2631217075579221,-0.329761175894419,-0.03506002533198576,-0.9070556794261305,-0.2696251749202242,-0.019488769509800153,0.2599544115947568,-0.018709040497939793,0.05887553300198036,-0.24322525948434412,-0.04697071706714208,0.12876688792105231,-0.423682337478105,-0.3395462621835776,0.021507416702031,0.037723923906196374,-0.17158087720010898,0.07951964795035496,-0.4901289693991207,-0.17846629271240985,-0.004771451917601199
-0.02103291641806321,6.842923367884158,0.7883736095991787,0.11235462077352754,0.08338453417955186,-0.5779562082445866,0.8039838804366888,-0.16257881860521203,-0.047423865290441986,-0.3374850494685481,0.26483684857459816,-0.3317751297643619,-0.03141011343745407,-0.9060490729161492,-0.27033428224817985,-0.036338548834675216,0.2582227350117475,-0.025027790278194045,0.06084907327632653,-0.24309253691683624,-0.04792954526957765,0.12822652634571086,-0.42404593290451925,-0.33872029782483054,0.021946816939590778,0.043035081169574205,-0.16891947137002974,0.0793247514324624,-0.490086433484271,-0.17616871742513943,-0.004750465506699694
-0.019562744875523903,6.84799027732352,0.7881703361975301,0.11231550574678338,0.08318947911645608,-0.5808046103495458,0.801954326835319,-0.1672293574224507,-0.05190529467959963,-0.33143607409646286,0.26540531004565365,-0.3323647715221065,-0.0276330032132276,-0.9064035358114519,-0.27051657711944616,-0.053561850742378334,0.26150480497162004,-0.029373037357718734,0.06131898795869249,-0.2426030180172379,-0.04860197793074127,0.12754824774535337,-0.42252508702802977,-0.33788092941142983,0.02214983231442332,0.047369052026780836,-0.16613221054906366,0.08036832174412413,-0.48840653937825057,-0.1734709739315295,-0.004706366924942802
-0.018159107507205858,6.852768482808536,0.7882190978953739,0.11221789889964673,0.08306147530346318,-0.5837767428446516,0.7998203854620427,-0.1712491603864024,-0.0557744603633877,-0.32490590338775893,0.2648580250870504,-0.3316496451617402,-0.023875127054943292,-0.9075250036348179,-0.2703161776714433,-0.06919429724024412,0.269402481879128,-0.03260049759764237,0.06070651485477145,-0.24202302896060954,-0.04862725215112267,0.12681459862080272,-0.4195358652731164,-0.3372240231329211,0.022132276892161157,0.05128795646763407,-0.16330336764783274,0.08238468015424029,-0.48543417835446695,-0.17038944770070388,-0.004643580781719555
-0.01674330211353996,6.857622859668449,0.7884104514984195,0.1120251487638099,0.08285612155535797,-0.5866856818247529,0.7977375131627414,-0.1746795249579258,-0.05929131773573085,-0.31839728194704275,0.2636004298105717,-0.3303535627622042,-0.020431410443997183,-0.9086417888172129,-0.2699003384441885,-0.08060592535910807,0.28020641278184505,-0.03521554457836555,0.059380589316061404,-0.24174628234525622,-0.04834256223241871,0.12598332481306165,-0.415477214740144,-0.3371852039162037,0.02202620128793532,0.05477878361401947,-0.1606914108389211,0.08488881820480422,-0.4819291440518689,-0.16703926256016263,-0.004568041893533883
-0.01544995984945549,6.86239990837647,0.7887254150677285,0.11162192467063373,0.08255402852138385,-0.5895336610039293,0.7957232187457004,-0.1772498471212802,-0.062115537866198105,-0.311613377404293,0.26164993248753576,-0.3284213443994461,-0.016872734231779707,-0.9098922898798456,-0.26889835224679354,-0.08591551551092452,0.29474521075430454,-0.03815973828082267,0.05682915018468963,-0.24195944388206406,-0.04718760140413676,0.12509376543458056,-0.40939405083555935,-0.33753087914154306,0.021654491387224185,0.05751918597519829,-0.158114321711582,0.08876071469894774,-0.476787870265236,-0.16180408540043084,-0.004370133151283879
-0.014479740340205492,6.8665112885683515,0.7893365855006635,0.11108942668392847,0.08224301977381886,-0.5923832977335236,0.7937110642695328,-0.17859921038365875,-0.06402037879806347,-0.3046155923307408,0.25828030751329695,-0.3248788858517754,-0.013441664736597848,-0.9110716719588731,-0.26705439264842745,-0.08569676830668635,0.31280487822245207,-0.041179130088450866,0.053312600044302084,-0.24219604641111284,-0.04491184530162142,0.12446625084409026,-0.40227383055080596,-0.33762170085871607,0.02131231998189954,0.06094813403994138,-0.1551083120979679,0.09340979564931934,-0.47071697679664537,-0.15625395185923094,-0.004250695976070859
-0.013532447470163946,6.870647621379932,0.7900234637321093,0.11055561218147864,0.08188415793313622,-0.5951790713123835,0.7917286873459164,-0.17966465232394646,-0.06579196776611247,-0.2977250485095377,0.25445600052232875,-0.32084113657076435,-0.010306675370610049,-0.912181823048785,-0.26498067606763237,-0.08194882921728373,0.33250857885247687,-0.0438448503545108,0.04935450578551077,-0.24263079681789626,-0.042445221185541684,0.12380637244255369,-0.39480848510371636,-0.33847372499196027,0.02109906803418012,0.06424889595359844,-0.15237483531344442,0.09786289823327068,-0.46479085812632315,-0.15084846330666699,-0.004135353212495333
-0.012424970432265335,6.8748381791470665,0.7907005891717576,0.11006248380243747,0.08149663294650963,-0.5979383634230818,0.7897558243055546,-0.18087897234273267,-0.06775408053906204,-0.29116022905819416,0.2508219203162096,-0.31670525200557087,-0.00773504189812146,-0.9127470042365228,-0.2628908445928033,-0.07681729978413436,0.35269429198945357,-0.0463337213636513,0.046018252326556826,-0.24342408403086954,-0.04023418154897097,0.12286490741131784,-0.38779086098313964,-0.3393391101727276,0.02093897926619906,0.0670963868514436,-0.14980293326956992,0.10146985528307985,-0.4587015018085739,-0.1462671198221901,-0.004036020201505645
-0.011314988344818259,6.879094961389399,0.7914012404102228,0.10968718818741104,0.08116511346200468,-0.6006577410737752,0.7877761250459347,-0.18264642360326094,-0.06988512110283081,-0.28501493828411406,0.24750989388308306,-0.3123805937635535,-0.005599452337577241,-0.9127140308648296,-0.26055793671900845,-0.07089334407703649,0.37278349483831585,-0.04851691590646549,0.04454371709540761,-0.24394544414109265,-0.038644064718232035,0.12203391631628782,-0.381793761331135,-0.3401510075687374,0.0208807763893033,0.06983305019327053,-0.14706280020760198,0.10360671820265369,-0.45257196792860416,-0.14336030721921975,-0.003881489946546886
-0.010339386939120563,6.883363149273256,0.7921388610039335,0.10935642159252308,0.08085490778520511,-0.6033472107763885,0.7857962841550447,-0.18471206693039732,-0.07191466010683285,-0.2791264938629695,0.244386013031665,-0.30781483967411155,-0.003738051228813837,-0.9122211086032683,-0.25771919751353495,-0.06353976588661508,0.393531605838744,-0.05071925952309141,0.04464600189380123,-0.244419449372766,-0.03734951630152086,0.12137806648526947,-0.37611619477290265,-0.3407360365377973,0.020986500682770474,0.07229337402188603,-0.1440544992625379,0.10496814362944477,-0.4461139817708071,-0.14224703910634934,-0.0037799929866083257
-0.009520638195630622,6.887438969070971,0.7929478588872884,0.10903355989416305,0.08054571413922237,-0.6059941083389355,0.783833663100218,-0.1866560299744896,-0.07370154962229061,-0.27331080874664626,0.24111312297133414,-0.3028505113458741,-0.001974200226963209,-0.9112044616433934,-0.25439385885164384,-0.054889594041684586,0.41515326136518843,-0.05316218850598681,0.04539547870677192,-0.24475223443416796,-0.03610649010434234,0.12106148706699363,-0.3714695798112401,-0.34112593059347945,0.02122940435630928,0.07490586975315977,-0.14096635430125845,0.10581974227631996,-0.439393030701808,-0.14235963805873933,-0.0036589141225281895
-0.008785236175092742,6.891359278755054,0.7937629137039242,0.10865034269334,0.08018639393586774,-0.6085627197362657,0.7819313661744102,-0.18827767709602974,-0.07522399417216113,-0.2675396970555662,0.2377375661664703,-0.29781889010037355,-0.0003087478316726364,-0.909686019699242,-0.25072414918613223,-0.04528108157570805,0.4377396195761461,-0.056288294662087464,0.04572087019897936,-0.24509653158524505,-0.03505643521158587,0.12105837920434519,-0.36834168744478624,-0.3413469534276214,0.0215992082625588,0.0776952077491156,-0.1379801456380448,0.1063100060875471,-0.43276131738584,-0.1426834166514471,-0.003517755302069153
-0.00809517661120137,6.895252298932855,0.7945979841953404,0.10816482306945387,0.07979391692626252,-0.6109967758390771,0.7801386042147702,-0.18971205151163684,-0.07645066669707604,-0.2619978831182955,0.23443837185047744,-0.2928973700280064,0.0011775173207441197,-0.907615563764204,-0.246667280040954,-0.03466007910559318,0.4612572285233484,-0.06056947434544327,0.04513923644284351,-0.24553955086276671,-0.03464555695230243,0.12138380948591272,-0.36719237071407745,-0.3411523796520868,0.022231138677456512,0.08050934793836821,-0.13482296502866953,0.1058826063406124,-0.42630200248619055,-0.14231261168552775,-0.003332068475909126
-0.007434500833389037,6.899045688845665,0.7954178923296574,0.10763071139087133,0.07938984102836141,-0.6133206387880543,0.7784283378343817,-0.1910099159040757,-0.0774537492316476,-0.2567040041872041,0.23116012868790856,-0.28798440534622155,0.0024182992861288225,-0.905276698645687,-0.24219614432429384,-0.022766533865040253,0.48609206414082423,-0.06627269477017797,0.04416757546602633,-0.24593783358235102,-0.034581097930099225,0.12207511316347383,-0.36787389061169085,-0.3408589011367919,0.02325201783184211,0.08361385377931334,-0.1315643195740444,0.10444978084077311,-0.4202421527653438,-0.14102637057138134,-0.0031199145468937
-0.006878305423484044,6.902691795556759,0.7962464180743973,0.1070706526380881,0.07899031159770704,-0.615622919098881,0.776726996761103,-0.19219719067159777,-0.0782145420582881,-0.25139856131820054,0.2279235267919173,-0.28304832775443917,0.003580338666280606,-0.902446117796925,-0.23722405117886206,-0.010211391068469945,0.5115472028409647,-0.07275892642060368,0.04353370140569365,-0.24606199552235286,-0.03472637689616318,0.123113472654732,-0.36977995440993666,-0.3404824741056912,0.024468592280187645,0.0868550458625543,-0.12835949740147004,0.10296757157485781,-0.4143782572399877,-0.13889194701408397,-0.002920607159769187
-0.006385091192930788,6.906270420279696,0.7970325869364461,0.10649683643005814,0.0786132121338254,-0.6179984116228154,0.7749557083731092,-0.19335081863603487,-0.07882220544741908,-0.24584018569456834,0.22479908495796763,-0.2783423065423376,0.004753507910626982,-0.8989823644005589,-0.2318208026459402,0.002254300826417808,0.5367626704928098,-0.0793852813405654,0.04385493678701818,-0.24566157915551018,-0.035006403034780614,0.124321351082928,-0.3723206651269345,-0.34039118612788777,0.02549424843426076,0.08997808598673666,-0.12561302095039015,0.10235477821426818,-0.40867231226125383,-0.13626897170020383,-0.0027563920381269854
-0.00586860505213904,6.909810023403089,0.7977999351235608,0.10591004262464813,0.07825551981329276,-0.62045040346014,0.7731108803633181,-0.1943906596991391,-0.07931783331628386,-0.23998054382346548,0.22162918419710062,-0.2738157653443695,0.005808782233166331,-0.8947756821369385,-0.22599307457765583,0.014609473962851123,0.5613981445261255,-0.08571606748184651,0.045469610525743095,-0.24474177450227494,-0.03555580604597762,0.12559106122113253,-0.3757680184381439,-0.3404668088545993,0.02586050302525946,0.09269149157991696,-0.12350310435376118,0.10308125783121473,-0.4027204660792214,-0.13334088916259312,-0.0026049720116564892
-0.005363021208859433,6.913261766048285,0.7984794165879504,0.10533369351390925,0.07785402406620899,-0.6229488361364119,0.7712187183307369,-0.19539912394671802,-0.0798190535225066,-0.23391483712473535,0.21880979630430972,-0.26967674432441385,0.0067206079967434,-0.8901408018826482,-0.21975981446501744,0.02725778083660744,0.5861889462859042,-0.09223774187426993,0.04814690049867591,-0.24363199804239255,-0.03608609941559578,0.12697834024338034,-0.37985842019708893,-0.340800352926025,0.025421829622852343,0.09513780446149989,-0.12199819579652124,0.10508338933933155,-0.3967833416269658,-0.13023247859521053,-0.0024617600918599705
-0.004821111781632816,6.916677426245025,0.7991087867690653,0.10470118638691661,0.07749948257644562,-0.6255755616762663,0.7692117448420678,-0.1974427755224181,-0.08036678650614931,-0.22777209391604067,0.21829743918851494,-0.2667292707108381,0.007514448698360524,-0.884692780142885,-0.21303762417167887,0.03932874710808927,0.6104364349257696,-0.09901480339608443,0.05121158544398624,-0.24180063271162994,-0.036770088907109595,0.12836532108696996,-0.3843239845505681,-0.3414425933664689,0.024325076815363163,0.09737315160496594,-0.12072625663094937,0.10731562657706425,-0.39075030787209236,-0.12723093252733095,-0.002289529242483437
-0.004365967413746564,6.920054533493971,0.7997058452292077,0.10405595805386511,0.07718503655048052,-0.6282582186701404,0.7671417329278954,-0.1997485936475669,-0.08077543668929638,-0.22163699249474986,0.2183319912772312,-0.2641717611121788,0.008421095275115094,-0.8784032906011314,-0.20625949166909055,0.04980401410471384,0.6340289721438435,-0.10654511478239079,0.05409236332556653,-0.23942496320325718,-0.0374106634338764,0.12978062341824456,-0.38832819266276314,-0.34248014192660886,0.02287632683691481,0.09961308412201962,-0.11936301420592395,0.10927011984816304,-0.38504899910472085,-0.1247393439113922,-0.002114506114539918
-0.0038081655535048818,6.923365280385304,0.80025425278356,0.10343511860095175,0.0768640075138917,-0.6310193177627529,0.7649887065827446,-0.2020775161820411,-0.08126013149752773,-0.21553713266966298,0.21862560193397762,-0.26181770005249017,0.009265464446944408,-0.8712578101528289,-0.19980024492345475,0.058558332301320494,0.6569129564599298,-0.11533422198161804,0.05640759337972353,-0.23661686060356313,-0.03781525131165696,0.13086942094272175,-0.39178688107866544,-0.344048523868908,0.02117950777994549,0.10186003871215846,-0.11830444090982944,0.11076715031377322,-0.3797868662837001,-0.12321848722591405,-0.0019431154273585585
-0.0033629985222214374,6.926440513527163,0.8008009351082576,0.10281742055932958,0.0765344800576567,-0.6338422405828642,0.7627680285937029,-0.20422924035264453,-0.08157750847202928,-0.20933145287934274,0.21895663928256323,-0.25942053393878,0.010242037522484445,-0.863123475866345,-0.19342894435452762,0.06574528924183921,0.6791648155307081,-0.1252476824754151,0.058659848324658696,-0.23334218088044925,-0.03800807592810936,0.13196425631174238,-0.3949603730594502,-0.3457036267130799,0.019165266031147613,0.10421913812671947,-0.11726146009520051,0.11229473804923557,-0.3746790818947528,-0.12274898994641031,-0.0017684524769895338
-0.0029293468399597313,6.9295068122859895,0.8013330132599492,0.10220265774195503,0.07623011259459789,-0.63665603185408,0.7605344724521773,-0.20643140839730528,-0.08182598370847476,-0.20319149605334544,0.21938537218629828,-0.257142719832334,0.011244137557019595,-0.8543203844710027,-0.18740511808528013,0.07126745258520523,0.700655954514947,-0.13577507559017765,0.0604570279974931,-0.22972077774175256,-0.03822982190942269,0.13294043165198366,-0.3976793208953082,-0.34785011495781826,0.017030413818546277,0.10642094116353405,-0.11642785683592848,0.1137059028454169,-0.36997746774718954,-0.12309568351685031,-0.001595214982423614
-0.0025510337002851123,6.932485191442959,0.8018429469122871,0.10162283285953533,0.07593124870245418,-0.6393802192563073,0.7583535986173235,-0.20864650427037545,-0.08200163801915229,-0.1972345263324244,0.21985059096739093,-0.25490804837613584,0.012196010173168246,-0.8450463345671002,-0.18200983260238118,0.07486798579355798,0.7215969886566405,-0.14639087451205543,0.06140168184760362,-0.2261289403403825,-0.03825930578265152,0.13369179490280725,-0.39927061712564543,-0.3502961118134582,0.01494413441143255,0.10834770855283613,-0.11572617015471841,0.1151408768527646,-0.365446006343093,-0.12366310797888135,-0.0014625329903791967
-0.0021906413824332605,6.935434720558256,0.8023446943293303,0.10103707993526845,0.07562603282584594,-0.6419756337492802,0.7562668162159357,-0.21092595251823057,-0.0821225072645896,-0.19163052411994838,0.22050374430863753,-0.25274689817536383,0.013127798432915243,-0.835257807746925,-0.17749024720749426,0.07620858758135796,0.7419433418472872,-0.15676885534624077,0.06124668186775901,-0.22243201662498047,-0.03824288529366067,0.1342618315325998,-0.40021602073923884,-0.35315108590040406,0.013168298071619242,0.11024662039633298,-0.1152565127927179,0.11665256356713613,-0.3613564084292544,-0.12407105357887975,-0.0013100004631207685
-0.0018267505394170467,6.938290458686914,0.8028084011087552,0.10047207894249309,0.07532701786789707,-0.6444785881940162,0.7542403801783291,-0.21323157463760173,-0.08222451363750832,-0.18631153986054497,0.22130335139713275,-0.2506821998178447,0.014033408994675962,-0.8250027284743945,-0.17381683033129,0.07550757352396513,0.7617683954533613,-0.16707847863704833,0.060111830313055774,-0.21872352246120277,-0.03795597489413395,0.13465087380503335,-0.4003737805016256,-0.3564619309036046,0.011731932058886587,0.11204452907919192,-0.11503185049013015,0.11821868297894224,-0.35760614096154875,-0.12418745410622839,-0.0011806896922799972
-0.0014852795635518893,6.9410347508019115,0.8032423335857904,0.09993897558464175,0.07503870675924058,-0.6469486766780094,0.7522225756992177,-0.21550655604299793,-0.0822609252769009,-0.18102850687032526,0.22210008472627338,-0.24865443792975914,0.014781435887164124,-0.8141983746914276,-0.17074876304027636,0.07324306536210942,0.7806917196572567,-0.1772198211514828,0.058294185675259215,-0.21500430180560529,-0.03727631125335293,0.1348851850360244,-0.3994591539774426,-0.36021540140263447,0.010587226285978168,0.11362737517074095,-0.11495640871363241,0.11975850277926696,-0.354130512000767,-0.12402533598079159,-0.0010720273852033212
-0.001231400669081109,6.943672791322778,0.803672341874428,0.09941729002298207,0.07479856040309055,-0.6494501469158032,0.7501572398351916,-0.21769166521768005,-0.08205355646007624,-0.17551500593796845,0.22273055365878547,-0.24666510364250369,0.01527291404108402,-0.8027260967752468,-0.1679038177154554,0.06988752821970047,0.7981998602460482,-0.18709241753250222,0.056140122586807124,-0.2110251609801457,-0.03631370475273709,0.13505127761711655,-0.39746342693828784,-0.3642798905241913,0.009629548723497547,0.11492389879885008,-0.11474144717964696,0.12089609361171147,-0.35077238141006406,-0.12365494642513912,-0.0009573520654315675
-0.0010097125412173633,6.9462799699823545,0.8040749915093558,0.09895226829073761,0.07456954182833804,-0.6519854440247723,0.7480393123435759,-0.21976746953956497,-0.08174335408383868,-0.16971257026813763,0.2230843487426239,-0.2447503724180292,0.015246741161646957,-0.7907078955251275,-0.1653969065859413,0.06571787670403909,0.8142858194922877,-0.1970726400542201,0.05372268408363523,-0.20702933336046664,-0.03483471335082057,0.1349505677961783,-0.3936497201015977,-0.3689728199181837,0.00880756076287886,0.11580208010727767,-0.11465555025889312,0.12182846817223938,-0.34775866060984323,-0.12313821829789637,-0.0008823349625940078
-0.0008123572461696478,6.948848588618362,0.8044640123460283,0.09845641310893968,0.07442623572350066,-0.654536414888122,0.7458881630238917,-0.22184824410858725,-0.08114179691210718,-0.16375881886586519,0.2233872955521593,-0.24300007206557006,0.014843538127701188,-0.7779265963935269,-0.1631564562761323,0.060370479056777525,0.8288415683097033,-0.2072050994951099,0.05091902432186968,-0.20246704392751008,-0.033259104970685106,0.13470480779684949,-0.38891592041916395,-0.3741319225001872,0.008087415216650745,0.11649833519667935,-0.1144277587627798,0.12197623109591473,-0.3448253586407463,-0.12242940570108657,-0.0007570518799862339
-0.000629984522645459,6.951352888005057,0.8048537729343559,0.09797685951429812,0.07430492220467111,-0.657116752208842,0.743691392650457,-0.22388342876357797,-0.08043246654570431,-0.15766810181976812,0.22364643282967706,-0.2412748030731343,0.014317260159479775,-0.764537029041587,-0.16125841655751125,0.054108521754013414,0.8418841624028325,-0.2171623662927153,0.047423237280724166,-0.1978893911770643,-0.031414029394199496,0.13434015754137751,-0.3834624930779966,-0.37945881725398584,0.00742555204163453,0.11677954780660875,-0.11426517146961128,0.12202815297154307,-0.34209000616461727,-0.12156039525575013,-0.0006710505839258488
-0.0005691491252041215,6.953777237234296,0.8052693155245307,0.09755426248316244,0.07413794232564615,-0.6597295438007813,0.7414470044551387,-0.22574725216420705,-0.07970260536424274,-0.15142967970009877,0.22375271123925816,-0.23943193397417276,0.014066779735836712,-0.7507042456022935,-0.1596813539311267,0.047192904502608296,0.853409806250931,-0.22659059694346603,0.043083245753382605,-0.19362866312480306,-0.02936994222001161,0.13397987053997043,-0.3776388530965863,-0.3845184198116884,0.006748264705433786,0.11654015356887933,-0.11419963153884843,0.12258819987095743,-0.339628952668373,-0.12067939488560692,-0.0006225744393892483
-0.00046229838703746375,6.956161736546345,0.8056986623639057,0.0971410735403653,0.07396958158487195,-0.6623778511328022,0.7391533637617267,-0.22754502665410953,-0.07895739599578612,-0.14515741358998088,0.223882850181296,-0.23758114562805854,0.014017078538672772,-0.7364299790473054,-0.15856482358793533,0.039314079740022906,0.8633716158381808,-0.23571357267435458,0.03721317747281729,-0.1891605669096645,-0.027461127486849746,0.1335183339305437,-0.37242209243447383,-0.3895246171790023,0.006142961449737824,0.11598358942372278,-0.11431346115019612,0.12295923406164264,-0.33737946862554985,-0.11993158556039435,-0.0005273023064457847
-0.0003493191519817788,6.9584966407465565,0.8061305636760988,0.09671241192532228,0.0738563074444907,-0.66505481793407,0.736813439327034,-0.2293920967826536,-0.07804814880621293,-0.13884453255757703,0.22414191280095386,-0.2358304502307566,0.014065443024476173,-0.7216541409620838,-0.15776852582060852,0.030365826354256106,0.8717576653764734,-0.24472877124245992,0.030159525622507864,-0.18440765785980168,-0.02555216774250678,0.13309631862056964,-0.3675531358823351,-0.39465441957777525,0.005722191642970499,0.11516580984059824,-0.1143552377577764,0.12299807217062385,-0.33534158035845585,-0.11931503246855256,-0.000439238186284419
-0.0003683464070299649,6.960762172785478,0.8065712092405644,0.09632527015177668,0.07371809352578253,-0.6677502784222471,0.7344362808876768,-0.23114083919431064,-0.07706499367339736,-0.13239876209625015,0.22432017343912505,-0.23402779009110317,0.014272019236838775,-0.706458998228406,-0.15710655753111097,0.021094618467077508,0.8784916007616629,-0.25313283038781276,0.022921119921973567,-0.17976599509287858,-0.023572076178520546,0.1326672030858009,-0.3625105745929299,-0.39944404261249394,0.005398289435832015,0.1140261661987677,-0.11436971551747362,0.12331308839008155,-0.3337025661895554,-0.1188331892231276,-0.0003925526184289246
-0.0004463007110948028,6.962934522230387,0.806990379088853,0.09595689578598705,0.07361087744800224,-0.6704390096353005,0.7320418343453396,-0.23287866236965557,-0.07595128825481468,-0.12590650403079323,0.2245076312113352,-0.23224983108121894,0.014473090116434209,-0.6908994465459499,-0.1562367215659008,0.01217637918455703,0.8832350634919522,-0.26014709085747456,0.01619699320385242,-0.17494944516747346,-0.021675178664135562,0.13224858041036683,-0.35794824919213564,-0.40400711481104545,0.005054360388077661,0.1127788907435535,-0.11437162182487774,0.12338480102525665,-0.33243192098322616,-0.11846839318999228,-0.0003168097505511868
-0.000503167857631926,6.965064455686929,0.8074005471377639,0.09561618274880253,0.07353604110942001,-0.6731286804859317,0.7296216661817064,-0.23467310619555376,-0.07477273771520375,-0.1193851218295426,0.2247279499632669,-0.23048718370656746,0.01451806718005846,-0.6752025230373305,-0.1550030645134205,0.003979909391551578,0.8860694537403464,-0.26541427666525724,0.00914525994870967,-0.1700422541610303,-0.01991106053370909,0.1317694402515014,-0.35394193586243455,-0.40827190037034533,0.0046383034484682095,0.11127591118786867,-0.11446171409295872,0.12313123517035808,-0.3315712931480048,-0.11814421747935135,-0.0002376455026885682
-0.0005969137984963911,6.96722876848334,0.8078050775165885,0.0953033947045875,0.07349323048853373,-0.6758196012423002,0.7271752708988657,-0.23657018016780043,-0.07349705165817842,-0.11283358238356049,0.22499505846135132,-0.2288165051401537,0.014515126350796118,-0.6594178401050537,-0.1534476543285135,-0.003751655731684297,0.8870984460944648,-0.2692400087025873,0.0017329490069515313,-0.1650498452890068,-0.018285053825086276,0.1313440244188862,-0.3502829593231599,-0.41228522282343555,0.00415323085781222,0.10947478834370374,-0.11453081053309241,0.12266124129302337,-0.33123110586253884,-0.11784658861564623,-0.00017045033749617862
-0.0007368905535523329,6.969215832025418,0.8082130620742675,0.09498437833316745,0.07350216026847028,-0.6785065699510704,0.7247097590358241,-0.2384212809798231,-0.07204037313723274,-0.1062360395963168,0.22532723476869593,-0.22713352538109663,0.01456378116713134,-0.6429257188103374,-0.1516519260471098,-0.011380724653968497,0.8855389812759551,-0.2715323135320515,-0.004205529489877336,-0.15989126821611302,-0.016538352086815315,0.13096820865308115,-0.34703494378209465,-0.4159650801107599,0.00355679916722209,0.10763838677855092,-0.1145416451145831,0.12205063796833432,-0.3310975050966733,-0.1175985224312521,-0.00012462953699858925
-0.0009469558733019062,6.971230986850676,0.8086070809885126,0.09469336784372412,0.07350954925821492,-0.6811602518348141,0.7222535729053882,-0.24033970897889428,-0.07053908478912989,-0.09968822560634141,0.22576811168659425,-0.22559466196211173,0.01471141549521517,-0.6256522558916312,-0.14978917467860126,-0.019008664982000982,0.8807121554583429,-0.272522900262801,-0.006580605929321756,-0.15466597820572892,-0.015063965845600057,0.13055022611551367,-0.34387660386179714,-0.419248599943531,0.002809495791643641,0.10562835292765271,-0.11461836755233094,0.12157527142773697,-0.33155478314142284,-0.11756866389839807,-0.00010258827549598703
-0.0011458807768014488,6.973115166100271,0.8089688252186243,0.09445340487532469,0.07357799157146626,-0.6836924921124288,0.7198815247614448,-0.24243596067222284,-0.06909675888472855,-0.0937657783456504,0.2264359330659647,-0.2241770100215627,0.015032264836537934,-0.6076443483341459,-0.14777373233479757,-0.02644409978983498,0.8728093177444776,-0.2721037272540599,-0.004661276726270048,-0.14944377999911929,-0.013834158775476684,0.1300933331870569,-0.34134796773667875,-0.4220618125926859,0.002156720928826768,0.10384476477724527,-0.11478929044767838,0.1209520165145302,-0.33269477561706695,-0.1178718377104805,-7.047051409805943e-05
-0.0013467279498606739,6.975004133446069,0.8092938243012426,0.09426774136158042,0.07356144154165824,-0.6862774533284043,0.7174437708350239,-0.24442392650944947,-0.06770194814288048,-0.08740309671433548,0.22715357368889738,-0.22283534446507852,0.015340980696663661,-0.5886933003617345,-0.14558903650636548,-0.03360038229551532,0.8614188735887087,-0.2698305783132557,0.0005553564325474578,-0.14420167415081625,-0.012651838400285121,0.12929593307530712,-0.33832693629808636,-0.42454345586363784,0.0012349704732879797,0.10164799705569803,-0.11524460085605862,0.12066929800015855,-0.33416808194321695,-0.11849547991203985,-9.97998231875652e-05
-0.0015945753740518917,6.976828557546215,0.8095885355058756,0.09402550342836467,0.07362900803232886,-0.6888529651193503,0.7149962002189215,-0.24649139697454173,-0.06603032902828011,-0.08102864119042197,0.22809096764096898,-0.22171390402748928,0.015650564512677868,-0.5685140749634446,-0.14299856396703295,-0.04126402038360786,0.8459246980012863,-0.26631700890896026,0.008492837348067751,-0.13862039821184735,-0.01159854127106754,0.12868977288112618,-0.33581600274083795,-0.42690819420061,8.587036502039297e-05,0.09937696306258235,-0.11555134123799622,0.12027713372190903,-0.33575251341845935,-0.11939668295803908,-9.019363423933554e-05
-0.0018805313642473477,6.978600110883303,0.8098082513502629,0.09382180589263034,0.07359782443113731,-0.6914013676932408,0.7125622623532376,-0.2483942975608282,-0.06446469659592029,-0.07463902383510833,0.2290587794054072,-0.22077371510381244,0.015719729364176233,-0.5471953656379662,-0.14059782127317738,-0.04988268917003808,0.8261004045527978,-0.2631153030934655,0.018088433647967785,-0.13306978403847086,-0.010747034660019446,0.12793639796694967,-0.3336836203097543,-0.4286738806752142,-0.0011973378858567228,0.09710794157823283,-0.11607508269565589,0.12006912781632297,-0.33777831057579927,-0.12047690745779603,-9.416361320709894e-05
-0.002286272223367051,6.98024933430749,0.8099818105578784,0.09405293925001898,0.07353454108945384,-0.693579574163654,0.7104182501795395,-0.2505394639342658,-0.0637973918057759,-0.0698702468482517,0.22943864778010967,-0.21984072124346607,0.01574788171342652,-0.5278248828350339,-0.138809634903964,-0.05853737326833132,0.8057291580299023,-0.26323937663129604,0.0269222475759627,-0.1284302384323172,-0.010334702666352124,0.1271503700816813,-0.3325176203187646,-0.4296353568040094,-0.0019455897216676538,0.09504696720920378,-0.11681906942040265,0.11975433641413846,-0.3403240576513059,-0.12115670109932972,-4.462299250803555e-05
-0.002690504206346208,6.981872961214216,0.8101673068015262,0.09395324994982064,0.07352116601675975,-0.6959383908656306,0.7081222924684395,-0.252487728700451,-0.06232751320237911,-0.06411603664964213,0.23031141578538808,-0.21892190016476792,0.015623033884022208,-0.5053338577646104,-0.13676976548842404,-0.06980417482740749,0.7780321830783059,-0.26445736814541615,0.04013737596631929,-0.12305931543835134,-0.009899354582736162,0.12646457568671357,-0.3316118269180377,-0.430489699925536,-0.002716163087674464,0.09290812021389266,-0.11735910213743277,0.11933202029953112,-0.34285031046967945,-0.12179820276148183,2.6161581146626165e-05
-0.0031648444731786247,6.98340373372288,0.8101227777921349,0.09429936191592798,0.07315136610205354,-0.6981857610339753,0.7058988249523154,-0.25455790792321176,-0.06192896902311231,-0.05830357151946641,0.23151748726216617,-0.21825330087024428,0.015238287391445884,-0.4731580377684031,-0.13282510832424144,-0.08236132874276961,0.7228642124147877,-0.21299280275059448,0.054833207776547925,-0.11815305625370819,-0.009331123786968447,0.12543586474819973,-0.3308794595037028,-0.43111398433094766,-0.0034669095620714686,0.09130488003337012,-0.11858852768706889,0.1190925843914891,-0.3468982163359832,-0.12246382750844387,0.0002910268278447981
-0.0035680761090553835,6.984852644403217,0.8105867961325827,0.09300716208878226,0.07345917590747617,-0.7012070726080625,0.7030377362557545,-0.25538375259657864,-0.057416197681263235,-0.049829213093023815,0.2334051602880421,-0.21784526673267474,0.014113682101527983,-0.4408684699754723,-0.12755334890027678,-0.0984178381973713,0.6706599907900953,-0.19896374654671134,0.07385662738409758,-0.10988358821875883,-0.0093060333134819,0.12534175973417866,-0.33172620223841187,-0.43088583434063565,-0.004861464238806521,0.08864898846442859,-0.11812111311535561,0.11871148288870811,-0.3475107908488639,-0.12364027887157955,0.00024382918066890604
-0.004141477570090365,6.98613765040881,0.8109046568312245,0.09222618301386036,0.07353561805576696,-0.7035617123544703,0.7007765413829823,-0.255966458393961,-0.054153885255901674,-0.043909907894011974,0.23430379230369108,-0.21739810569428972,0.012668338954583537,-0.4178684760832004,-0.12273439682662221,-0.10924376133585134,0.6322005092240218,-0.20686456715868637,0.08136539058655037,-0.10350163628408095,-0.009248861173564767,0.1255658877270603,-0.33377506593409806,-0.43018220812869223,-0.006103971213877677,0.08646933717881261,-0.11794705764216562,0.11870132379394736,-0.3492695713569719,-0.12543301522212555,0.0001614065456353042
-0.004871900965186377,6.987339587941752,0.8112644315499664,0.0913855068879642,0.07359057650530752,-0.7057450869142836,0.6986823230029476,-0.2562421362735917,-0.050706924750478256,-0.038697965501295326,0.2350276287675525,-0.2168644084949674,0.010977947698183247,-0.39712381230944505,-0.11719778625500628,-0.11756131719726295,0.5948943335984431,-0.21532340150111492,0.08306230968959992,-0.09745979038084827,-0.009181277430391465,0.12616767801212528,-0.3365491542365734,-0.42907287835294267,-0.007150421628153631,0.08432605983360966,-0.11754637331684356,0.11905139243862324,-0.35099611480042453,-0.12793104478033404,0.0001805020679577702
-0.005599543546742844,6.988554900334893,0.8116684968066712,0.09050160028154838,0.0736815721932657,-0.7078963314866029,0.6966084051555907,-0.2564123337820265,-0.04712649894023987,-0.03361120256151351,0.23565670609101652,-0.2163167827297499,0.00917912742192116,-0.37780347867957553,-0.11120524099085717,-0.12382912141629088,0.5581341567314843,-0.22245627031212958,0.08194764388317086,-0.09141386487483524,-0.009149080607632032,0.12685436128344604,-0.3397125862687415,-0.42785233708785303,-0.00800420392662844,0.08194982993794402,-0.1172051628977298,0.1198288443731278,-0.3526340744171246,-0.13095291055122654,0.00021307070954423477
-0.006711368565078693,6.989573575647371,0.8115562710872437,0.09130985522536557,0.07339341423707478,-0.7108529871154001,0.6935156435109877,-0.25826588601767886,-0.04641971589407131,-0.02717086091707421,0.23673600727053043,-0.21621541773446024,0.008626683253797833,-0.33823679780682514,-0.10391765319111336,-0.13194172127371476,0.4758492231432696,-0.2561065836751894,0.07852141075207426,-0.08413980567923887,-0.008255104918242651,0.12664385939173978,-0.34061009446776314,-0.4272840180248171,-0.008483316041798713,0.0803594665067533,-0.11844778632278603,0.12144124400880457,-0.35771835864363555,-0.13258064220390028,0.0007741875944432983
-0.007616520928390253,6.990606797343923,0.8119910495199716,0.09034800181936925,0.07343232874146563,-0.7128968818385651,0.6915366711373317,-0.2583969163543266,-0.042726464205986726,-0.021752007392127605,0.23787993823584622,-0.2157725320991828,0.007830224992894071,-0.31717827797505227,-0.09756593783534814,-0.1362543936619772,0.4371786560446078,-0.2629882625121113,0.07698347510159877,-0.07827111059990535,-0.007867704220726005,0.1269092904195465,-0.342694540127494,-0.42629906225785896,-0.009067570314948134,0.07801216613615565,-0.11850496485857738,0.12324105482550017,-0.3591786093879666,-0.13417490501790497,0.0009730294791886901
-0.008379352153821556,6.9918080296813665,0.8123947846606803,0.08962641896361732,0.07340875930215932,-0.7148771474116582,0.6895860520559017,-0.25847491523171484,-0.03963457614418025,-0.016501773422606517,0.23832661052111231,-0.21509643693130379,0.006908604981012945,-0.30387931694059106,-0.09254296837368034,-0.1370134332075611,0.4107329640235095,-0.2627585979308554,0.07594357337578575,-0.07265809684759095,-0.007905945525755062,0.12698102974073763,-0.345229739176649,-0.425141852527223,-0.009705909901045006,0.07487365231714714,-0.11912951902230241,0.12562077803744862,-0.3605290884337099,-0.13567781795477868,0.0009771848507725475
-0.00879195893336723,6.992927800410013,0.8127345808296542,0.08907546144315731,0.07337587052758611,-0.7168883921022989,0.6875700524760999,-0.25855494037043186,-0.03705145359908503,-0.011239556880663063,0.23851264538987835,-0.2142430678863676,0.0057177036358470905,-0.29359535754615923,-0.08826029104119365,-0.13580290322234226,0.38870081553418623,-0.26065238784974604,0.07473515958191172,-0.06704866456263767,-0.007881788673914442,0.12650620823021275,-0.34780182643220225,-0.4239751424814173,-0.010340771907750228,0.07132629760694982,-0.1204569247239268,0.12847258041205356,-0.36158563554202416,-0.13698491397303825,0.0009089143687630295
-0.009462505547093953,6.994013182361164,0.8130413707959252,0.08859585721334946,0.07335843627593179,-0.7188778490733078,0.6855537557504263,-0.25866922189944036,-0.03436789754723211,-0.005967093091353861,0.23856411956855958,-0.21331535476743074,0.0046807952482947925,-0.28471723717474456,-0.08401998132170997,-0.1336806088447475,0.3688228824737718,-0.2579497637362729,0.07389337853213138,-0.06145554947097256,-0.007799448328865993,0.1262537392296979,-0.3495264423018731,-0.4226575862756217,-0.01096659501709563,0.06756114598348961,-0.12153785146202045,0.13225403877483588,-0.362520622690501,-0.13808654539357063,0.0007700967555266712
-0.010310585007867681,6.995158373348698,0.8133611196794837,0.08814978687757238,0.07338046893905305,-0.720828888152257,0.6835573391142128,-0.2589286722473225,-0.031548652233727645,-0.0007755264031934694,0.23858415142463577,-0.2123566559643907,0.003826736912461196,-0.2766815517198381,-0.07973987326522324,-0.1310332578819236,0.3500653580582379,-0.2547998446892983,0.07365699050217951,-0.055981732207709384,-0.007669049952699093,0.12598371700817487,-0.3502362715382921,-0.42141924458129376,-0.011559152876740936,0.06340731255903811,-0.12255534730848033,0.1369356303183761,-0.36328570282165684,-0.138937810308336,0.0005703239908825184
-0.01105662752563629,6.9962474887562065,0.8136732752416076,0.08773926868825305,0.07341200388292586,-0.7227517444943959,0.681573484113232,-0.25924123382924086,-0.028818793101904838,0.004308084175311902,0.2386518900512618,-0.21134851094792387,0.0029347470519470223,-0.26926311021312,-0.07566061880269101,-0.12792342702078507,0.33221647536954196,-0.25105911165563743,0.07372471455692184,-0.050668802375994776,-0.0072900357027835825,0.12530039976910132,-0.35020291118877334,-0.42039797831342074,-0.012112717686543992,0.058924906389366115,-0.1239264709372126,0.14232985606928092,-0.3637161582541317,-0.1394786992837229,0.000345211603509936
-0.011762815530494257,6.997357516941539,0.8139738215104884,0.08734812177666522,0.07346560720907658,-0.7246243727079679,0.6796268304423198,-0.2596193053339411,-0.026138886225548937,0.009262062558229634,0.238708407780355,-0.2103526675223319,0.0020087548259662812,-0.2624949310607717,-0.07174941866567466,-0.12455037610357216,0.31539839144550647,-0.24688331590520088,0.07388027056394342,-0.045534360004321206,-0.006774096117846528,0.12438921028299056,-0.3493729062653985,-0.41965567523821556,-0.012623745672630167,0.054119788085983146,-0.12545436945398528,0.1483406792201381,-0.36396605340295896,-0.1397492095157328,0.00011118696935104576
-0.012410848403719883,6.9984899610880005,0.8143261462143719,0.08677246008635865,0.07359782279731811,-0.7270311326527901,0.6771112410849904,-0.25963893459607107,-0.02264939895052029,0.01657193349182671,0.23885060105394637,-0.20927059042556725,0.0003995671008758466,-0.25315097669374403,-0.06687950088102178,-0.1198411229858028,0.29370878727892114,-0.23943087148365763,0.07354330286791995,-0.039111312633264714,-0.006025840772418481,0.123096546427955,-0.34698339936863687,-0.4188803095625765,-0.01336998315719418,0.04769918620557959,-0.12751238052848293,0.1577532500932314,-0.36251327805671557,-0.14007870965487743,-4.67672151453601e-05
-0.013090324607408102,6.999607584518876,0.8146502237011247,0.08642177159482944,0.0736847107642189,-0.7288268451105904,0.6752135000428735,-0.2599335483883159,-0.019973989848623287,0.021656231624091395,0.23866369737148577,-0.2082844880066343,-0.0009882174948559327,-0.24720883004284674,-0.0632187026950069,-0.11630739177812384,0.27841873244703885,-0.23394187716864634,0.07254522444485845,-0.034290300753073905,-0.0049873523787753405,0.12169521398995235,-0.3438193665286873,-0.41887191139792984,-0.014069222904638964,0.04199748500642562,-0.12917424853720122,0.16530274890787525,-0.3621205263801162,-0.14046128545598424,-0.0001567883266062092
-0.013784280177607857,7.000665302967827,0.8149655549910634,0.08615593397198541,0.07376277591475644,-0.7304624608321536,0.6734692281357763,-0.26025806569905835,-0.017524931449785883,0.026204813070630557,0.2383473262035423,-0.20720916489998628,-0.0023906157960989927,-0.2423815464500542,-0.05991621523703942,-0.11290522429301603,0.2652553140903101,-0.22882866352694198,0.07109651950156237,-0.029907528452447745,-0.0035804577945059246,0.12011390539549854,-0.3397162285539707,-0.41942737018950255,-0.014735549949847446,0.036598825342905816,-0.13089033588296373,0.17275610428676047,-0.3622231030816751,-0.14079982801524926,-0.00027841283574504654
-0.014523065347425871,7.0016171737903,0.8152807435082664,0.08591926049506453,0.07384637144923854,-0.7319723830298178,0.671848959648976,-0.2605794893901082,-0.015151009295150343,0.0304280263077626,0.2379763270410693,-0.2059935727059658,-0.003753696975849064,-0.2381607391715557,-0.05679482120501068,-0.10968652496375615,0.2533966069681585,-0.22366049883905764,0.06946784083556369,-0.02587087065160454,-0.0019345198813879156,0.11848319326915763,-0.33513001504813816,-0.4203142358306774,-0.015337162112462494,0.03135074641140647,-0.1326744617723078,0.1805422863570437,-0.3624828734297936,-0.1411097975997472,-0.0003953161772212063
-0.015254694867045943,7.002617027773832,0.8155953133617212,0.08570731213516797,0.07392946513221889,-0.7333188236289891,0.670397041866403,-0.26103688814029824,-0.012892579555308844,0.034140892815883166,0.23758892238942741,-0.20469698901622196,-0.005090222973447315,-0.2344849208062269,-0.053874249289044294,-0.10685916418508684,0.24262315163257273,-0.2186125272998263,0.06788620732326464,-0.022260771740267832,-0.00048117172300989747,0.11687070800377125,-0.3306699949023204,-0.4214208061548853,-0.015748387819705695,0.02598968427576155,-0.13462940359484377,0.18875602045820952,-0.36287030835235,-0.1414313507773865,-0.0004927766184700357
-0.01600733384748972,7.0035897684590385,0.8159086599524162,0.08548868799126816,0.07401225866438532,-0.7344093666508151,0.6692210038309284,-0.26162308304885024,-0.010741580224968067,0.03704871351031355,0.23726922087002078,-0.20328364383161007,-0.006316220755606631,-0.23119165368985373,-0.05114997565215862,-0.10482960724606875,0.2329520194003637,-0.21359738127226066,0.06642799572993167,-0.019265325260781122,0.0008668463612469812,0.11531215488754142,-0.32642836198710007,-0.4226624299156176,-0.015656388927583923,0.020686332970842925,-0.13669926708158706,0.19745304876829028,-0.3632592320615517,-0.14178174073026215,-0.0005865958516291904
-0.01677593259471271,7.0046346728862305,0.8162299069121336,0.08528783604222297,0.07410206217908523,-0.7352785123478415,0.6682816611905389,-0.2624187763710189,-0.008701595720783469,0.03922032831178672,0.23698658574012207,-0.2018044536353369,-0.007481777917216259,-0.22838085230942193,-0.048598218717695825,-0.103454720431377,0.224312010613258,-0.20860042066671963,0.06505438313262044,-0.01681125560055846,0.0020399757983258797,0.11378439184206632,-0.3222201637561455,-0.4241060907797041,-0.01489212153398035,0.015307484018732853,-0.13886757557162863,0.20658975529715365,-0.3637508472033269,-0.14220555084047376,-0.0006850424537288036
-0.017517286052239258,7.005669368824971,0.8165335371995,0.08512382610575481,0.07421590882054825,-0.736104363150281,0.6673801762550153,-0.26334270455506115,-0.006740629687836238,0.04122204438142921,0.23670625197524467,-0.2002772970110342,-0.008636762358887154,-0.22602916484186458,-0.04618389863188284,-0.10208530595121566,0.21634607303430015,-0.20359229517266314,0.06383346958906733,-0.014514768056692101,0.003160449279683862,0.1123198873450227,-0.3183909319801501,-0.42568937193611334,-0.013693249239130135,0.009877935270419932,-0.14118234059304746,0.2161014370618098,-0.3643066256870907,-0.1427255424658827,-0.0007634573082902324
-0.018160795823226453,7.006804397827078,0.8168259688428166,0.08505962427678565,0.07435472786902078,-0.7370654430864684,0.6663113141536492,-0.2644604196924811,-0.004890353235037248,0.04362132720680833,0.23635058958481628,-0.1987540243711261,-0.009922779123314705,-0.224449926379224,-0.04392747387937936,-0.09994241137857728,0.2090063417365538,-0.19872359394974337,0.06280008946252824,-0.011934579765271217,0.00391553246274169,0.11091523612309001,-0.3153218756246881,-0.4272679836546066,-0.01257903199483161,0.004153565632260606,-0.14371412278016524,0.2258405079518928,-0.3649871683311923,-0.1433695354350255,-0.0008059704580292738
-0.018774648048901516,7.007988446384727,0.817027957997272,0.08523198788671903,0.07444860212237621,-0.7381987503714222,0.6650229460950743,-0.265788486642704,-0.0034420733180318516,0.04669937558091455,0.23573722058955443,-0.1970824283831381,-0.011167535148433648,-0.22644786548089693,-0.042355736638333745,-0.09596954127727528,0.20733124964297325,-0.19606167466143748,0.06228532770917897,-0.009007480930136863,0.004256623991208244,0.10950118947832624,-0.3129977690724858,-0.4286392017987186,-0.012091586125671495,-0.0017613290417350922,-0.14666596364846463,0.23620888212472438,-0.36605678748916914,-0.14418473007489443,-0.0008474367117126968
-0.019231148993641135,7.009625245986813,0.817242356708561,0.08553551468915985,0.07460895392520273,-0.7395350075959475,0.6634795793851598,-0.2675900102425233,-0.002092504487242713,0.05033571517468448,0.23501255809380384,-0.1956176262328973,-0.012610452133050381,-0.23004466953276403,-0.040875070762531225,-0.09069536683580179,0.20703779170482758,-0.19412930341357607,0.06207860076769683,-0.0055794084811720285,0.00373714793992723,0.1080386870561155,-0.31119274319485896,-0.4301267423869557,-0.012403097624816495,-0.008509458482550802,-0.14993518414716023,0.24703072511017438,-0.3672604937991076,-0.145205836980496,-0.0008710561607334101
-0.01982958438820071,7.010908300576152,0.8174144772487365,0.08585400295526208,0.07473917106171683,-0.7408471703985707,0.6619581683142791,-0.26918520499917775,-0.0006960280632285117,0.054118984861065096,0.23436118795776817,-0.194002922809636,-0.013930338851441902,-0.23362461691002837,-0.03939400248030912,-0.08529163364189483,0.20720207470474394,-0.19219910822180417,0.061979775821981206,-0.0022091947900181683,0.003562520924725545,0.10685929396588821,-0.31012467930436605,-0.4312225381828757,-0.01355728739201018,-0.014602868017418143,-0.15298927502896442,0.25796722960711793,-0.36826200218998334,-0.14637694061443182,-0.000863534920946004
-0.02050045853683541,7.01201082960085,0.8175647236782282,0.08612634060475956,0.07480287254605314,-0.7418649793860563,0.6607746484796593,-0.2706349334711644,0.0005866721035634476,0.05719121387259683,0.23382487037507058,-0.19233538334333924,-0.01509121533702946,-0.2367078705006995,-0.03803994280521977,-0.08083818468943427,0.20751722929175412,-0.1905321045733037,0.061738870176770703,0.00045708650602420756,0.003199940130145368,0.1058929490646265,-0.3100138687956681,-0.43191121700306084,-0.015347645522726485,-0.020180703518222078,-0.15575511235983402,0.2680052807853895,-0.3691956716873284,-0.14761674480398002,-0.0008162465649229303
-0.021125355993638923,7.013152188390183,0.8177067839364219,0.08633653714278731,0.07479215863750634,-0.7424425781066119,0.6600993512911073,-0.2721486093894125,0.0016337493591401812,0.059012400396978255,0.23348373310916573,-0.1907140413040677,-0.01617698226811356,-0.23919791757801245,-0.036906158703819476,-0.07791566842765478,0.20783782274718585,-0.189347296071442,0.06116908811664654,0.002098508753227636,0.0022667470378962985,0.10512726839896971,-0.31121367628859625,-0.4322653988111623,-0.017632097407468066,-0.025316467849771308,-0.15830989996986555,0.2764969128964536,-0.3703321383225394,-0.1487661761158927,-0.0007294608525471402
-0.02177108710244867,7.014310670552646,0.8178414985849772,0.08646983587225936,0.07478108447874698,-0.7427053388160971,0.6597874935026218,-0.27377661410711607,0.00264151757300048,0.05988466827773865,0.23334579036050992,-0.1891579081261938,-0.017099564869282293,-0.24121547928844408,-0.035794409496406186,-0.07612488372238584,0.20804877423160537,-0.18841241124576627,0.06049987074808791,0.0030665604646928643,0.0008920865138469973,0.10477176377521967,-0.31367562931259446,-0.4322765374022074,-0.020354438409252894,-0.02999589763585729,-0.16052924211800335,0.2837290020200814,-0.3716541620705659,-0.14968586015641655,-0.0006452392520429777
-0.022403648050016222,7.015407621695128,0.8179613652567399,0.08652137422699367,0.07478288156349067,-0.7428051505614132,0.6596681595517313,-0.27543911129350285,0.003691106508969279,0.06015836910355241,0.23342616736480012,-0.18769328277532582,-0.018023156152384593,-0.24284357292305153,-0.03462605301856324,-0.07501999933401844,0.20812903684250653,-0.18755496863823318,0.05969387756368804,0.003739253274693769,-0.0007360389354288297,0.10470320103275277,-0.31709104887800943,-0.43193487772900646,-0.023313555057243255,-0.03433844199928139,-0.1623937526621974,0.28993527957990045,-0.3728677786788613,-0.15036278231175118,-0.0005872676308983952
-0.023044070658019403,7.0163976825245316,0.8180726559286803,0.08662301827424224,0.07474924773278632,-0.7428981585953096,0.659553886065528,-0.2769698187917374,0.004570514017755385,0.060317922460378634,0.23338957259877463,-0.18622577857010558,-0.019045822897850083,-0.24445549584084889,-0.0336019561649092,-0.07396621330767618,0.20825821209838033,-0.1867152568906802,0.05881013267755111,0.004267782496710443,-0.0022057713022356983,0.10482317416049093,-0.32075187869909977,-0.4315486057065721,-0.026186479182751483,-0.0383225362147835,-0.1643381866742163,0.2959770988433859,-0.37439312195913527,-0.15098293668333831,-0.0005933411129691457
-0.02365371674908802,7.0173663034809035,0.818182638033291,0.08669123785335711,0.07472638455130363,-0.7430403403091853,0.6593873288171014,-0.2783485078975456,0.00547788638900654,0.06046268757164393,0.23325541004347988,-0.18487667641737096,-0.020300671528729983,-0.24600372796042067,-0.03251158077155067,-0.07282402772945691,0.2083419716394735,-0.18587816483862782,0.05783394107931981,0.0049706855978087355,-0.00379766116393376,0.1051488928096859,-0.32472846020409324,-0.4311537733390848,-0.02871919838808308,-0.042227133041068426,-0.16610275311943154,0.301479176151314,-0.3757538668880304,-0.15173597264585653,-0.0005958469556587801
-0.024261341163185953,7.018310158187715,0.8183043844891925,0.0867223836349606,0.07468896639633324,-0.7431687858062338,0.6592427036218188,-0.27956930081290826,0.006382546968789302,0.060501360095510666,0.23304800613210766,-0.18359872866006524,-0.02171056201133588,-0.24741411485696627,-0.031398300472526466,-0.07175959778495897,0.2084174250399268,-0.18506520445450295,0.05677092131876764,0.005608078009293245,-0.00555977704587451,0.10572405946629766,-0.3291011257919398,-0.43059895235663465,-0.030806580633288085,-0.0460671618940923,-0.16759568350707296,0.3064938824743747,-0.37689256494126433,-0.15268926324276322,-0.0006078815047178936
-0.02485767338547945,7.019375406014716,0.8184426139754929,0.08674827500125787,0.07466494275187799,-0.7432361394195596,0.6591660823865808,-0.2808764835816943,0.007261835184498313,0.06031477731634545,0.23280374196026013,-0.1823989787359652,-0.023162418095089694,-0.24882545533544193,-0.03027311735524728,-0.07085174291755952,0.20843191968463015,-0.1843189920551101,0.055671926820239595,0.006135963225749748,-0.0075690865328405,0.10656094001871777,-0.3336733168459549,-0.430182696219834,-0.032378057147566586,-0.04992037136767577,-0.16895440845295354,0.3112225475559374,-0.37802133354968587,-0.15383749501895722,-0.0006353795458484638
-0.02545588688044706,7.020412322063319,0.8185887724751432,0.08674728331510409,0.07465053802985054,-0.7432003171716258,0.6592082330836718,-0.282216579866387,0.008131871490285377,0.05985401175556927,0.2326088589364249,-0.18115399082103698,-0.024499629317895524,-0.2501192112427199,-0.029159775503386037,-0.07024365108708953,0.20846469573766943,-0.18356375141824502,0.05453910278652142,0.00650425038803488,-0.009588061530887097,0.10752252332485017,-0.33825682990894007,-0.4298083098076691,-0.033469022164358486,-0.0536272009763265,-0.17015584021482932,0.3158680671173884,-0.37886431696193296,-0.15506397090935548,-0.0006789728672223865
-0.02603128024188994,7.021353281801238,0.8187291350256174,0.08672531057439463,0.07461577364277693,-0.7430439305159614,0.6593913285393243,-0.2835340717436534,0.00893663299669986,0.059078930581986565,0.23251530125921877,-0.17985814772727685,-0.025743823355848145,-0.2512146508181345,-0.028133045140073087,-0.07001322103346089,0.2085315296936386,-0.1828122422177059,0.053250217114190965,0.006646541281861162,-0.011517523515754828,0.10854924531801456,-0.3428655658074951,-0.4294873215679485,-0.03416469045443704,-0.0571824768474527,-0.17126871303770216,0.3205894882792123,-0.37933486694394475,-0.15628764538347645,-0.0007331040540090734
-0.02660681711904109,7.022231413933105,0.81885861125609,0.08669414273277068,0.0746009581345445,-0.7427824577451558,0.6596916272981663,-0.2849025690483593,0.009719866732066637,0.05799868285483805,0.23249526046078434,-0.17857549025481706,-0.026885330548934137,-0.25222151784530056,-0.02712806070517269,-0.07008284208485407,0.20866654325713704,-0.18213451897086988,0.051863451643515,0.00651351162977308,-0.013180905061756227,0.10993148717868989,-0.34753025788686887,-0.4296208247503574,-0.03445176775314157,-0.060576094491942005,-0.17230093827486712,0.32544581999935596,-0.3797132199575518,-0.1575289609432567,-0.000808680786604044
-0.02721827025917792,7.023228330933416,0.819001627789465,0.0866729002046243,0.0746090217076749,-0.7424346706592171,0.660084890035427,-0.28646375711054944,0.010480013059416558,0.056647664401200754,0.23249040231430226,-0.1772990173635721,-0.02790016478598951,-0.2533003101410237,-0.026115277064360308,-0.0703607997368829,0.20877764519538652,-0.18148093345317007,0.05057074734765868,0.006241129396048801,-0.015119248821228927,0.11146545518414049,-0.3519695144110087,-0.429797475663099,-0.034295240066493135,-0.06410661201193521,-0.17306873811411283,0.3301358238564559,-0.37993400196369387,-0.15876303820014606,-0.0008747018794911425
-0.027776888837901696,7.024207142903384,0.8191316123543397,0.08668784559593992,0.07473344791072369,-0.7420155774708301,0.6605399397310805,-0.28837829042839147,0.01124281503861945,0.05501591410836119,0.23256629450456426,-0.17596471182300888,-0.028860428878641188,-0.25450825158314166,-0.025058163054692918,-0.07084714759171225,0.20872208347556884,-0.18068137976452237,0.049392215684075175,0.005838644290819015,-0.01679728613214622,0.11325608179981385,-0.3563364392625797,-0.43057931988817977,-0.033537120075073104,-0.06744368883255139,-0.17377524401099387,0.3345417541589341,-0.38026975172621436,-0.15996136905003205,-0.0009423824930623977
-0.02827533805696338,7.025194898014406,0.819266188337712,0.08676677597392901,0.074908637881914,-0.7415078469719285,0.6610796740460418,-0.2906102226772672,0.011876023748386373,0.05306708247220899,0.23264881987579952,-0.1744479819585591,-0.0298432130700325,-0.2558796756807752,-0.02409291310009558,-0.07158225029317888,0.2085689253276829,-0.17971962157790516,0.04831196763239598,0.005355851227145391,-0.018641694626344168,0.11495236294437775,-0.36045948929573984,-0.43137477832411,-0.03195537270953599,-0.07072399491662001,-0.17437181154313475,0.3385613320666663,-0.3805653232199441,-0.16106179315995753,-0.000987807726899187
-0.02875037368266853,7.026298284840834,0.8194178897274432,0.0868870750952248,0.07514813682095817,-0.7409072523455625,0.6617097831644051,-0.2931569683732494,0.012441003595009076,0.050804554256800215,0.23269215651311267,-0.1728333757327706,-0.030781842183057708,-0.2574416213379768,-0.023153107141886203,-0.07252990037797977,0.2083355050671739,-0.17867418068460972,0.047391694462153994,0.004757900594367637,-0.020777975817877336,0.11668409128783389,-0.36438380075609605,-0.43222635209375276,-0.029443711599195815,-0.07410502644740714,-0.17477408811974698,0.34230094022545743,-0.3808461322727565,-0.16203569059576853,-0.0010346421158811544
-0.029213937770627346,7.027366932480643,0.8195749726450153,0.0870380754176913,0.07535914988422047,-0.7402690069856803,0.6623799281777389,-0.29568381099446184,0.012864438864345858,0.0484387337863588,0.23266094007068358,-0.17107797896519672,-0.031667407305828885,-0.2589972658674365,-0.022347220699579954,-0.07360913201443509,0.20810683589179557,-0.17757642003130722,0.046537752592162,0.004109668860709716,-0.02301571977669583,0.11828130976821274,-0.36823468913249374,-0.4328003564896417,-0.026278325718099384,-0.07731897141712106,-0.17500671439050042,0.3457107613934025,-0.3810738936164632,-0.16287244823817618,-0.0010584488702991687
-0.0296716855725309,7.02840963600953,0.8197299800940847,0.08715965131810026,0.07560022873353056,-0.7396445969400419,0.6630336875415518,-0.2982049700744829,0.013342349798224807,0.04608887605268892,0.23269386652913268,-0.16936116127915232,-0.03243633190695935,-0.2604832148582185,-0.021485096704218908,-0.07470585310138331,0.20780544044963814,-0.1764419160384554,0.04576902905886609,0.003521790911340899,-0.025126818084100448,0.12006902631119291,-0.3722668204804034,-0.4334885998292923,-0.02293857212006425,-0.08028294230922266,-0.17497763943771502,0.34863386444608796,-0.38135429665445386,-0.16358734093537422,-0.0010759824833927135
-0.03011963495736469,7.029452681826274,0.8198898724954738,0.08727184670881366,0.0758431586398084,-0.7390406937009074,0.6636642924805067,-0.3007190160948749,0.0138266592225977,0.04378364520398497,0.2327834450150143,-0.16768041565400277,-0.03309954438846374,-0.2619263387337267,-0.02060961374680824,-0.07578590974556272,0.2074443981676772,-0.175279920507673,0.04504342202959149,0.0030078483413871556,-0.027197276147077513,0.12201789523549642,-0.37655730405312077,-0.434149600875117,-0.019963244650874096,-0.08299881298065769,-0.1746632152644128,0.3508806971586187,-0.38170555276262247,-0.1641513374413146,-0.0010872626938382168
-0.030536357943377716,7.0304430542486145,0.8200434599592875,0.08739397079617535,0.07605305075532158,-0.7384423866538994,0.664289898261428,-0.30314786114930015,0.014205543528095261,0.041506656676407336,0.23285497481414497,-0.16595048330850123,-0.03370808108518113,-0.2633178302698895,-0.019841773209444198,-0.07689182238868143,0.20707431161067102,-0.1740772943355656,0.04433179103449885,0.0025488873345400707,-0.029300789837645218,0.12387087584306328,-0.38101232239139277,-0.43452115202899855,-0.017589996136184637,-0.08542852507304108,-0.17417051870612732,0.35254136986326207,-0.38204900511008966,-0.16452864831422417,-0.0010921857557598586
-0.030918688275071413,7.0314304547574595,0.8201897725930416,0.0875189482665998,0.07621693213587241,-0.7378586876031489,0.6649029779438972,-0.3054491861462197,0.014466060612084549,0.03930755098767535,0.23287175904255225,-0.16423021606198387,-0.03425957954906594,-0.2646963551124106,-0.01920288223041837,-0.07797721913647916,0.20679950699828029,-0.17295390530931884,0.0436562294764633,0.0021673977990864135,-0.03149261141507117,0.1254773719858197,-0.38532136402701433,-0.4345898508802509,-0.015816372510265648,-0.08763033794373193,-0.17357785336021317,0.3538197117345591,-0.38245611900124343,-0.16476077185240828,-0.0010976470148760442
-0.03130309496511007,7.032420901389252,0.8203268153199157,0.08760629872148794,0.0763627068912037,-0.7372986595975096,0.6654957249872346,-0.30763848864165344,0.014777238634572355,0.03717784497638078,0.2329214771918237,-0.16261578911196461,-0.03480651627913074,-0.26597427562412507,-0.018530968361716547,-0.0790515663887391,0.20654157928347508,-0.17190763396863273,0.04300180449047741,0.0019515076554196687,-0.03360391754731434,0.12697633829008179,-0.3893306724596375,-0.43460600900602653,-0.014440184812749833,-0.08959057666678344,-0.17278637337621477,0.35484294553798557,-0.38288730770312424,-0.1649335374458927,-0.0011132534638407271
-0.031706749616431516,7.03335914391708,0.8204617383462629,0.08767317312801748,0.07647525215754296,-0.7367651784105786,0.6660645782525393,-0.30964266757161607,0.01507986438095435,0.03518307317447853,0.23293582407645447,-0.1610491842447767,-0.03530438758934691,-0.26712576008516203,-0.01788913415983076,-0.08008619841632748,0.20628909535336665,-0.1708884887165698,0.04242992499110314,0.0017940137553212438,-0.03546586039977221,0.1282925842404301,-0.39275983153460636,-0.4345283473956934,-0.013311017842394782,-0.09124413872045692,-0.1718007295841241,0.35568880539077413,-0.3834150628443081,-0.1651979549639187,-0.0011431420179765655
-0.032105185146280406,7.034253730347639,0.8205852789127948,0.08772598319765393,0.07655619166854657,-0.7362528465917021,0.6666146167575605,-0.3114896244632208,0.015348041003183164,0.03329908890500135,0.23291891299747222,-0.1595246308532701,-0.0357614553647076,-0.26819025724375223,-0.017301263863193545,-0.081096040353967,0.2060685253048751,-0.16990765119472265,0.04192097984620202,0.0016859979752590856,-0.03712082168452583,0.12942900627939188,-0.39574510186285194,-0.4344048734183543,-0.012412364397138036,-0.09261808980649111,-0.1706720667213911,0.35630578804073404,-0.3840408033824642,-0.16562777250245336,-0.0011651947568183073
-0.032463465881969605,7.035128423525504,0.8207008285156328,0.08773522848052719,0.07662028853705447,-0.7357683591247746,0.6671407518498665,-0.31321299825920856,0.015636621042214957,0.03148138129121226,0.23295272100717798,-0.15810134726607852,-0.036220994241406755,-0.26914284078456535,-0.0167099554802267,-0.08209853963404054,0.2058705078401967,-0.16898079575517558,0.04136581273350143,0.0016687411686922286,-0.03861659076656128,0.13042039143787862,-0.39847414601584114,-0.4342928268347697,-0.011704258761474224,-0.09384309853940281,-0.16943167363533812,0.3569119575767585,-0.38461537948304175,-0.16614396802001344,-0.0011883822050403512
-0.032822521051200815,7.035988306305926,0.8208064657649061,0.08768442188529195,0.07666441970069332,-0.7353233232500105,0.667632847600505,-0.3148057265064396,0.016001043417410727,0.029752805317160184,0.23309405667660993,-0.1568260235370515,-0.03663479281790064,-0.2699478762991791,-0.016065668141337648,-0.08305978540677823,0.20571048710904385,-0.16812932094286023,0.04073769665764537,0.0017254748963506168,-0.039922591245833375,0.13135451306197607,-0.40099427262628784,-0.4341857983975585,-0.011134232941619271,-0.09501194385486776,-0.16809950579794863,0.3579824029656816,-0.3850937988937034,-0.1665779277275866,-0.0012348357459623488
-0.0331796354688589,7.036790385216337,0.8209097040047013,0.08759184286211022,0.07667609374662927,-0.7349241012404965,0.6680830869941451,-0.31622489033121626,0.016393093178806082,0.028140916092945646,0.2333005438202309,-0.1556464469351088,-0.03699203668887106,-0.27063683559592094,-0.01542081957224798,-0.08394999131043443,0.20564340784654678,-0.16732200643503697,0.03998055590450289,0.001888189805554124,-0.04096107768704328,0.13215028161107603,-0.4032935850238302,-0.4341066851793319,-0.010650437223693911,-0.09598901728115307,-0.1667990703649128,0.3596057141233428,-0.38558117084106186,-0.1667849777211574,-0.0012818259530369169
-0.03352944736244779,7.037511146166493,0.8209986065382345,0.0874608693480081,0.07666091352905857,-0.734619658369709,0.6684367271526551,-0.3173055729580557,0.0168608786585192,0.027021822200646035,0.23337864599675687,-0.15480276743364177,-0.03719368370339872,-0.27125920901841827,-0.014757964960393605,-0.08454773454944708,0.205722451891687,-0.16672686329627137,0.03938281861850547,0.0022939993708442448,-0.04147164695846288,0.1326077392325723,-0.40468601182015485,-0.43423953283710454,-0.010485422777392414,-0.09658074063702192,-0.16551461797407704,0.361133587274252,-0.38619906023555073,-0.16669426543154062,-0.0013018082425402045
-0.03386504596549957,7.038247775628755,0.8210772709031662,0.08734775725274614,0.07661108958121017,-0.734306697472608,0.6688010050104344,-0.31842170406888703,0.017212571891396643,0.025744112583933467,0.23357122535526267,-0.15385962780560758,-0.03743815996930848,-0.2718707859650945,-0.01419958800924348,-0.08521202136647188,0.2058609719056877,-0.1661339966927494,0.038596777630075,0.0027159272240588174,-0.04200322171191431,0.13304659155209034,-0.4063828421185015,-0.43439539856660436,-0.01034875172983083,-0.09706316959933385,-0.16442897935409248,0.3631962972155033,-0.3869653253986041,-0.16645832180197,-0.0013145416120141403
-0.03416583819739969,7.038935619602074,0.8211522662028509,0.08722099211895819,0.07652309084402548,-0.7340041080312751,0.6691596853477307,-0.3194244111186036,0.01750105695338113,0.024455253801772207,0.23382442214213564,-0.15292942199435397,-0.03770938477577762,-0.2723814831317836,-0.013717901006501118,-0.085910982472861,0.20606113704037612,-0.16560213539769275,0.037706323856861096,0.003120935819464136,-0.04240394365411274,0.1333931185658228,-0.4082577355502247,-0.43446786640743684,-0.010235424931861178,-0.09744728650390634,-0.1634582639828814,0.36572310932871244,-0.38768902271138395,-0.16610188315963376,-0.001333409255631312
-0.03447073324061222,7.039589327638655,0.8212144431530252,0.08702041592732007,0.07639821791921017,-0.7337254661745354,0.6695055636793215,-0.3202037740632924,0.01784876857465308,0.02323360665942094,0.23413412718352342,-0.15212014438209728,-0.03793790073777798,-0.2726841153729235,-0.013205528443390202,-0.0866219557565734,0.20628891470733945,-0.16513456464594473,0.036791764171180276,0.0034231239965531583,-0.04263760367488412,0.13368442799950792,-0.4100964341812658,-0.4343376901099584,-0.010140972559568402,-0.0979128005464593,-0.16237058151292283,0.36884308130552684,-0.38816922558645917,-0.1656561387323704,-0.0013965095118677116
-0.03480190949452376,7.040173516485995,0.8212667018269187,0.08682065982701961,0.07626147470940528,-0.7334671527643506,0.6698300503247856,-0.3208642818049107,0.01818523483789921,0.022100641527884,0.2344482324881749,-0.15140704005361463,-0.038075885661145364,-0.27290756152501006,-0.01272107825172217,-0.08729816901731438,0.20655456592688792,-0.1647503198097485,0.03589898398296583,0.003855676796346104,-0.04269806225253869,0.133908759091827,-0.41189293392562815,-0.43411434874978666,-0.010073924655125056,-0.0981979003487002,-0.1613996337057451,0.3724422926144219,-0.3886521282001666,-0.16516252617662994,-0.0014365030990964136
-0.03508358571451592,7.040764749241327,0.821310365660217,0.08659641294336837,0.07608340021042581,-0.7332330419628605,0.6701355710986039,-0.32140044873281026,0.018471301324149588,0.02104676120176958,0.23477416354365385,-0.1507712387381123,-0.0382201914285446,-0.27303993495289197,-0.012308002757713848,-0.08795180426110133,0.2068344197776159,-0.16444848205686943,0.034997891135709384,0.004104715946420924,-0.04260804128994058,0.13400820053541895,-0.41366849176828174,-0.4337855761895513,-0.010035217790169538,-0.09864870228557752,-0.16046048826748824,0.37654904602345446,-0.38897861219544233,-0.16459604517624984,-0.0015146640890881776
-0.035343402628343866,7.041331401769951,0.8213553650497604,0.08641262510256051,0.0759152953998809,-0.7329872906190968,0.6704471328435292,-0.3219718374759792,0.018680428228901647,0.01998792072817006,0.2350373804439072,-0.15009916315710903,-0.03839166641160731,-0.2732262681372152,-0.011971191750287548,-0.08861791187921457,0.2070866168175127,-0.16415068560377402,0.03414523240353685,0.004308291529165755,-0.04249312546012085,0.13406183375026165,-0.4156650537690044,-0.4333980251834466,-0.010056106411100559,-0.09906986848953807,-0.15958881992611534,0.38090699552478385,-0.3892681641817329,-0.16391427228355093,-0.0015588832791998144
-0.035580369164363655,7.04192116669845,0.8214022297113144,0.08624340313794958,0.07572605075912013,-0.7327256204221653,0.6707762710685026,-0.3225330742499538,0.0188017170917507,0.018895215883146403,0.23523361503453094,-0.14935954390136155,-0.038617412023429894,-0.27342457387337804,-0.011730608575452323,-0.08932892682502182,0.20733438830462322,-0.16386921179529573,0.033382320454727575,0.004259579560628424,-0.04243611817176354,0.1341050410607901,-0.41809874695706334,-0.4328578889555517,-0.010184011440843119,-0.09968451706277281,-0.15867326102887377,0.3856400523387979,-0.38941633289324357,-0.16301599682849718,-0.0016125794358449002
-0.03582970718888904,7.042559661406158,0.8214394894797009,0.08610904800840201,0.0755478969215597,-0.7324393119178743,0.6711262187391335,-0.32315091448443073,0.018860847902708353,0.017745975882367582,0.23533603669131145,-0.14860275523301092,-0.038850078396103396,-0.2737018382048906,-0.011542297222291933,-0.09008148723490177,0.2075697319432295,-0.16365138777239577,0.03275691690196875,0.004177688682924083,-0.04250628414568024,0.13418954463999203,-0.4210113052777126,-0.43228100397619634,-0.010435057719808367,-0.10032561833291534,-0.15779719293392663,0.3906353532042365,-0.3895891656540229,-0.16186448404567808,-0.001632763055298094
-0.03605557559296349,7.043082823183173,0.8214919530493332,0.08598976348991191,0.0753684743981078,-0.7321519153263102,0.6714751868281258,-0.3237015215996548,0.01886770143148458,0.016602600077895942,0.23541658119448988,-0.14774220911597027,-0.03910513240815955,-0.2739326778207089,-0.011424153133708655,-0.09086610030963782,0.20781128207539487,-0.16337443082472736,0.032179133832517574,0.0040984607599024985,-0.04244822428156426,0.13416778223485656,-0.4241746950877585,-0.4315869636178219,-0.010749654693602234,-0.10076712028361332,-0.15697714202904806,0.39568805473193647,-0.3896600934165976,-0.1604772023768092,-0.001636157432069533
-0.0362651726312448,7.043580716185793,0.821530562025837,0.08581800026327854,0.07514656113537109,-0.7318887483330436,0.6718088457618213,-0.3240528039866452,0.018891752480773863,0.01555776245490821,0.2354975763131354,-0.1469034813439884,-0.03936430417002481,-0.2740057059762168,-0.011325812644205391,-0.09164677299658343,0.20808819828433275,-0.16312502930995598,0.03164227463096182,0.0039451010865756315,-0.04234186748049068,0.13392006243350033,-0.4269804113358186,-0.430707140097441,-0.010998467124708151,-0.10127430618318653,-0.15596045320168894,0.40063393105758854,-0.3894497349252348,-0.1589325059055228,-0.0016761727444715598
-0.03648178711870054,7.044059269733951,0.8215739451312123,0.08566957239997063,0.07494925475837086,-0.731641470103516,0.6721191061119576,-0.32438724352299075,0.018932026546579234,0.01461371445625507,0.23552015652582792,-0.1460991938455792,-0.039596895907116555,-0.27410820384351103,-0.011215958277636348,-0.09236511588862494,0.20833359398416534,-0.16288293860490038,0.03116135984274643,0.003941993892315108,-0.04219826086293314,0.1335418758091325,-0.4292822847563051,-0.42985059029979306,-0.011079795360990023,-0.10161625735383348,-0.15488969573963532,0.4051844734940701,-0.3891916140674957,-0.1573242046767522,-0.0016928784859812954
-0.03665422576688161,7.044505011854673,0.8216145137377965,0.08554136488314058,0.07476394525898822,-0.7314134168065051,0.6724042244800921,-0.32470287374259305,0.01894062641790932,0.013757800926575019,0.23552044208836184,-0.145317223100362,-0.03984851108222039,-0.27423091670205596,-0.01114638259320587,-0.09302098044835123,0.20857365636533157,-0.1626557255137467,0.03069237069224972,0.004043320620523779,-0.041930600413269285,0.13306368042614752,-0.4312024624450134,-0.4291239202013004,-0.010944105837178928,-0.10172188811433616,-0.15391428366129856,0.40931237607672666,-0.3889844089866832,-0.15567716428281664,-0.0016892822948553015
-0.03683702293859806,7.044948587313491,0.8216485051901422,0.08539569266018239,0.07455599472800083,-0.7312174670350033,0.6726588996126638,-0.3249219472024953,0.01895887246398554,0.01302122027952132,0.23552109255604664,-0.14457018834568472,-0.04007713088968997,-0.27430858818546744,-0.011090740851126454,-0.0935977146482913,0.20885050459942373,-0.16245787503143702,0.030291919055785207,0.004103966950446393,-0.04154731270775707,0.13247843962561986,-0.43243746546432665,-0.4283846068063557,-0.01056422835319454,-0.10179687419826292,-0.15284223046390444,0.41321057582451187,-0.38869940813949194,-0.15400138172776426,-0.0017257989061209799
-0.037008869405422064,7.045381772893476,0.8216854640433495,0.08529290868556337,0.07438141546853329,-0.7310403835712679,0.6728837064075982,-0.3251976964022618,0.0189689585405561,0.012339484950377407,0.23546918653319146,-0.14383128859423555,-0.040325879071947,-0.2744730478861351,-0.011030327999627691,-0.09410971146141184,0.20907258324604508,-0.16225157249032535,0.02991508263081188,0.004347274521241341,-0.04105945405999597,0.13178165045219184,-0.4328492447870011,-0.4278677444704743,-0.009937012108552832,-0.10167684652493501,-0.15181961394785548,0.41663782491062923,-0.3885095181416676,-0.1523138618170684,-0.0017433565494208657
-0.03715729335724034,7.045808828293197,0.8217214355765449,0.08517761730894904,0.07417325404809598,-0.7309131502881848,0.6730594837228637,-0.32536992571457285,0.018942812016926238,0.01178320057978784,0.23542190666110904,-0.14309297905925095,-0.04059643785221761,-0.27459506953008916,-0.011029490627373607,-0.09452486389694421,0.20931866455794032,-0.16204684823679585,0.02958068646632922,0.004351143623891618,-0.04032095477860528,0.1307840697159611,-0.43182443154239025,-0.42737372010313124,-0.009026481522897142,-0.10173720171406392,-0.15061403084036826,0.41986912666213566,-0.38815798256153955,-0.1505872283994557,-0.0018616390616321991
-0.0372811858700948,7.046208112564309,0.8217628236530076,0.08510583687300269,0.07402798565628,-0.7307940505179379,0.6732138661654294,-0.32564122064140355,0.01892881375613645,0.011242760798172009,0.23531365174729335,-0.14233791791983372,-0.04090284113292073,-0.27483826127697264,-0.011001259068495528,-0.09489465262391907,0.20952561900254338,-0.16181834205354573,0.02927043027508561,0.004616168572722902,-0.03942454760800391,0.1296874860968751,-0.42972694767144226,-0.4273012369439294,-0.00782177482664875,-0.10155281691973453,-0.14948317738841338,0.4225613767137841,-0.38792910552910276,-0.14885025240721428,-0.0019206629025383198
-0.03742812760241906,7.046549330475787,0.8217930344147949,0.08504645738531835,0.07387680013436439,-0.7307095555566487,0.6733296844089965,-0.3258425391492289,0.018917441978791274,0.010821990213202641,0.2352099428504683,-0.14160232766853895,-0.041188529783160545,-0.275056256488869,-0.010985731131504497,-0.09516769811124541,0.20973921365983864,-0.16158407961552138,0.02901348550151217,0.00481786875090163,-0.038250285220212364,0.12861569375863327,-0.4266828538667478,-0.42745637283014914,-0.0064101108910983315,-0.10126656190894091,-0.14831123708097932,0.42502881579560253,-0.3877920329620634,-0.14710661659788588,-0.0020020437659868918
-0.03755051505596034,7.04686605434091,0.8218204963535644,0.08498025931800254,0.07369405387623144,-0.7306557063129073,0.6734164987449581,-0.3259243496415415,0.018871660631594577,0.010545512135718063,0.23511106198127305,-0.14091906639816276,-0.04147049015966294,-0.2752249620487305,-0.01102279469800124,-0.095345337736949,0.2099908373874856,-0.16138324787771816,0.02875491342458277,0.0049002639267754985,-0.036973830716302385,0.12752361165138956,-0.4230744985959578,-0.42767570834568835,-0.004952571078528707,-0.10104963084693101,-0.1471168522335529,0.42746938712652954,-0.38754535038830057,-0.145374771935366,-0.002090455107115978
-0.03765243112778826,7.047145956986111,0.8218442870120912,0.0849057723041239,0.07352163940207622,-0.7306226644636192,0.6734805866104475,-0.32593266998170195,0.018840485223370704,0.010396506602374804,0.2350131787459637,-0.1403195209154724,-0.0417173594157182,-0.2753575807158159,-0.011059033600125936,-0.09543755828382722,0.21025601084891635,-0.16122824219810633,0.028517138120994184,0.005212166301212993,-0.03574501007085727,0.1265383466527634,-0.41938654353236254,-0.42800529230125156,-0.0036091119814668773,-0.10065722631879621,-0.14599766044795448,0.4297141011262669,-0.3872418217850827,-0.14371777951637832,-0.0020991813632170392
-0.03773669888927023,7.047403895614667,0.8218678178610772,0.0848357961281503,0.0733881320136754,-0.7306068541882254,0.6735211165123415,-0.3259609686214175,0.018861668056337877,0.010325254446602872,0.23493672524299147,-0.13981434036904605,-0.04194817939230515,-0.2755077025077322,-0.0110422703416821,-0.09546118038499203,0.21049349922561045,-0.16109992901168269,0.028286750119886035,0.006096336815621392,-0.03464468855919933,0.12575538256636637,-0.4159159926104734,-0.4285809702359488,-0.0024439140112973053,-0.09980312163896923,-0.14507514470751975,0.4313877463835009,-0.38712078353440227,-0.14219145222437385,-0.0019813609758107882
-0.0378291581829714,7.047652518440327,0.821887726756531,0.08478611114168629,0.07320052008359991,-0.7306490704639198,0.6735019933505538,-0.3258670212074655,0.018799154208175396,0.010467242614208989,0.23483806487938141,-0.13934698210269317,-0.04213791986356442,-0.27565976160889,-0.01112800931727591,-0.09530591381427189,0.2107723066262686,-0.16099196857088727,0.028087930567959784,0.006408770550336196,-0.033273623746091184,0.1250295346345177,-0.41175578311260336,-0.4290470004282406,-0.0014661344882594927,-0.09921587597651839,-0.14407220629846074,0.4333512671066798,-0.38701830962910294,-0.14074895657348097,-0.002044563887122424
