-0.03404441256040586,0.06522257243223613,0.6917601177398176,0.016894022369250028,0.02877086896307972,-0.4641991643603729,0.8851022341596634,-0.002959741865951474,0.0002424431677013311,0.1406364123956872,0.00881677003232863,0.07685193518170433,-0.35390494995312194,-0.10767163242361967,-0.040891175786065714,-0.05585844394007645,-2.1658069978475924e-20,-0.4232032087064897,-0.10190985633569044,0.042826023199305584,-0.008763190473966323,0.1958324361256447,-0.04594273337139056,-0.01016587388590942,-0.004171720802086459,0.007501411425129891,-0.19219915860106626,0.17453292519958497,-0.049074844518861516,0.01707858958956671
-0.012602149987194396,0.0719050315608716,0.6795879922865915,0.024842025647368815,0.03331740918113373,-0.63725358290217,0.7695327771352818,-0.007956551633183448,0.0012663143967311429,0.32658200510416535,-0.9942231827339769,0.4454449048622774,-0.8656175470510254,-0.17037083018595353,1.120453421212065,0.07668017434261176,0.17133492521494287,-0.10834281585993057,-0.08614919222757181,0.056008077074276685,0.2662159068595341,0.20277136051377284,-0.1773612780949614,-0.05062817326585446,-0.05565495763189189,-0.037481680727419045,-0.26709270613204666,0.21701092546429152,-0.17449199000119966,0.05377408625506739
-0.007556049890626664,0.07237003984937414,0.6746061239567297,0.026880514575942826,0.03315623634833673,-0.6704163115201895,0.7407564182475979,-0.012365112061976616,0.009522936950807323,0.13501379653320103,-1.25881665352883,0.599823974852987,-0.7134648782001397,0.0364423300984537,1.3505870117004888,0.3188456004987414,0.4673040428853142,-0.011073377049565326,-0.12654724184238503,0.06281634088053112,0.28064201990570614,0.2797264972029749,-0.25564376470088157,-0.08349699034745327,-0.13004455260908557,-0.07261147329105765,-0.287537645921697,0.3688419944487393,-0.29504990552257987,0.08372289776750158
-0.005800236401722303,0.07289529440608211,0.6738184813686712,0.02506524587053432,0.03279455631692702,-0.6795381035319187,0.7324781337170886,-0.008448713764566355,0.020015645537058684,0.0470064554085394,-1.3423847378753437,0.5998731398260589,-0.5699096656886288,0.11297986288426919,1.3931408672123813,0.32716955894245936,0.5410422263824103,0.013561547372666455,-0.12750740945925734,0.0650526868805989,0.2804085456465219,0.2874602178290424,-0.2603657656699411,-0.08355447215187649,-0.13079165642434948,-0.07274418422039554,-0.2872694410305788,0.3761585663186049,-0.2995690138791173,0.08441032420111531
-0.005224566621224034,0.07295849518085373,0.6736773971900704,0.024713111674871974,0.032829157485034205,-0.6829656701261245,0.7292937693133966,-0.0043276064048374556,0.024785849549934236,0.013926165844543866,-1.3697604105242307,0.5978865164647894,-0.5187191153519246,0.1399911213961134,1.3999826722113449,0.3296810161415534,0.5693965742650493,0.02293272021164127,-0.1274401681144298,0.06535724244287192,0.2804636502330493,0.2881960554749005,-0.26086853695395623,-0.08354163358588718,-0.13053898616355467,-0.0726130475022796,-0.28721841678690796,0.3765139321545314,-0.29981559094631594,0.08478263244614828
-0.005017652337911821,0.07292564877682524,0.6736490152404531,0.02468551034767251,0.0327861203100202,-0.6841520322189037,0.7281838316693361,-0.0002669308181976694,0.028474580697742218,0.0008147986559005707,-1.3796050718074677,0.597397203968374,-0.49807539098732373,0.15034261746309327,1.4002072723233445,0.33058426786794004,0.5816323088142379,0.026224288261626656,-0.12730164865086377,0.06517633398313695,0.28046790498209984,0.28824381074791405,-0.261016839785675,-0.08355812948609632,-0.13039517652969995,-0.07279791329169896,-0.28715557961478516,0.37653347595861303,-0.29978865078376754,0.08508764708344917
-0.0049289274358513555,0.07288985629307419,0.673614079947628,0.0246993712598775,0.03272325403700817,-0.6846269017924393,0.727739744034007,0.0015093954282925765,0.0299209626211759,-0.0036394220226783343,-1.3828898202962299,0.5969239524095642,-0.4916463285461132,0.1539347115607584,1.399750637714168,0.3309800750997175,0.5856899527577719,0.027503650753353672,-0.12711526628690176,0.06496880514316003,0.28051053197862813,0.2882149285217054,-0.26117762293622837,-0.08361355630606845,-0.13030343322753135,-0.07298856530076499,-0.28698958335553754,0.3765787640764378,-0.29971102588245796,0.08530231182614943
-0.004888582131865914,0.07287275679762881,0.6735823791172573,0.024682378695100884,0.03266134160989538,-0.6847803394676896,0.7275987243149271,0.0030795734743037863,0.031151843764034664,-0.005550489434115503,-1.3842638709968498,0.5967415748452022,-0.4883635726172915,0.15556197498847962,1.3994078734534918,0.3310967400811172,0.5877951786597473,0.027950080841658866,-0.12690732779544464,0.06481221705120903,0.2804945762566582,0.2881903332235914,-0.2613554509355054,-0.08367400491243532,-0.13017021404410875,-0.0731343897587358,-0.28687264494705444,0.3766419976141971,-0.29964782417527835,0.08549022203068664
-0.004856951148158843,0.07286461070967487,0.6735765882565571,0.024672499378292637,0.03259925826618282,-0.6848459498030063,0.7275400890489413,0.0044331661823769275,0.03219857367896131,-0.006287278379263033,-1.3848510535600778,0.5966195811593784,-0.48691010900035336,0.15630022495275145,1.3992219030350097,0.3311139793465339,0.5887383790658772,0.028136892364878745,-0.12670562333586155,0.06466600072545733,0.28048402744625994,0.2881408578274885,-0.26145771292587,-0.08372674708703279,-0.13002865510050585,-0.07326910517666571,-0.2868097388422561,0.37667901865364767,-0.29964535369223816,0.08557563551923782
-0.0048328623992827556,0.07286457945927911,0.6735971179939045,0.024677981758985012,0.0325305437409819,-0.684909747881559,0.7274829195225403,0.005585509204910827,0.033089761224409764,-0.006435133356741441,-1.3850681743751145,0.5964372560690862,-0.4863572936076216,0.15659486251451635,1.399115173578979,0.331125997739217,0.5890757504795655,0.02830528526508477,-0.1265096674872,0.06449624516321152,0.2804835564970042,0.2880515456564239,-0.2614384121466729,-0.0837500884904487,-0.1298963878743838,-0.07343961927918997,-0.286825408515296,0.37674199703706185,-0.29977691276297663,0.08551237817021921
-0.004810176123909516,0.07284334892533639,0.6736123697973189,0.024673239514581523,0.032477023492993355,-0.6849498089933278,0.7274477530083489,0.0065647116039967935,0.03385024508637817,-0.0063958694355075885,-1.3851318352559827,0.5963366117275679,-0.4861598428434446,0.1567948381217711,1.3990853695340564,0.3311203522865963,0.5892213834251838,0.0284026326098956,-0.12631195287496064,0.06435780857785665,0.28047753724184304,0.2879610827085375,-0.2613621775304378,-0.08375395176712372,-0.12976695639262062,-0.07359580741089887,-0.28690070899007175,0.3768498757193775,-0.3000158322088346,0.08531670657913674
-0.004761627541997618,0.07281995909342452,0.6736000434743789,0.02466830862810532,0.03241301028753951,-0.6849921665024636,0.7274108901740403,0.007392892479107462,0.034497121785282414,-0.006228724940783438,-1.3851618009919184,0.5962710246359717,-0.48610559425908656,0.15689301711894577,1.3990457114864994,0.33110377146004144,0.5892303018583083,0.028522127169518983,-0.1261241485851936,0.06419291282162977,0.28045483699085566,0.28791106278256456,-0.2613044244959419,-0.08376213011559036,-0.12965629814904095,-0.07380379733167637,-0.28700700901491705,0.3770539830864724,-0.30034194782359486,0.08508765514015684
-0.004739064170328513,0.07279263955432365,0.6735878681907104,0.024663211976108382,0.032364637618373736,-0.6850083396134801,0.7273979865705131,0.008094618518019897,0.03504207611061651,-0.006077031774604569,-1.385108926660517,0.5962484986035078,-0.48615160076772085,0.15695405623022454,1.3990769594994132,0.33106625998961575,0.5892330527427738,0.02860481930912327,-0.1259797592391816,0.06407304820341059,0.28039926109464014,0.28785697064196236,-0.2612688909508319,-0.08376618463473502,-0.12955441678107862,-0.07395121657786033,-0.28712846231497163,0.3771887388065456,-0.30057804255384446,0.08494005932201121
-0.004725741567912269,0.07279987104775733,0.6735568377087404,0.024669449892043543,0.03234452794777152,-0.6849958343535144,0.7274104458090995,0.008690186269911138,0.03549187228544505,-0.006074906542262907,-1.3850392469170216,0.5962352877089172,-0.4861552894225299,0.15697871420983361,1.399106480657663,0.3310040649343214,0.5893085366956704,0.028675279419090153,-0.1259607109414872,0.06400184698392229,0.28028584212975094,0.287829993129207,-0.2613032034226238,-0.08380477144491033,-0.1295110780190049,-0.07403490761685784,-0.2872881202703931,0.37723769717582645,-0.3007021458124472,0.08492523220510209
-0.004724728002071359,0.07282057842779846,0.6735524451689986,0.02466710513859607,0.03235552764830894,-0.6849743791683129,0.7274302397052694,0.009195995717390213,0.03585568191263513,-0.006136109863112522,-1.3849578959827422,0.5961942787989659,-0.4861404520885217,0.15698095062226516,1.3991742652047343,0.33094932417132333,0.5894415059163578,0.028761069472102496,-0.12601141876296412,0.06399105625913193,0.2801292130286502,0.28779566434292875,-0.26134477417376234,-0.08385239383222778,-0.12945917569649615,-0.07403453738884803,-0.2874858723424032,0.3771380061946894,-0.30068541864196424,0.08499943089721294
-0.004738716882999205,0.07282681322902136,0.6735649739085975,0.024672054181939195,0.03236138519324703,-0.6849585174793601,0.7274447469212322,0.00962516843797874,0.036148660306424496,-0.006175813608814785,-1.384861559655436,0.596144425130507,-0.4861540845756855,0.15700172493531106,1.3992584139384923,0.330904469061887,0.5896067642471231,0.028862131456286425,-0.12604757285034462,0.06397617590565118,0.27998357898307846,0.2877401466466805,-0.2613561389860186,-0.08387576756281288,-0.12938164728540663,-0.07402397618372589,-0.2876669294783965,0.3769908209657841,-0.3006056409622721,0.08509660480883388
-0.004717010103713562,0.07281208335998388,0.6735703809237253,0.0246740524963055,0.03235008386376251,-0.6849653066549447,0.7274387890994783,0.009987836690001806,0.03638891034053296,-0.006146766312890217,-1.384830592941104,0.5960532381057277,-0.4861726295608768,0.1570805626293078,1.3992731289861735,0.33087142172749356,0.5898117992831861,0.028985183735808565,-0.1260289477940898,0.06389769092588692,0.27989147765028316,0.2877054524116707,-0.26134073659401275,-0.08384417881483465,-0.12928220105838822,-0.07408548538039962,-0.2877756243081954,0.37689658343604604,-0.30054248543993056,0.08514753580341822
-0.004680429656350713,0.07279856811737777,0.6735845177409623,0.02468543878993461,0.03230091271574691,-0.684998923529082,0.7274089323849946,0.01029363981260586,0.03659633060296947,-0.006064905073983054,-1.3848293540063379,0.5960249198099239,-0.4861787579387165,0.15713226497680474,1.399271786267213,0.33087610381421095,0.5899281278178636,0.02911032192245357,-0.125919675751982,0.0637247276095765,0.2798943430603718,0.28766377383029795,-0.2612685636227053,-0.08370049363289897,-0.12919685286091193,-0.07425480362529932,-0.2877511432528092,0.37693545778770793,-0.30053792560328013,0.08510908770354242
-0.004618134012111338,0.0727722668587972,0.6735862538178387,0.02469572314591305,0.03222363342693394,-0.6850481826214274,0.7273656207122711,0.010550935137258058,0.036783314537305024,-0.0059241572768504135,-1.3848707567041618,0.5960785891998991,-0.48618777098339727,0.15719827716692628,1.3992242910914612,0.33090637406109935,0.5900013586441153,0.029225595883146282,-0.12573927809693258,0.06347689802651175,0.2799679388176031,0.28764260019914256,-0.26117488553056584,-0.08346878938278018,-0.1291290749821175,-0.07451660996786458,-0.2876278271427196,0.3771229875310322,-0.3005952792354226,0.08500932995241803
-0.004572825591528202,0.0727338403267084,0.6735717922291355,0.024701821281268747,0.03214643642735534,-0.6850864492182153,0.7273327874831363,0.01076887425594218,0.03695285391290433,-0.005796793504439323,-1.3848812839928129,0.5962113583753486,-0.48621073963490796,0.15728264941476675,1.3992030155382416,0.33093747642670257,0.5900568296297266,0.02931139637589958,-0.12555038804663668,0.06324462723811054,0.28004875545129915,0.28763201776907055,-0.26109136240442327,-0.08322948136691465,-0.12906119457556595,-0.07476933318294535,-0.2874954033719807,0.377333871101529,-0.3006729798653898,0.08493131880318847
-0.004550847747914493,0.07274049336564285,0.6735662855887666,0.024716154145420662,0.032096209211561644,-0.6851036905358013,0.7273182785361121,0.01095431191343822,0.03709935688450821,-0.005810120312643685,-1.3848780961008171,0.5963365304805188,-0.486171911989077,0.15727383367460004,1.3992156328195866,0.33098094622196916,0.5900475514154435,0.029390082096824626,-0.1254625613064687,0.06307190601891005,0.28007970095326673,0.2876030674033309,-0.26102636281543606,-0.08309418954711537,-0.12902868876342236,-0.0749482491635086,-0.2874424978006404,0.3774440667094636,-0.300719757483215,0.08494750940020235
-0.00454222903644115,0.07277884200271117,0.6735493230450906,0.0247234098994155,0.03207949937332072,-0.6850826567492323,0.7273385815040456,0.011113969192895085,0.03721465395443925,-0.0059354919725730405,-1.384871071503858,0.596515667211107,-0.48608132000315674,0.1572488114436134,1.399231064642917,0.33105778353560217,0.5900344309873411,0.029454205447424102,-0.12548091483736462,0.06298190467747927,0.28002190452074277,0.287588158016799,-0.2610100202813306,-0.08312440287435088,-0.1289811987233387,-0.07503296677765285,-0.28751683681746365,0.37739921699857104,-0.30070802742029024,0.08514056280007488
-0.00454961510490352,0.0728249297416058,0.6735309754651904,0.024735135815253936,0.03208404484042636,-0.6850465651150685,0.7273719755028549,0.011251045328545128,0.037300034597141776,-0.006096407529010373,-1.3848357654651662,0.5966320967663256,-0.4860069405753552,0.15720812219119293,1.3992669591191258,0.33111980614854664,0.5900280949695597,0.029525684790709564,-0.12557818083920352,0.06295435259014984,0.2799181738980674,0.2875849319496718,-0.2610144943207288,-0.08327510156754724,-0.1289272836234933,-0.07504863976987614,-0.2876671089458912,0.37724656935532536,-0.30065158394387853,0.08546486164775435
-0.004556141537118681,0.07281176099548785,0.6735272335240373,0.02470725226949329,0.032090846734883084,-0.6849917120625159,0.7274242803528035,0.011370998190726078,0.03735415888985165,-0.006216738809736239,-1.384806439162628,0.596882111755831,-0.4859297292101922,0.15732788358670957,1.3992937358543813,0.3312401112777638,0.5901238734131956,0.029567971060460708,-0.12559896447311036,0.06297587884185225,0.2797783954152515,0.287579373983442,-0.26101960175242206,-0.0834420203198707,-0.12871466221400443,-0.07499626232949398,-0.28787520243112646,0.37695230857707485,-0.3005097855982865,0.08578690219622868
-0.004539169829628118,0.07277010355979677,0.6735374765791531,0.024702239625187115,0.03207886691613933,-0.6849485248693579,0.7274656445043766,0.011473757895233807,0.037389605438040985,-0.006278606988576581,-1.3848154953835434,0.5970329454669665,-0.48587634517207445,0.15742328765948413,1.399279019741818,0.33130371630648964,0.5902156204758864,0.02956566063804154,-0.1255688400782459,0.06294627294394557,0.27967536206878757,0.28754779001823355,-0.26102464754373234,-0.08356142815455009,-0.12853882622863355,-0.07500253370471208,-0.28803676794600636,0.37675089239501297,-0.30041063578728167,0.08595912952792009
-0.004520007865533889,0.07275392069286456,0.6735211219064507,0.02469419387631037,0.03207887648748278,-0.6849232186429546,0.7274897435949709,0.011560648059630928,0.03741547431558802,-0.006325872519235845,-1.3848106745305462,0.5970712437050565,-0.4858304912493123,0.15742908952807433,1.3992756399040867,0.3313134116050826,0.590218917103611,0.029502524556967127,-0.12554150367385838,0.0629205896396614,0.2796176173312017,0.2875421702441413,-0.26112199504287226,-0.0835803155561676,-0.12850483909987878,-0.0750375010056506,-0.28812882501706083,0.3767664146777864,-0.30043787577278946,0.08592637729116151
-0.004487055784080085,0.072736434414423,0.673515545375914,0.024683954085611675,0.03206326332168942,-0.6849076593496436,0.7275054279660442,0.011633192371385452,0.037435111519208836,-0.006278066185601729,-1.3848425572883596,0.5969704956300118,-0.48580825094907826,0.15744642280910723,1.3992578927850337,0.33131340530464765,0.5901720179177246,0.02939681837378832,-0.12546959883848205,0.06287573452664727,0.2795807528158675,0.2875398719935305,-0.26125754672177603,-0.08354280335412465,-0.12852279469491731,-0.07511074856004377,-0.28817878293914534,0.3769212486768561,-0.30053413412082747,0.08573255563507935
-0.004477989900948985,0.07273139262934468,0.6735308439423129,0.02468098746723411,0.03204697999376686,-0.6849208744078008,0.7274938045999952,0.011691493147524892,0.03745349711577662,-0.006185148971066241,-1.3848538833074007,0.5967401455582612,-0.48583774698272025,0.15738489778473663,1.399264159321577,0.3313429560028222,0.5900525661461873,0.029358751810973503,-0.1253953278107384,0.06282540351841168,0.2795632158523332,0.2875085522531798,-0.2613642259791464,-0.08346638992905495,-0.12857049510531207,-0.07518035214800509,-0.2882132375323006,0.3770979511286333,-0.3006387369502956,0.08549462902475417
-0.004462846278365336,0.07276878222345316,0.6735232938255392,0.024674688719071098,0.03202444247517296,-0.6849184540242335,0.7274972894505012,0.011740657947018724,0.037469133206073695,-0.006174198282728327,-1.3848918585592116,0.5966199429190242,-0.48578727208936334,0.1573294123114946,1.399242674444359,0.33135194986459815,0.5899357348310671,0.029335615817257178,-0.12534916063039767,0.06276603933742117,0.2795395471111568,0.28750461823919604,-0.2614426993812738,-0.08340352407502047,-0.12860363848627834,-0.07526055588126816,-0.2882645519951351,0.3772571578609534,-0.3007532963106989,0.08531199764741446
-0.0044112134654484625,0.07278481512032414,0.6735504848892431,0.024659149500025717,0.031977735016047566,-0.6849162598956141,0.7275019365883388,0.011781705796031028,0.0374857452816936,-0.006109654655225291,-1.38497756511989,0.59656363710021,-0.4857302403690034,0.15737297961694793,1.399197933194737,0.33133634710469917,0.5898762149177585,0.029388979145213424,-0.12524042808036898,0.0626403071790279,0.27952447132746294,0.28747532770131745,-0.261387310569117,-0.08334244092899064,-0.12849630321230837,-0.075377070603375,-0.28835304349427815,0.3773086176958424,-0.3008028150711276,0.08520212937683672
-0.004427013042648686,0.07279738557364482,0.6735254734147403,0.024631593173176484,0.031920608957425524,-0.6849164593969339,0.7275051910390107,0.011816863951468066,0.03750322580854688,-0.006037785448466571,-1.3849326563307525,0.5965742981441439,-0.48571625550595776,0.15745772309082856,1.3992450403865513,0.3312985320313978,0.5898119891194488,0.02950404492102051,-0.12511938716666907,0.06256724209961823,0.2795121014871585,0.2874958504175603,-0.26132317273381067,-0.08325518279670084,-0.1283323364357366,-0.07544517578064375,-0.28847351502866964,0.3773624419923128,-0.30088543011150726,0.08516758079225725
-0.004428038635915709,0.07278681510564777,0.6735109809672752,0.024607690695229223,0.03185706182072064,-0.6849075243963257,0.7275171971823732,0.011847984380500526,0.03752194705076487,-0.0059641684225301235,-1.3849665075603765,0.5966277068649521,-0.485682347309354,0.15760269862318135,1.3992351393224423,0.33125719031322665,0.5898215800038921,0.02960302731919044,-0.12498705063899139,0.06247358311952201,0.27949399707260647,0.28751282837698927,-0.2612346175479778,-0.08317962200324815,-0.12814489496559275,-0.0755351916365194,-0.288585851496103,0.3773947291343624,-0.3009486212346318,0.08515255586332166
-0.004411721780013571,0.07277621483304798,0.6734868120433455,0.024597401917122445,0.03181166541760021,-0.6848887704347475,0.7275371866060639,0.011875455454816658,0.03753811038161538,-0.005937698984740007,-1.3850201282110182,0.596693822688402,-0.4856417887574226,0.15771396843148872,1.3991995714923422,0.3312331183798792,0.5898617768010995,0.02964795605554733,-0.12491226307440423,0.062389091680067746,0.27944518334505386,0.2875286449080507,-0.26118235323211547,-0.08313592729828456,-0.12804224983251877,-0.07563304112267923,-0.28866334234926067,0.3774577041209224,-0.30100740479344185,0.08515404041680404
-0.004397268314024846,0.0727688823821028,0.6734868232044712,0.024591748790231616,0.03180387112174154,-0.6848586765590781,0.7275660470464923,0.011900035585492052,0.0375442200385582,-0.005962711074183325,-1.385075306715914,0.5967795800050045,-0.4856216416313905,0.1577401192670429,1.3991836588229931,0.33127577616552945,0.5898900369561407,0.02962158010400874,-0.12491671568086476,0.062349405317686374,0.27934859432570264,0.2875249133630353,-0.2611620305272542,-0.08311873013561866,-0.12805727404356435,-0.07569850447911383,-0.2886839761060565,0.3775192533551656,-0.3010005023618302,0.0851786198488505
-0.004392684432321615,0.07278186209230136,0.6734848007853554,0.02460366531341624,0.031831214117936,-0.6848253319542396,0.7275958343577082,0.011920862481981993,0.037539960043657165,-0.0060346154804491285,-1.3850944091925785,0.5968127087405686,-0.48563811093796255,0.15766071594453557,1.3991752702576654,0.3313313739461393,0.58988819388172,0.029566703048460735,-0.12502926920165858,0.062349798550268044,0.2792180921555172,0.28752084971422726,-0.2611718210069367,-0.08313014876856814,-0.128193823756217,-0.07573651795397064,-0.28866431586995556,0.3775826236712845,-0.3009633493033519,0.08522991916369792
-0.0043795082776594925,0.07279533175883804,0.6734971572224385,0.024612982140942045,0.031851572960400254,-0.6848017302396874,0.7276168419372995,0.011936707409636439,0.03752413199408379,-0.006057342192098223,-1.3851319780523972,0.5968056707956474,-0.48569329060252664,0.15753855222026797,1.3991578836708873,0.3314615339467305,0.5898491510091626,0.029521635498859344,-0.1251201937073161,0.062335033809203716,0.2790969770307619,0.28751023451856805,-0.2611860177616716,-0.08314672104272143,-0.12832618269201315,-0.07579018613621633,-0.28862021387938525,0.3776556614699942,-0.3009141962760837,0.08529908892444994
-0.004359551715023231,0.0728240978203929,0.673497000970644,0.024600953702858138,0.03183713323425575,-0.6847913934244425,0.7276276090942022,0.011947647290553807,0.0375020374982339,-0.006059554304856994,-1.3851701067309712,0.5967466035886891,-0.4856904934753424,0.15740725461696395,1.399135805228335,0.33160414139862654,0.5897532061070058,0.029513329462934404,-0.12512713477590082,0.06231125998521697,0.279019744890101,0.28752319626104605,-0.2612236999776414,-0.08316360138000141,-0.12833057444294912,-0.07583784995363035,-0.28859160270387896,0.3776815007432944,-0.3008863414613276,0.08538336929219001
-0.004361698350714661,0.07283529823623655,0.6734869856720688,0.024562416286241243,0.03178736696737964,-0.6847724484370598,0.7276489159402201,0.011957134527846882,0.03748477361111023,-0.006005473109433933,-1.3851557834494388,0.5966955475086269,-0.48568998298058835,0.1574128761406407,1.399165153291364,0.33163836227204035,0.5897033638239747,0.029479499466232375,-0.12498521487610363,0.06228644633662112,0.2790160630076774,0.28752731970812034,-0.2612930752883842,-0.08315761180500497,-0.12815817947841587,-0.07585857459071524,-0.288579338820067,0.37765577421678725,-0.30089811080958756,0.08552191748233168
-0.004369486835867517,0.07282873662585057,0.6734657819653617,0.024490038234204637,0.03169373657612942,-0.6847617151170394,0.7276655403405475,0.011964408572302913,0.03747728119542898,-0.005858688584858703,-1.3851457667988039,0.5965853860195488,-0.4856715555295039,0.1575210037403815,1.3991967048053262,0.3316412554447241,0.5896715613999565,0.029459905900694142,-0.12468967725213868,0.062260559746767176,0.2790662312888709,0.2875391548640617,-0.26139711047436426,-0.08314728506706554,-0.12777782236847987,-0.07585964066052724,-0.288573905594213,0.3775317886224916,-0.3009127752928613,0.08570333782867037
-0.004356141511502892,0.07283349550104888,0.673450692279421,0.024419632463653196,0.03159806047890649,-0.6847513622046874,0.7276818096415059,0.01197022482099473,0.03747807484236349,-0.005745797919929861,-1.3851795794676485,0.5964633679253984,-0.48560965007196427,0.15762604621660303,1.3991945260509717,0.33163514029934704,0.5896618075396935,0.029437972660488566,-0.12438473253858473,0.062214223168239685,0.2791244499444293,0.2875260571397048,-0.2614876161283605,-0.08314344751562211,-0.12739062572889207,-0.07587193524727659,-0.2885738158825154,0.3773851152199707,-0.3009187797585335,0.08586323735625073
-0.004344551641407143,0.0728346274176429,0.6734396734751809,0.024357188069840087,0.03153341167088139,-0.6847354698612346,0.7277016611576752,0.011975519098482462,0.03748167253568562,-0.00567037404887705,-1.3851912859157902,0.5963815354231423,-0.4855873927616639,0.15770590852863972,1.3991964953042804,0.3316375487374267,0.5896819926184926,0.029410190310348742,-0.12416161693285718,0.06219203265955212,0.2791433349762091,0.2875188449227226,-0.2615465438420088,-0.08312788636990612,-0.12711965614409007,-0.07587556929102085,-0.2885843735046515,0.37730958839563405,-0.30091319543473805,0.08595055955710063
-0.004344871591180519,0.07283797159174871,0.6734453831797443,0.024315241590020666,0.0314890372170451,-0.6847190541009599,0.7277204315619081,0.011980003383902206,0.03748216031584246,-0.005626201316253723,-1.385186395455909,0.5963135230721606,-0.48562594634842554,0.1577458835245921,1.399212882376958,0.3316958411772542,0.5897238873773315,0.029389901395141076,-0.12402413169128257,0.062190288423073434,0.2791034802984079,0.28749938755580595,-0.2615398449635526,-0.08311172069390807,-0.126974629817528,-0.07587317903374194,-0.2886022531108012,0.37729247338158095,-0.30087282055102127,0.08589824231187818
-0.004338755548429595,0.07287686079409365,0.6734405914457403,0.02428003118787081,0.031471308691884234,-0.6847030879259832,0.7277373964551773,0.011983546133066536,0.037473035784010414,-0.005669310958177372,-1.3852021526047422,0.5962800222185086,-0.4856480074493609,0.15769099110424736,1.3991920027168698,0.33180569910893737,0.5897420911855447,0.02937771397210787,-0.12398315931375517,0.06220584931975156,0.27902691969598986,0.2874940909231853,-0.2615133792521374,-0.08309726880771724,-0.12697572699706275,-0.07587299032730209,-0.28862552525364815,0.3773834039196252,-0.3008489790983703,0.08574394186023852
-0.004338944069441353,0.07288681328195369,0.6734502074949661,0.024245923745054847,0.03145459785928707,-0.6846823088524624,0.727758805786451,0.011986899330071547,0.0374565616222714,-0.005669819578486877,-1.3852012102677786,0.596255656122188,-0.48571395709413184,0.15768542692929488,1.3991831193035187,0.3319184856082299,0.5898093847065404,0.029357655902059934,-0.12394112812393529,0.06222631174377023,0.27893416730696674,0.28749438674577804,-0.2614628967470845,-0.08306732956267292,-0.12696972235681916,-0.0758693814783371,-0.28865932389344423,0.37747456416630265,-0.3008136249737958,0.08557484714463562
-0.004328785764898136,0.07289000327093706,0.6734573341811942,0.024217052322733055,0.03142239997583588,-0.6846683972284392,0.7277742458985459,0.011989174655125272,0.03743115995886377,-0.005663237852708014,-1.3852160873805663,0.5962378238042427,-0.48575680403541455,0.1576891219967595,1.3991531649200946,0.3320343283055586,0.5898615818274046,0.029364339606970803,-0.12387115583856936,0.062208450121464386,0.2788385763013393,0.28748226341690725,-0.2614104491663714,-0.08302999633102244,-0.12692689771168875,-0.07589290857194544,-0.28871492880760874,0.37755042919382226,-0.3008131552361085,0.08548150582215366
-0.004284447451208186,0.07289922184917108,0.6734777497721833,0.024190220372470938,0.03138776436614751,-0.6846501593178486,0.7277937900480269,0.011991454800832375,0.03739909489839945,-0.005699565787184395,-1.3852710955913499,0.5962136485412464,-0.485702138087705,0.15768251637702788,1.399098245586697,0.3320660839753032,0.5899021297684205,0.029369656580143684,-0.12379410695137455,0.06213923054757499,0.2787187776144945,0.2874464946013638,-0.2613542314423406,-0.08297028707151716,-0.1268160783772955,-0.07593727832500356,-0.2888128836594295,0.377510549997036,-0.30082296435559674,0.0855187317071627
-0.004298668250771302,0.07291534669926963,0.6734580755154437,0.024176992421733805,0.031352141656916285,-0.6846277556388828,0.7278168399122342,0.011994384470911248,0.037361593122688955,-0.00575039059870207,-1.3852077023777911,0.5962014832177986,-0.4856782934938929,0.15767005395668215,1.3991433234531305,0.33203592233894863,0.5899045663808659,0.02937730055317172,-0.12376541688132331,0.06210329631980945,0.27857885562619533,0.287454463158225,-0.2613434142793489,-0.08287586423117466,-0.1267243547909332,-0.07594895112595432,-0.2889456988616299,0.3774795406551958,-0.30090804819052996,0.08566984614229657
-0.004333724569539484,0.07296125745023682,0.6734237161908305,0.024154894995253327,0.031307220943082054,-0.6846068712582792,0.7278391517296523,0.01199811698657165,0.03731707035584375,-0.0058462269436103526,-1.3851869414744318,0.596125067618533,-0.4855719677096793,0.15765880846381813,1.3991651006615282,0.33195939466158647,0.5898987814611609,0.029404221831769408,-0.12374711074798764,0.06207789475094772,0.27843923775641477,0.2874997523917855,-0.2613647750027672,-0.08279051899910589,-0.12664343287237265,-0.07596865038436158,-0.2890885594513172,0.3775054833265778,-0.3010441924374141,0.0858655827532607
-0.004357079911829555,0.07299687505031122,0.6734020731583962,0.02412774602738866,0.0312562264551382,-0.6845862650832153,0.7278616254748133,0.012002316122612619,0.03727508273023685,-0.005893009890354067,-1.3852118995271199,0.5961166778476803,-0.4855164806002521,0.15767551940051494,1.3991578882618192,0.33191103891850504,0.5898743534372295,0.02940986055195957,-0.12368993483341661,0.06204829659923751,0.2783657335290362,0.28754118894273134,-0.2613770704599401,-0.08276346909310066,-0.12654218302678144,-0.07600284773331227,-0.2891887803864726,0.3775388984381323,-0.30114177486153204,0.08601982829430833
-0.00436483145126242,0.07301888077490368,0.6733919503255071,0.02406972097925412,0.031189428054034192,-0.6845680630017581,0.727883531361759,0.012006672947007881,0.03724088791652136,-0.005907574466381433,-1.385263960549901,0.5961774770685521,-0.48551128544165,0.15773014559733814,1.399129738205826,0.33188465650425886,0.5897992696573376,0.02939427249997426,-0.12352232965227163,0.06202820107624662,0.2783924613140411,0.28755429823249223,-0.26137145763221653,-0.08282869196554153,-0.12636368125954606,-0.076045293428333,-0.2892305377851502,0.3775817321336089,-0.30117621384771354,0.08611753631492446
-0.004372452200391328,0.07302414781701062,0.6733870512308551,0.02400880938234461,0.031101330539060484,-0.6845567841219816,0.7278999200599721,0.012010695608709631,0.03721872696399731,-0.005888224979632551,-1.3852907211901198,0.5962652085525281,-0.48557149148996487,0.1578183489693218,1.3991231823543104,0.3318764698452766,0.5896860852034118,0.029377342549014366,-0.12328288357884874,0.06201311591557012,0.2784937641432103,0.2875477911566979,-0.2613479864305789,-0.08297472074653676,-0.1261338352195854,-0.07609022696564709,-0.28923513706716436,0.3776249571289265,-0.3011757723753431,0.08617480606048869
-0.004366847220864316,0.07302082656004223,0.6733780326599296,0.023939534920633432,0.031013471226369053,-0.6845295630374467,0.7279315493904891,0.01201619220200143,0.03720539073814306,-0.005892714766750735,-1.3853330316560295,0.596472887663643,-0.4856129813350611,0.15792696758440092,1.399089787928233,0.3318882317953896,0.5895813086141363,0.029313362490769625,-0.12301733084115549,0.06199807937563712,0.27860373772921565,0.28752543842566713,-0.2613165407253005,-0.08313328172671203,-0.12589433971047165,-0.07613663510570384,-0.289231182618833,0.3776735789239427,-0.301159794271722,0.08620858447990486
-0.004368781350113224,0.07302300665576215,0.673387697892833,0.023884148374830837,0.030963867303524645,-0.6845003193032682,0.7279629793140194,0.012022107528316572,0.037196085773374646,-0.005937651666019399,-1.3853537838540788,0.596611973626459,-0.4856195728652609,0.15797436607724194,1.399076319012339,0.33189780573838346,0.5895114413603387,0.029254592211188073,-0.12285649691623103,0.06201534711963178,0.2786592160358499,0.28749636549173213,-0.2612574778347545,-0.08322887452327332,-0.12574085308151192,-0.07613125403842334,-0.28924782395751597,0.3776916455294597,-0.3011179798960675,0.08622897390694369
-0.004356289090428831,0.07304608313126751,0.6733771502084288,0.023860000468335613,0.030955587854294326,-0.684459772846711,0.7280022467773541,0.012028510772782266,0.03718346964298908,-0.006058686733214032,-1.385382682617762,0.596742466481822,-0.4855462584508024,0.15796843375016487,1.399034928465631,0.3319364792458586,0.5895458019053383,0.029188880518278146,-0.12286151009784378,0.06204108447265193,0.27861272993990016,0.2874908225231719,-0.26119880201989487,-0.08324253768527659,-0.12575149547117168,-0.07610829722999676,-0.28929757382064797,0.37774632685156234,-0.30110036028684056,0.08622196365650606
-0.004351364166615158,0.07309614556135441,0.6733792756167615,0.023837499479873174,0.030990389677956736,-0.684408596427826,0.728049615412198,0.012036975265487372,0.03716098416273725,-0.006298899070829773,-1.3854055674854868,0.5968922281080205,-0.485342053551576,0.1579290082709444,1.3989997850829445,0.3320198333667393,0.5896432263374379,0.029109969441991006,-0.1229949693062077,0.06212845936294215,0.27849797351132927,0.28752209574365223,-0.2611404867942511,-0.08318608848925431,-0.12588018178804145,-0.07602268029775125,-0.28936579388572753,0.3778225197482302,-0.3010706022418553,0.08620179545594898
-0.004375774889307631,0.0731433298872788,0.6733908189045535,0.023816358861653442,0.031028238964774156,-0.68436793672345,0.7280869155686063,0.012045911595989755,0.03713104787713881,-0.006499361819238169,-1.3854046406687552,0.5969563708848307,-0.4851658417403502,0.15789741192916612,1.398985916982667,0.33213812503133405,0.589763894048688,0.029065775660035043,-0.12314291486798551,0.06223263386395957,0.27837587204084074,0.2875597301698871,-0.2610727286170845,-0.08309037834285976,-0.12601866483892588,-0.07591726904622871,-0.2894401993434551,0.3779050419791077,-0.3010463607011228,0.08618169238612766
-0.0044117032632241945,0.07317685996346222,0.6733911768496965,0.023793504338154563,0.03102905972104962,-0.6843357861527926,0.7281178465020469,0.012054312650526068,0.03709973280401294,-0.006606390602905521,-1.3854227718074645,0.5969364520703607,-0.48505889656079787,0.1578804601444486,1.3989520474883808,0.33223172250276906,0.5898485852139737,0.029039394035531695,-0.12320793229724786,0.06229638342519827,0.2782993960220708,0.28760583892134495,-0.2610204868474923,-0.08300676884112868,-0.12607704301539405,-0.07586274163559154,-0.28951220902029345,0.37800494476411695,-0.30106927850635284,0.08616629836197179
-0.004407247887138873,0.07319346443158588,0.6733803953922958,0.02376345462573192,0.03097389266986118,-0.6843027163837481,0.7281522564319577,0.012061788091070958,0.03707360369239002,-0.006620804071373288,-1.385544302586406,0.5968364379921122,-0.4849993134282031,0.1579276535906559,1.3988321568101318,0.33227997180375146,0.5899067458435384,0.028991619822505105,-0.12314118205910499,0.06225012759376346,0.2783118898474883,0.28767411049283603,-0.260991212372358,-0.08294439922198246,-0.1260224680667679,-0.075931894421523,-0.289585078518548,0.37816308751262184,-0.30118910908963653,0.08614026268952368
-0.004406419639724234,0.07318952581865439,0.6733751016725842,0.023721570207857645,0.03088765900907654,-0.6842701494628777,0.7281878893402888,0.01206828214454434,0.03705550319736153,-0.006548813288579,-1.385658701917679,0.5966796266733247,-0.48501109142761994,0.1579912439041604,1.3987292620093927,0.3322922407686084,0.589903794712177,0.028943681823200063,-0.12297442443343516,0.06216585768682559,0.2783756215473943,0.2877250836430422,-0.26095319218122914,-0.08287411880016873,-0.1258815285468599,-0.07604577583925326,-0.28966926379668684,0.378340119616163,-0.3013602484039007,0.0861169201101914
-0.004397029116028098,0.07322028056934352,0.6733464964338524,0.023683987116469987,0.03080086038385458,-0.6842755798455799,0.7281876863699891,0.01206924153562269,0.03704461854327639,-0.006449692942390308,-1.3857876664965223,0.5963463900155235,-0.48504372897372183,0.15791301677094752,1.3986145040372253,0.33242697248927455,0.5897821571130385,0.028996087643792242,-0.12282869742344037,0.06206616100493019,0.2784384600832628,0.28778168954740974,-0.2609539407293151,-0.08282899621519717,-0.12578778882557498,-0.0761877899727201,-0.2897330568168577,0.37857164085197176,-0.3015746691461245,0.08611112284011935
-0.004391402674554223,0.07324700947578609,0.6733302572870609,0.023632294995074576,0.03074182653959811,-0.6842574369551196,0.7282089086971446,0.012070610630903986,0.03703914764079272,-0.00638929490175282,-1.3858825814226998,0.5961288390900336,-0.4850505685461626,0.15787991731301063,1.3985397866847211,0.3325369264920223,0.5896954864414037,0.02899641662449222,-0.1227177565182485,0.062051064039407675,0.2784207526116625,0.2878272457879935,-0.2609639878939265,-0.08283228949140176,-0.12569144995359732,-0.07623626423326457,-0.2897738841202946,0.3787131346376741,-0.3016866767497581,0.08612436341994899
-0.004418057599586666,0.07329049414289984,0.6733098872922189,0.023584518778562682,0.03071998214085815,-0.6842375180740929,0.7282300955268569,0.012071456104873264,0.03703618136266281,-0.00640221326625251,-1.3858803108045368,0.595995105830112,-0.4850375689785902,0.15780879415573978,1.398553724277402,0.33270380914775544,0.5896247706841624,0.029011342411680473,-0.12269742661271728,0.06215389978721552,0.27828144423997375,0.2878564109592249,-0.2610085402881962,-0.08291619314588966,-0.12565151627801935,-0.07615935314429359,-0.2897574198154203,0.3787554458149794,-0.3016660827686332,0.08619979272403315
-0.004446264890806903,0.07335216483715044,0.6733016609394851,0.023518402504673006,0.030731493491295947,-0.6842142436134452,0.7282536157739998,0.01207214460197286,0.03703378406509701,-0.00647221872312981,-1.3858632191976452,0.5959281625671516,-0.48495952717776486,0.1576945583793258,1.3985824479229785,0.33290545148289263,0.5895389633849564,0.029029055592611812,-0.12271668583198934,0.06233339533040878,0.27805997324398996,0.2878602751150915,-0.2610693537794833,-0.08306073055574191,-0.12561444800518498,-0.07598904153853152,-0.2896999497033623,0.3786907761389242,-0.301524131358631,0.0863215696011723
-0.004486828119218972,0.07337886536592886,0.6733125579073808,0.02344435520678619,0.03074772350327878,-0.6841890881095902,0.7282789516525054,0.01207289909339472,0.03703276958731332,-0.00649664533561233,-1.3858147288800384,0.5958730859999902,-0.4849216288866237,0.15764559108473727,1.398634773145776,0.3330999700068598,0.5895070926324583,0.029041826402249057,-0.12270999472709757,0.06254800036613048,0.2778298556419767,0.2878544404139454,-0.261115651700671,-0.08320498887292552,-0.12552538560457233,-0.07577421555409426,-0.28965479779690495,0.37856315165710985,-0.3013201956657141,0.08642114855526359
-0.004496518679290976,0.07337791103210738,0.6733217674709161,0.023376297582217823,0.03074620037822927,-0.6841774428684748,0.7282921436783493,0.012071941788144339,0.03703254722386979,-0.0064846491307125435,-1.3858233771615354,0.5957287494147733,-0.48489667389086244,0.157623273814971,1.398622656464288,0.33332767377081696,0.589529233470286,0.02907389171896308,-0.12265915480413797,0.06270671896692363,0.27766626289970936,0.2878527876662201,-0.2611399084739896,-0.0833103776524222,-0.12539773683168326,-0.07561241021766452,-0.2896787345183905,0.37845992327111727,-0.3011689131486606,0.08641237744383273
-0.004487195269579223,0.07336763760048724,0.6733180883708151,0.023316041291437842,0.03073082114401316,-0.6841563544351114,0.7283145347556712,0.012071577918185602,0.0370322376115963,-0.0064745200120371795,-1.3858672911376746,0.5955280912496769,-0.4848887504222149,0.15764585194757375,1.3985850651733966,0.3334672787840025,0.5895990173454011,0.02907030218731249,-0.12259822419621014,0.0628072890624794,0.27758484655710747,0.28788770312966266,-0.26116809160694016,-0.08333867591108407,-0.12528331343365268,-0.07552716204807955,-0.28982774210134765,0.3784739641749108,-0.30115191508234374,0.08624699508656772
-0.004508083618767141,0.07336084516749272,0.6733353009278239,0.023265881008310146,0.03070779000746216,-0.6841541668008769,0.7283191652447183,0.012069760521050384,0.03703133440089836,-0.0064242903840186286,-1.385874630306001,0.5951728004282233,-0.48493716535492076,0.15759987320615218,1.3986028652700437,0.333613784444874,0.5896156166627524,0.029121783882618272,-0.12253226165960492,0.06290652151612754,0.2775486744202278,0.28790563262194757,-0.2611676363075896,-0.0833052991026761,-0.12518347065741392,-0.07544254340051797,-0.2900679313174584,0.3785340355428683,-0.3011969605559602,0.08597287833763076
-0.004525186374411831,0.07341238458267925,0.6733387223637833,0.02321029184115112,0.030690101981598196,-0.6841091519405834,0.7283639668628206,0.012071785752518292,0.03702716053580338,-0.006514770505892531,-1.3859431885754547,0.5950388304896446,-0.4848786293186758,0.15753520372761728,1.3985603885618085,0.33365978064233265,0.5895889985182373,0.029044474708075047,-0.12249796047602997,0.06298326220817972,0.27753531767925865,0.28792954738740467,-0.2611689489037794,-0.08326328966148853,-0.1251280154210364,-0.07537956065538476,-0.2903044051744352,0.3786142446010122,-0.3012789828726239,0.08568578609293188
-0.004548711464362228,0.07348948343130265,0.6733408300754261,0.023165358762350832,0.030656840984443153,-0.6840800643504235,0.7283941170908695,0.012073241233333675,0.037022372720898894,-0.0065700605982472494,-1.3860003982163809,0.5948916059587551,-0.4848295624702343,0.15748517545676166,1.398530225060094,0.33373897979024575,0.5895556663719151,0.028996054737765946,-0.12247485113340957,0.0630374082836608,0.2775246196070183,0.28797263817443736,-0.2611586689978161,-0.08324906763951626,-0.12511902252204204,-0.07534507140797979,-0.29044759212092897,0.37875683586590886,-0.30138666119393687,0.08548215884451064
-0.00455381526539714,0.0735551981003466,0.6733456321168028,0.02311549372341983,0.03061072139094596,-0.6840521063426134,0.7284238968444701,0.012074792031544542,0.0370212219358034,-0.006571270574624975,-1.386075417536091,0.5948605467899463,-0.4847876216435878,0.15747019715093474,1.3984647199592324,0.3338750775116495,0.5895107074007323,0.028918494768019467,-0.12239024792883502,0.06305010755012166,0.277518826614646,0.28799588350192945,-0.2611144688712577,-0.0832985723714181,-0.12506314093204468,-0.07532693669414013,-0.2904460311333799,0.37884302087399413,-0.3014630228414174,0.08542635427643343
-0.004551091664968059,0.07360364729576185,0.6733456123738782,0.023060724329973317,0.03055206089972027,-0.6840284758109397,0.7284502857765381,0.012075796954166381,0.037024746942195555,-0.006542166502586063,-1.386136699139923,0.5949205412973544,-0.48475993544686546,0.15745875680101978,1.398385475092188,0.334072638486188,0.58943566490003,0.0288278572197372,-0.12227010184016557,0.06304186444586887,0.27752991695388857,0.28803684046336225,-0.26105145924454515,-0.08338602015221055,-0.12497552082046454,-0.07532529663366415,-0.29035243952521894,0.37892197331113503,-0.3015400541144185,0.08547346706395158
-0.004556834374332809,0.07361296709450865,0.6733211843200381,0.022999360045443607,0.03048237645473645,-0.6840123827667509,0.7284702563488261,0.012075518349257745,0.037029522170090604,-0.006459042412271662,-1.3861595017092283,0.5950780913132252,-0.48478171191917596,0.15744975196453068,1.3983167168745534,0.3343468801161049,0.5893260546003471,0.0287519433024474,-0.12210607623558496,0.06302975326333914,0.27755395936389243,0.2880907926040209,-0.26099671420738946,-0.08345169976609655,-0.12488892254309561,-0.07534368250864483,-0.2902307764238144,0.37909084802915366,-0.30164263720982165,0.08553318042497907
-0.004569154127650608,0.07359791450021444,0.6733027333774028,0.022953463958008645,0.0304470694687777,-0.6839818458705692,0.7285018524153397,0.012075933668729884,0.037033905560024144,-0.0064359717437863255,-1.386176784696344,0.5951407862408693,-0.48484112876937857,0.15745776299641956,1.3982652211446251,0.3344638039257294,0.5893021767019092,0.028668234530493452,-0.12202188703058889,0.06306356137160485,0.2775582736833382,0.28813614453581243,-0.26093506640520975,-0.08345640217220142,-0.12486196684457801,-0.07532203926317228,-0.2901831032526959,0.37924262226869976,-0.3016959519835878,0.08548384644246741
-0.004587403717616223,0.0736171212880796,0.6732935410138561,0.02291642892774685,0.03044030565459664,-0.6839419597381967,0.7285407475126767,0.012077895532735219,0.03702428453678003,-0.006574562960651873,-1.3861985285347813,0.5952930751972128,-0.4848365466777429,0.15739577636936974,1.3982238176180883,0.33458304125057997,0.589283941929892,0.028593416835153526,-0.12205318245127839,0.06314026833539892,0.27753878904311585,0.2881788606155514,-0.2608479906228976,-0.08333147008940966,-0.12500538063683025,-0.07529564601897572,-0.2902285607251028,0.37955133732594926,-0.30173059641926003,0.08523077515494266
-0.0046244173108991975,0.07365674611681859,0.6732809760438294,0.022902996728302673,0.03046069417262602,-0.6838923914754305,0.7285868484493818,0.012081920582930002,0.036999903388856135,-0.006784154711611513,-1.3861899238281619,0.5953783566620308,-0.48486208520483354,0.15734479869654205,1.398218626361697,0.33458609357998065,0.5893472650944428,0.02852864533758885,-0.12221689450860344,0.06325335246349757,0.27748854937279316,0.28824953384925833,-0.26075405388612594,-0.08311071651061415,-0.12528578550539124,-0.0752535957331544,-0.29034371339914095,0.3799345068501849,-0.3017462608145958,0.08482805054765852
-0.004653437605996923,0.07370934535434133,0.6732942395475542,0.022882250571728987,0.030488386064638592,-0.6838512247378786,0.7286249812821755,0.01208711014519544,0.036963315114376234,-0.006999721148745122,-1.386207141069103,0.5954456379867404,-0.4848608820324491,0.15727604864767036,1.3982004205406195,0.33455331003683475,0.5894033575054077,0.028483585521317207,-0.1223730756358584,0.06337016921839594,0.2774409742744233,0.2882945476300452,-0.2606492178760797,-0.08289621132960198,-0.12554409119258866,-0.07519923456319011,-0.2904540734503885,0.38025605683733066,-0.3017187742024347,0.08444098447830489
-0.004669310615085264,0.07376338879675925,0.6733055985709294,0.022854865238482337,0.030485377348739438,-0.6838291828225201,0.7286466534769244,0.012092111778889244,0.036922520828862535,-0.0071616059388747025,-1.3862277824001443,0.5955556993166451,-0.4848205286693852,0.1572293842887921,1.398170758002739,0.3345613050879496,0.5894336253262732,0.028454967784355682,-0.12242946148664866,0.06345339817851602,0.2774215464098948,0.2883200444948357,-0.26057453097307043,-0.08281029609279124,-0.1256873917622125,-0.07516186648712661,-0.29049771244721906,0.3804927291526409,-0.30171365417372153,0.0842363758550265
-0.004684218234845408,0.07379124596700842,0.6733298454833425,0.022792566217334796,0.03044328402448922,-0.6838450252751428,0.728635496520361,0.012095331454514014,0.03688651795156415,-0.007202192491748837,-1.3862208183493745,0.5957565020076062,-0.48475159337490653,0.15718878520494706,1.3981564502664994,0.334678719482765,0.5893726614833856,0.028465670852357294,-0.12228571854494334,0.06352704448120541,0.2774564402185202,0.2882967834862262,-0.2605428191838501,-0.0829358742606729,-0.12557786192324216,-0.07509588524046594,-0.29042887388711136,0.38050317531130856,-0.30168602598082606,0.08435123387204545
-0.004657916388955568,0.07381866647048502,0.6733151920177886,0.022721570408672443,0.030378646228890086,-0.6838943576310285,0.7285941090153748,0.012095035638313704,0.03686033860757977,-0.007195348086208479,-1.3862563018394076,0.5959377057594629,-0.4846200369650021,0.15711954623632454,1.3980860330373608,0.33484764144066254,0.5892517090249086,0.02852836434084536,-0.12206164577179998,0.06356139812076522,0.277524956164402,0.2882911944711981,-0.26059904924088173,-0.0832389274822681,-0.1253601870227225,-0.07506221923175062,-0.2902866405104054,0.3804371483460789,-0.30170846607988183,0.08468452925892776
-0.004631820370571072,0.07384258225955974,0.6732985003775962,0.022641119733098392,0.030300254251726496,-0.6839480160003422,0.7285495080629107,0.012093527337989594,0.03684339016804654,-0.0071874377763743265,-1.3862662313413134,0.5961911862793442,-0.48445975481854653,0.1570356114470338,1.3980490079885781,0.33508680518473666,0.5890693142402743,0.028593342458400284,-0.12179169346732584,0.06359611854649283,0.2776060355882683,0.2882897629775776,-0.2606783445768325,-0.08356380790423287,-0.12508142206266676,-0.07502726934217008,-0.2901373409698732,0.3803429012506339,-0.3017480870268919,0.0850869412197349
-0.0046707054197929615,0.07385469960912494,0.6732755189127486,0.022556643286197945,0.030217331971714063,-0.683972026475962,0.728533031296823,0.012093753994674914,0.03683069988224569,-0.007198596478878736,-1.3862021640738715,0.5965275719270783,-0.4843482579917495,0.15697415183201574,1.3980867454430213,0.3353505060730636,0.5888490923272257,0.028604006365013954,-0.12152851458126401,0.06367234316314341,0.27768684041653735,0.2883114784594768,-0.2607452983727814,-0.08373811674701415,-0.12480257795397323,-0.07495412104214999,-0.29004069860471093,0.3802860098085915,-0.30179352077068744,0.08540378716467319
-0.0047176519765504445,0.07388274360421204,0.6732454117209484,0.022481350599315462,0.030144695773785354,-0.6839497319147586,0.7285592977964579,0.012097542569466742,0.0368194097178953,-0.00729185875136608,-1.3862113581844062,0.5968777191224733,-0.4842092764640226,0.15698434601879221,1.3980597962396664,0.3355480212677705,0.588710753899204,0.028517124315333736,-0.12133212348787037,0.06372383311713749,0.27778014080067304,0.2883756382806906,-0.2608065246812071,-0.0836818985484603,-0.12460167320406011,-0.07491715614579994,-0.2900149509084527,0.3803321217810257,-0.3018869697739138,0.08557223373254805
-0.004736500172890578,0.07390301120607966,0.6732202642518526,0.022420996344525473,0.030061777140407153,-0.6838970710732977,0.7286140162359255,0.012104363084607916,0.036810899737515244,-0.007384699378102547,-1.3862961155351585,0.5971822926757536,-0.48406381051033315,0.1571039856344945,1.3979648027150844,0.3356575895754971,0.5886877268795988,0.028360535764948853,-0.12114725299230145,0.0637238962189388,0.27788045027396824,0.28845169859210074,-0.2608379905372066,-0.08348464977651475,-0.12441549952232892,-0.07493642666859086,-0.29003130535397825,0.38042278527862217,-0.3020039997972484,0.08563926814648877
-0.004737038158977084,0.07389055482285833,0.6732043212718168,0.02235859510298867,0.029982426428312788,-0.6838381593226293,0.728674494671476,0.012113151086424441,0.03680447785450741,-0.007437367178204331,-1.3863775567968637,0.5974881230281861,-0.48397071446274703,0.1572950986639762,1.3978642962976915,0.33574092249489657,0.5887492789155852,0.028193619092568224,-0.12094630973823921,0.0637144843900788,0.27795616550271535,0.28851725510095194,-0.26085001200605307,-0.08324841238634627,-0.12422714630362568,-0.07496485697449065,-0.29006601432308426,0.38053710613964054,-0.3021045432008138,0.08562672589435291
-0.0047389714935818445,0.07389415143107704,0.6732133136921039,0.02229783267265622,0.029926618657741412,-0.6837973219775119,0.7287169729121181,0.012122254940142383,0.036796258642497116,-0.00754844687197133,-1.3864123039936742,0.5978361237477119,-0.4838702066257589,0.1573709698122494,1.397793675329942,0.3358583153100539,0.5887544453184214,0.028077055716669352,-0.12078073739894268,0.06373836564610359,0.2779738862239972,0.2885286222244488,-0.26082833646720116,-0.08310436728814177,-0.12409674347861778,-0.07495319479828758,-0.29008628921856894,0.3806323297199085,-0.30214348496434024,0.08554220377251648
-0.004751334544561887,0.07388878937034235,0.6732315049827318,0.022250269164329428,0.02990557267180838,-0.6837998352664316,0.7287169323783331,0.012128449184134511,0.03678510914152299,-0.007644718226885282,-1.3863765968421935,0.5981173014742758,-0.4838415220750082,0.15731216689279306,1.3977626746590723,0.33600382052029437,0.5887121342602206,0.028094736527825494,-0.12068754461484271,0.06381211916076655,0.27788668813790174,0.2884946382174453,-0.26076806438035594,-0.08310519291452337,-0.12409644949519395,-0.07489906506822651,-0.29008495962068237,0.3807921351085397,-0.302124921884653,0.08532743269796654
-0.004758875287962965,0.07394362825430043,0.6732057481775672,0.022222690768007484,0.029900878717557183,-0.6838204441373942,0.7286986274494316,0.012132573112581297,0.03676341734493276,-0.00789134921022623,-1.3863354192003914,0.5984714974899886,-0.48372576156107555,0.15708180194509813,1.3977255629625844,0.336229201289438,0.5885699487880877,0.02817664944209793,-0.12072079800542479,0.0639069787203159,0.2777148193316314,0.28849976059812965,-0.26074209532965203,-0.08321801601754684,-0.12427720051324735,-0.07485732586554295,-0.2900744903637803,0.38110783788990926,-0.3021563498200519,0.08499184650714588
-0.004780727514118611,0.07398399492410755,0.6732046041623063,0.0221815666385977,0.029900825796577383,-0.6838525869105853,0.7286697181122883,0.01213550117954585,0.03673674305961202,-0.008069497626014565,-1.3862776968655723,0.5987231220487094,-0.48365413427718396,0.15687345941558242,1.397743800872053,0.3364324135182305,0.5884253160017971,0.028280290963690384,-0.120735136044627,0.06402735525201998,0.27754380416068675,0.2885113465598587,-0.26072304046563577,-0.08336029861141818,-0.12443247690187456,-0.0747862215742138,-0.29005260985898523,0.3814065854175072,-0.3021705775844611,0.08465927059323633
-0.004804102679743527,0.07401212297777619,0.6732008784953485,0.02211917253890011,0.029875836469462406,-0.6838712538736994,0.7286551205657308,0.012138759369005386,0.03670875916554671,-0.008203279233486809,-1.3862465559428614,0.5989318201393806,-0.48357210584899135,0.15673684020424633,1.3977483580944574,0.33660888849292,0.5882815385693104,0.028306568601843315,-0.12063396068570023,0.06414285848062196,0.27746551856617896,0.2885249489386587,-0.2607505997649413,-0.08349797704554972,-0.12443928990630825,-0.07470663289600413,-0.2900141463648737,0.3816079240146685,-0.3022042481670863,0.08445284601258976
-0.004848505046196472,0.07402954833231765,0.6731965698280321,0.02202487705905374,0.02980762190729492,-0.6838601101102347,0.7286712292020209,0.012143759145861634,0.03668547856171716,-0.008256111203568204,-1.3862220392486875,0.5990779323437261,-0.48348697447436306,0.1567188236319472,1.397765392983893,0.3367349557613641,0.5881288707799849,0.02819561120993399,-0.1203463302706456,0.06425493488702151,0.27752971303756097,0.28852988211816993,-0.26086782063808367,-0.0836256304460296,-0.12420400782414827,-0.07459685901702141,-0.28996179877370176,0.3816363309097514,-0.302270037197217,0.08445756488916979
-0.004852660908775798,0.07402684521775613,0.6731686590826806,0.021920324219042536,0.02969920380509928,-0.683835818790077,0.7287016053359436,0.012148672726042226,0.03667267627142085,-0.008203289890924514,-1.386274255833765,0.5991106958257396,-0.4834081955517724,0.15683164055128682,1.3977122699163207,0.336790881136004,0.5880467459577711,0.027995196695760498,-0.11993109311611878,0.06432138580419935,0.27769477950813265,0.28854755645836244,-0.26106274138994867,-0.0837856532594984,-0.12380927705394629,-0.0745253250425144,-0.28988819535015664,0.3815772435002381,-0.3023815523709496,0.08458854953837396
-0.004866536840386496,0.07402204594253313,0.6731386628026143,0.02180453339642004,0.029585942688485158,-0.6838172739911439,0.7287270889090925,0.012152591871713504,0.03666907003682259,-0.008099013554813276,-1.3862819301555074,0.5991077674163521,-0.48337610230847816,0.15694339277899744,1.3976954034484084,0.33687223673603317,0.5879502272622837,0.02779789819481239,-0.11948596670627296,0.06439883719795933,0.2778852895718148,0.288573338755385,-0.2612694857213517,-0.08393432721951562,-0.1233584704916521,-0.07443660604802396,-0.289803191440714,0.3814603160186254,-0.3024831265194548,0.08477948317635342
-0.004850789232813767,0.07399744830204785,0.6731128100730095,0.021705753952057864,0.029491543469179184,-0.683815760189477,0.7287352847403971,0.012154334894210694,0.036672006616708955,-0.007980671996573586,-1.3863137412003892,0.5991074541040686,-0.4833835212890977,0.15702542910014428,1.397641883486194,0.33696238307492404,0.5879217735836418,0.027668315538094197,-0.11910524138484684,0.06443718615031427,0.2780285816879629,0.2885941497388128,-0.2614035621563353,-0.08405060489891397,-0.12299236556049341,-0.07439313405706141,-0.289706718221293,0.38138833995778154,-0.3025440631412308,0.08491204209977149
-0.004846310048126749,0.07399267780816032,0.6731108707155524,0.02164072242606488,0.02941200339350308,-0.6838425707941456,0.7287152746847798,0.012152979909089673,0.03667247058807747,-0.00796132589990756,-1.386294231566673,0.5992304232161028,-0.48337672611187,0.15691126016150878,1.3976082247675823,0.33719659010116315,0.5878121733574251,0.027646891255173302,-0.11883276353095372,0.06444737827168454,0.2780907433708417,0.28857611131802335,-0.26138779197122913,-0.08411033816967087,-0.12276432602952067,-0.07437665480084953,-0.28958570679826845,0.38135180167357974,-0.3025315696034164,0.08497002225977786
-0.004821162690214255,0.0739719539950238,0.6731251859112968,0.021595893822820792,0.029337506755266425,-0.6838793902280742,0.7286850538392131,0.012149414945095926,0.03666668134200669,-0.007968286074582744,-1.3863002015383707,0.5994325048132577,-0.48336594455736687,0.15675472896794718,1.3975390302957722,0.3374828916892681,0.5877326286964019,0.027670341339201553,-0.11860737307373971,0.0644136717241682,0.2781011259789521,0.28854001242260063,-0.2612598406650192,-0.08412980670115495,-0.12260809632855282,-0.07441020651650045,-0.28944621244503255,0.3813604595969295,-0.30247013382325577,0.08497880877279625
-0.004828288297514106,0.07400888684773181,0.6731294939925381,0.021551231145725856,0.02928765578883272,-0.6839179346884312,0.7286522052845311,0.012145121430224603,0.036653774513135416,-0.008106174275797124,-1.3862611701172152,0.5996691826108089,-0.4832741666392369,0.15648148881755308,1.397522902879482,0.33774910852213813,0.5875649656895182,0.027713940902647317,-0.11846076519527694,0.06441303087916422,0.27809749398815803,0.28851249208948937,-0.2611431999329461,-0.08413039364590895,-0.12252533489393591,-0.07441039399320072,-0.2893183645596307,0.38138025715085966,-0.3024221299163611,0.08497865296642935
-0.0048750402222828846,0.0740194947204537,0.673114345876054,0.021488860806041694,0.0292176761381202,-0.6839526526068223,0.72862426891673,0.012140749047679448,0.0366402573996556,-0.008125847403323968,-1.3861884561019784,0.5998737699902212,-0.48322930272919723,0.15634104431878793,1.3975441552963577,0.3379573360171515,0.5874462668883806,0.02776335099303809,-0.11824228463579252,0.06446428849085356,0.27811621848818063,0.28851545137201023,-0.2610962142515457,-0.08414883697310255,-0.12234454226874873,-0.07436375276424834,-0.2892337901888574,0.3814094515501546,-0.3024246362902285,0.08494781709954881
-0.0048836324018062555,0.07401415074658439,0.673081738584913,0.021395185656244754,0.029113904742952553,-0.6839880635227434,0.7285979381934606,0.012135290661091704,0.03663429792437296,-0.00804056032267469,-1.3861955048134083,0.6000454849114939,-0.4831119079742926,0.15630793924308808,1.3974942700081578,0.33811452851681606,0.5873618244375005,0.02782376250586923,-0.11786860861320096,0.06451222105676996,0.27819054799004744,0.28852065158581625,-0.2611669709410776,-0.08423825991111195,-0.12197363811512074,-0.07430887817563316,-0.2892080476697778,0.38138430599415474,-0.3024905035775495,0.08484420962926977
-0.004898881805074981,0.07399257409400861,0.6730669693651493,0.02127389723874606,0.02901009544905411,-0.6840254598968178,0.7285705222360155,0.012129425914773697,0.03664152618463094,-0.007878103257048475,-1.3861703961811742,0.6001567044468478,-0.4830087733182425,0.15635579409468375,1.3974918573680695,0.3381897799642478,0.5873048243901913,0.027902484687563456,-0.11741258887069947,0.0645977884412063,0.27829857346396975,0.2884989409972609,-0.26128027555783806,-0.08435245017258057,-0.1214918267511297,-0.0742040295836075,-0.2892286236010886,0.38130276005306674,-0.30255971423590217,0.0847026553698896
-0.004914375094457213,0.07395172696916837,0.6730340436776409,0.021158959063191256,0.02890635678915197,-0.684052253011641,0.7285528368884716,0.012123877573493603,0.03666019115976492,-0.007687799731314557,-1.386135268131346,0.6002551174999813,-0.48294074251696867,0.15648635062045668,1.397492881600626,0.3382112417521945,0.5873287913929853,0.027966382648730564,-0.11696158163350513,0.0646839654222155,0.27838838220034573,0.28849091151232087,-0.26142129465598485,-0.08447012317595705,-0.12098219991847782,-0.07409228481320293,-0.2892776006357951,0.3811753244319356,-0.3026238292328284,0.0845441762874543
-0.004928788654268993,0.07396067930824625,0.6730192038021056,0.021077167221762158,0.028831204186772784,-0.6840573521258253,0.7285533979672681,0.012120481006203884,0.036677753208488,-0.007685572879176908,-1.3861295767708106,0.6004512199533052,-0.48279403368145596,0.15651441931323756,1.3974704415133952,0.33823970056370367,0.5873118868364829,0.027982277668846138,-0.11667424098802454,0.06474167753388123,0.27839347762491456,0.2884733326994213,-0.2614991395717872,-0.08455360189302269,-0.12063513642009151,-0.07401681579875881,-0.28933920118559786,0.38106622223681297,-0.3026617614823533,0.08442503603489361
-0.004945078914059247,0.07399603216818594,0.6730140949088085,0.02104199164876988,0.028791995422987042,-0.6840488630216843,0.7285639358256476,0.012118732905644752,0.0366812342882117,-0.007825254649391988,-1.3861432123177015,0.6006730643662868,-0.4826318647515101,0.15645138319691065,1.3974332656439106,0.33832822366377696,0.5872785358756221,0.027977657157762945,-0.11659043776907169,0.06476920194389499,0.27825504650376465,0.28847410905035065,-0.2615098989444686,-0.08457306208835785,-0.1205036345876724,-0.07398934683990849,-0.2894201205105327,0.3810055849314198,-0.30266020204836125,0.08435117793931439
-0.004965404911722286,0.07402424367444459,0.6730112623233393,0.021036828657108545,0.02876793090930453,-0.6840322005179975,0.7285806795721093,0.012118702250401195,0.03666316269686829,-0.008033834239177282,-1.386160213839505,0.600952412854469,-0.48247442268701013,0.1563570569592289,1.3973737741882766,0.33850156896296646,0.5872536944512101,0.02796608435354305,-0.1166212331396411,0.06477685990996883,0.27800827663132716,0.2884916757340553,-0.26147069609811724,-0.08454513661654056,-0.12048901116755258,-0.07399461954215748,-0.28953001593019345,0.38099190777094344,-0.3026417126243827,0.08429959830565355
-0.004976315085325727,0.07405595662987957,0.6730115752964974,0.021030970049667017,0.028756222045369182,-0.6840178651502021,0.7285947695034661,0.012119794392972583,0.036623459643796,-0.008284431493752735,-1.3862048787831451,0.601229354164707,-0.48227652492703754,0.15622733240547854,1.3972963921891706,0.3387217599228826,0.5872116241376202,0.027975074049241624,-0.11668901510412807,0.06477624845310995,0.27776154219609805,0.2885178573957549,-0.2614153447471672,-0.0844933975007256,-0.12050722147842516,-0.07401044089191125,-0.2896401014502111,0.3809914703320665,-0.3026165535743205,0.0842806496361262
-0.0049763970364166575,0.07405675064152913,0.6730185642190097,0.02102685896529208,0.028715193261560076,-0.6840137029047393,0.7286004138871688,0.012120885721403813,0.036573755219338165,-0.008440662785711258,-1.3862420196872713,0.6014497247724202,-0.4821108579138339,0.15615509017278742,1.3972197090688765,0.33894710853490484,0.5872097329149143,0.028021058180974872,-0.11666746104792014,0.06474617983033285,0.2776261142471635,0.2885257986830089,-0.26134564668372584,-0.08445857463707293,-0.12043737888854021,-0.07404297216880278,-0.28972374538141066,0.38097535740775257,-0.30259947898202394,0.08428069932730618
-0.004982846526737562,0.07401627557257344,0.6730190657670363,0.020992924195754176,0.02867402281893491,-0.6840131516110147,0.728603531402545,0.012121960134713209,0.03652799457597653,-0.008468810626521895,-1.3862396450141208,0.6015296576847026,-0.4820370203310254,0.15615055353892912,1.3971920913427858,0.339056699442351,0.5872700101278271,0.028088065530270913,-0.11654309626218687,0.06473168418118277,0.27767890430918796,0.28851549837495916,-0.2612872004255888,-0.08443037412430647,-0.12025052298174235,-0.07403714042606488,-0.28975159924064353,0.38090058878504335,-0.30256562850561713,0.08434132254542813
-0.004981837592773352,0.07404636413141098,0.6730139293515944,0.020956505800043043,0.028629923924355125,-0.6840164649406577,0.7286032034041754,0.01212226905653071,0.03648659905078815,-0.008577898095829215,-1.3862565587951352,0.6016028419074443,-0.48187716463191954,0.15602610247648502,1.3971576484320785,0.33920238317183005,0.5872304957579627,0.028168268380733694,-0.11643059752722164,0.06470629894252648,0.27785540179756196,0.2885007361986266,-0.26124578623139294,-0.08443281712135936,-0.12007565488735751,-0.07402889581780239,-0.289735168657026,0.3808080041559878,-0.302549552487707,0.08444353258919325
-0.004998727035400903,0.07405027197946032,0.6729824442099565,0.02092179823020858,0.028574362911313586,-0.684015903357273,0.7286069091748737,0.012122460252442369,0.03645423052777379,-0.00856975048154712,-1.386226515649295,0.6016273452849561,-0.48182022176335354,0.15602233881979682,1.397164123556943,0.3392812826237104,0.5872633562985958,0.028243561424682723,-0.11630836116023957,0.06468885477049938,0.2780535253286882,0.2885251133030808,-0.2612253041543227,-0.08443000644703372,-0.11990240455582801,-0.07403062117066338,-0.2897173032766123,0.38078470481814647,-0.3025774579265734,0.08456634705589312
-0.005025376688878214,0.07407028518029724,0.6729707984362143,0.020882585944706104,0.028515074588615297,-0.6840355996909689,0.7285918655055698,0.012121474925057671,0.03643072608892689,-0.008540157290489033,-1.3862072597269832,0.6017188910315266,-0.4817420233686981,0.15599458284052545,1.3971584634509497,0.33942112981979783,0.5872280684528819,0.028360878580033853,-0.11616509571806224,0.06467600680286321,0.27818040856325266,0.28852936687611547,-0.2612075003866628,-0.08441700387852917,-0.11968765270432426,-0.07402118422593777,-0.28973477055797286,0.3806939137491929,-0.30259262245603114,0.08468907695216202
-0.0050460373258632224,0.07410611647890036,0.6729626152102861,0.020849604040893335,0.02845717601957084,-0.6840574558548745,0.7285745536550706,0.012120603894994832,0.036414582801965883,-0.008542205273534189,-1.3862348801052518,0.6018652444175006,-0.4815955571506834,0.15598823985730947,1.397110164890703,0.33954264692347563,0.5871468676574187,0.028477139006201916,-0.11604630084165818,0.06465254359685775,0.2781875835012692,0.28853261134680486,-0.26118600391079977,-0.08438588788559534,-0.1195008379866218,-0.07404102740762901,-0.2898143673735784,0.3806233432695027,-0.30263212039340043,0.0848101329082691
-0.00504297687094072,0.07409483679823994,0.6729556724674954,0.02082697124030501,0.02839246083268199,-0.68408800047185,0.7285490464253221,0.012119339625369378,0.0364097534840006,-0.008449224337906576,-1.386289881598018,0.6019760358777297,-0.4814989795879936,0.15609494310946137,1.3970406643305686,0.3395846436616117,0.5871470027663179,0.028609472763001145,-0.11590848480544508,0.06459112788851581,0.27813148535559845,0.2885430796600139,-0.26115760442928715,-0.08433683543171924,-0.1192995235586468,-0.07410649854473658,-0.2899302683930343,0.38057107363132764,-0.30268287746596567,0.08492455875419876
-0.005041813709919003,0.07407630186331196,0.6729499423492594,0.020780235486995258,0.028326979457610972,-0.6841135342096818,0.7285289536861604,0.012119203480538345,0.03641096288891143,-0.008432314461059652,-1.3863396608916483,0.6022059294047223,-0.48130106704140996,0.15617800699160805,1.396976102898655,0.3397019056593532,0.5870674929008681,0.028745594445825234,-0.1157375113099759,0.06456978276647352,0.2780215226314691,0.28855790783686736,-0.26114169918115376,-0.08427913663897656,-0.11903087518167534,-0.07412874811853679,-0.2900844659498684,0.38047889850057265,-0.30272048712470057,0.08502610482667945
-0.005042929110770406,0.07408731901543196,0.6729414352475772,0.02075084078153302,0.02827842195710176,-0.6841341864735598,0.7285122842867074,0.012119942603282231,0.03641042789541894,-0.008509203550685943,-1.3863750307057914,0.602441156651388,-0.4810855652298956,0.1561791664627541,1.3969382727585369,0.3398335620730265,0.5869910189025506,0.028873755159930407,-0.11563816949411063,0.06455763885156537,0.27790381019878396,0.28855302765246044,-0.2611253094067965,-0.08423836565449719,-0.11886516093700741,-0.07413977017481967,-0.29022692559680113,0.3804287658116954,-0.3027557796591061,0.08507369164192095
-0.005059984829149637,0.07411705353948933,0.6729463071005729,0.02071429101899557,0.02827221966692522,-0.6841508887344359,0.7284978800151497,0.01212182388010123,0.03639900304725985,-0.008665104510445337,-1.3863540607411686,0.6026727146912869,-0.48089119434525646,0.1561072448988071,1.3969617720161176,0.3399800939901948,0.5869380632359915,0.02900637070030914,-0.11562641494534948,0.06461846619024653,0.27775987840854033,0.28852301104913014,-0.2610998305172164,-0.08420033977233277,-0.11878333727607243,-0.07406199696812961,-0.29035953156894495,0.38036209918031705,-0.30272576050538647,0.08503880926977653
-0.005027969742399262,0.07409707509083942,0.6729700131016418,0.020703142629580746,0.028271084752249626,-0.6841666787795705,0.7284834118220694,0.012123713311349149,0.0363786793545559,-0.00877043425327344,-1.3863645416817638,0.6028053364860715,-0.48076525004632065,0.1560971901261847,1.39694787860967,0.34005552171303927,0.5870115736705918,0.029137035342982624,-0.11562614890841656,0.06465615241310757,0.27758999164519627,0.2884570844880489,-0.2610437305338957,-0.0841887949394373,-0.11874039629074336,-0.07399963550219256,-0.290487326139196,0.38031181350135906,-0.3026546312409439,0.08489730064744369
-0.005070171477512005,0.07413433447005192,0.6729436484291013,0.020671913371825557,0.028283007447078186,-0.6841765346933085,0.7284745794208283,0.012127136661484784,0.03634125062765032,-0.009035524445577944,-1.3862291574493466,0.6030130559545593,-0.48059014671746986,0.15593637969790422,1.3970596552588017,0.34020546479753583,0.5869707393677763,0.029267487216977063,-0.11569294176958866,0.06477853213666532,0.27741537702776126,0.28846296539983973,-0.26104863317916926,-0.08416622316791943,-0.1187410033524223,-0.07386650679574219,-0.2906211091744853,0.3803023679943409,-0.3026305915084725,0.08478332567315548
-0.00511649130238568,0.07420168279247356,0.6729256775774166,0.020623191583202884,0.0282457969929951,-0.6841823591492782,0.728471933810824,0.012131846445435846,0.03629652333804776,-0.009237120498438441,-1.3861952542038876,0.6032735013751692,-0.4803650588558953,0.1558067900026436,1.3971189514715352,0.34042345410919517,0.5868579247517408,0.02934621602762957,-0.11565781372436836,0.0648403113303938,0.27732386345527077,0.28850723306385356,-0.26105476792192134,-0.08415317742087237,-0.11865757234272782,-0.07380874396742589,-0.29069793105831676,0.38033544498363536,-0.30265469927313493,0.08472835172912209
-0.005106296963784562,0.07418976199116525,0.6729055324809959,0.020572833933985433,0.02812546060960145,-0.6841824158025207,0.7284779604600605,0.012135909654993298,0.036268874563584026,-0.009134152476437356,-1.3862953631673962,0.6033624875773649,-0.4802735060828084,0.15591048868092602,1.3970389310067042,0.34051190083631006,0.5868776991798772,0.02934447566299567,-0.11537994701291696,0.06472164747294146,0.27737351063587906,0.2885626632561727,-0.26102335574339336,-0.08414596223064506,-0.11837032406078879,-0.07394066135963852,-0.2907037524619941,0.3804021004860864,-0.30273467530678816,0.08476504768277468
-0.005107847848972835,0.07419405418035045,0.6728838674310609,0.020524656332986654,0.027956633086520608,-0.6841771769951178,0.7284907381894914,0.012139023340949203,0.036262141040697464,-0.008991236594258448,-1.386388287816392,0.6034136820310599,-0.48021840388514103,0.15598332203510606,1.3969697449401364,0.3405863200172173,0.5868241733154266,0.02928910637481481,-0.11499674619885313,0.06452182288372434,0.27752084181720393,0.28860493915236446,-0.26096129118804173,-0.0841364249248996,-0.11800475725808184,-0.07415940439010872,-0.2906624146935483,0.3804810762318537,-0.30286021591268864,0.08489248451319309
-0.005092802371466051,0.07417080692112285,0.6728518160215367,0.020468185578740222,0.027771361424797258,-0.6841666497677787,0.7285093000156289,0.012140071510229137,0.036276454797194754,-0.008718881141421482,-1.3865069245747135,0.6034767334867703,-0.480255537568458,0.15610282856693095,1.3968630733359055,0.3406718282641191,0.5867753454589497,0.029212108479788966,-0.11453598487116465,0.06428828797472048,0.2776758578930333,0.2886242164294304,-0.26090391289490283,-0.08414791389747171,-0.11760039655512523,-0.07441602780659694,-0.2906069195976776,0.38060437655406354,-0.30301029408993857,0.08501194029228425
-0.005090739976518089,0.074165182087662,0.6728350533206829,0.0204241033675644,0.027662192909341708,-0.6841462013190936,0.7285338937247409,0.012140117804699788,0.03629594085253448,-0.008609423250215603,-1.3865468580267595,0.6034910451597726,-0.48028055130422115,0.15612574574191518,1.3968247683898973,0.3407125303505283,0.5867662580617379,0.02915505979117257,-0.11426004024697665,0.06416823679208884,0.2777259674251662,0.28860409328662157,-0.2608472917583034,-0.08420212405789,-0.11737224275518203,-0.07455053614195305,-0.29059504631343985,0.3806949046717201,-0.3030936004388995,0.08502560596863332
-0.0051190395155913965,0.07422666243029824,0.6727869117503217,0.020394862851282874,0.027614669494920016,-0.6841169558247437,0.7285639782140273,0.012139488551793951,0.036300898282679815,-0.008691968740228756,-1.3865026195917045,0.6035766830725493,-0.480242412846394,0.15599486352744812,1.3968528626859595,0.3408248869377385,0.5866991065757918,0.029151849433572838,-0.11421501791875815,0.06417608925871951,0.27760798496800004,0.28859368909122707,-0.26086037790117256,-0.08433885884494097,-0.11739555391787722,-0.07457497645725743,-0.2906507308575174,0.38089564641270257,-0.30318646803838184,0.08485962996384279
-0.005168029394581233,0.07428295761541083,0.6727886633787817,0.020376416380439997,0.027626466606828298,-0.6840832558672185,0.7285956896938237,0.012139458965297644,0.03628280146364788,-0.008856835462138645,-1.3864047507142057,0.6036257363440819,-0.4802145405298271,0.15586220131717643,1.3969450894811213,0.3409439474385034,0.5867324519093855,0.029184677138909543,-0.11431279922505239,0.06428241496658132,0.27737794730733023,0.288547978828288,-0.26084877805779894,-0.08452239580906876,-0.11754257275392754,-0.07448800237873157,-0.2907502542951505,0.3810430547971293,-0.30317159717157144,0.08454624796641969
-0.005170288590764739,0.07430679167614211,0.6727957685077104,0.02036017134744072,0.027640548451525776,-0.6840609292915716,0.7286165716759081,0.012138581371025626,0.03624611221148877,-0.008990244102093677,-1.3863511311710879,0.6036044194811485,-0.4801802201106129,0.1557932696239179,1.3969517462884098,0.341068202478512,0.5868698389995547,0.029252196739825327,-0.11439823424956982,0.06436371461323809,0.27712385894969194,0.28848476948556406,-0.26082670772705774,-0.08472645634233684,-0.11766523428238261,-0.07442133669639145,-0.2908522669515408,0.3811644489636967,-0.30313173700131296,0.08420401047028372
-0.005197717407532893,0.07432061755886445,0.6728067650888684,0.020326956627317698,0.027628818557516477,-0.6840422618754093,0.7286354693451049,0.012138547245624402,0.03620442205570693,-0.00907441374256219,-1.3862476407854376,0.6036031967829701,-0.48015746505725515,0.15573379167968074,1.3970312789380153,0.3411057299020188,0.5869242052225477,0.02928847498334972,-0.11436798221530188,0.06443581216376977,0.27693489087667994,0.2884363612848511,-0.26084616732473637,-0.08487233342291445,-0.11765610453379322,-0.07435360324252595,-0.29091828879319526,0.38123325872629826,-0.30313140867864036,0.08402083120381319
-0.005165634344452386,0.07430150368419165,0.6727918431422352,0.020256057604904246,0.027549121969470583,-0.684045585506024,0.7286373411778586,0.012136671209601036,0.03617142775056821,-0.008978771997928231,-1.3862531069835426,0.603555178701927,-0.48009026946128075,0.1557967256019456,1.3970072532058848,0.341078029012336,0.5869460216891118,0.029310417445536315,-0.11409218812577149,0.06441603497779888,0.2768420352083956,0.28841605348116417,-0.2609408513270036,-0.08498309752117122,-0.11739629916128849,-0.0743719231557043,-0.2909144288074467,0.38126490232652743,-0.3032257728822458,0.08404020875357314
-0.005169328571459225,0.07428442769536697,0.6727843946805842,0.020170231316926975,0.02744176991918249,-0.6840676920211689,0.7286230189646467,0.012133502674626788,0.03615520992311866,-0.008802802356156417,-1.386197930454357,0.6034847791127786,-0.48005771904138383,0.1558654304332498,1.3970596868944538,0.3410069506996576,0.5868660014312371,0.029335013913214913,-0.11370764030382596,0.06439538738080261,0.2768120587429173,0.2883911822097112,-0.2610811672608237,-0.08504945205452062,-0.11700826340202021,-0.07438073623149152,-0.2908620831858769,0.3812201157114919,-0.30335695036725785,0.0842382793561912
-0.005159539683474299,0.07428524985576819,0.6727666247941908,0.020092291298169484,0.027313923532309627,-0.6840876996790254,0.7286111916238458,0.012129013492866972,0.0361593837188379,-0.008571832355067392,-1.3862015950896838,0.6033877445495369,-0.4800307871962284,0.15595878930743207,1.3970484658450661,0.3408813501347207,0.5867760477016002,0.029355785558430523,-0.11328122187367683,0.0643092967174701,0.2768080872343467,0.28833302163298113,-0.2612111755521809,-0.08508311271040882,-0.11658365603826688,-0.07444706297379627,-0.2908090830721982,0.3811603549237906,-0.3035118079315185,0.08449661703235017
-0.005174726610536126,0.07431492667178391,0.6727562624445429,0.020039749503104217,0.02720040328283787,-0.6840877719021313,0.7286168175626209,0.012125032291410888,0.0361716447742965,-0.008442923458202103,-1.3861868006750484,0.6033273807085174,-0.4800184139774032,0.15601719044865195,1.3970584698640103,0.34077744759001466,0.5866980103581423,0.02938079634877049,-0.11299199698578731,0.06421593113086807,0.27679623357836186,0.28830340512359903,-0.2612773174867816,-0.08504265090896394,-0.11630006421881851,-0.07453557433519166,-0.29080297966217444,0.3811817651979072,-0.30364282680988014,0.0847312368132972
-0.005162566646560076,0.07435388664789447,0.6727950994205912,0.020014957285885298,0.027109786712994466,-0.6840643994215203,0.7286428194892851,0.012122317974717788,0.03618147783950333,-0.008407304751801905,-1.3862465592789839,0.6032897735745749,-0.48000109507756844,0.156058291102516,1.3970114383102514,0.34070255708166813,0.586690611381966,0.029413706252372163,-0.11282354053893132,0.06405238397683073,0.2767897640107212,0.2882262513729643,-0.2611782749881692,-0.0848977877389666,-0.11612471496355581,-0.07468718606372421,-0.29086092022746046,0.3812049343664546,-0.30366800180135556,0.08490477244331887
-0.005184172945346753,0.07441228992429488,0.6727777315023327,0.020021780888241938,0.02701827038162828,-0.6840260896306866,0.72868199515303,0.012120856814478793,0.0361826046726683,-0.008426946869637734,-1.3862433008960728,0.6032742011959769,-0.4800413148155616,0.15609133504394987,1.3969810533553184,0.34062848572386695,0.5867125603199973,0.02946140160275617,-0.11277470023677355,0.06387000874528126,0.27678810083973915,0.2882159555509923,-0.2610625294161431,-0.08466364708563032,-0.11607475525974999,-0.07488733530048096,-0.29096847140016996,0.3813580793126651,-0.30374198620674053,0.08507838922006057
-0.005196949702971494,0.07443900124662271,0.6727597457690956,0.020028021837041107,0.026934804203458222,-0.6839779502974731,0.7287300996738668,0.012120927778612092,0.03617531707256773,-0.008410161472290723,-1.3862790068388757,0.6032490668119559,-0.4801302644338417,0.15618540103161402,1.3969159420613075,0.34053770421197455,0.5868036383369052,0.029506746916558038,-0.11274341655835877,0.06368074711283561,0.2767623221144819,0.2882179733566217,-0.2609252386822258,-0.08439812913112468,-0.1160657438246479,-0.0751120291417656,-0.291093648855961,0.3815895476450885,-0.3038219831158251,0.08522993923060071
-0.005206046792890515,0.07444760427473526,0.6727417390133213,0.020037060357945103,0.026848854601305476,-0.6839219295356008,0.7287855991436103,0.012122570814115016,0.036160293753899196,-0.008409521519085451,-1.386318265347795,0.6032253937467837,-0.48020149051364447,0.15629666271235876,1.396850488937237,0.3403983932933104,0.5868931006316154,0.02953022940561311,-0.11271000014506785,0.06350587743283807,0.27667264596148156,0.2882303423657842,-0.2608025122122217,-0.08418047229195971,-0.11605869119428136,-0.07532748697969692,-0.29121689211151086,0.38184272369073574,-0.30390620726513007,0.08533699365175046
-0.005226867111476244,0.07445053969098052,0.6727409380054623,0.020031632265857732,0.0267913858014234,-0.6838594267501529,0.7288465131977769,0.01212598516969242,0.03613888917004336,-0.008456114166041246,-1.3863333507148619,0.6032192410811765,-0.4802438489821885,0.1563773160651683,1.3968233303661728,0.34023092644299296,0.586922781146901,0.029532863007927974,-0.1126903820967588,0.06338994009326106,0.2764837319803241,0.288213292098911,-0.260682431702644,-0.0840060153772207,-0.11606469602294184,-0.07547445162848837,-0.2913258771019332,0.38205556713863686,-0.3039350363771022,0.08539785113841629
-0.0052286467532702,0.07447944919777763,0.6727349990910662,0.02003307766016297,0.02674541672238866,-0.6837962283907523,0.7289074540175797,0.01212974334169374,0.03611093369799005,-0.008573957552888908,-1.3863668598532322,0.6032272577548577,-0.48022368147690736,0.15638420083064106,1.396789557619066,0.3401004770518527,0.5868937540728153,0.029541186813502603,-0.11271998246227158,0.06328390707448478,0.2762200833940729,0.2881903243611233,-0.2605623253498855,-0.08387739473723081,-0.11611333647887034,-0.07561132725347042,-0.291429468962381,0.382255641110735,-0.30393963569005683,0.08540175216868581
-0.005223408935292149,0.07454916166158468,0.6727060217872786,0.02002475670485949,0.02670538995790254,-0.6837264568507366,0.7289745972723917,0.012134425313142431,0.03607421277408351,-0.008743472175947493,-1.386395519488711,0.6032320958874399,-0.48014420841872874,0.1563535551390959,1.3967695172663943,0.3399532089204222,0.5867977469776711,0.029541275270837816,-0.11279188920029014,0.06319682990327823,0.275934371418052,0.28821762206055385,-0.26049750741550626,-0.0837914293908054,-0.11621087194732121,-0.07574369696434426,-0.2915499959557636,0.38252986515098364,-0.3039986850554692,0.08539615827425757
-0.005243194473146659,0.07458507761245145,0.6727077811758757,0.019998342197794606,0.026654596864450618,-0.6836668620933813,0.7290330722612818,0.012139396924277082,0.03603634593355492,-0.00876803885024169,-1.3863768593531003,0.603188160647923,-0.4801637684624367,0.15639913813619277,1.3968111172953066,0.3397626008032908,0.5867310240525994,0.029560556534727993,-0.11277498628303875,0.06313377930377193,0.2757121316280533,0.28821998188684894,-0.2604261326514111,-0.08374691255315163,-0.11618344215094484,-0.07583347811195335,-0.29169658936030757,0.3827070844564748,-0.30403776317774767,0.08541280729836465
-0.00524844094053521,0.07463010596350929,0.6727095430003668,0.01996326040026165,0.026571065510945752,-0.6836204365716957,0.7290806165393021,0.012143243248947456,0.03600411072507522,-0.008715717124859683,-1.3863923651289312,0.6030784250139818,-0.48018068734591696,0.15648051813467093,1.3968263431854693,0.3395339865376313,0.5866860433328961,0.029596053477391807,-0.11264785851302574,0.06304161995201099,0.275604932922312,0.28819800058035133,-0.2603952640102238,-0.08383221174663105,-0.11601390091737093,-0.07593001930820265,-0.29187317354427506,0.3827863420918928,-0.30411889018398364,0.08546417255233553
-0.005271579802744299,0.07464955836282254,0.6726916387136141,0.019913224736362572,0.026469200517533358,-0.6835816488931905,0.7291220571351745,0.012146197275622233,0.03598469935424352,-0.00850859637390666,-1.3863697149516734,0.6028648557807407,-0.4803001960467536,0.1566800511426862,1.3968786475341828,0.33918842848150327,0.5867088261435182,0.029639866268851452,-0.11242391726373825,0.06296162905976715,0.27557291699246494,0.28817338944274346,-0.26041740150367837,-0.08401010216742413,-0.11572735055468074,-0.07600653051470682,-0.29207437895074473,0.382822428280061,-0.3042486160246347,0.08555417626860129
-0.00526969261127242,0.07465458089307367,0.6726826123897771,0.019859026965335983,0.026378352335103945,-0.6835463721904326,0.7291598992274424,0.012147773095540555,0.03597349536054898,-0.008307334269085734,-1.3863843416067192,0.6026660470089934,-0.48040872563574866,0.15686728682971357,1.3968909993513587,0.33895025261472406,0.5867640058755529,0.029701883269302048,-0.11220971832938939,0.06287877313955716,0.27553554343982006,0.28814456700034624,-0.2604262155721126,-0.08418504051194009,-0.1154293829910296,-0.07608121639336485,-0.29229343189014734,0.38281569782960695,-0.30435004141194283,0.08562440989954165
-0.005277112929066268,0.07466591987145897,0.6726759298121417,0.019849898573655347,0.026322990314048514,-0.6834814360744038,0.7292230168125612,0.01215055092384333,0.03595997694866102,-0.00822376413698481,-1.3863784637088294,0.6024374659145509,-0.48053198559857985,0.15700247767095069,1.3969271304639983,0.3386518637659502,0.5868563966192988,0.029732173666794787,-0.11218540976721166,0.06278462005680858,0.2753883168922296,0.2881338444618191,-0.26037286156319794,-0.08423828360362698,-0.11531050029901851,-0.07617922011567657,-0.29253716590169,0.3828524220615771,-0.3044092560522841,0.08563932468501302
-0.005295912001885619,0.07469232318413413,0.6726897520609415,0.019893087017297712,0.02632675760711408,-0.6833752985585375,0.7293211694739489,0.012156257597604608,0.0359277316444657,-0.00836372847723614,-1.3863827677518836,0.6023209025558729,-0.4806137921760778,0.15701678565725877,1.39696263775347,0.33843937243337435,0.5869738793002417,0.029711341027882438,-0.11255660952814049,0.06272858123556936,0.2750798030741293,0.2884104884151342,-0.26033030961275133,-0.08407670120673771,-0.1154637264149543,-0.0762921194939031,-0.2927995206823382,0.38295622868652224,-0.3043781165563096,0.08555435132829867
-0.00532835187342569,0.0747869621953361,0.6726880275021228,0.019964188253989348,0.026384746119797853,-0.6832474591161213,0.7294368964968234,0.012164011837885432,0.03586577504707175,-0.00872766724503339,-1.3863778468385157,0.602323669001936,-0.4805939034985095,0.1568392874939843,1.396980944590794,0.3383614982599869,0.5870202902019813,0.029663403195449484,-0.11333551486999319,0.06273832375225452,0.27466223313834687,0.28908181241372954,-0.26041993087296617,-0.08376051318372756,-0.11585653520452917,-0.07640777581968876,-0.2930681274539248,0.38313881742858047,-0.3043263229114087,0.0854102467418447
-0.005345458043498078,0.07486357761396714,0.672700301090891,0.020043866657068282,0.02644586282718527,-0.6831022289805573,0.7295685057008383,0.012173840725461248,0.035776072977765604,-0.009075097747381862,-1.3864027475527636,0.6023072004147031,-0.48058882986450496,0.15672975073321854,1.3969785153795364,0.33824628778831484,0.5871342656737945,0.02958624600109496,-0.11424531628492685,0.06275893689853207,0.2741979934318941,0.2899675351518611,-0.26058444956659077,-0.08340663666598487,-0.11628699371415613,-0.07654632026737875,-0.2933468616565335,0.38336243654631363,-0.30426306021883853,0.08524147891858867
-0.005350679394250938,0.07491724662807211,0.6727181990314998,0.020103436411676605,0.026474682573375957,-0.6829624643310649,0.7296966598127747,0.012183747935652217,0.03567173814303613,-0.00931627943241963,-1.3864202579278981,0.6022448906763826,-0.48062649015164544,0.156667703247185,1.3969751901785696,0.33811485290641013,0.5872199863647963,0.02951118741455885,-0.11495740141548431,0.06272799864018626,0.27378414266613266,0.2906956966896872,-0.26073036933650257,-0.08312676697216002,-0.11656048408399522,-0.07669942819380406,-0.29361790204292254,0.38351795634150065,-0.3042180762406888,0.08514171767685394
-0.005348022028992154,0.07497136474148229,0.672710721398469,0.020134550983296855,0.026456836896941706,-0.682831805260345,0.7298187181506163,0.012192575182944369,0.03556419462437003,-0.009446182530605233,-1.3864260894254843,0.6020569879457869,-0.4807030332357447,0.15665798606858564,1.396978936130362,0.3379058244673505,0.5872287694974578,0.02943232462625183,-0.11543693134892426,0.06265006176443434,0.2734444721462534,0.29128223762198174,-0.26091577921345765,-0.08299694626546832,-0.11666859029563005,-0.07687248431158981,-0.29387111102971497,0.38365294710237796,-0.30426198330793647,0.08514240019482662
-0.00530460041181631,0.0750329569370607,0.6726940304546611,0.020163522461116107,0.026413464346318284,-0.6827083415473797,0.729934984532741,0.0121992379122891,0.035463269444549916,-0.00945962645122084,-1.386473234575089,0.6016345129221357,-0.4808487681543348,0.15670308103262778,1.396969105939049,0.3375622379031472,0.5872360764970675,0.029359197219522206,-0.11580612198482763,0.062489741112178046,0.27314317095541446,0.29178406081383457,-0.2611303177438199,-0.08297157540441003,-0.11670686657182523,-0.0771075680289357,-0.29411043175769147,0.3837748441596346,-0.3043618705084514,0.08520117180619693
-0.005294484519490132,0.07506462334193902,0.6726910811782406,0.02020443444460837,0.0263802145035429,-0.6826180138065125,0.7300195287376722,0.012201407485366075,0.035377383417070696,-0.009364524717000743,-1.3864816532445134,0.6008616277806695,-0.48112283085249496,0.15667550778539643,1.3970712375709222,0.33711625095465414,0.5871677625668918,0.029390307040206985,-0.11613444135805771,0.06232064346856657,0.2728607082679973,0.29217256076112225,-0.26129271463849546,-0.08293955048508696,-0.11673681690311698,-0.07732943199390963,-0.294363804720626,0.38386444294610134,-0.30445097226739587,0.08531896786546549
-0.005322276224510001,0.07511478637932958,0.6726856245806543,0.020231253677117186,0.026354949845461044,-0.682506430334508,0.730124020660424,0.012204222153449486,0.03529114744765778,-0.009370265308975988,-1.3864672371194626,0.6004559815699877,-0.4813199670709616,0.15661486834655564,1.3971798768967327,0.336884308875841,0.5870571263847406,0.029405514718624688,-0.11652828769148749,0.06221118766463429,0.272561806826305,0.29263292643750904,-0.261421488422236,-0.08283549053303996,-0.11675784292270523,-0.07750603384176179,-0.2946546259337803,0.38391059856274334,-0.30448811273157667,0.08547096475976619
-0.005336761448853436,0.07517853255941487,0.6726884172044624,0.020278083400649894,0.026345654271826842,-0.6823889336653104,0.7302328731615052,0.012207090078203238,0.03520076155034616,-0.009474146785022147,-1.3864784442313736,0.6003282987398852,-0.48141237454445146,0.15652113566373213,1.3972041278494003,0.33678758338158826,0.5869890863689504,0.029443772620557758,-0.1169183287908887,0.06206081281936412,0.27228016875298394,0.2929137932037908,-0.26141939764671124,-0.08262225622118521,-0.11681997914111264,-0.07769608394854963,-0.29499332630780334,0.3839038638857403,-0.3044569325231814,0.08564133220042082
-0.005349486931521428,0.07522293630261062,0.6727063857833944,0.020351933096013772,0.02635568244306078,-0.6822681705193604,0.7303432893635577,0.012209449049736658,0.03509710629000701,-0.009581584467037161,-1.3865308647992842,0.6001412049017536,-0.4814896552006675,0.15642517038737222,1.3972433128577353,0.3365653934488737,0.5869576913437989,0.02957911201984288,-0.11747768924553215,0.06191062768560999,0.27193076801879873,0.2933062488795309,-0.26136466449076534,-0.08232089210707892,-0.11692830210173186,-0.07790441811877324,-0.2954440612493463,0.3838686069814539,-0.30436548610406955,0.08583617721319037
-0.0053338409409129555,0.07527741391502449,0.6727141560530854,0.02042702897601269,0.02636547534587873,-0.6821241995619484,0.730475307295853,0.01221354182028424,0.0349838996101183,-0.009834242820717003,-1.3866673504345708,0.6001094255953983,-0.4814149494923962,0.15629991761421316,1.3972604216082212,0.3363749479139404,0.5869164533064027,0.029640248154997353,-0.11799397373190944,0.06172300974071575,0.2715707045815502,0.2936150649272453,-0.261282194567212,-0.08202513792323692,-0.11703692509991437,-0.07813965117961684,-0.2958816814019129,0.38382713504124183,-0.304271093049469,0.08602952378656871
-0.005306594760725457,0.07533724352571157,0.6727305066840182,0.02048682273611926,0.026385225266047665,-0.6819736263521038,0.7306134976456433,0.012218251922643012,0.03486788953467447,-0.010083412629416772,-1.386755957845446,0.6001204907112547,-0.4813566726653607,0.15617462783782032,1.3972817903182873,0.33629914870125105,0.5868737558374132,0.029657752098047538,-0.11841840298155422,0.061526561517752876,0.27116522471754084,0.2937696897879247,-0.26116020379661337,-0.08179658565772567,-0.11713816843552399,-0.07835601321213216,-0.2962680810774609,0.3837743886848334,-0.30416835576319784,0.08619378917022462
-0.00528398298236235,0.07539867705228921,0.6727425898394366,0.020539898683007134,0.026397521514760346,-0.6817970692456683,0.7307763267840492,0.012224921296727599,0.03475612580105772,-0.010341652597959583,-1.38680441898103,0.6001136439753336,-0.4813318073971414,0.15607669068176094,1.3973416118975004,0.33625500739596886,0.5868448404114477,0.029560997727576577,-0.11883283972399591,0.06136754521006593,0.2706678886912692,0.2939893603326944,-0.2611219265070478,-0.08170277995689389,-0.117270873629279,-0.0785527917293094,-0.2965552809268127,0.38381079222165565,-0.30411629394171513,0.08630544736429954
-0.005262927366306585,0.07544564759407899,0.6727342778247645,0.020582273744079265,0.02641825625291824,-0.6816062189453095,0.7309523979296862,0.012232831076154378,0.03465414016329386,-0.010577973131629068,-1.386815453726759,0.6000861760418954,-0.48136036617539996,0.15600583916707333,1.3974169481343124,0.33625169073819483,0.5868523850742083,0.02940141714545668,-0.11918884891007815,0.06121910343435445,0.2701075424683633,0.2941306500201182,-0.26109685080713896,-0.08169269291642789,-0.1174149516458186,-0.07873147918309813,-0.2967745259381574,0.3838823503547114,-0.30409043686759096,0.08639172972821811
-0.00525585559573993,0.07551064347370348,0.6727102514392145,0.020632243041166655,0.02644185651537264,-0.6814164744723709,0.7311270252758794,0.012240863117706394,0.034561112141950755,-0.010835737284155688,-1.3868071223345582,0.6000384714834691,-0.4813907329516528,0.15587289966027879,1.3975091005813116,0.33628510981518916,0.5867989513253403,0.029249633679074932,-0.11956011080625227,0.06106151111044394,0.2695525536000792,0.29424814276561073,-0.2610750051166387,-0.08169698154293184,-0.11761212229130058,-0.07892226608331347,-0.2970032784664333,0.3840149094496516,-0.3041125080661706,0.08645739057272754
-0.005237475232999451,0.07553892393901009,0.672722470402353,0.02069474901299963,0.026444770751575936,-0.6812927165337247,0.7312404774499865,0.01224285595157331,0.0344728489538478,-0.011033820124373836,-1.3869678917422037,0.5997470455772365,-0.4813395576661959,0.15559011845368945,1.3975991851671008,0.3365022009317309,0.586569329965605,0.029313292135607846,-0.11987168636091966,0.06081780666013072,0.26907632530458336,0.2942936912235135,-0.26095720053218546,-0.08162961779074863,-0.1177704143564548,-0.07919260214511896,-0.2973255502026106,0.38417100689321193,-0.30412733734023845,0.08649718204866692
-0.005203725519276307,0.0755739192933208,0.6727334091207057,0.02078345799890952,0.026450041541083637,-0.6811186357857022,0.7313999228612943,0.012247983845427128,0.03438571222269359,-0.011250349359123233,-1.3871469988603948,0.5996717395288577,-0.48128199288231366,0.15542726581499614,1.3976063233118627,0.33653871384957657,0.5863761066383182,0.029288170608474943,-0.12018361093083595,0.06046594730735985,0.26873697125734775,0.29422439530307,-0.26072851523944235,-0.08147497913433101,-0.11798466128065978,-0.07957045767437709,-0.29779963032043094,0.38440216483512973,-0.30418402568669317,0.08648759770098184
-0.005181526168931772,0.07565124402464136,0.6727377309637301,0.020894644367685164,0.02643313091873284,-0.6809403802565649,0.7315633273768081,0.01225324326590502,0.03429465613031106,-0.011520218180949296,-1.3873634326278859,0.599683816686955,-0.48114084118973866,0.1552020319905459,1.3976093807510468,0.3365640229580905,0.5860661572512884,0.029276065044068187,-0.12047737124959866,0.06002348841350929,0.26849276310673714,0.29405865958283234,-0.26041931276352154,-0.08126746121166091,-0.11826886125527986,-0.08004762955903327,-0.298367973227979,0.38476540686253824,-0.30431957447339236,0.08644230464721937
-0.005127617910161872,0.07570660294689123,0.6727527024551928,0.021000035933251598,0.02640994286278382,-0.6807507640939543,0.7317375968161572,0.01225941233278321,0.03420048408067797,-0.011772995296457797,-1.387704089415677,0.5997437522585382,-0.4809391196255905,0.15506210692547803,1.3975548906924329,0.33651523374221365,0.5858120752130133,0.029267250045541583,-0.12074408607651398,0.05953717745312308,0.2682191936922761,0.2938805771921285,-0.260081285910844,-0.08102138807730258,-0.11851357348335516,-0.08056756879159006,-0.298978578448855,0.38512577790779556,-0.3044438877213269,0.08640789223174446
-0.00508189030116237,0.07575479620674168,0.6727476961161024,0.02110017647484611,0.026417794898962517,-0.6805701838669198,0.7319023893230262,0.012264173538726678,0.03410724502132198,-0.011941049619538045,-1.3878498780630066,0.5997595568329912,-0.48089264177644364,0.15494092506928167,1.3975443266028906,0.3364318869660979,0.5856717259842857,0.029334550498691218,-0.1211129410196635,0.05914625493794423,0.26778311478907224,0.29381033799350614,-0.25983713684550885,-0.08075443379170354,-0.11874078408666827,-0.08099114103312345,-0.29958633918422667,0.38537357788632504,-0.3045332049885539,0.08646544207556756
-0.005055325836174251,0.07583121119048808,0.6727498734957781,0.021197796354172974,0.026444092302791128,-0.6803954033996332,0.7320611029447336,0.012267546563177698,0.03400926015462545,-0.012186842496469431,-1.38797092576981,0.5997577666324635,-0.48084333402642043,0.15467566033656704,1.3975974590676055,0.3362885446008086,0.5854750471113899,0.029490485399031423,-0.12164629961199855,0.05883886035483306,0.26708294758707013,0.2939273281165232,-0.25972588542382097,-0.08043844948947444,-0.11893913971479941,-0.08132568760904627,-0.30016990556470724,0.3854589948023725,-0.3045539923138046,0.08667590081961865
-0.005029499423576444,0.0759215101035824,0.6727561137743484,0.021287763257869435,0.026490486298491635,-0.6802347939744695,0.7322060572937501,0.012268530792502423,0.03390595140828864,-0.01244134698745526,-1.3880195001860534,0.5997258211524289,-0.48079036100074635,0.1543754657638282,1.3976752720473185,0.33614078394146074,0.5853034881558691,0.029738372232977914,-0.12230999071433556,0.05860985099632373,0.26619618814844725,0.29420977343225013,-0.2597217775031915,-0.08007888823962976,-0.11908652170428961,-0.08157678316944893,-0.30075918274638963,0.38537883633841863,-0.3045012646818217,0.08699420268788984
-0.005004300363248148,0.07596799465578079,0.6727869732073405,0.021381067574568428,0.02653068375053961,-0.6800709988677509,0.7323540190837496,0.012268374672369381,0.0338029664531287,-0.012611105585146427,-1.3880760915531298,0.5996301749752205,-0.4808129915852605,0.15414835112118258,1.3977716274810994,0.3359267496635869,0.5852173538735853,0.030017143574004094,-0.12294902645826156,0.05836356268282826,0.2652699478738804,0.2944854901356804,-0.2596944290095881,-0.07970924736557254,-0.1191536241525631,-0.08182478526527986,-0.30137625286760467,0.38521500624770666,-0.30438529140917714,0.0873335467610414
-0.004976973282373221,0.0759860379061945,0.6728065364774763,0.02146442728874828,0.026558166517679546,-0.6798913736096155,0.7325173460359943,0.01226843226025659,0.03370454289255141,-0.01276451955269571,-1.3881425613143124,0.5995530268792812,-0.480801637401341,0.15398533814536794,1.3978305799525392,0.3357043610735309,0.5851770906846212,0.030251526989807816,-0.12349287873344073,0.058069820252204925,0.26446153856184484,0.2946846193987951,-0.2595959035223137,-0.07938588589360178,-0.11917519983336296,-0.0821217033141175,-0.3020270451898804,0.3851034088091933,-0.3042851920271671,0.08761906347122794
-0.004946628339657165,0.07600058641825494,0.6728189102606251,0.021563222191167148,0.026552311203701544,-0.6796909582831514,0.7327006233425822,0.012269470427256846,0.033617600929423994,-0.012878874705600632,-1.3882900107368354,0.5995152020728411,-0.480761606286153,0.15388118186904773,1.3978387442248947,0.3354583581357362,0.585167332920573,0.03043410053697396,-0.12390649493241382,0.05764643143673273,0.26384416924559634,0.2947233543000312,-0.259357839129176,-0.07915000146303021,-0.119222758938943,-0.08255456788348894,-0.3027299016860458,0.38518612251613965,-0.3042762279878646,0.08780070443065362
-0.004914888339568903,0.07603612264933439,0.6728076296705909,0.021669423078450316,0.026519773875038916,-0.6794647597017878,0.7329084376785799,0.012272589857745002,0.03354482398048462,-0.01302250733470092,-1.388525944958588,0.599549703799456,-0.48062947248227056,0.153828205797065,1.3978106571762847,0.33515550129581556,0.5851841957865411,0.030558900851461988,-0.12424503010355867,0.057129174690925245,0.26333950599261874,0.2946645572589673,-0.25903637017907644,-0.07897987630423943,-0.11930223571348378,-0.08309704437018464,-0.30346532435081236,0.3854261991337256,-0.3043578829490409,0.0879248465511081
-0.004864359337515482,0.07609062174107012,0.6728180051310191,0.021769148821592373,0.026477826650193097,-0.6792145380714183,0.7331388955224629,0.012278703264822756,0.03348351436339178,-0.013236581993507725,-1.3888789634133343,0.5996513704337492,-0.48036672451201495,0.15381193328696172,1.3977498805369768,0.33483095968162174,0.5852278072365077,0.03061084108312054,-0.1245302328370626,0.05658190520221555,0.26286037376701,0.29453508543294626,-0.25866961222084583,-0.07884720464770925,-0.11937123489943487,-0.08366216938870714,-0.304193840660482,0.3856704409336749,-0.3044330495897184,0.08802549379231289
-0.004791606746178387,0.07615868645789518,0.6728371497665062,0.021855761026320007,0.026458787409817944,-0.6789792780543678,0.7333548924303521,0.012283219607696771,0.03342884059557367,-0.01337076717295434,-1.3891613702094956,0.5996671192269919,-0.48019595365211637,0.15376420474230873,1.3976846942764045,0.3346552954082079,0.5853053496566418,0.030681465515333364,-0.12484791997716271,0.056108694714153175,0.262313568548514,0.29442586332583015,-0.258359228545763,-0.07871984970549,-0.11943748297856947,-0.08414327693490734,-0.30487845552654835,0.3858149708570466,-0.3044534481099226,0.08814789188490242
-0.004776695327935875,0.07623438369615472,0.6728199337709373,0.021915169059325855,0.026476201404373127,-0.6787298073225432,0.7335833863823533,0.012288637140593623,0.033373705236810006,-0.013542143811560828,-1.3892409493803886,0.5996582346953577,-0.48010894653968483,0.15371026305406793,1.397729263153161,0.33457880002483353,0.5854034570572885,0.0307030774455028,-0.12526326798001974,0.05582023382890582,0.26166616589391395,0.29445256951835336,-0.2582111364886777,-0.07858151112547987,-0.11950199389683878,-0.08444735836477689,-0.30551762411561195,0.38587240548442486,-0.3044545246689694,0.08831957665191248
-0.004727990366085677,0.07630389680742723,0.672824055085226,0.02196227735922527,0.026510370074656273,-0.6784683258830678,0.7338225871592738,0.012294544437499643,0.033316916933436344,-0.013703034458648686,-1.3893462378058556,0.5996251954775108,-0.48003953263861315,0.15366526782757894,1.3977251790154281,0.33459281572467103,0.5855652786571968,0.030670827887066193,-0.12568764281872286,0.05557143549162405,0.26097890863653583,0.29449372519244715,-0.2581198704583632,-0.07846533592174432,-0.11953104817152359,-0.08469715010018547,-0.30610937384279496,0.3858179888709181,-0.30439023850321206,0.08848542932277399
-0.004687434585487231,0.07634975483291934,0.6728231567146014,0.021996218142763185,0.02655467953966413,-0.6782216332131616,0.7340479763773174,0.012299670380950005,0.033254983503933605,-0.013841732056817107,-1.3893937906229847,0.599515718838631,-0.4800008065255258,0.15363046230118846,1.397752042804147,0.3346522503311286,0.5857492515929652,0.030668393905468494,-0.12616807854846138,0.055396205241852785,0.2602467410399366,0.29468423472013777,-0.25812101916068914,-0.07832342286915392,-0.11952931294494724,-0.08489002549020913,-0.306682536434383,0.3857142134387576,-0.3042962424643639,0.08869556552518008
-0.00465772513210606,0.07638823702926506,0.6728298595343889,0.022045093941502367,0.02658820553120256,-0.6779967948303869,0.7342529723191216,0.012303662905550168,0.033189097322712,-0.013956056497052052,-1.3894635996852847,0.5993525720056407,-0.47999412682983095,0.15354515009683528,1.3977739081220237,0.33470311140559805,0.5858754922049827,0.03066353791503288,-0.12663036708824194,0.055178860854179244,0.259537144613936,0.29486088409969696,-0.2581242201104486,-0.07812022090738209,-0.11956338116978923,-0.0851294714268972,-0.3071849491022626,0.3856445221693169,-0.30421062130340093,0.08900088844426979
-0.00461239288301457,0.07642129242154085,0.672831178627554,0.022081249480156783,0.026635952200744988,-0.6777916429925978,0.7344395367633411,0.01230633221367607,0.033118378415389615,-0.014068838056696096,-1.3895318095533458,0.5991309558422317,-0.47993834133151725,0.15341937992888163,1.3977433127642005,0.33467478839156234,0.5859372027303392,0.030643662138381555,-0.12713602143539018,0.054979275902249464,0.258808502502028,0.2951556725265581,-0.2582013862805829,-0.0778321040106059,-0.11963397156495742,-0.08538017020352417,-0.3076082486574481,0.3855994432012212,-0.3041334693548546,0.08946778313352365
-0.004541961488081055,0.07643676875030404,0.672848151603646,0.02213533831189398,0.026669572659161124,-0.6775922495094767,0.7346206531923017,0.012307808150466136,0.03304337634018734,-0.014146026954391407,-1.3896082644387027,0.598861087103317,-0.4799060043050829,0.15329683790510973,1.3976885802677372,0.3345927147119678,0.5859936541559088,0.030586041200001923,-0.12764452050553252,0.054745626258969456,0.2580571814062357,0.29549129408636654,-0.25830735459026277,-0.07749196987930114,-0.11973442120585012,-0.08567996853451995,-0.3079614745689066,0.3855789571910146,-0.30405852050083604,0.09004607912774339
-0.004456944130546227,0.0765218942783323,0.6728666779943377,0.02221762237070679,0.02672214941936731,-0.6774273440860129,0.7347683291154932,0.012305578109967564,0.032967149324839726,-0.014321444758136914,-1.3897382662296653,0.5983840245126579,-0.4798155732677829,0.15297935249385003,1.3976203661684865,0.3344439164768961,0.5859196283278362,0.030589191193866064,-0.1282557406387005,0.0544578474613687,0.25734474815262687,0.295831606039727,-0.2584202156521933,-0.07712879140283327,-0.119983055173774,-0.08604471267424664,-0.3082825516541189,0.3856330360935001,-0.30402482741631337,0.09064417619374246
-0.004351174360511046,0.07661614514093126,0.6728875812901027,0.02227719190074983,0.026758260932274652,-0.6772581785982801,0.7349211397929977,0.01230341968860121,0.032889407299420324,-0.01449890131523261,-1.389894514737469,0.5980934367112647,-0.47966772064309526,0.15272320056336058,1.3975286356819758,0.3343568946312312,0.5858658825834175,0.030578447532749808,-0.1287906391514119,0.05414516508433783,0.2567255205112473,0.29613351801157856,-0.25847212689832166,-0.0767782568406457,-0.12022198233447344,-0.08644174210790297,-0.30861769568397757,0.38579437133622824,-0.3040167223795663,0.09111273131347872
-0.004217630039127242,0.07668524409853077,0.6729216810859712,0.022312124293834865,0.026764090893574746,-0.6770792817878939,0.7350846881290128,0.012302596689721619,0.03281360789147771,-0.014631719721098023,-1.3900535449320497,0.5980099064195918,-0.4795089314967592,0.15258453618440604,1.3974174966354953,0.3343121328130823,0.5858939159158634,0.03053475592055585,-0.12915189665116525,0.05379064107996672,0.2562581049652009,0.29631586243868746,-0.2583974771728559,-0.07646481923269229,-0.12036825719433748,-0.0868658384160223,-0.3089929851519001,0.3860178742748352,-0.30402062733249663,0.09132064551140996
-0.004124356755351379,0.07675486651260585,0.6729109802703855,0.022340414224714552,0.026765373047452752,-0.6768979310835306,0.735250781429531,0.012303699191966872,0.03274123582833101,-0.014824792988553033,-1.3901479938221681,0.5980534236161289,-0.4793507028110831,0.15244679258977736,1.3973346286415769,0.3342591731035313,0.585929870497817,0.030475377564603032,-0.12947308701240456,0.05344054808498266,0.2559027201246832,0.2964608266152965,-0.2582841832336173,-0.0761487941428589,-0.12057522072416925,-0.08730801946624267,-0.3093791387651443,0.38642950921724806,-0.3041293940380448,0.0913774362817967
-0.0040152633358810025,0.07679496011415121,0.672904198182525,0.022382421507741668,0.02676107487494809,-0.6767254788566531,0.7354083888189079,0.012305792108069629,0.03267356048019856,-0.014969960525875676,-1.3903024932893548,0.5981470434600387,-0.4791995498284105,0.1523578881638666,1.3971883045953994,0.334175757329383,0.5860213548691979,0.03042048627470754,-0.12978927213785565,0.05305884329100822,0.2555907473422813,0.29660319814726477,-0.25815210122587423,-0.07583953494877413,-0.12084413793485944,-0.08779791123113886,-0.30974187612801707,0.38694750512088416,-0.30426749068503056,0.0914231600755856
-0.0039004610097089663,0.07686223124732948,0.672896399796488,0.022452760225613273,0.02681095376474528,-0.6765784786239322,0.7355396716557189,0.012307293004966496,0.032609340233363246,-0.01515515320427015,-1.390463453446612,0.5982196421705347,-0.4790703549352876,0.1521883895471334,1.39702042120466,0.33403053345246,0.5861013111073083,0.030411545056927017,-0.1303031002985123,0.05268723430318695,0.2552418056842263,0.296812430673038,-0.2580758002396276,-0.07551092744372398,-0.12134105284560079,-0.08831033059485734,-0.3100516921745016,0.38755842283229824,-0.30440693732336865,0.09167863790142666
-0.0037945778216000974,0.07697888279504314,0.6728862017772522,0.022562532849834508,0.02691843240817911,-0.6764708316523025,0.7356313914126628,0.012305727246199648,0.03254684833430254,-0.015308963991163627,-1.3905908176704826,0.5981628810277559,-0.4790171663873359,0.1519244521634381,1.3968807963870118,0.3338377590768871,0.5861498820591663,0.030528217486340922,-0.1310877623529295,0.05234530272419593,0.2547802380622805,0.29713406049298646,-0.25810360954639466,-0.07520677583085718,-0.1220811187078412,-0.08882555230690352,-0.31032041386296483,0.3882093703941236,-0.30452925469824543,0.09227639326294099
-0.003671465629045265,0.07707278628943282,0.6728971168367779,0.022731719561412518,0.027068417075118575,-0.6763726154070958,0.7357109859518173,0.012302386897997902,0.03249331390511488,-0.015355697025637143,-1.3907271898389812,0.597933840186094,-0.47913734280551346,0.15171045257562427,1.396706977520034,0.33336275535764903,0.5863130761508022,0.030683304357132735,-0.13207730701941092,0.051971182970779385,0.2542503444475384,0.29751672553781866,-0.2581568109196754,-0.07492220034643256,-0.12305319567264479,-0.08940780116588931,-0.31056432334798467,0.3889819870531537,-0.3046540492906639,0.09309963978504326
-0.0034766645900476518,0.07714247543149366,0.672936762918326,0.022895707515111007,0.027238481891600927,-0.676315501693365,0.7357521279961593,0.012294538837363117,0.03244757275888724,-0.015338071143297714,-1.3909373530569615,0.5976713336069367,-0.47930701861725955,0.15148039950711076,1.396453412377814,0.3329239672168695,0.5865053208049666,0.030878578203094486,-0.1330971454836466,0.05155827360669226,0.2537731566677764,0.29794886627868344,-0.25820618229911424,-0.0745695965463971,-0.12409747163868932,-0.0900445936857824,-0.3107514014861951,0.38982060561047954,-0.3047382667589343,0.09397063992707011
-0.003251483169111134,0.07726339510116796,0.6729696400844636,0.02307336775849547,0.02741706109317348,-0.6762924527329908,0.7357611316437498,0.01228331998948243,0.03241001683319528,-0.015446809888881585,-1.3911554676621811,0.5974578538623435,-0.4794355264404031,0.15110095026640827,1.3961971175440835,0.332542265326306,0.5865962934114582,0.03102878891095466,-0.13419518855004087,0.051108783409223334,0.25345951537825606,0.29847187901083716,-0.2582641137179042,-0.07405519143323527,-0.12537834076144785,-0.09076107176701262,-0.31083996998769403,0.3909425817329246,-0.30490473863353096,0.09471841033264186
-0.002965854679340443,0.07739087739990735,0.6729808607356298,0.023251343794407936,0.027578539117538124,-0.6763122132603635,0.7357313296215996,0.01226893490000338,0.032384753545894145,-0.015564147938803908,-1.3914449255206618,0.597325560840589,-0.479548011517549,0.150716847545263,1.3958746141576137,0.3322631120985854,0.5866743047914101,0.031135118003721287,-0.13531092171848158,0.050613096287724126,0.25333356944910884,0.2991732298576469,-0.25833511579738494,-0.07332153568543529,-0.12685932298876643,-0.09160052686880542,-0.3108405718993024,0.392478523139901,-0.30521206552233987,0.0952025579478018
-0.0027207076399751308,0.07750924633759518,0.6729818262731557,0.023409341792947635,0.027745489250360737,-0.6763819802861977,0.7356559027746614,0.012252441363773363,0.03237104119668586,-0.015650713258686787,-1.3916585342359213,0.5972568299955756,-0.4797366363836925,0.150316258271691,1.39562603247577,0.3321125941288519,0.5866967918080822,0.03125418234557882,-0.13645581719389924,0.05017444996232492,0.2533527187227788,0.3000231407264714,-0.25843330511126905,-0.07237130003998936,-0.12845562040913797,-0.0924263407402336,-0.31076208489588864,0.3942336413300751,-0.30560140142180964,0.09555732795952714
-0.0024395698520445924,0.07762964721386051,0.6729834815973934,0.023600497885152703,0.027931793368264,-0.676479005928086,0.7355535235163756,0.012234559175795386,0.03237111944622845,-0.015817622384591452,-1.3919609632315133,0.5971717068488708,-0.4798965675032799,0.1498244157773286,1.395281781610813,0.3319271040309052,0.5867257389646682,0.03132001342622641,-0.1376823858574652,0.04967280870351939,0.25352744887138934,0.3009145048553183,-0.2585557388393046,-0.07132262398009308,-0.1303046466484959,-0.09335392018866875,-0.3105308891966953,0.3962356994858763,-0.30603954492453866,0.0958994187183422
-0.0021408680450816205,0.07777206945731237,0.6729909753344753,0.02380108883094976,0.02813429082187339,-0.676599757554701,0.7354282683765511,0.012215855358847744,0.03237463583858659,-0.01604576867063181,-1.3922865865924332,0.5971392584533067,-0.4800248508059339,0.14929848896294487,1.394930259759101,0.3318213511654437,0.586773946297084,0.031323587795723355,-0.1389465972746476,0.04914191078914834,0.2538594974075326,0.30177161797284424,-0.2587174055221229,-0.07025688083137951,-0.1323436466997216,-0.09432327370016677,-0.3100852860175639,0.3983625152640122,-0.3064420832002873,0.09639962230474847
-0.0018376345339123862,0.07796052214565322,0.6729607474991851,0.02405184917150061,0.02837530356504521,-0.6767171930311032,0.7353027888938872,0.012197479175273819,0.03237192159128167,-0.016448039110699003,-1.3926156820219773,0.5971041385465857,-0.480121362854397,0.14860881386522076,1.3945358699798456,0.33171706877555,0.5868048322156316,0.031191950495549386,-0.1403450814771917,0.048532703424018234,0.2543730425851005,0.30255045499617,-0.25894679921685304,-0.06916608724048949,-0.13479779624432497,-0.0954121686221693,-0.30937449702385506,0.40082028308126744,-0.30688888439254897,0.09718296570333014
-0.001496485232591141,0.0781774002705839,0.6729283463985509,0.02432390963752927,0.028633433222988915,-0.6768405853623898,0.7351702496212074,0.012179387171043467,0.032356716500492176,-0.01692008734053321,-1.393012426698661,0.5971099529382324,-0.48018799054813155,0.14788455272333276,1.3940930725331264,0.3316606675198254,0.5868747549274788,0.03094426972313501,-0.14182582655936532,0.04786893284351258,0.2550522751038305,0.3033417586836064,-0.25923283829372296,-0.06803777834355416,-0.1375030771031866,-0.09658593279440232,-0.30844434922317665,0.40347870072580916,-0.3073287590864414,0.09814269902559888
-0.0011145759678310636,0.0784104518834786,0.6729331479034335,0.024626252892846576,0.02889247457063766,-0.6770281512361281,0.7349773159869861,0.012157643124578404,0.032336811631945045,-0.01735832770952808,-1.393426593231846,0.5970684336410207,-0.48028965456318906,0.14706470537996708,1.3936122057053353,0.33159673291597924,0.586913448241782,0.03072645412084804,-0.14330071082829338,0.04713149538765962,0.2558850683102214,0.3040575110383295,-0.25949512783699097,-0.06691214855019269,-0.14039328650120111,-0.09783939822247982,-0.30732919532383157,0.40627867954182967,-0.30775608995480286,0.09914344347632785
-0.0006364203107113856,0.07856876129319677,0.6729482260632627,0.024917280427580575,0.029141090984216463,-0.677322705928408,0.7346862445875539,0.012129208081809364,0.03233097700219377,-0.017538782513009027,-1.3938702087634092,0.5970168714050554,-0.48055311500854614,0.1463969562697671,1.3930452532820687,0.3314349573878812,0.5870943033485607,0.030639677914873556,-0.1446194253756856,0.046331946422930224,0.25684655295640124,0.30472009783209203,-0.2597332167330459,-0.06584114917284732,-0.14329013552647538,-0.09916866718425811,-0.30606895929170913,0.409179166754555,-0.30818594178664477,0.10003330880075387
-0.00016760770902904659,0.07874254161869866,0.6729607573588394,0.025200457212833666,0.029401905218802784,-0.6777419275697842,0.734279473048078,0.012093777505629469,0.03235580184347773,-0.017639252775183453,-1.394175659358853,0.5970400314736962,-0.4809050984275635,0.14567501195627422,1.3926059777864277,0.3311250402547398,0.5871872218778298,0.03075720341050344,-0.14591137474456276,0.04559708023373851,0.25789934299509887,0.3053950197362456,-0.2600016119685841,-0.06488260760995801,-0.14629024233737384,-0.1004592180609697,-0.3046966499417032,0.41221793782506067,-0.3086976786861096,0.10079035443566395
0.0003129228158105553,0.07892757686941873,0.6729655963538126,0.02549080682299828,0.029663423813973844,-0.678243407452466,0.7337957347262345,0.012053999201527308,0.03242217568118153,-0.017676857789158878,-1.3944613637752534,0.5971473422265208,-0.4812972619105135,0.14501548679555193,1.3921930750155316,0.3306367952572379,0.5873104299480318,0.03097023144761356,-0.14718791474167367,0.044867977482399735,0.25905780533942663,0.3060842460627707,-0.26030339275367115,-0.06401585336821863,-0.1494284533498258,-0.10177413811482315,-0.30318350746609274,0.4154268779553251,-0.3092772038087579,0.10145786023089551
0.0008190657477986066,0.07912043489266134,0.6729327539546753,0.025785192505544445,0.02991562482637193,-0.678795202648704,0.7332647898950322,0.01201232596878189,0.032529517504390905,-0.017702306074509646,-1.39476796014328,0.597319314330853,-0.4817147852074905,0.14443334646111622,1.391745210829673,0.3299939136568728,0.5875463721589851,0.03115495748388836,-0.14842689418289523,0.044096171325774834,0.260375062346204,0.30676859328735606,-0.2606426824943564,-0.06312002300128752,-0.15270121677889315,-0.10315508826897363,-0.3014929713080867,0.41881091275390087,-0.3099214033953141,0.10210230275640397
0.0013467036392823572,0.07935599526758978,0.6729047305465791,0.026118622908007885,0.030166917236244126,-0.6793731219734529,0.7327072647257538,0.01194242454863089,0.032780110341845574,-0.017849962925936984,-1.395123434407819,0.5974889915867567,-0.48216356384758285,0.1438731688175905,1.3912471216942095,0.32923568381404894,0.5879988695781134,0.031113444031079726,-0.14974270618906502,0.04324522080056927,0.2620581259438429,0.3075315796887781,-0.26107077425381586,-0.06192425997280869,-0.1566052965453823,-0.10473501033924709,-0.2993616455733708,0.4230213311602377,-0.310853156845508,0.102877388014041
0.0019445706510171537,0.07960510200076845,0.6728783593093881,0.02640035054423618,0.030359898987727334,-0.6800095750115804,0.7320985424908093,0.011877763392085705,0.033032886316558506,-0.017918193600095316,-1.3955940604580885,0.5974256903166635,-0.4825848954601686,0.14332119696083073,1.3906831813898024,0.32880080640450704,0.588478743789433,0.03108485311856401,-0.15069850394870019,0.042232977697858005,0.26386847271792946,0.3079606242167877,-0.2613521677408957,-0.060577480493359315,-0.16003062679387298,-0.10630693929827692,-0.29720674691208093,0.426566633247239,-0.3114756563215497,0.10364397062046873
0.0026062915335062628,0.07983901908724184,0.6728455172124472,0.02670039859075238,0.030517940091775775,-0.680683188884177,0.7314548109200723,0.01181890889321521,0.03329764875224643,-0.017917173624789864,-1.3961024158999447,0.5971972487007263,-0.4831283630126224,0.14285230670931892,1.3900449697116934,0.32828688311410575,0.5891209741427752,0.030960958280582478,-0.15151084735747108,0.04107502015188054,0.265884470436935,0.308259598628941,-0.26159634267589366,-0.05905786257252759,-0.16350597155011365,-0.10800294204491974,-0.29486463989514633,0.4301786985624856,-0.3121022743930156,0.1044370131879916
0.0032630990631059833,0.08011413741241971,0.6728104571223024,0.027005217186609268,0.030698354166602146,-0.6814524968961281,0.730719387843377,0.011759731745355094,0.03355158379254974,-0.017922439585049483,-1.3965174711132122,0.5969825233614027,-0.4837257441603444,0.14222540326705313,1.3895050140433027,0.3279576958499817,0.589742000372131,0.030892654790466944,-0.15232173691754491,0.03991376977539426,0.26811891798896886,0.3084441112406015,-0.2618003047653058,-0.05748751630684687,-0.1672039639599453,-0.10968206858930717,-0.29226294890850574,0.4338741125651913,-0.3126534610507649,0.10525257704094286
0.003979554179495829,0.08039473725938542,0.6727977336571537,0.027415052886439646,0.030964818892419463,-0.6823327126755481,0.7298709913943853,0.011696357792724507,0.03380536506506837,-0.017948253494083133,-1.3969156774069766,0.5967484916694993,-0.48443296834210525,0.1415136953594348,1.3888717051815296,0.327546256994839,0.5906999746682247,0.03091101141868448,-0.15330218235034312,0.03864432397015401,0.27059106865059135,0.30834907219295354,-0.261835888575962,-0.056026720437300004,-0.17143654932839394,-0.1114453806395434,-0.28932481324005127,0.4377353802981745,-0.3130705273250926,0.1060363931933647
0.004731838207066569,0.08073149518609352,0.6728025189002983,0.027876351488711124,0.031319929821085994,-0.6833527819899847,0.7288833558054607,0.011625688155808283,0.03401454237475955,-0.01813992893387734,-1.3972243053414612,0.5968323773855242,-0.4850648329759331,0.1405385698943118,1.3883341245760574,0.3273806153334721,0.5917590137557025,0.031134760535774082,-0.15444890191796967,0.0373705114048583,0.27326344756084553,0.3079986388942097,-0.261685757770579,-0.05473806197526346,-0.17615737266480308,-0.11317806541657395,-0.2860539880272781,0.4417058951522127,-0.31327471149280006,0.10677680493625583
0.005534010501331679,0.0811066383713622,0.6728294866020303,0.028412151061899513,0.031741170013476865,-0.6844550330774943,0.7278094225091476,0.011554996288228248,0.03417514341467721,-0.018492408331349453,-1.3974919690971468,0.5971779614645908,-0.4856827815953445,0.1395488175864216,1.3877599627166275,0.3271668926585288,0.5931452094609213,0.03139880135985833,-0.15573064209809465,0.03600907402048523,0.2761458946632731,0.30739699729809644,-0.26136688766769295,-0.05354204901773519,-0.18127512117291786,-0.1149423147125073,-0.28247754887680104,0.44567995716330955,-0.3133039448014651,0.10748832753089455
0.006365354031742902,0.08150560816695321,0.6728501321560472,0.02896637505101249,0.03219498639810532,-0.6856617682938804,0.7266308357531633,0.011482566961450284,0.03429757161952236,-0.018849798365278322,-1.3977044476672391,0.5974719152972467,-0.48625114796632213,0.13851298337146004,1.3872382658931979,0.3270636991474473,0.5946613583099754,0.03168419088901993,-0.15701747915888017,0.034642238659065835,0.27928904502441265,0.3066584276766182,-0.26102322756869717,-0.05235475740688566,-0.18672116409236314,-0.11669257225644625,-0.2785888613438398,0.4498565976619703,-0.31327423911728436,0.10819996885179581
0.00721691143370064,0.08185277238275822,0.6728781903164858,0.029508312983202997,0.03265902288258008,-0.6869482062427862,0.7253721869695999,0.011412396696366865,0.034422103316169995,-0.019019432243178022,-1.397902659573065,0.5974848108714672,-0.4868410973444612,0.13773178366472064,1.3867828279577954,0.32695530706366077,0.5964865852986292,0.03183845965514368,-0.15812321168349192,0.0332876134223166,0.2827566756041329,0.3057415635179891,-0.26069518546885234,-0.05108612748123139,-0.19231260154547097,-0.11837769659825635,-0.27438758850419653,0.45414457103555406,-0.31317643676696727,0.1089311317960193
0.008123320498722808,0.08224424825015011,0.672917950136805,0.029981837727575823,0.03307187521647347,-0.6882738034843613,0.7240763163598956,0.0113481386310496,0.03456906314980326,-0.019087054674536242,-1.3981979019026536,0.5973193042164484,-0.4871115069158308,0.13714330575819728,1.3864158352754865,0.3268738240785989,0.5983573185385994,0.031782938929533544,-0.15897119650962216,0.03198492852526647,0.2864505482699394,0.3048190236779828,-0.26053177304054465,-0.049790210970564276,-0.19776106738387844,-0.11995930709574353,-0.2699840395975754,0.45834842754988053,-0.313032195532457,0.10965315026089223
0.009159694843403742,0.08254882893136023,0.6729565111155884,0.030574165810675277,0.03353894486608897,-0.6897471617661368,0.7226266064834667,0.011276798200654161,0.0348170409008179,-0.018851267169344394,-1.3985611367967878,0.5961213464276159,-0.48765007721996895,0.13679491576809294,1.385790363838297,0.32666114251323725,0.6008658159116996,0.03179602421186271,-0.15970406226886485,0.030432412629822294,0.29046386769728166,0.303371262806463,-0.26023972823992003,-0.04845232487318468,-0.2037664537841869,-0.12174313730527034,-0.26522509446546094,0.46303168088163804,-0.3130065884450083,0.11037835185547717
0.010184348061724954,0.08290257530179691,0.6729817985865029,0.031165250581984275,0.03402452216159806,-0.6913689419054327,0.7210270766180705,0.01120036993823262,0.03510843204397059,-0.018616877531587427,-1.3987888891628657,0.5949144159049141,-0.48813614254931653,0.13623374438914237,1.3852839120200955,0.3268500579124046,0.6032597800293504,0.03189640713481202,-0.16046347167176828,0.028908151590364927,0.2948250614800971,0.30188039509621006,-0.25994351839857394,-0.047045366864501156,-0.2100415158102591,-0.12343917528532411,-0.26010114793354433,0.46776839367861084,-0.31283163408569886,0.11114399249297804
0.011184328680899759,0.08349558640702291,0.6730616229863694,0.031890218407688194,0.03458449788587332,-0.6931384294887044,0.7192677137490782,0.011118796257552365,0.03538538510716112,-0.018837453472938626,-1.399034232715618,0.5939620373885544,-0.488339570080709,0.1350803513903142,1.3848374852904426,0.327400873470171,0.6054160179172642,0.03202672172501556,-0.16157756045763583,0.02725254315991784,0.2996729237110037,0.30007411363307346,-0.2593542041535128,-0.04553823438001592,-0.21717354300266525,-0.1251586269551496,-0.25442943578878136,0.4726946509163353,-0.312407289784759,0.11198316477019894
0.012301126378130701,0.08407408738662066,0.6731612586157921,0.03274057664262594,0.035211801103331886,-0.6950294243062298,0.7173717885815694,0.011032952508960896,0.03560740563215407,-0.019153189547650596,-1.3994187551921902,0.5933687496959631,-0.4885698191639161,0.1339113818845213,1.3841989133635901,0.32823848718310233,0.6080692474894699,0.032119822086851525,-0.1628936917384829,0.025331909091474685,0.30506204766824346,0.29791423656778493,-0.258380705488956,-0.04390445213680986,-0.22502123022635148,-0.12701261653376425,-0.2481707885865179,0.47776110656935683,-0.3116055503057556,0.11292649059130952
0.013452733224443226,0.08464723734646931,0.6732585035302364,0.03369356679713734,0.03590406345563566,-0.6970118252771164,0.7153671485382344,0.01094826059885572,0.03575579092486439,-0.01972784112412402,-1.3997204899584075,0.5930965319588928,-0.48873070401418506,0.13257486151164,1.3836253243794239,0.32923323010878525,0.6109074271338261,0.03203734697514237,-0.16534465974968204,0.023638001543025644,0.3109740744394037,0.2975168262038634,-0.25814043311018053,-0.04217351053723573,-0.23351955196109644,-0.1288375433578743,-0.24132880766107603,0.48298425844707543,-0.3105396433023842,0.11395382232603143
0.01465227742711534,0.08520618540753527,0.6733573710509866,0.0347268345038257,0.0366285174374816,-0.6991783277407433,0.7131634207482426,0.010854455676182548,0.03585812354477099,-0.020252502032765386,-1.4000216599431996,0.5926708291828386,-0.4889115239248776,0.1310864703219978,1.3830003999830587,0.3304865022566073,0.6137977211548573,0.03205945614254615,-0.168113301245859,0.021944008534036236,0.3173317740138219,0.297479567443563,-0.2581027163696858,-0.04037956845425568,-0.24251675950093857,-0.1306443568847494,-0.23400177728103355,0.4884221281751244,-0.30937481316888643,0.11491421996934727
0.01592436901507257,0.08596838975486146,0.6734481922328958,0.03577990079874493,0.03740193842314093,-0.7014454026824304,0.7108412204963271,0.010760818565991582,0.03596301527513145,-0.02103709594014382,-1.4004249014054881,0.5923319838638461,-0.4886838863497732,0.12941389849623083,1.3824301163853283,0.33143805125059456,0.6164255917816043,0.03193316280783218,-0.17105892778177945,0.020301909243007555,0.32404715360316744,0.29750325788413085,-0.25826772706606693,-0.0385880474053577,-0.25201792671698453,-0.13232902057302512,-0.22625949674364315,0.49411087099066814,-0.30827429416612184,0.11566846235769133
0.017294006593952752,0.08653942888378258,0.6735135614360105,0.036826242930109825,0.03812541045973771,-0.7039232829948425,0.7082953427537793,0.010653240582141274,0.03615621840280577,-0.020904657935218993,-1.4008089724655115,0.5914055790162263,-0.48902176154300525,0.12836739388354557,1.3818182893592674,0.33226675901735814,0.6195608626150816,0.03191487549562927,-0.17366223264548483,0.01862357547619136,0.3311585940461948,0.2974902789797876,-0.25865199310005565,-0.036744261921252075,-0.26166671797704105,-0.13397832183192454,-0.2180932455436214,0.5002577403718834,-0.3073640365592592,0.11606633491451333
0.018609103652905083,0.08712025167470683,0.6735619790482352,0.03788458607816182,0.03888697133796732,-0.7064994564424423,0.7056281454451643,0.010545649607220587,0.03644690580412795,-0.020724971109650683,-1.4010100480539074,0.5905476857944932,-0.489413516143679,0.12740196947255025,1.3814550073973666,0.33279614107048366,0.622700887601985,0.03173174232767199,-0.1762900938627673,0.01707845463491434,0.33868433492435196,0.2975070436229276,-0.25921863471138734,-0.03482327266564841,-0.27174717795035014,-0.1354100836958045,-0.2094860677928216,0.5067594553169289,-0.3065344685214906,0.11627266397608248
0.019955545122152526,0.0877751029734421,0.6736192883726834,0.0389958989373518,0.039684383120936875,-0.7092315857688429,0.7027766553822009,0.010429573410234018,0.03683957701631344,-0.02049723944936289,-1.401258279454469,0.5895558978603691,-0.4897379294244386,0.1263047684182647,1.3811195359461124,0.3333494629775772,0.6257410902674685,0.03164142090771852,-0.17908071162726327,0.015579306990996813,0.34657517669755433,0.2975312490744074,-0.2598258826507691,-0.03292662511147322,-0.28214634833158364,-0.13665385707988503,-0.2004991523718071,0.5131322897871681,-0.3055197482150108,0.11643229091151021
0.02138938140676188,0.08841092124841975,0.6736916008271926,0.04013697177031776,0.04055028444622934,-0.7121290616232415,0.699726301863837,0.01030223886370953,0.037343867371352577,-0.020119693397090823,-1.4015458506976939,0.5884220187074445,-0.4901188963433279,0.1252198319357795,1.3807410969998326,0.3339817753558558,0.628838461358343,0.03175463900209436,-0.1820402405790817,0.014158851995169855,0.35479784121260804,0.2975390236622567,-0.260349695742684,-0.03111401378663281,-0.29258588874550945,-0.13762725088165625,-0.1912096699021965,0.5188312172770922,-0.304010822265798,0.11671982100562726
0.022804941075651664,0.08902965376145716,0.673782451098322,0.041307878232680215,0.04148461445906872,-0.7151298461506107,0.6965357055483243,0.010174834495282756,0.0379671128406436,-0.019743464921402942,-1.4017034455485866,0.5874541436935193,-0.49055490272589786,0.12420432531045178,1.3805142707357256,0.33450227168050123,0.63198014139883,0.031878489128545226,-0.18519818615730357,0.012927050506904363,0.3633731858838034,0.2975691163861004,-0.260758177683104,-0.02940411640542793,-0.3030228366560456,-0.13821481059570684,-0.18157865987109859,0.5237446887821124,-0.30194035844971556,0.11722759970697302
0.02430879539200303,0.08966422039300408,0.6739082594876632,0.042534876179067545,0.04248370600619898,-0.7183494372166528,0.6930800856199303,0.010030212126871626,0.03871726297942001,-0.019228301054870937,-1.4019018834267363,0.5860331993860326,-0.4910093123346706,0.12289847260604103,1.3802671272303828,0.33527667735919164,0.6349613266249516,0.032323932763683214,-0.18854160557034913,0.011747274192819214,0.37230386546940986,0.29754424870966734,-0.2610651222599984,-0.027784344197026578,-0.31359895546875866,-0.13856065757133684,-0.1715868829238064,0.5280990984629981,-0.2994294510409415,0.11783868480417056
0.025800541491829376,0.09041095324334143,0.6740619867148923,0.043794429242336966,0.043578985224133254,-0.7217385250653755,0.6894029456353017,0.009869878064348435,0.039569339653295794,-0.01874605403934064,-1.4018609344994868,0.5845014636935884,-0.49149455647276424,0.12116500021764844,1.3802933677021272,0.33625965227009097,0.6374816832511221,0.03304114620950718,-0.19219177004591664,0.01076654276860257,0.3815341513269518,0.29753741834616854,-0.26136652115969916,-0.026178225974144254,-0.3243502185868032,-0.13853187925343136,-0.16139149268291483,0.5319020397880916,-0.2965172846556151,0.11854240300839265
0.027364742429932188,0.09116891506142208,0.6742076823403582,0.045087738325131944,0.04476659037955685,-0.72518020556368,0.6856214098882372,0.009706426748532532,0.04050271417753853,-0.018339786791655516,-1.4017061016175365,0.583329287423238,-0.4919568620079837,0.11954675842195753,1.3804054202190998,0.3370154853972801,0.6400400285978992,0.033767332620712964,-0.1961046277317027,0.009927202036231582,0.3910100217503809,0.2975745590111439,-0.26174649815330814,-0.024548462067638572,-0.335201736629969,-0.13821120841776988,-0.15112153587094584,0.5352012338295482,-0.2932603434388761,0.1192637725326743
0.028908813559260796,0.09185075786073041,0.674373284504221,0.046405732744301854,0.04606228120917608,-0.7286898804307286,0.681715360231909,0.009542053220642058,0.041511078804141004,-0.017816256464976157,-1.4012047442919706,0.5823139954436539,-0.49271488517464385,0.1180379237838132,1.3808067759130003,0.33752457819491255,0.6426611203860273,0.03454892088164268,-0.20023144920460284,0.009323162733566225,0.4008032706666087,0.2976719818556988,-0.2622771204626625,-0.022839529851103522,-0.3460508680644213,-0.13751735962475128,-0.1407762508726547,0.5378948664937817,-0.28961640676910405,0.12016319114591313
0.030497276528808317,0.09262293717521114,0.6745456228300978,0.047792744775246705,0.04744617686652225,-0.732273420537346,0.677672746554068,0.00937722799491474,0.042576066776024976,-0.017580184400630586,-1.4006441702385233,0.5814968389788138,-0.49329178577313837,0.1163377394530731,1.3812897564319002,0.3379011462777477,0.6451143316316207,0.03538627184248757,-0.20469685427807882,0.008820602865102303,0.4108954450442471,0.29778453895163093,-0.26288588960622167,-0.02111870858035048,-0.3571018506711146,-0.13658621203509036,-0.1302681848277205,0.5400867843005668,-0.2856336409512664,0.12123369663557887
0.03206256936110563,0.09339359533567157,0.674764284919956,0.04920352257228997,0.04891391198342865,-0.7359629397173814,0.6734574923063118,0.009210235593606397,0.043686523898263836,-0.01737036591912589,-1.3998380123358989,0.5809627231504898,-0.4939201100044494,0.11448750567107155,1.3819824560317397,0.33829046437050614,0.6472352041970443,0.03639364274444731,-0.2093768095824536,0.008523160902933704,0.4211969102516437,0.2978947864260864,-0.26342039969081144,-0.01935144452487141,-0.36815728903130435,-0.13528844139032925,-0.11969845063960656,0.5416830864266855,-0.28120804237494923,0.1222299490085286
0.0336868476650779,0.09421805911395063,0.6750295889084228,0.050669193443872496,0.05044607903631148,-0.7397401317297628,0.6690832261042292,0.00904208681071717,0.04481065614026522,-0.017540299392030567,-1.3989559234208664,0.5810848391276485,-0.49420294790557434,0.11232287626802168,1.3826219606243517,0.3387545076667978,0.6487779884732422,0.03755380684215115,-0.21432461049002619,0.008318173580934353,0.43157848294069984,0.29795196112909,-0.26371158186226734,-0.01756936331943985,-0.3792795088396081,-0.13372633783688925,-0.10913049598258436,0.5427098344527072,-0.27631761754911166,0.12286617288856684
0.035289859856247996,0.09508478031560412,0.6753397772215127,0.05221589216314733,0.05209109165050348,-0.7436147031958351,0.6645277962337135,0.008874469701261132,0.045932593761433486,-0.018122122065795446,-1.3977894352358644,0.582109564204343,-0.4943227146361305,0.10977963598112417,1.3833014894626987,0.3392789304534831,0.6496830998386156,0.03897415453156079,-0.2197156821077527,0.008276881165987515,0.44195047939107357,0.29797867832440983,-0.2636560375934083,-0.015720608981147754,-0.390585260114506,-0.13183563463473516,-0.0985852444870794,0.5431177349579868,-0.2708357482471151,0.12306470982294385
0.036928279239102,0.09591567857124941,0.6756553955850237,0.053838602965703426,0.05383101763644005,-0.7475777066289617,0.6597963313950064,0.008707253250674245,0.04705047842924368,-0.018967944320776885,-1.3964405185949003,0.583829073031109,-0.4943385303087238,0.10705504731579311,1.3838746758742597,0.33981381124933285,0.6502582359655169,0.04059974268978218,-0.22547437411348578,0.008359357676543808,0.4523987371872377,0.29806297437824164,-0.26342659737286506,-0.013813030774608248,-0.4020186739299201,-0.1297043171518945,-0.08801020371064779,0.5429752126300447,-0.26485343480332485,0.12297252459351093
0.03857720595050199,0.09669468438737022,0.6759997888923766,0.05546692362840051,0.055596987935949006,-0.7516128195328388,0.654912639082151,0.00854259127807818,0.048155421043884615,-0.019884937985760655,-1.394875725741943,0.5858011860574918,-0.49424414944440204,0.10430770681866865,1.3844255418504052,0.3404051967743014,0.650523063908815,0.04227390630025025,-0.23121246507859597,0.008579716094985887,0.46308371840198653,0.2980817059538958,-0.2631454648188084,-0.011886773729693632,-0.4132987969512329,-0.12730559568039443,-0.07742884913415429,0.5423522729681385,-0.25857499397727585,0.12272290397765989
0.040203767455941064,0.0975163837873132,0.6763231921437916,0.05704023938166939,0.057313262149449894,-0.7557026636770021,0.6499039045770952,0.008382211706174944,0.04923059986481688,-0.02072069696068452,-1.3931045891354081,0.5875655318683708,-0.49398494787270447,0.1016628010490249,1.3849539144011427,0.3411211082107201,0.6504629896288948,0.043843624677857775,-0.23668477778104,0.008968434164177932,0.47416244664489277,0.29807742391181,-0.26307391051756934,-0.00999831783908507,-0.4243032330641403,-0.12463287402518179,-0.06684804283178324,0.541488874047443,-0.2523375053640076,0.12246466352081144
0.04189173390503441,0.09829146693718216,0.6766318245837152,0.05854385329682032,0.05894887891361974,-0.7598641803647203,0.6447511724026874,0.00822163364087875,0.05028754617902741,-0.02110549201228003,-1.391291775101914,0.5887268063273903,-0.49371641862690013,0.09946495842078584,1.385284754732378,0.3420363174676047,0.6503623883112816,0.04525626594697885,-0.24166865288257677,0.00942489188014348,0.48576754163753494,0.29793471231111207,-0.26322927263414186,-0.008162963540747555,-0.43515143280312707,-0.12160118658867645,-0.05547051196897643,0.5407031967076527,-0.24614716833471836,0.12154253918068936
0.043558088989487063,0.09893270862623758,0.6769079846214008,0.05999591331296064,0.06053437178195751,-0.7641053592485604,0.6394365333528701,0.008060960794018676,0.05134081101950077,-0.020998266920166975,-1.3892565592206754,0.5895251765263685,-0.4936859634549847,0.09775668368065132,1.3855119982750692,0.3430763320170843,0.6503039617311567,0.04662193924714788,-0.24628007129679827,0.010009295893461228,0.49781539393539365,0.2977170844841269,-0.26353733797737655,-0.006332411308066216,-0.44582031016263096,-0.11821616748480471,-0.04355268694865036,0.5398996122020004,-0.23991829488445338,0.12013132718328
0.04523304082079166,0.09955575354878468,0.6771908965548696,0.061427135079118324,0.06204820741175126,-0.7683910514658093,0.6339967815850711,0.007906971125819244,0.05236632472837133,-0.020892953180748318,-1.3871720585280893,0.5904967146599129,-0.4934705502297803,0.09623747593907377,1.385563747911216,0.3441448377974625,0.6502083602860044,0.048002349523186535,-0.25065081795657373,0.010598022121773803,0.510083564430825,0.297422160205705,-0.2638919814360507,-0.004556086985238214,-0.4558915084490032,-0.11490896317515696,-0.03264981451142891,0.5383871145790321,-0.23362786091258061,0.11950833468109669
0.046832919039262046,0.10025696800106415,0.6774226139730684,0.0628396028534552,0.06346395059638209,-0.7726893974110283,0.6284700521238081,0.0077694948521682666,0.05332940471554273,-0.020944831377952153,-1.3849605748288363,0.59214866123358,-0.4930630570226913,0.09488672649309168,1.385510161988595,0.34504476476369034,0.6501836371318909,0.04946712595741976,-0.2549138802428472,0.01121412292051785,0.5223474784312805,0.2971892468437889,-0.2643081640510298,-0.002848870204575535,-0.4649956433454083,-0.11204209683023614,-0.024322408376984028,0.5356991130772537,-0.22744126424691996,0.12099860892503823
0.04845672559516942,0.1008985048001736,0.6776191455572709,0.06426174899391324,0.0647540943211329,-0.7769946347843284,0.6228616799910405,0.007651230934377441,0.05420424078123872,-0.02101757380075842,-1.382889884241968,0.5946892913492888,-0.4924259929748528,0.09393707989250884,1.385063185799184,0.345861723944089,0.650580378170327,0.05098552114298605,-0.2590167280225019,0.01168444021156288,0.5345893922356603,0.2969808338868735,-0.26471250576443545,-0.0011760230858489779,-0.4729081271191568,-0.10977045040655337,-0.018490847104687184,0.5312950066738279,-0.22104309194520594,0.12545702725196461
0.05004420341783019,0.10155620917884016,0.6778344867018826,0.06568229192728232,0.0659636020494368,-0.7813166728940141,0.617153867677803,0.007553195025065222,0.05497438571390243,-0.02121070789515095,-1.3807462228469678,0.597903601343374,-0.49155433179231245,0.09313778090931531,1.3844421433573737,0.34664479391979547,0.651011102833604,0.05253819988275809,-0.2629725877697442,0.012123909924165637,0.5469029440492689,0.2967089885058957,-0.26508723610168583,0.000468238584114204,-0.4798858733269419,-0.10782232078274749,-0.014502950886763137,0.5254504073235269,-0.21442230067870852,0.13204662910060688
0.051662461878089906,0.1021831263951089,0.6780098956465209,0.06704458984145588,0.06707445202402064,-0.7856367212711725,0.6113763023285662,0.007474753847759544,0.05565974670469812,-0.021285149695733065,-1.3785860202678122,0.6013811891377645,-0.4906260378441865,0.09278701885488048,1.3835813619369184,0.3470427742317324,0.651773061491166,0.0541566698104611,-0.2666007992106334,0.01253374305125046,0.559236433493467,0.296391145543835,-0.2655165761259335,0.001962183021336434,-0.48601528827797225,-0.10636040522961555,-0.012988064845308636,0.5190557761375061,-0.20823077204124402,0.1393587772828227
0.053267564242207834,0.10274496167771381,0.6781910239442335,0.06827465871708437,0.06808344905923633,-0.7899344843136732,0.6055631473540605,0.007417828563360383,0.056303305324860234,-0.021029022157999202,-1.376243208287096,0.604769522188491,-0.4899289525557663,0.09306538430305583,1.3827281657030486,0.3466751308898732,0.6529527890543322,0.05586870888042001,-0.26967234891928343,0.013012315907078232,0.5715412420864395,0.29595857334840003,-0.26597580298391277,0.0032153822930819525,-0.4912756449544471,-0.10541917584207498,-0.014625394599858978,0.51282289207597,-0.20297731096416524,0.1460076689847539
0.05483733392032065,0.10328060309160494,0.6783564124872457,0.06933108213779303,0.06897221466756313,-0.7942092488503194,0.5997230224812667,0.007383848709718606,0.05693844663565681,-0.020436606916602734,-1.3736539697673582,0.6082998316097956,-0.4894224116812009,0.09402607427755647,1.3819612483552988,0.3453667724834366,0.6545084864969609,0.057633910646267085,-0.2720865054430689,0.013625333658480754,0.5838539444614964,0.2954260339595792,-0.26653643054627435,0.004163177235993415,-0.4954706148347425,-0.10495803266620841,-0.019824744626144895,0.5065070696415355,-0.19844697580911375,0.15252160996094422
0.05632809715170732,0.10374563966909194,0.6785248571224625,0.07024272604853171,0.06974265279285559,-0.798466056135565,0.5938466797229768,0.007372928129340683,0.057581235791441025,-0.01945626561416753,-1.3708341230794732,0.6120545496254671,-0.48916663201348237,0.09571558735231032,1.3812552086855114,0.34327806912078995,0.6565044440055917,0.05943496823117775,-0.27389391880622227,0.014349461354690961,0.596188354849544,0.29479134584904876,-0.26714221188099696,0.004887785577324443,-0.4986079034535034,-0.10488294236094921,-0.028175133407251134,0.49987634462233266,-0.19442985476712804,0.1593374837967178
0.05774319674941351,0.10413244387642646,0.6786903283792174,0.07107019494315979,0.07043543701588584,-0.8026911904220934,0.5879410934965218,0.007381353942270192,0.058232550576427136,-0.018157550570405977,-1.3678740346254934,0.615475050074773,-0.48925259467448057,0.09792813974955451,1.3805509634100857,0.3406086339782102,0.6588918090293239,0.0613391036683414,-0.275315843255095,0.015123912095252294,0.6084536568468555,0.29405616745070257,-0.2676803039071462,0.005480624985426666,-0.5012364360351126,-0.10519721526717761,-0.03911654779874368,0.49383260334768847,-0.19158259922634835,0.16490146198555053
0.05908005656199017,0.10445407740966829,0.678890606938702,0.07182398654778317,0.07116854736465414,-0.8068637335384105,0.5820199896247947,0.0074037869088952645,0.05891104715977891,-0.016656384159580633,-1.364794517009319,0.6179862527447298,-0.48971557962357914,0.10031495036473143,1.379977745505272,0.3375814127192179,0.6614515559031221,0.06290377027558515,-0.27652268880893677,0.016234484215989244,0.6210068846063436,0.29324535569927546,-0.26811763552104256,0.005998519390376553,-0.5059057175934308,-0.10466954354982462,-0.06650725221347194,0.49608429183819425,-0.18652412189691703,0.1704096105228499
0.060432840394748374,0.10484954213178918,0.6791214811437005,0.07264043111716667,0.07185379772997248,-0.8110125362226208,0.5760373821277963,0.007429868411233309,0.05956662447156386,-0.015117477745405814,-1.361803044159882,0.619140596564791,-0.49059492455984355,0.10248014148745914,1.3794435059217556,0.33424979702250524,0.6639290098366437,0.06509962184270218,-0.2779034947813775,0.017064452801604305,0.6330019517987192,0.29229905964728164,-0.26817802869935947,0.006512382135169292,-0.5088984757520003,-0.10537796472916608,-0.0882215797860111,0.49468883191661617,-0.18725251735740128,0.17045082519801644
0.06180291628980708,0.10512264080750333,0.6792888166549145,0.07342100236502143,0.07247425916910165,-0.815138342658599,0.5700055442689993,0.007455856182411512,0.060194955617512404,-0.013138469623344013,-1.3588959070665838,0.6192255361718907,-0.4920179380108782,0.10493503268570173,1.3789190133395017,0.3304827105747219,0.6666850581448781,0.06750299881337098,-0.2791382420283066,0.017871742237756442,0.6448521868199314,0.29147664264863776,-0.2681710799681975,0.0069598230065484115,-0.5113419896565162,-0.10669570379161801,-0.11041197268952933,0.4937480416972157,-0.19082854861373572,0.16723800759701035
0.06312869623503846,0.10548776922319127,0.6794972665681989,0.07405618985612349,0.07314431834178876,-0.8192032722417769,0.563978357906289,0.007486913317076483,0.06078878115719953,-0.011291894891899917,-1.3557843486886636,0.6190469107682027,-0.4932698962983057,0.10714854405053516,1.3788171503533988,0.3265417546849423,0.6689233325929957,0.06904161402505929,-0.2800301014506804,0.01931120562226142,0.6574069246830914,0.2906265342196674,-0.2682367475639288,0.0071803432689956466,-0.5129951334676064,-0.1129325964459098,-0.14151772282265446,0.5001457644090748,-0.20940294228686687,0.1618989722905035
0.06435903878885228,0.10577292607939934,0.6796647531892233,0.07456236687888487,0.07359785272337317,-0.8232093263266791,0.5579876473262672,0.007523165623797611,0.06136107417589656,-0.009119348549698546,-1.3527069456731264,0.6191428732335189,-0.4944147964620763,0.10974035267578496,1.378710446228608,0.3225097321320434,0.6709567986330816,0.07124671851213643,-0.2803533688236391,0.020367561203875218,0.6692615156966357,0.2897347797854658,-0.2684076315505116,0.0073856832229571645,-0.5134478457716001,-0.1173616030548028,-0.16950800105698904,0.5030763491320218,-0.21999268507833744,0.15693831427311558
0.06557570967000234,0.10602722897876594,0.6798117015082454,0.07488171743160726,0.07385567583490955,-0.8271536595326519,0.5520460950529439,0.00756530908988941,0.061914701431670396,-0.006894063708068828,-1.349743932282009,0.6198494793367079,-0.4949553551447808,0.11252003101094785,1.3785282821075315,0.31843332853994255,0.6725034997624857,0.07363962314596702,-0.27994643088382704,0.021245001990795112,0.6808425495957985,0.2887814704892716,-0.26878014203303024,0.007459899839901013,-0.5127548939725419,-0.12164594868372276,-0.19816690903831688,0.505584801566087,-0.22816016541512169,0.15235089978605432
0.06675912213445839,0.1062032830418819,0.6799055361308263,0.07503268200428426,0.0739496147951725,-0.8310456513497024,0.5461361336476821,0.007611586298435472,0.06245270013670369,-0.004555051386690337,-1.3469260140818815,0.6207799828154271,-0.4951054747417325,0.11556434652594127,1.3783284656097117,0.3142092536753131,0.673761832675425,0.07614789841389233,-0.27887730738913147,0.02201149499184894,0.6922441203157825,0.28776631337487135,-0.26928717251966944,0.007420147528288713,-0.5110065200081595,-0.12622964937885425,-0.22843430809641077,0.5086966501961369,-0.23590964492628183,0.1474116113303137
0.06789219309897856,0.10640708975110261,0.6799783503628055,0.07514143238029321,0.07395839360645652,-0.8348428699573703,0.5402974214600066,0.007668147415895162,0.06297117414990121,-0.0022730197971510026,-1.3440512644949743,0.6218040712919322,-0.49513530833091235,0.11870606474457505,1.3781292166871224,0.3098171327342243,0.674868213795741,0.07853585414933642,-0.2776079899885584,0.02273053976944058,0.7035645971805877,0.28679671274022744,-0.26989650088923334,0.007283227641228025,-0.5087117210744496,-0.13100647512089805,-0.25928570249278676,0.5124441296400462,-0.24339007452736022,0.14240563095265507
0.06896232408044277,0.10651548818933325,0.6799853066984711,0.07526937749177233,0.07389038798364427,-0.8385462112580796,0.5345231360384208,0.007732950791664685,0.0634605267342691,7.644653208679352e-05,-1.3413639489577107,0.6224985924933882,-0.49523674062093065,0.1220155900745203,1.377821416357184,0.30541206095159645,0.6761310826605063,0.08069706718671023,-0.27625514917583105,0.023368943565771422,0.7149279603844182,0.2859672154680104,-0.27061737108517825,0.007095634261844466,-0.5062393355704978,-0.13591315838672993,-0.2892913623097831,0.5169814548969857,-0.25054801412095595,0.13757712743640063
0.07000690606312852,0.10668236145321108,0.6799641115660985,0.07547580439335591,0.07380391813738921,-0.8421322446161092,0.5288380349375214,0.007810390941466212,0.06388823306231431,0.00199409684822503,-1.3389228915378724,0.6229557244289752,-0.4949895476437286,0.12504228894536165,1.3774923577653782,0.3009453281654875,0.6771739324704186,0.08255536419137555,-0.2751232432250072,0.023975528200076663,0.7263340062059775,0.285255690771434,-0.2713535926429097,0.006815340420296026,-0.5039085399510598,-0.1408979664577982,-0.31835725059774866,0.5222015436735912,-0.25711084775239323,0.13282332458179927
0.07100023453454304,0.1068361356961124,0.6800101567365092,0.07568830095323363,0.07364912554373547,-0.8456264557129124,0.5232236470228327,0.007899708362012274,0.06424314347237468,0.003668697903982697,-1.3368348256463694,0.6232401600705636,-0.4943382602675774,0.12793644695417672,1.3772051393306004,0.29643502502723834,0.6779623069805292,0.08420233740764249,-0.27389553350838725,0.024512417317195324,0.7377610662935186,0.2845407805350431,-0.27202644004128995,0.006451061490275313,-0.5012185746228505,-0.14601421853954677,-0.3469802444040424,0.5279185254097344,-0.2631127874886962,0.12798113923980659
0.07208212626678603,0.1069706062213657,0.680058895274534,0.07589849668801016,0.07338689391845417,-0.8490274522031503,0.5176931208804393,0.007997574938353878,0.06452676408405654,0.005150904711946139,-1.3351080216634843,0.6234668027382613,-0.49339607422112597,0.1307634578991589,1.3766984264345148,0.29196049075637276,0.6785741368212901,0.08563318859615045,-0.27246100863913797,0.024769659555956978,0.7491641194168056,0.2837568875238007,-0.27273328358122284,0.006011158627278189,-0.49831197555041784,-0.15141159405285334,-0.37456885954641966,0.5343284277662962,-0.2689515588385824,0.12328861883773291
0.07308412036812299,0.10701573282413969,0.6800202338334496,0.07602873526156781,0.07295525561050069,-0.8523878241498365,0.5121837163893838,0.008094386669326247,0.06475318083546132,0.00694495771332256,-1.3334700541378934,0.6234225980818412,-0.4927795406154898,0.13368546599978162,1.3762006686917805,0.2877859134088996,0.6790004209910461,0.08704247116718103,-0.27049641122781815,0.02477545779042788,0.7605262073423902,0.2829472954247624,-0.2736612239530179,0.005590210007274731,-0.49495319186532644,-0.15692611133135015,-0.40039336787114554,0.5413582375573299,-0.27501750503522626,0.11903570416981538
0.07406866507632953,0.10699808450714238,0.6799303865824543,0.07604913235997295,0.07228764775902732,-0.8557673452216579,0.5066095896260141,0.008176253430440277,0.06491060231765702,0.008786757422819235,-1.3324024797693232,0.6229204651717917,-0.49189423627222056,0.13619408599385474,1.3757247095769358,0.28427563509061715,0.6786997955455771,0.08859658073706995,-0.26783978442807016,0.024355130010013794,0.7718762457234071,0.28203425290257755,-0.27482460982005114,0.005207804903254885,-0.490999211865488,-0.16260185839234853,-0.4238770227953982,0.5486895520294555,-0.2813540183675028,0.11518936944794295
0.07504571993399167,0.10693290025598709,0.679766007185848,0.07610157705494813,0.07145572655533498,-0.8590277139913188,0.5011726406210225,0.008262648272963078,0.06503065545889243,0.01073301696148844,-1.331372805802259,0.6224808016245693,-0.4912948150992475,0.1390452447419469,1.3749026750476898,0.2805215726019373,0.6786077163992474,0.08982259555406194,-0.26486415535585656,0.023484758101157174,0.7832001109293291,0.2809972690328214,-0.27616824604363976,0.0048162871488443785,-0.48690631984706345,-0.16857187895965042,-0.44533629888183046,0.5566068003609518,-0.28802757417073704,0.1116103099742635
0.0759302633656519,0.10698060570069612,0.6796085012191283,0.07608736489924231,0.07053120845740553,-0.8622603910127751,0.49572480231144794,0.008340098111379856,0.06509190490401628,0.012607500940395165,-1.330425510469416,0.6217998288402952,-0.49071194116138867,0.14142535995578456,1.3742812171655714,0.2773545853399286,0.6777786525695808,0.09117381300173448,-0.2616692900906171,0.02254304420825003,0.7944124435661206,0.2799456100001457,-0.2775412115331914,0.004384480502437635,-0.4823759276881635,-0.17447269577744925,-0.4655891347807999,0.5645782622370363,-0.29455160004240233,0.10839812936155638
0.07676565822647184,0.1069210700248236,0.6794383806621866,0.07601800461531488,0.06955704623664326,-0.8653964819865501,0.49037945436003194,0.008414850965527593,0.06509559355756238,0.014359020590910036,-1.3298620441435158,0.6212260729559284,-0.490023509125031,0.1438438587487677,1.3736155777083623,0.27452729093908335,0.6767363654493523,0.09247842963192808,-0.2583105255406626,0.02159603963469021,0.8054558919429152,0.2789611293353756,-0.27881428308076084,0.003868330527479931,-0.47736306197326983,-0.180480752911072,-0.4854173913606507,0.5726403157883413,-0.30070994421679015,0.10553070394528313
0.07747564894794363,0.10686314946341478,0.6792923338898391,0.0759878456563081,0.06858424029958905,-0.8683542255343839,0.48526589442451257,0.00850679301913939,0.06506307595134093,0.015834667170117687,-1.329073897595346,0.6213191817770253,-0.48964477731470923,0.1466147104416791,1.3727877984974648,0.2716713696238439,0.675771595716455,0.09351633117646492,-0.2550468705490316,0.0206786375089553,0.8162915095545866,0.27800227521401416,-0.2799386547407077,0.0032208107297895332,-0.47213812561395196,-0.186485980215844,-0.5050088624705628,0.5807364577975277,-0.3062845022260409,0.10331049714140686
0.07815922674046669,0.106854937545308,0.6791724986008254,0.07590537564444817,0.06757963706019117,-0.8712416672793891,0.4802179961218849,0.008600319313161726,0.06497658913732691,0.01707329281616113,-1.328400226616914,0.6215440048559437,-0.489177504870586,0.1490472212436123,1.371958148373647,0.2693949507956706,0.6742003540421242,0.09460985662580783,-0.25171099917749695,0.019791444371601612,0.8269437272231749,0.2771086709450499,-0.2810008120736637,0.0024543772075527304,-0.46657323067559353,-0.19245523604719655,-0.5240813505668305,0.5888855326722043,-0.311338106299173,0.10163941944350477
0.07883383647801043,0.10675264656215525,0.6790106633610359,0.07581970516542913,0.06650211987195268,-0.8740381630384426,0.475274794107103,0.008697362279011947,0.06484152639469926,0.018310935350276742,-1.3279151012639723,0.6216844521280377,-0.4888983001618018,0.1516532459146828,1.3709096575327504,0.2671437092418016,0.6727857469744365,0.09557456251230677,-0.24827106855188755,0.018762469320155663,0.8374490104479971,0.2762950234868045,-0.2820331432419688,0.001661045002008558,-0.4607809841087431,-0.19861430216437853,-0.5426696515807778,0.5972633580563156,-0.3161434173379488,0.10007704162277725
0.0794292317835897,0.10664160645956836,0.6788147397601559,0.07569247812133101,0.06537911172324713,-0.8767912068557449,0.47035454721579756,0.008790952322440544,0.06462925113418927,0.019432738243235784,-1.3275926260643447,0.6213005651867937,-0.4886691228931185,0.15383454623764756,1.3702230101555013,0.2649586021779241,0.6710394794243171,0.09652366223751398,-0.24476970615574908,0.017799185604244008,0.8478019803651451,0.27570508082549483,-0.2831012485568226,0.0009424564568194446,-0.45473004478094814,-0.20472146588591386,-0.5609897563542018,0.6055342344344616,-0.3207047914054189,0.0982770881068776
0.07995878813837073,0.10653993750955458,0.6785698054566996,0.07565088277042373,0.06415162023752556,-0.8794426922032922,0.4655556515468175,0.008893887800453694,0.06433760553911144,0.020401215614440433,-1.3274068700898032,0.6206400623352175,-0.4887110588825634,0.15614665892342802,1.3693962129963955,0.2621036462569316,0.6697383598008387,0.09718525793770771,-0.24135900153836023,0.016641545488100568,0.857946618508046,0.2753238377824004,-0.28418740621856897,0.00036522954083608285,-0.4487137379828299,-0.21118775460270278,-0.5791019849344015,0.6139520570977762,-0.32534521438791414,0.09608024938571583
0.08049602558816123,0.106530812794921,0.678328898283093,0.075617402006728,0.06285648611641909,-0.8820440515363349,0.4607921025974913,0.008998091960209103,0.06394685021850709,0.021142694430566426,-1.3274420970536993,0.6196111208999135,-0.4887301348645625,0.15807016335431168,1.3686072560882356,0.2592272563946831,0.668210731293123,0.09781862501145992,-0.23799917399387094,0.015400303080143458,0.8678699679185413,0.27509307682406214,-0.2852373707737247,-0.0001511882912343505,-0.4425214044020502,-0.21780772246012656,-0.5970146197847327,0.622261058810329,-0.32991319141802217,0.09371132909754328
0.08102368445490013,0.10645846591676124,0.6781276476097181,0.07558503885034643,0.06150561924631634,-0.8845463078723378,0.4561598293718275,0.009110524299275776,0.06348342556973914,0.02181174588737223,-1.3277428173261812,0.6184154895765902,-0.48886441851706336,0.1601677921738948,1.3677146959284485,0.2563260379148605,0.6668687701026907,0.09822716661458657,-0.2345313349070303,0.014014591623921597,0.8777560909921472,0.27480674811034933,-0.2861558008690201,-0.0007145784793478893,-0.4360407128739831,-0.22446970413867928,-0.6145136575465874,0.6303325532914401,-0.3341657355555966,0.09128187601346376
0.0814808260962881,0.10636430583984441,0.6779054956248934,0.07550090707517505,0.060175956875551405,-0.8869582318240524,0.4516453943576629,0.00922812601447306,0.06296824524134398,0.02241434070088209,-1.3280391672849527,0.617061619840833,-0.4891861157898624,0.16221955846757016,1.3669828534603508,0.2539483764641668,0.6653147642441296,0.09850220049227487,-0.23101485825278933,0.01279983992623814,0.8877296719840608,0.27463842462087706,-0.287108184071723,-0.0014449017845423488,-0.4293809688154164,-0.2308087373437129,-0.6313962105629544,0.6381015796139063,-0.3378716215836399,0.08901078271349007
0.08189384675407772,0.10620247858438593,0.6776134264860164,0.07541353183428191,0.05882203218951924,-0.8892490329337227,0.4473130058156306,0.009357238126513023,0.06243930531287641,0.022890250885965552,-1.3285138984307279,0.6155418594099307,-0.48971933165099546,0.1645729965885346,1.3660235816360005,0.25197578372578294,0.6638358657213922,0.09849053140262065,-0.22740660019056852,0.011521350018801182,0.8979173211567771,0.27445489988570393,-0.28809174516144287,-0.0024199740843944507,-0.4227818061416259,-0.23712110361588545,-0.6473326010027546,0.6459752924207212,-0.3409891415169828,0.08684477839015851
0.08216906586421764,0.10620047397375157,0.6772665836271716,0.07550325646241145,0.05722248489137399,-0.8914880187714952,0.4430281682616835,0.009486707444572503,0.06190693406858236,0.02319761538347295,-1.3291825511104232,0.6136986337694085,-0.49074917267750257,0.16673026026729879,1.3648057572798797,0.25050184985855833,0.6621586481031768,0.09756445650685973,-0.22383906674707219,0.009943379287159434,0.9091886991738822,0.2746386799596805,-0.28940114701345176,-0.003558853500261851,-0.4025366518826848,-0.23205259077783122,-0.6772745600112319,0.6386312507642921,-0.350113144445378,0.08653046774950593
0.08239235374451694,0.10618784667000054,0.6769755385135635,0.07538063756406442,0.05583351815390627,-0.8936340527364778,0.4388833074073004,0.009632665309394411,0.061350574508493405,0.023387677068410582,-1.329856127389974,0.6118272266605227,-0.4914597309154577,0.16875736255194665,1.363851794575495,0.24935259799637643,0.6602571163135537,0.09747897259371366,-0.2202381020400619,0.008786069052293594,0.9193225531544181,0.2745927296759679,-0.29034672227486685,-0.004747092326357904,-0.3949328606093446,-0.23629995041688848,-0.6901672956496794,0.6433893219239634,-0.35162380587927816,0.08448050425500965
0.08263063465290081,0.10616870476707849,0.676718196219034,0.07526359798341216,0.05450037922585269,-0.8957065046362666,0.4348275026204205,0.009786276354383807,0.06076369116542969,0.023318906864729642,-1.3305189753593332,0.6101141599926397,-0.492064159498284,0.17058839858887706,1.36301425059401,0.24821711495028395,0.6584904896769362,0.09742925228984785,-0.21680953377151643,0.0077920212623316994,0.9291833665603371,0.27465264413292073,-0.2911771323765038,-0.005929963504515762,-0.3881157783233856,-0.24145272827963427,-0.7035757892486912,0.6474360285653782,-0.35313322727656365,0.08253446478227386
0.08273132243651984,0.10616254524420037,0.6764253720769945,0.07517310504941689,0.05316258172256457,-0.8977340793640121,0.4308088519636882,0.009945106080700357,0.06014600357770015,0.02316730637493601,-1.3310404926942996,0.608440981070624,-0.49284379619655755,0.17251922844553103,1.362211113675917,0.24692213143424985,0.6572512719508846,0.09759289290448646,-0.21343055282186457,0.006762297081104209,0.9389417719189531,0.27460538556389397,-0.291868088685697,-0.0069735525219381395,-0.38115325389173793,-0.2464843289623133,-0.7176051117848413,0.6504550948820907,-0.3546326708802519,0.08105362640105755
0.08274045627420207,0.1061674855211118,0.6761401765032774,0.07505810210445563,0.0518787156824673,-0.8996801007516319,0.4269081827268582,0.010114815768762801,0.05949016039336398,0.022787028095908234,-1.3314194423236614,0.6069892067372414,-0.4936098681450226,0.17428021589176576,1.361658217944102,0.2455640793401567,0.6561031167052663,0.09774629545871902,-0.21010759729881184,0.005910580390754529,0.948605482975081,0.2745683651857622,-0.29244814936063623,-0.007952747059938899,-0.3738902476969503,-0.2509834974607922,-0.7319346723906958,0.6522809010592583,-0.3555228394363707,0.07994910189493085
0.08272007399363751,0.10628076574807951,0.6758488463798015,0.07499394612292434,0.050598549246369605,-0.9015583537795316,0.42309364163198604,0.010293500317697836,0.05879749450887524,0.021961244071097678,-1.3319134626302696,0.6055925977336204,-0.4941842363994947,0.1758739206303887,1.3609759267862678,0.24441075238549537,0.6549913459163408,0.09793226871046991,-0.20703012088949538,0.005184473145112911,0.9577354266615167,0.2747302899055789,-0.29305212030319006,-0.009020425313571136,-0.36669794881179635,-0.25487543152880593,-0.7456102458848749,0.6528661860452432,-0.3557719638272033,0.079107850418457
0.08276309951486441,0.10640550282590762,0.6756641422271297,0.07491181326742674,0.049403634233146636,-0.9033598943502987,0.4193905130507374,0.01048081700870454,0.05807306050491214,0.020836069631935596,-1.332538875112047,0.6042681671546177,-0.4944982143529694,0.1771480612877881,1.3603393618135788,0.2438238932290527,0.6536165494671465,0.09805893650905224,-0.20413587820218518,0.004818642352273987,0.9658671837805661,0.2751262237018925,-0.2936598555731809,-0.010305947529981931,-0.359508231030204,-0.2575511420851225,-0.7578341272065579,0.6515642133678032,-0.35497054092987085,0.07833381159647415
0.08263778395143459,0.1066169147172599,0.6753171092021314,0.07498929158667961,0.0480873329321937,-0.905101143945651,0.4157597067863481,0.010676176214834573,0.05730936079854996,0.019782288698322756,-1.3330078944570871,0.6027689429173636,-0.49547823419584625,0.1784295315274004,1.3596334645309198,0.24374889549898607,0.6523765033925368,0.09717681723121677,-0.20150971142029125,0.0048844736944932635,0.9736204098484245,0.2765220891770104,-0.29504893589473263,-0.011896650561834232,-0.33970844906881864,-0.25774339812928765,-0.7817099370683046,0.6313020411947384,-0.31476943991300577,0.07546179492449778
0.08241809620805138,0.10681263567601905,0.675098806257791,0.07488319460900127,0.04704027823335336,-0.9067502911784183,0.4122907091322005,0.010879116879701705,0.056526564229913694,0.018512261115535323,-1.3334206571570844,0.6013874001180838,-0.4960651035942454,0.1794354948669869,1.3592088140770981,0.24419712332329396,0.6507470426033465,0.09751273019474903,-0.19905460200708555,0.005578997663936454,0.9789008538155158,0.2779368168346468,-0.2962512583359231,-0.013512178697178287,-0.33423525844141166,-0.25737429943453055,-0.7892051768096092,0.6272194958506118,-0.3134032518296134,0.07463189878203885
0.0820956861932228,0.10706050234042387,0.6748374410139456,0.07477980470137385,0.04605975350997874,-0.9083776774597362,0.4088232809029834,0.011071762507173984,0.05573036287046471,0.017174914502687648,-1.3337108420011796,0.5997663491008217,-0.4967934572589646,0.1801278781315495,1.3588669498272081,0.24526181546160045,0.6489616881547299,0.09802314999373173,-0.1967601708335644,0.006661188978677192,0.9839392292281864,0.27961374858610083,-0.29744222574056267,-0.015235890337231762,-0.32938648303912504,-0.25618011694131765,-0.7946202076400495,0.6224410031026075,-0.3125228353130347,0.07447953294183465
0.08177627281448446,0.10730216922345207,0.6746436121091928,0.07464351522263037,0.045146612448734275,-0.909914685071396,0.40551867393627533,0.011269925095933274,0.054948737993081864,0.015458856796919645,-1.334012997323529,0.598565257953581,-0.49728677204599264,0.1807198494690199,1.3586366266371173,0.24635741656671117,0.6471629379991615,0.09832283151360532,-0.19448868571618289,0.007986991540817046,0.989574700034247,0.28124584884911846,-0.2981926672830196,-0.01704817968167462,-0.3251991923422794,-0.25370658512466465,-0.7970038734612124,0.6162002283169727,-0.31160020894818985,0.07542523027364506
0.08143640952053044,0.10753954843915609,0.6745231198511148,0.07445620105819062,0.0442974351219635,-0.9113471932590561,0.4024180720400595,0.011481513347214485,0.05420819224379574,0.013410291817928537,-1.3341080284674751,0.5980906301724703,-0.49777094856813375,0.18135385847277657,1.3586513023542883,0.24729917485144362,0.6454650255021934,0.09835429287411274,-0.19215517980681115,0.009504602791592421,0.9961674814409677,0.28268830769135134,-0.29833681269314427,-0.018950456490961633,-0.3215864663732749,-0.24940118342179354,-0.7953113872403179,0.6073942009504958,-0.3106141178831297,0.07894189994238576
0.08090415250497084,0.10792987572953613,0.6745161559762576,0.0741860479936601,0.04354318483112791,-0.9127929643186768,0.39926109956789857,0.011680651984309183,0.053508300187898254,0.011399532371802011,-1.333757580474268,0.5974742700253902,-0.4985520493694416,0.18159640173193994,1.3591299189607953,0.2490668104554628,0.6434592672095649,0.09986771870921742,-0.19026048673574836,0.011007789535646663,0.9999904187036024,0.28392085518071797,-0.297839802521782,-0.02037377471437253,-0.3178339489303527,-0.24368602465933428,-0.7914770717024,0.5962909460924588,-0.30946558974843313,0.08443908322372187
0.08030961655082951,0.10835196007293908,0.6746463355262524,0.07391518903456068,0.0428644017754558,-0.9141365572154528,0.39629981409621784,0.01188625157445209,0.05286863520011646,0.009120598178999921,-1.3334083444430864,0.5970116340155104,-0.4991986480355751,0.18185669511028887,1.3596585966583106,0.25062630981952566,0.6415393137469365,0.10245069582604188,-0.18905416938346795,0.01229064021415177,0.999999976046759,0.2850632571517744,-0.2968507026927604,-0.021185292622508654,-0.3140912793753574,-0.23779933049936625,-0.7874691560763065,0.5849451518585911,-0.3082461996951217,0.08909369259553142
0.0796744975573787,0.10880908289507667,0.6747284980842672,0.07364412862478667,0.04230943371431475,-0.9154785633015838,0.39330071735650046,0.012073424154753966,0.05229511274958631,0.007105429872125242,-1.3328740090844986,0.5955664880660162,-0.5000611888879755,0.18175329207636087,1.3603544313480835,0.25266781256585813,0.6393903729677475,0.1049834065249863,-0.1880894852056712,0.014237354695972327,0.9999999999401169,0.2867455632138172,-0.29609415428999936,-0.02209259696689269,-0.31128851457143925,-0.2322170545693793,-0.7835773479317196,0.5756262195409023,-0.3070239435678858,0.08997515454778453
0.07893055691628446,0.10939779722341257,0.6748491214961362,0.07341379296005836,0.0419496983441904,-0.9167581656264168,0.39039096245857974,0.012248475590153405,0.05180231767208932,0.005078323366179674,-1.331961286428203,0.5933901879011134,-0.5011501247104404,0.18126658050536287,1.3615403542560793,0.2547219537325348,0.6369139625635102,0.10707379510749315,-0.18757681909408377,0.01716910146213902,0.9999999999998503,0.28906385805616125,-0.29557125576718096,-0.023110204997380923,-0.309942538366872,-0.22686930610615047,-0.7799212066596304,0.56906983632195,-0.30570070839164026,0.08512930528267935
0.07813740697890514,0.10994784491752024,0.6750035246430993,0.07315809222155704,0.04175935558371257,-0.9180472093699462,0.38741885748087823,0.01238644111934575,0.05139208224340734,0.0033237758755855977,-1.3309546862505808,0.5901347705915707,-0.5024067234742722,0.18014181393827972,1.3630759382266895,0.257380541122889,0.6339335239627852,0.10920693016548662,-0.18728816460214778,0.020837224686313837,0.9999999999999997,0.2918024017502826,-0.2951037922885161,-0.024200233651016107,-0.3095792516146831,-0.2213526603827718,-0.7758303777147451,0.5640315730852421,-0.30429860171623435,0.07635704660990042
0.07732126705195194,0.11060488748168801,0.6751925283675624,0.07290209875561435,0.04160033274998773,-0.919236957491645,0.3846532364268112,0.012514116418482104,0.0510603687039813,0.0013382194367280538,-1.329854593548243,0.5868740930708778,-0.5035183264954542,0.17894075829378506,1.3648463357929863,0.25970588202191575,0.6308087114366653,0.11091806855245116,-0.18707058431021506,0.024725807064295346,1.0,0.29459039556253525,-0.2945223692757955,-0.025367834007894812,-0.30958670689602885,-0.21585396224698508,-0.7715896509276869,0.5597145062246666,-0.30289329050963765,0.06673921969782343
0.07655228535839802,0.11126100148987149,0.6753626137886157,0.0725930602812112,0.04131696537759139,-0.9203733731521975,0.38201571952400226,0.012628714444198559,0.050813785104138864,-0.0003908271020626677,-1.329018143895632,0.5833245480829717,-0.5045322675483286,0.1779668874520266,1.3664134046512777,0.26179486416906667,0.6278478624227037,0.11250725345333745,-0.1865500052269256,0.028289609625527037,1.0,0.29723000345498285,-0.2937622861790832,-0.026605053294023257,-0.3091133382979622,-0.21071333203793213,-0.7674472575022782,0.5553577245155016,-0.3015752333001614,0.05930376515857967
0.07575063100711686,0.11195628827947511,0.675494252582167,0.0721835845497269,0.0408893845271211,-0.9215131267597185,0.37938258468737407,0.012718398945189554,0.050666199278838524,-0.0015479454676839794,-1.3283003434929304,0.5789901318483195,-0.5055519683082854,0.17701288779467447,1.3679980315598153,0.263931920579438,0.6246563407520794,0.11425101934527675,-0.18557503626653674,0.031517470779218945,1.0,0.2996423826210832,-0.29276830008627797,-0.027889047223800516,-0.3079447628008303,-0.20589303315089774,-0.763316317565045,0.5507907998004808,-0.30017631237444176,0.054964886311690206
0.07480976920767786,0.11258946192026759,0.6756069670173858,0.0716952982121246,0.040353095565543486,-0.922625026700127,0.3768215386613967,0.012788145523760707,0.050637713966045585,-0.002146315368644557,-1.3277235154092388,0.5740496178323679,-0.5067087362571953,0.17639906070067524,1.3695704853459567,0.2659504947344669,0.6216112992717122,0.11595372488990471,-0.1841797364581304,0.034593778377588896,1.0,0.3019060366904049,-0.29154610723838276,-0.02918085584000883,-0.306347964092886,-0.20133251904445354,-0.7591147157499692,0.5464263636708462,-0.2987218906398211,0.05210956041735309
0.07395957992485137,0.11314961709222143,0.6756633197170738,0.07117915873003798,0.0397424543626508,-0.9236929105039906,0.37436008303287865,0.01284140196568625,0.05070677033172575,-0.0027146193317679848,-1.327569724336623,0.5688358198249018,-0.5076887231899757,0.17581258766307178,1.3708729929494259,0.26797649882515034,0.6187997557136763,0.11759532170292383,-0.1826119038630158,0.03747269351106273,1.0,0.3041591751899786,-0.2902830366104233,-0.0305465176501339,-0.30453469441636094,-0.19713810830844206,-0.7550428551812552,0.5423395688354893,-0.2975625337198745,0.05004811980090869
0.07305732222760501,0.11363418830371357,0.6756564636751802,0.070616142236313,0.03911813367789955,-0.9247228914639978,0.3719821313930041,0.012882282104518958,0.05084840066440939,-0.0029889928476430567,-1.3275860859667739,0.5633991149882193,-0.5090928380473272,0.17544000206318516,1.3721972453805122,0.2700865380405336,0.6166382648168627,0.11926021065888882,-0.18088743359475043,0.04042017496350178,1.0,0.30655575552766895,-0.289142047511947,-0.031931950495932636,-0.3024157790084207,-0.19307488506245016,-0.7513945359504984,0.5384564440845453,-0.29693817162554337,0.0481071974572252
0.07210779213659634,0.11418556796591198,0.6755561969627419,0.06999847779205468,0.03847790154670719,-0.9256938731825647,0.36974385370364005,0.012919924977449341,0.05105485975967202,-0.0031146626174420556,-1.327736516098818,0.5578034033700972,-0.5108565756038929,0.17526396984604573,1.3735491735400231,0.2721476683331332,0.6150853756360167,0.1207075150529785,-0.18060112872355488,0.04609157793035361,1.0,0.31506590462790873,-0.29105935346213074,-0.033423554169582294,-0.3001168587979809,-0.18915241713684713,-0.7480753753612039,0.5349794483731413,-0.29708103692204285,0.04636343348239031
0.07111951069795801,0.11479060593629696,0.6753741694390486,0.0693506612931757,0.03779227591488895,-0.9265844904518888,0.3677001655063338,0.012962974677043094,0.05133482472945451,-0.0030011105385961403,-1.3280345469630874,0.5521622354994931,-0.5129953325006781,0.17558664979301788,1.3747083490354042,0.2739088766910953,0.614358563052771,0.12185155795784015,-0.1809176225379136,0.053023791614731676,1.0,0.3264692097330007,-0.29447433974908677,-0.03500626150592377,-0.2976922260479303,-0.18547806737829178,-0.7449849767294527,0.5319249166730775,-0.29781804630826086,0.04505256549255561
0.07021324466688564,0.1154143065445845,0.6751538439546438,0.06869646675528367,0.03712615231135434,-0.9274304459971299,0.36575293861766695,0.013004602110924855,0.051652758348275755,-0.002924815407656697,-1.3285509840447618,0.546608447781672,-0.5152425414460972,0.17595005389445137,1.375716070296045,0.2757974976220782,0.6141654976612289,0.1229904372843015,-0.18160744538360324,0.060549710851038635,1.0,0.33903685466943945,-0.29828748632919005,-0.036660183228808006,-0.2951980149808476,-0.18179434691657828,-0.742200789164836,0.5288458556312082,-0.29876279632855873,0.04378408402338568
0.0692601729924313,0.1160902393788253,0.6749110515822084,0.06803427611558382,0.03658960976256273,-0.9282065192070498,0.3639576835737702,0.013055318247883443,0.05195098186951269,-0.003156073886828939,-1.3288985470115284,0.5417855377758559,-0.5176365685041707,0.1763961496682757,1.376981882643241,0.27769023341630056,0.6145299672862283,0.12405278565959243,-0.1830648931512337,0.06940116375315013,1.0,0.35358365601346453,-0.3026598573184175,-0.03832073335101324,-0.29262210960699164,-0.17755627181084382,-0.7398172188488836,0.5252980444222828,-0.29953797152715306,0.042187560285099845
0.0681845862119226,0.11692145508844219,0.6746431432524912,0.06742941632860837,0.03624322338662228,-0.9288244195848754,0.36252572343897166,0.01314484148955359,0.05218545392426587,-0.004023818162940635,-1.3286899984493226,0.5384189943207361,-0.5203118465014297,0.1773637248999975,1.378510594507529,0.2789779185938641,0.6161117184294257,0.1248186247346198,-0.1855528649144055,0.07972611164440128,1.0,0.37012937326194506,-0.30751890194075093,-0.04032784762531936,-0.28997968694801496,-0.17252601226669706,-0.7381320469213258,0.5209886271294851,-0.30006125049752214,0.04030555719347632
0.06703637965265531,0.11790989352205733,0.6743120041746761,0.06681375494398172,0.03606365335069062,-0.9293827914155004,0.361224254553898,0.01325649648922078,0.05232340334252429,-0.005224291862818983,-1.3282030916412284,0.5355808180953056,-0.5231347819169683,0.17825007296994003,1.3803348842764063,0.2803957331601686,0.6182545294796801,0.125683239465633,-0.18876558782647082,0.09132520313858411,1.0,0.38830189474914534,-0.31282256778925055,-0.042616951570605424,-0.28719053453359894,-0.16679487970346482,-0.7370252995104708,0.5160849219791651,-0.300495032559874,0.03828578238401186
0.06587670257684335,0.11898733238403149,0.6739387306980953,0.0662391350373397,0.035979340943523175,-0.9298231725426982,0.36020373654004,0.013407198450016852,0.05237394523549531,-0.006771567682850818,-1.3274966112250999,0.5338331436560951,-0.526119082648977,0.1796054040744564,1.3820150421974742,0.2813321575490727,0.6211816221682874,0.12585510179956214,-0.19255320526506228,0.1039121788676785,1.0,0.4078536939036808,-0.31846942061023437,-0.04453571602288753,-0.2845334018477504,-0.1605942492919765,-0.7359144482673593,0.5108158158668294,-0.30081970315513257,0.0359315838800896
0.06470599590738133,0.1200849252136041,0.673503604740447,0.06560725781530828,0.03595601602275442,-0.9302849163514801,0.3591278700444266,0.01355999203598134,0.05233396694825033,-0.00812574845614698,-1.3266444180552324,0.5322172772021723,-0.5292820880382738,0.18049591804068363,1.383692752514809,0.28270694417263703,0.623561992430725,0.1256054974104484,-0.19647169713981935,0.11736658146669972,1.0,0.42843321039827104,-0.32436718779503504,-0.045376024575392644,-0.2819960548451026,-0.1539517729382334,-0.7342549415789553,0.5053861721300071,-0.3010071829757822,0.03305399384646401
0.06357324079110656,0.12119662502656806,0.6730288908796366,0.06485613433025413,0.03604825014400434,-0.9308231272221109,0.3578582279754668,0.013685224599237456,0.05217409505907669,-0.009471478757795948,-1.325745727167772,0.5307173764370895,-0.5322443927387406,0.18022533107256028,1.3856905836240148,0.2852382036257029,0.6246222130265237,0.1252938139005309,-0.2003437655860335,0.13166832947165993,1.0,0.4496104622767247,-0.33015025100668677,-0.045720279631273245,-0.2794505945007465,-0.14664529280973887,-0.7321336749395357,0.4996051116107948,-0.30101440584804806,0.029338243655415663
0.06236787708106802,0.1223599019910931,0.6725131416509177,0.06409448447928526,0.036234672026138254,-0.9312883245857758,0.35676463122444113,0.013811060901486913,0.05189992324618539,-0.011114710700607168,-1.3245453148401427,0.5302944981566593,-0.5352769532023987,0.1798953584060564,1.3879073443147607,0.2876694557200585,0.6255835848898965,0.124302714049158,-0.20435128260701446,0.1467213621166433,1.0,0.4713559386088077,-0.3357940968567301,-0.04566946995296455,-0.2769529244998905,-0.13875644856700997,-0.7297561607659455,0.49342262681141424,-0.30085243987191546,0.024966327585716125
0.06114660982478319,0.12357545825766907,0.6718810573325384,0.06335831689687496,0.036471272306486884,-0.9317195468157736,0.355744650076077,0.0139282989495045,0.0515251386851546,-0.012733510218774599,-1.3232004057840805,0.5299652552886661,-0.5385253488427414,0.17936475802905277,1.3900832760621251,0.289986987878405,0.6262948875973655,0.12254516375850033,-0.2085670122753796,0.1624021316644255,1.0,0.49385405973721974,-0.3417980703088688,-0.043842386047527306,-0.27474971358807976,-0.130596744291993,-0.7267457845002213,0.48722874581656894,-0.300581991079584,0.020494027759701872
0.05992544067416758,0.12476233947105386,0.6711613667375391,0.06268217455433729,0.03669781954651533,-0.9321318002632147,0.35475980884498365,0.014029191001213205,0.05108437056043559,-0.013967622132942224,-1.321957068206689,0.52884735201796,-0.5421800160525994,0.17875874628130634,1.3920791128697119,0.2919786829459003,0.6267945857564704,0.11979882826836019,-0.21294438666788584,0.17847539996091052,1.0,0.5170944583662871,-0.3484742236215538,-0.0388085652622714,-0.272933307702609,-0.12244452526257123,-0.7227533134088673,0.48119998088150856,-0.3000944410403359,0.01643991963961959
0.05869500788630483,0.12597006616223771,0.6705181094391273,0.06209317232602293,0.036898833893685985,-0.9324695852507784,0.3539539328641769,0.014127152878935944,0.05060470493266513,-0.01501943274751004,-1.3208367364158025,0.5271310115327551,-0.546209062797459,0.17833347687036816,1.3938610063528476,0.2932160816464497,0.6272271473037412,0.11582962827327901,-0.21755597366723586,0.1948448032043399,1.0,0.5409746186745097,-0.3556488869235539,-0.029910469335179175,-0.27142541095057315,-0.1142360930584977,-0.7177061531257732,0.47504299312744797,-0.299047328558391,0.013015371479954277
0.05764384325902052,0.12707346212312123,0.6699549281368015,0.061478145577075524,0.03714253689451543,-0.9329503596280208,0.35276691460423265,0.01415341870560262,0.050073877445477984,-0.01527713788896106,-1.3200497188254698,0.523288729738245,-0.5505573821627965,0.17643233901711303,1.3957213358803835,0.2955045295102371,0.6261140341431035,0.11193671900838065,-0.2221682545444594,0.21144057929188426,1.0,0.5651249372933698,-0.362976241894556,-0.01801320712903503,-0.26997929280069977,-0.10582926858686453,-0.7117981220671631,0.46853213479001043,-0.2974160959469256,0.009889824390253541
0.056576763785176655,0.12818029756365082,0.6694731676466037,0.06095521725797375,0.03732969174938462,-0.9332922349052178,0.35193260699820467,0.01417782432343029,0.049518515190479256,-0.015704832031201328,-1.3192355520544132,0.5202574896752798,-0.5551361093377163,0.17524857999312227,1.3974340953940563,0.2966372754964408,0.6254853641324194,0.10628981319904128,-0.22657021647183895,0.22787527226513957,1.0,0.5888612344373464,-0.37023969062919193,-0.0039060667893972725,-0.26876037998614527,-0.09737159720678612,-0.7050378735180577,0.461815708523817,-0.2954283191592299,0.006867923575097784
0.05559946235037418,0.12917747439011512,0.6690137233305374,0.06043308156273551,0.03748488300599432,-0.9337999698217385,0.3506570155576229,0.014127772422964487,0.04894473732296368,-0.01532691498642215,-1.3186864659000246,0.5156659403176878,-0.5600217334015751,0.17288915343945754,1.3991995916710522,0.2986918506039966,0.6237970990970262,0.1003216346140345,-0.2303505094635133,0.24391005460169257,1.0,0.611645805355306,-0.37732174897927206,0.011577909603546412,-0.26779576541453043,-0.08899918223972382,-0.6974330318271146,0.4552736811398934,-0.29336809173217276,0.003721163158883983
0.05468989160608319,0.13015978032712053,0.6685724026784186,0.05998616876288092,0.037550051253380616,-0.9342575302548449,0.34950610920288255,0.014052718712266125,0.04836207265532559,-0.015076383383577394,-1.318373434887811,0.5113703783025125,-0.5648784267149557,0.17061635061377203,1.4008441045074682,0.30010383435213633,0.6220442391027242,0.09277775982636824,-0.23397528396724196,0.2601910856874926,1.0,0.6352242972100844,-0.3847962243180073,0.03146245723208204,-0.2671825460935887,-0.08079640967647508,-0.6891514715520674,0.44889718626959263,-0.2913951467707438,0.0003375218536337102
0.05381170992120404,0.13111093863702372,0.6681995949490878,0.059603588036769406,0.03753686548439718,-0.9347012494451199,0.34838480206300787,0.013953329371985398,0.04778634591690832,-0.014598603146341838,-1.318265190590897,0.5068467613431723,-0.5699756103055202,0.1683742844798676,1.4022609820859826,0.30109334180835845,0.6202539140532469,0.08397729635187805,-0.23737402574981495,0.2765183053207848,1.0,0.6590920834944114,-0.39228074847038846,0.05512052636724649,-0.2668596111153123,-0.07272851864196794,-0.6800992032575642,0.44265805109664846,-0.2893186966351972,-0.0031538426991540207
0.052930692890202025,0.13196235838925985,0.6679706101942312,0.05942368507135729,0.037142086847927,-0.9352040915388509,0.34710603308803784,0.013833033151334802,0.047175036992071886,-0.013835614984821765,-1.3187842597499366,0.5021836597482624,-0.5752141521063564,0.16586989302119062,1.403132355156642,0.3021904731805436,0.6182723651484666,0.07158724212658199,-0.24258247027257754,0.3000042796507133,0.9912629057486791,0.6960194058661907,-0.3886021701052862,0.07951308903873916,-0.26730831227754137,-0.06476644650454556,-0.667219588055306,0.4361351083177119,-0.28635554218518766,-0.006805748740807518
0.052052985193137995,0.13276897746922636,0.6677771224178297,0.05916526431135497,0.036925684407784654,-0.9356104604128573,0.34607662691378815,0.013686834314713053,0.046606764037184535,-0.013504495988366543,-1.318853188792299,0.49950151688089206,-0.5799570143104228,0.16392807805254875,1.403835949700737,0.3027662683153124,0.6169614617177911,0.06734684157397614,-0.2533413589282687,0.31063562983379045,0.9650364705730835,0.7172773476167263,-0.3891641790428052,0.09493816356835849,-0.2659404013379283,-0.05916295856455485,-0.662198379462188,0.43078889218936406,-0.2848852114866862,-0.009209690148017615
0.05130347055863045,0.13343865395281126,0.6675821315322341,0.05893990843134403,0.03663698267513687,-0.9362060303455034,0.3445316929388074,0.013480188123143763,0.04609251322642198,-0.0128378017995541,-1.3191657837351742,0.49629439037074,-0.584473205064251,0.1609232934115085,1.4042792881692043,0.3046715943201606,0.6149658918365006,0.0640693278884793,-0.2629667164838132,0.3163651779349383,0.9368289631346751,0.7298340224883586,-0.3894930682856757,0.09768846813707333,-0.2648431862095715,-0.05428736508729997,-0.6567616396691218,0.426195061293226,-0.28356512655951627,-0.01107490265345979
0.0505928805445019,0.13402216115898447,0.6675409968340276,0.05880514961748399,0.03612875696021601,-0.9368020690973529,0.3429847673496499,0.013267096967964232,0.045625495593584815,-0.012503486173165832,-1.3197715086148263,0.49418796688694383,-0.5885060881314151,0.15791408758320444,1.404391923369502,0.3065492157198495,0.6129468923459279,0.0594410511376026,-0.27998093324842155,0.32062709302636416,0.898356494511011,0.7473641999642106,-0.4133670218795732,0.0915171459483465,-0.2640042130374396,-0.04985489225239811,-0.6497917678864269,0.42169954515602537,-0.2818574769763043,-0.01265492628589165
0.049973214161974304,0.13455518218159962,0.6675119683092225,0.058744900904764766,0.0355565701911343,-0.937433267118955,0.34132629056756586,0.013036692469405094,0.045194028896354085,-0.012563247482523741,-1.3206112508347758,0.4926312023902383,-0.5917904882663985,0.15477552495041388,1.4040817153708396,0.30868781623370783,0.611051488201014,0.05514645115296421,-0.29266530374878347,0.3205588002162128,0.8622426416033988,0.7538027756199746,-0.4230854922116341,0.08091300574162069,-0.26352343776137716,-0.0461175328377455,-0.642696443809682,0.41796013159252454,-0.28033718386253853,-0.013997488880012173
0.04941057138599493,0.1349768896199743,0.6675405087281767,0.058801777678107015,0.03486718813716844,-0.9380638481606264,0.3396510664010629,0.012810006619593842,0.0448071628474773,-0.013003037632302298,-1.3216448618432666,0.49174532974958857,-0.5942480126692894,0.1518382492243554,1.4032869728997088,0.310733139704506,0.6095906736993102,0.05060052371650365,-0.3042102656301279,0.3176291098325105,0.8254006698581421,0.7549380878979448,-0.4265176350914956,0.07018541570965485,-0.2633712617482743,-0.04302970873700274,-0.635080014311479,0.414664166122559,-0.2787785880298084,-0.01529796135101398
0.048920215321225556,0.13539032553295577,0.6676763813883271,0.0590029639953126,0.03404391787071816,-0.9387106555564076,0.3379082228070801,0.012594620811446019,0.04445843919443452,-0.013997429740878415,-1.3227414190066116,0.4917487621403723,-0.5957082792360361,0.14873977667392244,1.4021119213566424,0.3129514986270828,0.6081658517500876,0.045848426030544454,-0.31549665742766525,0.3121142524930659,0.7869332421077044,0.751991251482055,-0.4264830357594221,0.06026285597232696,-0.26365163924899615,-0.04060015430546227,-0.626764430284983,0.41181503968608596,-0.27713592112557617,-0.01660176831859978
0.04849284201794644,0.13557626758174954,0.6677980677298053,0.05932245240503385,0.0330662826152359,-0.9393802993355902,0.33608350274126686,0.01238907468505359,0.044156167750591085,-0.01518797634245841,-1.3240961605026662,0.492447768042345,-0.5964624250180105,0.1458343061174978,1.4002671871876429,0.315337816365688,0.6072126765080604,0.04089416532422052,-0.32628859033118285,0.30396924803879805,0.7465789732478655,0.745310307091508,-0.4245077538304023,0.04916129504299879,-0.26430928710051693,-0.03899186406323875,-0.6177793438350871,0.4096496338240832,-0.2756118640047786,-0.017886515276205626
0.04800270902927322,0.13573689038043213,0.6680355942371021,0.05968430545127658,0.03210832524020531,-0.940066518518594,0.3341882402081171,0.012194755698609155,0.043893189527839244,-0.016425254016941334,-1.32507244154346,0.49325547507480044,-0.5969054478922311,0.14258095100285262,1.3987621408244644,0.317681913114324,0.6060166449517291,0.03563560470611624,-0.3364570735718572,0.2942520798553347,0.7047336084723685,0.7353759613139039,-0.4206302757460579,0.03657324241861329,-0.26508147498816814,-0.037366552909120776,-0.6083211924277309,0.40740041028102936,-0.27375804925787006,-0.018996979358874927
0.047574881040841344,0.1358399956593472,0.6683048124804004,0.06015462613250972,0.03104257529518063,-0.940834780089068,0.33203568490247615,0.01199044444185701,0.04366782958296747,-0.017462935200761094,-1.326328450687567,0.4929290425165598,-0.5971301444790865,0.13932815085182593,1.396644382295918,0.32034710304313113,0.6052257750046366,0.03043072771599114,-0.34591219123258354,0.28310195502002167,0.6621138878502689,0.7230076422239964,-0.4148882694750476,0.022119549801624103,-0.2661858952918454,-0.03615094435877272,-0.5984743011366969,0.40534302082954,-0.2718032416638257,-0.0198527886628468
0.047140571298607034,0.1358729037686341,0.6685993535430406,0.060644064676499014,0.02995963665257091,-0.9416489121934591,0.3297302590846557,0.011781880362123581,0.043483170733423004,-0.018131703947367486,-1.3276739453467141,0.49134712142902326,-0.5972346593546063,0.13619964792663578,1.3944404424813441,0.322875086681626,0.6048171613726125,0.02501380229884579,-0.35425031842408305,0.2706514133278592,0.6181868877353621,0.7075753927823085,-0.40678606126917816,0.004538649612969839,-0.26734597340699506,-0.03496872546190404,-0.5883084037575776,0.4031414501405385,-0.2695585511633942,-0.020381218563711584
0.04677883315844404,0.13587324358517863,0.6688933021824937,0.06116709832215417,0.028865306930304247,-0.942503777855085,0.327279710442857,0.01156620060415034,0.04333176345131945,-0.018662322646762042,-1.32908719551162,0.48898557314433005,-0.597008531489439,0.13287319348608756,1.392254604755937,0.32542934629758696,0.604419249111126,0.01941461366908203,-0.36140674686985186,0.2567503762569716,0.5727533840328993,0.6888135281205675,-0.39645468387452365,-0.015620845559720407,-0.26867839525223036,-0.033881152805736434,-0.5777570734619808,0.40093359914534554,-0.2671153347183547,-0.02063896804569047
0.04651240393249382,0.1357565051722269,0.6691310311711481,0.06174340174234233,0.02773527548030677,-0.9434042743765941,0.3246642603109981,0.011337218399225999,0.043212113864192776,-0.01903530477548263,-1.3306635340679211,0.4862086345149904,-0.5965277394851862,0.12951541750495574,1.3898357947419433,0.32817967859902264,0.6043234113524609,0.013798910924660606,-0.3675450666592273,0.24210740631102048,0.5269798604521516,0.6683877959057136,-0.3847478475406932,-0.03590010053270009,-0.27029885522739483,-0.03307176457247484,-0.5668889773562706,0.3990171843583949,-0.2647133325644634,-0.02076941161322429
0.046246771366167505,0.13563547271730886,0.6693571879553945,0.06236847074384551,0.02662318392505057,-0.9443280703967964,0.32194079486053107,0.01110079314895141,0.04311686927974575,-0.019411393831299688,-1.3320713595682254,0.48368203834770634,-0.5959033929656948,0.12604644423080022,1.3875173981112168,0.3310847858832578,0.6044219350195129,0.008178111677344531,-0.37309721302302284,0.22790637938544372,0.4822211407467262,0.6483437115170674,-0.37247009917904395,-0.05380268548322941,-0.27223800929201597,-0.03233026796339464,-0.5558022133378397,0.39742078904238115,-0.26237282758391267,-0.020850869618668718
0.04601757510466816,0.13548237645761294,0.6696151406240886,0.06305493130185491,0.025504374885345113,-0.9452647375595671,0.31913661404901383,0.010857843951967963,0.04304335876405543,-0.019873327217662242,-1.3334679924344945,0.4813815315261906,-0.5950642359618529,0.12245098176806883,1.3851198683098893,0.33423525470394766,0.6047474977720875,0.0025209937909938165,-0.37842934487249963,0.21430943901860636,0.43876920805892694,0.6295151645902661,-0.3592322327243865,-0.06904061726028934,-0.27449444035869885,-0.031744790501321375,-0.5445220932342854,0.3961375001365477,-0.2600500271790436,-0.020820737012997723
0.04580457396920326,0.135278282869342,0.6698922588003424,0.06380108787064404,0.02437014490163585,-0.9462216002801724,0.3162280828567026,0.010606376974247772,0.042991406215185796,-0.020284266469349305,-1.3348304061718759,0.47906325060226435,-0.5940885031486035,0.11878176721561401,1.3826189216263491,0.3375682431319325,0.6053374353051034,-0.0031731574261490546,-0.3834000854195952,0.2009892347333434,0.39608552597273244,0.6111992106334968,-0.3446673556026024,-0.08286147962839822,-0.2769673921382781,-0.031279123276817665,-0.5330132791952645,0.3949706791999316,-0.2576674643887426,-0.020649440096647896
0.04552984482891508,0.1351186555510448,0.670179258964018,0.06461231555584616,0.023245309189028292,-0.9472168026292602,0.3131536892581976,0.010343246004033527,0.042950476181742074,-0.02058756406442585,-1.3359667964255995,0.47693437748448386,-0.5930222470088355,0.1149236973043969,1.3801910983913834,0.3410215314389787,0.6060878687772394,-0.008767047306975587,-0.38785143402987926,0.1880740358442088,0.35438122264559047,0.5931456608615696,-0.32986502680068325,-0.095124752873777,-0.27979287552669513,-0.03083869708292669,-0.5212553855088901,0.394115291345932,-0.2553365535781339,-0.02047094654661245
0.04541458769098745,0.13486970954083816,0.6704137110443616,0.06552097907230611,0.022113487066991996,-0.9482646154555535,0.30985837743407274,0.010059706706611528,0.04289610775900898,-0.021019712086091914,-1.337289200363138,0.47524969749197177,-0.5913691896878133,0.11071169949968601,1.3774870232142142,0.34458409897744213,0.6070406690104919,-0.014169113687793692,-0.39176536961040126,0.17544301682128358,0.3140948871094708,0.5753975762852316,-0.3165207728901772,-0.10574955804115792,-0.2831853396230671,-0.030633794790970916,-0.5091994342545659,0.3937279761300955,-0.25326110090725273,-0.020502929190434536
0.04537398001199577,0.13457689202890058,0.6706228286120389,0.06651144321626841,0.020999109369107097,-0.9493767366250273,0.3062989998060845,0.009753195926103771,0.04280834213767469,-0.021451726925964372,-1.3385192084453301,0.4740125842159023,-0.5892678289177504,0.10615436427571392,1.3748344390496838,0.3481936318158786,0.6082098133533607,-0.01937642606834459,-0.3948517917710964,0.16331964491275794,0.27550558861451924,0.5575168589498894,-0.3053326761599168,-0.11454117380652189,-0.28714808417350224,-0.030526617345565343,-0.4967631505391403,0.39384885264741587,-0.2514762400877434,-0.020829274943603992
0.04534968224151338,0.13428776042171517,0.6708200606348995,0.06757266482292151,0.019901631905027042,-0.9505380690420859,0.3025148580119484,0.009426514755369944,0.04267881011022648,-0.02190996683606598,-1.3396243861410349,0.4731377683949714,-0.5867826089038849,0.10131260052778429,1.3722939642200656,0.3518779374812612,0.6095696196092901,-0.024449341326207793,-0.39733862530625086,0.15173446564435347,0.23843297621084686,0.5396623767659967,-0.2958768154707269,-0.12157370181668432,-0.2915770592287922,-0.030432390884962374,-0.483980418814356,0.39434866974425525,-0.24986363256968736,-0.021326992376749798
0.045314156511331916,0.13390861904946136,0.6710857625507031,0.06868857761496378,0.01881203478068686,-0.9517267073586733,0.2985703621474545,0.009084152846153598,0.042516374517656975,-0.02236036070285809,-1.3407636089214479,0.47269788343052616,-0.5839927554542315,0.09640023097129728,1.3697529360906762,0.35560340686957603,0.6111061735658357,-0.029330417668725493,-0.39945586085380436,0.1405907108141549,0.20260608600626778,0.5222039264796096,-0.28764580657378863,-0.12698202020320148,-0.29618602565761337,-0.03034029941688505,-0.47105755104840386,0.3948622820812512,-0.24814113023824444,-0.021878696684478633
0.04531232009089201,0.13351757735422481,0.6713288653794139,0.06985553682761414,0.017752831445314553,-0.9529182550390244,0.29453665334484513,0.008733225409161417,0.04232911921383965,-0.022987358227689624,-1.3417971671762055,0.4728780546912456,-0.5809438274791859,0.09139043085241223,1.367318429067028,0.35935801314673194,0.6125319296108725,-0.03397760521784385,-0.4018838126265924,0.13004988577090107,0.16769371916814896,0.5061394628508575,-0.28049936942948345,-0.13088574341155193,-0.30096109343400157,-0.030194402133442516,-0.458182313802242,0.39531435811231214,-0.24626696007324997,-0.02231297063252121
0.04532601082317304,0.1331712490627037,0.6716093625560526,0.0710982692943609,0.016714546812177596,-0.9541099631365132,0.29041321986413077,0.008379552027734273,0.04213031171236211,-0.023756362049439005,-1.3426777996700594,0.4738227134104076,-0.577671649942079,0.0862471618404509,1.3650658319993034,0.3630276613018322,0.6137476593652568,-0.03849346311139474,-0.404863732836816,0.1201283061370095,0.13353698361001923,0.4918152944061437,-0.27451712984216464,-0.13225247482600416,-0.3060133449699004,-0.029988347315362467,-0.44524792921185086,0.3957129963883976,-0.24410569596656037,-0.022555431827841317
0.04540795597401369,0.13272474574505372,0.6718584303662888,0.07241735826205876,0.015667062464913537,-0.955306526693567,0.28618125276254325,0.008020431376887554,0.04192796831781584,-0.0245615635641474,-1.3436128833491303,0.47540792492077866,-0.5741417121586511,0.08109444075456841,1.3627231522552326,0.36663611145433794,0.6150916781921171,-0.04289889840823226,-0.40840969060500243,0.11062060904843589,0.10027147501244524,0.4792686730152705,-0.2698961101648175,-0.13139520114356693,-0.3114372298182329,-0.029918802821511877,-0.4321900444478962,0.39633132933575427,-0.24188569705510565,-0.02271917584095827
0.0454581665720474,0.13224217239838687,0.6720842959081016,0.07372524912523308,0.014669973927064659,-0.9565071776920357,0.2818570533621933,0.007656102416662977,0.041721879191246695,-0.025262033100405402,-1.3443488176808343,0.4773644115824179,-0.5706362134649449,0.0759460715696655,1.3605912139220269,0.37031812112630386,0.6164107490868691,-0.04695012809036328,-0.4119326449456424,0.10165243487515421,0.06812336114257335,0.4675067911028216,-0.2656366469943173,-0.13027699724997954,-0.3167629109309428,-0.02970043210385332,-0.4193102490635627,0.3968079398665954,-0.2396039437691666,-0.022827209547622067
0.04548280642822288,0.13177437146836662,0.6723208129784849,0.0749586699855056,0.013763563650662917,-0.957707017375306,0.27746897300371104,0.007285134244694472,0.041502464621205035,-0.025874414624927712,-1.3449127247112238,0.47944588831620444,-0.5671864138184407,0.07071430397934855,1.3587541099854004,0.37428281893086407,0.6175430852030256,-0.05042260912637884,-0.41486607241803725,0.09321405386013767,0.03739515670728781,0.45544272433183836,-0.2604902785646231,-0.13100116549304924,-0.3215637852409114,-0.029137680464088673,-0.4069068267497048,0.39670945087374426,-0.23720361146876295,-0.022919445517601514
0.045494897976724735,0.13134482023458477,0.6724898521305182,0.0761066739608565,0.012974381743642226,-0.9589110959437476,0.272999907825896,0.0069024435983356764,0.04125853758700787,-0.0263347625514892,-1.3452621090344317,0.48171069811715067,-0.5637789986192869,0.06533013754872768,1.357252689818553,0.37871905061949757,0.6184893323221153,-0.05317476101641989,-0.41700094704511037,0.08531404607860023,0.007992580092395538,0.44241211118763735,-0.2538796836444595,-0.13476856124612074,-0.32582540700074236,-0.028184325296835927,-0.39510778770147853,0.3960865226307876,-0.23480586924799,-0.023030572136668894
0.04553169073165562,0.13088432108750278,0.6726592665138496,0.07719382106103745,0.012283460896603697,-0.9601193949697789,0.2684417590116418,0.0065047830094570975,0.0409881190880135,-0.0266806469510829,-1.3455418444917964,0.4842363803719979,-0.5602918130502214,0.05976588981612769,1.356004627184144,0.3835156557217317,0.6192414828041811,-0.05537286006883452,-0.41845023271849413,0.07791511793030552,-0.020137290303066414,0.4285681510167744,-0.24598367254554357,-0.14036650001701967,-0.3296404536347332,-0.02693527830627926,-0.3837332342062474,0.39492612788081116,-0.23227868932271156,-0.023156925902805645
0.045591475828923124,0.13038445407999694,0.6728131950735025,0.07820875378724704,0.011667574671914531,-0.9613212846872569,0.2638345052102998,0.006093698209690924,0.04069786334565036,-0.026880959078562153,-1.3457567772447931,0.48676109700665504,-0.556930391452337,0.054204057380162686,1.355005611983041,0.38835984617730335,0.6197960075759817,-0.0572209315350568,-0.41964634482560226,0.07110851498667647,-0.046695608101409,0.415115607618196,-0.23742993417292824,-0.14626258170947531,-0.3330804386185298,-0.025497798110432342,-0.3726378467906286,0.3934063010330482,-0.22965730313713523,-0.02326621239684139
0.0455746054499961,0.129910579700896,0.6729415494952544,0.07913272551453185,0.011105239216216832,-0.9625087233220255,0.25921350841265467,0.005675217221642432,0.04040386451883137,-0.0267897721531973,-1.3458455258295323,0.4889931470347768,-0.5540471225593793,0.04887339632438075,1.3543177495768,0.39291309821081044,0.6201517442101293,-0.05891241571163172,-0.4209916708153212,0.06498835674441238,-0.07126254043533257,0.40338609547886256,-0.22877305925263183,-0.15090528417481827,-0.33613214517398043,-0.02388568373606264,-0.3616757052670785,0.39164174979111094,-0.22695571540589288,-0.023297175731564233
0.0455792906368197,0.12939430470671617,0.6730570357179356,0.07997562423847822,0.010575424963614816,-0.9636774826943835,0.2545933409622521,0.005250906974455887,0.040115718976138234,-0.02653227808877736,-1.3461299783176217,0.4908583399504446,-0.5513810048628731,0.043708409996088944,1.353672073642592,0.3971718712624811,0.6202747710493662,-0.06041240891101957,-0.42275349655653804,0.05925297651970753,-0.09436237832079088,0.39364713825854114,-0.2196927355256383,-0.15424041522879442,-0.33880264848102315,-0.022239421284676094,-0.3509045020667027,0.38957806043520116,-0.22413690109283751,-0.023330239838736336
0.04563021578677406,0.12880934452662282,0.6731825367939873,0.08074267503353738,0.01008192787856543,-0.9648319525325372,0.2499565532866314,0.004820187886858696,0.03983669031571999,-0.026109994908894762,-1.3465808840915652,0.4925013157452031,-0.5488609951676259,0.03866286055441946,1.353105452268652,0.401256258531394,0.6201892805740834,-0.06164147147670634,-0.4247042327964747,0.0539205210485378,-0.11606582004822252,0.3852955381243857,-0.20992625530471357,-0.15697845249402212,-0.3410936983342856,-0.020566770379163647,-0.34037781102874015,0.3871940632527851,-0.22119822204267248,-0.02337112384410442
0.04563889287524565,0.12815740569557943,0.6733188594143096,0.08142869227816367,0.009609987148133022,-0.9659735338052973,0.2453001186477242,0.004384506672917606,0.03957099063626059,-0.025396568233809882,-1.3469874620261901,0.49400808617177183,-0.5467850248753888,0.03388203288712517,1.3527899531516938,0.40508678749621513,0.6200724406417996,-0.06275483692883707,-0.42672374012024655,0.049223237110952056,-0.1350403133315325,0.3786128032674061,-0.2002264618747235,-0.15880859408911382,-0.3430840417262466,-0.018883281340012135,-0.3299189403149525,0.38473211580225725,-0.2182590948173925,-0.02326904017139227
0.04570950402138481,0.12744254645385591,0.6743979969656093,0.08205282724230062,0.009058785248867426,-0.9671081867653032,0.24059722991524243,0.003963850010382423,0.03932798356051798,-0.024989310967168405,-1.3479236255587577,0.49549585811375535,-0.5444448704111505,0.028993992787539086,1.3526831777228379,0.4087806631731656,0.6195553244450533,-0.06447928965054729,-0.4324065659598203,0.04581039152017208,-0.1565802633731751,0.37161548443738124,-0.19072002486538286,-0.15774709226731737,-0.34412681947812623,-0.016941608974449667,-0.3187341392619813,0.3804641823512617,-0.2138554387214942,-0.02289380918785041
0.045825720128859035,0.12671391566958093,0.675209743737285,0.08259554691248804,0.008664544165842373,-0.9682204261438189,0.23590698951601152,0.003537639884419659,0.03907152513023344,-0.02445029286171557,-1.3483572183615553,0.49714106578308914,-0.5427342997044685,0.024739075620868203,1.3526857393858105,0.412043358588134,0.6197159558238269,-0.06658536209399474,-0.4326681695523083,0.03957674531213743,-0.17009977342257426,0.36096168702455506,-0.16540385894405,-0.1575244351285941,-0.345352504070166,-0.014655345171645386,-0.30721242142540084,0.3766916446283105,-0.20984017734439744,-0.022154112022335366
0.04588201491559806,0.12601231911195027,0.675922035596438,0.08312962700599133,0.008088333764483436,-0.9693242023610288,0.2311593274949447,0.0031140069973057075,0.03879104775526228,-0.02373785403420619,-1.3488663822834552,0.498732097237701,-0.5415644673611097,0.020841904886300267,1.3527238450669008,0.4150025109550201,0.6200224722093112,-0.06736937981207701,-0.43256540591899284,0.03838914210802731,-0.17144570760347982,0.3587097477475326,-0.15805729729393458,-0.15607498991762223,-0.34645550365438604,-0.013320433746136883,-0.29659699608416856,0.37339957124395884,-0.20636184411709424,-0.02094101825582577
0.045887930391215186,0.12521417011132308,0.6764747441196597,0.0835838342949438,0.0074839885531721734,-0.9704180810431343,0.2263768551430403,0.0027020124807552223,0.03851071026949908,-0.022787601022855423,-1.3494889823063687,0.500099136219236,-0.5407719120671612,0.017360978600230222,1.352710085160193,0.4177643590686193,0.6205486616238072,-0.06826047238717049,-0.4329056295478965,0.0375596303996222,-0.1697234947817889,0.3589334992430043,-0.15277394493066546,-0.1532239794110316,-0.3477354350521519,-0.012171752207359778,-0.28581560003504936,0.370988405539635,-0.2034248296841988,-0.01962616348908884
0.045898432406156014,0.12439924153910718,0.6768556229812754,0.08393093180290932,0.0068566015449915306,-0.9715094841056013,0.22153534254113455,0.002301800188222531,0.03824103536195007,-0.021787270970153254,-1.3502041787490746,0.5010883581430935,-0.5401345926657476,0.014024672464593,1.3527639619720864,0.4205294251553959,0.6208543513472732,-0.06924175336316059,-0.4333446286473403,0.03712208282478884,-0.16563370738813415,0.3612388567838721,-0.1497559254459924,-0.14880472427199667,-0.34931938817166175,-0.011161255384835374,-0.27494027477967453,0.3697812048896254,-0.20116388105774702,-0.0183922642672637
0.045968534157672845,0.123525797720017,0.6771112186871938,0.08417147700654111,0.006207018966211986,-0.9725985660637364,0.21663024873007702,0.0019108107020488882,0.0380006481632481,-0.020650364547857625,-1.351079805153763,0.5017090354470641,-0.5397241543847837,0.010860294117749776,1.3528336869635371,0.4233499118614318,0.6210198900973596,-0.0703555954143873,-0.4341945580787577,0.03714589740944306,-0.1584752605870969,0.3666444651041728,-0.14951509908746352,-0.14174917160101,-0.35134181258200214,-0.010309764470723626,-0.2639832384672559,0.3700056272412429,-0.19964629712148213,-0.017295840022162876
0.04600367473560582,0.12261615469013958,0.6771566948387717,0.08429639141097975,0.005546065163322831,-0.9736840089455187,0.21166674344373265,0.001528211775007942,0.037803583911188474,-0.019167162623237435,-1.3519171546631688,0.5019789591958997,-0.5398369246054865,0.008076554211513754,1.3530100264604001,0.42611903522489486,0.6212470608700971,-0.07155187419692555,-0.43539516095289876,0.037724304583928996,-0.1482234730850607,0.3748719939443372,-0.15174147077667735,-0.1324944811582629,-0.35370332000882704,-0.009555721552454061,-0.2529424425539837,0.37156202977440134,-0.1989054525741339,-0.01623075152698144
0.04590865325052473,0.12176076053967547,0.6771212643084816,0.08430115400749577,0.0048823342858393135,-0.9747639571952332,0.20665116984429588,0.0011570466902010037,0.037651412490900496,-0.01745474392821517,-1.3526539265004802,0.5018148450623455,-0.5402892570760472,0.005616142484886396,1.3534259555287425,0.42873991882265244,0.621341112537447,-0.0727806246513144,-0.43600479272092413,0.038836348961806794,-0.1365195989798351,0.3834132435921895,-0.15528288891843434,-0.12311303420454639,-0.35601486138148636,-0.008732548092520363,-0.24181221685908436,0.37372804204512206,-0.198540327485794,-0.015165106903965329
0.045790371819455604,0.12081298374671846,0.6770349243500539,0.08420406526920891,0.004191354507212314,-0.97583322502214,0.2015976807466385,0.000797532681999272,0.03753122396241783,-0.015835370852068487,-1.3536624785850213,0.5011529140835008,-0.5405007668832295,0.003393609658166703,1.3536938929127724,0.4311909207540714,0.621302497624321,-0.07400497795798718,-0.43532543939255214,0.040106626302740464,-0.12499724598131336,0.39001635259777356,-0.15912158422019373,-0.11582283015626495,-0.3581229910595009,-0.007995421736363513,-0.2305836056986188,0.37603789698019763,-0.19832793587760716,-0.014127907030394987
0.045691961610764234,0.11979561899417325,0.6769013256929692,0.08402036823216674,0.003482466544806764,-0.9768957547158447,0.19647680414505922,0.00045057693534864744,0.037429415411707294,-0.014373767300849409,-1.3548093027961365,0.49995564623684247,-0.5404988268722656,0.0012429460325131608,1.3539355256762213,0.433551949421477,0.6209822533095899,-0.07538621622111048,-0.4331374643569314,0.04160110616538601,-0.11366556192368345,0.39422201768440873,-0.16351758172014624,-0.1112853532142209,-0.36012962706896434,-0.007271789999679232,-0.2190768173443636,0.37848072633789237,-0.19822726285783535,-0.013106255247891111
0.045605353565987626,0.11879048957868503,0.6767998180627144,0.08374943827602882,0.0027661548107456376,-0.9779498310099679,0.19129168304865776,0.00011893870671344673,0.03734222321097252,-0.013020571118967456,-1.3559765505990111,0.49829979431777427,-0.5404310571439699,-0.0008324175196644323,1.3543137707939914,0.43582926818439055,0.6203377903354688,-0.07688367408079885,-0.42977717610791544,0.043413865991267404,-0.10180183463043417,0.3970074804116338,-0.1686732469251978,-0.10834681574177357,-0.36202744027368894,-0.006489828740440387,-0.20735295878793905,0.3810475320210672,-0.1981796781469123,-0.012079488985737746
0.04553932451023263,0.11776003286063899,0.6767460285895615,0.08337723477309777,0.0020371426630610614,-0.9789875040371411,0.18608480247051654,-0.00019419363382803582,0.03727027373037709,-0.011748206442697232,-1.357247858547831,0.49623916116458633,-0.5401622982029618,-0.0026134757966153354,1.3547125391292394,0.43783849517241297,0.6194776215183221,-0.078126832079674,-0.4255021700825431,0.04521641437768545,-0.08994954086310018,0.39854647807890203,-0.17366416214291994,-0.10647714554620327,-0.36359196772423974,-0.005793202496543201,-0.19578646094169105,0.3835714095804339,-0.19819954042987992,-0.011046993562363328
0.04539289311705188,0.1166819070716358,0.6767448743846607,0.08287574285380744,0.00131146158515746,-0.9800042410617791,0.1808910689223414,-0.00048373795767581325,0.03722312709031457,-0.010402545546261025,-1.3585192678590885,0.4938330712901288,-0.5397467414536643,-0.003806826300498935,1.3551783060834142,0.43936086765101123,0.6185051041467553,-0.07871419321458524,-0.42053573961635077,0.04676149581559838,-0.07868782866090325,0.399084663103266,-0.17759115034730472,-0.10513362061112419,-0.36449745008206863,-0.00525698725983654,-0.18478228541836372,0.385859897633823,-0.19829354255187104,-0.010005698195805072
0.045193740249476554,0.11556393962899748,0.6767391118926097,0.0822255428251304,0.000588901723086673,-0.9810021758107258,0.17570812262526647,-0.0007477481979852438,0.03721171583753721,-0.0089670547253454,-1.3598013480936866,0.49066851529188643,-0.5391400418949404,-0.004470955322390781,1.3557283447176331,0.44033247926012103,0.6172148059976209,-0.07853580972109035,-0.41470999367137235,0.04802475508452962,-0.06808570669944317,0.39828737684841153,-0.18008673889142846,-0.10454565959236291,-0.3646773089674613,-0.004930334355050353,-0.1744109640665917,0.3879522813777243,-0.1985811853442853,-0.008895230134003233
0.0449110135558594,0.11448007062217573,0.6767066579930591,0.08143307381743291,-0.00011355156585200567,-0.981986689629254,0.17050156300065394,-0.0009862327855924705,0.03724154116353141,-0.007360789713289261,-1.3609583131067693,0.4867998875596008,-0.5385244975207031,-0.004754368583595517,1.356521236201589,0.44089164468338354,0.6155068378551348,-0.07776297193761672,-0.4080080423297588,0.049189448466378086,-0.05787850784804795,0.39627934606899445,-0.18172353750276124,-0.10484431409326905,-0.3642481223545155,-0.004675234322468828,-0.16448659676389707,0.38992212631352446,-0.19903969738273158,-0.007719979492143488
0.04460451090380966,0.11338760429548406,0.6766444270896257,0.08057192408511343,-0.0007863729443784476,-0.9829474927665434,0.1652929917775756,-0.0011970607542390883,0.03729622690356556,-0.005881814216836849,-1.3620329963124649,0.4831213573464276,-0.5376797887840739,-0.004830471804341908,1.3574798187986516,0.4412135819012541,0.6135574713139264,-0.07646509976961367,-0.4010992587707879,0.050152470741539806,-0.04814142980879177,0.39396411922392327,-0.18309337107105167,-0.10537953550213865,-0.363566814769978,-0.0045260283626983215,-0.1550205672943384,0.3919566352805728,-0.19967982788053096,-0.006615555778713552
0.04444234362116617,0.11231568947179668,0.6765780253937601,0.07972192720131911,-0.0013998127034992318,-0.9838735726384147,0.16011011183377957,-0.0013742880013405156,0.03733420591974421,-0.005049667209770349,-1.362905077929255,0.4806447438715067,-0.5362582084659473,-0.0050652668783172285,1.3586594481389502,0.44145141686027733,0.6112918967261185,-0.07473990321810653,-0.39474946814248185,0.05090541233022529,-0.03896281241249282,0.39224604983061956,-0.18476397741695996,-0.1054743097433254,-0.363027565108823,-0.0044318948800004835,-0.14602312668655007,0.39412224908882443,-0.20042804056062682,-0.005701901991382411
0.044235220374776535,0.11120344398270515,0.6765127838501431,0.07883034133813709,-0.001961190454396878,-0.9847661009811826,0.15497631230234638,-0.0015127943342341016,0.03734209651536812,-0.004459566324633652,-1.3634325219870116,0.47952827815921656,-0.5345699176374787,-0.004844392517515574,1.3600446033792435,0.44126007343064466,0.6092035471129191,-0.07253763449070076,-0.38877738922349875,0.05139863001393151,-0.03040945266195335,0.39119607869519574,-0.18681367040344518,-0.10500930970103493,-0.3624922362792146,-0.004457543538638173,-0.13755830498842325,0.39662337792550706,-0.20137835313713967,-0.005111293525662652
0.04398420865584132,0.1100523914734413,0.6764510306245434,0.0778989805674487,-0.0024787291268415007,-0.9856260014031164,0.1498899265680411,-0.0016090462579362314,0.03731347783359671,-0.004168029597076462,-1.3636355991692504,0.4793767996775304,-0.5325948417711873,-0.004239865140673719,1.361592772637218,0.4406421617333948,0.6071670061510266,-0.06987666628509276,-0.38294750237116143,0.05167596893613349,-0.02242915347495061,0.3903785464951921,-0.18896089474758596,-0.10431921186450062,-0.361881023307822,-0.004606239593945891,-0.12959673730429216,0.3993567173483376,-0.20251596308445358,-0.00475213716783745
0.04370581292116045,0.10894104950240877,0.6763839822030598,0.07699448399157466,-0.0029231085411014815,-0.9864494148528894,0.14484770211405146,-0.0016620343574526822,0.03723952501198983,-0.004247268382449163,-1.3634258093731724,0.4801201519830066,-0.5305649510840499,-0.003559645036169205,1.3633370459364238,0.44002654409527014,0.6050972866861198,-0.06692606565781731,-0.37758136761625855,0.05191788273587313,-0.01494200923380657,0.39009902246218225,-0.19130377404216473,-0.10338731820167733,-0.361219692557869,-0.004684277032382497,-0.1220415083202419,0.40193330117451614,-0.20361012734272996,-0.00440451259880785
0.04351154775585628,0.10784878850376821,0.6763079436646745,0.07620158444278202,-0.003287456387855676,-0.9872304677751048,0.13985175957225515,-0.0016773679708286266,0.03710724970451157,-0.004847565106685763,-1.362937336341454,0.481691650452849,-0.5285665850288827,-0.0031474547684568507,1.3650925345234886,0.4398839267949955,0.6029878833179328,-0.06387814496671036,-0.373051609219974,0.052194507289277374,-0.00785637275326102,0.3906314648556488,-0.19393674580723022,-0.10223929746513255,-0.3606346536677036,-0.00462422669858483,-0.11478186882174292,0.4040030366503288,-0.20444012020230587,-0.0038738306423836345
0.043215918262846126,0.10678962593009472,0.6762140777852784,0.0755199872204571,-0.0035554503695401033,-0.9879755609066453,0.1348643071909391,-0.001663717673755926,0.0369169827526788,-0.005583270395370682,-1.36195106143281,0.4841151771816635,-0.5271053529993301,-0.0027559475241573706,1.366922213983804,0.44026950788231806,0.6011283972223675,-0.060679700298942686,-0.3694192031828448,0.05259924507409638,-0.0012669793495225007,0.3922829862154847,-0.19702372405109514,-0.10077889045702412,-0.3599889697702132,-0.0043359218218477925,-0.10783996211175613,0.40547905426052266,-0.2049417781335668,-0.0030752742024860967
0.04302079601536788,0.10574056891166882,0.6761032989146513,0.07495402275561591,-0.003749739644329575,-0.9886832871438505,0.12989685003025103,-0.0016232261753768582,0.03665286258186673,-0.006918511735851889,-1.360656556625516,0.4874830087298953,-0.5255812458548191,-0.0026822100141226115,1.3686768412404924,0.44108070454817333,0.5992015312879078,-0.057263087996706284,-0.36669262136214137,0.053024734364837456,0.004823700595022009,0.39483064782386684,-0.2004915278828501,-0.09905340014914271,-0.3594760838427692,-0.003961537975725988,-0.10124754043661326,0.40655580310297723,-0.20523686300177044,-0.00213409498390869
0.04290351467606448,0.10472403690103423,0.6759674266251695,0.07446477539987098,-0.0038839929148506017,-0.9893480197383532,0.1250216287827171,-0.0015529789595257772,0.036324067037537634,-0.008599680334493076,-1.3590683270297843,0.4914879267585704,-0.524174740332377,-0.0026110422011960495,1.3703435727679665,0.44214535474312494,0.5973662834194977,-0.05379522448608624,-0.3645637424902174,0.05347837631213226,0.010617190060860445,0.3978808610221077,-0.2040916887429516,-0.09719652169343888,-0.3590482830790021,-0.0035285968400454613,-0.0949308508718294,0.40736497552364237,-0.20542578488127838,-0.0011251394713916738
0.042805052354084404,0.10363077700616409,0.6758508891168309,0.07401807151391196,-0.004002104733799081,-0.9899645764123784,0.12031394638910915,-0.0014516869231551758,0.03595694019501711,-0.010392962991140085,-1.3574667963786802,0.4958099671950935,-0.5229681224305842,-0.0022357807423748276,1.3716839309247952,0.44332747018738466,0.5958836262413184,-0.05044526266195046,-0.3626270471369261,0.05381363863633689,0.016337687994224897,0.4009262674981503,-0.20749505128797616,-0.09538355345292357,-0.3586127950592966,-0.00320486843518983,-0.08880724353534479,0.40800186987776976,-0.20555077614522155,-0.00016302845468148226
0.04261893333852975,0.10254625770411674,0.6757438510902297,0.07362102453743945,-0.004099370527082234,-0.9905335206880196,0.1157863735537845,-0.0013174840462164322,0.035562613452331644,-0.012216273769617021,-1.3556734577911207,0.5005674310666852,-0.5221766068459777,-0.0015175968739254368,1.3728326879012112,0.4446155952398046,0.5947934442168135,-0.047144970237046335,-0.3609642283234158,0.05405509183962888,0.02195424886778062,0.404095630491002,-0.21063324469086572,-0.09352644500959822,-0.35811987601704187,-0.002962827408509725,-0.08294733372104224,0.40844833203680175,-0.20561164998953446,0.0007725132826172761
0.0424672303381257,0.10148800746115362,0.6756246394600234,0.07330419192325452,-0.004180004234280777,-0.9910577463930123,0.11141618520432331,-0.0011509543521325868,0.03513466013783854,-0.014408136516529765,-1.3538040029543736,0.5059093962243452,-0.5214630944834013,-0.0007702785942898641,1.373733038614527,0.4461115510287716,0.5938641445754009,-0.043871633322135964,-0.3597882524356075,0.05420842562428193,0.02739299814020689,0.407567702286789,-0.21368594374471903,-0.09157865498889632,-0.3577347143630722,-0.002799318962978028,-0.07735379571330597,0.4087345280487702,-0.205625166865085,0.0017221560954201328
0.04225568885499574,0.10039856022372837,0.6754819191188609,0.07299860338492412,-0.0042529615272883575,-0.991544764781046,0.10720119242526345,-0.0009550837984016815,0.03470133372536357,-0.016646569399839235,-1.3519560525293062,0.5114517001008352,-0.520956030652068,0.00028999949031667337,1.3743282513170108,0.44767723474736887,0.5931584015487862,-0.04079850600171918,-0.35860568711010166,0.054336263968854596,0.032783483344404896,0.41096390110647335,-0.21667829539414904,-0.0896982241203638,-0.3572775119058126,-0.0026678116645397045,-0.07186348133626429,0.4089217076148916,-0.20562690612076387,0.0026546796096422846
0.04206352272869947,0.09930892394873655,0.6753405688417771,0.07267160570750447,-0.004316235253983756,-0.9919988643489664,0.10314291525590329,-0.0007312342048669091,0.03429691829715651,-0.019002265103121876,-1.3501785963344468,0.516873243562538,-0.5204837167663443,0.0014534290753146404,1.3747532725749432,0.4492816552943694,0.5922446259136185,-0.03809875676057841,-0.35699813585695633,0.05454146218325163,0.038264835406427736,0.4136955816463927,-0.21956235870813598,-0.08804073316250342,-0.35669153266361503,-0.0024657733737856193,-0.06631830005033784,0.40894637502294806,-0.2055777433871054,0.0035579274945818666
0.041788590273875936,0.09833712026429632,0.6752153382968172,0.07229455126809906,-0.0043338220192693155,-0.9924220250287913,0.09926348815855227,-0.0004792679485488301,0.0339655077904498,-0.021304470431783563,-1.348291827151711,0.5222396607714888,-0.5202306133684034,0.002825944797358486,1.375234756293097,0.451029162506249,0.5910869380229182,-0.03574733097800817,-0.35496222576245434,0.05498766348347084,0.04375634915135317,0.41591797300368927,-0.22237908258270198,-0.0866815830427283,-0.3557879462973802,-0.0020232538843960126,-0.06078784048442186,0.4086662992543903,-0.20539889321014668,0.004382381884441963
0.041473340146391015,0.09734904976845989,0.675077886250065,0.07189595529476174,-0.004337262672270702,-0.9928146689275389,0.09555727563648563,-0.00020451362744829227,0.03372116763437137,-0.02371221567327668,-1.3465939066931625,0.5276835231965655,-0.5199618378008503,0.004326367577356207,1.3754846377001702,0.4529601100305775,0.5898301562917981,-0.033683391080439815,-0.3527582690410463,0.055475372855058984,0.049232542946737026,0.41795098053837065,-0.22516375045182319,-0.08556844583226536,-0.35470605384763254,-0.0015387949660440367,-0.05530999394737263,0.4082136328232992,-0.20517278521435986,0.005120583491870895
0.04123109408008066,0.09631635440922492,0.6749596684036375,0.07147582467712732,-0.004366942001753753,-0.9931839533867828,0.09196614072189453,8.638865893144813e-05,0.033547607314675515,-0.02626307025255083,-1.3451920666744444,0.5328724858403715,-0.5196296105551811,0.005752493236466635,1.3755715136011355,0.45479815868622986,0.5881944274575075,-0.031987796289933194,-0.35001839406596313,0.055893055113260114,0.054905953766688505,0.4190878485303782,-0.22769276581545597,-0.08453909048023944,-0.353560340224985,-0.0011137951534647638,-0.04969760457574355,0.4076517343774957,-0.20490024140469784,0.005930375710776592
0.04095403461651985,0.09527934953365588,0.674872408954216,0.07100171126812672,-0.0044492296547240864,-0.9935375582819352,0.08844253295585505,0.0003853517037529904,0.03343014412024554,-0.028444162819494224,-1.3439487778367831,0.5374181122355745,-0.519777661586573,0.007395346986545262,1.3755939967808506,0.45610589991868616,0.5863102984523264,-0.030761500633132426,-0.34629566682152757,0.05621956553535376,0.06098620815123205,0.41884097410941207,-0.22977732723429484,-0.08339280384649725,-0.35227220536467535,-0.0007506477639266209,-0.04376246522297479,0.40706411640106227,-0.20460649315352725,0.006997562992608616
0.04060258362095983,0.09426376676897087,0.6748128692681387,0.0704582250364405,-0.004628842719183033,-0.9938788592914144,0.08496484798663802,0.0006871429227264664,0.03334424071277517,-0.030329099754144034,-1.3430851522032514,0.541225624425931,-0.5202619104244248,0.009213799924467254,1.3755449815384018,0.45689279039075015,0.5840004193785974,-0.03005715082479122,-0.3414304904581915,0.0563803995142703,0.06759575344970827,0.41709119946631185,-0.231396393415572,-0.08196504897415426,-0.35077116389635143,-0.000509495532955363,-0.03737555102195666,0.40639696813878146,-0.2042586521778399,0.008464618676619531
0.040230389291152614,0.09321866118661652,0.6747645816558533,0.06988329111592302,-0.004859746809776586,-0.9941958858134646,0.08165322476995489,0.0009970088043862809,0.03328555084161323,-0.032113227592085083,-1.3424830023326837,0.5447715889364462,-0.5209754742694326,0.011306069083841732,1.3752752892420745,0.45705390944082164,0.5815141785627206,-0.030007859487862637,-0.3357699867847755,0.05641947905738931,0.07459331636966028,0.41419733105797674,-0.23267682606285475,-0.08040532383553842,-0.34915149344499485,-0.0003404569892365456,-0.030667738489210093,0.4056276400745118,-0.20386392489240057,0.010199652928252433
0.03990806175620195,0.0921317356525482,0.6747326640367354,0.06925028613088051,-0.005152697063841822,-0.9945101921491687,0.0782772335687943,0.0012941764743018005,0.033248675555675296,-0.03369587329227985,-1.3423272702767197,0.5473278375608387,-0.5217916222298884,0.013169840124966513,1.3749392012689918,0.45724784875755836,0.5785338421908581,-0.030013440049694137,-0.329233600268965,0.05623224393205699,0.08187027286089521,0.40996268714311057,-0.23350522736139392,-0.0789631914538277,-0.3475282802705133,-0.00032363457741382693,-0.023779602266594826,0.4050741638610318,-0.20359597526656567,0.011988377067206287
0.039511714931291284,0.09106401891789143,0.6747317076399597,0.06853974523848883,-0.0054540762521231145,-0.9948165928370833,0.07491664028035899,0.0015803492307396984,0.033253825842480426,-0.03480901060305702,-1.342315890518266,0.5490501304742734,-0.5230802667113617,0.015217400783083524,1.3746453004957961,0.4571502032970236,0.575553589316706,-0.0301027086321835,-0.32186040820082423,0.055956671023430625,0.08926219559696559,0.40455571578924615,-0.23383149329267805,-0.07786450633229076,-0.3458621496867915,-0.0003082911391738385,-0.016896148085303594,0.40489761132362423,-0.20353432880250444,0.013635016008742859
0.039088933680650056,0.08996488232541891,0.674751789144928,0.06774766019618925,-0.005752041622872458,-0.9951111879539841,0.0716302461528787,0.0018549576134497124,0.03331784212104047,-0.035466623364572514,-1.342421683009912,0.5499467816356638,-0.5249018769644833,0.01742961577230363,1.3743193784561112,0.45668373867208883,0.5725560697042718,-0.030445485573086312,-0.3135720259701016,0.05559975253692587,0.09684517158878604,0.3978266928770626,-0.2336597230353851,-0.07727325639129955,-0.344222442261602,-0.0002839315526159382,-0.01000772753795027,0.40522933351874896,-0.20376541302134815,0.015007589197530157
0.03860658839780039,0.0888788218870688,0.6748237054437409,0.06687418743520698,-0.006077463042820911,-0.9954051681937995,0.06826022729905819,0.002101887872730371,0.033451642695887365,-0.03548682402025081,-1.3426617645634653,0.5495731927792038,-0.5273465198362576,0.019575437123507573,1.374030322408956,0.4562473049897351,0.5692420579902588,-0.030756480425759243,-0.30429689745009997,0.0550975578947714,0.10466842513803884,0.38969661351038576,-0.23293282940360485,-0.07699392768162777,-0.3425073208249369,-0.00028876017089168155,-0.0030354151118654658,0.40589426246890137,-0.20418386776494535,0.01624903400527917
0.03814633941517415,0.08777687425752982,0.674907122289345,0.06597414036215281,-0.0064056206056201295,-0.9956912622957986,0.06484821521007404,0.0023199208200715177,0.033647233383053456,-0.03517049513090885,-1.3430385605033082,0.5484488412638902,-0.5301234060279467,0.02156210918704383,1.3737657225412034,0.4556831042430798,0.5657500754340589,-0.031008164895256724,-0.29445850257327416,0.0544210565287615,0.11250944469473216,0.38055549431789387,-0.23175145895704236,-0.07684383154255352,-0.340840821222646,-0.00032621966193046605,0.003932474820273105,0.4067803352446791,-0.20474043502504255,0.017500816207581316
0.03773194241267179,0.08670417581630836,0.67499896154145,0.06507474031861729,-0.006691835409532572,-0.9959707216503895,0.061341822001957855,0.002501942338479272,0.03388720553976561,-0.03451534716490847,-1.343345029589276,0.5467645619959268,-0.5332226833572662,0.023180453723621732,1.3738260669245101,0.45504806191559666,0.5619996789124021,-0.030974027816869025,-0.28432889667638833,0.05363467891244099,0.12014277334829492,0.37065009417682304,-0.2301354803913771,-0.07661578144951744,-0.33922172166526054,-0.00031400160662083874,0.0107939311932961,0.4077105655960661,-0.20533380240831792,0.018930598649232404
0.03722605374273057,0.08562281427007125,0.6750989240215384,0.06415325601911685,-0.006979106387306821,-0.9962432039237779,0.05775058832485918,0.0026436986379723172,0.03417653858700997,-0.03323890861478776,-1.343682045122292,0.544293084895649,-0.5369409076489882,0.024819379361438024,1.37400962597203,0.4542136034463215,0.5582931269930633,-0.030752301228393262,-0.2735141114998947,0.052587307353676796,0.12762043661108818,0.35954895705597606,-0.2278665440810406,-0.07622032273134832,-0.33753846232528495,-0.0003516721617233466,0.01764826222708354,0.4087362664393914,-0.20599652604224278,0.020671741366882074
0.03679654503029597,0.08451275922002847,0.6751743630011336,0.06327913101353995,-0.007282904378112608,-0.99649428361313,0.05423885699705079,0.0026863554218365363,0.034342140284488655,-0.03219558369959731,-1.3442474831944744,0.5418145930828002,-0.5402480151957422,0.02647034829769181,1.373962922042781,0.4530746504464732,0.5551673006033223,-0.030448669944614024,-0.26330875810057625,0.0513168551611699,0.1343639476841643,0.3491029795988856,-0.22584252606452415,-0.07586070919318003,-0.33602192651780677,-0.0006019711030492923,0.0239548803199253,0.4099035076383998,-0.2067436721393316,0.022348882949704385
0.036305086384310264,0.08340155177858988,0.6753019625768898,0.0623919184460098,-0.00758683041584966,-0.9967384679518393,0.0506173391427168,0.0027211665709375565,0.03455115102411135,-0.03060310862073909,-1.344794819558512,0.5387487336676008,-0.5442301360232559,0.028248289838275802,1.3739572827316353,0.4517454906382617,0.5520165934941559,-0.02997039406881128,-0.25215311272587454,0.049857955376302755,0.14148450866582477,0.3369447975897769,-0.22299643074740214,-0.07551682793588617,-0.3345143525561132,-0.0007855186724304062,0.030594657816947236,0.4111470819565265,-0.2075501049835107,0.02422901805894218
0.035865689182325994,0.08228353385893912,0.6754173436248897,0.06154565532121055,-0.007765509739297517,-0.9969717515009761,0.04689515837108025,0.0027459768277039646,0.03478026322883684,-0.029071151374425726,-1.3452286414179893,0.5357400271519938,-0.5480577674163508,0.029454111387791065,1.3744531338708228,0.4504716078323269,0.5488196880574193,-0.028942133456034875,-0.24155339729922143,0.04855510671590641,0.14827884660504276,0.3253228066158635,-0.22022651249717973,-0.07539378955710375,-0.3330827763686444,-0.000770027300085574,0.0368952722152227,0.4122451395138165,-0.2082599867877153,0.025928887035250387
0.035436619442238956,0.08124199735364701,0.6755423057807259,0.060728347998127256,-0.007862860128443644,-0.997192583453252,0.0430951817010793,0.0028247623358636526,0.035234620710470385,-0.027299588496723617,-1.345351320875875,0.5327548461268651,-0.5524713478673199,0.030560059541967274,1.3753294411132906,0.4488852178353361,0.5455554439568986,-0.02760020404471891,-0.2303077724963653,0.047278485647754546,0.1553505380787334,0.3121820672965512,-0.21664435652390615,-0.07567245710153585,-0.33176518574167163,-0.0004678508510042682,0.04331538665437321,0.4133173975234518,-0.20895444741063912,0.027535515559381767
0.035002036236203425,0.0802031457035025,0.6756633781229969,0.06000357449507991,-0.00790212702073636,-0.9973887765012556,0.03940502437115263,0.0028879934223954296,0.03561820500713716,-0.025921414703014033,-1.3454695488285802,0.5307289318003937,-0.5562176515349418,0.032082796440932294,1.375926890239931,0.4469596132752439,0.5437846837044363,-0.025941971149824272,-0.22069583437407872,0.046142388082721295,0.16148074389150108,0.3013702744096936,-0.2140641466427484,-0.0762617799497716,-0.33059721346272275,-0.0002131189483263056,0.04889845980701824,0.4143198158053581,-0.20956250136309013,0.02868299148555601
0.03465215397221047,0.07916072361275865,0.6757791318908363,0.05933972329725436,-0.007814087730811117,-0.997563996538637,0.03583029558632912,0.002948508849196028,0.03591482690058851,-0.02521572587347861,-1.3456308492161977,0.5294130990495549,-0.5590981019644523,0.03316950000780722,1.3769943510244562,0.44466961764935103,0.5420157689858843,-0.024098961979120082,-0.21224951548055976,0.04527712352513363,0.16711184630793802,0.2920936862914001,-0.21201731429671195,-0.0768505289235818,-0.32949579705777576,0.0002093079923058912,0.05403258673941756,0.4150469183678915,-0.20997637246217177,0.029710470683812655
0.03443247956311311,0.07822873621788308,0.6758848244621029,0.058874549522227544,-0.007685356395690517,-0.9977119184834146,0.032336518547479265,0.003017016597675098,0.03614844866391277,-0.025029939523890984,-1.3456848491322602,0.5288054187944187,-0.5614215155878304,0.03430441886321454,1.377932049472947,0.44251845755601515,0.5410473381401439,-0.02186975370932205,-0.2058354502939173,0.04461995532228681,0.17212131825810872,0.28530522785643153,-0.2108270760767752,-0.07709518028179405,-0.3287816625494316,0.0006272478422387007,0.058666759168278224,0.4154856590534191,-0.21016074144819116,0.030762682319361283
0.0341913957869893,0.07729093204440901,0.6760198225229168,0.058586517975821005,-0.007488170826828041,-0.99783210153774,0.02902833701601389,0.0031123641507754367,0.036328360376354174,-0.025403871567362287,-1.3459041644613863,0.5292451311515827,-0.563023552349459,0.035798388393205184,1.3786506301420682,0.44014982134151165,0.541386610297611,-0.019501672785923567,-0.20187518528727308,0.04429813346752563,0.17651016390985197,0.28206569213754185,-0.21087259519532586,-0.07696603161834564,-0.32825650813275464,0.0010403091457960245,0.06283048216426862,0.4154365374129535,-0.20992272933900116,0.031869758039817966
0.03398285317501,0.0763464171833825,0.6761595048886694,0.05842844264421472,-0.007171205830357722,-0.9979281403435825,0.025963774908719654,0.0032486941422729915,0.036433707023140936,-0.026654702076240756,-1.3462287325929057,0.5309429010978967,-0.5636345327291412,0.037229115256750656,1.3795957946715887,0.43733916613575685,0.5423319551399515,-0.017153318957293752,-0.1999137675620248,0.0443920077613051,0.18033334757849465,0.2816785801471492,-0.21195988958202036,-0.07661859730745561,-0.32785899043607786,0.0015748366715099486,0.06652421181837417,0.41493750317155575,-0.20932589769838908,0.032966334187148
0.03384946096068227,0.07544158980793475,0.6762962210243906,0.058371225740273085,-0.0067929925607629095,-0.9980073301998805,0.022978775532112885,0.0034148029826292794,0.03648528974833808,-0.028352340390707505,-1.346535257927703,0.5331094894569046,-0.5635436966541941,0.038488161455626724,1.3806876579637086,0.43454038212204965,0.5434892936693156,-0.014381107052437295,-0.19918939892539256,0.04465416521035529,0.1835305874590324,0.2827719583046558,-0.21351701523495042,-0.07602150723248918,-0.32759609092455677,0.0020942229345315895,0.06964910644080578,0.41424442138807926,-0.20861927309765507,0.03398844138935771
0.033769411746695226,0.07455348636133624,0.6764390261280959,0.058345756380161005,-0.00640624855971978,-0.9980736073957706,0.02009494741999454,0.003609604682593465,0.03653492607783004,-0.030213067574665856,-1.3469236500717232,0.535412378008786,-0.5628363201066955,0.03992416567713509,1.3817528042864249,0.43166194718860657,0.544897842996828,-0.011101527508542989,-0.19876175895810724,0.044792242617540425,0.1860108931099057,0.2838570569293222,-0.21490256382975148,-0.07516724635912948,-0.32731565811773955,0.002427358719283927,0.07208376844352983,0.4135370309350435,-0.2080036970810824,0.034848734469889814
0.033658290323893905,0.07364010349744052,0.6765777476597633,0.058346592024483425,-0.006026191899254064,-0.9981284413671707,0.017290886161948984,0.0038295234194399117,0.036637478528349754,-0.03203119553268145,-1.3474199621612097,0.5377085225563292,-0.5615863955373189,0.041722861137119115,1.3826629210579908,0.4285971481646789,0.5468004604884068,-0.007081202186417611,-0.19849300421362182,0.044680163552535276,0.18759589345196664,0.2846746956008716,-0.2159263134573311,-0.07391934069816414,-0.32697961620560045,0.0024679136738918455,0.07364906194031012,0.4129213153353611,-0.20755804231314387,0.03546091411581892
0.03355529767109298,0.07280392381613351,0.6766846118956169,0.058411207038231966,-0.005626338161765503,-0.9981704758450406,0.014566274833079748,0.004077433958345186,0.03681217267694767,-0.03397799364193671,-1.3478538493760326,0.540182361509156,-0.5598372284669777,0.043711373835472266,1.3835731251490746,0.42540460544552566,0.5491310439823073,-0.0024267925747858358,-0.19885039407553717,0.044534341101749315,0.18838313713825044,0.28595491238995063,-0.21693302550036367,-0.07230101748217342,-0.3267280567529827,0.0023686173422639094,0.07445288927617462,0.412373185388121,-0.2072273719475712,0.03591651241778611
0.03346083592652216,0.07204282718996254,0.6767594212288536,0.05845145921994373,-0.005169326825286228,-0.9982038891815082,0.012070650278477089,0.004365335757668734,0.037049479628406136,-0.0362746991307187,-1.3483914581084622,0.5432728405881522,-0.5574150248010143,0.04587119283814264,1.384710011434115,0.4219325117881266,0.5515462882394737,0.0022166879097382016,-0.1995775529831296,0.044538174764940215,0.188682186331797,0.2877947098924099,-0.21812245556726167,-0.07059971871070866,-0.3263138132689243,0.0023130541865706033,0.0747865691663005,0.4117156776903998,-0.20692794649669513,0.036326325831201295
0.03338921047548767,0.07123504445241781,0.6768224992166049,0.058453852678163595,-0.004701769307763345,-0.9982317228002143,0.009719468492334246,0.004681352939930728,0.037346030639148264,-0.038663413467659814,-1.3491601219552443,0.5466350855276155,-0.5546135212829392,0.04821558946153491,1.3857772135872999,0.4186774447752432,0.5540138289649769,0.006670915566194547,-0.20056962363161185,0.04461046764677424,0.18881762681202738,0.29028506000107357,-0.21964314207783447,-0.06913767073339579,-0.325722764520672,0.0022253097757210702,0.07499317627870963,0.41090756246085147,-0.20662862395924797,0.03678288468152187
0.03332725711225681,0.07044449441955998,0.676849058291854,0.05840827098250779,-0.00419283766389921,-0.9982551753867884,0.007582796756588236,0.005031756495000616,0.03770651587350911,-0.04115463330383005,-1.3499711781450467,0.5504905756576072,-0.5514268426659836,0.05098694398807028,1.3868986223159123,0.4153731265942298,0.5566792274720892,0.010868805070927485,-0.20193157493288255,0.04487775372354885,0.18868820689340754,0.2936579026111399,-0.22165247607379124,-0.06799331542279079,-0.32481810701928726,0.002193366332642743,0.07498295742569785,0.4097763587420479,-0.20630096873551804,0.03730030720772581
0.03323006136701215,0.06969917020600021,0.6768621018254977,0.058327691159999875,-0.003645738168626835,-0.9982748924205653,0.0056416486827529835,0.005416878038206292,0.03813930923246696,-0.0436734537897706,-1.3508179481773581,0.5547950068806564,-0.5479004069724269,0.05420238980827725,1.3880729078829224,0.4119602769880076,0.5596500239321717,0.014975173071857273,-0.20369083562368961,0.04531397861659532,0.18819079221660323,0.29786512834406315,-0.22403164129028957,-0.06699966887577248,-0.3236331404570585,0.002193418114602504,0.07465030854992218,0.40838821475516035,-0.20593839015628834,0.03783853144092681
0.033106831850894476,0.06903495327132901,0.6768684634722418,0.05821955591070007,-0.003103396059224583,-0.9982916824927914,0.0038169239150977535,0.005827558646657961,0.038639322170614554,-0.04607172588677534,-1.3516541544032574,0.5592550969199213,-0.5444950299759005,0.057619769321084535,1.389227710209649,0.4088001969144764,0.5627135442956659,0.01889250633365411,-0.20535433080525411,0.0457959754461856,0.187649646702578,0.302030020031901,-0.22641898490840873,-0.06604476526055568,-0.3223671063999878,0.0022246724234833877,0.07426460171209828,0.4070287845025055,-0.20562274747438725,0.03844769854201455
0.03298654888445068,0.06835293765407856,0.6768467589960268,0.05806859230905477,-0.002609220399510723,-0.9983069336411198,0.002120566013521558,0.006253912416954674,0.039183513412634,-0.04838636976693228,-1.3526712917542005,0.5638265757394888,-0.5413686904470759,0.06101799248697139,1.3902720660151138,0.4060561260738298,0.5656385933992232,0.022336006771047422,-0.20641176449583032,0.04613145803788335,0.18738424991751199,0.3053238403927376,-0.22849397855659148,-0.06506833528843999,-0.3212297661231424,0.0022172194834634185,0.07409453177194886,0.4060575001696414,-0.20547117846427845,0.03913890153664025
0.032863643364788316,0.06763314804388232,0.6768045543205201,0.057875378857337074,-0.002174289217356099,-0.9983213145179622,0.0005157205135889558,0.006682591213798916,0.03976362448105516,-0.05045651020235636,-1.3537898107545792,0.5683871855053712,-0.5387364215717474,0.06433113890434382,1.3912317827213383,0.40388122871614546,0.5683288616203597,0.025271797069723285,-0.20665697532873328,0.046257402534090844,0.18752447152310037,0.3074253320240447,-0.2301275205855686,-0.06398806705994482,-0.3202425441698083,0.002156284580403231,0.07423935009571171,0.40552481914011373,-0.2054926244850533,0.03999384559276647
0.03279654049122443,0.06701154782383655,0.6767673370211809,0.05768164698250579,-0.0017917817364808911,-0.9983328377682213,-0.001078032117382485,0.0071026187999748275,0.04038817025055681,-0.052146606048540343,-1.3546915496157321,0.5727401064954244,-0.5367891551905761,0.06757357472670356,1.3920851890242478,0.40238527266839025,0.5708717203281416,0.02800781462837537,-0.20647140944354495,0.04628016146526864,0.18791612026870724,0.3087518194399062,-0.23146343765994645,-0.06282925714317364,-0.3194386220862441,0.0020919708827535637,0.07457008812399518,0.405273883297921,-0.205633169634469,0.0410082615203446
0.03266288665052914,0.06633023321664276,0.6766968993474043,0.05742289367707407,-0.0014394576137790197,-0.9983459344669693,-0.0024360576357583866,0.007524613116614823,0.04103881485104476,-0.05374472568882475,-1.3558640681652703,0.5774368579450253,-0.5350369586092013,0.0710914118070623,1.392820236348889,0.40091683996660343,0.5735196904267905,0.030227239722026313,-0.2058336273932464,0.0461884844636034,0.18838143073489458,0.3095779482836122,-0.23260781831501498,-0.06177908112748887,-0.3186167981870122,0.001973206354114822,0.07494625693200968,0.40534379050296643,-0.20594622463489973,0.04196834379921552
0.032422536038892856,0.06562677210990278,0.6766279098663868,0.057146434351439485,-0.0011155811138534764,-0.9983579587193665,-0.0037982603117698,0.007925501511434278,0.04169945111165728,-0.05490075119475683,-1.3569852211771387,0.5817179075200479,-0.5339528480435184,0.07445810423362956,1.3935251274703935,0.40004451984317946,0.5759434915614098,0.032536970489311645,-0.20496654280492443,0.04599994622808087,0.18879980284073178,0.3100840062431996,-0.23358376221571425,-0.06094519118124929,-0.317847386806848,0.0017861778136567886,0.0752733154298111,0.40570950237496733,-0.20641103007161177,0.0427305207165765
0.0323747234980507,0.06505953942450157,0.676573106456954,0.05691457388968669,-0.0008017703650339491,-0.9983654079210934,-0.005157587593755606,0.00830484301373787,0.042336250502442184,-0.05617053075234059,-1.357880603376476,0.5857724843683055,-0.5332960182489773,0.07707560061430413,1.3944255228042894,0.3999202029441349,0.5776000003248981,0.034933768786444074,-0.20421570386312812,0.04586448677538051,0.18918304841513353,0.3102970391272655,-0.2344080193712792,-0.06042361491491174,-0.3174538487329444,0.0016721376306489876,0.07554869443441345,0.40635073327257276,-0.20701390930791538,0.04322735783068364
0.032334986253712276,0.06448268011970269,0.6765285390927068,0.05667806215465572,-0.0005344544443692411,-0.9983712128161102,-0.006498695940747413,0.008654735695787005,0.04295806122276885,-0.05700812718862243,-1.3588170303245164,0.5894799695509281,-0.5333118635124496,0.07966066720824484,1.395078431842633,0.4004137279201292,0.5792583130368242,0.037327963688408204,-0.20327135084263254,0.04560438895641834,0.18958614296571516,0.31009716956430033,-0.23502967078906167,-0.06014857068227423,-0.3172409420007016,0.00147392048381371,0.07583038799077335,0.4073305263956075,-0.20777595469003365,0.043526596196273616
0.03212259814354087,0.06381384052987032,0.6764854907277384,0.056359381395664356,-0.00029133987381934007,-0.998380780068877,-0.007704105323650746,0.008981501447531279,0.04355780842860934,-0.05745639603604086,-1.3599065783819868,0.5931254636269405,-0.5337215356744136,0.08250142806054989,1.3956105003534767,0.40103107505883073,0.5809298750835518,0.039511930348443455,-0.20183974564150636,0.045196870543942363,0.1899265461269052,0.30947550626392367,-0.23544315278504344,-0.05994056341652997,-0.31682116666731125,0.001173139992219147,0.07605560790805979,0.4085030995723321,-0.20865112477359574,0.04374861784093711
0.03197555273687265,0.06327152901434276,0.6764289809799325,0.05602056225833753,-6.758903021338898e-05,-0.9983904232587958,-0.008846173246459366,0.00928711521175154,0.044113807791017076,-0.057762873810219974,-1.3606931917439054,0.5965428771789555,-0.5344650005994804,0.08508531307845174,1.3962340997027956,0.4018114974452247,0.581954546401046,0.04165066573716257,-0.20021327427148203,0.044753847457262956,0.1901694315907724,0.3085174258774174,-0.23572389697901155,-0.059560285124828506,-0.3163922218439877,0.000885588795322408,0.07619618607542085,0.40980223013411227,-0.209660554665302,0.04409317293278943
0.03184370301624256,0.06271157004899837,0.6763708716832433,0.05553219900771451,0.0001449196926214364,-0.998409572951243,-0.009720005708226738,0.009587209075996134,0.044586533074874646,-0.05817412979548162,-1.361829570088821,0.6003985609777747,-0.534895030612126,0.08772260543507596,1.3968824158174877,0.40273152603540735,0.5823174053957454,0.043272671971673074,-0.19794661038220568,0.04420135062554058,0.19032928240257016,0.30700115179157506,-0.23576955298318675,-0.058994128938929226,-0.3156233783248077,0.0005597895494295717,0.07627114308844665,0.411218128498013,-0.21079368146784805,0.044596255232667144
0.03163465469542212,0.06210430784257826,0.6763081372457458,0.05495565689894839,0.00032400999334024924,-0.9984337065625946,-0.010483529558749618,0.00986893234356044,0.04497923850288077,-0.05824625847455297,-1.3630835981738898,0.6041411013292902,-0.5355950669781361,0.09042170076821276,1.3974358709617714,0.4040550377808332,0.5822884976577717,0.044704343077370215,-0.1951326162880595,0.04347936518503982,0.19043358755012835,0.30493586242028253,-0.2355784321300482,-0.05834367693043898,-0.31465027428733267,0.00013091941771666048,0.07630786704407477,0.41280687565795515,-0.21205630526656769,0.045171067757217645
0.03151711371805649,0.0615908606567857,0.6762632652761184,0.054374898389310596,0.0004999735294451045,-0.9984582275638765,-0.01114846454115935,0.010136188279429893,0.04529051707989699,-0.058286673502105237,-1.3642162429859734,0.6076811723970249,-0.5364194120368747,0.09280436187376287,1.3982306770713975,0.4049063915951382,0.5817121823263841,0.04609833179281659,-0.19232719636252701,0.042765093233648126,0.190374551424334,0.30275395142713674,-0.23530266037274356,-0.0576308460442888,-0.31365894617932044,-0.0002897429477549685,0.07619367039216678,0.41436878482662487,-0.21334387103170488,0.045736644931538756
0.03134156746439734,0.06108015412014438,0.6762225624781532,0.05381674904701112,0.0006599520128208038,-0.998481556157718,-0.011743253306252548,0.010382533193158936,0.04555223982592311,-0.05791707855631844,-1.3653693224719958,0.610659633303055,-0.5375304456212794,0.095274819668714,1.3990725065192937,0.4043257127542746,0.5813532469718355,0.04764135333679371,-0.18980103117665698,0.042015069115327534,0.19003450264472135,0.3009320054140889,-0.23511384638401397,-0.05692814141297981,-0.31258017662169724,-0.0008153919457406934,0.07584148856761122,0.41578789085023393,-0.21458752042449372,0.04615443128461756
0.031198892784421093,0.06058149238838587,0.6761860661040527,0.053309732507093956,0.0008086095650753977,-0.9985019954279705,-0.012295677978701142,0.010602535129419843,0.04577777952154004,-0.05729854574605595,-1.366460823612916,0.6129658584649019,-0.5388965170350684,0.09753590261522922,1.4000956571307055,0.4022096905464626,0.5808967711461466,0.0493886517071714,-0.18771726738366487,0.04124780674035637,0.1893941807468521,0.2995596469978703,-0.23507106243199208,-0.05619684594387511,-0.31153894360142886,-0.0014256430905619645,0.07523863029691423,0.4170844143247376,-0.2157951036487523,0.04633406057860431
0.031058299716914272,0.060090482418713,0.6761372181599132,0.05282968237803341,0.0009522199322847905,-0.9985213465555874,-0.012776478773684584,0.010709289717957888,0.04587895471629295,-0.056472583598703475,-1.3675227744443903,0.6146157187869604,-0.5403262346118055,0.09960549498044331,1.4012477389047293,0.39928964848146137,0.5803325161254477,0.05108824309505755,-0.18592381085084747,0.04050800260365748,0.18868440639250966,0.29857063288993363,-0.23517254257075798,-0.055521766794690945,-0.31048457744631724,-0.002045202129629029,0.07460364837404088,0.41823569150528456,-0.2168433533896013,0.04634927226830625
0.030926498755923796,0.05965634425147218,0.6760985713993615,0.05233952402348715,0.0011032909891187327,-0.9985423351565573,-0.013136280831310812,0.010820731450947769,0.0459758001355524,-0.055528090099081606,-1.3685730698259935,0.616228169461908,-0.5418664828235431,0.101657260399283,1.4027024222929267,0.3950219201763459,0.5796721473591337,0.05293341081954589,-0.18426645858498822,0.03977939723839699,0.18758891471511294,0.29770169344728153,-0.23526057309801385,-0.05479269998902592,-0.30931225823274006,-0.0027242206476223193,0.07360023425009334,0.4193190073087958,-0.21800070123435897,0.046369281722985246
0.030808380899608474,0.059227624213454795,0.6760624438493814,0.05186675236583193,0.0012654897351134617,-0.9985640413682499,-0.013345179693856561,0.010937889507591418,0.04606534036842431,-0.054620648645317856,-1.369690875415111,0.6178207990335792,-0.5431552126682833,0.10376523770870066,1.4042042256964404,0.3895141797326052,0.5792689474167075,0.05481090162952469,-0.18288272388795052,0.039074717557680785,0.1861990148893199,0.29709804411228763,-0.23536409191575092,-0.054196181752878866,-0.30803854289190713,-0.003470405359366561,0.07231927118536875,0.42018641406562923,-0.21911447713272544,0.046501924261930755
0.030702845195014223,0.05881906744228432,0.676029469968392,0.05141922053375883,0.001454717600940144,-0.998586615476374,-0.013368580621895481,0.011064802006104466,0.046146735713146175,-0.05377303070426536,-1.370846705006001,0.6192519110245409,-0.5441397904189014,0.10606634641393081,1.4057775441065485,0.38233845922013904,0.5793631781663127,0.05672391475952369,-0.18183864645726172,0.03843885895078647,0.1844885299805046,0.2968145041785429,-0.23548703822689043,-0.053817161565284405,-0.30663994607044165,-0.0042584459810175515,0.07072974854973522,0.4207795116719091,-0.22016792994049986,0.04681445263983901
0.030569360179702056,0.05843081875932744,0.675993578187664,0.05098600159500771,0.001662163610477864,-0.998610523047052,-0.01321696308463358,0.011201400072716484,0.046220053992645685,-0.052884621253992445,-1.3720344963447049,0.6204807391260516,-0.5449412041209337,0.10860557848090527,1.407441430337508,0.3735609971872989,0.5799376383269861,0.05864821734818674,-0.18108167065801595,0.03785764712529769,0.18247524809232862,0.2968741275865714,-0.23565913277239897,-0.053605684537751636,-0.3050918660951036,-0.005088972458494826,0.06885354758456985,0.42114213375312853,-0.22116893868282606,0.047246458686839334
0.03048079352390327,0.0580437964587035,0.6759694912673744,0.05057298953427195,0.0018703289775942426,-0.9986348743594893,-0.012932993160536768,0.011345480028615835,0.0462778012140583,-0.052171426606775304,-1.3732428778221013,0.6219770967792988,-0.545420980019581,0.11106671252353277,1.4091737601255654,0.3640479104237324,0.5806377326627018,0.060527455285382815,-0.1805973761210957,0.03728037259753962,0.18023077138055713,0.29719130960731716,-0.23587797325069418,-0.053446536898696204,-0.30349072702643615,-0.005981691903015349,0.06675457257701922,0.4213004495560405,-0.2220854751534517,0.047727029139438694
0.030422872865996636,0.057702399787026064,0.6759514355923578,0.050172497938166846,0.002070759867664793,-0.9986593704220325,-0.012565598771498068,0.011493571025188271,0.04631210305592234,-0.051638120978067,-1.3743241002483924,0.6241983804036998,-0.5456257079332167,0.11332540993802385,1.4109779277678183,0.3547132022658715,0.5812060710163492,0.062316366014409375,-0.18030443671545027,0.036719644253536375,0.17783810815438303,0.29770737792089513,-0.2361391559858082,-0.05317301277417094,-0.30187683180718844,-0.006897377634022277,0.06449873673735425,0.4213430259036116,-0.2229137152358559,0.048212750596611086
0.030388513712671553,0.057383293063668586,0.6759289736668004,0.04980731384356935,0.0022415154989656296,-0.9986824171456968,-0.012150587639522547,0.011643395578219052,0.04631295014703093,-0.05128684345226086,-1.3752721629529217,0.6272567033764874,-0.5456018478212254,0.11534604087953783,1.412762197756643,0.3455308388406645,0.5816746480860318,0.06412978306535581,-0.18028468765842298,0.03609511023598994,0.17523352259011604,0.2984650644733392,-0.236449084635662,-0.052722440481746444,-0.30033493891190616,-0.007910440298838525,0.06203553610546881,0.4213367951063685,-0.22367560191364466,0.04866562327649741
0.030368986270795144,0.05711130585747252,0.6758991199955138,0.04947823915460084,0.0023953623390357125,-0.9987041416572956,-0.011670626632302273,0.011795501550390042,0.04627534602630085,-0.051075525355617386,-1.3760369132913646,0.6309428223721437,-0.5454056292969335,0.1172025500880677,1.4145532057582437,0.3361931626840106,0.5821410321465443,0.06598198201235238,-0.18056325086650976,0.035452493225361835,0.1724015105550081,0.29949284484580535,-0.23681226272180272,-0.05214770457857063,-0.2988383270531036,-0.008989523942750778,0.059351823897433695,0.42126452614242815,-0.22439083876660787,0.04912369782257826
0.030355800162070172,0.0568426694439307,0.6758690573516416,0.04914391574803663,0.0025459270460932216,-0.9987282074215748,-0.010970938925853404,0.01204433737586038,0.04614663200210735,-0.051202825103189416,-1.376799784979728,0.635923655316424,-0.5446738041237249,0.11917981949242581,1.4163218690432173,0.32604341447251584,0.5827557278038719,0.067691230608352,-0.1810565223020671,0.03476501086022296,0.1690942421974642,0.30081231639774925,-0.23727653545651017,-0.05146001301278295,-0.2971632350088439,-0.010190379061023996,0.05619120161755452,0.4210008463806538,-0.2251336823408166,0.049662635705742086
0.030324366132534867,0.05656816557007364,0.6758384123915274,0.048802577184639095,0.0027109535588392642,-0.9987516671172721,-0.01029886505445434,0.012253880006416812,0.04600075742244941,-0.05119689555274663,-1.377368080603414,0.6406091691014117,-0.5438346641838807,0.120748862946036,1.417790172778197,0.3185106521198323,0.5830544347686261,0.06903263404948604,-0.18141004024847934,0.03422965981992554,0.1663872359637643,0.3021390525398995,-0.237803517511424,-0.05093157112790641,-0.29561227056823197,-0.011176276755319675,0.053571946804646935,0.42086947097793803,-0.225791499828386,0.050174009496076206
0.030257297553376895,0.056294053046256315,0.6758225086919547,0.04845305032263637,0.002870094348364955,-0.9987742671439551,-0.009696791423962408,0.012423967702133533,0.04587518487803548,-0.051007341111188,-1.377736920244088,0.6453396355180434,-0.5428847743524562,0.1220238311296112,1.4187913575197995,0.3129831003147366,0.5831577310440766,0.0703675156555769,-0.18161166711703494,0.03373295855716214,0.16390651481050927,0.30336238973932755,-0.23834324111640656,-0.05051815347855839,-0.2940202264262257,-0.012104596423314563,0.05110017098688094,0.4207255580870849,-0.226412492945772,0.05075192868146539
0.0302214082424752,0.05605966653626522,0.6757892960808874,0.04807926881885059,0.003104607241238394,-0.9988024901743962,-0.008504760146438946,0.012620861419265,0.0457601869379443,-0.05175782779688716,-1.3781502434584527,0.6520959980265627,-0.5409240552994016,0.12348669897007872,1.4199471463337427,0.30726234538211744,0.5832511545774184,0.07043877371392741,-0.18187300381287136,0.03350099886748871,0.16151178023231136,0.3048034814848041,-0.23903805430497924,-0.05018237134948077,-0.2923292405539993,-0.012789747963556248,0.04863387781131418,0.42043142889740676,-0.22694683763051665,0.05136612960155701
0.030187479311244308,0.055855971529745856,0.6757459654995029,0.04769912619919511,0.0033372782414711677,-0.9988284977490695,-0.007435591308721384,0.012788123270087947,0.0456555303424155,-0.052207440504286266,-1.3783366050152208,0.6584164418307134,-0.5390219040279315,0.1243750414017361,1.4209626460033624,0.3031122347980364,0.582856498941357,0.07061466599252719,-0.1820205908912529,0.03330284001071627,0.1592665449443271,0.30613745776309326,-0.23973014640025417,-0.04983746896761335,-0.29067701529805284,-0.01340417013150257,0.0463208985932021,0.4202139738221752,-0.2275246994779428,0.05200125081229263
0.030106493533822033,0.055672706281427405,0.675689731225604,0.04731335243227884,0.003525482048899674,-0.9988535299289997,-0.006375218138995115,0.012928572171969275,0.04555757938539568,-0.05244406258703045,-1.3783877116613377,0.6642466317359411,-0.5372319037447327,0.12512983966096675,1.4216726836551568,0.3000320941105607,0.5824430595254193,0.07061403235744708,-0.1818872495521625,0.03301641806487657,0.15718915430086053,0.30712301101721395,-0.24029958824491257,-0.04941607113847818,-0.28911026506242443,-0.014029144372799422,0.044244422299190664,0.4202219592676873,-0.22824822988253807,0.052615147316922205
0.02998356226506542,0.05546418266354897,0.6755980847948898,0.046907662839150974,0.0036542447916170944,-0.9988785676269893,-0.005284391869127119,0.013045350829894643,0.045461643408650824,-0.052592566862207646,-1.3783775574539894,0.6698123658726693,-0.535399318372718,0.1257789930911691,1.4220233656417065,0.29801185850370304,0.5820385350923619,0.07029717380131448,-0.18132686619731508,0.032564896537603305,0.1553102724782241,0.307589240277187,-0.24070212362824267,-0.048883678053513395,-0.2877010864035665,-0.01471400133686889,0.04249367386190873,0.4206626522809385,-0.22925711644999797,0.05320012833356497
0.029917029456193622,0.05525406742075859,0.675516756449224,0.046491983289681925,0.003728139491911471,-0.9989025951955265,-0.00426635410671358,0.013132999326860961,0.04535911709874596,-0.05275938632219905,-1.3783389778993653,0.6749798270708246,-0.5333587930548913,0.1259766886558533,1.4220888301177712,0.2973893913769711,0.5812869956957486,0.0699118956960896,-0.18046838644783864,0.03197816041473935,0.15362048725216085,0.3076032738495588,-0.2409325404903857,-0.048277187318040635,-0.2864326907144903,-0.015453021988349726,0.04100387238683831,0.4213465180958817,-0.23042064924577757,0.05377496388837227
0.029815289222956183,0.0550944982678853,0.675449637982133,0.046071869151816595,0.0037945120024362807,-0.9989257886518929,-0.0032020802169900942,0.013200977097890369,0.04524681211228964,-0.05286386868625591,-1.3782353009793475,0.6797072555086472,-0.5312561929906684,0.12605852248105232,1.421993800176619,0.2975622179396646,0.5804792302371685,0.06934002098122483,-0.17949490687605588,0.031431424377040745,0.1520330454086652,0.3074959547068395,-0.2411082425405515,-0.047661029604310824,-0.2851351028345357,-0.01613277273557676,0.039619449215149614,0.4219939643283888,-0.23155203264709426,0.054335139617356726
0.02969891379623277,0.05496275525004097,0.6754052567689683,0.04572097557468124,0.003894281328536111,-0.9989448309044618,-0.0019109617186998773,0.013251003883096786,0.04517589844484022,-0.05288668374211405,-1.3778840465408504,0.683818992635286,-0.5295851658555797,0.12639038448000753,1.4216816547319913,0.29781461148252736,0.580101115873592,0.06824224435426963,-0.17879834080630477,0.031053051860784293,0.15062532853677585,0.307631120265436,-0.24135818856546168,-0.047194602733906535,-0.283912876785423,-0.016662012881104526,0.038335114284143275,0.4223928710404341,-0.23238574949647356,0.05477954905180927
0.029630737492151032,0.054838994208480187,0.6753600858766181,0.045402723604603824,0.004031246931199031,-0.9989604711915151,-0.0005645655767083752,0.013291820583612812,0.04507852704918334,-0.05285014753856276,-1.3773318298149086,0.6876546976689161,-0.5278171518091727,0.12642517127493352,1.4211867180962299,0.29880363950753636,0.5795513285600612,0.06710117167179315,-0.17835861274691572,0.03079832843684468,0.14913250466014719,0.3079941292345736,-0.24173853616888222,-0.04676845658250572,-0.28263812174710434,-0.017123389673858642,0.03687556489710554,0.4224467169237022,-0.23308436576664698,0.05524495216924461
0.029566354921835607,0.054742809376012745,0.6753179073615856,0.04507894573001491,0.004191332846869095,-0.9989743254417562,0.0007864407326034344,0.013317341464068705,0.04494470767792084,-0.052800320990337504,-1.3768305565751313,0.690810698009472,-0.5258822534613785,0.12610593431373843,1.420663892415151,0.30070593375745647,0.5787024172716303,0.0659121948257894,-0.17801319480765765,0.03066348878180781,0.14770336604015483,0.3085396369756498,-0.242209332483867,-0.04638727423337128,-0.2812732876636379,-0.017485313511724738,0.03541437063498479,0.4222735803679377,-0.23361965144121205,0.055692831027442574
0.02948524841945628,0.054683405826511565,0.6752674508452993,0.04476931124348538,0.004366065783293077,-0.9989853448396411,0.0022196927679567213,0.013332137992334467,0.0447760394215731,-0.05283605798136822,-1.376491796036118,0.6932149834740223,-0.5236868542308345,0.12558082997106554,1.4201773782425067,0.3029367114720954,0.5776836778525202,0.06458563686319868,-0.17777713388302593,0.03060953338409603,0.14625216540684882,0.30921548046978975,-0.24272939390426523,-0.04605221432111079,-0.27988778764547423,-0.017778225294868943,0.033912927960819905,0.42200561913835594,-0.23408895800517254,0.05608592030997936
0.029395967608988233,0.0546288678363048,0.6752152054940896,0.044537534541343966,0.004515717373342798,-0.9989908710189261,0.00364087001013036,0.013328753096742838,0.044594725413648804,-0.052195528037821445,-1.375573553917428,0.6947195708788728,-0.5222349247994201,0.12534723819548937,1.4191831687984178,0.3055780168174617,0.5771846256069515,0.06338038250416582,-0.1777654169152469,0.030490696583708253,0.14468751364278176,0.30996874494572085,-0.24324764392417061,-0.045773944322515546,-0.2786841666347145,-0.018136751840851572,0.03233522358983037,0.42181310864237637,-0.23460917850800694,0.056372844970663534
0.029333171534011677,0.05459428018001625,0.6751771397294882,0.04433906264853487,0.00467680778688811,-0.9989927447511444,0.005066648492786046,0.013306491728716719,0.044410408116184914,-0.05125641525514016,-1.3745316079822303,0.6948910358952277,-0.5210753501994494,0.12503407552264523,1.418139880511773,0.30838758053415993,0.5768295911420906,0.06233438813626899,-0.1779369588991856,0.030397282541085074,0.14291232200369378,0.31079862205510195,-0.24371950255841024,-0.0456007898405822,-0.2776261263223413,-0.018474397612731897,0.030593463051733216,0.42179716002338563,-0.23522053166509652,0.05647032986167004
0.02928284592313514,0.054562640876002114,0.6751446512512337,0.0441007931259988,0.004877508229264548,-0.9989924551843218,0.0067382819719028,0.013283713683367887,0.04421040902312016,-0.05071772731076409,-1.374008652705186,0.6945683759657566,-0.5192535328059948,0.12466174340313203,1.4173839079838746,0.31097668342080215,0.5763348355358241,0.06091846152794822,-0.17816591251867447,0.030407902740449255,0.1409677067211732,0.311801314873345,-0.2442048891802519,-0.04553459337708942,-0.2764436339912375,-0.01872204386269561,0.028697108673319875,0.4217079976706326,-0.23581712281229916,0.0563963841431817
0.0291390464275211,0.05451923811099932,0.6751208610464916,0.04387770347385958,0.00506198064768513,-0.9989900379641972,0.008247880823287456,0.013235219671580017,0.044008295536800066,-0.049563287920217615,-1.3733455554261034,0.6929174505576908,-0.5177488172440142,0.12422890151244993,1.4165048644458003,0.31406691312200014,0.5759150980351779,0.05983881388111435,-0.17836206083515235,0.030371823975036724,0.1389973866496171,0.31279007626420585,-0.24465982726685553,-0.045436380303853,-0.275201324522721,-0.019012430312301057,0.026789280459316722,0.42156487300368595,-0.23638115828372294,0.05632704924142193
0.02906341798520954,0.05446244391500915,0.6751009260373884,0.04373465649197722,0.005198533169938198,-0.9989837403556125,0.009578182474811325,0.013158471339102463,0.043821093113877864,-0.04788658272627926,-1.3722481921666616,0.689840495877584,-0.516911017828367,0.12369600207770698,1.4152621948855297,0.3173018381782586,0.5757064290534445,0.059057709940108956,-0.17869218965009145,0.030190144677427613,0.13709151824894378,0.3137179726223907,-0.2451369874755341,-0.04518648138711083,-0.2740925227421553,-0.019436484714370785,0.024954495029878315,0.421301368928802,-0.23691148902464487,0.05643498967425634
0.02898895345787965,0.05443485682603429,0.6750743052424701,0.043574201465252545,0.0053240266679898335,-0.9989750428823483,0.01103663920383256,0.013075125736677773,0.04365288479120331,-0.0460903005337567,-1.3711028642312366,0.6859074499272422,-0.516279523987914,0.12351909656062919,1.4139930072963938,0.3198645099174899,0.5758661330723083,0.05794155674956286,-0.1789508081453492,0.02999108906341554,0.13524059637237684,0.3146631365984746,-0.24564983972362295,-0.04463183671614026,-0.27281377268139256,-0.019880137320324,0.02317692870707595,0.4207955853391027,-0.2373181897239301,0.056852440509609366
0.028862775250008754,0.054393543950732155,0.6750333284589306,0.043398733817409024,0.0054394253899061155,-0.9989641433855722,0.012553994758810619,0.012983498850393887,0.04350700320114317,-0.044086987119716946,-1.3700467755767964,0.6810163874963153,-0.515729225257134,0.12357787417312648,1.412697102798627,0.32202287748857955,0.576321785552478,0.056645123631122916,-0.17911477231966308,0.0297546273185978,0.13343018215009284,0.31562629202665926,-0.24619954512288234,-0.04385979567870091,-0.27133436332400473,-0.020357651284455675,0.02144380485468275,0.4200473784915707,-0.23762428292597032,0.05748051437262893
0.02870098640086446,0.054354589939711366,0.6749869714778003,0.043212730145509526,0.0055534776310897,-0.9989514236512401,0.01406669914137143,0.012882771386286317,0.04338380888187654,-0.04195251628139636,-1.3690210041177704,0.6755327980064305,-0.5151968035765279,0.12366428764927628,1.411443325532888,0.3239319315874331,0.5768664095279935,0.05533745155787957,-0.17921175827669814,0.029525627278610415,0.13164979094785012,0.31657537173773015,-0.24676911415250768,-0.043073647562147176,-0.2697860312317082,-0.02082401230481014,0.01973174307403621,0.4192622857483932,-0.23790172846165744,0.05816870701546912
0.028509802458710386,0.05430945110437787,0.6749422590250295,0.043013844555331006,0.005669877635310014,-0.9989376863833258,0.015529339564175253,0.012771986385079988,0.04328297354934758,-0.03971619472314724,-1.3680226837351652,0.669887734424666,-0.5146336532402604,0.12369627180852512,1.4102466866937766,0.32568558978839085,0.5774116011474443,0.05412836826152684,-0.17927339993963579,0.029319687491088743,0.12990712129934776,0.31753114634249335,-0.2473500460544504,-0.042503847606164345,-0.26821188493117365,-0.021260578804548215,0.018039415225072405,0.4184989425405922,-0.23820286603757543,0.05874917281881498
0.028391379144245353,0.054284157436395246,0.6749050374551835,0.042783359210278794,0.005811680682701833,-0.9989212494134296,0.017092279328403535,0.012663505013858224,0.04319221064824316,-0.03790007595811007,-1.367282037838429,0.6646686844772725,-0.5134895725096615,0.12356410488683602,1.409330705504431,0.3270007498401315,0.5777382399458345,0.052753183107826014,-0.17933387002754406,0.0292059755263596,0.12818304230930078,0.318502909064027,-0.24796491608333687,-0.04229553590005715,-0.26662213168381566,-0.021606407570767212,0.016324689175141096,0.41775382381828563,-0.2385559643710097,0.05916423687899826
0.02823635963395122,0.05425440870536903,0.6748728467263508,0.04257792436576559,0.005927731774838528,-0.9989074177016742,0.018329026523047076,0.01252552913089467,0.04312826326379371,-0.035394372655954597,-1.3663086108482512,0.6584187780153402,-0.512753468958697,0.12322442232215794,1.4082764605872085,0.32880355749627943,0.5780700670010487,0.05201924367884214,-0.17940332628965344,0.029044871204823505,0.12652574066849248,0.31942695539072646,-0.24855877612404617,-0.0423288363737457,-0.26510525816501745,-0.021995061407956963,0.014652043283027756,0.41707345859224404,-0.23895670418795853,0.05949249214813143
0.028097059664860743,0.054187386252429796,0.6748223568698009,0.04236327636311421,0.006038990349419899,-0.9988912689522855,0.019624378263673494,0.012381791483774253,0.043087082068321306,-0.032990430021507186,-1.3654352709049125,0.6521738657552718,-0.51193065365239,0.12303671102107572,1.407150392128851,0.3302239885051556,0.5785661767659981,0.05115283416142469,-0.17946394152486045,0.028862634828036055,0.1248879931986025,0.32038057967680494,-0.24918786335538254,-0.042460262175998006,-0.26360736680016883,-0.022395203150215474,0.013005575540758499,0.4164602583127291,-0.2394091549967226,0.05974012233057714
0.027982017251425125,0.05416003287073246,0.6747652579630461,0.04214103411080502,0.006156362812055639,-0.9988731568948765,0.02094394604325075,0.012235779204049387,0.04306329184685108,-0.03069724748794348,-1.364589416814823,0.6459961219421101,-0.5110638164347153,0.12290664949747111,1.4061774142964578,0.33119965507771054,0.5790677492685842,0.05016322385941324,-0.17949769356736195,0.028730372213783623,0.12328888015371751,0.3213416652118433,-0.2498447448546313,-0.04246803995975302,-0.26213143539288886,-0.022735113692243885,0.011421783938846828,0.4158809860885202,-0.2398670664990348,0.05996640950792594
0.027854184559879366,0.05414732383269274,0.6747066789399428,0.04190237081111307,0.006276483223845075,-0.9988533348792903,0.022289290685664875,0.012088577911161216,0.04305618961541176,-0.028408765028571613,-1.3638548422392032,0.6394282536001615,-0.5102211376124838,0.12292669415022953,1.4052666817681387,0.3316548473856855,0.5796576573081433,0.049052924052193095,-0.17946912045806396,0.028626453917227176,0.12170946279878457,0.3223208743360116,-0.25052005189305954,-0.04231361171475727,-0.2606257536209021,-0.023028719137406402,0.009918373442584083,0.41531535539207876,-0.24030483489877147,0.06014219352399572
0.027743146468233726,0.05412936280669903,0.6746517958182322,0.04163645678895589,0.006410765010532047,-0.9988289796265732,0.023790271460844236,0.011952306483968955,0.043058116159449794,-0.026436825943440947,-1.363390546391988,0.6329275298749416,-0.5090670329050588,0.12311248901159091,1.4045321583245516,0.33135393146015096,0.5802956405968989,0.047581344864968615,-0.17937840092204219,0.028564845956419734,0.12014108577985078,0.3233199765883483,-0.2512182534306844,-0.042084390230556115,-0.2590577516649383,-0.023265055608956642,0.008462034080943244,0.41472907249730123,-0.24072238297922507,0.06024683477713278
0.027584364303268855,0.05410671402115649,0.6745987914218654,0.041347241150125245,0.006546512362831093,-0.9988037248482597,0.0252718826841104,0.011821040093956894,0.04306599781982477,-0.02451804729225717,-1.3630314516146962,0.6269761766203076,-0.5077388502936744,0.12333285825593236,1.4039287926264883,0.3307650537531433,0.5809043608259137,0.04604857768652006,-0.17918265743927092,0.02852581974516919,0.11865874943823171,0.32431920813884085,-0.25192039303637787,-0.041773940016788864,-0.25743625809391646,-0.023468847279521594,0.007087849075311766,0.41415744834301993,-0.24111282644219054,0.06034088335631536
0.02739007718208336,0.05403838788920047,0.6745525654878769,0.04109778661083849,0.00665028078421739,-0.9987838747107013,0.026410553175955788,0.011672631332622758,0.04308487179141642,-0.022345888748774707,-1.3625792449583112,0.6215245944760573,-0.506493359469522,0.12314968375928596,1.40323695184252,0.3307055017976387,0.5813184786286145,0.04505980553809006,-0.17897304410885526,0.02839132040569564,0.11734787037047886,0.3252374007813599,-0.2525943406625843,-0.04138758916301601,-0.2559461178147397,-0.023750740429277148,0.005843626426792679,0.4136627235156269,-0.24150311437246935,0.06047398728937045
0.027218619901117857,0.05398340914035565,0.674522810939055,0.0408489506146948,0.0067489135979073075,-0.9987630324845839,0.027535801080139394,0.011531020460031056,0.04310112885925584,-0.020718606894789802,-1.3621256898467085,0.6181527046079734,-0.5046347236686148,0.12289265947036052,1.4026130777709347,0.3305639774774127,0.581587829804022,0.04394438545626973,-0.17875502065128487,0.02827358165574932,0.11620960527242513,0.32617077096748526,-0.2532676708094618,-0.04085681022947765,-0.2545110462224989,-0.024011770647065358,0.0046998483651509776,0.4131875192142573,-0.24185292544616588,0.060684994986861224
0.027071625446279307,0.05391161029647831,0.6744745067980823,0.040663871035867064,0.006811038890648389,-0.9987435656218926,0.028484196855051776,0.011384096756596856,0.043123684519141794,-0.0190658101301404,-1.3614645777046135,0.6158821414045654,-0.5027543446511833,0.1225713940097414,1.4017971055961438,0.33052314235927305,0.5819463663692167,0.04303671502502909,-0.1786458598052178,0.028071714326649726,0.11523910869272719,0.3271080979876847,-0.25396658238314435,-0.040206136398334036,-0.25331824828226307,-0.024349453653027323,0.003687358091176895,0.412843267216004,-0.2422390226185721,0.06094507755716226
0.026909823579321025,0.05384416227494927,0.6744114092033681,0.040462266774375366,0.006870247875320698,-0.9987222761942993,0.029485923673666176,0.01124522399707967,0.04314688343038264,-0.017647247208260775,-1.36079317507396,0.6147633453793906,-0.500756351883633,0.12243257331011519,1.4010113427493933,0.3302179613563349,0.5824728800885777,0.041953950767600084,-0.17846403792793003,0.027877045280667742,0.11434727145201537,0.32800667176229553,-0.254655080872231,-0.03955287909843517,-0.2521595747230388,-0.02467165858816909,0.00273748432589869,0.4126205941339555,-0.24267107737744537,0.06121941538682972
0.02674194925816828,0.05376429461976044,0.6743456835684029,0.0402403588087453,0.006926740739242686,-0.998700614355542,0.03049289542726941,0.011109608762848559,0.04316479843216209,-0.0162950448618756,-1.360235766325494,0.6141020493398287,-0.4988695033882538,0.12223799455451878,1.400321664368006,0.3298365608392594,0.5830032729056902,0.040849201588044025,-0.1781538992101768,0.027661190634999663,0.11348113879724259,0.3287404258387819,-0.255285246787828,-0.03904378900116567,-0.25101625952459045,-0.024996667294321404,0.0018237175025938774,0.4125143905899742,-0.24317003966403178,0.06146723206487334
0.026578832803116917,0.053695269195581485,0.6742790154454986,0.040016864382598986,0.006967237569862981,-0.9986791925852617,0.03146392319594418,0.01097199615000757,0.04317595438098405,-0.014779660023646831,-1.3596530637336193,0.6136743580172697,-0.4974958769960782,0.12194472981131593,1.3997050786731446,0.32949222810921747,0.5835766989368661,0.03980866404728806,-0.17771477211508,0.027403845446906203,0.11265012568169949,0.3292014433804145,-0.25580431034616075,-0.038771095284034926,-0.24997081986916395,-0.02534088712279051,0.00096081839096323,0.41258957009640157,-0.24377545856513372,0.06168959829666573
0.02643875238394693,0.053627221629072595,0.6742150253751188,0.03976327469460471,0.006996404391498141,-0.9986602839611646,0.03236617910348425,0.010828975192807023,0.0431713828603566,-0.013266094071905888,-1.3592071570061766,0.6136355311353845,-0.49630167861568214,0.12137490383336567,1.3992433673453217,0.3292649450967048,0.5839443484560073,0.03887071143835496,-0.1771101857313175,0.027114446456499963,0.11188156081510016,0.32944307317911437,-0.2562294472003949,-0.03866941160167502,-0.24896071655215476,-0.02569541821011577,0.00015753361606942492,0.4128151981715373,-0.24445962809794697,0.06189813932092151
0.026297654859811535,0.05351493449303231,0.6741615335492642,0.039525913609064725,0.0070091992975467995,-0.9986406053946904,0.033249278721546205,0.0106810179668206,0.043159343136626324,-0.011600388161266508,-1.3587725092281275,0.6139041763960232,-0.49535890977713914,0.12085105414278714,1.3986928953055484,0.32901762736217227,0.5843733873161688,0.037962796004660966,-0.17644650998288583,0.026752488667373,0.11111659475351324,0.3295204643444302,-0.2565775694558626,-0.03862070536156116,-0.2480080577985697,-0.0261125341171059,-0.0006255540748453044,0.41309551497295993,-0.24517323824675083,0.062068486692837876
0.02615114088711158,0.053397409898908905,0.6741175139008039,0.03931530276167222,0.007024344046940583,-0.9986188078029368,0.034138574394812424,0.01052958953859578,0.04315260280474633,-0.009667211351925895,-1.358068004760048,0.614338050807951,-0.4947515840824822,0.1205797970492706,1.3979943793835916,0.328683339683931,0.5850031242178017,0.03706122772879954,-0.17579997886584336,0.026378600796273417,0.11029088211481007,0.3295324516396333,-0.2568923983435341,-0.038459216772400294,-0.24706902620546684,-0.02654166367479055,-0.0014480539823748288,0.4133144120832981,-0.2458643498125354,0.06220798363536475
0.02595327399842748,0.05329958836170097,0.6740631885770133,0.03909694551063573,0.007057109883956939,-0.9985972373390776,0.03500262319579114,0.010372939639785066,0.043160563039077,-0.0073972731209286866,-1.3570986263261646,0.6148388584449714,-0.494430005234033,0.12050450894729893,1.397231979443022,0.32834190760373116,0.5856826280490227,0.03624615925014895,-0.17510870187600147,0.026047883594748265,0.10935721322166002,0.32956389588316387,-0.2572237348959735,-0.03806704560898512,-0.2460205382655421,-0.02693521859518246,-0.0023398646154172936,0.4134432923111525,-0.24652319433794317,0.062291145935289526
0.025838950105243036,0.05321565215328323,0.6739994116776409,0.03880499691320236,0.007111164742471459,-0.9985797262990593,0.03580689563572803,0.010210538799287206,0.043161718375789804,-0.005527018752826902,-1.3565279305042146,0.615486617157769,-0.493450599460915,0.11991641530692179,1.3967506461927677,0.3281885790060523,0.5856471018720356,0.03556943271949004,-0.17430875464678947,0.025768223912678714,0.10834690266546189,0.3295984963337637,-0.25758486205572934,-0.03753014109245877,-0.24481969837318462,-0.027279568119535975,-0.0032791800572371625,0.4135057726462431,-0.24717161205495225,0.06232222971252404
0.02563936160049141,0.053160178466463974,0.673944079369093,0.0385637902158849,0.007169086538594015,-0.998557224895705,0.03667297221355776,0.01004945212262321,0.0431774029430918,-0.003241157361363121,-1.355674996358055,0.6164423325457724,-0.49300431379855275,0.11983094055076857,1.3961775224071327,0.3277916270006227,0.5860611519786182,0.03477683039938906,-0.17353002545394136,0.02550864342925779,0.10733126655522338,0.3295583144241809,-0.25790314224493,-0.03697303017437448,-0.2436521136322662,-0.027598703296128846,-0.004227229320387067,0.4135241215832407,-0.2477880663242589,0.06237302326332191
0.02554080083112136,0.05303188385980873,0.6738845339980198,0.03828876176197358,0.007234108621474306,-0.9985388383225252,0.037440976972962434,0.009880020818349041,0.04318484111334347,-0.001303797273642025,-1.3552284148447755,0.6173131267034585,-0.4920859877453075,0.11925954077129744,1.3956597546607834,0.32764742292889193,0.5861375123198276,0.034144074164971755,-0.17271237074275744,0.025231144393897238,0.10639030273961926,0.32946346712603,-0.2582060954683298,-0.03659107879637272,-0.2424536938819841,-0.02793046231110576,-0.0051281830655375855,0.41347463470765244,-0.24835957770818473,0.062483318349777724
0.025414056968735308,0.05289972193628992,0.6738371523207891,0.03802399758147134,0.007317023433174004,-0.9985190021510459,0.03821569205552187,0.009710062043928264,0.043186114594579814,0.000686438759095181,-1.354829660151488,0.6183806536609682,-0.4912397742193733,0.11884461087686564,1.395234413832368,0.3274652484365623,0.5864729972788827,0.0334800498943627,-0.1718385360715448,0.025003564469569205,0.10554629394090632,0.32922277057830224,-0.2584312479797747,-0.036464502955890314,-0.24124828947364935,-0.02820238971253406,-0.005987375251432715,0.4133638954749588,-0.24886490022994984,0.06272138753151199
0.025274028364728054,0.05277333332369493,0.6738092211634751,0.03779547244414697,0.007422367898553012,-0.9984948455960116,0.03904425739720848,0.009544011520720335,0.04318746222877573,0.0027956333167572754,-1.3541927155213758,0.6197972382085861,-0.4906928806154805,0.1186846270663581,1.3947489064366085,0.3270844025672415,0.5872070784426108,0.032692652705396764,-0.17096336299488749,0.024833072277211547,0.10476791603103187,0.32882562726315795,-0.2585783770801426,-0.03652508067604106,-0.24007845070870812,-0.028410255771906187,-0.00682070056187173,0.4131608473156013,-0.24930162587032156,0.06304975509764559
0.025131211826457094,0.052650105380377135,0.6737742097862118,0.03755851832658478,0.007538040576314922,-0.9984736486129709,0.03978578478405848,0.009371884874896826,0.043184425844825444,0.004962808701709922,-1.353593893855449,0.6209902680857816,-0.49022484069899824,0.11840359367932089,1.3943326698291434,0.3268448075426165,0.5878634863027435,0.03204127635167941,-0.17008961778708614,0.024697458780764164,0.1040343311808349,0.3284730690046739,-0.25873907190940143,-0.03659714402763375,-0.2388667505590279,-0.028585438089068087,-0.007624505251127355,0.4128853851543759,-0.24968277466260266,0.06343756652655334
0.024944846979017603,0.052531556497705474,0.6737518232819718,0.03731914237568823,0.007645050740354629,-0.9984556524827587,0.040436924175184005,0.00919173896048427,0.043177177754301334,0.00709962684264019,-1.3531506138673082,0.6217399504405204,-0.4896922316499384,0.11801279709225353,1.3940240629081178,0.3267594890441969,0.5882822562696545,0.03153378972980312,-0.16926162914928136,0.02455763773391153,0.10330645950648779,0.3282948544256441,-0.2589543864149968,-0.03649058742989053,-0.2375702503412022,-0.028771193949936068,-0.008416623827069009,0.412486780004379,-0.24997704004507104,0.06384459410162176
0.024806410415288943,0.05236458891868561,0.6737224781833485,0.03712460021032455,0.0077402807373646325,-0.9984395675902001,0.04099124276750914,0.009002699250116306,0.04316447461752579,0.009061836406702961,-1.3529013155172767,0.6221230246791634,-0.4888772334238738,0.11739162415349527,1.3937148220208249,0.3268666709324238,0.5883598790140475,0.0311705344001819,-0.16871093413859103,0.02435790832930215,0.10256504455716738,0.3284510698433082,-0.2593082887012565,-0.0361125261834961,-0.23632019738591672,-0.029027199565442603,-0.009204018002128698,0.41192937745382735,-0.2501810580890196,0.06427363478571778
0.024618872619975626,0.05224733302950138,0.6736898513831446,0.036950721639256036,0.007844582425529397,-0.9984238211647427,0.04150879458261178,0.008809509535945089,0.043150046096475395,0.01112610687013024,-1.3525574579758466,0.6223987427873853,-0.4881905639090328,0.11687018745489895,1.3935253647652295,0.3270482941186662,0.5883675350847208,0.030845999582290378,-0.1683271485088611,0.024217727340708307,0.101818062905496,0.3289004492898071,-0.2597702081244833,-0.03550239466935884,-0.23504248661504926,-0.029235544118832776,-0.0099942731616957,0.4112616182044214,-0.25030112737422455,0.06477520589992974
0.024446989949158247,0.052114619050719145,0.6736568536191099,0.036787667653224075,0.007939058763655775,-0.9984081420166574,0.0420097704043899,0.008613226125404322,0.04313565241131511,0.013113134516580933,-1.3522872986241024,0.6222831613234742,-0.487612887251001,0.11636814321663427,1.3933113485090791,0.3271664359934081,0.5884029697351454,0.030531033007293526,-0.16799788877424254,0.024048956595333737,0.10109149912138642,0.3294143860079052,-0.2602841908527164,-0.03484805312599353,-0.2337712362723493,-0.029469582443040522,-0.010759117933532597,0.4105369474520241,-0.2503918419038404,0.06524652262885192
0.024330905599522827,0.05195696687332654,0.6736288004133356,0.03660323744148858,0.008027994241500434,-0.9983921599353947,0.04253056896866054,0.008417689625071039,0.04312139709045939,0.014881154382292946,-1.3521885197628993,0.6215138179759356,-0.4871573226734881,0.11587190845386533,1.3931336832828831,0.327062753443384,0.5884843682596584,0.030176806668322138,-0.16757892256960755,0.023853644107204176,0.10039071288517278,0.32980177148871836,-0.26078815773808406,-0.03430496591476875,-0.23251220682440754,-0.02972795267745033,-0.011498660578734537,0.4098758028504937,-0.2505281386569233,0.065606887296848
0.02413632870349906,0.05185187584304051,0.6735981122525541,0.036384494045605946,0.00811938856632765,-0.9983745620287081,0.04311006861905492,0.008225675185133195,0.043119769404063854,0.016960147952637634,-1.3518882525087366,0.6198735195320668,-0.4875929919794388,0.1157439739429842,1.3930657981549683,0.3265308617996549,0.5889759655351589,0.029703350499236163,-0.16690136421684335,0.023710114658692022,0.09973480359948445,0.3299552556907592,-0.2612474743802423,-0.033890083356122196,-0.2311595001266807,-0.029929100931600693,-0.012201321971239394,0.4092842025698956,-0.2507204496046877,0.06581542453419517
0.023935281534633993,0.05176806293736554,0.6735723945043675,0.03615631738686067,0.008202994730954444,-0.9983569962364562,0.043689125147855334,0.00803403683936472,0.04313449415561509,0.01917040252246976,-1.3515763417917765,0.6173521533024771,-0.48865548953615773,0.11569268163001889,1.393037265841765,0.3257325893553416,0.5896571486034428,0.02921419635283505,-0.16609123264995004,0.02356988365175714,0.09912785437183655,0.3299399717187558,-0.26168431416738613,-0.033561927684411644,-0.22979423982877795,-0.030119692704918457,-0.012857273480196272,0.408726618465045,-0.250953767617352,0.06589802755133349
0.023818111726401473,0.051607906052597366,0.6735289003388623,0.035940977555990225,0.008275428333104788,-0.9983400703712468,0.04423649295951554,0.007841546209081878,0.043162536191521536,0.021276050461105225,-1.3513986713066704,0.6143659282584075,-0.4898370267334774,0.11555665664659213,1.392915251763614,0.32492656847225326,0.5903061507455022,0.028776028968002416,-0.16531767805598868,0.023352624318224085,0.09854000642172996,0.32985903085147944,-0.262111617785508,-0.03332800255971035,-0.22853821387306492,-0.030384322498370427,-0.013491984290342682,0.4082338635158862,-0.2512391277073898,0.0659244980884665
0.023650000078370433,0.05142045066575946,0.6734832070105721,0.03574670752586787,0.00835398801825576,-0.9983253454211771,0.044708930594883116,0.00764836297638775,0.04320739633300233,0.023434332921285286,-1.351161983287801,0.6112662416371181,-0.4911144878512596,0.11553573761473022,1.3928492120676028,0.32430463413739796,0.590963842324616,0.028490368667911437,-0.16457983837932827,0.02312467394642233,0.0979381512364366,0.3297654744026182,-0.26247321811417396,-0.03311504670386795,-0.2273353761088244,-0.030653755956675716,-0.014149427898998177,0.40777962537776885,-0.25151136118948536,0.06604124032741329
0.023525510558126288,0.051273919767322304,0.6734531779977035,0.03555270494689789,0.008437303227683891,-0.9983039712308971,0.04532105592131554,0.0074746555083432566,0.04325115055808494,0.025012297460487797,-1.3509905354094605,0.6088765725052709,-0.4919507399052761,0.11570292974692341,1.3928678131578474,0.32360820769342,0.5915336762758054,0.027974229800835988,-0.1638926671603274,0.02292058126623522,0.09728182369851433,0.32963130413891745,-0.2627374015040548,-0.03296907365850666,-0.22612503432184894,-0.030895393021474895,-0.014876666125729519,0.4072439457009904,-0.2517424207693975,0.06633509827565572
0.023381674944474826,0.05110448809048547,0.6734389401866698,0.035438434994399644,0.00852834776185618,-0.9982872111834813,0.0457605572202513,0.00730113265514455,0.04331233282011218,0.02664846339666469,-1.350852138653066,0.6057096909913429,-0.49287300031524217,0.11576501456557999,1.392881796605408,0.3230062676010859,0.592081797472541,0.0278096648674252,-0.16334312005654367,0.022702953596490712,0.0966190972293627,0.3294066389382627,-0.26290476012528846,-0.03289782327624323,-0.22506879059124332,-0.0311435322543765,-0.015624550526354152,0.40667081413554124,-0.2519416923376388,0.06673749293296005
0.02321638088186005,0.050959249412229096,0.6734204837784386,0.035320547033201435,0.008609533883412103,-0.9982727413429497,0.04615050135391552,0.00713508856161987,0.04338074207382239,0.028150252898870957,-1.3506985907661424,0.6027639559997287,-0.4937722138246439,0.11574393940255207,1.3929551819875476,0.32269003629279286,0.5924557047346942,0.027726816095971274,-0.16279039476034599,0.022481802559740863,0.09596977953919987,0.329195994455965,-0.2630517387020285,-0.03278209854248066,-0.22404970060434676,-0.03139558206922804,-0.01636174084933393,0.4061791412106982,-0.25214461272865174,0.06716398743794026
0.02306658572056328,0.050820151090272776,0.6734183136059768,0.03521919042002888,0.008678312578870044,-0.9982592645416494,0.046505228455588195,0.0069798613438715375,0.04345021749173758,0.029329884829861062,-1.3505976751249036,0.6004622223326722,-0.49445573881302235,0.11561054695641422,1.3930354128341802,0.3226284381658094,0.5926832504454802,0.02761924604291828,-0.16229693783297433,0.022243846443736857,0.09539552897165,0.3290482737221358,-0.2632359243857782,-0.03251224422089407,-0.22317891495982772,-0.03165599659938407,-0.017015239475095877,0.4058330417381422,-0.2523508177403336,0.06749212921518376
0.022944023005055467,0.05067942850102373,0.6734070288203512,0.0351419488879153,0.00872557506385046,-0.9982440329063202,0.04688025741279163,0.006841697702425918,0.04351409612626344,0.030078031556529803,-1.350554672168112,0.5991762735303188,-0.49482983278953874,0.11546683128376786,1.3930782649816766,0.322704346420957,0.5928699971170018,0.027333786043825404,-0.1619261188081207,0.021963698651210298,0.0949216518908945,0.3290739622907294,-0.2635373195631909,-0.031960808920504125,-0.22255981089799756,-0.03195831961564221,-0.017571591609033002,0.4057771571066375,-0.2525971264089568,0.06762461502955901
0.022834943563766977,0.05053540134234715,0.6733870737555948,0.03509269500942502,0.008755633757759635,-0.9982300475878642,0.04720819555125785,0.006716359305259997,0.043570976708113565,0.03054534736056982,-1.350537629988979,0.5984957090504994,-0.49501081950890397,0.11521654010579906,1.3931020032516925,0.32296115447766754,0.5929477061553065,0.02703989841433941,-0.16168432925806317,0.021648690914122144,0.09452711624340925,0.3292553461181433,-0.26393343827515325,-0.031193176303984202,-0.22217117755248786,-0.03229232880012827,-0.018048902600642715,0.4059785851739708,-0.2528955282002352,0.0676240194270938
0.022689217792685203,0.050396479851287604,0.673374528679127,0.03506536761955119,0.008777783887116392,-0.9982136640739955,0.047569437243940374,0.006609204327166479,0.04362498502391825,0.030759337866189382,-1.3505110081811076,0.598397325247784,-0.49508957112108704,0.11512148100175973,1.3931149754338372,0.3231990625926008,0.5931374690571866,0.026630200361979252,-0.16147678984783492,0.021335458904773154,0.09418137337738933,0.32946167633971946,-0.26433389456179485,-0.030417060387800458,-0.22185107254512015,-0.03261798009272149,-0.01844721155487831,0.4062179652307273,-0.2531893287486757,0.06761649523202906
0.022552945237175374,0.05021487493129894,0.6733388921010006,0.03502364106989138,0.008796374084738516,-0.9982062939749867,0.04775105274117956,0.006502518393752243,0.04367484532595681,0.03092397538796833,-1.3506072970170495,0.5981192793602934,-0.49511517575859565,0.1147060374085565,1.3931662116191674,0.32408895482120165,0.5929366118806885,0.026597245445539416,-0.16117640544485004,0.02099159596884572,0.09384302113065873,0.3295237582157669,-0.2646697976477324,-0.029859232682739528,-0.2215051521167141,-0.0329643494679832,-0.01876735104108333,0.4064595551269121,-0.25355150548640243,0.06775030584215336
0.02240137393283321,0.05004937372478656,0.6733226208981244,0.03500911994072317,0.008820712101815703,-0.9981932383984777,0.04802931786474229,0.006414789821621825,0.043733466673972675,0.030814105009301117,-1.3506495786379609,0.5982557125396859,-0.4951273054886302,0.11450342694985362,1.3932607536482755,0.32482508682683875,0.5928053670932018,0.0264060152343336,-0.16084921346298114,0.02068463694411462,0.09350158172172994,0.32940642209359067,-0.2648863343126059,-0.02967009478593288,-0.2211042014280767,-0.033253085792280326,-0.018986125650898456,0.4064874343293804,-0.25389093791153294,0.06810988920816029
0.022275408924376926,0.04988442388364926,0.6733260479074552,0.03499711890245805,0.008848871504462527,-0.9981818971302612,0.04826799543234645,0.006338946432471853,0.0438000366149218,0.03052338829968775,-1.3507185064438123,0.5986877009071975,-0.49509283329250214,0.11423826479278915,1.393415682143338,0.3258537920174055,0.5925439806731556,0.02628466337359341,-0.16045401819448013,0.020397419424848028,0.09319340488534664,0.329116931643471,-0.2650015829239787,-0.029741808317085,-0.22064464072076448,-0.03350260349728493,-0.019096060066975805,0.40634341180902306,-0.2541889857656254,0.06862695325635106
0.02215000935364306,0.04971691295009173,0.6733215020199739,0.03497624497185609,0.008871787660486904,-0.9981724323507757,0.048474209290217035,0.006274959607941401,0.04387046333389697,0.030099560432225576,-1.3508111165140262,0.5993828592129088,-0.49499132480246755,0.11396683574043714,1.3935892011320676,0.3270446500336466,0.5921885874344347,0.026225272354124484,-0.16001666676711157,0.020101600534742275,0.09289424601420021,0.32877331397981185,-0.265072451059541,-0.02987520630485219,-0.22015320325724344,-0.03376380953210223,-0.01919572156983852,0.4061636876334203,-0.25447612255175794,0.0692000292860129
0.022003600510332087,0.04959909455015992,0.6733234071098566,0.034956348748518246,0.00888984907047253,-0.9981635472228143,0.04866782572957523,0.006224410171406744,0.04393868264952832,0.029587383465705327,-1.35090509651168,0.600342744442536,-0.49489974117015245,0.11372958639982343,1.3938556029736937,0.328251740099958,0.5917950907191714,0.026187496304889278,-0.15956965341954762,0.01980458240217912,0.0925910188004078,0.3284188201472018,-0.26512599041095775,-0.02983727779651129,-0.21966386711465838,-0.03404022039461406,-0.01937778967377037,0.40601143455629357,-0.25474991070425335,0.06974129795554422
0.02188778590672571,0.0494450870470371,0.6732975107719394,0.034946901678213856,0.008880315054239193,-0.9981540274548197,0.048871172927945274,0.006188012215036958,0.04399457730935324,0.02884062700145254,-1.3511487320557702,0.6017475976683505,-0.4946504532867749,0.11347193117859336,1.3940146527654838,0.32946471052662296,0.5913573102189053,0.026121373673940632,-0.15918946065032666,0.01939781983603812,0.09227688687934557,0.328122642489179,-0.2652075283925237,-0.029560616040377834,-0.21926260339215062,-0.03445869764186204,-0.019677924435753,0.4059783399729822,-0.2550669444684561,0.0701999558168922
0.02174215501787628,0.04930674990442361,0.6732885986944868,0.03494978168032296,0.008861357132331717,-0.9981433765196032,0.049089601957199795,0.006143224145107702,0.04407754357845939,0.027946456630977546,-1.3513986754873988,0.6037462554101445,-0.49436523617856865,0.11328467411726736,1.3942139702317435,0.33079123911920433,0.5908766276733661,0.02605385003164947,-0.15878366050884324,0.01894076968876087,0.0918994025002738,0.3277466000022547,-0.2652375792525134,-0.029043903205621342,-0.2188645464071759,-0.03494406478157147,-0.02011597307430898,0.40596585122458145,-0.25540940651943483,0.07070160373742494
0.021624255250715967,0.04913959557698671,0.6732622198483187,0.03494630224271721,0.008835179278959516,-0.9981329155477598,0.04930900999611737,0.0061283382162799,0.044118332649527275,0.026891497960942888,-1.3517358934033556,0.6058102009999331,-0.49395195141707837,0.11311235760981629,1.394405776460632,0.33193655964706176,0.5904150129584255,0.025955985144854667,-0.15842178293644585,0.018467760836816546,0.09156223444331549,0.3274575740164479,-0.26530757083920864,-0.02855297566008478,-0.2185041136884471,-0.035451508807917295,-0.020526892279147443,0.4060026416566175,-0.25573988240997514,0.07107806409558183
0.021492581995038784,0.048974657648635685,0.6732584093616262,0.034974408599117934,0.008806809977081043,-0.998124397806277,0.0494663253640875,0.006131789909608426,0.04413658055487847,0.026070365252408422,-1.351947280724678,0.607235875067497,-0.4938661149598188,0.11304460261325848,1.3946398584607265,0.3327463857457037,0.5901728512978953,0.025964395097963444,-0.15809482653787774,0.018017770112031924,0.09127772907843339,0.3271287714812027,-0.2653545190902854,-0.028211792607170723,-0.21818991404709992,-0.035919017140431705,-0.02085634517183672,0.4059890868700048,-0.2559982683775796,0.07132908448395335
0.021378110286476213,0.048848401311313155,0.6732689602041259,0.03497774647808911,0.008788481955746908,-0.9981182469334344,0.04959117839651518,0.006143207128546531,0.04415259559837139,0.025159753087991323,-1.3521358522075495,0.6086753183627506,-0.49369147202441205,0.11293407168024173,1.3950845968995282,0.3334817525441287,0.5898471594402868,0.026073945590497295,-0.1576816758786652,0.017629830420982085,0.09094252575190034,0.3266875880826002,-0.26537061782619703,-0.02794619039276022,-0.21778278306183507,-0.036304013387210364,-0.021206248069210797,0.4058715850533945,-0.25622687053467424,0.07149809378284519
0.021271646080568786,0.04871215604725265,0.6732686569548364,0.03498210172411938,0.008767544810871343,-0.9981145375260908,0.04966641416520747,0.006159892196229797,0.044169781443938134,0.02420734650453185,-1.3524336727085837,0.609896777704704,-0.49343713453302346,0.11277062217055873,1.395671120451784,0.33404172477513094,0.5894748656830149,0.026292908039014334,-0.1572508485399792,0.017246327522838077,0.09059843706414575,0.32620533492616977,-0.26538774305980933,-0.027766782900388635,-0.21736311626061006,-0.036674035117757034,-0.021548436706569127,0.40571838831070467,-0.25643774796098895,0.07155403812374393
0.021141492347638638,0.04857132238257136,0.6732514981575611,0.035009259999415905,0.008739631612095797,-0.9981120950887381,0.04970126951243191,0.006180518809300115,0.04419835628890616,0.02341784631690105,-1.3526406068966326,0.6108164571665178,-0.49339768977989923,0.11276098772290664,1.396202813905246,0.3345362594185418,0.589299495655337,0.02659535439215349,-0.15683972460399728,0.016849429011616207,0.09026008124793213,0.3256963805330331,-0.26540313825126904,-0.027620019431312648,-0.21699819158621544,-0.03705595496706812,-0.021877612814535773,0.40560322516288855,-0.25667248831569267,0.07158875166697712
0.021011086420711325,0.04842728169303661,0.6732305372829887,0.03499576644258475,0.008732050185388683,-0.9981094794173233,0.04976459311533835,0.006208787463243097,0.04422954915486339,0.02250546923264508,-1.3530220922572407,0.6115879177367114,-0.4931773135010487,0.1127293646631875,1.3968689874027607,0.335069496460133,0.5890403811875911,0.026829756923061665,-0.15636058784747905,0.016502894622856944,0.08993667500221553,0.3252250199745973,-0.26542548952267636,-0.027460815468820458,-0.21654133216505894,-0.03739172400368089,-0.022197152879289493,0.40548400619023767,-0.25691165615429745,0.07169539398114622
0.020873722182646774,0.04831801939247041,0.673244391632888,0.035045096076105134,0.008716502663417433,-0.9981023489422617,0.04987549356421834,0.006246004603819977,0.04428383316494666,0.021809953025502846,-1.3531748788784634,0.6120434699998062,-0.4933456971212323,0.11301618307962052,1.397286654009063,0.33548224352186284,0.5891951891412123,0.026954260354812035,-0.15596802910865912,0.016146581944674863,0.0896504132397387,0.3246666663637621,-0.2653745196678262,-0.02726361579971836,-0.2161999330713598,-0.03773495011329975,-0.02247941466032524,0.40533194617466894,-0.2571351947504291,0.07194831294377106
0.020747393805575488,0.04815645168614641,0.6732382549156095,0.03501531960023794,0.008728432469797797,-0.998098647246855,0.04996831219793993,0.006287999686690377,0.04434398607441136,0.02104315874833593,-1.353594534242905,0.6123391289887309,-0.4932788431245757,0.11326855114018247,1.3977671988236005,0.33617623832624743,0.5892944156373959,0.02709182394473802,-0.15541171922873556,0.0158350701027691,0.08939087989451146,0.3241111695275314,-0.2653122776659916,-0.027079782190441718,-0.2156972378690294,-0.0380343822140877,-0.02273124302481749,0.40517374730725353,-0.25734920574343534,0.07227493779783462
0.020600440147185713,0.04799787224102558,0.6732465455410614,0.03502144306745706,0.008732765372304675,-0.9980924048788483,0.05008780947078615,0.006337790558510589,0.04442147635007195,0.02043348785820662,-1.353939563354572,0.6124426851409068,-0.4934776710234883,0.11375227249654081,1.3982338265491538,0.33666974960844653,0.5896261309382391,0.027171141821308878,-0.15490936967066243,0.015506893228444533,0.08913310986751534,0.32355383505678487,-0.26524976823800256,-0.02688973287521775,-0.21523936190997908,-0.038351907442091424,-0.02299073842362095,0.404991359998207,-0.2575525655151486,0.07260540004510367
0.02046273508277962,0.04784242146210077,0.6732511851926227,0.03495461884388511,0.008753617792683256,-0.9980925138533314,0.05012866033473314,0.006386782167373671,0.04449278387376428,0.019745962982879808,-1.3544169342051453,0.612387274345229,-0.493440085909249,0.11386507115254804,1.3989282278953605,0.3373587372519051,0.5894327470954539,0.027412652101862736,-0.15429371992896954,0.015233135327881751,0.08885319254857457,0.3230788533689054,-0.26523620347089283,-0.026692338834108775,-0.21461162382110832,-0.03862127128558451,-0.023297812835573854,0.40477444231965015,-0.25772278167212553,0.07285216106233512
0.020307901829702848,0.04769450401646264,0.6732539825527278,0.03489895378370522,0.008759266349179149,-0.9980930231860052,0.050156309127035045,0.006436829872809051,0.04455970919164649,0.0191944037052819,-1.3548816809464699,0.6122441230284821,-0.49359483164356105,0.11404125457800791,1.399662531017204,0.3379467439126141,0.5891605960496968,0.027691558898130308,-0.15376419519730872,0.014937287503577621,0.08853068304952036,0.3227740978216408,-0.2653222461283488,-0.026456365912566306,-0.2139849842356421,-0.03892557610560788,-0.02368056999784328,0.40456641489569245,-0.2578836552592729,0.07294296035867592
0.020178875974862467,0.04755852720241607,0.6732479781273967,0.03484398470164795,0.008756311376522156,-0.9980946825728755,0.05016202110101773,0.006486201706946587,0.04461997314774048,0.01873559342714423,-1.3553066721685612,0.6119763410883626,-0.493917309765813,0.11421628669530567,1.4003899654217233,0.33851774176138594,0.5888192892356559,0.028023746239883858,-0.1533116575613507,0.014630694647714411,0.08817972621973105,0.32261207903902006,-0.26550245099224323,-0.026185783352598156,-0.21338287444752851,-0.03924909719970402,-0.024116572264709597,0.40439321249197735,-0.25805696434433373,0.07292743545414873
0.02007393479415602,0.047434557475898205,0.6732327408420152,0.03479849145023939,0.008743933897290643,-0.9980960909910592,0.05016773625702023,0.006535695484576588,0.04467559719977707,0.01838422170284509,-1.3556701996294467,0.6116322881105946,-0.4944309337420244,0.11447811343260172,1.401063692576122,0.33900398784223684,0.5885404568804851,0.028361787046089503,-0.1528863940311226,0.014311589114628091,0.08782733428190534,0.3224416367431254,-0.26569565111945975,-0.025955855951832404,-0.21282953017265432,-0.039589375972697405,-0.024554238907385315,0.4042577241136779,-0.2582687171040308,0.07289612196647835
0.019921922345737853,0.047312735302553914,0.6732084171311029,0.03472128693701554,0.008735700261494646,-0.9980987278797218,0.05017020210502539,0.0065845844352933535,0.044723811274146395,0.018070188077915397,-1.356145596880935,0.611223235956584,-0.4949397710398769,0.11475967490677252,1.401855498499623,0.3394445546179541,0.5882403581270176,0.028700120693508406,-0.1522739947543657,0.01401417566236392,0.08750593918097854,0.32206724075381515,-0.265783594277133,-0.02584402276315869,-0.2121829918754327,-0.03989957351489187,-0.02494358090740341,0.4041091366333603,-0.25849876438305563,0.07294628405170532
0.019756102819596683,0.04720354684082823,0.6732010142373136,0.03473731164970688,0.008693622661063683,-0.9980930833587983,0.050278594408597284,0.006640532852177778,0.04478385213565011,0.017894250924796042,-1.3563384946896786,0.6109883851326081,-0.4958982131766496,0.11545327693550557,1.4023590437819367,0.3394760302610822,0.5884825180534552,0.028848706010748106,-0.15155820572174308,0.013618801968757113,0.08722187446935899,0.32108835988109985,-0.2655976057335239,-0.025962223524670994,-0.2117130906077001,-0.04028374146332187,-0.025261941273593273,0.4039395429472618,-0.2587856626892886,0.07312738310406951
0.019621239744803107,0.04707717452024412,0.673196609993325,0.034690632306489486,0.008670803640681485,-0.9980921329373859,0.05033360073449616,0.006694500857705559,0.044835965730017066,0.017560789499758055,-1.3567619698861662,0.6106063222984779,-0.4965723830496328,0.11590840940521786,1.403033833641928,0.33958651184601657,0.588462008461243,0.029094031836440038,-0.15060461646321224,0.013265724502930242,0.08697139179185358,0.3198618730799781,-0.2652643060343707,-0.026263051803321887,-0.21110500545685942,-0.04061537217766452,-0.02553428141353342,0.40371083225086457,-0.2590770966345673,0.07339067440980715
0.019480978853609845,0.046937901719666025,0.6732070481092207,0.034702706003269336,0.008624284767877388,-0.9980861281441897,0.05045220227534799,0.006752895622692978,0.044895060712715776,0.01738933007595451,-1.356987375730875,0.6103367422907349,-0.4975948733586145,0.11665345328377848,1.403487582880252,0.3394799625021879,0.58877685032905,0.029192361021582736,-0.14973121059970892,0.012846188060599223,0.08674762611912845,0.31857276201931556,-0.26488488154616147,-0.026578883869247606,-0.2106173472756927,-0.041012374731921174,-0.025773410795570436,0.4034793158750566,-0.259362376098826,0.07367614132648097
0.01936006675013528,0.04679557028845041,0.6731939044581938,0.03458739930428872,0.008607074125146994,-0.9980872867483773,0.0505113662023886,0.006809017317512513,0.044927899039318736,0.01685581518009785,-1.3577395089940578,0.6099711335306951,-0.49800251541387097,0.11690707869198642,1.4044033140671897,0.33961268593407196,0.5884240796537762,0.02933295524401565,-0.14876755834702465,0.012527015165480316,0.08655829038791707,0.3176472715751201,-0.2646790745206072,-0.02670303938604958,-0.2098975413681336,-0.0413196188874818,-0.02599621261650287,0.4032632787373605,-0.2596002790657077,0.07394146357869211
0.019221351697090976,0.046677413289827684,0.673187316340645,0.03453035622330878,0.008568845341380662,-0.9980858533113618,0.05058516391529262,0.006866633791443107,0.044951426647808705,0.016543723201361923,-1.3582204111682898,0.6096908361142575,-0.49880077502254594,0.1173801377631239,1.4050749786815178,0.33972999414299143,0.5882845953412379,0.02936125212140861,-0.14813186526339753,0.012183988929104285,0.08641206696681883,0.3172019065745659,-0.2647139329991686,-0.026499487238879047,-0.2093257702180599,-0.04166399344329354,-0.026190872028187456,0.4030900753353809,-0.259788743880731,0.0741837043708072
0.019092259496707245,0.04655692942821449,0.6731680948415774,0.03440654190312445,0.00852852802857965,-0.9980891208897876,0.050611864670101,0.006921515607653808,0.04494919853794768,0.01611078170999402,-1.3589510248971424,0.6093673647916769,-0.4994175256268523,0.11762347849186913,1.4058590291354003,0.34004915368271094,0.587868871788777,0.029411374941564893,-0.1475598178629143,0.011866609879944787,0.08630918068066959,0.31717805128381316,-0.2649570844359221,-0.026069111274549837,-0.20865482591286844,-0.04199640476703879,-0.026353397462254655,0.40295857116783745,-0.25994710231587276,0.07441590448330276
0.01897937341846909,0.04643468130479616,0.6731477057649816,0.03428805372859753,0.008485381743648494,-0.9980912274109818,0.05065796515266698,0.006977160886995443,0.04492322471329966,0.015588737370198419,-1.3597920921970683,0.6090134824387222,-0.4999122863773381,0.11782812432474517,1.406637545645069,0.3403393351402691,0.5873590420813537,0.029398543782495033,-0.1470745215700256,0.011549823606760002,0.08622386201874682,0.3172970802725842,-0.26528838164151275,-0.02559198666251383,-0.20803473817667326,-0.04233146197197826,-0.02649376681614768,0.40286777697547294,-0.2601043232605817,0.07462033112191407
0.018860587669038663,0.046317076628456876,0.6731360235520195,0.034220266066667,0.00844793180840575,-0.9980894398670928,0.05074520533291553,0.00703371721180582,0.04488863094646286,0.015291999849261483,-1.3604028411029463,0.6084855035135847,-0.5007057195275326,0.11823147257918708,1.4072263901932818,0.34044795572879666,0.5870928868778919,0.02931778121446696,-0.14666988503501746,0.011249342345841374,0.08614169839503426,0.3173434441808994,-0.26559032637869345,-0.025251270429757867,-0.20754359878186662,-0.042643855410224814,-0.026610740925574052,0.40281816800023224,-0.26029111683376627,0.07477987356861442
0.018744851883661214,0.04620017006867094,0.6731364707805684,0.034193386264186124,0.008425508661852701,-0.9980814990524193,0.05092292596515124,0.007092959004217593,0.04485539594879152,0.015231300669418293,-1.360729499543609,0.6078505339494328,-0.5019063874742052,0.11888536370885541,1.4076020267033449,0.34034714497151536,0.5871245924539287,0.029076365965504593,-0.14629652716210048,0.010991072602234427,0.08606635901193686,0.31725200396862063,-0.265833664972109,-0.02514782683361591,-0.20718690807076204,-0.042908924422633894,-0.026698818294599413,0.4028460386219508,-0.26051922390194876,0.0748532666211781
0.01861834414228299,0.04612445364121245,0.6731424512476558,0.03415976661806154,0.00842222450510556,-0.9980736110484811,0.05110032688378717,0.0071491879265629,0.04482182749973998,0.015344472047838778,-1.3610044092886944,0.6068633701324575,-0.5033240123267937,0.11953379744947867,1.4080506760755631,0.34021062946403247,0.5871396757452082,0.028832023492783555,-0.1458782101008647,0.010813243579145124,0.086015808478933,0.317088447105667,-0.2660382003962799,-0.025173608488552577,-0.20684945220374437,-0.043086269053677684,-0.02675455630408109,0.4029274463876768,-0.26076609899708936,0.07487408504114668
0.018500458707485234,0.04602176949939216,0.6731112826083422,0.034079087211274534,0.00841612977568976,-0.9980714606590482,0.05119710921876934,0.0071965756447956546,0.04477638572745307,0.015319062945770819,-1.3616133734522127,0.6055485781450726,-0.5043297373978074,0.11980525058429432,1.4085938345781108,0.3401722027548854,0.5867273205606888,0.028746567590273813,-0.14538062090952156,0.010630142013678803,0.08596705428128072,0.31695221678430907,-0.266267089080123,-0.02526511877767281,-0.20645313276984842,-0.043269533219394314,-0.026798302321093422,0.4030678761303566,-0.2610592424082202,0.0748824242312179
0.018370620779181657,0.045966771508219206,0.6730918258445228,0.034024259095158396,0.008397807203560355,-0.9980664376989083,0.05133432152281786,0.0072445500026847385,0.044724880120180895,0.015286985460532566,-1.3621695430379124,0.6043956997554295,-0.5053002788169038,0.1201626291580071,1.4091888042032423,0.33982275961550107,0.5863615292867932,0.028596425073942718,-0.1449422785405682,0.010443942545052301,0.0858871644758475,0.31681725160903573,-0.26647359943051513,-0.025293521466734033,-0.20608753225634582,-0.043457199444178723,-0.02687014414175224,0.4031725073436885,-0.261351683819793,0.0749760547556035
0.018268629218678976,0.04588867139295049,0.6730567215738245,0.03394142453172222,0.00835005827781008,-0.9980630813272472,0.05146204347939262,0.007291701613587062,0.04466022986098513,0.01502876576343799,-1.363075570058397,0.6032844218122295,-0.5058452250569562,0.12038692144151425,1.409859136841645,0.339139794011802,0.5858307052658511,0.028464953962678362,-0.1444751680471913,0.010177775012926263,0.0857761863368634,0.31671244186085484,-0.2666760182722437,-0.02526478245182699,-0.20565655341612368,-0.04372287961192306,-0.026960973744864575,0.40323276234041433,-0.26164996088710585,0.07518411052473183
0.01815479849938505,0.04581405329398699,0.6730328261916204,0.03390860174270841,0.00828883478278098,-0.9980572575878313,0.051606322500787824,0.0073389246991053,0.04459828680077002,0.015022542172968913,-1.3636937892718837,0.602216709847486,-0.5066822022558591,0.12087811184255759,1.4103793421213462,0.33810604313026327,0.5856046012931002,0.02830690175811159,-0.14410517460825803,0.009878868029939897,0.08563246281382583,0.3165873638365923,-0.26684434348195163,-0.025201540755069106,-0.20530170270120193,-0.04402076221374292,-0.027073944580502184,0.4032457437573894,-0.26194188372515775,0.07548263881437553
0.018070446904521913,0.04574890470786863,0.6730198917597174,0.03384793613455631,0.008226274730420395,-0.9980523493103448,0.051750880761507904,0.007386075803427703,0.04452801226321665,0.014814671403579446,-1.364532397992081,0.6011538109196474,-0.5071870218437966,0.12119297948976542,1.411020757925146,0.3369160861751602,0.5852275348186387,0.02816463711730875,-0.1437152558360671,0.009582312749657595,0.08547060231481438,0.31648112296381953,-0.26699535933761753,-0.02510295548167592,-0.20488302595917982,-0.04431891065668999,-0.02720851289494377,0.4032045368454221,-0.2621994873578872,0.07579680291475172
0.01796220529257619,0.04568409920610747,0.6730404265324303,0.03381858124697992,0.008172931502857745,-0.9980468825522397,0.05188378340914165,0.007430741511990004,0.044454955970011145,0.01479541247682506,-1.3651946193143243,0.6001873681410813,-0.5077739685974924,0.12157885092483227,1.4115071971850075,0.335822413465335,0.5850339410572438,0.028082720324017353,-0.14336892981258986,0.00929759087322807,0.08529368697467823,0.3163075435895127,-0.26707222947567,-0.024966604348742066,-0.2044919296338527,-0.04460367748710459,-0.027368676316719267,0.4030971733724661,-0.26238441570036397,0.07603862193280556
0.017879777040656193,0.04561653970634875,0.6730363896099056,0.033789371138437906,0.008129179971759284,-0.9980423108662516,0.051997505246000865,0.0074720239862872,0.04436630855227232,0.014624803178766764,-1.3659397265816267,0.5992805998550806,-0.50805060043406,0.12173986109098252,1.4119368682021822,0.3348465714299325,0.5847535826008399,0.028093572293702154,-0.14311265110060647,0.00902449986561506,0.08509461716141635,0.3162195398354719,-0.2671731267933994,-0.024761012836872688,-0.20413657637447588,-0.0448927163867542,-0.027567012570939815,0.40301101744849405,-0.26255873757115306,0.07615796423864782
0.017808366674170135,0.045546330704928535,0.6730184491471464,0.033776481679835234,0.008089980573253849,-0.9980381676149374,0.05209143387807611,0.007509472325096418,0.04425932038113213,0.014428739532993938,-1.3667050155501361,0.5984232936318595,-0.5081499928684003,0.12178480434387672,1.4122844947036803,0.3339397283768112,0.5844538422227672,0.028189020848761022,-0.1429388559354121,0.008749127415902072,0.08487073489234624,0.3161618886354941,-0.2672799591176513,-0.024493881677677905,-0.20384060472084686,-0.04519134686914298,-0.02780083951683042,0.40294439893440087,-0.26273035671944023,0.07619358701935085
0.017731649882470807,0.045490158450601316,0.6730106153079861,0.033773099561347705,0.00805895036274714,-0.998034200705976,0.05217437384629785,0.007542959967306292,0.044140976566518615,0.014332474955137812,-1.3673245404614218,0.5976472195706053,-0.5082708535280958,0.12182941574734582,1.41254948478538,0.33313389855645426,0.5842395708227212,0.028307263777540347,-0.14280227386619565,0.008509781817411941,0.08464348165585225,0.3161269396053793,-0.26738064662893707,-0.024234584637600195,-0.20355461022667526,-0.04545566042866778,-0.02803850452086065,0.4028561278691721,-0.26288400653294414,0.076210897572468
0.017654761337557636,0.04543822644373051,0.6729971010431566,0.0337567600171471,0.008034449161496612,-0.9980302401277246,0.0522644101699452,0.007572818100960172,0.04402081057406921,0.014341461837432248,-1.367833212259834,0.5970132796726191,-0.5084505635577996,0.12191829706003038,1.4127396487534765,0.33246496879728155,0.5841254747876894,0.028374601835834224,-0.1426072565293508,0.008310907734839751,0.08443722097554955,0.3160730454628983,-0.26748634783880876,-0.024074461704491484,-0.2032485474559968,-0.04567101184524874,-0.028250094595310023,0.4027802260548328,-0.26304751522968456,0.0762719366002421
0.01757453851540749,0.045386963806728145,0.6729816099331956,0.03371092067983271,0.008037455153019658,-0.998026637770644,0.05236223297190991,0.007598821510766774,0.04390913083981306,0.014449867864069082,-1.368128627441715,0.5966138912785222,-0.5086523225141444,0.12203472606689551,1.412833677518691,0.33201320685391156,0.584076946315753,0.02836779207216049,-0.1423342881452091,0.008210825496802307,0.08426310736123777,0.3160301597491283,-0.267595539608815,-0.024083898127321934,-0.20284907947697123,-0.04577686029355268,-0.028423028503878886,0.4026454217131391,-0.2631927563297032,0.07642521388700368
0.017483286674364933,0.045351329004293214,0.6729694187466887,0.033639825127923996,0.008031767342694065,-0.9980209423023382,0.05251715533678706,0.00762580427931335,0.04380910079952665,0.014386219213293769,-1.3685952026216057,0.5963712721121488,-0.5085791099680226,0.12214758851782798,1.4129733213817277,0.3314360259080277,0.5840245898890793,0.028218166966540028,-0.14196926365552573,0.008126504269710491,0.08411268438876135,0.3159509692529572,-0.2676790241504645,-0.02421548126901058,-0.20237306624592216,-0.045860320220128634,-0.028565946569658083,0.40247119057551434,-0.26331203273514125,0.07664369714611426
0.01739044022670906,0.045319943420214844,0.6729638768837658,0.033552384549563954,0.008025056227650004,-0.9980158767562682,0.052670159540278136,0.007650748598446583,0.0437188514664951,0.014308110117099836,-1.369072703101626,0.5963243714080697,-0.508345313807139,0.12223225261314757,1.4130648443522482,0.3310331649966777,0.5839657479778125,0.02804232893731252,-0.14154135327498849,0.008060364614802543,0.08398454252476961,0.31584346744954445,-0.26776258373862866,-0.024371694463762437,-0.20185221524441158,-0.0459221713438994,-0.028691755039700676,0.40228457295205744,-0.26342670655489164,0.07685293718140625
0.017280356133271228,0.0453029723461508,0.6729299098614768,0.033463183783217776,0.008008345508735526,-0.9980120202860777,0.05280235882803838,0.007671914681630463,0.04363767616707466,0.014297821972868179,-1.3694962388147605,0.5962787457420909,-0.5080931130037597,0.12233629827898415,1.4131140932208992,0.33076525690556713,0.5839680424380685,0.027886224667314656,-0.14112167875281503,0.007990192242183452,0.08387689734517516,0.3158037831567248,-0.26793314181632505,-0.02443792470019987,-0.20137795604385214,-0.04599731835795639,-0.028811768884835668,0.4022256587809905,-0.26362037568923996,0.07698532621880341
0.01719024024416787,0.045287033173983,0.6729053083049459,0.03337774136524924,0.007989207836578749,-0.9980108041175504,0.052882263606420794,0.007686935182466578,0.043565496752806396,0.014382973889162579,-1.3698325140284795,0.5962003926915467,-0.5078548124134875,0.12236375063266285,1.4131148387891044,0.3306917052395692,0.5839731764923962,0.027794523338919578,-0.1407203385875832,0.00791523380913341,0.08379454902980642,0.31581012948914494,-0.2682121238249385,-0.024340557598065762,-0.20096074813028517,-0.046078744300827146,-0.02892721389371791,0.40226203427418156,-0.2638823090930033,0.07696320817728822
0.017083422242934944,0.045276490076186796,0.6728743760017363,0.03327227129317087,0.007955253150888924,-0.9980124120493132,0.05292348538986218,0.007696221165425793,0.04350189006057879,0.014539272575261957,-1.3701272929964035,0.5961094606517742,-0.5075500838675296,0.12240628421814115,1.4130724553603418,0.3307942495568724,0.5840155035532382,0.027746668296800316,-0.14027720460723528,0.007829630886526454,0.08373468467792017,0.31587775888758207,-0.268572780224266,-0.024132168129967137,-0.20053559801883414,-0.04617595653072869,-0.029030664699042013,0.40240512477284685,-0.26420659460700224,0.07683034956955934
0.01699141575879514,0.04526930020052935,0.6728543794913551,0.033180298704991736,0.00792949432481259,-0.9980133840606764,0.052966745542436106,0.00770180171711443,0.04344570371716059,0.01469467059361752,-1.3703575297186121,0.5959905003394199,-0.5072254734250808,0.12241172281218149,1.4130057320277851,0.3309871787473735,0.5840867061623654,0.027692952442456113,-0.13988618551886772,0.007762075111643747,0.08368038524942618,0.315953542025592,-0.2689374371785745,-0.023918554031357248,-0.2001545816045159,-0.04625306645356394,-0.02913148709562012,0.40254033106301745,-0.2645257488178862,0.0766825420481903
0.016915272293649055,0.04524337077893171,0.6728253055126447,0.03310041131013617,0.007894676762413285,-0.9980144355550972,0.053002106312463555,0.0077029588272803425,0.04339047140146315,0.014797367679739435,-1.3706164822099791,0.5957070769039523,-0.5068134707796302,0.12238743777441882,1.412853488213819,0.33134307216803155,0.5841884112726216,0.027686991101776613,-0.13952802987876575,0.007661000025272662,0.08361587859332992,0.3159624155283501,-0.2692074759946717,-0.023822374781643823,-0.19982488591052977,-0.04636486414000235,-0.029224057183075133,0.4026691040115049,-0.26482397553196485,0.07661905051560296
0.01683968397347555,0.04523595241570047,0.6728200468272488,0.033053385225819486,0.007871777145548446,-0.9980121284474971,0.053078247158142924,0.007703421054658865,0.04333222637656331,0.01482007484544632,-1.3708266520927694,0.5952636977688149,-0.5063503947663988,0.12232387177935211,1.412686172344806,0.331777928096507,0.5843272209982435,0.027648745162057575,-0.13922674126400006,0.007584654744587442,0.08353921902429244,0.31583301573449357,-0.2692989476244746,-0.023908917636707716,-0.19953334155269267,-0.04645104476393626,-0.029318308112222243,0.4026694694847231,-0.26502817861693856,0.0767358913332659
0.016737776060674545,0.04524975496119077,0.6728369453995163,0.03302597562652263,0.007848219829158733,-0.9980087840905336,0.053161614512392284,0.00770213349466934,0.043268867286563456,0.014836982809990592,-1.3709940593241858,0.5946562270892247,-0.5058675049670105,0.12223692776361494,1.4124689297536794,0.3323612796901836,0.5845267335786047,0.02762374766734269,-0.13892256518956592,0.007517467867396076,0.08346474885258084,0.31557686161895143,-0.26924692980698584,-0.024124633266055392,-0.1992382844178279,-0.046525098585570586,-0.02940839037531026,0.402561171300965,-0.26514526217854995,0.07697779078652657
0.016698531138584504,0.04522266732759967,0.6728327196093387,0.03301979498653829,0.007807021062744532,-0.9980071344530844,0.05320247308082646,0.007696579516320627,0.04319800237049554,0.014790007961010028,-1.3712158045529128,0.5938859452209294,-0.5052950483122793,0.1220397083809374,1.412070859180912,0.3330670248648538,0.584691624770303,0.027687486469695,-0.13869927682268718,0.00738602798779387,0.08338558973175676,0.31531735355872803,-0.26918060122231763,-0.02438805024022111,-0.1990532211059755,-0.04666601021123568,-0.02948654441851942,0.40250640349223643,-0.2652901161201575,0.077211646616678
0.01664629546920363,0.04523144201445319,0.6728082623540617,0.03299590419055141,0.007786864127787716,-0.998003239685581,0.0532932325045884,0.007694582832716339,0.04312322385770595,0.01477508943925214,-1.3712799545270407,0.593296462682534,-0.5048108966615935,0.12199793517622948,1.411833050248787,0.3334554025783762,0.5848473857481198,0.027645285761880294,-0.13849820872218704,0.007345423441088708,0.08327907627124581,0.3152073072418576,-0.26919773057138163,-0.02454122602848329,-0.19883701547728896,-0.04671491537017308,-0.02958328597435654,0.4024750874448051,-0.26543774049536173,0.07734991053098471
0.016576576030603852,0.045283468970835475,0.6727824173038202,0.03293280913018905,0.007785594395823503,-0.9979987292587598,0.0534167670361943,0.007696696087184543,0.043043168905219344,0.014764551962689831,-1.3712412886665528,0.592969393689056,-0.5043504177131783,0.12202959835965914,1.4117480311813086,0.3335429762730775,0.5848506682143169,0.02750864467025588,-0.13828113076847542,0.007408366598277014,0.08315752120284382,0.3152860361794969,-0.26932164003749515,-0.024515472761773037,-0.19854367257322103,-0.046658465894168936,-0.029669475001496734,0.4024769809785028,-0.2655786206865564,0.07734221404917757
0.016508155626520405,0.04532153661495641,0.6727727627406752,0.03288570535235206,0.007772426563323341,-0.9979983610082112,0.05345457130798322,0.007694557456347133,0.04296500225324438,0.014888998134486261,-1.3711804888534576,0.5923420996732565,-0.503993577464544,0.12210798848688463,1.4115870877961065,0.3335497327294097,0.5848730811096089,0.027528720125870335,-0.13812427262463753,0.007454744693630394,0.08302556174469639,0.31544775511685486,-0.2694828165184343,-0.02438706911143649,-0.19827730377358213,-0.046612965057116124,-0.029736228062260173,0.402458673902116,-0.2656853475980885,0.07721651449470648
0.01643325255425332,0.04535644641013156,0.672762600328898,0.032822540109348194,0.007758238480557666,-0.9979975849925938,0.053509914458905065,0.007694111523704924,0.04288679324996459,0.015001792095131755,-1.371089995429091,0.5918395437925094,-0.5036507634765292,0.12225401571692036,1.4114391217929136,0.3334635579707096,0.584898211809063,0.027523554134149145,-0.13794037131296202,0.00750372891316602,0.08287793882984139,0.31562237490860184,-0.26964569877826206,-0.024230993830649996,-0.19797420376169036,-0.04656078731856123,-0.029822401151660887,0.40245012673555974,-0.26578943146578476,0.07702231363617958
0.016373217503628457,0.04536491819790615,0.6727466777406357,0.03277297099542839,0.0077449699110216106,-0.9979961749293492,0.05356848550778584,0.007694592134961398,0.04280964747839204,0.015107228817377156,-1.3710256437918342,0.5913694831688661,-0.5033477528011236,0.12242084068177274,1.4113079101995056,0.3332703314950408,0.5849634684168168,0.027530441384269924,-0.13779153883568718,0.00753516324823989,0.08271990472128192,0.3157829040952541,-0.269821265431461,-0.024151336034605578,-0.19768384359481433,-0.046532883064761006,-0.02995439405242165,0.40241798800642276,-0.26591275344018445,0.0767865697479637
0.01632637215502378,0.04540088368796418,0.6727366486278846,0.03272431748187603,0.00773259293991137,-0.9979942420818424,0.05363598440655082,0.007696538667141719,0.04273105516895419,0.01518273892961815,-1.3709158380943365,0.5909669226053968,-0.5030785216969139,0.12253885657439927,1.4112735962190055,0.3330057206763652,0.5849670150071075,0.027553964042146512,-0.13762130626358945,0.007576535822208655,0.08254941202544855,0.3158474443134646,-0.2699724981915732,-0.02415081454625244,-0.19738708622014275,-0.046501753463287006,-0.03015822873342723,0.40238573330004546,-0.2660685047291138,0.07650012893102325
0.016253491285811612,0.04547053333562741,0.6727446464074031,0.032701810594009194,0.007719435038502662,-0.9979928528872646,0.05367743932508626,0.007697284599811997,0.0426587069057992,0.015387964744807275,-1.3707331372556002,0.5903656211066477,-0.5030185421839052,0.12269756229595126,1.4112763185790997,0.3325643326618714,0.5850297243762826,0.027651861612168867,-0.1374660944170376,0.007631767810800149,0.08237097426587309,0.3158410172439129,-0.2700910875128045,-0.024192600842833818,-0.197112524784022,-0.04645752654165843,-0.030413226574970493,0.4023332157625116,-0.26622451302163896,0.07615628036003617
0.01616853116869095,0.04552640185587729,0.672722098515516,0.03267170272816011,0.007703358679569392,-0.9979917605442375,0.053718376666738864,0.00769769911368438,0.04259012150619831,0.015578995784494747,-1.3705501601596664,0.5898504510616462,-0.5029512570919228,0.12286819204310988,1.4112158742793963,0.3321177900410563,0.5850880184445058,0.027754086230247395,-0.1372919956946576,0.007681145085394563,0.0821939630899557,0.3158368740026766,-0.2702177702999341,-0.024288080929133926,-0.19682967334998305,-0.04642283965370424,-0.03067555558278274,0.4023103917988757,-0.2664133274400948,0.07581902837158251
0.016096021095852824,0.04557913652846613,0.6726994464852535,0.03264629087393011,0.007682591433138441,-0.9979902985767084,0.05376394170648589,0.007698670967425869,0.04252681827179861,0.015756814581018106,-1.370433453104269,0.5894927074602977,-0.5029061092185739,0.12305908487716606,1.4112147182183437,0.33174215956435754,0.5851627994159289,0.02784604390354943,-0.13712800124373745,0.007721691008912654,0.08202199009710309,0.3158173616886812,-0.270325837822435,-0.02442148405684693,-0.19656831081573725,-0.046395802618912796,-0.030911455892355215,0.40228294899569517,-0.26661035597031235,0.07559019167617057
0.01598538052969961,0.045643073289750834,0.6727008793974828,0.032638555667162915,0.007664496776164644,-0.9979892705991239,0.05379029598503943,0.007699654309330232,0.04247934320245068,0.016009360396958678,-1.3702486360776998,0.5890938115680723,-0.502972821646471,0.12335312335449353,1.4112576979900606,0.3312566199355888,0.5853363561134884,0.027956512128183276,-0.13696638306318462,0.007783830474607857,0.08187206820337636,0.31576238778810567,-0.27036848582697787,-0.024586019964809178,-0.1962955059052341,-0.04634126112621025,-0.0311021820433908,0.4021659342652656,-0.2667568631225694,0.07556875341396814
0.015919930603370214,0.04568511211521395,0.6726969404832539,0.03262591716414072,0.007638810249393302,-0.9979895173624069,0.053797038412184146,0.007700694069574207,0.04244232482720238,0.016154174973016876,-1.3701420335767398,0.5888510245796461,-0.5029381595928264,0.12357596992632428,1.411279908535135,0.3308924270378583,0.5854511289191849,0.02809927102153199,-0.13680807541408171,0.007819945279947707,0.08173602068441774,0.3156801258216115,-0.2703858421035971,-0.024805104408368372,-0.19603452635986143,-0.0463107966976645,-0.03126457964723493,0.40202745858303945,-0.2669070232448172,0.07568722168812267
0.01588331304213662,0.04574701508058405,0.6727045401957543,0.03263457708736401,0.007627794944879386,-0.9979877347116971,0.05382641068864507,0.007704729810070703,0.04241882524313411,0.01626733399361635,-1.3699677303961961,0.5886195251887834,-0.5029181251404534,0.12384710081552906,1.4113567040520785,0.3304333999717951,0.5855918593319399,0.02819506683697026,-0.13672244816581125,0.007902265135063574,0.0815951275401943,0.31560217270967456,-0.2703910483784581,-0.025048997908583333,-0.19582893083195005,-0.04623507973871821,-0.03142668138695378,0.401851856610588,-0.267020542495943,0.07581811906433696
0.0158210566979976,0.04582037367675406,0.6727006138517998,0.03262365303648421,0.00762065239621056,-0.9979856360586242,0.053872935136988695,0.007710524721564741,0.042402150736366905,0.01642739024837859,-1.3698013123960806,0.5884474877565651,-0.5028893274584678,0.12416875696434389,1.4114397316640281,0.3301178990250505,0.5857067018138412,0.02825882502189654,-0.1366020669745647,0.008009678689731828,0.08144725817942496,0.31554404577639766,-0.27039584346822415,-0.02530404515639581,-0.19561450080846193,-0.04613651149782567,-0.03158992664999594,0.40175417026833005,-0.2671203434204313,0.07580563604262479
0.015757300674997664,0.04591272120165272,0.6726874683802797,0.03262719448809452,0.007637824758484155,-0.9979797556151159,0.05397719143478907,0.007721145951491686,0.04238947495596051,0.016541489132098255,-1.3696356698903334,0.5882497802278733,-0.5028161192115592,0.12458044447466361,1.4115285136100875,0.32978383929367505,0.5858509016837247,0.028202918372367623,-0.13654573708473797,0.008190155751536912,0.08128661234989064,0.31551982302013426,-0.2704237539797177,-0.025596403615249907,-0.19547236352568198,-0.04596552626419192,-0.03175802321558802,0.4017086136454468,-0.2671821064793089,0.07552308826026136
0.015720338472913913,0.045987082790598946,0.6726719530396059,0.03263762471396765,0.007653078937806756,-0.9979729447040946,0.054094523516153806,0.007733246994315938,0.04237665789126695,0.01658466994090899,-1.3695440162225594,0.5881278845085771,-0.5026205132634658,0.12484423989617849,1.4115683703868036,0.3296263505257407,0.5858371476984642,0.028112572468438554,-0.13652548826251992,0.008360984122068761,0.08112442101091415,0.3154937459880968,-0.27045016535434513,-0.025937283623291472,-0.19543254622941586,-0.04580484436311981,-0.03190896085778726,0.4017863509122906,-0.26724982408329534,0.07503969200612788
0.015670458747376593,0.046077643816868796,0.6726673827831829,0.03263390466707317,0.00767970792012974,-0.9979654193314967,0.05423165285099933,0.00774805111534712,0.04236101801224656,0.016638909822025576,-1.3694285124237078,0.587970154118291,-0.502414561390364,0.12520036256266887,1.4116579809585597,0.32942523455535616,0.5858253963288511,0.02799195989000148,-0.13648988808872872,0.008576683021503186,0.08094931665539455,0.3154923899386925,-0.27047469371715155,-0.02626332060365446,-0.19532266744966945,-0.0455994461836576,-0.03207811483748354,0.4017845631748604,-0.26726522333645336,0.07453326462930153
0.015619255738211957,0.04615778890013098,0.6726787766642438,0.03263510392187559,0.007705940494019732,-0.9979578934746589,0.05436553434605147,0.0077643919834825,0.042347444264004205,0.016695042241660244,-1.3693683307228341,0.5878475033160204,-0.5022340185410505,0.12555087598892672,1.4117132648500907,0.329237380910855,0.5858997531199855,0.027892136079711614,-0.13646553482199483,0.008783907485849328,0.08076420989841364,0.3154992777441226,-0.27049744169847284,-0.026528141743706754,-0.19516058730853403,-0.04540030052877074,-0.032275764916620486,0.4016729733703482,-0.2672638463921,0.07417853541114046
0.015578253317838024,0.046229050462327774,0.6726916745486343,0.032635420132114436,0.0077320987130258525,-0.997950259889151,0.054501585201422495,0.007781903635257609,0.04233741871272415,0.016735676854096344,-1.3693284507696584,0.5877830112905225,-0.502058140963403,0.12588430431957334,1.4117616599899934,0.32906906884603226,0.5860561575637413,0.027823506174801116,-0.13646305129596295,0.008983969755044735,0.08055251315317628,0.3155534037289901,-0.2705500628613728,-0.026697618872943137,-0.19491168494320915,-0.04521219714054121,-0.03253033923338978,0.40141250277053364,-0.267261866953027,0.07410378926828098
0.015531017804787432,0.04631740458373767,0.6727098523322641,0.032629271190695947,0.007776528313284715,-0.9979421802088504,0.05464669458405019,0.007801672709663568,0.0423320570531395,0.01677408350569504,-1.3692623161983286,0.5877955052415554,-0.5018985677178045,0.1262872712520486,1.4118496842138906,0.32894304186637885,0.5863317713818124,0.027766066229721102,-0.1364666407555888,0.009239885641380908,0.08031187367737289,0.3156374480287375,-0.2706179351258279,-0.026787806052121613,-0.19455328886368592,-0.04497352609942208,-0.03284008740490793,0.4009763411570101,-0.26721763580926067,0.07423016217863863
0.015469773222490815,0.046410828259987914,0.6727233675564809,0.032615227465348944,0.007812719482204016,-0.9979351454120196,0.05477822471718648,0.007821315474168684,0.04233158312894338,0.016867124793165444,-1.3692195555873805,0.5878417696297689,-0.5018188461998232,0.12665401680912614,1.4119167202991076,0.3288741063428856,0.5865919435114447,0.027734029479344887,-0.13645769094346624,0.009479266887897962,0.08007366461141162,0.3157481651395596,-0.27069570046977937,-0.026842196523709158,-0.19417963365106672,-0.044750060407398845,-0.033150413253493625,0.40056161943492424,-0.26718746599525933,0.0743919649577877
0.015430691776491324,0.04652776217235726,0.6727203676376572,0.032594266545269666,0.007851919981789277,-0.9979294597465843,0.05488856448173251,0.007840710815363947,0.04233372171245062,0.016925530181556802,-1.3691680656367171,0.5878771322757431,-0.5017335264535796,0.12698404221516385,1.411999062019366,0.3288290545516651,0.58679359554804,0.02772327873720705,-0.1364620866237871,0.009746261117004421,0.07984964241194208,0.3158917745462462,-0.27080343055417105,-0.026911352371686254,-0.19385258727529617,-0.04449685528724655,-0.033435165911078896,0.40023688600949675,-0.267189361244477,0.07441402221157063
0.01538446891260583,0.04663087320755685,0.6727114189072203,0.03256214771685244,0.007874532293205696,-0.9979260175825204,0.054966914677100805,0.007858685947597538,0.042341572811672216,0.017055353443751406,-1.3691679176132596,0.5878309246553495,-0.50171886811929,0.12734862548844514,1.4120424637455027,0.32875378199130334,0.5869827506886478,0.027731820063821626,-0.13641683037045785,0.00996923620255498,0.07966206783291477,0.31601778179051965,-0.2709085809081538,-0.027019129603415192,-0.19359154287362262,-0.044281049528782035,-0.03365988237262908,0.40010423315854093,-0.26725703859815736,0.07417236903840267
0.01534276362388609,0.04673633973008298,0.6727021510583577,0.032526652974682525,0.007889646294129419,-0.9979239268067551,0.05502369157193464,0.007875749182185815,0.04235652220380799,0.01721000089901464,-1.3691750891204881,0.5877267736133396,-0.501761899489238,0.12771664726924906,1.4120906039999779,0.32864836139431,0.5871565565739809,0.027758221612816908,-0.13635465363287375,0.010176893600096824,0.07949622929065826,0.3161445063274699,-0.2710219585718101,-0.027137729536890632,-0.19338301429760918,-0.044076228614928006,-0.03384517749050323,0.4000932405745217,-0.26737661087133063,0.07375727403356167
0.015263117806882682,0.0468293908050633,0.6727063638761509,0.03248559553799236,0.007909514451838235,-0.997922122684831,0.055077787899282235,0.007892533536821303,0.042378543150678204,0.01740736490783645,-1.369195498900575,0.5876051585654455,-0.5018588465706121,0.1281282508361311,1.4121378756376197,0.3285133713681138,0.5873620946072563,0.027782858532814796,-0.13625878613647355,0.010394599511590524,0.07933120743195035,0.31624813802294355,-0.2710939373199404,-0.027263302395571377,-0.19315541592456997,-0.043857826572980506,-0.034025860985473465,0.40008510075705433,-0.2674600225037226,0.07330303692337975
0.015231129353406656,0.04689822848796421,0.6727030219278161,0.03248013682924592,0.007916990508092376,-0.9979188661228202,0.05513890286351519,0.00790856420598607,0.04240272037396419,0.017442221296456145,-1.3692527659412828,0.5875256561161093,-0.5018954931921434,0.12833749843586542,1.4121080121318654,0.328446270969849,0.587480956637845,0.02779713137700798,-0.13626471584218042,0.010567055266709613,0.07915573029259967,0.3163136465015181,-0.2711277891121961,-0.027398790814091446,-0.19305196888172313,-0.04368908541308868,-0.03420968718233375,0.4000769787106603,-0.26751491124344395,0.07295531868567945
0.015210114690125724,0.047012265887647155,0.6727176209628294,0.03248907810103579,0.00798215134905796,-0.9979126999895791,0.05523575167853595,0.007927159450276524,0.04242425455542744,0.01737723723198866,-1.3692351276040426,0.5875559525480041,-0.5018931902066434,0.12853211483063742,1.4122655435185756,0.32834035311438875,0.5875048607227601,0.027789594595285193,-0.1364147616665379,0.010901614489004941,0.07890767153070544,0.3165126519181754,-0.2711713762695445,-0.02747636904412363,-0.19291564435913636,-0.04336828891106724,-0.03448133832001253,0.3998685313804082,-0.2673923845216114,0.07279695600535294
0.015212026465776685,0.047131277326156344,0.672709346662279,0.03252400305634484,0.008029114519854942,-0.9979062958097423,0.05532402126107679,0.007944507972005624,0.04244181993976661,0.017271878771356008,-1.36922918967091,0.5875880680852953,-0.5019203504170472,0.1286028038872309,1.4123214142619864,0.32831532798132507,0.5874914550480346,0.027795326670916106,-0.13664172758669638,0.011196208682834658,0.07865244258850523,0.3166855247830888,-0.27117731011595037,-0.02752417992555688,-0.19290105362175758,-0.04309284190097109,-0.034753530920212966,0.39972016417475326,-0.26724049228784874,0.07275635177129203
0.015187433732889985,0.047247328027481564,0.6727113103349868,0.03256480844894456,0.008088717407095825,-0.9978991596145128,0.05541997060663081,0.007961478568388063,0.04245772815893583,0.017179517443065444,-1.3692388546898888,0.5876435536180119,-0.5019787525650037,0.12869206105598846,1.4123785753232734,0.3282929308449308,0.5875061073663511,0.02780077362811921,-0.1369097116056459,0.01152642454999072,0.07838733204302753,0.31691215949402246,-0.27118385726760497,-0.027617870097513188,-0.19284959715141609,-0.042782879727078525,-0.03503497497263768,0.39947831341682044,-0.2670474015263676,0.07277278932934296
0.015168108046529153,0.047366688791925134,0.6726984549677604,0.03260031394873644,0.008141139602070668,-0.9978919208463752,0.055521668616443004,0.007978191930098355,0.042472171096865435,0.01704063888296993,-1.3692662967761347,0.5877264975980282,-0.5019992768597094,0.12870998134152828,1.4124591829915092,0.3282733733937832,0.587533727042235,0.027782505886084406,-0.13711695561175244,0.011842035361686378,0.07817196062393202,0.3170377444197965,-0.2711762991446086,-0.027835599761007232,-0.19279037881001237,-0.042479458230083575,-0.03526302570349343,0.39923420791576275,-0.2669462949296408,0.07280800611661507
0.015159306153173922,0.047497667975581755,0.6726960904940261,0.03261903698522864,0.008171369546720247,-0.9978861466037436,0.05560994121753967,0.007993481183701126,0.04248592855840167,0.016922740184159027,-1.3693049318406625,0.5878052685077417,-0.5020196845525491,0.1286589239872817,1.41248396845442,0.32829747824230665,0.5875826668833671,0.02777051588060131,-0.1371896386692074,0.012120924318431807,0.07804614103444378,0.31695040277742614,-0.2710941928105513,-0.0283086593891048,-0.1926926725573766,-0.04219984399627978,-0.03538723900750664,0.39895915135048726,-0.2669817478186734,0.07290963887709813
0.01515514602028707,0.04757708494753464,0.672690293654655,0.03264969340858118,0.008192570476648548,-0.9978798456083751,0.055701822572655296,0.008007647529482879,0.04250748735543659,0.016808827787578504,-1.3694423852969537,0.5878105991143665,-0.5020529755459007,0.12864844569234946,1.4124169420157269,0.32829090307872993,0.5878410399042607,0.027744223283514342,-0.13719290311888918,0.012348292630410828,0.07797317878823967,0.31668409484362525,-0.27095112772810914,-0.029009275032036284,-0.19257340215167895,-0.041959309102053144,-0.035450048052071276,0.39858082717644927,-0.2670818526964729,0.07305920894097659
0.015150962109114133,0.04767911381164535,0.6727131065826588,0.03269101969890987,0.00821810155629365,-0.997874801339393,0.05576415416485819,0.008019500802308923,0.04253776637045616,0.01668508870982536,-1.3695504289280356,0.5877061984912161,-0.5020905771825409,0.12854974150888415,1.412470316814366,0.32830425380343603,0.5880389934377878,0.027769919774011814,-0.13719585379205546,0.012594037507216379,0.07790346040884472,0.3163579038630966,-0.2707537201354977,-0.029668269499347824,-0.19247937326307726,-0.04169959098085526,-0.03551918649213179,0.3982016121080763,-0.26716939494699715,0.07317170358485292
0.015137575000013613,0.047799512578168966,0.6727415464723419,0.032733225893573865,0.008236380855034463,-0.9978697474646495,0.055827099582970816,0.008030104187877947,0.042570516522216204,0.0165214318295027,-1.3696250057585895,0.5878152417259807,-0.5020778687685459,0.12839369809705678,1.4124987376244116,0.32846216030024566,0.5880726331743295,0.027806923353131167,-0.13728023638149855,0.012830402925426214,0.07776974879389938,0.3162059668238657,-0.27059258226924704,-0.030045818500780478,-0.19242795910013008,-0.04145380567226291,-0.03567084714575436,0.397945188311133,-0.2672052343920363,0.07309743885040482
0.015099045214673555,0.04795570940168354,0.6727619258442517,0.032793515893415115,0.008248267025569352,-0.9978638444694424,0.05589543189820465,0.00803977629844312,0.04260477424885305,0.01632971490969077,-1.3696419418234709,0.5881271904254487,-0.5020612790337001,0.12823295470198948,1.4125256928888053,0.3287173633066748,0.5879811304686937,0.027850070683286834,-0.13755230244159564,0.013067141838960808,0.07752152344648813,0.3163782941968682,-0.2705310626773683,-0.02993044130863971,-0.19249945544870053,-0.04122652063293608,-0.035960357985185265,0.39792590515648474,-0.26719029956970614,0.07271800250313384
0.015099279926152582,0.048103879990834535,0.6727712985669518,0.032860671342367864,0.008253354427868242,-0.9978573361849591,0.05597137698389794,0.008048748797848783,0.042634231828099986,0.015951359615852853,-1.3697153670206117,0.5887400141497114,-0.5018389330873937,0.12791697619149203,1.4124853640039527,0.32915771837055663,0.5876834017048888,0.027891440409824404,-0.13799266397455523,0.013273552517353156,0.07718920523392683,0.31681477102297767,-0.2705706577239137,-0.029471873577519882,-0.19268121764560556,-0.041035210218350916,-0.03634250773649938,0.39808441298408803,-0.2671684449539523,0.07208733931588003
0.015125554082600304,0.04823025887988525,0.6727551342171346,0.032897371574016315,0.008259221684653631,-0.9978482168093951,0.05611135723714646,0.008061327617839646,0.042648198416218266,0.015392471778806571,-1.369854307594174,0.5898191386244421,-0.5013614631678612,0.12762192791465501,1.412425369784688,0.3297288964103916,0.5872886197313258,0.027814951346663043,-0.13846127773641,0.013474580185667499,0.0768322213205062,0.3173901904353704,-0.27067774812767864,-0.028957880518519913,-0.1928675408841405,-0.04085963505365681,-0.03674770595650956,0.39834689860000566,-0.26717283471224784,0.07139524487337526
0.015135605275245906,0.048349045501817796,0.6727590252045513,0.0329915108467475,0.008267959365878845,-0.9978384563674232,0.05622824961041114,0.008071904607615817,0.042665446983456846,0.014978261166814761,-1.3699523819440353,0.5904981306659962,-0.5010712952877199,0.1273726894010243,1.4123740556127977,0.33006906611756076,0.5870365291438293,0.027784888673090345,-0.13897571534297268,0.013676743357711177,0.07653143844028955,0.317805166002529,-0.2707273535111988,-0.028678786764329507,-0.1931275098500069,-0.04067870352878783,-0.03708942862717288,0.3984769809328548,-0.26715739606670674,0.07085670596603087
0.015131434998451897,0.048476925601265514,0.6727858520632238,0.033103971326413725,0.008285788028543496,-0.9978275645355089,0.05635267741909343,0.008081633594280452,0.042690525129663995,0.014687215374680245,-1.3700044022026598,0.590914414585661,-0.5009557650052666,0.12721442406213881,1.412346498284381,0.3302693171411447,0.5869356433706777,0.027746345520369642,-0.13937768991544916,0.01390709306167835,0.07632404866075616,0.3178974480535177,-0.27064822920665144,-0.02879122881688086,-0.1933502223078194,-0.04046033867717657,-0.03734868985154916,0.3984010600634805,-0.2671061562577298,0.07057150746554439
0.015134104029273994,0.04859968130015771,0.6728085919697778,0.03323668983749717,0.008304517401755649,-0.9978160597387584,0.056475378412084866,0.008089566180747536,0.0427269204531527,0.014463093052513747,-1.3700500900143824,0.5911333024178111,-0.5009395604907211,0.12708270973488092,1.4122951401485686,0.3303829340736969,0.5869195392366373,0.02770971928790439,-0.13974091384298215,0.014141805865560535,0.07618127650770956,0.3178035412421146,-0.27049994723688325,-0.029171183098746563,-0.19358013372030342,-0.04023361296010244,-0.037557859016944646,0.3981992097965529,-0.2670335307710917,0.07043750181367668
0.015124812018285416,0.04873975556722216,0.6728392932486048,0.03338181614920781,0.00832699651283801,-0.9978049380510816,0.0565828691436937,0.008095313748322017,0.04277478993372604,0.014309278270483668,-1.3700595977407541,0.5912543242013568,-0.5010223612187621,0.1269770486461099,1.412259801809234,0.33048741005822035,0.586958922966198,0.027697269689208208,-0.1400999685626242,0.014394841409362895,0.07606025951777709,0.3176411996121962,-0.27030334440075915,-0.029633962476734936,-0.19382364047563902,-0.039989456710293345,-0.03773279878982815,0.39795995730402445,-0.2669417677359782,0.07038291811671385
0.01513078977542662,0.048885642021211345,0.6728456584439386,0.033492517026577705,0.008330134908371381,-0.9977958813759572,0.05667662008984845,0.008099658371037217,0.042820917110285184,0.014117920831353332,-1.370029212234568,0.5914668039151814,-0.5011148397905212,0.12686730825425308,1.4122329964630689,0.3306158898384711,0.5869552118991821,0.027695779625709165,-0.14040728190764162,0.014611341956020603,0.07592387197663442,0.3175106459964028,-0.27010750477571155,-0.03001743216821763,-0.19407062134866235,-0.0397822816516456,-0.03787820860647753,0.39784756500131624,-0.2668900884893937,0.07031255128855121
0.0151384503982632,0.049017350841958816,0.6728680137771454,0.03368510052047672,0.008360589873645543,-0.9977846469918267,0.056755728938013845,0.008103056944983582,0.042873769948513205,0.013870829324316693,-1.3700572693465798,0.5918763532889133,-0.5010710165319562,0.12670090278020887,1.4121253191205674,0.3309474901061448,0.5870411564402189,0.027708099008218974,-0.14096776950339399,0.014858153862820208,0.07573176639689848,0.31748491853609034,-0.2698993250838922,-0.030263978857411417,-0.19450559822873686,-0.03954266932436534,-0.03800149077832106,0.3977207643489991,-0.2667798146387351,0.07022449558338731
0.015158353608930178,0.04914896366375751,0.6728891049296751,0.03383176590886726,0.008372104220100589,-0.997775958893283,0.056819497894686474,0.008106772409596195,0.04291481552707124,0.013473316528943001,-1.3701181533690767,0.5926067087300391,-0.5008652247218378,0.12652378632914343,1.411988107137103,0.33151338335828623,0.5870886448905235,0.0277322091458743,-0.14146013339727276,0.015067966600930615,0.07552486405365376,0.3174949510854963,-0.26966957643840983,-0.03043708389363756,-0.1949050206829581,-0.03934089546764348,-0.038076254392839126,0.3976845468517555,-0.2666754630944465,0.07015540977657787
0.015198413581504384,0.049264928044025824,0.6729028790126694,0.033995935340441964,0.008379566879691023,-0.9977666248853075,0.05688428169730527,0.008111437377630763,0.04294966804960975,0.01305409006166421,-1.3701941842775365,0.5932401679398996,-0.5006458032337424,0.1263690583968591,1.4118432780927663,0.3319532958357956,0.5871574342484805,0.027758588267300367,-0.14201303273411553,0.015250814787667608,0.07530660699317905,0.3175339869586384,-0.2694594876006315,-0.03058515455625311,-0.19537459330757537,-0.03916528034005276,-0.038160929445025846,0.39770238114298057,-0.26659702097530774,0.07004059871909678
0.015239585942220241,0.04940002593503546,0.6729270608810823,0.03412831417993899,0.00838430537285052,-0.9977561278348996,0.056988340584339214,0.008119826895269638,0.0429795958071914,0.01266739196205916,-1.3702598950361267,0.5939062766587152,-0.50046648834635,0.12634372524227958,1.4117389622437702,0.33235137811956494,0.5872282144723866,0.027742399877966326,-0.1424987037051068,0.015445604966040612,0.07507998457321541,0.31758296299587,-0.2692746894368856,-0.030729168357512285,-0.1957809117482645,-0.03898103115325808,-0.03831738474963444,0.3977650619487994,-0.26654284091669656,0.06982267671619782
0.0152565206098021,0.049552041090681016,0.6729642736102466,0.03425846294442688,0.008389416596157368,-0.9977441344262171,0.057119327936692325,0.00813052950916477,0.043018895246001485,0.012448595523735626,-1.3702779511080136,0.5942298571027914,-0.5005024872693238,0.12647451911681976,1.411703470046899,0.33245579891549837,0.5873694305002387,0.02772247695678071,-0.14295300095275087,0.015655391514216577,0.07484843133486187,0.31762695734089774,-0.2691244318340535,-0.030868497393091287,-0.19616090888540144,-0.03878284807467949,-0.03858521495913539,0.39787625735101967,-0.2665129275751691,0.06941335153203798
0.015256989144259204,0.04969130630376794,0.6729893845676418,0.034377393534540675,0.008392686507776031,-0.997731561216364,0.057266826171089004,0.008142117018257714,0.043071936738041175,0.012367826253707042,-1.3702825270189534,0.5943494769041284,-0.5007122847846579,0.12669208149749467,1.4116766601091535,0.3323960261018756,0.5875387250157355,0.02770385793021799,-0.14336703281579857,0.01585692103910411,0.07460410866967088,0.31767678211000433,-0.2690104911570214,-0.03100340931241895,-0.19651983703563142,-0.03859911779404212,-0.038929334916246,0.3980655856565809,-0.2665296982117074,0.06884764358434778
0.015224331577790308,0.049856379709899604,0.6730137526970882,0.03449914679349097,0.008397238562579748,-0.9977186740434122,0.057417268483435514,0.008154129286073302,0.04314044169747054,0.012393718604757138,-1.3702353495547621,0.5943309589672462,-0.5010684118155466,0.12697093013659125,1.4116958128553685,0.33227373699288315,0.5877221585982872,0.027689404935650044,-0.14379227677657547,0.016078521934813215,0.07435639705171329,0.31777080244573097,-0.2689222181700865,-0.031139388635173158,-0.19688258153316365,-0.03839557898277215,-0.039290455952899116,0.3982922510037323,-0.26657770755466287,0.06827853000038513
0.015258780600130225,0.04999508564931703,0.6730122632521276,0.034627454347004524,0.008390865188902925,-0.9977065949121829,0.05755070160792456,0.008165454051055633,0.04321311293638758,0.012315590587729448,-1.3702691946983394,0.594274604952242,-0.5012661542775689,0.12711252503798917,1.4116352809011892,0.33221707321419236,0.5877718097126503,0.027680650164140053,-0.14424449285148327,0.01624904570209517,0.07411904907441692,0.31781659366235543,-0.26881892927976986,-0.031337192752932785,-0.19730276131654628,-0.038241094001916914,-0.039587674549867634,0.3985126913391167,-0.2666724670498918,0.067838163279414
0.015277270713655087,0.05012486522675017,0.673024822186445,0.03471528837878002,0.008387090435135044,-0.9976958639156336,0.057684214413024154,0.00817693850467748,0.04328076891871741,0.01228102375306009,-1.3703090746180289,0.5942335668356405,-0.5013701664537507,0.12726086032569722,1.4115632093893276,0.33226333725238005,0.5876305470951104,0.027614851439669165,-0.1445546343302547,0.016422912529464453,0.07391109099771986,0.3177608958672153,-0.2686229867875729,-0.03162716769108276,-0.19759103523351973,-0.03807125229884621,-0.03978355229273523,0.39861680072298467,-0.2667420318029897,0.06763752870316968
0.015293830456427916,0.05025558036714963,0.6730360074157657,0.0348275416181182,0.008380864557322301,-0.9976856737363782,0.05779359718254665,0.00818772559618591,0.04334204882576301,0.012256695313264022,-1.3703662767430962,0.5941524990983402,-0.5014501501792975,0.1273894900730174,1.411472000046762,0.33239180650642064,0.5875307731349813,0.027580953390848352,-0.14487283261146522,0.01657941557537338,0.07371120441879182,0.31760565381541356,-0.268355707090528,-0.031985515686211455,-0.19792731567887714,-0.03790980143522894,-0.03992651982913751,0.39868648371551024,-0.2668223073657874,0.06760570327086107
0.015335474308673377,0.05035263215869131,0.6730491128650932,0.03493277764091147,0.008366191499006831,-0.9976764778204587,0.05789087570468751,0.0081989476725384,0.043393978789359834,0.012173778091485732,-1.3705209931632512,0.5940504718645541,-0.501401248152241,0.12752761313460603,1.4113233760245056,0.3325324688548418,0.5874429921045463,0.027568204702842835,-0.14517944975481487,0.01669053308445071,0.07350935390652043,0.3174357719511319,-0.2680764181117643,-0.032343997205299686,-0.1982549123432255,-0.03779317107344798,-0.04006688328565921,0.398747810675852,-0.26689925485014243,0.0676015893862932
0.015342825940288084,0.050478449313323966,0.6730736213225479,0.03503555547136078,0.008342923936916715,-0.997667524547913,0.057986342663033145,0.008212355756526677,0.04344038246971802,0.01209501462872024,-1.3706382422166015,0.5939572245382266,-0.5013458470147383,0.12776253308752147,1.4112641755721815,0.3326060469453937,0.5874393018806002,0.02760048907730231,-0.1455364925001994,0.016806592929270288,0.07327119688332197,0.31741030784753294,-0.26786395121193707,-0.03258240090035021,-0.19854600865678093,-0.03768557544193931,-0.040279807323877315,0.3988086095694474,-0.26693272229206233,0.06750970302193762
0.015374419541127051,0.05062785402947163,0.6731033811038992,0.035165756009901204,0.008315064991282619,-0.9976577890263313,0.05807895740743279,0.008227441322696158,0.043483859383977704,0.011957204323086498,-1.370694894745948,0.5939418502588601,-0.5012997892789579,0.1278898131162696,1.4112659076931888,0.33255891701918316,0.5874083193275305,0.02768911563238805,-0.14608922508042244,0.016915041123111155,0.07298292141941741,0.3176278626039715,-0.267799078192283,-0.032609233580581515,-0.19890894035955695,-0.037601737427498706,-0.04059994575472539,0.3988978300691899,-0.26691996677798957,0.06724523265060545
0.015395320023793069,0.05079016853444011,0.6731249917761999,0.03530614776004054,0.008278038011333939,-0.9976479807440838,0.058167486917354745,0.008242847077356093,0.04352674928050373,0.011876529003143387,-1.3707001499116818,0.5939406886984289,-0.5013238715072971,0.12803413144593404,1.411308471124826,0.33241584460001466,0.5874176152820965,0.02781994229472074,-0.14674935577681858,0.017010729219111034,0.07265591383445834,0.318025167679126,-0.2678422666886174,-0.03247950862071607,-0.19930048457740895,-0.03754724147151478,-0.040989994009805755,0.3990345455850252,-0.26688971152411295,0.06687025797598174
0.015402371378238742,0.050934381907406796,0.6731310446901874,0.03545287703864683,0.008241910142230064,-0.9976361644708327,0.0582859139656818,0.008260316795447437,0.04357003101251439,0.01175109552372198,-1.3707322521633287,0.5940032398773336,-0.5013148014424093,0.12823347199550256,1.4113232538059728,0.33220602086459095,0.5875136758374466,0.027925308110671676,-0.14751442716645138,0.017102881330104014,0.0722988646752523,0.31860856665240433,-0.26797706952692196,-0.0323632321927959,-0.1997041525971849,-0.037502752014445036,-0.041410902868569854,0.3991986775747073,-0.26687850774760313,0.06646048846489475
0.0154016013114297,0.051068853749572755,0.6731495115380342,0.03557805731548545,0.008206199203188541,-0.9976246764078268,0.05841117319889748,0.008278452372649672,0.04361260042370842,0.011675938802964836,-1.3707676051485609,0.5939769186280763,-0.5012911118461849,0.12844965396084776,1.4113436213239607,0.33202587388264676,0.5876307916306105,0.028024873269828228,-0.148168337496385,0.01719389781047053,0.07195128215109943,0.31906490027901546,-0.26803586081031283,-0.03240972189350057,-0.20004125817465218,-0.03745517937304701,-0.04180171665012817,0.39933876615287567,-0.266896908139627,0.06612853528950732
0.01541629344775127,0.05120283669178894,0.6731671291343383,0.03569589493225262,0.008190228782832955,-0.997610686056495,0.05858022109346192,0.008300598301988184,0.04365500809376187,0.011521423536500224,-1.3708098095485641,0.5938736008925516,-0.5011638150925756,0.12875811333309442,1.411358800765591,0.3318371605881636,0.5878668194973352,0.02807697932150839,-0.14879149035948905,0.017334552284694257,0.07160548722011673,0.31944177811197927,-0.26802755565829567,-0.03276957422525041,-0.20032042193262303,-0.037349469368642474,-0.04216449942218544,0.3993793224135789,-0.26694634049946503,0.06593188340590153
0.015440462699355097,0.05132299380208015,0.673187034034366,0.035800456604355844,0.00817886020381291,-0.9975972471629109,0.05874662548323449,0.0083246829126658,0.04369858622387381,0.011418973908277098,-1.370878425553222,0.5936097842689448,-0.5010056230880738,0.1291165178528868,1.411352464734652,0.3316884922950251,0.5881856454499831,0.0281567919597486,-0.14932922456762962,0.01748216971033274,0.07126704557248809,0.31968752796776473,-0.2679381985114691,-0.03335626269741534,-0.20054963744950816,-0.03723507722362675,-0.04250761755787383,0.39938149401262424,-0.2670281686201181,0.06582680302493815
0.015439434909024915,0.05145370182869351,0.6731955760308853,0.03588811809545166,0.008168580767385856,-0.9975854386677248,0.05889490492339875,0.008349346445046443,0.04374312925840031,0.011426087441812092,-1.370898415968751,0.593257565060418,-0.5009325076071754,0.12949728959952175,1.4113720022200629,0.331598292130628,0.5885248247255034,0.02826390210053144,-0.14981686293034363,0.017642256901911617,0.07093420674421887,0.3199419598493068,-0.26784605367228453,-0.033955309920326145,-0.20074989635095292,-0.03710762499487767,-0.042837868874472884,0.39942508497313073,-0.26713233222019905,0.06573869543814084
0.01544241795890749,0.05160519980666439,0.6732023623367045,0.035974792940943655,0.008151921222941777,-0.9975751752685029,0.05901804928364088,0.008373811613848937,0.04378640473910601,0.0114375983683899,-1.3708893878604536,0.5928704978164715,-0.500898035284699,0.1297877616727092,1.4114112126393485,0.331534505601062,0.5887814500807426,0.028367441855505292,-0.15037983112877448,0.017802325765088892,0.07061474426172437,0.3203765582069359,-0.26783142393497433,-0.034351677316922805,-0.2009917158063116,-0.03698878498542225,-0.04315568585487718,0.39953573028241346,-0.2672306103061416,0.06557280356752511
0.01546333271985523,0.05173766741560374,0.6731939394397611,0.03606354844585464,0.008118254068016535,-0.9975663805473293,0.05911709419517374,0.00839702809165892,0.04382429139804563,0.011434766522304017,-1.3709258758793645,0.5925160349358075,-0.5008569456268146,0.1299783023518841,1.4114032404893992,0.3314797216153227,0.5889416178561173,0.028445423011550293,-0.1509974918635074,0.01789998069046877,0.07029292877050168,0.320934571702915,-0.26790385447987847,-0.03441940746129222,-0.20134728791077994,-0.03693838861279884,-0.04346056848818316,0.3998237813610897,-0.2673453136338358,0.06524354961070719
0.015498407702806749,0.0518724463930139,0.6731889977905874,0.03615593861461551,0.008078121965086399,-0.9975594689988094,0.05918274967611944,0.00841777715812542,0.04385461329052296,0.011411457291857266,-1.3709511653940731,0.5921031483747836,-0.5008122836667085,0.13006559451500774,1.411397083108224,0.3314639424349328,0.5889944544263307,0.02854328291547403,-0.1516916435444537,0.017982828255744814,0.06996771384049014,0.3216448010310693,-0.26805035983875364,-0.03425149397992011,-0.2017814141222453,-0.03690766692650575,-0.043756249307616485,0.40021929972999787,-0.26746281351246426,0.06480353073324195
0.015493091012538878,0.051989147031737404,0.6731984356623303,0.036227492337200885,0.008030082040892736,-0.9975525493312548,0.059262111876718385,0.00843780786379996,0.04388040017101245,0.011477350992737787,-1.3709920454970623,0.591707908472304,-0.5008234851757772,0.13022964054406916,1.4113779847379844,0.3314159380798703,0.589084681782821,0.02859011411342189,-0.1522741173981423,0.01803785723594183,0.06966083244291899,0.3222899444895049,-0.2681680912598287,-0.03402479862468293,-0.20214279266766033,-0.03689644713605969,-0.044034335216004514,0.40061127760849347,-0.26755975147796374,0.06435129453270161
0.015494930028979647,0.05210963439909594,0.6732009088474544,0.0362928490958467,0.00799635902097192,-0.9975456677900734,0.059342463886916115,0.00845653901651977,0.0439018847342738,0.01149948043482823,-1.3709831837681912,0.5912516633973119,-0.5008266610571052,0.1303684285019929,1.411383463030419,0.3313539521608876,0.5891638517599115,0.028653562865155913,-0.15281974793250983,0.01813833984518832,0.06937503923140588,0.3228960755078133,-0.2683073136020328,-0.03392689144469911,-0.20243372458937797,-0.03683292285777184,-0.044305848928650284,0.4009093306002868,-0.26765546211642804,0.06400024801949732
0.01547505343107131,0.05225105231183098,0.6732133465212232,0.036330621696003845,0.007978280290028698,-0.9975382329434825,0.05944667178900306,0.008475879595138845,0.04392534825012892,0.011575316718250961,-1.3709150119372224,0.5907163359031854,-0.5008646526176631,0.13061164951481127,1.4114372423629455,0.33119515782065273,0.5893064096109153,0.028682370397846546,-0.15318753336304664,0.018307729410384235,0.06913849650884066,0.3233128386239731,-0.26840198180846736,-0.03403343715863936,-0.2025299741770374,-0.036679659350043615,-0.044561538765935674,0.4010007121438727,-0.2677054245416482,0.06380337706552724
0.01544867342726865,0.052365223856937676,0.673211363090449,0.0363534508157519,0.007965912943701664,-0.9975300462368962,0.05957161823700295,0.008495697567791366,0.04395443345375892,0.011672048208852223,-1.3708521861400291,0.5900795439907541,-0.5008937915143691,0.13094374538224288,1.4114370220624202,0.33090426833210473,0.5895367477560692,0.028669875377608026,-0.15343694502910618,0.018486886771927388,0.06894130356517557,0.32361032548774366,-0.2684892229173273,-0.034286688457812874,-0.2025269556735578,-0.03650592153350042,-0.04480008659308112,0.40100379268226516,-0.26775014355745846,0.06369855502218794
0.015436301171319949,0.0524844949156714,0.6731770226880002,0.03638052644099589,0.007959070015919811,-0.9975205801460504,0.05971434237638678,0.008516464976942898,0.04398913071308023,0.011760045074406034,-1.370739628845256,0.5894598097085534,-0.5009684081513179,0.1312910009218462,1.4114511035922093,0.33056735023582806,0.5898010631491735,0.028617955780310015,-0.15368888114463253,0.018680956818283218,0.0687559804991779,0.32389048097639905,-0.2686063493617957,-0.03459454676800672,-0.20253118994907257,-0.03632168137390129,-0.04503034614391338,0.40099698693515634,-0.26782962948572425,0.06365698825565946
0.015418503289003195,0.05263723477326736,0.6731657573083112,0.03641734758438565,0.00795601113886787,-0.9975098365879522,0.059871567475329034,0.008538289561549582,0.04402510817260464,0.011860451615189586,-1.370583391777243,0.5889019845934425,-0.5010995715497253,0.13161834239428657,1.4114898467481107,0.33027380611285145,0.5900357072285362,0.02853026928600099,-0.15395508708715347,0.01889281384655918,0.06856820490404644,0.32414628837184967,-0.2686917271829224,-0.03486669538847908,-0.2025519093300675,-0.036124344509076145,-0.045261019187997006,0.40097242112674913,-0.26789707591444933,0.06364029096300397
0.015410800363676636,0.0527501425915914,0.6731501012711114,0.03645539993415843,0.00794403714956291,-0.9974965162272332,0.06007159232066156,0.008561079588590398,0.044053452785622886,0.0118943699599524,-1.3705800759906832,0.5886209627292676,-0.5011212463390129,0.13183649122477348,1.411412348932154,0.3301581419998785,0.5901930848766183,0.028332634994772198,-0.15417327664612163,0.019037969849668265,0.06838310496081944,0.3242852122521486,-0.2687009290373961,-0.03512435080133838,-0.20260026799505712,-0.03599797767320927,-0.04546547039989158,0.40096506050468533,-0.2679871221937018,0.06367385782718628
0.01541532078634981,0.05287078866512256,0.6731648871815928,0.03654035393270035,0.007936935125973463,-0.9974859152583226,0.060196814338845064,0.00857711727169085,0.04407460597761273,0.011996033845641641,-1.370478482773838,0.5879514258883543,-0.5013136777291738,0.1319531727777043,1.4113221144896875,0.3301499370609711,0.5903077239338105,0.028282418331609563,-0.1545198941673141,0.01918503181842038,0.06818971165346456,0.3244318724681725,-0.2686769151815606,-0.03537766441062149,-0.20272929937315254,-0.03587561744995871,-0.04567102012555514,0.40087271663813545,-0.2680384978618187,0.06377728217595557
0.015403594485141517,0.05300116869886079,0.6731802882065853,0.036591079427096426,0.007925925135940592,-0.9974731322706295,0.06037899481871724,0.008594685016799837,0.044084185865105464,0.01206284450171995,-1.3704202920004471,0.587633008665984,-0.5014473056139273,0.13207802515734465,1.4112456155406503,0.33019427559074904,0.5903587344484578,0.028123038208319143,-0.15474812409973587,0.019328715577040165,0.06799001008953175,0.32452166154413714,-0.26862553714249143,-0.035600340094677475,-0.20277893264074615,-0.035758659692750216,-0.045888267733109014,0.40081388775377785,-0.26809476088220174,0.06382681537858435
0.015373846438827925,0.053096764053016554,0.6731776055403891,0.03663337945848842,0.007918338694110037,-0.9974651927045908,0.06048540951807694,0.00860531187332543,0.04408679495411085,0.012233331067213454,-1.3703587227854703,0.5871519558777903,-0.5016163739491267,0.13218291396412524,1.4111053354506105,0.33030893421498175,0.5903646249770769,0.02812120422812063,-0.15496903290359249,0.0194663300643546,0.06778009062043289,0.3246945055226883,-0.2686384544666126,-0.035781473168496336,-0.20282472186145073,-0.03565116079420521,-0.04613075559659047,0.40083892521596104,-0.268160949496973,0.06366592257665164
0.015335029267690424,0.05319702656856274,0.6731720380743702,0.03665396246113015,0.00791549485046246,-0.9974571755226299,0.06060540384807178,0.008615737800203006,0.04408696986383885,0.01233912933849123,-1.3703002571473883,0.5869073200242443,-0.5017249483502166,0.13230388971718224,1.4110464074838127,0.33034086058249096,0.590305706750629,0.028116324887851513,-0.15512692353159374,0.019618701850434225,0.06754774125284778,0.3248911034407557,-0.268703429533972,-0.03585704908313153,-0.20285177065660126,-0.03553460661758018,-0.04644040037461721,0.40099775818481287,-0.2682297655121877,0.06314514609840292
0.015286230944043867,0.05330673211118348,0.6731690418543029,0.03666560275485189,0.007922712170731615,-0.9974541160383082,0.06064775844761558,0.008620565081764899,0.044082801448977735,0.012526231346855505,-1.3701561574391965,0.5865278374371451,-0.5018960872713496,0.13242953063546659,1.411021549459916,0.3304118088925725,0.5901867729410881,0.02830593362797705,-0.15537599120198356,0.0198088990819476,0.06726961599136841,0.3253229828173659,-0.2688838230802238,-0.035856240728971825,-0.20287364818993447,-0.035392366990533476,-0.04681965413835948,0.4012243350656283,-0.26827315353053255,0.062338704995308865
0.01525172439783819,0.053411525186922625,0.6731495770396154,0.0366705780615094,0.007928898161721239,-0.9974504741290242,0.06070381321103831,0.00862529532340608,0.04407611594877502,0.01265173648568145,-1.37002730285104,0.5862568545888234,-0.5020155274524291,0.13256120914257705,1.4109592334675733,0.33047805530629193,0.5900529049509076,0.02846592833244292,-0.15559209990397388,0.01999115426360919,0.06699079900193812,0.32572321835187623,-0.2690831785893842,-0.035852121100981925,-0.2028819767034012,-0.03525133612535913,-0.04718546571748633,0.4014597191096868,-0.26835589539154026,0.06151405061665872
0.015205632494550933,0.05351383416907112,0.6731441054898668,0.036676761031342965,0.007928692447371198,-0.997443555782303,0.06081368320271768,0.008632711247288963,0.044069702266120746,0.012737000994531403,-1.369988961874982,0.5861060636045646,-0.5021057858025226,0.13272769848679214,1.410924934930434,0.33049841788134593,0.5899562387452777,0.02849732988490911,-0.1556889215905889,0.020146381920412668,0.06673529895115461,0.3259073755211677,-0.26918363808109363,-0.03591339694029408,-0.20282910361428197,-0.03511597401668998,-0.04747678313797052,0.4015733415513631,-0.2684687487714176,0.06096824631920064
0.015166403084322114,0.053605522025141156,0.6731330618411799,0.0366561208722227,0.007923747203741843,-0.9974391667773504,0.06089869958674774,0.00863701419121482,0.044056599430570144,0.012914031541211516,-1.3699320074321486,0.5858434633648152,-0.5022452431730572,0.132857234940323,1.410831940364518,0.3306020178455612,0.5897500075188679,0.028588826373135538,-0.15568860338770288,0.020288405147709267,0.06647536595719566,0.3260098427886993,-0.2692486687914595,-0.03610537455070872,-0.20259596419696888,-0.03497009593382133,-0.04768762792428332,0.40142748020499885,-0.26861507973586557,0.06086864319686566
0.01511263866263131,0.05369290976627035,0.6731317211062153,0.03663292705667926,0.007911943195568547,-0.9974335615864017,0.06100590160956365,0.00864063114749908,0.044041846022670667,0.013122591340879427,-1.3699189217771441,0.5855975361609888,-0.5024305762631344,0.13298136979480485,1.4107330172175288,0.3307200461785099,0.5895224669397738,0.028617971515220764,-0.15556900415628058,0.020407102459426854,0.06623563331856797,0.32592003907532413,-0.2692277196428456,-0.036377488687676075,-0.20226531189392127,-0.03482703972128159,-0.04782181808983719,0.40112232186589625,-0.2687895097403962,0.061089915621185355
0.015069746332006083,0.05377531001823672,0.673128331913867,0.03661647511780218,0.007899109335869365,-0.9974312992726003,0.06105441059431846,0.008637685501170982,0.044025364689267696,0.013422759701619843,-1.369853959279199,0.5851937962607021,-0.5026951882591971,0.13299516137792153,1.4105883546916427,0.33101312416415946,0.5892364661913342,0.028750621839140185,-0.15541472515773014,0.020512419717910072,0.06601367237599606,0.32573506325716106,-0.26916850663895975,-0.036669676572483,-0.20193493268748278,-0.03469340149866238,-0.047934996801173586,0.40077306007960517,-0.26896013504810984,0.061414561758732916
0.01501606347051234,0.05387211118266016,0.6731170743314031,0.03661824578594529,0.007895396347584852,-0.9974237650052084,0.061176791309362356,0.008638123895683969,0.04400868786995294,0.013575314921296423,-1.3698167621585349,0.5850032677174437,-0.5028760136613826,0.13309050840097808,1.4105109312723276,0.3311404922423747,0.5890843026191892,0.028727219513699546,-0.15533103309604085,0.020650248659479516,0.0657930097823967,0.32561607896260897,-0.26913233170515455,-0.03691875317603071,-0.20168674238313633,-0.034542569665289576,-0.04809233465773812,0.4005183899578619,-0.269096305634033,0.06161079520756904
0.014962236124232645,0.05398182930620857,0.6730973487558761,0.03662795784503004,0.007892897131637086,-0.9974170006609437,0.06128149534320023,0.008637402705470318,0.043987114969390145,0.013706422712911469,-1.3697488832940605,0.5848567343148802,-0.5030622534143511,0.13315537863262467,1.4104862245382273,0.3312755660008228,0.5889643565270106,0.02874107913403743,-0.15529887055879624,0.020799301848070186,0.06557052003608616,0.3255471064925938,-0.26910549910983766,-0.0371038767654938,-0.20150710167462413,-0.034402776185311186,-0.0483171012522511,0.4003694587253393,-0.2691726732951165,0.0615984516073666
0.0148996292381356,0.05408142805022512,0.6730908615994219,0.03666141753302524,0.00789659851723588,-0.9974078949791308,0.06140908100293835,0.008638102929267037,0.04396340590485581,0.013763778445738584,-1.3697129243456319,0.5847766466055091,-0.5031607951574916,0.13322505467995072,1.4104574967560466,0.3313836635271704,0.5889393080646156,0.028688110436825554,-0.15532069083840724,0.02095189052345831,0.06536342883442078,0.3254962867498483,-0.2690743677552622,-0.03725431124390794,-0.20141652523282266,-0.03426682624655542,-0.048563209551437336,0.40029361877643743,-0.26920111461575297,0.06146616098101102
0.014845125253500287,0.054166047239946044,0.6730949973507694,0.03668679180636541,0.007897680656653305,-0.9974018251421953,0.061492317814659456,0.008636697640990777,0.04393277037788481,0.013850001986039313,-1.3696481634817377,0.5846797012826557,-0.5032999694052273,0.13331917430242962,1.4104052406179455,0.331603609044936,0.5889706874698825,0.028724992506090157,-0.15533645667905055,0.021093725989625636,0.06514849164091414,0.32546019475861915,-0.26904225195444004,-0.037389968149893676,-0.20129007404102484,-0.034145532849811686,-0.048833085065649734,0.4001779628108737,-0.2691776812115992,0.061258194340786894
0.01478007290103825,0.05424582238054344,0.6731046517791188,0.03670644815849337,0.007896389053999794,-0.9973972464807641,0.0615549869310773,0.00863441663499771,0.04390250828327224,0.014033292980372829,-1.3695625023862004,0.5845270269431491,-0.5035041005119805,0.1334787497627398,1.410315218685946,0.3317879010507636,0.5890394793666844,0.028794397434733433,-0.15530262347669918,0.021220184185155117,0.064938117285574,0.3253950442556772,-0.26901712888541224,-0.03750157825483843,-0.20116197528410393,-0.03403230681169757,-0.049093588864181664,0.400110481430988,-0.2691879000658754,0.06103545632755779
0.014725953988526308,0.05433045325140377,0.6731288282690473,0.03670554939835477,0.007899232693920791,-0.997392607878334,0.061630272722645554,0.008633387164473405,0.043875622631520964,0.01417913294639173,-1.3695065435513178,0.5844093295923858,-0.503640964825737,0.1336045749819884,1.4102688257623068,0.3317905440814208,0.5889806178306803,0.028829200771717634,-0.1552052295341222,0.021352743852972856,0.06472042138533997,0.3253156899357584,-0.269011276642174,-0.037566322207697296,-0.200988503734668,-0.03390712243662002,-0.049357056113022706,0.400058038022172,-0.2692226596739407,0.06076213870575683
0.014664223888127744,0.054388519922690066,0.6731203680560744,0.03668848761956521,0.007896425180910336,-0.9973894445631866,0.061691954252471114,0.008631034582130081,0.043854448080620674,0.01440424840741428,-1.3694870528453362,0.5842657495813567,-0.5037917076228693,0.13377859320289123,1.410208814424742,0.3316889863169991,0.5889135279233433,0.02887906561231936,-0.1550643421225133,0.021457992507288342,0.06449872550051801,0.3252641264630139,-0.26905476142584844,-0.037599017172137934,-0.20081487708281065,-0.03380751010682301,-0.04962956150325925,0.4000991380200172,-0.26931338898755497,0.060417875293507145
0.014604071074716424,0.05446740886140563,0.6731073619534361,0.036669908778476965,0.007893603548184676,-0.997386404880138,0.061752475039266605,0.008627659846746013,0.04383915000570853,0.014664485391249414,-1.3694253193727772,0.584080319785072,-0.5039969208899201,0.13392725415105092,1.4101830667531619,0.33153850062715073,0.5887868227204774,0.02893278852672693,-0.1549063888841715,0.021572356073716846,0.06428440049138985,0.3251926280791124,-0.2691096547040353,-0.037639604050271225,-0.20064455877184648,-0.033698586972302866,-0.049884104034425905,0.40015656395935806,-0.26944620657534013,0.06011787685996389
0.014526014668260643,0.05455704680287841,0.6730952998946266,0.036669478826349085,0.007882685612565941,-0.9973814630757791,0.061833887981875786,0.008624707075267038,0.04383116508193284,0.014896542225898242,-1.369361099898169,0.5839340922563209,-0.504232133011967,0.13411102379136813,1.410139525469857,0.33142179760124046,0.5887260384773318,0.028942411170776894,-0.15476394135233576,0.021676863611963797,0.06410443688361067,0.32507913429888696,-0.26913345534213434,-0.037762550455008,-0.20049571713976477,-0.03359609101973724,-0.05008410194207235,0.4001782138429808,-0.2696025660992894,0.0599626795531483
0.01444585986942945,0.05465010101645998,0.6730965161641568,0.03668705888512331,0.007868002580660543,-0.9973734617448373,0.06195427388703066,0.008624357210717392,0.043827334177370066,0.014984849493929447,-1.3693356652336903,0.583896187998676,-0.504382443131189,0.1342753212782787,1.4101010117555444,0.3313932940362577,0.5886865368319908,0.028868257722607295,-0.15461121084835852,0.02177734392449265,0.06397966692892312,0.32484445200741396,-0.26908041091109836,-0.03805866465569963,-0.20035108512892522,-0.03348944715741178,-0.05019191957601129,0.4000933391739619,-0.26978327898439874,0.060094096583521786
0.0143805053901295,0.05469982669598847,0.6730799660334351,0.03672135627455209,0.007847711404256904,-0.9973636447992833,0.06209440757235226,0.008625895977921556,0.04382586920272632,0.014972161750426146,-1.3693932726616804,0.5839095527295861,-0.5044294693964019,0.13440011033357235,1.4100097369452411,0.3313904716579871,0.5886616967998359,0.028744352032357097,-0.15447340452201588,0.02184000199403555,0.06390006835111116,0.32455392157454466,-0.26900502636463963,-0.038507396435785754,-0.2002403843970577,-0.03341954517414542,-0.0502248880898259,0.3999671843778396,-0.2700098131585081,0.06042910609747708
0.014305819000791396,0.05475939268613909,0.6730871482490338,0.036739546438984645,0.007824887526500575,-0.9973537803876795,0.06224478780636293,0.008630596646898605,0.04382383876628598,0.0148740662394703,-1.369415699199291,0.5840658501732402,-0.5044037336855,0.13455529108627173,1.4099143766925746,0.33153446506636836,0.5886043860251504,0.028595573340731487,-0.15423270855366172,0.021897277185337426,0.06382461593689776,0.3241473844180272,-0.26886338780565106,-0.03892868863397964,-0.20007611652107615,-0.033349325008001744,-0.05025900564708679,0.3998281374355398,-0.27021735745843845,0.06075547343471434
0.01424025750160659,0.05482998766904988,0.673105075762025,0.036766681648721634,0.007806232724496182,-0.9973449925098898,0.062371786623759834,0.008636283150492308,0.043820232047058344,0.014805059882484522,-1.3694148005420907,0.5841451320745527,-0.5043857696316077,0.1346467478151164,1.4098679649295451,0.33158992811552174,0.5885403645550977,0.028496829797471136,-0.15410309236751438,0.02196975427333125,0.06370244779592665,0.323917569989977,-0.2687801228754645,-0.0391798131661353,-0.19996069850018153,-0.033277476870569415,-0.05036605081603057,0.39976295415956414,-0.27037416623181165,0.06079946030418982
0.014170700501687974,0.054911259741484926,0.6731043354862438,0.03679064620405183,0.007790249006282252,-0.9973381939523145,0.06246829000575756,0.008641903706866448,0.043813575157854584,0.014792563252152216,-1.3693778649844042,0.5842163693711415,-0.5044006434025491,0.1347619046770178,1.4098326252356062,0.33158610592493803,0.5885177586179418,0.02846267364968986,-0.1540982203761219,0.02204386598236209,0.06349829436913125,0.32397226429450715,-0.2688222571668707,-0.03910570585952229,-0.19994207674865727,-0.03322132527788153,-0.05058969163329304,0.39995894963139955,-0.2705214179690111,0.06031304873357982
0.014104489894264131,0.05498293639848115,0.673087308008874,0.03681602521961424,0.007772040227240811,-0.9973325326454193,0.0625459431522794,0.00864689845194909,0.043803719704048616,0.014793030181075662,-1.3693482209133543,0.5842645834290542,-0.5044026156225635,0.1348399397751589,1.409776321288551,0.3315243322309583,0.5884813228326713,0.028469477688871658,-0.15418904471607503,0.02209849325495233,0.0632352749689371,0.3242242227315288,-0.26896109972264415,-0.038801495098033094,-0.20001134750253244,-0.03319572792238255,-0.05088812397203244,0.40035624292265615,-0.27068358629525824,0.05942984648041863
0.014020065218197831,0.05508206471759829,0.6730676593658841,0.036838198101701206,0.007759833510289496,-0.9973256629385284,0.06264386792605549,0.008653634382565872,0.0437906064725917,0.01481386358826267,-1.3692730882110702,0.5842990940288626,-0.504448522245128,0.13500086418898086,1.4097822848086012,0.3313916911487301,0.5885338818791388,0.02845753921299577,-0.15432455955152372,0.02218889067593555,0.06295454879999565,0.3245785319399407,-0.26915376935924146,-0.03847450807461467,-0.2000719178662335,-0.03313888043468207,-0.05120956154903828,0.40076993880165723,-0.2708570213067649,0.05854156671860144
0.013949153967790633,0.05517393611918539,0.6730578892858856,0.03684331893621377,0.007755578100242241,-0.9973170919306914,0.06277769509152234,0.008662765020857222,0.04377440455462536,0.01477431778841774,-1.3692579819502444,0.5842904610606033,-0.5043922977294492,0.13515698747072918,1.4097518193858232,0.33125960100850504,0.5886083948919448,0.028392673759532035,-0.15433699288009575,0.022295582774909138,0.06271723495624391,0.3247338402498819,-0.269288299048064,-0.03837996995236504,-0.19998376761145065,-0.03304486146721594,-0.05148333866565709,0.40092936996573963,-0.27101073171483886,0.05804528637895336
0.01388381097746961,0.0552301888720706,0.6730427745338445,0.03682100826434145,0.0077566599835168625,-0.99730823308792,0.06293119887105297,0.008672501536840679,0.043757535036002077,0.014742505355306098,-1.3693216545415705,0.584073141350403,-0.5042613697660832,0.13535307631076418,1.409667102918243,0.3312281604043626,0.5887642721523632,0.028310013559201895,-0.1541233807622859,0.022406429214028818,0.06257057934272925,0.32454152792095264,-0.26931483199924156,-0.03870439286013366,-0.19967271417096233,-0.032919455058893744,-0.05166736867301825,0.40072202675172575,-0.2711530102786033,0.05826492803322378
0.01382510855391768,0.05529780173556422,0.6730509477200424,0.03676609598953995,0.007780980018838706,-0.9972978595359976,0.0631244001995394,0.008684628708374104,0.043737892023529464,0.014706360236420609,-1.3693642126799637,0.5838190750604094,-0.5040750779912162,0.13551423139007163,1.409657983558969,0.33124972613666837,0.5888746185598864,0.028170082873925396,-0.15372136007800383,0.02258524536030215,0.06247813784976313,0.32408512075406815,-0.26923991468035025,-0.03930806030745402,-0.19911941038572406,-0.03270917204895368,-0.051813202922538874,0.4001405819396977,-0.27121097715065007,0.059008455398368444
0.013757453393834388,0.055338526988694764,0.673052433346341,0.03670726392720868,0.007802267818023886,-0.9972890915205974,0.06329430721554037,0.008694976635962696,0.04371779325138911,0.014736043348631855,-1.36942981561163,0.5834641021885637,-0.503911928696661,0.13566793302889235,1.4096283022089486,0.331334026573955,0.5890055277625542,0.028081494876835523,-0.15326394427953718,0.022740228239915984,0.06238047678647789,0.3235614045418599,-0.2691323528557425,-0.03997062889579582,-0.19851882628772166,-0.03252189143514117,-0.051964891792527904,0.3995100143627207,-0.2712598483187776,0.05980351506001659
0.01365621514199681,0.055413267040795994,0.6730545148741987,0.036662085563277415,0.007820688826906242,-0.9972883782989516,0.06332944669165087,0.008696283469039483,0.04369809582381611,0.014924235360793077,-1.3694209935245087,0.5828538405507718,-0.5038989919446459,0.13566680065651188,1.4096626892161,0.3316689450918683,0.5890224385162502,0.028264521523703453,-0.15290857067334274,0.022900745719699703,0.062205232974319846,0.32321741700819023,-0.26906404207377604,-0.04040679810943807,-0.1980170127534981,-0.032350245125439735,-0.05218148488777928,0.3990891987918508,-0.2713351325748386,0.06019082958471606
0.0135740639010174,0.05548214077339492,0.6730429990403732,0.03664105017701252,0.007816539864578472,-0.9972871061670202,0.06336215762962558,0.008696485953874468,0.043674387901573165,0.014982502970139994,-1.3694588768245028,0.5825514061846158,-0.5037929882432971,0.13559844552461017,1.409639810497416,0.331997164502839,0.5889925429474913,0.028483809134222066,-0.15277125741825687,0.022986300883187084,0.06186830480680473,0.3232044553076301,-0.269102484799627,-0.040506933797236244,-0.197736997238634,-0.032279554769388014,-0.05251855660651565,0.3990643369199291,-0.2715110465768521,0.05983534345199167
0.013488029069007064,0.05554886240139539,0.6730266589387188,0.03663915676554485,0.007803868547072115,-0.9972821029966914,0.0634435092795658,0.008699528192879348,0.04364822477837939,0.014949467332561965,-1.369493013780647,0.5825348407739193,-0.5036359745813768,0.13558813053811514,1.4096006571081425,0.33214466120548675,0.5890167786863691,0.028626530138616327,-0.1527841105063819,0.023033413026858896,0.06141573572478059,0.32341780150515925,-0.26921283668608753,-0.040377749747495376,-0.19760884357238234,-0.0322648203225945,-0.052931630927003155,0.39930887425730605,-0.2717645420236459,0.05897475294875889
0.013431953078647476,0.05561129440935936,0.6730246954316385,0.03664010325992791,0.007788944149347847,-0.9972767614605713,0.06352870400736148,0.008703306067435428,0.04361521332949753,0.014830836436843173,-1.3695415746162816,0.5826699511420977,-0.5034149084994685,0.1355278716976759,1.4095657121941847,0.3322963694171377,0.5890030076613391,0.028767014005085866,-0.15287295700146333,0.02306519650459312,0.06094267886591162,0.32372044918851123,-0.26935330380507516,-0.040173470065713784,-0.19754392302579227,-0.03226840811754033,-0.053366788941530116,0.3996307655347801,-0.27202804317347734,0.057975347889766875
0.01334547947629475,0.0556989542798149,0.6730198180667359,0.03664004660762399,0.007773374822083899,-0.9972707945578793,0.06362424027336441,0.008707643435193969,0.043578674013306465,0.014775989197155281,-1.3695280641961542,0.5827896839116967,-0.503318850510725,0.13552190364331604,1.4095857123490128,0.33237676684087447,0.5890227074378223,0.028878051945804027,-0.15289072431290557,0.023114251350689452,0.06055396468372585,0.32391093165824075,-0.2694694414278385,-0.04003565233967716,-0.19743832999402938,-0.03224950134020795,-0.053760741783471365,0.3998772239716466,-0.27225840753829933,0.05724115357336133
0.01326268410378859,0.055761014145816926,0.6730180555582472,0.03663852494371056,0.007751510401651938,-0.9972641079580612,0.0637324999906221,0.008711695018869736,0.04353525251585296,0.01470133280875115,-1.369559177341086,0.5828820475149253,-0.5032554563241871,0.1354740410598659,1.4095753106544309,0.33242716554761453,0.5890243302222106,0.028942012927671915,-0.15284671993262164,0.023141269544234053,0.060302044504323166,0.32396670356178897,-0.26956531086401675,-0.04004373601629985,-0.19728855968969283,-0.03224863418556259,-0.05409744854533721,0.3999793324594147,-0.27241760038773283,0.05692092620435412
0.013182712435569396,0.05580766782760138,0.6730105612282037,0.036644820757087235,0.007725092178202394,-0.9972577247772718,0.06383189198651709,0.008713534153729876,0.04348576791780388,0.014648990671539961,-1.3695799403848343,0.5829078052243456,-0.5032746608827573,0.1353521661348875,1.409582897579922,0.33245461861044795,0.5889673760925496,0.0290035236186694,-0.15276455498290137,0.02314862157790942,0.060141075374622814,0.32390962850731697,-0.26964273591129584,-0.04012384814954033,-0.19713673637450385,-0.03226789265525539,-0.054402196264522286,0.40001610853373243,-0.27253541446057133,0.056857307671954835
0.013104435965027956,0.055867071003474135,0.6730160089376491,0.036655426563221634,0.007698008428114914,-0.9972518849574321,0.06392024967533783,0.008713082466847157,0.04343310217076486,0.014612961046773999,-1.369555289483258,0.5828859452947381,-0.5033492215320586,0.13518330470814477,1.4096407348840987,0.33247933912502553,0.5888605479947618,0.029083747626884825,-0.15267875191132235,0.023160280754205374,0.06000319632477483,0.3238216596686416,-0.2697003047498059,-0.04024303799788808,-0.19697229873577154,-0.03227824195899152,-0.05468297604457652,0.39999524723822466,-0.2726312744783056,0.05690395652291144
0.013054483936484848,0.05591458683715302,0.6729994842789431,0.03667023519197378,0.0076691926746525725,-0.9972458111194447,0.06400991750819139,0.008711374136123863,0.04338090642678009,0.014551692392666515,-1.369551035963611,0.5828792950586308,-0.5033691735401149,0.13502797730185737,1.4096664577539377,0.33252426838674487,0.5887896881357518,0.029156750761140004,-0.1526113197035584,0.023158541391844797,0.05983038090682773,0.32374211798526037,-0.26975560710000224,-0.0403997482255331,-0.19683242474712329,-0.032297094705813274,-0.05493459767547978,0.3999992162677448,-0.2727907949281846,0.05690078690815673
0.01299113918274113,0.05596814081465172,0.6729866411155343,0.036671445710556784,0.00763115038744094,-0.997241296987081,0.06408405571424722,0.008707945625437094,0.04333425840829875,0.01456130004262757,-1.3695119640457973,0.5828962329550275,-0.503410745171794,0.13493112003030835,1.4097221497284398,0.332603863471833,0.588742344447424,0.02928288431490398,-0.15251237188345892,0.023139501503655836,0.05958191697176359,0.32368861470852306,-0.26977424949750867,-0.04060295316443716,-0.19662670462210088,-0.032317494403350494,-0.05515697581564288,0.3999836121891649,-0.2730015507949815,0.056819489575455885
0.012906035499148214,0.056028627103010285,0.6729782267826995,0.036651144552554596,0.007585979814635909,-0.9972381443611306,0.06415005802342522,0.008703438981156691,0.04329589097395111,0.014641259943301465,-1.3694499132336022,0.5830499213251018,-0.5034653460162043,0.13487067649402748,1.4097936224131655,0.3326693533550368,0.5887156545147808,0.029463167835317588,-0.15235837800014548,0.023109744568628455,0.05926932590362404,0.323639087573695,-0.26975670322932305,-0.040858005206024894,-0.19629738085626314,-0.0323343529786161,-0.055378212177569296,0.3998781361463956,-0.2732231868840007,0.05671597248508973
0.012808976954699833,0.056072477980895236,0.6729790844838838,0.03664084519791495,0.007543225562738749,-0.9972329304575187,0.06424196932225856,0.008699415058750241,0.043265944934109755,0.014682714735525773,-1.3694201471516243,0.5831614763070883,-0.5034957444340749,0.1348801583528824,1.4098270025194903,0.33274016188125916,0.5887621626495467,0.02957419414694496,-0.15219390182359396,0.023072047398002032,0.058960078815815144,0.3235582777951196,-0.2697219367286716,-0.041109360262386443,-0.1959819691434346,-0.032356101439337835,-0.0555802880311272,0.3997713005766301,-0.2734437946011928,0.056579400946589135
0.01271281818479443,0.05611311446312773,0.6729699799466635,0.036628527297236556,0.007511446313417295,-0.9972256408416377,0.06436575495014277,0.008697298750521564,0.04324161428262621,0.014683142089455523,-1.369387701468779,0.5833019887915236,-0.5035125871346227,0.1349129507750999,1.4098526707641026,0.3327707512092502,0.5888246578537983,0.029630725313744468,-0.15206159521885676,0.023056379046299452,0.05864420668333828,0.32353782278914206,-0.269747432943047,-0.04129040858580447,-0.1956877300133596,-0.03236795643888987,-0.055831689517577006,0.3997087998586654,-0.2736696433768229,0.05639492985213382
0.012626938056954475,0.05619509816048721,0.672967498070827,0.03661421623808386,0.0074956416104255165,-0.9972113903069573,0.06459611109180456,0.008702578962700975,0.0432161941011662,0.014561070916298291,-1.3693251359761929,0.5835923514803798,-0.5035198626433144,0.1349882581988527,1.4099145453028676,0.3326444945882998,0.5888475043412215,0.029475263376274815,-0.15196888381262966,0.02310009351819132,0.05833176294969726,0.3235860578077268,-0.2698624308008696,-0.041344439434146424,-0.19544607921575088,-0.032337129357306524,-0.05615002048766643,0.3997336911218152,-0.2739001384739711,0.05610755057821699
0.012567650688875378,0.05627170828495302,0.6729322255022638,0.036608077884051404,0.007491184448903784,-0.9971955504500337,0.0648441589647258,0.008709855387389312,0.043188681618249965,0.014407964733344943,-1.3693011792461827,0.5837738016042721,-0.503516256305984,0.13503801140617064,1.409920894060767,0.3325157074366997,0.5888464223100961,0.029265970178179623,-0.1519513676137118,0.023164674689254885,0.05803608648381334,0.32373361914896653,-0.27008916151207935,-0.04132446817475237,-0.19530966561285032,-0.032297543621717065,-0.05648960518151411,0.39989439736820015,-0.27419176134153334,0.055721741665113726
0.012484118284938606,0.0563429288199372,0.6729124415176272,0.03660103333003418,0.007486889375103241,-0.9971799283023217,0.06508841246824103,0.008717414407563748,0.04316171571769492,0.014336122053245757,-1.3692853701805578,0.5838799790009597,-0.5035702376552709,0.13509895646885925,1.4099257623801615,0.33242027080081454,0.5888502294900787,0.029072191093496354,-0.1519223936234524,0.023222157265464817,0.05773444729647915,0.3238792692387508,-0.2703056563439744,-0.04127025575809938,-0.19516172069536433,-0.032265150501065105,-0.05683559227838617,0.40005420950372983,-0.2744689078470906,0.05537207172217839
0.012405909156323638,0.05640729490102851,0.6729101833013156,0.03660449472004733,0.0074832107680867605,-0.9971657770124246,0.06530333588798293,0.008723299684845984,0.043135842896415366,0.014281291018781323,-1.3692861282801045,0.5839342771198097,-0.5035993498031964,0.13507717210347917,1.4099166067123343,0.3324146258134397,0.5888360383372807,0.028933160914041408,-0.15189154474897512,0.023266930702587854,0.05743996890960927,0.3239573061380775,-0.27044679037638264,-0.041239372892186786,-0.19498724126104175,-0.032233561206197275,-0.057141603673638214,0.4000905383555523,-0.2746807964847121,0.05519869095379137
0.012340505779396431,0.05645227998673146,0.6729090726799544,0.036623714847312965,0.007463484854112736,-0.9971510927512253,0.06551868534741195,0.00872796436565017,0.04311520986889015,0.01422511405531665,-1.369313227497736,0.5839999391187836,-0.503639708370958,0.1350535044922913,1.4098869230798399,0.332509799756556,0.5888562206725374,0.028847762530903338,-0.1519185579895347,0.02324298981484525,0.057096681312461595,0.32403643768397566,-0.2705131670970571,-0.04126204241750206,-0.19476639857951347,-0.0322600660534258,-0.057435485255540486,0.3999672872390735,-0.274842124245575,0.055333947326078534
0.012263593874026804,0.05647327786324685,0.6729085769739468,0.03664769586498459,0.007443286698566565,-0.9971364965813362,0.06572937742296192,0.008731500644058426,0.04310012066610463,0.014211720496058504,-1.3693625505156048,0.5840454686954909,-0.5036736589420839,0.13504283316381943,1.409825737438255,0.33265489560398614,0.5889512090013951,0.028761515395579217,-0.15192870002682402,0.023196030451028526,0.056761310967804846,0.324069471248811,-0.27051189407375364,-0.04130939781810286,-0.19451399316980622,-0.0323009735971331,-0.057686733387333586,0.39975546307593646,-0.2749552726163916,0.05570397362857565
0.012182393377809346,0.056502378898553966,0.6729057308471429,0.03666340792614858,0.007424055711365525,-0.997126767554332,0.0658702310811585,0.008729396309152324,0.04308929652516782,0.014283248202613678,-1.369373549628683,0.5840279762927808,-0.5037524636794086,0.1349514812116138,1.409798409235972,0.3330448321083964,0.5889492711194562,0.028841047304529844,-0.1519190811204154,0.023151384937354306,0.056403214234025806,0.32409518973322843,-0.27050563336087374,-0.04135589305823365,-0.19420665020264632,-0.03234007798201977,-0.057965656706255315,0.3994882662769931,-0.2750453837255987,0.056112449613636206
0.012112486952849081,0.05654754890967372,0.6728928784908715,0.036679945577103426,0.007406772426898288,-0.9971157066800762,0.06603021131701707,0.008727399737396864,0.04307962847803716,0.014302104905969948,-1.3693682590434484,0.5840225020044453,-0.5038012475993161,0.13485903213287292,1.4097924373189514,0.333284267299067,0.588881554185715,0.028867846046879652,-0.15190995936462895,0.02312178381226039,0.0560634309300345,0.324111099684119,-0.27053213258042913,-0.04138991154904932,-0.19396557018190727,-0.03237506445615308,-0.05826755124968642,0.39934642679241333,-0.27517537893200444,0.05634083518529843
0.012037972930517823,0.05658948365506589,0.6728757298059073,0.036692783129011274,0.007394759894810592,-0.9971050850687159,0.06618463962623966,0.008725157548730364,0.04306965659228257,0.01432121030472934,-1.3693642842643698,0.584044674290237,-0.5038274378866829,0.13480938612673946,1.4097919392815328,0.3333623329486795,0.5887493807140586,0.028861729302356063,-0.1518742145827884,0.023114440679136324,0.05576577426000268,0.32412022047103256,-0.27061676045220406,-0.041423470447155115,-0.19381044108469742,-0.03240252377529277,-0.05859310057332037,0.3994024869823523,-0.27535410176571157,0.05622791922313282
0.01197738201346523,0.056601330228630384,0.6728594894461174,0.03666939532778795,0.007379444147770381,-0.9970996441896941,0.06628121006100116,0.00871721634883259,0.04305032977577865,0.014391232327136376,-1.3693997510586775,0.5841013187206173,-0.5038095665248319,0.13460783826937797,1.4097540763117027,0.3336826654782848,0.5884010116017453,0.028981309787366544,-0.1517530320171606,0.023085281127962494,0.05545901341364781,0.3241084765136786,-0.2707230689138506,-0.04146509832332213,-0.19364566084099802,-0.03246499496712864,-0.05896716812325658,0.39961105025743543,-0.2755817393593411,0.05587809575527826
0.011907932343506468,0.05662936843212939,0.6728462186905976,0.03666335246884097,0.007366649240191315,-0.9970909913807304,0.06641600689676005,0.008710574957500748,0.043027905084823626,0.014419452650378788,-1.3693881148136395,0.5841321395053747,-0.5038012560739054,0.13452080693735158,1.409778761397939,0.3337723696500209,0.588120690437711,0.029023238285448984,-0.1516629798466848,0.023066619111152126,0.05515778076373347,0.3240958427320959,-0.2708345370229411,-0.04148264397658221,-0.1935041842695348,-0.03251397457033735,-0.05934085372198149,0.3997974266836301,-0.2758042278708364,0.055495660313596935
0.011807746086103217,0.05667433196980225,0.6728432917832947,0.03665304849353035,0.007347535061509332,-0.997081102137375,0.06657209269032613,0.008705248359205043,0.043002988661470835,0.014471896262570966,-1.3693514254015822,0.5841331422352916,-0.5038240180075251,0.13453109802312227,1.409829033114561,0.33378513319113007,0.5879521661294413,0.029042990830270052,-0.15154122213793192,0.023040406460406823,0.05484874110438284,0.3240753304431345,-0.2709143862034992,-0.04145741428123423,-0.19325670023172378,-0.032556539826713755,-0.059687412105035184,0.39983194950129775,-0.2759962458128819,0.055283507275316966
0.011725997549904398,0.056727979251302636,0.6728543063336182,0.036626875738777855,0.0073191754701345275,-0.997069914584719,0.06675692528925764,0.008702007650911314,0.04296932280784492,0.014457288484295476,-1.369342428888889,0.5840851443463491,-0.5037616088813699,0.13452674608810672,1.4098593669335329,0.3337415683268245,0.5878128421333993,0.02906146608106367,-0.15139880837292113,0.022982225223212947,0.054499213428288444,0.3240437628704725,-0.2709449000884779,-0.04135114861983882,-0.19283007163466934,-0.03260487154552035,-0.060015666413278164,0.399571109733948,-0.27612336840738105,0.05535501666664516
0.011647793823193786,0.05674562754017887,0.6728428076147644,0.03659314652066059,0.007278939766826684,-0.9970574398589764,0.06696581430441173,0.008700905469934564,0.04292774671527939,0.01444410927637624,-1.36938145081987,0.5839722636074606,-0.5036578263025108,0.13463161476488592,1.4098350795865933,0.333579530535365,0.5877987840706314,0.029066942710833394,-0.15126387454746448,0.022865975485727198,0.054122444589175235,0.3240688280016167,-0.2709890289020275,-0.041198833158495825,-0.1922765296213533,-0.03269780503625103,-0.06033584990363094,0.39911190876032004,-0.27621959583747174,0.05560305084325287
0.01156814416225904,0.05677646743662978,0.6728258335203926,0.036568863242447916,0.007244796827891905,-0.997042688359481,0.06720199959061995,0.008703704231579942,0.0428836172215331,0.014429463705046263,-1.369369420550645,0.5838103115009113,-0.5035974497860675,0.13483135497553198,1.4098642132042711,0.33328680337624345,0.5879089237552431,0.02902081551355473,-0.15115920580939549,0.02276837852412885,0.05373904851553265,0.32411563097365736,-0.27104915073994557,-0.04105293344799238,-0.19172004121936984,-0.032771950462599314,-0.06066120999419948,0.39861471382335917,-0.2763128002692995,0.05590867601118564
0.011495154377552516,0.056824943131475486,0.6728011361848106,0.0365365953140469,0.0072191470842435015,-0.9970281383627365,0.06743776709804854,0.00870826126972619,0.042838573302087325,0.014433651832011821,-1.3693240705979262,0.58367479518136,-0.5035777395466258,0.13498550002898144,1.4099199405731337,0.33307855588080226,0.5880148789271039,0.02894500747993192,-0.151019232775941,0.0227086723947606,0.053375386307434415,0.32411749750528135,-0.2711061504665265,-0.041002525243868077,-0.1912091274848554,-0.03281860757781138,-0.060998388953382256,0.3982234314440092,-0.2764287610543038,0.05612594291344065
0.011424181956915384,0.05686755201103205,0.6727790696262271,0.036502213885201466,0.007205194854508244,-0.9970133106732281,0.06767667167494298,0.00871345248345212,0.042798017525434516,0.01447695938575369,-1.3692812249197956,0.5835026670222417,-0.5036001748486595,0.13512516707155922,1.4099750823223196,0.3329121835796424,0.588167543422376,0.028821145160507496,-0.15082029653948367,0.02268745639844708,0.053041144231044585,0.3240328604547542,-0.2711470888369271,-0.041151595341997554,-0.19078191283071794,-0.03283911933673311,-0.06135690413847281,0.39800717440853906,-0.27659331118398744,0.056203043925859404
0.011328749089389372,0.05690060089595782,0.672766201647641,0.03645634387842351,0.00720186067350817,-0.9969987358731663,0.06791604273783286,0.00871819672097969,0.04276526615864306,0.014598277608497403,-1.3692227032612716,0.5833111553941608,-0.5036987452573313,0.13529697393293424,1.4100384373914885,0.3328240353818556,0.5883997330704823,0.028669017936083577,-0.15052904475342177,0.022695648990675193,0.05272932991621041,0.32384994785714494,-0.27114564086996845,-0.04144674699892022,-0.19035295937961874,-0.03283539713253667,-0.061723793449220715,0.397856366226296,-0.27676485653833055,0.05619876014863578
0.011234582408514791,0.05692587414677901,0.6727675168032772,0.036421526825327066,0.007196194575818349,-0.9969848888137992,0.06813823188399125,0.008720724682646456,0.042740266421120325,0.014764962009798878,-1.3691624841634722,0.5829729481425304,-0.503861620759455,0.13543289304507064,1.4101016393191177,0.3327484420735434,0.5886279620947716,0.028545902171336103,-0.15024701850337988,0.022688943012010583,0.05242356694898648,0.3236409373196758,-0.27112479320032945,-0.04174241482113801,-0.18996475031635637,-0.03285094062974298,-0.0620930659395824,0.3977409714582958,-0.27692563999373354,0.056124348011998934
0.011162437148555472,0.05692500152810899,0.6727565700973174,0.03638949994088193,0.007177500696268196,-0.996970189978385,0.06837198309447849,0.008722498849746003,0.04271468710340819,0.014854331555753554,-1.3691365964127573,0.5827315353726505,-0.503944562666262,0.13550100191879866,1.4101168810788147,0.33273110709956377,0.588761411125004,0.028406387869998908,-0.15003811145901966,0.022621212455256955,0.05210833057062047,0.32353848543237396,-0.2711504847036878,-0.041885783998487566,-0.18962997736188428,-0.032932671281641464,-0.0624599034075511,0.3976889220938918,-0.2770842241515421,0.055974589571317436
0.011090799546969052,0.05692860110352187,0.6727633462923084,0.036378670711153145,0.007144205445154278,-0.9969530290768098,0.06863097304003352,0.008724985213183208,0.04268405198403995,0.014872485010395384,-1.3691084114814789,0.5825512169521836,-0.5039749643518733,0.13552758874738247,1.4101432899308068,0.3327015343365344,0.5887884785130963,0.028221954071261133,-0.14994940065731177,0.022498740529971837,0.051785391631432455,0.323568977165123,-0.2712160580615929,-0.041722054558625966,-0.1893903538448366,-0.033077536889712544,-0.06281237424190364,0.39770956705311755,-0.27719099515130924,0.05568539061627963
0.011031171305984588,0.0569574902065088,0.672743137712746,0.036379039386254336,0.007097577529514699,-0.9969372029800143,0.06886510873390746,0.008724279650500683,0.042642512288798076,0.014927743300132986,-1.369050986604228,0.5821670819385844,-0.5040504145708499,0.13545641574059542,1.4101883695225979,0.3326651541238303,0.5887095896957335,0.028126609059428407,-0.1500299612869555,0.022342029788897443,0.05142097918943892,0.3238388628928117,-0.2713878188964611,-0.04133191127430016,-0.18924728541047683,-0.03326962184533227,-0.06319303377606826,0.397856046571584,-0.2773166789758502,0.05527594520963849
0.0109605189592442,0.05698013495323586,0.6727281148584341,0.0363767498678501,0.007047301956589654,-0.9969208498233878,0.06910779110635783,0.00872289061141249,0.04259397583155853,0.014967746134692844,-1.369036056384087,0.5818580124526957,-0.5041014169406435,0.13539154606957907,1.4101957770976878,0.3326580547457211,0.5886036794675593,0.027996823717681814,-0.15007667427823843,0.022171981212487205,0.0510760938062308,0.32407548445392803,-0.27155607599688036,-0.040925198082127065,-0.189098012462762,-0.03347111101303545,-0.0635453869288541,0.39800246971769415,-0.2774508782575232,0.05489734787046135
0.010895076291378073,0.056988239144339786,0.672695662062935,0.036359406644931105,0.006997888289408385,-0.9969089027873969,0.06929403041494417,0.008716302674461338,0.0425400868710067,0.01507648873747187,-1.369038667479914,0.5814810918445642,-0.5041805959091776,0.13525279064546716,1.4101808177057455,0.33274276238372374,0.5884368210069909,0.0279709333891936,-0.15005495217225498,0.022004882251997343,0.050749969304801475,0.32424345026573675,-0.2717097532589785,-0.04071840577201398,-0.18887220554447537,-0.03365685537164142,-0.06387454936195378,0.3980697273976936,-0.2776437190490957,0.05472777662269881
0.010803110128993735,0.05700162537545431,0.6726894533786127,0.036307653022225064,0.006961482523061236,-0.9968989368770004,0.06946799080588355,0.008707792226230204,0.042486648097133504,0.015244694186798795,-1.3690153191898968,0.5812445961185269,-0.5042988181629651,0.1351895774266567,1.4102180994069622,0.3328576143776513,0.5882918900697103,0.027953619438509564,-0.14979768827582698,0.021889328668643945,0.05046997637416382,0.32413782180971007,-0.2717457309309664,-0.040846172458433506,-0.18840921081137862,-0.03376163524361825,-0.0641606391762361,0.39785573634879956,-0.277842333576715,0.054934933972931595
0.010725809873269255,0.057003010952216514,0.6726727501486001,0.03624114924655471,0.006930723489798147,-0.9968891236190286,0.06964638815676787,0.008698898875552776,0.042434766088116915,0.015361682382619838,-1.3690065962782783,0.5811626096815936,-0.5043776082796259,0.13516172082080632,1.410242169857599,0.3329483315742337,0.5881669089407893,0.027905767997213504,-0.14942115433978878,0.02178988056482844,0.050228626951214835,0.3238591476603466,-0.27171673148599956,-0.04122270533156745,-0.18782998827080388,-0.03383510043502721,-0.06441150414580542,0.3974692432865274,-0.2780669470117577,0.055416862087447366
0.010672549265398899,0.05700007157604392,0.672666509142342,0.036171570953787244,0.006907002840073055,-0.9968787420962358,0.06983326086565073,0.008690416097785888,0.04238431729199908,0.01542605002020488,-1.3689922573002702,0.5811558930625899,-0.5044018075700175,0.13513659580717174,1.410285093563412,0.3330179509042056,0.5880406845305213,0.027842813878512073,-0.1490195942280721,0.02169668451394569,0.04998519465590974,0.3235238684969178,-0.27166654556456343,-0.04164542642804474,-0.18723130410986608,-0.03389998804933697,-0.064668737305955,0.3970348016768276,-0.27827006410325866,0.05594531573893325
0.0106144154810995,0.057015540265740586,0.6726651794292736,0.03609510392920243,0.00687692235637856,-0.9968679909018556,0.0700289948988529,0.00868194135826862,0.04233495173920785,0.015541061069316638,-1.3689718206310146,0.5811761414266355,-0.5044562435418384,0.13513664170832684,1.410330502710533,0.33313323258360805,0.5878817543398052,0.027787272398160114,-0.14864483573693935,0.021594669652200603,0.04969352234864516,0.323256916932366,-0.27162646697656456,-0.041900194440334305,-0.1866739088410671,-0.03399556404296127,-0.06497452305510752,0.39671609448815104,-0.2784247622664042,0.056283566121326435
0.010563768337734989,0.057035362053833166,0.6726486777884051,0.03604307798325441,0.006831149286271581,-0.9968556530171315,0.07023559622236619,0.0086733993643373,0.042287149420297425,0.015617316422948554,-1.3689949178532526,0.5811611588612299,-0.5044766305187603,0.13511708599489644,1.4103075433079872,0.3332805890330413,0.5877319340201075,0.02774407962915508,-0.14843549795996303,0.02143921619900608,0.04933009583631537,0.3231886724126206,-0.271675143619363,-0.041889879891298235,-0.18632256916494772,-0.03417365524644219,-0.06534491216756931,0.3966982660587429,-0.2785795363335718,0.05628683745319273
0.010497435411620364,0.05703210873571542,0.6726277988383733,0.036009496182541706,0.0067921968812662175,-0.9968407434747834,0.07046782524562765,0.008666185824828684,0.04224478075275401,0.015664799358568127,-1.3690448573760923,0.5811246373248855,-0.5044679317453241,0.13513216571414946,1.4102406404067636,0.3333815577516633,0.5876394202610108,0.02766161784141698,-0.14833502618811725,0.021271344441244906,0.04891778511547844,0.32326599576659387,-0.2717915356670212,-0.041713849525039,-0.18610047424040857,-0.03438399937090549,-0.06575790724494922,0.3968733392727384,-0.2787316625013493,0.056060883743986094
0.01042129706800303,0.057027134991500035,0.6726131868534212,0.03598152334698422,0.006750194258711256,-0.9968261616328812,0.07069206701857358,0.008658773007909548,0.04220657501439128,0.0157174714323442,-1.3690763956964191,0.5810883655908343,-0.5044680138051766,0.13510711186676602,1.4101909603382785,0.3334853593199145,0.5875234770674539,0.02761418084518791,-0.14827126999751655,0.021089877860657445,0.0484794111563833,0.3233852238769515,-0.2719186969215028,-0.041465585209114086,-0.18591532456857804,-0.034608850936316854,-0.0661881840524942,0.39710455954530355,-0.2788830607509144,0.05576256447057754
0.010364360142153087,0.057016943567559125,0.6726011117992906,0.03596072377504307,0.006703446066815305,-0.9968117256524281,0.07091032194422701,0.008650935565620793,0.04217111506437494,0.01573706729706461,-1.3691153456625782,0.5810627848135329,-0.5044641339101599,0.13501829968038165,1.4101465952978718,0.33359251818195557,0.5873894493123399,0.027572502656911316,-0.14821666842814346,0.020892475926603926,0.04806380288908258,0.32347797893511665,-0.27203490036526196,-0.04125788855752777,-0.18574329479283888,-0.0348380598920706,-0.06658810477958808,0.39729761402135416,-0.2790594084767524,0.055543133377443765
0.010307605808641103,0.05701841281515874,0.672608807823474,0.03594629346635489,0.006662077403474468,-0.9967970782781619,0.07112710767929467,0.008643396604543085,0.042140710924484806,0.015755700034813237,-1.369130046916631,0.5810627368608858,-0.5044926338366029,0.13493737365843247,1.4101430233230332,0.3336675874300374,0.5873021367327201,0.027511539780401516,-0.14811989028861378,0.02071251234420019,0.047695152287727464,0.32346529194113954,-0.2720884170247739,-0.04111595316785745,-0.1855322819509427,-0.0350243671736371,-0.0669357322316816,0.3973640070092778,-0.27922473855614227,0.055456775852123746
0.010241661512421585,0.057009832517526345,0.6725971193699272,0.03593799890554495,0.006621579992825726,-0.9967816754848619,0.07135058745838296,0.008636295658529643,0.042117389936888266,0.0157822958972034,-1.3691438734009138,0.5810863540991735,-0.5045560658848217,0.1349059450089216,1.4101270283406129,0.3337023451607439,0.587314635529901,0.027428324668554476,-0.1480126482042702,0.020527963829279676,0.04735333704985623,0.3234241540725921,-0.27213285085113204,-0.04100848910445237,-0.18533283347263516,-0.035204536760697173,-0.06725062001914159,0.3974266040070623,-0.2794189293257422,0.055432573751081446
0.010182516244846009,0.05701983197252865,0.6725979160943241,0.03593154904488086,0.006581549834470121,-0.996766439986894,0.07157004332027825,0.008629712682126213,0.042098205787327696,0.015781133168521387,-1.3691403850977975,0.5811296029778031,-0.5046079072073282,0.13484864643655323,1.410145858632647,0.3337288992771504,0.5873094273012481,0.027345681267381506,-0.14790653221039904,0.020357470461735513,0.04702532890627275,0.32335949219801113,-0.27215644730829247,-0.040905561866025016,-0.1851235885794938,-0.03536921827962533,-0.067556267296118,0.3974405526493022,-0.27960406140416744,0.0554663550873085
0.010140776320459769,0.05701736668082318,0.6725723466136998,0.035917295167053775,0.006537514008104171,-0.9967521277268352,0.07178025278936004,0.008623000442312914,0.04207885917230469,0.01575393623667079,-1.3691688773812978,0.5811888048281834,-0.5045963725947143,0.13478899487600357,1.4101271016054475,0.3337853352963867,0.5873027264302222,0.027287542522872146,-0.1478131466501347,0.020166874117204622,0.0466893929001621,0.32331783113276835,-0.27219268420484133,-0.04080449730103256,-0.1849117575942353,-0.035558696089954614,-0.06788201984169275,0.397467508056606,-0.27981578489716397,0.05553932739935566
0.010091449221410519,0.057016117777752645,0.6725549603773202,0.03589532984481382,0.006492257348526538,-0.9967393100941014,0.07197307554209627,0.008616342895196074,0.04205520832785819,0.01574422473718831,-1.3691932507992095,0.581245014736533,-0.5045699554397975,0.13476457684236567,1.4101266975591,0.33387556487896936,0.5873036218977116,0.027259727115072574,-0.147704893528894,0.019978653610559567,0.04635158543943486,0.32326380955075595,-0.27220182021346223,-0.04069271585373006,-0.18466129230809167,-0.03575262145863178,-0.06822879111502891,0.39745493019790906,-0.280020145159637,0.05570725325603874
0.01003365495742981,0.057010423805254964,0.6725523328666009,0.03587801495717681,0.00645296519946167,-0.9967270736090774,0.07215447330244334,0.008610340262748699,0.04202662895865849,0.01572896294889612,-1.3692147727384942,0.5812877984305121,-0.5045212488731085,0.13474188111624932,1.4101266679932285,0.33395059240335095,0.5873324603144692,0.027230636410620356,-0.14759392005947186,0.019801022224754553,0.04603846422928742,0.32318143346363387,-0.272179113400524,-0.040579274875167215,-0.1843896685713072,-0.03593477701378535,-0.06856754723496974,0.39736796841829325,-0.2801916206032897,0.05595883760240207
0.010006164637234433,0.05699027608373266,0.6725497261913385,0.03583741802943193,0.006404018239431591,-0.9967165111899897,0.07232471459071844,0.008604547825513202,0.041987279845842315,0.015663547860538037,-1.3692723419141812,0.5813673330017174,-0.5043762191978275,0.13470596412133348,1.4101087041367313,0.33412304593833336,0.5872890068440395,0.02727873746588269,-0.14744273175817144,0.019585999171738366,0.04567070836540888,0.323064943950805,-0.27213109414597525,-0.040466842750322314,-0.18406756898822682,-0.03616084147913687,-0.06896354150986758,0.39728231158977684,-0.280366303669746,0.0561886768139033
0.009964117499310018,0.056969473110265303,0.6725462567703965,0.0357766444349819,0.006352938869764794,-0.9967093915802504,0.0724573020227618,0.008597702472811102,0.04194008577226284,0.01566911310559231,-1.369367155498869,0.5814335572990477,-0.5042154769921756,0.13470748063337676,1.4100787062864084,0.33444481097213685,0.587255994689989,0.027416192378394714,-0.14725176057494857,0.019371724385532883,0.04528133470780607,0.3229842971190629,-0.27209949987404775,-0.04034345107466177,-0.18371576049937993,-0.03639195809663572,-0.06937273593345131,0.3972609634421142,-0.28053991830511077,0.056280633516231734
0.009900616719016993,0.056955233626587776,0.6725470873977215,0.03575257974254392,0.006312674289034576,-0.9966977606348949,0.07263247985894553,0.008593907411341674,0.04190163794465072,0.015679934841747484,-1.3693875088877776,0.5814645022186495,-0.5041179858583674,0.1347600692898382,1.4100896795855529,0.33451823843150996,0.587284435854562,0.027502181244103058,-0.14714970558949153,0.01918161821253581,0.044847165469418596,0.32296612784220785,-0.2721186694909345,-0.04016678296883196,-0.18346339419410956,-0.03661803177810544,-0.06982537249207987,0.3973388267488964,-0.28070771771340053,0.05609777896873746
0.009856900619140544,0.05696171901362061,0.6725297600685859,0.03572453713854263,0.006278304267954348,-0.9966855448500043,0.07281665351282494,0.008590747973346727,0.04187152800750904,0.01567588063787209,-1.3693837588271083,0.5815347296433911,-0.5040138156614025,0.1347344912896306,1.4101144668138914,0.3345785032149626,0.5872166807611026,0.027640819530619868,-0.14710474959098752,0.01900597028351815,0.044333047619638064,0.3230450673769803,-0.2722056677194253,-0.03994078008951113,-0.1832446839542711,-0.0368421468812074,-0.07036007350929403,0.3975293333581429,-0.28091728213762385,0.05571558618465632
0.009806245037450556,0.05696870379187265,0.6725077206930735,0.03569870656304462,0.006241410744825509,-0.9966730340281674,0.073003495688413,0.008587639743526398,0.041849981600446895,0.015707161305201472,-1.3693834196912633,0.5815981982038148,-0.5039445246795294,0.134733929258363,1.4101350488068247,0.33460138155791075,0.5871717509500752,0.02776358788244267,-0.14705490377457267,0.018831378403899972,0.043831918648782775,0.3231119464769328,-0.27229005553588936,-0.03976565634795255,-0.1830483983180464,-0.03706346524980144,-0.07086103796203577,0.39774065681331716,-0.2811379510450871,0.05534022509040063
0.00976639668811788,0.056963601230736315,0.6724932973880171,0.03566894270360976,0.0062093507697392365,-0.9966605707858115,0.07319069018889045,0.008584500516428036,0.04183197523776634,0.01571329475417931,-1.3694091718215942,0.5816611304826423,-0.5038538648550985,0.13470988195495748,1.4101369461343964,0.33461492318065467,0.5871596978159113,0.02787667006698429,-0.14696175834357308,0.018662153831775403,0.04335669333389918,0.3230736806432033,-0.2723072703145869,-0.03974906362687593,-0.18280048588611914,-0.03725427353677994,-0.07129834905980864,0.3978222931222777,-0.2813463015895771,0.05520129287457169
0.009708045978897606,0.05696667652136482,0.6724844191518301,0.03562416381158615,0.006183269601206394,-0.9966486606135152,0.07337665450980349,0.00858231628249469,0.041812849347101236,0.01572091906813056,-1.3694386150241797,0.5817514661759604,-0.5037715955730514,0.13475004899497084,1.4101388055539457,0.3346132600265579,0.5872525900948378,0.027975130327097475,-0.14671639870899025,0.018522970406166402,0.0429273063424862,0.3227941843922914,-0.27218624710050443,-0.04000991586839627,-0.18243025466868387,-0.03737541074103578,-0.07161888606179885,0.39767845715951367,-0.2815257266472336,0.05548776318227378
0.009650541834068506,0.05696641830969334,0.6724782846267036,0.03558685142432025,0.006169727320123693,-0.9966370464696765,0.07355343686531046,0.008580581930947944,0.04179097389108139,0.0157045762175875,-1.3694484124138697,0.581789405117564,-0.5036965989596043,0.13477719457504966,1.4101504382469234,0.33459600474554274,0.5874297342406637,0.02806625950659977,-0.14643431787209107,0.018420798355642615,0.04254696390237602,0.3223838148102948,-0.27198234054196274,-0.04049811386340012,-0.18201397033704578,-0.03743559581838844,-0.07184102336171569,0.39736288776323775,-0.28167610819824923,0.056075930894662125
0.009608863501008267,0.05694235660179189,0.6724741215801308,0.03554291238817379,0.006154005166944042,-0.9966251192751664,0.07373738013472572,0.008580842082173312,0.041764929386184105,0.015648733394663994,-1.3695057056392537,0.5818526952496953,-0.503559432203552,0.13486435440857156,1.4101265362071334,0.33453983036289575,0.5876459574145156,0.028135654562660543,-0.14608944833659787,0.01829574776701501,0.04217642917515637,0.32187907010494016,-0.27173841718162556,-0.04100324561676104,-0.18156822812494303,-0.03751674944633632,-0.07207174019823609,0.3970070129588744,-0.2818052967085607,0.05671729050695138
0.009584071634915238,0.05691620961264684,0.6724690856983557,0.03550968440197981,0.006131907139395766,-0.996612897160267,0.07392019509123006,0.008582293388706115,0.041733801330974166,0.015587732643384391,-1.3695456028311506,0.5818975077735984,-0.5034336796483226,0.13491941130918356,1.4101206494531355,0.33444695570421173,0.5877836831712836,0.02817949545766516,-0.14586923083830314,0.018151615069113457,0.04181437970061755,0.3215702309165153,-0.27158759582126785,-0.04128284548354267,-0.1812125870376747,-0.037648561587174695,-0.07237250787839657,0.39677240009174986,-0.28190944579318367,0.05715639464554116
0.009552239449207803,0.056913240921929974,0.6724715011473316,0.03548586364155433,0.006100194755847791,-0.9966000608176672,0.07410708389740292,0.00858521905045408,0.04169659121501142,0.015550586943317837,-1.3695514016765495,0.5818953621989806,-0.5033501116565579,0.13500472516987208,1.4101510818430558,0.3342615322019156,0.5878092259918494,0.02820097900130438,-0.14576228250111598,0.017983693233629975,0.04144229378727256,0.3214901723713457,-0.27156215310245085,-0.041164320925256924,-0.1809599579865578,-0.037849054099300256,-0.07281115159221418,0.3967504632379533,-0.2819805352602534,0.05724724188726618
0.00951816160343574,0.05692057678248387,0.6724725439025254,0.03547998919813722,0.006062967343814885,-0.996588223157535,0.07427196144707623,0.008587418941979803,0.04165518377081384,0.01554492936977947,-1.3695417059382278,0.5818528342681276,-0.5033074065089188,0.13503434416325508,1.410180280766717,0.3341037283133593,0.587747349835852,0.02822769496632324,-0.14577648747928498,0.017806954144351014,0.04109019517333187,0.321603316759312,-0.27164583679956406,-0.040774900386152994,-0.18081632313168522,-0.03808660456063873,-0.07331148212577641,0.3968836444446466,-0.2820359871236778,0.05710048311793985
0.009487888212723226,0.05692421453308321,0.6724607335625672,0.03546703467513799,0.006017275746274238,-0.9965762401330829,0.07444245728181478,0.008589212655109648,0.04160555045323276,0.015548521549649676,-1.3695561004123964,0.5817030586204663,-0.5032744213531449,0.13504420865487712,1.4101937062840395,0.3338425625035606,0.5876120955957284,0.02826341713041664,-0.14586021380365863,0.017608054163866675,0.04071141867868528,0.32186260817056356,-0.27180030137874445,-0.04031492176585312,-0.18070562110363936,-0.03835208093392174,-0.07384642977327886,0.3971056780636789,-0.2821352472431222,0.05690141172593223
0.009446497552837767,0.05690831129469932,0.6724493480296909,0.03544571268006196,0.005986610723772501,-0.9965658680252958,0.07459378413537038,0.008589905715380645,0.041555715060521144,0.015579295651247035,-1.3695938895734074,0.5816156869759905,-0.5032436664990797,0.1350540540556555,1.410182940657764,0.3336888243999744,0.5875441220993118,0.028284811077522513,-0.1458423302503795,0.017450486002366445,0.04038002287956321,0.3219807680938349,-0.2719071058776534,-0.03999852762131602,-0.180524599505619,-0.03854686256775873,-0.07426631734765661,0.3972006713684844,-0.28225972358824447,0.056843052606294166
0.009420717301783139,0.05690727382801883,0.672444312149474,0.035414757902968046,0.0059748552062443,-0.9965572037490346,0.07472506730572226,0.00858993221628255,0.04150886330806546,0.015580628072966523,-1.3696039962525923,0.5815915734351764,-0.5031933091199668,0.1350070529507549,1.4101998792251265,0.3336375750609561,0.5875123424498437,0.02828348783992961,-0.1457374274400751,0.01736725166367312,0.04011177759278555,0.3219495969847578,-0.27196216682990787,-0.03990113011145929,-0.18025172340310505,-0.03862286254062166,-0.07452676920166282,0.3970675766595207,-0.28240947232607394,0.05707233625690933
0.009380479881523787,0.05689057180204186,0.6724417213323662,0.03536242812370875,0.0059693851038775374,-0.9965496951306392,0.07485031899536654,0.008589550713744544,0.04146774605605076,0.015616799547031305,-1.36964347828621,0.5815922762036239,-0.5031324534199898,0.13501397330954348,1.410181886394092,0.33362086340862546,0.5875712756073642,0.028269406536276246,-0.14550573370785908,0.017307584676711226,0.039872021808625084,0.32178584643753205,-0.2719616171307975,-0.03994470680941979,-0.17984372995099157,-0.038646463335416055,-0.07470531450247879,0.39675748160338115,-0.2825617813239518,0.05748383124655059
0.009334463578878974,0.056882729480306676,0.67243847465173,0.035290817620826524,0.005975201092013583,-0.9965426387676226,0.07497749183340371,0.008589924463362623,0.041432303457290695,0.0156454292006856,-1.3696713809482275,0.5816759302269754,-0.5030355114165174,0.1350649083894018,1.4101782749169673,0.33364581437919794,0.5876564581646112,0.028254569784772837,-0.14517534951238914,0.017288290136403636,0.039630953801130214,0.32151056947024653,-0.2719103871735686,-0.04004719150849866,-0.17934694679299085,-0.03862131907409501,-0.07487407386026113,0.3963593079581098,-0.28268877852711277,0.05790925837323813
0.009301543296499338,0.056889372630610904,0.6724317372538756,0.03524662272447154,0.005989662301631424,-0.9965339462415445,0.07511253903501508,0.008591111174505986,0.04139780100513743,0.015618030117877645,-1.3696796557839197,0.5817488499785445,-0.5029484968714335,0.135079223068714,1.4101849868432228,0.33367062160535943,0.5876818614553736,0.028204970662836202,-0.14497892327214318,0.017295620810334658,0.03940731958215742,0.3213464190580738,-0.2718854314014184,-0.04014489037117765,-0.17901956301098912,-0.03858916912881367,-0.07504995590582889,0.3961354419826164,-0.282807273967224,0.05815116179824261
0.00926684893445932,0.05689801871707461,0.6724149134414501,0.03520216555179096,0.00601258177219485,-0.9965231167736035,0.07527505653747965,0.008594261820360799,0.041357301252121885,0.01555856877556474,-1.369687185973893,0.5818299505296677,-0.5028155801748925,0.13514763485506126,1.4101878967054635,0.333675476251628,0.5876625896484113,0.028152649534360093,-0.14483050129751962,0.017319154330973446,0.03913505704269036,0.32125473105276003,-0.2718701646238637,-0.04023651482889185,-0.17879874258318176,-0.038566400990008264,-0.0753027219555152,0.39614558046067,-0.28293390033728183,0.05810616026201782
0.009234554667885619,0.05691978473171858,0.6724131280668948,0.03518111720211424,0.006043584382329522,-0.9965111534959289,0.075440606031757,0.008598551620299424,0.04130982029436309,0.015477802105602598,-1.3696681427385182,0.5818543523724177,-0.5027057096493657,0.13519200621327493,1.410217118496902,0.3336570813272575,0.5875853066178732,0.02809722646078248,-0.144788352090823,0.01736702101357233,0.038855854634649335,0.32124343494344204,-0.27185699747243264,-0.04033982340200159,-0.17872243320551945,-0.03853357023251652,-0.07557022577312933,0.3963145883118729,-0.28305784525564265,0.05786117865518774
0.009217801077974264,0.05692315593230581,0.6724218167041158,0.035169595882702846,0.006076725491547622,-0.996499748703402,0.07559380772791632,0.008602767344153823,0.041255874261789054,0.01539283355832675,-1.3696841071806685,0.5817731291298255,-0.502590841853877,0.13520589815676998,1.4102226628970205,0.3336098466972453,0.5874821089017424,0.028051822646478288,-0.1447837491998844,0.017411972815944952,0.038591882012206286,0.32124950773105354,-0.27184074315823836,-0.04044509458342668,-0.17870263002058046,-0.03850771009752198,-0.0758375666111309,0.3965344820317155,-0.28316206179237846,0.057516738479127166
0.009199636951504062,0.05690765761461519,0.6724427419002974,0.0351551940612885,0.006109091247761738,-0.9964899351947271,0.07572714434236338,0.008606292335713422,0.04120213217357778,0.015346333979414924,-1.3697133533502825,0.5817022596085119,-0.5025192723372855,0.13519951276901104,1.410223848883442,0.33360160729759286,0.5873871088816184,0.027996960294344876,-0.14475266802889383,0.0174546811531172,0.038376212126098444,0.3212543477553378,-0.27183548914910854,-0.04051993536611602,-0.17863378188246953,-0.038481621690524194,-0.07607594683045063,0.3966598660165383,-0.28320680591327574,0.057192384753482754
0.00916097049199145,0.05690336902171247,0.6724444075120739,0.03512000153442808,0.006145794559618905,-0.996483234243362,0.07582861315718818,0.008608050889734861,0.04115152018337242,0.015388153128575489,-1.369711153339953,0.5816174973173419,-0.5025396972625327,0.1351944643258253,1.4102440500385744,0.3336244993382924,0.5873041878672409,0.027959327689301303,-0.14466163444219446,0.01753371734380292,0.03822688866584405,0.3212888291094683,-0.27188408847669987,-0.04053377465992086,-0.1784691244845781,-0.03841939440701972,-0.07629914232189097,0.3967038801459558,-0.2832032930164469,0.056914874119706
0.009129381528609296,0.056905142988636866,0.6724434038442612,0.03507537398179525,0.006182618511018555,-0.9964782873871721,0.07591123852443586,0.008608070773041432,0.04110496033050959,0.015442333780328044,-1.3697253604589021,0.5815705972577523,-0.5025746106901708,0.13513332122302651,1.4102632634842083,0.33370996424142474,0.5871742173906496,0.02791805251852386,-0.14454259916417367,0.017632460002957654,0.038130760733811365,0.32133565667632136,-0.27197097727132435,-0.040512471453504645,-0.17824922512192293,-0.038338218756418976,-0.07650616478589814,0.3966726482362975,-0.28315031855207573,0.056634332030225464
0.00908175387581415,0.05694222466975806,0.6724318466673309,0.03504353863886123,0.006218921440925517,-0.9964720431684507,0.0760048853658263,0.00860842482805354,0.041065401534881085,0.015503386042209286,-1.3697095087213056,0.5815357716308232,-0.5026644668112721,0.13513253166281103,1.4102983690848485,0.3337571174842594,0.5871121074499174,0.027829922312671913,-0.14445723964921114,0.017753351333325035,0.03805754174473993,0.321410527589589,-0.27207545997740723,-0.040452607782266475,-0.1780617859433895,-0.038234100814443846,-0.0766861293261689,0.3966450837271039,-0.28309641704765015,0.05639584113663333
0.009050601872861476,0.05695224291476442,0.6724320070512763,0.03502000719954901,0.006244371964443539,-0.9964652621101209,0.07610248565140428,0.008608611180909406,0.04102985315166462,0.01550798212358521,-1.3697743199205477,0.581528987156527,-0.5026925978979886,0.13511064076831508,1.4102613545765073,0.333805885127467,0.5870329964783385,0.027718992964282693,-0.14439974269553005,0.017826911990276573,0.03796990137764961,0.3214823828660992,-0.2721544064546909,-0.04039864305150056,-0.17789238931214865,-0.03817167293840155,-0.0768226649166805,0.3965839999028501,-0.28304907578000965,0.056212385637973254
0.009036222449348352,0.0569587680445596,0.672419970178777,0.03502581074203108,0.006263063202803873,-0.9964562794227965,0.07621581082727992,0.008609754052593331,0.04099693659110264,0.015453051134016509,-1.3698360171040362,0.5815270612772656,-0.502707425962038,0.13509423440767554,1.410225753908325,0.3338392407279268,0.5869697780854316,0.02755644431071618,-0.14445102424775516,0.01786968496784417,0.03785538709621666,0.3215937980369548,-0.2722138028117376,-0.04033032423226421,-0.1778432131794058,-0.03813465698247724,-0.07689846165168043,0.3965748924515404,-0.28306304811499206,0.05614107089107065
0.009015242124729527,0.05694773994808735,0.6724125201013706,0.03505103226127879,0.006274672109028349,-0.9964462445370545,0.07633436562482464,0.008611808636865703,0.040967965322362784,0.015392317477060748,-1.3699142654890466,0.5814921040804495,-0.502740945962779,0.13510947359367823,1.4101728747722981,0.33383134073230614,0.5869475162491019,0.027360853945891234,-0.14454758322398098,0.017875881891667514,0.037731223724050654,0.3217128020235562,-0.2722509499283402,-0.04024586956603673,-0.17785530515259856,-0.038130143995142675,-0.07692615166033108,0.396582569820318,-0.28310470436138174,0.05614990728217972
