-0.031964690425264335,0.057938622575724553,0.688461799532527,0.009953749595809844,0.016840593573709463,-0.466477580824878,0.8843166762335979,-0.0030984343820464476,0.00021216097509339364,0.14600389750861967,0.006289836926435588,0.0757258773032359,-0.3137223064619966,-0.10504615057807763,-0.03318193388219327,-0.01764132792854283,0.019881793353686728,-0.49065453893042754,-0.1056930100719614,0.014156500694993484,-0.08216864639835052,0.2039298650500689,-0.029337408461548246,-0.0022238284780379874,-0.043290233066770115,0.02829916118916207,-0.16027245739768403,0.17453292519951188,-0.03314009421489448,0.006337908239128707
-0.009895112897315666,0.06772192827222276,0.6750368021814669,0.013426288554478189,0.012274218507025224,-0.6481876037357267,0.7612633635602271,-0.008949092969278464,0.001315045963411864,0.30581198345357724,-0.9985887471188819,0.4216829942600792,-0.7824973308571203,-0.25377336321289035,1.1114425399687369,0.21227582769385236,0.1884899475544546,-0.19254480860648698,-0.08745097212346235,0.014692186705226446,0.09070473219338482,0.23704193573096732,-0.11716520413635328,-0.006472212538380994,-0.09259999270097224,0.0012878765973953162,-0.13618345170244328,0.21935389724124893,-0.10151019300412713,-0.009402448457246785
-0.0015202014959949123,0.069158154989263,0.6700789671505538,0.013966479708864336,0.009859924711896097,-0.7002261066437501,0.7137164135031177,-0.014018664407507375,0.008162000060501707,0.13852293203267785,-1.3009163261093828,0.5706330323009785,-0.6525903920458963,-0.15762941181472032,1.3857387960235898,0.6004769596140203,0.28766594628230824,-0.037329721881864564,-0.13206100732388207,0.014594192029518208,0.10428383178426827,0.3258818055787594,-0.2002014018674888,-0.01226796322717275,-0.15830845698495988,-0.018507462313340883,-0.14910949802566195,0.356658616594017,-0.20300583006388767,-0.020232650055604096
0.00037666921080068544,0.06962598240903754,0.6692938785362136,0.013200824106287484,0.010449570598553436,-0.7094090690028291,0.7045958540424149,-0.015148622540225145,0.026970946950744458,0.027297077740546655,-1.3941416152975183,0.5737080689628064,-0.47071521696790375,-0.10303988021663246,1.4359567160164928,0.6330352202017955,0.3220726206250571,-0.010266064794295262,-0.1481390414181101,0.017250851709679663,0.10190990098655527,0.3550156426332252,-0.21694951874418367,-0.012451609993869583,-0.1774519427499531,-0.02057487383003118,-0.15094496481452044,0.3929398036097399,-0.22526974615746942,-0.020316211004084903
0.0009772798840987098,0.06984907328509572,0.6692930223499782,0.013760609598385435,0.010988996169792088,-0.7129161600955174,0.7010281280100843,-0.012454532761641489,0.03882089975132362,-0.016296169139027667,-1.4252168370338458,0.5729508072439841,-0.4080622953426915,-0.08662961236512151,1.4456895352113626,0.6344915087061089,0.3356663527747094,-0.0006097163507592675,-0.15080964025780305,0.0171950428345514,0.10223088050123638,0.35562088240184814,-0.21613326860253979,-0.01281467839138862,-0.18165489176150512,-0.020966501131737886,-0.15062875334034628,0.3963336151423142,-0.22569123228508944,-0.020435648121485062
0.0011666972354548173,0.07023559296834382,0.6693894930595714,0.014569204580178408,0.011484068355375297,-0.7141824999966331,0.699713663687132,-0.0102260674837373,0.044022576130132295,-0.0344614416763961,-1.436057878752759,0.5748896160619044,-0.3855379425909209,-0.0815923762372687,1.4470023235007643,0.6304849468609336,0.342663404063206,0.002830037201568894,-0.15338749391348064,0.016696192341484558,0.10250088777643096,0.3548536180062427,-0.21412338980784903,-0.013514754053717246,-0.1862107633570554,-0.021717851962493682,-0.1503487359127444,0.3993684076212851,-0.2256176093407964,-0.02059201152805823
0.001267363018729087,0.07073274936870974,0.6694917378546207,0.015357822456132058,0.011948970858688462,-0.7147715012314129,0.6990873052861254,-0.009143279863845064,0.04588197861240012,-0.04227834066966714,-1.439686663820427,0.5775312136592847,-0.3785345923419391,-0.08025706064509276,1.446955637540939,0.6246946392531202,0.3464172376684016,0.004350467490707335,-0.15596113062765915,0.016199804615277206,0.10274611201357683,0.35388585941662304,-0.21190986847190615,-0.014390904892830075,-0.19064320330582304,-0.02243517779845044,-0.15009754396410913,0.4020260128445102,-0.22527824219596732,-0.020787265789637265
0.0012563214972793203,0.07118498209538171,0.6695869555035521,0.016188069481885066,0.012427173594145278,-0.715131367739328,0.6986920914381302,-0.00812428674558698,0.04729159610955338,-0.047095480966760014,-1.4409103469262075,0.5827775735987714,-0.3759967885716401,-0.07932612253169832,1.4468733311328934,0.6153894346571638,0.35042485945728064,0.005356286265893562,-0.15873739804023249,0.015689077756541044,0.10282607322832008,0.35281316180227035,-0.20913297036547063,-0.015416954912151013,-0.19576761714953422,-0.023254776643991913,-0.14994331042864795,0.4056405889972418,-0.22493540907800783,-0.021006150117041225
0.0013343899646473666,0.07165405338759107,0.6696853312366454,0.017134527375317107,0.012891759765881246,-0.7155851075902977,0.6981963651414587,-0.00718501408655835,0.04830703902094202,-0.05100224229872384,-1.4411106025815903,0.5917974630215485,-0.37625835009887915,-0.07813286251990613,1.4467963416375476,0.6021081685584639,0.3555375352124146,0.006665757039844176,-0.1617860368767275,0.014913462170697656,0.10275975773912405,0.35161042776187185,-0.20596384600262274,-0.016423248806589883,-0.20164826544055492,-0.02439605653432865,-0.14982977629497504,0.41009785550744243,-0.22453742390459872,-0.021289245486393268
0.0014177889003501212,0.07226427038687787,0.6697191897542171,0.018123749677395575,0.013511874832462255,-0.7161693171508275,0.6975603687910175,-0.006296085541385181,0.04896938005286128,-0.05515281351750689,-1.4402612591124995,0.6060213130947366,-0.37789500549730415,-0.07628364070508568,1.4472154045320262,0.583271751936555,0.3621740146634832,0.008318408424804682,-0.16763407007468584,0.014620695290567656,0.10249619934589317,0.3549358105447209,-0.2046151431335302,-0.017424875037272875,-0.20859086944169686,-0.02536117956488459,-0.14976800633618528,0.41546234209066657,-0.22405101551904502,-0.02170061712029488
0.0014571756386855424,0.07301544262572396,0.6696815497703976,0.01915293076227541,0.01427313854726204,-0.7168403363471877,0.6968280813406394,-0.005435494050874995,0.04931994144156994,-0.059742510143596175,-1.4386343664475105,0.6246370232657238,-0.38036159523449,-0.07364350727193862,1.4481140421301915,0.5596296782617538,0.3704244527201947,0.010238917820512228,-0.17581874168868766,0.014735962559955483,0.10205642418094317,0.36184230765896286,-0.2047741400896953,-0.01844620575866172,-0.2165947715351157,-0.02619179497797981,-0.1497607916519445,0.421874529113124,-0.22362946403289932,-0.022204359597481085
0.0014471506702615842,0.07392515834498051,0.6695983877941211,0.020221920223443688,0.015068321255360883,-0.7174838910651563,0.6961184422919885,-0.004589093890399177,0.04939945872149966,-0.06481395207933263,-1.436608545281227,0.6461599337664088,-0.38375848714813576,-0.07027759784765734,1.4492646831368479,0.53332388891395,0.3804322812118879,0.012182667594113756,-0.1850427185932214,0.014920605765773339,0.10139405518001442,0.37005724054230954,-0.20532852613796657,-0.019480330953080764,-0.2254030965369502,-0.02709650610193613,-0.14986068646356054,0.4292576886472487,-0.22333633321472884,-0.022760140160586407
0.0014872149083154293,0.07495857763546604,0.669486782608695,0.021301421209407416,0.01581293732535433,-0.7180270227931128,0.695509449976391,-0.0037537631083677057,0.04924855931616383,-0.07014709385823864,-1.434481801166262,0.668851653844419,-0.38849373261327896,-0.06622305979389528,1.450370849091682,0.5068064885171217,0.39243721635473006,0.014024412108617684,-0.19459215941821253,0.014950968940741055,0.10043155840826114,0.37857677281591257,-0.20571809501582689,-0.02058291028869521,-0.23475748947792266,-0.02824171638841636,-0.15014882128380688,0.4375931135495388,-0.22324431653115012,-0.023400093437015983
0.0015492556919067314,0.07594521823012614,0.6694056043609572,0.022414106977102943,0.016491050576222688,-0.7185502706745612,0.6949180970249845,-0.002916130437386061,0.04889776424149841,-0.07550502173721674,-1.4320356656399749,0.6936868947250936,-0.395297171740735,-0.06126819925395919,1.451481877150933,0.47990471593269174,0.40685224616413673,0.016078944715710204,-0.20434476865266987,0.014708983963305635,0.09910812271701494,0.3872452131447663,-0.20573102357715817,-0.02159363691319865,-0.24456074283358073,-0.029734081671995417,-0.15073076367400665,0.44685873657086234,-0.22339533363471223,-0.02411009416451062
0.0015777151434830218,0.07700198797907491,0.6693542493985377,0.023594346971903483,0.01716725027256541,-0.7190870939699033,0.6943070960280959,-0.002065279620462779,0.0483707789532536,-0.08110762662829013,-1.4291572793786385,0.7210109589727878,-0.4038991213025456,-0.05574087793724741,1.4526657273503105,0.4518714127112362,0.4233737538200993,0.018400007710190455,-0.2144989546762272,0.014296721475787606,0.09746188183054161,0.3960711045728854,-0.20541553993134318,-0.022501116402519603,-0.2549915937634069,-0.03146299499376502,-0.1515530767054795,0.4569540388293051,-0.22371074090125748,-0.024872084359378394
0.0015591291652985307,0.07808888104983915,0.6693384824686485,0.024741005823651876,0.017845379726985154,-0.7195398636094579,0.6937808081304324,-0.001207487793648693,0.04771057302837378,-0.08636761345146383,-1.425963236282209,0.7476404179585725,-0.4140469025781254,-0.04965307405086462,1.4538248701299281,0.4244018761645847,0.44163354809432576,0.020555539845637533,-0.22476311367899524,0.013965618649987743,0.09557448272148199,0.405022730072911,-0.20480555068439013,-0.023586949007211342,-0.26575726254789483,-0.033163829567603414,-0.15244991077492948,0.46769157139876455,-0.2239235383271805,-0.025714263074470556
0.001461070023307084,0.07932523724898045,0.6693544714279157,0.025749841002669874,0.018540792145458257,-0.7198919533124728,0.6933604836381346,-0.00037040203698518253,0.04697134025834967,-0.09070382526525098,-1.4224660774658977,0.7696461809646261,-0.42552426728245285,-0.043603407181910324,1.4549493667856024,0.3998791458599119,0.46059616087054456,0.02232351164115985,-0.23487904550985125,0.013987173775530142,0.09355793480074744,0.41395762080570053,-0.20393970498663788,-0.025155569053034725,-0.2766510162073217,-0.03454462815535069,-0.1532271822492139,0.47883891708088555,-0.22375197040632777,-0.026630939911742854
0.0012945847443494422,0.08054291006765638,0.6694103076234849,0.026558555434624594,0.01919366781914495,-0.7202336497175279,0.6929572397077925,0.0004236652007317804,0.046217713114212286,-0.09337457602653737,-1.4185549653653644,0.7853213263027594,-0.4390806733797731,-0.037303272362625525,1.4559221571878025,0.3789927391271521,0.48048088922414905,0.02374907284673697,-0.24439602904948557,0.014434529865477774,0.09153717126832457,0.42271293176563607,-0.20275660697298936,-0.027471606202710133,-0.28738762929679945,-0.035520377536450494,-0.15364598134484722,0.49037026480454293,-0.22304747441880615,-0.027706999185399685
0.0011885872769744038,0.08169693242271181,0.6694826761747917,0.027254414691684787,0.019782821320110288,-0.7206202899772192,0.6925115410833081,0.0011680224201315514,0.04549667692287726,-0.09459515479105995,-1.4142898850773076,0.7961031618456945,-0.4547847868983813,-0.03064544548632454,1.4564865726092469,0.36102502636652356,0.5015892660300623,0.02510481284384768,-0.25346006731828163,0.015019536560578233,0.0894748724223882,0.43130276083238217,-0.2012407149502041,-0.030414351645416938,-0.29814638972388424,-0.03639696729791343,-0.15380392759518258,0.5024637715440428,-0.2219835785906744,-0.028991764318822943
0.0010957983710867616,0.0827170723905668,0.6696050304469594,0.027891090859546292,0.020345101945831542,-0.7209581181310369,0.6921181660514566,0.0018636140407092914,0.044834149049470744,-0.09449371864620495,-1.4095602831150902,0.8029372487976153,-0.4719831328004177,-0.023736955563240916,1.4566588088177639,0.34599835338536045,0.523388622173521,0.02646356936059639,-0.26240004623495394,0.015627386264744716,0.0871798637324593,0.439898404223939,-0.1993675857304676,-0.03360075390186402,-0.3088536708267526,-0.03727660369030995,-0.15409450610820052,0.5148252586311837,-0.22056188274147345,-0.030386197323165977
0.0009668200621628646,0.08384462601226908,0.6697510149546816,0.02854094866773582,0.020951319004876758,-0.7211652871847796,0.6918577057753967,0.0025051675518411327,0.04422900243034054,-0.09355972871041747,-1.4044636234659433,0.8067060222417456,-0.4895734106048454,-0.017490835375937736,1.4564652371908422,0.3341789862726479,0.5445394431209084,0.027927935484942927,-0.27179329524463886,0.016142768219321094,0.08446708678528832,0.44865082995399,-0.19721705460084607,-0.03661060254443357,-0.3196864678300757,-0.03826319867925692,-0.15492324322480425,0.5271307644677652,-0.21885196552264824,-0.03173767843494691
0.0007067656805292309,0.08526103416307344,0.669904426044363,0.029232642649052783,0.021610306093335502,-0.7212098673143897,0.6917620794483207,0.0030821444412558016,0.04366527403649223,-0.09201856503142236,-1.398996933779458,0.8074675468621506,-0.5073564178933141,-0.012305192176607287,1.4559876821861224,0.32600969323046064,0.5644851626229506,0.02947518602919692,-0.28201655325129305,0.016615030462566002,0.08119872555548115,0.45784043057668783,-0.19483742055782097,-0.039276963981688465,-0.3309026199995783,-0.03933091298299768,-0.15639833394508115,0.5395160313738453,-0.2168504706696762,-0.033029664965181955
0.00039384994092728844,0.08675161514039756,0.670062919465807,0.029913404669334488,0.022261457530849224,-0.7211232567879875,0.6918026194292533,0.0035865985998996164,0.043145816540645796,-0.08939781170097838,-1.3933015227927539,0.8048602963861344,-0.5258102936006784,-0.0075319825577817865,1.455031959125515,0.32122339662670024,0.5839499462124105,0.031041882623175296,-0.29268302910875077,0.01700252953879256,0.07746761740222478,0.46742810939591145,-0.1922145347002131,-0.04180880879619436,-0.34229626071053576,-0.040535394426239886,-0.15833226383148102,0.5521572722858822,-0.21455423344347058,-0.03435603523808406
0.0001265510928072688,0.08795089140288026,0.6702307667709498,0.03056265514663813,0.022853288926363728,-0.7209089904298318,0.6919782357943606,0.004016247561165424,0.0426985506921624,-0.08511459813297291,-1.3874777233400697,0.7991589369659445,-0.5449758088046608,-0.0026132236593550033,1.4534829653223418,0.3189075273361193,0.6033212184859358,0.03264600353248597,-0.3032690644852896,0.01715742336736779,0.073449718265311,0.4772000409769711,-0.18932125843876854,-0.04427760789893942,-0.3533761674202341,-0.04201130031938295,-0.16068027491431247,0.5648799289079522,-0.21205910621978516,-0.03569239253579778
-0.0001990417663650084,0.08928495968064339,0.6703867989064735,0.03120985558830118,0.023442407833594144,-0.7205520040601523,0.6923013851452403,0.004366001259224862,0.04234643343084606,-0.07989233788951415,-1.381513236291794,0.7910921884174483,-0.5640774285647041,0.001446225278902107,1.4517393720740075,0.3181832255919868,0.6214040615299818,0.03426703612169138,-0.3139529785433988,0.017137243976302542,0.06930875014615474,0.48694268649189554,-0.18628164275954437,-0.046657041732290114,-0.36427804973285344,-0.04368222000836442,-0.16341798826398246,0.5773706784241408,-0.20956815068946624,-0.03683022536233903
-0.0006276320212958123,0.09070733095265156,0.6705533215511076,0.03180855073591685,0.023978046996084912,-0.7200309681252913,0.6927977152841147,0.0046276341680730445,0.04211516073866657,-0.07326561128545603,-1.3756294928491037,0.780230835849503,-0.5830339245442258,0.00489518344586193,1.4498020436876087,0.31918210856076007,0.6381954192841918,0.035858573151447005,-0.3245249817665058,0.01701524999293031,0.06516597845862879,0.4966571471823025,-0.1830521872874575,-0.048922850786755595,-0.3747358759839144,-0.045486047893961705,-0.16655831312770436,0.5895044052876428,-0.20700855083899428,-0.03766114545891394
-0.0010413647088168515,0.09207330374547924,0.6707195973385837,0.03234247877948655,0.024455259467856892,-0.7193420873403069,0.6934716041278459,0.004791019988868823,0.04202456205571288,-0.06517663074871194,-1.3700953728140342,0.7664150687174722,-0.6019437482045223,0.008004729108548842,1.4474409377379194,0.32217049682502863,0.6540673997309623,0.03737457782772732,-0.33500653408509934,0.016723227603698435,0.060944901813811375,0.506522079266134,-0.17961909160599993,-0.05106770190716433,-0.38476019177850784,-0.04751181480656647,-0.17008067379585384,0.6014249027656215,-0.20430525106232028,-0.038281935562964935
-0.0014933006923098509,0.09337902084959558,0.670822583924662,0.03289178083621609,0.024882466192162812,-0.7184693067908992,0.6943348247272509,0.0048620749346088505,0.04208780147773408,-0.05602791979766251,-1.3647168762471302,0.7508585715439872,-0.6209334926269104,0.01088232538041044,1.4449176849939693,0.3261707583093293,0.6691617530188857,0.03874911162846001,-0.3455500547813715,0.016183067020085252,0.056442494322728964,0.5164786883681669,-0.17606321349780807,-0.053115795681712395,-0.3946531663131509,-0.0498345707521141,-0.17396249964841132,0.6134185698390953,-0.20164373098608923,-0.03884164083703691
-0.0019863228231898396,0.09467527376974554,0.6709355331735821,0.03359782986708293,0.025358907961915957,-0.7174572838847137,0.6953295315287349,0.004907210134300506,0.042462677109792575,-0.044987358794614955,-1.3587698947021114,0.7327571604720576,-0.6434084488313039,0.014155772953787183,1.4420835035949569,0.33054007920868633,0.6860076010409013,0.04049034160624648,-0.3573882007632541,0.015071433318612455,0.0508818776669653,0.5276923500823458,-0.17237422002098504,-0.055376990053099935,-0.40547842981670534,-0.0529265646277151,-0.17864209947627824,0.6267967978803342,-0.1992945560504185,-0.039587253015058915
-0.002615505511562745,0.09609417188856174,0.6710235777684301,0.034248800212485844,0.025725875772520945,-0.7160035282964282,0.6967812759157688,0.004827287979822086,0.04308979899483733,-0.03462665976370897,-1.3534901515312348,0.7165979752370517,-0.6626170822827856,0.017194029031023253,1.4397162982985428,0.33360395909578305,0.7001130522034583,0.04108545032844192,-0.36825133456532055,0.013835569883796025,0.0450955253400369,0.5373400618892223,-0.16845472901462835,-0.05744898833888242,-0.4155445875891217,-0.055940884425887676,-0.18339427815528533,0.6391709823691104,-0.196816797868656,-0.04043411994417707
-0.003322048304519922,0.09745087033995666,0.671097886804018,0.034894146168188464,0.026060221415348746,-0.714243225464594,0.6985412502500538,0.0046365413291651345,0.043953817669128495,-0.023740878977976283,-1.3487221961024833,0.6997171835035424,-0.6812966195122183,0.020290264029804245,1.4375503715954743,0.3365090809791573,0.7135632048408118,0.041243832774540495,-0.3791268960359298,0.012336541502947005,0.038745575788756204,0.5469095540510766,-0.16435841476526136,-0.05952953335167216,-0.42550061972236725,-0.05922622743385443,-0.18859090345539153,0.6516927646953012,-0.1943263204460019,-0.04135138353535281
-0.004114603007931411,0.0989233070847448,0.6710998704459004,0.0356089677150048,0.02637892478959128,-0.712251694452578,0.7005238593328903,0.004355120446034735,0.0450141849849716,-0.012872497811314243,-1.3442528565281835,0.683477674885882,-0.6994487516397302,0.022832237056617997,1.4356213579476782,0.3392594519156926,0.7259678387310993,0.04100544949181133,-0.3902739299948207,0.010564231431825865,0.03224950482512732,0.5564776234449578,-0.16018324825976668,-0.06147664729559648,-0.4356179084688527,-0.06279458831361327,-0.19395127728556805,0.6642490194338553,-0.19202899526262684,-0.04230228074968278
-0.004908748686848091,0.10038624896449766,0.6710616811325273,0.036443621609707905,0.026653948010149642,-0.7100750734667259,0.7026768955506243,0.0039963260321798045,0.04625469273708737,-0.002163398382348458,-1.3400432059832983,0.669274002268736,-0.717190968166572,0.024982951117236134,1.433787526059402,0.3416313281049785,0.7376756621015469,0.04031456564381463,-0.4015439371017303,0.00842431328989767,0.026055633965091182,0.5658985267027753,-0.15586427389823101,-0.0631763332610614,-0.44581184951608294,-0.06672575949142973,-0.19916934349873291,0.6765890465127358,-0.1899727944947059,-0.04329212947983377
-0.005747796857010844,0.1019149808386487,0.6710190325853457,0.03737456560883647,0.026894595087512362,-0.7077459971345731,0.7049648403577422,0.0035758733517564346,0.04765254258841225,0.008082234760995783,-1.3358768809807984,0.6576761545954919,-0.7343206971698181,0.026440969752617133,1.4321953055235501,0.3435802231236361,0.7482626282695338,0.039018016902215735,-0.41274581471726535,0.006077372727460577,0.020421145882682804,0.57489673775689,-0.15134832093558725,-0.06472960847065591,-0.4560761643984562,-0.0708313113414672,-0.20405941011656537,0.6885276208038945,-0.18795873445792785,-0.04433723168624989
-0.006641644043257004,0.10365101299107914,0.6709062483172799,0.03841221394161649,0.027109832346488925,-0.7052169753424736,0.7074309694232083,0.003109914571468318,0.0491819186533697,0.01781951165816866,-1.3317671618830318,0.6480287352507358,-0.7507036392335728,0.027172237191820506,1.430811673333086,0.3452062874947903,0.7576853463581834,0.03715881800760121,-0.42415527360092037,0.0034877588316988956,0.015080269847600886,0.5837082458148009,-0.1467437989940448,-0.06620743484777883,-0.46661096700968197,-0.07517121961332417,-0.20879331996202302,0.7003379062343983,-0.1861006834467153,-0.04541973989417154
-0.007465494735430224,0.10526059509300076,0.6707852285787943,0.03958410010615733,0.02730632602303596,-0.7024307256437952,0.7101257207350254,0.002601866931698369,0.050852099967346506,0.02761551172090588,-1.3278343617097366,0.6397797943094599,-0.7668836254439962,0.027922711040155812,1.4293686552760914,0.3464775354212209,0.7669952654548974,0.03500546991515463,-0.43581385375296255,0.0003534672021180161,0.00968745075524402,0.5924404099411685,-0.14191036517606187,-0.06740794386366539,-0.4771118241650149,-0.08003473076360988,-0.21365039787193807,0.7119103268923439,-0.18455277433220413,-0.04646911470542282
-0.008396109406906825,0.1068883989139054,0.6706494019612456,0.040954881561871624,0.027606356938339998,-0.6993451854547251,0.7130756610024918,0.0020663730349439217,0.05261598725739616,0.0369548853519564,-1.323710743365743,0.632716294019795,-0.7829077863781713,0.02806100725198865,1.4281599947971515,0.3475328080230864,0.7758004996646812,0.03286966618472451,-0.4484563385108518,-0.0033553660145753017,0.003863216870740145,0.6015382593955838,-0.13689025298717192,-0.06803475149990233,-0.4878008853120645,-0.08543955567379569,-0.2189636921484998,0.7231588712797921,-0.18355596209051106,-0.04727837297267661
-0.009383626274275487,0.10863220613243843,0.670444877021746,0.042601674032014515,0.028015564684371483,-0.6959126582262748,0.7163140356195207,0.0015136400250689874,0.05443363570146798,0.0456385313487488,-1.3195923476341205,0.6271352986444816,-0.7987000659786588,0.027492270154846017,1.4269735265270607,0.34832990834454397,0.7839793983944389,0.030831680886653626,-0.46240640273571204,-0.00788158506657437,-0.0024603409482956,0.6110954406308833,-0.13147451612196365,-0.06808155146078868,-0.49890600073374,-0.09163979640378554,-0.2247824128304711,0.7342069257646268,-0.18319102875652743,-0.04776395641588651
-0.010489775658256168,0.11041048840817153,0.6701815780057768,0.04445716370278967,0.02849469175437242,-0.6921619451698865,0.7198079291005093,0.0009431231173087024,0.05629956554538973,0.05401936886569029,-1.3153201273132127,0.6230368561575212,-0.814449757200167,0.026362247426114777,1.4259547003727213,0.3488274636114858,0.7915142040127143,0.02872654872418256,-0.47728517795670294,-0.013035177669669147,-0.009092653366903217,0.6209612842398773,-0.1257384509688274,-0.06767781458873372,-0.5102465032304313,-0.09843254824385275,-0.2309619242870236,0.7450374922181093,-0.18332266559581603,-0.04798108388769365
-0.011615153203525895,0.11237108967381843,0.6697939478650096,0.046434882123910344,0.029043880490394424,-0.6881545271603723,0.7234940231106838,0.00034706695770871007,0.058194818119774,0.062053868108807544,-1.3110040005963672,0.6197496139310634,-0.8297209884126212,0.024333615600265045,1.4249606741378282,0.34934664805663923,0.7984406144235775,0.026515511397919172,-0.49296390385243377,-0.018689912797942757,-0.015931912092379187,0.6312151069309002,-0.12027081458550959,-0.06691638815580021,-0.5219066390615406,-0.10568501487294707,-0.23739153168205318,0.755900131873207,-0.1842122089096041,-0.048091310769944266
-0.012714153925630998,0.11429183444914838,0.6692989365010242,0.048419009824580896,0.029613169061061963,-0.6839654902075611,0.7273031471889139,-0.00029306830283836225,0.060143290831438746,0.07048252834701006,-1.30649578153084,0.616353542246637,-0.8448328400264677,0.02184569841488481,1.4240030509293145,0.3500895384347325,0.8054516923885834,0.0241812367135837,-0.5089108024421551,-0.02464712944162516,-0.022918232652359177,0.6418044023464448,-0.11553177473950262,-0.06590276780650418,-0.5335556378320853,-0.11318436624042467,-0.2440007180759095,0.7668997912764686,-0.18598977905214123,-0.04827894188137959
-0.013898097756692476,0.11625586850402377,0.6686701817970038,0.050456819947192276,0.030241983472252203,-0.6795930404850268,0.7312269354179987,-0.0009780785377141972,0.062153796613762684,0.07905243443922544,-1.3015732638641655,0.6129748862993363,-0.8598439563570974,0.018620689416945536,1.423209644905123,0.35120133902934886,0.8122457408464191,0.021941047337900147,-0.5255152160239626,-0.0307779509333919,-0.02920572412710811,0.652975675376125,-0.11127565416319704,-0.06399788525017497,-0.5452911939208691,-0.12101381528890841,-0.25098723736162193,0.7779859683177044,-0.18873681614868426,-0.04843025448081548
-0.015108574553719589,0.11831367224651362,0.6679045614039826,0.05257964978928865,0.030943653088114274,-0.6750086675385425,0.7352830540067138,-0.0017065663921925042,0.06422964437405067,0.08766079750533042,-1.296411519230666,0.6098952042962994,-0.8747025147206764,0.01470803607909319,1.4223693882141408,0.3525854378500312,0.8188312357929963,0.01975937296139099,-0.5428677185897467,-0.03725984880305731,-0.035069455000577676,0.664614100230582,-0.10732124167982213,-0.06145361328745837,-0.5572263156170547,-0.12929778015620652,-0.25828623399614725,0.7891621384460216,-0.1923785279760491,-0.04851945217114145
-0.016412714689564463,0.1203054199769415,0.6669810532861017,0.05467832651603748,0.03168769698595196,-0.6702622457902987,0.7394286255868634,-0.0024890634534292196,0.06636876404501625,0.0968393720655946,-1.2907604673660311,0.6065571378220903,-0.8896219458558955,0.010351390808063066,1.4215932674001206,0.3541210859560383,0.8255346252081289,0.017281972206410288,-0.5603247847954457,-0.04408848518781471,-0.04224370536273814,0.6764448369511592,-0.10446050044174855,-0.059636035711091245,-0.569297384987426,-0.13758047367331236,-0.26555539940911366,0.8006759178369437,-0.1968917974880586,-0.04876706432950085
-0.017762004435703097,0.12228719062285216,0.6659032980408646,0.056686324537457845,0.0324540877138128,-0.6654168234761665,0.7436086630990705,-0.0033386338140454653,0.06853034917077062,0.10660341009223608,-1.2847010374029577,0.6024564006991927,-0.9042433290813724,0.005291453525873746,1.4207507968034028,0.3558614589685359,0.8323442151905993,0.014199829955782405,-0.5773566130770821,-0.05143928456988954,-0.05243764084926988,0.688082530854553,-0.10348789241745761,-0.059962920328632506,-0.5816409785226971,-0.14552523410059784,-0.272399190561618,0.812723987348016,-0.20224102835610283,-0.04941572559489065
-0.019194859090846082,0.12424179164700173,0.6646876872472656,0.058645039441742,0.033345907980257335,-0.6604130002897585,0.7478659497651493,-0.004255586531521899,0.07068432549560204,0.11680936417063784,-1.278112543783309,0.5976439224663616,-0.9184769134919105,-0.00025631026869588904,1.4199771372537786,0.3574634327363522,0.8395106552091554,0.010417151660338688,-0.5940653291290856,-0.0597981356281262,-0.06746403688883612,0.6984953113274893,-0.10414676731151591,-0.06258106879426852,-0.594335604433206,-0.1529743223855667,-0.27896551421588134,0.8250241665486476,-0.208579399627484,-0.05067604334550502
-0.020738588214569885,0.12634689503652727,0.6632029075357274,0.06060452382217548,0.03434708640014201,-0.6552445461630891,0.7521980816723988,-0.0052327196381639724,0.07279639837519541,0.12715221551921196,-1.2710473880740765,0.5923968280730154,-0.9322120013656542,-0.0065690815645873535,1.4192377453001261,0.3590856186559761,0.84670723677016,0.006150896967146163,-0.6108697181816491,-0.06905875559926979,-0.08596153998558012,0.708447411636758,-0.10644368349353958,-0.06685522564575885,-0.6076145374869811,-0.16019800645963578,-0.28535718739938254,0.8378184136964167,-0.21605679583833057,-0.052373799112893325
-0.022218459962400343,0.12849448238146527,0.6614993385753242,0.06241159625575458,0.03523408068200041,-0.6500630678001169,0.7564928024070053,-0.006296030217064038,0.0748710203616989,0.1383781313720709,-1.2639137078364555,0.5861924312280483,-0.9457600627630496,-0.01357987283306407,1.4181217059870903,0.36136343555065165,0.8539638415245243,0.001513778184883745,-0.6270821833339423,-0.0785031036130171,-0.10481731880237573,0.7199372091548059,-0.11134087541709012,-0.07294260263810202,-0.6211700843081079,-0.16741810951072233,-0.2911285852557552,0.8516798427614204,-0.22426254587003874,-0.05420582274365717
-0.023696402171720192,0.1306696426651133,0.6595841265390153,0.06394809453437779,0.03581031698127367,-0.6450480804998082,0.760618982307592,-0.007473120727626781,0.07690300388706528,0.15105751519443397,-1.2566088521902161,0.5785403434731508,-0.9596181200079554,-0.021693320770683734,1.4165537403738373,0.3650632141155077,0.8608103577001776,-0.0033238250041061836,-0.6423148768328125,-0.08724042318516044,-0.1208978718771327,0.7350338403939822,-0.11982440175720974,-0.08095328739382475,-0.6348462085436725,-0.17466966718860694,-0.295884748773378,0.8671470708186896,-0.2327856257884166,-0.055798574393477664
-0.025096688747589777,0.13279136823185625,0.6574553912834137,0.0652041626555466,0.036061322660016756,-0.6401583526607739,0.7646210052693063,-0.008777147745790276,0.07890277633146738,0.16540403658157618,-1.2492367717411086,0.5693162249816507,-0.973906337480471,-0.030712938518746305,1.4142099864929403,0.370565005688069,0.8674033849610001,-0.008232764180328398,-0.6562664368199048,-0.09596799881053046,-0.13548964112485787,0.7531462684709125,-0.13239029829679957,-0.09310981192877452,-0.6486051102414453,-0.1821813311497144,-0.2997419749024157,0.8845005196396881,-0.24183988205621862,-0.057221091209132324
-0.026360408085073145,0.13495251371315165,0.6552420971065125,0.06645362021405697,0.03598388797277307,-0.6353549434960223,0.7685136120733168,-0.010262458412488346,0.08094041881714596,0.18096198061517327,-1.2420830923106598,0.5587136457766174,-0.9883741885137339,-0.04079196589864659,1.4109057312092879,0.37763777376796037,0.8737804332939748,-0.012124445964826997,-0.6774750990900678,-0.11056502199389064,-0.16025074090834768,0.793948522489012,-0.14855862448021942,-0.11029006254708312,-0.6623283113943788,-0.190976855913379,-0.3033544844364712,0.9032314259829618,-0.25157622588190204,-0.058504653315001175
-0.02748492885405778,0.13702860804376069,0.6528311689190214,0.06739025220778871,0.035716458389414577,-0.6307713502695248,0.7722113649685879,-0.0119056450595463,0.08294200509332945,0.1984456775303806,-1.2346169491345693,0.5463371728394328,-1.0036743432622257,-0.051561409034138354,1.406990900932255,0.3857010576947766,0.8806185039416268,-0.017023947122925466,-0.689755845571222,-0.1198698659794688,-0.1730983966928869,0.8233034008339917,-0.16883104514565733,-0.12508488349899272,-0.6763764734592426,-0.19903993745338344,-0.30542149666684437,0.9231934827257096,-0.2612805488121695,-0.05964149419773643
-0.02853861472354737,0.13924634266088592,0.650200141070854,0.0681275933347933,0.0351520966761415,-0.6265934272498351,0.7755666560992595,-0.01369930023504453,0.08485676115526826,0.21766028847237137,-1.2270205692243545,0.5320638003558096,-1.0197090297214084,-0.06359044369991872,1.4025071741026018,0.3945386847997973,0.8876095303674257,-0.02260664143030481,-0.7005889302937979,-0.12509988072023834,-0.17551372997050832,0.8560710777854349,-0.19159785449350322,-0.133758752367754,-0.6908522173416273,-0.20647630675970483,-0.30560179810951765,0.9440348311074193,-0.27042326006241035,-0.06033195688622205
-0.029337963350664832,0.14144688838232058,0.647511355495657,0.06869498879704482,0.034221747019288984,-0.6228183405403458,0.7785930806471971,-0.0156589410361864,0.08667991722435855,0.2391331973814954,-1.2198615464640583,0.5151242127935897,-1.0366901680507996,-0.07666186275759906,1.397088086866793,0.4044913813504975,0.8950686005175464,-0.028907088868093653,-0.7115558948995122,-0.12517368484278948,-0.16506511609919797,0.8967086599473759,-0.215576291503875,-0.13400227382612573,-0.7057580040142094,-0.2136024786437737,-0.303839112671392,0.9660123922059322,-0.278711453942333,-0.06069500984753532
-0.03006788478446005,0.14380065989826585,0.6446940626090004,0.0690865314274478,0.03299684474349856,-0.6193961582824952,0.7813364566671552,-0.017765681609157837,0.08838696771281458,0.2624925199770964,-1.2127885203966837,0.49588796940248375,-1.0544845499140847,-0.09122792833059608,1.3911294172365314,0.41575494873206015,0.9024056942338495,-0.03562378014397959,-0.7227443781592336,-0.12025935198124774,-0.14466398205228626,0.9449704487173928,-0.24028739302359128,-0.12818753532686766,-0.7211723200566009,-0.22041522693188542,-0.30051141769663703,0.9891520316148668,-0.286513218488347,-0.06073861112279815
-0.030683670408153337,0.14614854650020737,0.6418273090178649,0.06921656087363574,0.03144473771930747,-0.6163908013031234,0.7837618747039723,-0.02004276431940039,0.09001568026703076,0.2877677936962527,-1.205798627557171,0.4752546630136991,-1.0729397067703808,-0.10610557265771693,1.3848145543158814,0.4273364837555503,0.9107151274478177,-0.042430508967532254,-0.7321125342693462,-0.11185772024651623,-0.12018023104290633,0.9973380289836236,-0.26444270007248705,-0.11942776582408604,-0.7360825328044371,-0.2265386989451793,-0.2957951645253551,1.0121947970190652,-0.2938326811091561,-0.06025043649081128
-0.031125221580692364,0.14845579577594512,0.638930686715655,0.06900599694947997,0.02957559156576669,-0.6138927186864545,0.785811164792343,-0.02249638087183244,0.09159912240159747,0.31451454087811953,-1.1987044418902777,0.4542911391923454,-1.0916386561390057,-0.12030319614638726,1.3783844785289046,0.43824979847623646,0.9209746317734883,-0.04896094909084613,-0.7380228121470602,-0.10223008102386222,-0.09766046130166872,1.0499879175003468,-0.286824350021929,-0.11112359215055466,-0.7496808981257582,-0.23159979487319074,-0.28985158126468175,1.0340011357055217,-0.3007500013207412,-0.058973196526863884
-0.031462889622610554,0.15081483043151478,0.6360348705884552,0.06837365437067322,0.02738891882189432,-0.6120031531628751,0.7874179519368781,-0.025100586294335106,0.09316418079944604,0.342636751334596,-1.1913148784299004,0.43278846223464734,-1.1100309958332815,-0.13414280996404604,1.3720941870854577,0.44874695375501655,0.9330207751759295,-0.055312551725263975,-0.7401131417547895,-0.09141786772342436,-0.07772823104637673,1.1024404106355277,-0.3077479239436115,-0.10334811970367586,-0.761966024500723,-0.23514723741808363,-0.2824476550321644,1.0545045137724065,-0.3070389659009988,-0.05650800868818115
-0.03175392908340703,0.15324778217369533,0.6330626142945782,0.06733796084040801,0.02491230612427515,-0.6106746442301372,0.7886199686337033,-0.027817393734461286,0.09471499836095643,0.3723494496241667,-1.1836787400201052,0.41029441892491236,-1.1284572464457772,-0.14777179925070585,1.365885133845299,0.4590900600940465,0.946640821919333,-0.06157009317783865,-0.7389272761326909,-0.07863226608572596,-0.05851298330565012,1.1558735514013607,-0.3278146304837386,-0.09464502859789016,-0.7733284875561056,-0.2373446300962282,-0.27371915671517205,1.0743333174245213,-0.3128030016146758,-0.053034153191941026
-0.0320038120667474,0.15555572775148716,0.6301916867350357,0.0659673493266182,0.02218919943782448,-0.6097702001751462,0.7895164667247242,-0.030649157664147508,0.09624042100673932,0.40334805914818633,-1.175995891972885,0.3876175391851661,-1.1475285202679106,-0.15988424627021325,1.3597189699464722,0.4681877361666273,0.9626394531757748,-0.0674179099066879,-0.7341171598729055,-0.06544976180471995,-0.04188423311926558,1.2082091057622835,-0.3456082433736607,-0.08635610010433545,-0.7830825557258271,-0.23854748832046677,-0.264469635529647,1.092599093650864,-0.3181908345503144,-0.04913604318937004
-0.032210833484833334,0.1579435952667202,0.6274498573441061,0.06439700655552931,0.01931208064064614,-0.6091712914162374,0.7901837803968718,-0.03354601727877832,0.09765358880692923,0.4346457771925721,-1.1683181521941486,0.3659207225633928,-1.167325488483049,-0.16972263961524306,1.3534656347411267,0.47507738523669546,0.9815042304559947,-0.07245483779385858,-0.7263171770520368,-0.0540697856145598,-0.030031978070560267,1.257407963864169,-0.35975814090261327,-0.08012955711249779,-0.7911093660884577,-0.23927143799769085,-0.2554163709406982,1.1086613395690597,-0.32347930855705453,-0.04541552095496034
-0.032330861000700144,0.16046617877354946,0.6247825839802629,0.06255034081293084,0.016242269591329937,-0.608929328405989,0.7905875767742254,-0.036447298222636364,0.09888249027505792,0.46677337633270616,-1.160481732082282,0.3453250134973654,-1.1876170207525403,-0.17668651714882935,1.3471111773567706,0.47906072155582513,1.0041342468237107,-0.07669656852548026,-0.7155043819096011,-0.04559193107546295,-0.02413001251690734,1.3033914322022708,-0.3701452209988904,-0.07666395876854708,-0.7972024788408684,-0.2393048443723766,-0.24636356050546515,1.1224577106115203,-0.3290645192875287,-0.04178897250319054
-0.03231889341148221,0.1630171766088573,0.6222828320571056,0.06035996064229731,0.012962943268437515,-0.6090824369543933,0.7907004630369056,-0.03931764056027377,0.09991409826225714,0.5002698374201875,-1.1524413090172136,0.3251437216047743,-1.2086224088784339,-0.1807571337953529,1.340630081954656,0.48047738325625594,1.0305434554265918,-0.08034022944309091,-0.7014340843961655,-0.039358220258181136,-0.022928774459826558,1.3465749668901328,-0.3771860303894708,-0.07534287698483837,-0.8013125616005968,-0.23847529331866058,-0.23712014959973352,1.134105030223619,-0.3345777341745304,-0.038039299797142975
-0.032158564092404744,0.1656705984675114,0.619950182071544,0.05799255053861112,0.009585853909771607,-0.6095200011972448,0.7905886058041551,-0.04212046547631542,0.10072423184442489,0.5343754294370314,-1.1442894192027406,0.30526721897678494,-1.2312805893686154,-0.18220703981019645,1.3338440459869423,0.48011394516472283,1.0597916333055573,-0.08321315962656448,-0.6848911961332008,-0.03478695554386544,-0.024672797446271915,1.3862975890134046,-0.3809459117354606,-0.0758522799462228,-0.8039388607394479,-0.23746001298103803,-0.22829218421754988,1.143706371521574,-0.3394467745700987,-0.034616010576541185
-0.031880856372287596,0.1684370477884316,0.6178715817772503,0.055603857424058004,0.006214647734938051,-0.6101119702380647,0.7903372526746556,-0.04482392504036987,0.1012835938792808,0.5680640949499618,-1.1362033908820741,0.2858163393403198,-1.2563013484663186,-0.18105983933700967,1.3266948479059302,0.478669283804765,1.0910581395742405,-0.08520342405638683,-0.6664556246128085,-0.031103442574384067,-0.027574747223717003,1.4213323543294556,-0.38154275380432334,-0.07776157423152717,-0.8054695881419857,-0.23689724719809102,-0.22050100087215074,1.1512363894077124,-0.3429756517961186,-0.03198345014457256
-0.031478949024506125,0.1713898655739565,0.6160645629462796,0.053241252613825424,0.002791658290958818,-0.6108744453316659,0.7899303688964153,-0.04736948070304981,0.10152361605661303,0.6012309688913524,-1.1282483030493486,0.26696014160139275,-1.2839507172437796,-0.17741743818134978,1.3190385174669836,0.4761652959029046,1.1246464377136147,-0.08626714790030149,-0.6462004739996768,-0.02817945839306394,-0.031111976591170667,1.4514972486369886,-0.37834680035779716,-0.08183434412321373,-0.8060078558397977,-0.2370234873874184,-0.213809894628444,1.1568683812463672,-0.3452937545558599,-0.03048378769563864
-0.030931722039812298,0.17447159609340746,0.6145647151449699,0.05083132841428243,-0.0006961260945817912,-0.6118497606164994,0.7893386864291095,-0.04971338761710603,0.10141936784488337,0.6344365338344145,-1.1203427944339839,0.24864119069482432,-1.3138908442454336,-0.17094879289301199,1.310812891676133,0.4721744664026389,1.1611458781344515,-0.08652447759047047,-0.6238582479074795,-0.026282655092247267,-0.03588104692061195,1.4771238457848705,-0.3715392419662733,-0.08804334664561486,-0.8053043692430918,-0.2374668872675986,-0.20790662187283449,1.1604038020113696,-0.3465361356837981,-0.029831492342658437
-0.030326084225689758,0.17777925391002833,0.6134302101334549,0.04842769361027879,-0.0040822317512265,-0.6129748470041438,0.788606321820821,-0.05181884567009772,0.10100579213731392,0.6668891123323819,-1.112458963480601,0.23098068688659207,-1.345263198708905,-0.1617497223710252,1.3021277193488898,0.4670346112383674,1.1996214872261444,-0.08605429054389682,-0.6001988950146493,-0.02518986056873705,-0.04179403713496755,1.4981837130748108,-0.36304993502087973,-0.09466101222649063,-0.8035343298468955,-0.2379713333880922,-0.20279314247787827,1.1612874169178111,-0.34608132619847903,-0.029523341650484078
-0.029591504442797376,0.18114121672766853,0.6126574213605168,0.04603831981626889,-0.007245202329450366,-0.6142089286587813,0.7877660643284476,-0.053671638477075054,0.10036837381426132,0.6979221280509728,-1.10497918556123,0.21397816045094128,-1.3771288336442633,-0.14952786691224626,1.2929489912924854,0.46109270916980954,1.239396473750561,-0.08488401536394567,-0.5756059487796717,-0.024654719232501326,-0.04844714035033834,1.5143966287202546,-0.3556351588475188,-0.09985310920837208,-0.8006755953762152,-0.23840933430786357,-0.19838844771568284,1.1591970979937645,-0.3433967294433408,-0.029091812541604246
-0.028602061687716545,0.1847781491403185,0.6123173075289047,0.04378065049183494,-0.010206691834720871,-0.6155923874367475,0.7867814757696241,-0.05522409208711616,0.09954560096371608,0.7265166410416634,-1.0983345721758215,0.19778515607354907,-1.4087431889991524,-0.13488921912123847,1.2832878787305557,0.45484506836190036,1.2798547104974873,-0.08282738776231498,-0.5504538506135149,-0.02488135897099099,-0.05569192681474776,1.5255391832875693,-0.35135875028883756,-0.10326473349729302,-0.7970607345883185,-0.23903223497487594,-0.19452057774282244,1.154160975290019,-0.3384763433677299,-0.028593395564427693
-0.027696457097133177,0.18849680171994052,0.6123935980015123,0.04155663218672247,-0.013017496606922146,-0.6171908785450748,0.7856074150261978,-0.05645717458581784,0.09855970572735229,0.753100774987799,-1.0920522532320442,0.18246342101028876,-1.44052077938984,-0.11764359088455947,1.2738146008104545,0.44797959807788196,1.321279198799548,-0.07981119596617502,-0.5242845565585754,-0.025524721325183207,-0.06398077039028072,1.531724774507185,-0.34983196611154393,-0.1056308368055004,-0.7923389286058378,-0.23957508023050217,-0.19145742798248733,1.1462940583135675,-0.33151405512057824,-0.028148581301599862
-0.02671589652837011,0.1924110060790409,0.6128994305638701,0.03940865132947019,-0.01564754371271969,-0.6190212819938472,0.7842287708410376,-0.057337092280898595,0.09746052984682352,0.7769561195663882,-1.0866487176667474,0.16864821277379588,-1.4712795711836297,-0.09809703382028422,1.263913205568521,0.44058273560073485,1.363648078085345,-0.07592500468589343,-0.49785382049585464,-0.026561325435147356,-0.07260199809051066,1.5333896144142862,-0.34960469470636457,-0.1069747245270941,-0.7864721263687362,-0.23999358598158044,-0.18905611506122008,1.1351505669748059,-0.32217280029296713,-0.02757593765306042
-0.02567468040713178,0.19650071053050597,0.6138711936916985,0.03726834869181995,-0.018063705769755592,-0.621104161196615,0.782632987845451,-0.05784844707377963,0.09632190153801937,0.7973644674792182,-1.0821597312697664,0.15704979699678026,-1.4998053114241523,-0.0764372516305196,1.2537000648364536,0.43252365693816847,1.406676438579185,-0.07129008155824178,-0.4715874876290048,-0.027634157966382553,-0.08111082599981927,1.530784353959892,-0.34893987529946746,-0.10722160712623369,-0.7790889913401285,-0.239974105828428,-0.18734716327373546,1.1201559571680193,-0.3100170342882653,-0.026630526344275453
-0.02444620410867093,0.20075522875335233,0.6153420709118581,0.03519540610906707,-0.020284289328101796,-0.6235376824997828,0.7807372089878076,-0.05791445316610608,0.09578609060474193,0.8113634126505305,-1.079006311703861,0.15002892385337538,-1.5203259235988738,-0.05693062296078094,1.244400117629007,0.4264484050616765,1.4412790230781838,-0.0654365928886297,-0.4463164841864948,-0.029024663458879746,-0.08928089518476306,1.5247024744378095,-0.3485685075960242,-0.10651981842840778,-0.771179728340379,-0.23989787468425228,-0.1860769906746525,1.1031649034839532,-0.29753349733390444,-0.02556839702535041
-0.023122776689156164,0.20515926845127763,0.6172663835250513,0.033031387744720475,-0.022257528772980217,-0.626325007979872,0.7785438421923272,-0.05781860299236725,0.09521007440507609,0.8234786955150587,-1.0766800904758154,0.1430043951926016,-1.5428500399412899,-0.03392777093537788,1.2345349293673171,0.4188900346605792,1.4821044040694418,-0.05850741592098775,-0.42072072490391244,-0.030623008292165636,-0.09807788980585819,1.514100499944088,-0.3479580533874033,-0.10453849984560144,-0.7611633159000769,-0.2391337525508061,-0.18576663524120252,1.0815938856003566,-0.2808862308752166,-0.024082927239318916
-0.021716073639274382,0.20981697745816794,0.6196135013187352,0.030966632502870878,-0.024074223865404844,-0.6294363267395302,0.776061473078878,-0.05754704511902206,0.09461502607955875,0.8322351500487011,-1.0752827220428771,0.13798277521677202,-1.5638082675394593,-0.008535976736238956,1.2244010877691611,0.4104443874715894,1.5243145861261074,-0.050730013618817835,-0.3955453659226726,-0.03225544524826248,-0.1063729103112463,1.499532588462479,-0.3461436280960101,-0.10159535042168662,-0.7496901918806406,-0.23803698156845907,-0.18595793508513508,1.0560280442575358,-0.26129078066158967,-0.022236766958386806
-0.020132986606371223,0.21470799092874776,0.6223923003638242,0.02910887469221962,-0.02579854204591886,-0.6328310589221394,0.7733123298551119,-0.05708982800437975,0.09401899677196951,0.8365652750136938,-1.0750265622253918,0.13617957181942847,-1.581508530437116,0.018536430734347437,1.2142649200861508,0.40116287554249674,1.5658239350820269,-0.04248655538862768,-0.3711506348494163,-0.03374508515401803,-0.11303811240111158,1.4813792306117546,-0.3415417631002334,-0.09804525661489036,-0.7367683572832433,-0.2367495696764041,-0.18627066915972446,1.026151860504615,-0.23881083611990003,-0.02000547775791185
-0.01840786769199608,0.21964636118629835,0.6255804756622578,0.027408553469576952,-0.027436924819178053,-0.636519530598794,0.7702849300872133,-0.05643709786824681,0.09342931578683886,0.8359866084056606,-1.0759459254222963,0.13815633630900562,-1.5952684316202836,0.047155412096590583,1.2045880099753619,0.39097451792570764,1.605999042607251,-0.03378672934178148,-0.3474315952411303,-0.03498044763438742,-0.11781882484468978,1.4595402232248122,-0.33249383173884567,-0.09331576032456325,-0.721809571910879,-0.23499849821319382,-0.18669800364244488,0.991312300823776,-0.21378003020335354,-0.017409664971600416
-0.01649901801091974,0.22481038969751221,0.6291382963333967,0.025878966062861483,-0.02896518951619544,-0.6405497383114095,0.7669337192098108,-0.05559792797735343,0.09284978541180429,0.8301714142757151,-1.078126228660491,0.14387219026304696,-1.604835697045571,0.07636500576010191,1.1955125788488714,0.3804210231169564,1.6442437890133308,-0.024389597497175744,-0.3247072715329237,-0.03618898318548509,-0.12090751667644005,1.4342725714788447,-0.3193146875141443,-0.08740440832500633,-0.7051808405605832,-0.23280878384693512,-0.1872334365481395,0.9519459852908668,-0.18633122298652094,-0.01448892003114583
-0.014474857027870209,0.2302831942133238,0.6330431632583404,0.02457366802789168,-0.03036940401237081,-0.6449329105002151,0.7632400507660155,-0.0545907072801203,0.09227721438453455,0.8193028019393273,-1.081366541036062,0.15304550035112016,-1.6103058219170079,0.10526830343125758,1.1873754232503906,0.3700012384441062,1.6797948527791997,-0.014357338705784076,-0.3029962130060354,-0.037331240419077115,-0.12236717092099793,1.4059424685840904,-0.3037200416264979,-0.08160097777585185,-0.6878305186095622,-0.23039657501765817,-0.18777185201745253,0.909277132567334,-0.15562460783922555,-0.011087264827660955
-0.012363222957097115,0.23589007239342039,0.6371382298121168,0.02352704928623007,-0.03164409850940732,-0.6496561561418951,0.7592048523082211,-0.053421628694342964,0.09169716077217126,0.8041317245967918,-1.085466182317898,0.16518343780470127,-1.6122001652697187,0.13335201858320606,1.1803596866086494,0.3600432893963033,1.712200655056323,-0.0038782739520389162,-0.28205597455882636,-0.038393554940072544,-0.12222404979006359,1.374969822553142,-0.2878229145738554,-0.07748288872177936,-0.6707296974885057,-0.2279805466912271,-0.18814050353825856,0.8647834462369837,-0.12062287035478983,-0.007037246895439195
-0.0101891209365527,0.2416660231525594,0.6414595596643182,0.022621884173867547,-0.03276682772734489,-0.6542791290809171,0.7552042151671475,-0.05049562467420995,0.09029557993589517,0.7814841089716498,-1.0896363554275648,0.18496057578159242,-1.6078630552929478,0.1652907044674975,1.1737753986088035,0.3465933479320512,1.7499969541334368,0.004929124429552812,-0.25939972161851055,-0.038552286134600676,-0.11935234308688121,1.336932830657544,-0.26782352935750214,-0.07588810179657655,-0.6487949382232484,-0.22385408336963,-0.1887401377171137,0.8083092952710198,-0.06989079157095267,-0.0015629941419363807
-0.007786993824268903,0.24770149175148895,0.6458507760800538,0.022016175826920958,-0.03366899618708887,-0.6597306626769746,0.750424639401927,-0.04755392006921136,0.08895972250670806,0.7559577527703888,-1.096215529064649,0.20438455242671805,-1.5999253201262063,0.19081385797631828,1.1689021117110479,0.33872376239833146,1.7746883313395092,0.01648926664107937,-0.2392000333432647,-0.038981176223107754,-0.11521862787161075,1.298513768239482,-0.2507163448378679,-0.07772721059805199,-0.6309183599212385,-0.2207971547839609,-0.1886803912179668,0.7574592717486425,-0.024241329663221726,0.003380883087953256
-0.005231129773310012,0.2538137689248169,0.6502603844299574,0.021740138702628253,-0.03441890058694374,-0.6655574199758146,0.745235550927835,-0.04458480998626661,0.08763624322002977,0.7271829611450779,-1.104136371821571,0.22558773494353088,-1.5895278654401517,0.2132011269341857,1.1657393254017379,0.33245676491079096,1.794025294405311,0.028559814097479833,-0.22029411206383928,-0.04037673651553271,-0.10994403196902443,1.258614875013048,-0.23562678520123778,-0.08055351502566577,-0.6147850379180708,-0.21776777857066662,-0.18782887167242984,0.707097208270875,0.02421086127341712,0.009330031638083611
-0.0025464798663731455,0.2601621128341703,0.6545372075443014,0.021837864173088053,-0.03499132346674501,-0.6717325829654237,0.7396445443272083,-0.041609325658976085,0.08628620983516669,0.6958216182110231,-1.1129700017377187,0.24789267660330525,-1.577746092676901,0.232702303358171,1.164274959701206,0.32706061588199076,1.8089291839893278,0.04081253765603278,-0.20325585897201948,-0.043500823973631954,-0.10458666192835805,1.2184795927726015,-0.22346671503050883,-0.0828425282321761,-0.6058035936978069,-0.21532589065942304,-0.18020126358877095,0.6637342644120535,0.08010223095237132,0.017835452873967574
0.0002660744164173462,0.26661122942610704,0.6586555937716077,0.02238145904979996,-0.035470336341969444,-0.6782613602826768,0.7336228272607681,-0.03865642067948185,0.08488719498050472,0.6623871613315152,-1.122769562612427,0.27125716978393594,-1.5652263067032812,0.24971248203155194,1.1642709625407262,0.32256428429253053,1.8198166392364836,0.0527801227585623,-0.18762295936592088,-0.048862669022077844,-0.0992603337358712,1.1775625514500827,-0.21553358416882906,-0.08356333111927772,-0.6007533094919497,-0.21416171962933195,-0.17537466222546116,0.6237183061634437,0.14229875532940348,0.026082849003606797
0.0030033425060921265,0.2732892741025738,0.6625919301942493,0.02331430814705423,-0.035744240242851326,-0.6850951161343068,0.7272024987402106,-0.03574071743271786,0.08341452989498516,0.6265451735059441,-1.1332908696914503,0.2958129371067646,-1.5515457777911095,0.2641389640784026,1.1658978985134913,0.3190952693783735,1.8265169971965538,0.06472579178317465,-0.1738252230267631,-0.055756248373611,-0.09406152508979512,1.1357660684929896,-0.2115200401097857,-0.08355391423820674,-0.6001820372350133,-0.21372216547893513,-0.17035170393954596,0.5870955694715827,0.21094415442190367,0.0347577952330331
0.005965249571896341,0.28014031531612665,0.6661710439985205,0.02454317545914734,-0.03579674939777892,-0.6920994006611747,0.7204961102430582,-0.03282888248980878,0.08186112310899515,0.5887864259289455,-1.144799003815414,0.32071866771335017,-1.536774386521646,0.2770815176061155,1.1688493656170373,0.3156750144726343,1.829940288055117,0.07655759744078709,-0.1620273883317309,-0.06351983685540422,-0.08862490818026102,1.094070713603028,-0.20922493405619105,-0.08413167779426473,-0.6027470149744373,-0.21262484705865242,-0.16162777023461636,0.5543275540767231,0.2775136736593697,0.048411124090953654
0.009056350748435329,0.2868467717537016,0.6691960050028575,0.025833795798882796,-0.03559000855824004,-0.6991117915643417,0.7136586503232077,-0.029850859668706188,0.08025640146823498,0.5499573106432589,-1.1566072926369486,0.34519860838098587,-1.5214648822963495,0.2899145687528398,1.1739805197919113,0.3110004522429901,1.8307835833568373,0.08807743187945713,-0.15204083076917171,-0.07085869889074625,-0.08294159923018646,1.0535370600484817,-0.20550154041890795,-0.08646928066054266,-0.6061028601622548,-0.20923237448894536,-0.1454891759678589,0.524869586137255,0.3336995784286751,0.07244091323850663
0.011958774209199196,0.2937219517064451,0.6713918852117672,0.02737891124070535,-0.03523703626160614,-0.7060688881565866,0.7067357863247716,-0.025348099654195353,0.07779338782074444,0.5085032268480709,-1.1680271733913563,0.37118703225687755,-1.5040646905846207,0.3026746197368089,1.1818982949823342,0.3044632320482267,1.8288706330780717,0.10036599951443453,-0.14059884231640463,-0.07937931295662332,-0.07948855772958714,1.007505999201447,-0.1827703894659542,-0.09237038941848798,-0.6045922603247322,-0.2025703747933281,-0.1198321385838714,0.4932340505478029,0.3499979624473036,0.11603348739168862
0.014494612480873324,0.3005108864827553,0.6734417304728392,0.028948383686929192,-0.03459937422590826,-0.7132297755751618,0.6994770629678247,-0.022534341070523215,0.07638645597996607,0.46652525817364154,-1.1797446281017867,0.3951372900083651,-1.487777857684206,0.31447338550969384,1.1929263508364254,0.29784567499272924,1.8235453239904937,0.11208948573690668,-0.13636486735155434,-0.0853245093472891,-0.07302318691410618,0.9724013017855965,-0.1807284848029415,-0.09938059591297717,-0.6105658101104217,-0.19305517938888486,-0.08293038466952427,0.4734127009161467,0.3499999949061182,0.17185974412010388
0.017188108700103327,0.30742531439394966,0.6747730194232269,0.030639322608043803,-0.033885753770836614,-0.7202452683367518,0.6922136527402669,-0.019581095759753787,0.07504390314297288,0.42336731848169445,-1.1923152041981082,0.41911583591134566,-1.4706745729065889,0.32579213115637123,1.2050905003496577,0.2899378924528845,1.8157750478162789,0.12282650302744579,-0.1323335711119022,-0.09199702644990154,-0.06631185976946108,0.9358941998646841,-0.17134058387890222,-0.10640388321338656,-0.6098582434567047,-0.18397830324145636,-0.047344537330988666,0.44640864193200597,0.3499999999872653,0.2286475316167834
0.019986044729884564,0.3144085321542712,0.6755393421852289,0.032021628073057036,-0.032977001700103356,-0.7270239350700657,0.6850717703493985,-0.016491226027850907,0.07389631538372174,0.38058742464605677,-1.2056286089103299,0.4409398664001277,-1.4544821870797597,0.3359382334431281,1.2186262811345216,0.28116218724706593,1.8050652080814529,0.13251560325398312,-0.1296674158360193,-0.09722049461951061,-0.05874802780125669,0.9016793146147315,-0.16060681825818351,-0.11078077720763611,-0.6093275176250577,-0.17741015014193956,-0.026353197665661826,0.4274944837019126,0.3499999999999681,0.2647954627474635
0.02236035454183328,0.32128686629603226,0.675934378180544,0.032745451027747466,-0.03165873742920044,-0.7335049401436456,0.6781562965616738,-0.011725187308301415,0.07271739701767316,0.3385480650954446,-1.2186530920160659,0.46067804274276825,-1.4385164221007463,0.345003506649238,1.2348459461157253,0.27097345358091873,1.7906022711101397,0.13992437227686164,-0.1284685970804993,-0.09897062492985555,-0.04939683758324377,0.8701705210662771,-0.14950167877096873,-0.11351571938068009,-0.6118060356386373,-0.17181004011764614,-0.027560182188242608,0.42310213830743826,0.35,0.26863789853924436
0.02468242046619261,0.32836199784017545,0.6726632057150639,0.033189161744926386,-0.029685321024030546,-0.7398801640920529,0.6712634386300849,-0.009075608922386617,0.0724410454211701,0.29976613470490654,-1.2296638660727786,0.47559451049725093,-1.4282131968912708,0.35443860683026546,1.251423079175572,0.2605371127622825,1.7761535428025759,0.1477343241694984,-0.12293860640568453,-0.09804068341335045,-0.04015566003205586,0.8205794832386107,-0.08986398188883785,-0.11382049590679395,-0.6257260967122458,-0.16802838220090738,-0.038845480539572666,0.4473115203932031,0.3289408427054551,0.2699153217245572
0.02706462687723018,0.3355428292343494,0.6699510285278212,0.03372381160802345,-0.028234839194560723,-0.7459148434114619,0.6645874997054473,-0.004770243681135771,0.07264087362136422,0.25811712140908477,-1.243910783312037,0.4914292695599987,-1.4145919401092037,0.36089781556382444,1.2694770096463537,0.24858307134982585,1.7554150968292916,0.15583200070461556,-0.12919177095967443,-0.09843203337432452,-0.03014371980197438,0.8022171931070198,-0.0895258745136569,-0.11149087812608027,-0.6413635641061547,-0.16767567998508384,-0.05510254458256588,0.485756536837679,0.2921986101833982,0.2695501804770539
0.02945766765564031,0.34274277598079095,0.667670797137369,0.03426538051330502,-0.026540628483206312,-0.7516895725672114,0.6580913806088922,-0.0006912423274638305,0.07329331743519227,0.21657424862156113,-1.259002469399107,0.5052537342353096,-1.4044226471276957,0.3648539054308342,1.2877799367257412,0.23668269726111438,1.7317670353893264,0.16473979604198427,-0.13871960107921247,-0.0988157763764785,-0.021496200990749493,0.7912509826060117,-0.09665692495750965,-0.10320706993728461,-0.6586802237187318,-0.16931712372930613,-0.07333560038465688,0.5329098942382997,0.2500255697255594,0.2687950276619053
0.03161431982030175,0.3501552294297866,0.6655426559653314,0.03460847090110925,-0.024233364355676343,-0.7571975049209868,0.6518181773587817,0.0031459970224135166,0.07420220410285512,0.1756313587006158,-1.2735220876772513,0.5172773680371361,-1.3981757924009879,0.3659893784867563,1.306675407885655,0.22432737022087346,1.703628689969822,0.17344139857474897,-0.153081725071225,-0.09776434177006166,-0.013593985121121505,0.7895578196362312,-0.10908926046562824,-0.08561521653279835,-0.678401600594398,-0.1728397050621017,-0.09758319839555567,0.5889184713516744,0.2015732069664167,0.2594972492471551
0.03353632633531659,0.3576901933128141,0.6633656130011744,0.034678726896121656,-0.021469747174934387,-0.7624687706514407,0.64573818970105,0.005456590606191726,0.07493858223333111,0.13606873776553668,-1.2875403854741865,0.5269921390076847,-1.3962000296161603,0.36575894137397996,1.3255473404646476,0.2115013441419142,1.6735460366063715,0.1810735455556685,-0.17087455291360482,-0.09506938016904487,-0.0056437890777955284,0.7948566775166958,-0.12494587553573075,-0.062108976172333075,-0.6992556866277335,-0.17878456370130202,-0.1302803204503278,0.6528687633045949,0.14783449343612715,0.2293781424908518
0.03525380684562424,0.36537720810721536,0.660938155358376,0.0345570344585557,-0.018635302350912007,-0.7672536930537454,0.6401408496347574,0.007856598849487069,0.0758220301308808,0.09567965466812388,-1.3012747338580462,0.5374318518266328,-1.3962289799284022,0.36488553965423043,1.3443111740833171,0.19713852682314095,1.6414401533403524,0.189351778349335,-0.19158515517008812,-0.09212928895472802,-0.00017887841375432414,0.8063076770138826,-0.14563560372220616,-0.03742437727104255,-0.7217011608739116,-0.18855383568240178,-0.16338938274049813,0.7267330512492436,0.08917569008372553,0.19416542154930794
0.03685090365466817,0.3730622340391751,0.6582444046928322,0.03414670924982336,-0.016010791934308495,-0.771361005321584,0.6352793529293383,0.010403099244169557,0.07683148786277907,0.05365921595834103,-1.3145863243158489,0.5500753860800961,-1.3982038617676722,0.36519567915622525,1.362380011889891,0.18134138326061106,1.6113546655389275,0.19778447486829767,-0.21280453916249836,-0.08945413112650429,0.002152257074888697,0.8204122502019994,-0.17098456559778935,-0.019464730558889778,-0.7436754837676488,-0.19959064200107224,-0.18950232180436094,0.8053058828802243,0.03442314027424605,0.16160182545981452
0.03799803978573381,0.3808800435815769,0.6550881622411842,0.03345590173242077,-0.013514676467803442,-0.7747778770537813,0.6312030555908898,0.01457983685819817,0.07857402581759443,0.009444921105296522,-1.3264830639245428,0.5665483126964111,-1.4032083709968886,0.36687764139955525,1.3803379385415637,0.16267150274574343,1.5819240916019468,0.20699280428017758,-0.23537325904612652,-0.08687403773159119,0.0002953142894206993,0.8387477638812788,-0.20514461645039972,-0.010663036519320069,-0.7674101768558765,-0.21112949032752512,-0.20790718286651175,0.8915271750487476,-0.014339009685293034,0.12996941620378138
0.039121177708680295,0.3884998904144998,0.6514930697504253,0.03245785037289649,-0.011126234820841036,-0.7776825621612465,0.6277201027195162,0.018594794569829192,0.08041440898144696,-0.03490182970446202,-1.3377311370609137,0.5841327088854579,-1.4123691868354926,0.37080180938771284,1.3967355616016452,0.14279368630311107,1.55601141612125,0.21541535619744206,-0.2575471813606705,-0.08389346122548626,-0.003192574451887806,0.8587449421580254,-0.24478581000488278,-0.008609506705644969,-0.7909839778048954,-0.22168993106413154,-0.21952267917337737,0.9814245305506334,-0.053450725376136383,0.09974881924921442
0.040243393218618945,0.39619015773431504,0.647380159863671,0.03134720457481448,-0.008850363894675478,-0.7799118693108853,0.625041198587962,0.022542506872810075,0.08226929551050827,-0.08031528048396099,-1.3483889298495906,0.6038889369321513,-1.4234021720501437,0.3765979387393604,1.4116823656765274,0.12193271435984104,1.5343355427564291,0.2238632203934641,-0.2811095839067847,-0.08154192104645468,-0.00904567781415477,0.8811660216207237,-0.286098108401195,-0.009698739756428537,-0.8132304239193912,-0.2322335904618078,-0.22646895042070314,1.0722991490553504,-0.08631522571357803,0.07262616374042576
0.041100322358176074,0.4037995076771839,0.6430957487258874,0.030242476729990093,-0.006775663792097616,-0.7813574243619897,0.6233137720087762,0.026571083506380776,0.08402751402425139,-0.12619779841197104,-1.3586506763696489,0.6257306694026776,-1.4351599092673684,0.3848125694104673,1.4250991256189622,0.10097111691911098,1.5195155285099318,0.23236380682615612,-0.30589788288672537,-0.08044234213485119,-0.017120121713499515,0.9043368931492493,-0.32351816086257246,-0.011104007137540818,-0.8313182465362509,-0.2423197365387262,-0.22989455284848928,1.1588317323665462,-0.1154346596171853,0.05241300913050499
0.04189924413068342,0.4114136139217518,0.6387209933630771,0.02930983561678381,-0.0049859579396813675,-0.781903177561976,0.6226905288167023,0.030736918822097704,0.08554558978446321,-0.17399052177478957,-1.3693269548535585,0.6508715885227924,-1.4474216295648452,0.39570087772031404,1.4361194997690712,0.07986822087480251,1.5124219909936456,0.24144080261230028,-0.33324582541385683,-0.08170463991180098,-0.02811723913211185,0.9296896526915254,-0.3555713358337527,-0.013147533085365039,-0.8454238995688376,-0.2523717104115571,-0.22975755144409904,1.2408179982528085,-0.14240414052359393,0.04143258462291789
0.042540309179445554,0.4192183511918274,0.634341985517106,0.028452518779664288,-0.003370539005873632,-0.7816990002404853,0.622997405022627,0.035025706203940535,0.08674797102709293,-0.2232496192925098,-1.3800895159523732,0.6789650307367111,-1.4612757229048108,0.4087741280698236,1.4451452963622364,0.05852860338706994,1.5115186448689886,0.2510779211329805,-0.3631910967465007,-0.08483326305259847,-0.04183595694218641,0.9578284224055155,-0.3843438808891973,-0.016849245298460592,-0.8565846223969014,-0.26138113580319794,-0.22658478283912947,1.3198958102077822,-0.1669574827853997,0.037778327155316004
0.043012973739160895,0.42693251679258926,0.6302883692909504,0.0274737334901354,-0.0019356920265891258,-0.7811202490526215,0.6237728782052493,0.037907186905419964,0.0873481330228203,-0.26991705070821287,-1.390635881228785,0.7056080301900812,-1.4765866539234132,0.42313157479962743,1.4521767784096222,0.03933626497790191,1.5151657088278403,0.2602487795428295,-0.39238753470498605,-0.08824063721887582,-0.055505113850984736,0.9843354082851478,-0.4081134646686748,-0.02056263850377109,-0.8633455486385901,-0.2672517899846133,-0.22127429097084564,1.3935200143123758,-0.18752115364704008,0.03856787624696906
0.043412863332746916,0.43462985771811063,0.6264471417282673,0.026220790181973652,-0.0003074112962457618,-0.780045655010352,0.625172897493164,0.04095843939002409,0.08777861627768654,-0.31309750253865076,-1.400807876930901,0.732239008618267,-1.4922335733419931,0.4389228864263462,1.458357776893744,0.02064635170261276,1.5237942438462264,0.2688091880001279,-0.401666943147536,-0.09004224664869026,-0.07085505526780496,0.975551526216105,-0.4544770630343818,-0.02313774623584509,-0.8659315858288037,-0.27045359554703935,-0.2162328431768735,1.4616494465555665,-0.20667378570326134,0.04099389024827603
0.04345967153269431,0.4422575464144229,0.6231907951760458,0.024919174197509927,0.0011665912997976759,-0.7784758965041619,0.6271785649909393,0.0443019596596405,0.08808826881893056,-0.35142920521276577,-1.410294689175045,0.7575418088468558,-1.5091734099157503,0.4565288194423754,1.463869036715287,0.002876139289589747,1.5379872303722575,0.2751620088618706,-0.43154780343285815,-0.09251971092261639,-0.08085133371863669,1.0020081290411231,-0.4680422197773752,-0.02414965282132546,-0.8633176658191539,-0.2694723537500858,-0.21014018252854502,1.5219384122845763,-0.22325334402027056,0.04520651612382279
0.04331305444068145,0.4497631354876898,0.6203986802193233,0.023464850221080965,0.002618134062836195,-0.7763341707716611,0.6298791959339567,0.04782635234762709,0.08823130692046668,-0.3860876754125839,-1.4194251137477922,0.7824277946763403,-1.5274246383295718,0.4762083360738956,1.468313698380267,-0.013917112853285937,1.5579135571974836,0.2807942288973322,-0.46035637733599943,-0.095022945786793,-0.0905805778153143,1.0257560047031016,-0.47699970924689794,-0.02415368671253293,-0.8556913981520987,-0.26530818455871436,-0.2038602538248394,1.5756642979013897,-0.23739880293215113,0.05242401475011764
0.042917583693212295,0.4570551423237061,0.6180959756751454,0.02186787463005593,0.003894199894579172,-0.7739164787854822,0.6328980290146466,0.05144876010230889,0.08820948735368155,-0.4155077671498874,-1.4278463003427184,0.8053444702822316,-1.5468297715923545,0.4965421393906141,1.4720087582584969,-0.029018846857908814,1.5809896380393493,0.28465471745795967,-0.4865099810731698,-0.0969498458116524,-0.09913584679013686,1.0453074037756203,-0.48258642674403857,-0.023828097009055225,-0.8436956122107474,-0.2576386912284359,-0.19716298769941842,1.6229916919631722,-0.24940217511436902,0.06141924651889263
0.04238331336949243,0.46420468197925474,0.6162083306047864,0.0201795574112956,0.004831835212837056,-0.7715070381630473,0.6358823231511012,0.05504819886865678,0.08803538317795338,-0.4383676663656994,-1.4354761318595668,0.8244925676833287,-1.5668729168036561,0.5154690125930886,1.4749443568698335,-0.04161179100737271,1.6039270034481186,0.2857652931849926,-0.5091118825361067,-0.09785683789952784,-0.10555944835042176,1.060003270203632,-0.4854353557043634,-0.023892134278202592,-0.8283043911056811,-0.24690042804645418,-0.18957727842005287,1.6641869503138493,-0.26001067152556406,0.07057505294049472
0.041816032898977895,0.4713133916322142,0.6148278603546704,0.018258496898936855,0.005384841531076213,-0.7692264831086795,0.6386926087382946,0.058506537644003834,0.08773062370703653,-0.4545552690803504,-1.442033492241849,0.8395486502446478,-1.5878839521504662,0.5320491920766808,1.4770430689575333,-0.051375390270664574,1.6253536538182274,0.2838952541510231,-0.5276645613637233,-0.09704117352238388,-0.10948247315406404,1.0696173096839916,-0.4859605944163558,-0.024565027006395086,-0.8092475039214132,-0.23252862467418298,-0.18066046790573956,1.69893913949469,-0.2697838618672693,0.07970625948736079
0.041328349453455426,0.4783854011367091,0.6138828770673105,0.016150047960136023,0.0056247131965038236,-0.7669258721287042,0.6415077904530605,0.06174650270474864,0.08731069955474365,-0.46490682301234704,-1.4473490516180618,0.8512831651586146,-1.6098487263927777,0.5469879868221059,1.4780680633877357,-0.05867462732502886,1.6464792205128136,0.2795698154876303,-0.5428210288532699,-0.09484654974433787,-0.11139431651541128,1.0747653568228908,-0.4839795157311197,-0.025515346925274532,-0.7863993250212569,-0.21508830892900535,-0.17036720698372335,1.7274956324295794,-0.2788156371674745,0.08929872255578152
0.04082224910775074,0.4855394595301759,0.6134847511643691,0.014224306557299933,0.005561452749728792,-0.7644959150638652,0.6444476202120222,0.06470982447417423,0.08676919996604186,-0.46939256221592424,-1.4509690379925901,0.8594105511528426,-1.632062026313544,0.5598646929131957,1.4781021544074628,-0.06371300091237742,1.6672378072371619,0.27304939488960533,-0.5552802143220821,-0.09223879116274965,-0.11175083811497132,1.0753611952003668,-0.47866766461050303,-0.026491974831326964,-0.7608064514072681,-0.19691808265101834,-0.15908199366191272,1.750181171007637,-0.28661269130545586,0.09853395511418113
0.04034380688590792,0.49278250218793523,0.6136446870833723,0.012801732192884758,0.005169707642023479,-0.7617861093081916,0.6476814907351022,0.06735073317726722,0.08608907442343304,-0.46784507269567105,-1.4530771761762036,0.8635366601757265,-1.653501678360523,0.570331098277157,1.4768948698592073,-0.06677390848475619,1.6874464420407653,0.26449078065997694,-0.5656288714531507,-0.09039452425956146,-0.11093262711785694,1.0714102108180432,-0.46921761000385537,-0.027312106791953183,-0.7335269598942091,-0.18076321008948817,-0.1470936949528558,1.7674987702959115,-0.29288014144435676,0.10644347963825915
0.03996811149784113,0.5001499503487087,0.6143785422996079,0.012063511489859709,0.0043308397452502005,-0.7587366083271102,0.6512714293609899,0.0696102552744399,0.08524510637825226,-0.46049983989450877,-1.4538016470296904,0.8640249501781899,-1.6748503308530807,0.5779679960008128,1.474236733470574,-0.06814602973017278,1.7067356311701969,0.2534737340933173,-0.5739584116978768,-0.08986538537102735,-0.10822274454655581,1.0628966505799593,-0.45523828292550134,-0.027547501263767427,-0.7048530755977018,-0.16775495198718032,-0.13379168066684996,1.7796619248842087,-0.29772419010255613,0.11338863754246345
0.03961591444822628,0.5075812647532263,0.6157023740078094,0.011719419215132806,0.003295343605675748,-0.7555464860510376,0.6549819106965536,0.0703529336912812,0.08482446488590915,-0.44992691951662356,-1.4535136477219854,0.8615696100141879,-1.6906914630749108,0.5812787243552291,1.4704019247877262,-0.06710013835267975,1.7204005352815241,0.241098881059338,-0.5808310429007958,-0.09014931816695312,-0.10465457212870505,1.051331203020356,-0.4410261590727808,-0.02743029389124362,-0.6747801055619055,-0.1580565545758515,-0.12109444579175868,1.7862244094470447,-0.30092991726941937,0.11768948417064291
0.039216937245821704,0.5148170973121494,0.6176101085695938,0.011655438443419052,0.0018645449069709917,-0.7519415261353453,0.6591241275361022,0.07098068846990181,0.08428999264727485,-0.4319197339281942,-1.4514807606083526,0.8551732512270992,-1.7090935315900164,0.5832439190599018,1.465641747069738,-0.0648905400421613,1.7366877292237897,0.22633022696767044,-0.5848214780963995,-0.09044307975070351,-0.10008475490123442,1.0345787981560697,-0.42083354940315604,-0.027551443773197182,-0.6427163385205195,-0.14917335737162885,-0.10657404796514064,1.787603474754849,-0.3031586509763996,0.12158080346247128
0.03867709288113033,0.5222229153938445,0.6200088281686018,0.011616749886502695,0.0004391017043037885,-0.7480234781811893,0.6635704441892225,0.07142700814483131,0.08365552892024673,-0.40693508969085596,-1.4470667022558201,0.843697288032324,-1.7262192488246706,0.5830840198927928,1.4603326559587977,-0.060759492197105594,1.7531894462180069,0.2105906829804265,-0.5865217310283608,-0.09030031214818511,-0.09647966493227392,1.01296469746519,-0.3968581794794727,-0.028542593826492404,-0.6100818091615791,-0.14148259399799779,-0.09241784238093832,1.78370382565809,-0.3037128854408959,0.12290532681128556
0.037836274801163305,0.5296565275232467,0.6229319536890742,0.01146264908517508,-0.0009734013905324723,-0.7438066403622614,0.6682958490958082,0.07164622887521375,0.08293416030512278,-0.3729668370331568,-1.4403248237792232,0.8259694962872145,-1.7412618182415558,0.5807978806938532,1.4547468056355146,-0.05416906839044795,1.769637473116424,0.194386863531991,-0.5855551342626455,-0.08991885277050848,-0.09482129530960275,0.986322888194588,-0.36956281754439474,-0.03084813748435847,-0.5762597274977244,-0.135032134932331,-0.07953465245373136,1.7739035916485981,-0.3023595222045281,0.12061484834377828
0.03681584563940834,0.5372273024695282,0.6262807663452783,0.011331203054697635,-0.00244625564316916,-0.7392927508342029,0.6732843739718437,0.07159222503291493,0.08215016196877496,-0.3302525085634697,-1.4319341913665706,0.8020586564050011,-1.7548593028004422,0.5761214908898467,1.4486008705455322,-0.045177209763689,1.7857053910524312,0.1775308930458207,-0.5821512106303866,-0.08981043439844652,-0.09445496794652283,0.9548990357605258,-0.3390469842993378,-0.03423905191099977,-0.5415676694227154,-0.13031452798273124,-0.06742546782902711,1.7585792360712145,-0.2993347750449404,0.11492469254426395
0.035814095410631776,0.5448348639779056,0.6300644944854759,0.011369267751868922,-0.003992454175748035,-0.7345738685999033,0.6784217210781297,0.0712392430520401,0.08131879154780053,-0.28067447761490455,-1.4222652639362652,0.772386912272797,-1.7677774745554828,0.5692034213886596,1.4415876124702016,-0.034129690785191846,1.8010380856445822,0.15995669018272912,-0.5765447359637703,-0.08975485196941861,-0.09436967689752038,0.9188894548940049,-0.3048490210261882,-0.03828000314238933,-0.5067632758861593,-0.1273285361697345,-0.05559997120721417,1.7382227348577381,-0.29494772431109745,0.10626673235484121
0.034748679293018676,0.552604715592444,0.634167089685933,0.01169687345101364,-0.0054664262817483295,-0.7297715007573609,0.683569204995021,0.07057942203771216,0.08045128865009106,-0.2273097487910713,-1.4111076485546712,0.7379318268275473,-1.7803370720335046,0.5599881293083433,1.433861669647168,-0.02142438103472192,1.8151425109383006,0.14169680481292726,-0.5695399777737483,-0.0892139587766319,-0.09364220768974552,0.8788176553800732,-0.26674294658157477,-0.04233662001194445,-0.4734582988177179,-0.1257347485532206,-0.043967671068146495,1.7138928066194532,-0.2897782366434779,0.09527168557745722
0.033577665305267054,0.5604864486498593,0.6386348253158888,0.01242325464731098,-0.0068186779564725465,-0.7249702919354236,0.6886343327092828,0.0696051119309427,0.0795470870389061,-0.16987806053225857,-1.3987653445699801,0.698538430227691,-1.7920766183046772,0.5481525598720218,1.4254597166404719,-0.006846338291351783,1.8281313097925165,0.12275842893178099,-0.5610031143202713,-0.08816160220811843,-0.09211816324104612,0.8340081308105061,-0.22460168529413507,-0.04629242773121889,-0.44212006023846084,-0.12545849846130178,-0.03252303267502503,1.685502317031562,-0.28376731864930477,0.08128775864598606
0.03239133309774119,0.5685134125903956,0.6433802678036479,0.013478357446873396,-0.007980802674460047,-0.7201715016400175,0.6936192391325131,0.06830882118547173,0.07861396093069105,-0.10719780261223623,-1.38597447875291,0.6539383071997995,-1.8029869066151285,0.5334547025548824,1.4163146142014935,0.009891353944094017,1.840101579468134,0.10321629166272421,-0.5509983856692582,-0.08691911905313944,-0.08997806365298956,0.7845897669129492,-0.17865212947823714,-0.05020504432649682,-0.4125917690677229,-0.12635324203767026,-0.02152216486022855,1.6530712254559514,-0.27713545808679196,0.06422024458805999
0.03133871885595962,0.5764663525275131,0.6484905087191387,0.014951147984466447,-0.009505146027133897,-0.7168584471687147,0.6969936026218655,0.0642041545029305,0.07600395167173443,-0.02651871924169348,-1.3727392837133068,0.582744011262439,-1.82510307399102,0.5133457690025663,1.4025211322696445,0.03749898698806822,1.851896741617558,0.08736704529442081,-0.529402091580128,-0.08517106739713644,-0.08663476988136401,0.7126308478750208,-0.10758307463258075,-0.05502107835614699,-0.3809540213988123,-0.12934135208947567,-0.01108834763792079,1.6121088931124645,-0.2666648566259329,0.03858198262652069
0.030022577615365885,0.5847272844692238,0.6534419803461815,0.016246127734051548,-0.010263262127792761,-0.7121984578083722,0.7017151027871068,0.05961274324004303,0.07361181825552715,0.0461267598752433,-1.3600701190833662,0.5260010980474095,-1.8412508640041985,0.49378240637594917,1.3915785106734029,0.059459065159884375,1.8596594888270095,0.06732498731204764,-0.5166537882574977,-0.08264372644321713,-0.08183800105440191,0.6551041568543959,-0.04983110909873248,-0.057473571231599865,-0.35347955338813936,-0.13066611398139014,-0.0011496455864754038,1.571781899189462,-0.2608814036226025,0.021252718950435005
0.028671922114158907,0.5931113915041676,0.6583896090891643,0.017718888941306653,-0.010697846166464247,-0.7071974611052543,0.7067130592173637,0.054544908080986866,0.0714029987690436,0.11640522751992015,-1.3483869831002593,0.4681435083728192,-1.854034523382084,0.47325641284329567,1.3812657400990744,0.08156194462910452,1.8660810096460378,0.04528135496714859,-0.5127587692892391,-0.07919393016904738,-0.0747775948473945,0.6063237267588949,0.020266279553510836,-0.05667269912448498,-0.32837000105179653,-0.13113082211229013,0.009447602181812816,1.5292617443123717,-0.25961653064791707,0.007743521654196968
0.02720180362612116,0.60155613179586,0.6633136825760936,0.019274679811918886,-0.01082663213883139,-0.7018363818862579,0.7119950588420424,0.049134364062047506,0.06931844130810252,0.18599327647505456,-1.3381884664385824,0.40813904262398565,-1.8635366431964653,0.4516986605024033,1.371614991213744,0.10430455512172815,1.8716092646811058,0.021590517318402606,-0.5083784831074901,-0.0743213346982085,-0.06331192114732831,0.5572158203156029,0.0933545092788948,-0.05289670756094297,-0.3048775226506154,-0.1307924346524135,0.019984957199465095,1.4836038526899207,-0.26194497089111857,-0.0035485402368426195
0.025583775126261497,0.610064010165447,0.6680289998500094,0.02063241741864531,-0.010643050279235032,-0.6960945327210263,0.7175746862509232,0.043467307611886545,0.0673085765443484,0.2541331137460051,-1.3300204484229252,0.3477404596838227,-1.8707921446012554,0.4297011487070737,1.362656446607213,0.12715395410325175,1.8763644329101714,-0.0033501217290572323,-0.5049351814998366,-0.06899403142634829,-0.05133877286670321,0.5097709796699348,0.16641771754374501,-0.050892110607813276,-0.2828186806281989,-0.12904603335622417,0.030146581701789788,1.435987710108069,-0.26580305695932144,-0.013000224081850576
0.023820256212743765,0.618770365443915,0.6722844041777228,0.021557983734622546,-0.010102567489126753,-0.6900025533111735,0.7234152803829103,0.0376359214939331,0.06533601668612214,0.3189931119939008,-1.3241255346794274,0.28877593866647266,-1.8762655681602787,0.40779991425019646,1.3544917629478248,0.14964199185017998,1.8805277950111532,-0.028800981753431362,-0.5014543799937408,-0.06370040776603768,-0.04340005190510086,0.46359240907594346,0.23387418645733757,-0.05633062664961638,-0.2623489293589793,-0.1253194718178963,0.039506619353973045,1.3883035286266139,-0.26873733086717233,-0.021008190655539292
0.021846424373740726,0.6274119790549287,0.6759160154533798,0.0218831000134737,-0.009123639612123929,-0.6834608439766308,0.7296020585804142,0.03171840550282029,0.06336367156956249,0.3802891141603781,-1.3201442523995535,0.2297389835796197,-1.8792474087338624,0.38671120541455306,1.3476110258994993,0.17202794646969796,1.8842568043524142,-0.0550305247451013,-0.4953990727559482,-0.057575877000081564,-0.04271984256927446,0.4131202258502599,0.2973292311810999,-0.07474663635528361,-0.2429947675383184,-0.11903366536174606,0.04790294953719207,1.3405863438579064,-0.26882622183847765,-0.02842567770451325
0.019539606139753203,0.6360879012137662,0.6787442642390893,0.02172486311300144,-0.007751180146403783,-0.6765225046510428,0.7360606294523143,0.025844026868811244,0.06135653231583712,0.4376565674607345,-1.317701051511634,0.17000031072225616,-1.878831680699668,0.36577079933313716,1.3420879780153516,0.19450636881633904,1.887131732134678,-0.08254713830196087,-0.4888510809574493,-0.04941110040731069,-0.048388561447427994,0.362904355282896,0.3494612345738442,-0.10345461304241106,-0.2251842352124734,-0.11032594942240642,0.05600038188293591,1.2929143091877335,-0.2666125664549237,-0.03501050953234336
0.01713613883927427,0.6447110142867157,0.6809940342928702,0.021246566513461292,-0.006321211022342479,-0.6695978387066382,0.7423929957253079,0.020017485643131924,0.0593264370566501,0.4906935950020558,-1.3172714826611942,0.11185540996263868,-1.8762066808159192,0.34464982346196876,1.3371106862735205,0.2166564553440559,1.8891246354309212,-0.11135282442245249,-0.49290034639727026,-0.04071904063988719,-0.05837029458247683,0.33640272714819014,0.3499986530864346,-0.1366671003277142,-0.20883120808909186,-0.10005844282253815,0.06539116177003935,1.2455943073407563,-0.26271351603303905,-0.039631579331636
0.014877407039648627,0.6534589755946281,0.6827950985915152,0.021065688122037234,-0.005115449761908053,-0.6631150150913279,0.7482035456465737,0.014334919595535876,0.05727887777320806,0.537927589306681,-1.3190580582953535,0.05860411943256183,-1.8722569659880341,0.32269257906838356,1.3316127916283358,0.23776457453831257,1.8905826507842962,-0.13674679482131782,-0.49538861583467414,-0.03285170287909086,-0.06963656850362243,0.3157627508659352,0.3499999966327161,-0.1641692028318228,-0.19385728815913203,-0.09067129056104753,0.07334260567029917,1.1994179959563347,-0.2584451657185064,-0.04082414749008177
0.012725872081207092,0.6623302074971095,0.6840219085103144,0.021217277910703384,-0.004089358112682264,-0.6572517965011565,0.753361254820215,0.008865087440470758,0.05525755221000103,0.5798207459341861,-1.3219564679922626,0.009712547338339613,-1.8674462832241079,0.29961154082686986,1.3253654004884687,0.25807944334111627,1.8921467402116128,-0.15862383928464774,-0.4969031983808008,-0.02679365197977632,-0.0831617683231194,0.302282607868006,0.34999999999158177,-0.18481720677638303,-0.18046745446552034,-0.08178481038928957,0.0806529657648368,1.1544053784291899,-0.2544967009581291,-0.03690593829847022
0.010724422626368961,0.6712505840004327,0.6848592891108125,0.021630756988164284,-0.0031152693863715393,-0.6519154100470524,0.7579767170513569,0.0036563634200839214,0.05331577122670166,0.6171276031477431,-1.3252887260562574,-0.03643542848364335,-1.861720863806078,0.2755899345637462,1.318429983659548,0.27814486676376393,1.8937282688740271,-0.17765979855986705,-0.4971812710441169,-0.022459711799625207,-0.0985540613472565,0.2942195778259827,0.34999999999997894,-0.20156457941654662,-0.16857939133473124,-0.07310195181073527,0.08754990091389998,1.1096279906991706,-0.2501986792004593,-0.02894731492950937
0.009066433316001758,0.6803687263269531,0.685394141687231,0.022497959433323268,-0.002378067101986555,-0.6471698471513997,0.7620100888808684,-0.001230229139206658,0.05151478628856816,0.6497337632235554,-1.3291475460323727,-0.07803385574382865,-1.8553787037188558,0.25112083862605744,1.3105796919935822,0.29783108132212477,1.8945901857717304,-0.19341163226186758,-0.498012299144978,-0.02053232694786561,-0.10945504562713666,0.29412928476345457,0.3499999999999999,-0.2121438483829932,-0.15912246233664043,-0.0659459020588714,0.09297603697695804,1.0666169086683894,-0.2452381920200562,-0.019830457024553754
0.007546171610698198,0.6896712957654633,0.6855290832770686,0.023785602114181282,-0.00203847775816105,-0.6430804052232271,0.7654264707719647,-0.005742428542709541,0.04994132849105651,0.6778766283536551,-1.332913220456606,-0.11313970039398809,-1.8487942953836722,0.22727915889007477,1.302594532654651,0.31680678181406596,1.8939658632440877,-0.20697779497075855,-0.5085740923037809,-0.020870327636122794,-0.10801293103005837,0.32279378315313023,0.321725611723647,-0.21407282746266781,-0.15310626657995238,-0.060712398942937194,0.09675275564559964,1.0277086609734192,-0.2392482326428013,-0.012417549780350505
0.006287239528595003,0.6989891277392343,0.6853166051597835,0.025542107128085596,-0.002215298093081746,-0.6396927300804094,0.7682030358571155,-0.009894639930897463,0.04868073737775572,0.7014967730554172,-1.3361269884858733,-0.14128206432933377,-1.842005972964491,0.20434335095468262,1.2944802365733679,0.33512780501490746,1.8920455045905362,-0.21674428630380968,-0.5256091064051227,-0.02266058895579465,-0.09049473443351852,0.3734819624158134,0.2778183873989719,-0.20472461335953776,-0.15030643340108538,-0.05750900183859744,0.09821108946007297,0.9928883637945097,-0.23041031133205378,-0.006108797212557493
0.005212165367240115,0.7083302832809045,0.6846736837509787,0.02759137929896795,-0.0026401194349452498,-0.636924121825181,0.7704280684106541,-0.013671153047037003,0.04779802527679894,0.7211562089413072,-1.3376495798676207,-0.1636409176469514,-1.835140604839586,0.18201052727036482,1.286707529855201,0.35275177000964575,1.8891492686508866,-0.22327445121795017,-0.5478159905565184,-0.023282737713748912,-0.060981600121722754,0.44313704597912984,0.22259763115895864,-0.18548014667690416,-0.15074091048193067,-0.055227759966044225,0.09766247467534833,0.9617740224913696,-0.21887680445006702,-9.593328473549872e-05
0.004176485823807631,0.717756472196917,0.6835786536024003,0.02974838391645982,-0.0029719712577772595,-0.6346163248261956,0.7722488726474739,-0.017101434684195713,0.04727614621253455,0.7375433650408143,-1.337342146351101,-0.18071102591913762,-1.8285686815427633,0.1610183174312853,1.2798239755673815,0.368989789916638,1.8853389202719202,-0.22797271363300897,-0.5725819470262524,-0.02078106563849515,-0.02739198601883959,0.5245514366463643,0.1622578253269502,-0.16107801433500166,-0.15412025430384008,-0.053892838446765054,0.09351802799992627,0.9344231840149549,-0.20720940091273174,0.003170606739895747
0.003243229377923037,0.7273541520355216,0.6820462589415722,0.03196613410521191,-0.0030501126401813643,-0.6326839990747357,0.773744027697823,-0.020236913663258995,0.04704942339817309,0.7512604033605843,-1.3361748150699417,-0.19300393392052728,-1.8226411418083024,0.14228538503700655,1.2737516552530657,0.3832168048673605,1.880791527192414,-0.23192568843456315,-0.5972287925152638,-0.01614528069025543,0.002623374638478281,0.6097019629128856,0.10360904782925176,-0.13679198844559318,-0.16002316186411203,-0.05440382177270572,0.08375344416922763,0.9112090726627343,-0.19864142295814763,0.0010926404732190232
0.0025504241900223146,0.7370553765562874,0.6800847168350194,0.034388443909342585,-0.0027684457663199606,-0.6312911406934091,0.7747782045950616,-0.02477285214606259,0.04704960906712454,0.7627121865885864,-1.335317980848793,-0.2010199507417057,-1.8175452236616036,0.12551540003255227,1.2682418996591354,0.39630719664802594,1.874973755172058,-0.23555463468096655,-0.6245978810776137,-0.010476708577344325,0.029272889223121643,0.7030907669292629,0.04352852461624336,-0.11019161832221032,-0.16859411111760497,-0.0582819308504311,0.06492065751155679,0.8919892060255278,-0.1919996172435747,-0.010909627980504518
0.0019357875888903694,0.7467283505731325,0.6776124409988463,0.03703873093759613,-0.0024880855417285246,-0.6303709282770928,0.7754059805185575,-0.028572749452382324,0.047426629703498056,0.7713113482497146,-1.3338904365998472,-0.20310814967109633,-1.8130077184579498,0.11129482423069843,1.2634447135039466,0.40663133214620023,1.868681517927507,-0.23692411458048568,-0.6502735662123323,-0.005776050535151876,0.052440329745271186,0.7974582099924866,-0.011065357492228959,-0.08330562687057357,-0.17883876942967497,-0.06564830463097522,0.03647857059681142,0.877021952773524,-0.18763549581856023,-0.029766887844911487
0.0014751511727434847,0.7564605168494384,0.6744462933823733,0.0395581015108273,-0.002094720614220401,-0.6300417763139085,0.7755502103987995,-0.03177892313998866,0.04815757140661909,0.7781116203342351,-1.332020333556012,-0.20192434018770192,-1.8102257521668226,0.09917418915886358,1.259286893558693,0.4156351515919308,1.8615618227626811,-0.23665589782606883,-0.6741937650534943,-0.0012397839769459828,0.07178562968354474,0.8929315081943426,-0.06177574575744137,-0.058763524429183436,-0.1903555318392428,-0.07344035211321154,0.005943410484652134,0.8667591392799681,-0.18939115419830718,-0.048589225877869756
0.0009619063948904544,0.7660955366230239,0.6707524627472028,0.04153969311605294,-0.0016676791775962734,-0.630271830408538,0.7752606610266354,-0.03452820155752387,0.049297553149767866,0.7838230719176247,-1.329051263343297,-0.1989173009260705,-1.810078165258326,0.0896719531354338,1.2565367619080219,0.42332775494237285,1.8536957784956338,-0.23495215610406836,-0.6935132785114986,0.003101569754695152,0.0856090987888005,0.9845925167575017,-0.1070236177265458,-0.04108151842967059,-0.20169162272520358,-0.07854709076756701,-0.018846156016959232,0.860386759978876,-0.2016961657547455,-0.06004651809970023
0.0003669696152051006,0.775509863408724,0.6663349004123126,0.04286638303375263,-0.0013267908943031769,-0.6311344675464078,0.774486924813091,-0.03687554245330238,0.05099066629139702,0.7899066344208971,-1.3251878810383964,-0.19425510236142374,-1.8140382712162848,0.08330654287070789,1.2549163838162867,0.42982016339622886,1.845413881664626,-0.2316656665217275,-0.7078310221698795,0.0062317043200687695,0.0934876980170197,1.072178518453565,-0.1467025876747479,-0.0327498497177217,-0.20912655222239804,-0.07961235335771434,-0.034773954278293516,0.8500278463498526,-0.21257513540954878,-0.0610500682447817
-0.0002001439026425992,0.7848245022250674,0.6616647820500858,0.04364301709029563,-0.0009305900549844971,-0.6325987948877383,0.7732484631526836,-0.03886569887750718,0.05328999921858964,0.7952128921486401,-1.3208662300278446,-0.18730238998160467,-1.8210079057227135,0.07963205112022753,1.2543467306836442,0.43503664780672285,1.8363956916185484,-0.22616598908505517,-0.7176527949420348,0.007130381882190864,0.09645282523583075,1.1559307720093186,-0.18075655157763015,-0.03132487009603486,-0.22259128296707148,-0.0807547911392941,-0.04704899353489312,0.8573071416761323,-0.26427330231809004,-0.05683052094530578
-0.0007527349757374291,0.7941533704589118,0.6566672016156822,0.044165844311799006,-0.0004109039601993593,-0.6346256702115068,0.7715565229215274,-0.040528519117211934,0.05606075518178977,0.7985829628962545,-1.3157939117027495,-0.1782552416346305,-1.8295101740682218,0.07794552199894397,1.254601698017773,0.4389426595980689,1.826431515856133,-0.21950136783913332,-0.7238306998496852,0.006793268125165549,0.09723175737808998,1.2359040987465422,-0.2100205045195937,-0.03378265648920978,-0.23745522708791597,-0.08021505170262899,-0.05369884447831871,0.8671415843356085,-0.31935021428187826,-0.048824701596463384
-0.0012618491659908658,0.8035314051856406,0.6516293081947058,0.044652739039154316,0.00031761087772710613,-0.6371453855967689,0.7694490169155956,-0.041906327289206985,0.0590647982616117,0.7979572529954879,-1.3098668295500693,-0.1672571974229649,-1.837365044763087,0.07753623507291828,1.2556774299836486,0.4414351020706593,1.8151562066468745,-0.21221794422361562,-0.7262741343791408,0.00642407394316039,0.09774687635854226,1.3099972554154504,-0.2344942635808641,-0.036832911867564544,-0.2555307972893361,-0.07795842737199918,-0.05426242816698484,0.8786794889152912,-0.3682131480484914,-0.03960062584732941
-0.0016641755112284534,0.8128993310689973,0.6467711470941411,0.04518908696268801,0.001375087221839156,-0.6402123362615111,0.7668664942825376,-0.043033963354660996,0.062072066734252786,0.7926051383212283,-1.3030425406908313,-0.1542559641070566,-1.844272808455103,0.07777833032990572,1.2576195490927335,0.4428228074886975,1.8020623613556919,-0.2045338592259063,-0.7253813218440346,0.006737190170758722,0.09827341307801786,1.378177408239812,-0.25393547690404955,-0.04070191709298423,-0.2787806414875486,-0.07310904822689981,-0.04568347063904179,0.893354336676834,-0.4085031201383224,-0.02803686923037012
-0.0020236156631770917,0.8224562132881756,0.6421672562871236,0.04570083200512402,0.0027140358524876222,-0.6438826397359062,0.7637533726342245,-0.043915308207500815,0.0649203844896322,0.7827737487608275,-1.2953664500310906,-0.13903547979964337,-1.8505359697375163,0.07842452079518922,1.260462871878451,0.4434093832898824,1.7869756726184556,-0.19591788796418574,-0.7214042035146675,0.007131057347147704,0.0980273306654719,1.4413063065801788,-0.26872072686780785,-0.04669769757838338,-0.30669252580226797,-0.0658262699773524,-0.029087836486014807,0.912017972592777,-0.44401531166576386,-0.013671489737397511
-0.0022753720198553998,0.8319540650374317,0.6379658860488905,0.04604312641734887,0.00410024238317619,-0.648083454721326,0.7601651493186115,-0.04455138345756923,0.0675561163869478,0.7691208012890808,-1.2874207873765977,-0.121779848845972,-1.8559561013739265,0.08098961614905567,1.2638529453749956,0.4425660089439517,1.7711525646196478,-0.1859027104160887,-0.7131666066793525,0.0070293124741055,0.09723813208452087,1.4982614050733394,-0.2798531177565441,-0.0529256892284962,-0.33574815117135254,-0.05769278556686348,-0.010408388303821561,0.9316775016817483,-0.4748058418259219,-8.686668212144289e-05
-0.0023381341654343532,0.8412943110461083,0.6342850775340821,0.04615007534226991,0.0053296829316010754,-0.6527531789799342,0.7561448620187416,-0.044908286356716336,0.06993525438055342,0.7519386132668855,-1.279882608427423,-0.10265918203261229,-1.8600597100973535,0.08647860932471313,1.2672743410297191,0.4398591704755759,1.755676363268499,-0.17402835034331562,-0.7000679242061629,0.006140213409707893,0.09622127441707053,1.547677999203993,-0.28873209568621416,-0.05729005813494675,-0.3629220971313275,-0.05068174971373828,0.0037603264203197196,0.9493336697166058,-0.5007222677496616,0.009177951143165658
-0.002230475789066295,0.8502788136115619,0.6311468868932288,0.04595554341493866,0.00637368900857928,-0.6579288918148019,0.7516495442912255,-0.04494334827160315,0.07199738396442595,0.7315947214872492,-1.2730477205462905,-0.08184660721986728,-1.8632001366532827,0.0956690431406769,1.2706955631008892,0.4352187410889648,1.7408726876066294,-0.16025381280583229,-0.681659701268081,0.0047073236491567885,0.09475683153200559,1.5891334009069324,-0.2960299275604828,-0.05897051761759727,-0.3872867192267938,-0.04534470304606095,0.010958422518073722,0.9639587062953293,-0.5214608264357956,0.012934324413762495
-0.0019555355327683355,0.859020544615885,0.6284368699896682,0.045532334257385385,0.0073535264008881,-0.6636700905266381,0.7466021317454901,-0.044613290959240465,0.07366102600124534,0.7080749574308438,-1.267033098364032,-0.059481315988315714,-1.865825782946129,0.10787739060983514,1.2740514452163423,0.42913800070773445,1.7263995256497406,-0.14469885697733464,-0.6588540696866819,0.003044918176934679,0.09269306628057458,1.6234779380046649,-0.30158189028746424,-0.05904849012919707,-0.41046219238353654,-0.040903200513708576,0.013862159230634743,0.9769880018239249,-0.5372538933490049,0.013408581768883548
-0.0014953777275186946,0.8678439893859469,0.6259637666455646,0.04511131183651249,0.00813985449924017,-0.6698753508584991,0.741057168257162,-0.04386906609779147,0.0748604127580041,0.6812185809789134,-1.2620063158016255,-0.03539908798960379,-1.8675843023296517,0.12231022738452862,1.2769277874484812,0.42170841731223613,1.71257966660043,-0.12778735396117985,-0.6328658940210866,0.0011920970823996605,0.09095728875863042,1.6512441618902909,-0.30578669961647625,-0.05812656110599169,-0.42229606307539974,-0.037536499857385795,0.015373457873371833,0.9683730264703413,-0.563484494032739,0.011681572308794338
-0.0007643377672562814,0.8766077166724189,0.6239486458083275,0.04451288491146583,0.008840133942012931,-0.6763195078944354,0.7352090711832758,-0.04267853726697363,0.0756955455996146,0.6513202470008792,-1.2580151178979808,-0.009602443293571513,-1.8682612283354616,0.1392355162865496,1.27958335300611,0.412304451672015,1.7001734212316562,-0.10878374996849524,-0.6041598843436601,-0.0009517008990756245,0.0886935165747053,1.6719493995317438,-0.308663008365429,-0.056817456793857433,-0.4467844440705192,-0.035193179323629496,0.013868628659100221,0.9843421218985177,-0.567677667501863,0.010085078817912195
0.00019131263401619053,0.8853060397734499,0.6223898411945914,0.04390970798607714,0.009347252178626591,-0.6828610145785609,0.729167608434457,-0.04100232315231339,0.07610809269192276,0.6179272522673817,-1.2549633214083675,0.01878721153804641,-1.8678598707791954,0.15907331309963474,1.2820060173565362,0.4000825801018211,1.6892950870861878,-0.08867040271549555,-0.5727813064063714,-0.002630420588734278,0.08708447655701085,1.6858002574498907,-0.311333677812614,-0.05517874564119379,-0.4702190673881717,-0.03406391224166045,0.011223311877113666,0.9985600965899116,-0.5683448746640691,0.007613225535420695
0.001184699662390143,0.8940455945093719,0.6212731385551915,0.043261646228030026,0.00971056340811246,-0.6895283327536923,0.7229002789139396,-0.0388257707412405,0.07605144565697229,0.5810125684380191,-1.252665214550308,0.049667654316199454,-1.866459954377767,0.1817289907762719,1.2845751161722152,0.38522920995887244,1.6796657298081183,-0.06750942132843052,-0.5388141908572648,-0.003629205694557941,0.0856567829837501,1.693060352139283,-0.3138918363897176,-0.052855585275945714,-0.4925366707987689,-0.03397825159313748,0.00705197075840387,1.0107726821673886,-0.5653943320167167,0.003789709811340082
0.0023046073288800505,0.9026546900971621,0.6206127698359261,0.04249970894359645,0.009911756816619245,-0.6963913086282137,0.7163341937138016,-0.036142720388710824,0.07560038252720991,0.5417991094151322,-1.2513263577000175,0.08195019966685445,-1.8643691151206725,0.20667898237367313,1.287034980508055,0.368664516095516,1.6718781822709994,-0.045287930110813904,-0.5026754521624411,-0.0046782907205957245,0.08383731393624244,1.6935686908326384,-0.31521691087059295,-0.04976662172583084,-0.5128447658543165,-0.03460978819105969,0.0024864111421601426,1.0198315828109068,-0.5588714315372907,-7.440147736488745e-05
0.0034502417040049335,0.9110473390244251,0.6204312429618313,0.041548323627145604,0.00998417393908937,-0.7034859945053615,0.7094233634504369,-0.03296900408070348,0.07489916649292014,0.5013065772852305,-1.2504601273141436,0.11470900118959222,-1.8618599435839593,0.23269960101353493,1.28946266766754,0.3513595450826319,1.6658307677843909,-0.022155352596174113,-0.465456828327029,-0.006366482625594133,0.08080169814567117,1.6874993713243707,-0.3141560984810278,-0.045865013182624065,-0.5303872904751936,-0.03530719720476773,-0.0013841026247156866,1.024572953644337,-0.5488077423261171,-0.0026070811816878247
0.004854821801799578,0.9193305823781089,0.6207629554982428,0.04038886429538428,0.009919004655712,-0.7108483588881871,0.7021146371167176,-0.02935830002796921,0.07407149636780469,0.4595957256257606,-1.2503256025041014,0.14804528833942832,-1.8594605367785173,0.25936362487199127,1.2913889221953778,0.3334075504682716,1.661258122975687,0.0018213340370066406,-0.4273386049262426,-0.009164115717407903,0.07642799069386765,1.6746576137859235,-0.31082516396565896,-0.04108845086617458,-0.5453147975181669,-0.03585833174562575,-0.004119200594086167,1.0252284121259323,-0.5349721407918452,-0.003665670143019614
0.0063813540869362435,0.927507941294454,0.6216500220316368,0.039046050411784716,0.009743168888882546,-0.718390278150205,0.6944752586424615,-0.025350160136179776,0.07316549194402416,0.4164113825662136,-1.2506471646957171,0.18241664667462604,-1.8572147545447046,0.28720908164930875,1.2932602768305455,0.3141275649739607,1.6581691144777047,0.026570610845433208,-0.38812162439977954,-0.012488999756975443,0.07078932245519902,1.6551092929477804,-0.30578344327901585,-0.035457242747853,-0.5578363122436644,-0.036384788148102754,-0.006404052389141043,1.0220594596333632,-0.517322687127124,-0.003885475879426068
0.008117359418386084,0.9357325612080973,0.6230950356934752,0.03772318454393037,0.009470280460038892,-0.7259501623658949,0.6866466608793804,-0.02097358289454942,0.07217996573993535,0.3714202448618552,-1.251507281523671,0.2175884782038233,-1.8540423769767351,0.31570804221920223,1.2949277701776019,0.29381356542392695,1.6567839777604436,0.0519306049414791,-0.3490994131615727,-0.016056964289461583,0.06452413754414413,1.6298242902067281,-0.2986968352514708,-0.02929549164262325,-0.567954160248695,-0.03746898828873853,-0.008474424621043999,1.0143351525988276,-0.4964183684116408,-0.0032910926370099294
0.009914498830643052,0.9439983900131395,0.625085946637733,0.03655431017816936,0.009121524229636115,-0.7333582748511734,0.6787976288338345,-0.016245344423149566,0.07108858913295785,0.3248501547887449,-1.2525143394263165,0.2532805152375924,-1.8493352338125764,0.3443094935096558,1.2967594556418522,0.27270674589408245,1.6570424558689136,0.07765571188055123,-0.31143425123980983,-0.019393793526799846,0.05804601885149497,1.599764739466271,-0.28905340155315873,-0.02287191328557678,-0.5754160280298469,-0.039433669727270304,-0.010635755243923498,1.001230132280163,-0.47275331168728335,-0.0018558150212201088
0.01180969922304856,0.9521782132752905,0.6276520760795191,0.0355844990509162,0.008638588640697628,-0.7405622029998085,0.6709893752524414,-0.011182108863067473,0.0698598507431875,0.2762611954798385,-1.253803385088756,0.29021104959111926,-1.8431021741854319,0.3731833840028972,1.2987308995379356,0.25033047780263784,1.6590697580378915,0.10404640463794554,-0.2754576483789355,-0.022798005715789396,0.05136885251963394,1.5650305567009382,-0.2759854206703921,-0.014794042663023957,-0.5796730422490457,-0.04263834685642583,-0.013298641437726747,0.9821826285640484,-0.4466151098436516,0.00038421541975452837
0.013706566527414631,0.9604260144102466,0.6306773369720177,0.0347540377936689,0.008093649938544755,-0.74763842740181,0.6631466139247459,-0.005844472409484632,0.06846340346298864,0.2256359994722693,-1.2553218435933522,0.328436809599148,-1.835815586353553,0.40199272391176555,1.3010748545729058,0.22676029830225475,1.6624209396267218,0.13104028335012693,-0.24105763720551981,-0.02617308482950293,0.04441104530779199,1.525865497627063,-0.26017972114321986,-0.0052867994350470635,-0.5812258456746483,-0.04656965439252828,-0.01620668171029314,0.9578928059666405,-0.41779505705847075,0.0034440513098502935
0.01576415561001922,0.9687537117650292,0.6340834324773627,0.03405386706907801,0.007543494439398456,-0.7546232009547178,0.6552306879337529,-0.00029779184140992735,0.06689407701605414,0.1746375486303731,-1.2576142280842484,0.3662981809082476,-1.8278715769274583,0.42983746813533535,1.3035449290253336,0.20321582735674254,1.6665936586209722,0.15794888969236695,-0.20769210602532623,-0.029192169061621434,0.037940467265399784,1.4823506767073942,-0.24311542244603962,0.002724904672544732,-0.5807974263274733,-0.050786223992382785,-0.01849340374440204,0.9292812340467381,-0.38589222012905144,0.007276484313042754
0.017819878308897332,0.9771603095918575,0.6378411397954545,0.03342700173760361,0.007070069469947828,-0.7615224877824833,0.6472373214471651,0.005353192064300488,0.06516815879586449,0.12531570590591495,-1.2604612915504385,0.40216823013082414,-1.820068998174684,0.4554513289909192,1.3064948631615192,0.1809019161550882,1.6705165129271289,0.18396922709141136,-0.17492045614234045,-0.03129904833011133,0.03238361993824072,1.4346580947891026,-0.2264881759816422,0.006247487189628199,-0.5790138228934788,-0.05451515867572195,-0.019417933428201285,0.8970737664237945,-0.3503617884702446,0.011901408353595891
0.019961522083808095,0.985542863100759,0.6419243116135418,0.0327228421654683,0.006606448071289472,-0.7683027376385307,0.6392155143467912,0.010987515706482385,0.06332849082952767,0.07842935096385495,-1.2639831311970322,0.4358246527946732,-1.8124911636688827,0.47869945114941553,1.3096436935586582,0.1597562349287044,1.6737342185378257,0.20904386666093164,-0.14156325114858206,-0.032011060440670196,0.028282503509647096,1.3814402355255093,-0.2103277921013025,0.0018903182962825241,-0.5748488226127537,-0.05735476195022654,-0.018271605832223,0.8601316650636952,-0.3110595789006828,0.01767413845908475
0.02212063221655587,0.993938317703094,0.6462131409017763,0.03205690877418019,0.006166456446358017,-0.7750610988642264,0.6310424886187268,0.014572281422144255,0.06206729282821299,0.034060762599934485,-1.2677495929880906,0.46644843873129616,-1.806357689705851,0.49939916795376155,1.3127978580696038,0.14030301019074043,1.6761426173860885,0.23412126243877354,-0.10853644375342832,-0.032050513155422976,0.025082159177914006,1.3235097299089553,-0.19493682970033874,-0.007707498903613419,-0.5691244225170635,-0.05971845878044431,-0.015796738533630873,0.8199100736498538,-0.2699966937972422,0.024176666680395906
0.024307031352134155,1.0025579917846243,0.650641809930797,0.031634755466171456,0.005762902789025481,-0.7815099875105848,0.6230635365829431,0.018390097238443624,0.060611429679649616,-0.00990537756244814,-1.27208233390816,0.49764858206142537,-1.79922191135781,0.5180528767462397,1.3162173535320911,0.12077365893300128,1.6786311804251284,0.2575320971626478,-0.0770382850258293,-0.033041014830438406,0.022378244810310175,1.2624306732430388,-0.1798857326508494,-0.01801464820246534,-0.5628466018615464,-0.061954338138520235,-0.0127758387488651,0.776812939229477,-0.22423044109168164,0.030971354139144376
0.026557051539584025,1.0112669040246478,0.6551343534746058,0.03167418211885624,0.005474289834364765,-0.7876406925277875,0.6152957970051944,0.024524759027159178,0.05803746151796282,-0.05335979885607878,-1.2773590269843131,0.5293947814844244,-1.7911992556784315,0.5346105968857123,1.319709299514714,0.10152486737688876,1.6816398187656039,0.2786972580830593,-0.048487357217390205,-0.03638006719924824,0.01924792544547592,1.2006312795174587,-0.16572324147150624,-0.023605647326018178,-0.5576659411884485,-0.06462582849107532,-0.010068498521979184,0.7328238201695937,-0.17301211757569443,0.03726240313982843
0.02892635006113883,1.0201462532277483,0.6596980342498229,0.03245262526376642,0.005408977690340486,-0.7938100496854527,0.607275205398848,0.030122014472993265,0.055329819171882365,-0.09507571692003218,-1.2832528325496881,0.5580917327940449,-1.7847155020259535,0.5472640669353739,1.3223722811399399,0.08490275567938219,1.6842065278794984,0.29907340661390536,-0.025280226790414757,-0.04299950047867314,0.014417867219097288,1.1407069767146554,-0.15508214210781487,-0.0203281488349075,-0.5561477739939156,-0.06887290756453915,-0.008269290244714494,0.6919154061053558,-0.11978712903169259,0.0418876955009355
0.03147041440191228,1.0292244767914402,0.6642254173290373,0.03376244977900585,0.005508377372921369,-0.799848458103254,0.5992263335614378,0.035234734355092986,0.05243969523365243,-0.1358232376036575,-1.289735160056247,0.5855905950983284,-1.7784547670909006,0.5567877023722221,1.3242816745783341,0.06960300450302886,1.686494793130927,0.3180731162882713,-0.006293107602203637,-0.05193776392315827,0.008359798030008199,1.0815353967430692,-0.14768357750971392,-0.011988775238866843,-0.5566534645097384,-0.0739885880661245,-0.006581053937247727,0.6517428267529117,-0.06323627797729961,0.04565952085075373
0.03410431626869957,1.0384734761916785,0.6686308730734492,0.03528400282305778,0.005890466552534446,-0.8056437688912284,0.5913192531918029,0.0383257380855264,0.0505162664815033,-0.17471492448038456,-1.296094802023576,0.6106501905834572,-1.773057002591707,0.563662708709434,1.3259076577467186,0.05656609131079302,1.6879566678333717,0.3361702813415355,0.008557078839755053,-0.061254611629442665,0.0014654476586604826,1.0247158057397359,-0.14318283059525894,-0.0032579442309163065,-0.5706841495527956,-0.07885960083847826,-0.0016789205877158586,0.6288122132157083,0.005207877255162637,0.05000500663646662
0.036681995838294255,1.048024658606642,0.6727060370123605,0.03704153562767819,0.00643089013757967,-0.8108503208575608,0.5840447974732516,0.04151588339572921,0.048386020519274105,-0.21253149935673493,-1.3023447597164695,0.6355919859947983,-1.7673696210417498,0.5692109609428014,1.3280203198830458,0.04425560282102962,1.6891887552344957,0.35182443362944277,0.020648539411308287,-0.07013496105322321,-0.004472729288917708,0.9699647722292637,-0.13918182413863103,0.0024534231585286335,-0.580177378557415,-0.08280650395980767,0.0016457099900777602,0.5986634001764047,0.07001994453814878,0.0559756455158028
0.03906394770701825,1.0577109023407096,0.6764908762680824,0.039030496026733974,0.007131453488526373,-0.8155477373174715,0.5773280271279052,0.04473923809294426,0.04618428553384555,-0.2483006430972217,-1.3082542794348977,0.6593747977052369,-1.7622763775023074,0.5734434162663774,1.330582831452061,0.03326570529424466,1.6900467775823096,0.36573260351348547,0.03067903474532034,-0.07838898475405232,-0.009496374037163097,0.9163154523887919,-0.13413067919979638,0.0027019533399485467,-0.5902359974009228,-0.08631268401116461,0.004955462414635194,0.5662443618687255,0.1382796987224586,0.06394620174555507
0.04133271013064726,1.0675129346348873,0.67991033875429,0.04128067375036994,0.00801473371333054,-0.8198107204174847,0.5710884806286878,0.047931732579701555,0.04399595647008119,-0.28225436447095076,-1.313938311377264,0.6820624347854839,-1.7576817588674198,0.5760485115693805,1.333174369868496,0.023620042648888385,1.6905548824493448,0.377865806704836,0.03845635278241114,-0.08672402330072318,-0.013829418982137945,0.8634073803232293,-0.1279279667161858,-0.0003267858859928572,-0.602065455442041,-0.08992769217366973,0.009493492128586613,0.5333782869677748,0.2106916198203939,0.07423751819742927
0.04349780388019019,1.0773538552575441,0.6827871990065749,0.04348510567433084,0.009068575000886965,-0.8235910805253123,0.5654418967595987,0.051068849090885424,0.04189337084525099,-0.31415787983831817,-1.3193534840619658,0.7032513336329088,-1.7535455655913037,0.5774411312191134,1.335796485478068,0.015368044245053447,1.6907203388488572,0.38811365242968543,0.04366983714595334,-0.09467335257778242,-0.017729350275313503,0.8131885804264678,-0.12121778656924835,-0.004324562988622935,-0.6143267626633073,-0.0931028837091107,0.016561269230458656,0.5027293629706635,0.27776582768757235,0.08794653932682553
0.04545609805545782,1.0872724514017944,0.685149600972435,0.04534951172727263,0.010251776208305707,-0.8268457982750264,0.5605036563177848,0.05413145769479755,0.03996102661881304,-0.3436471608543414,-1.324389581631327,0.7224337178005369,-1.7498985000198624,0.5777544595854186,1.3387018054268236,0.008613597408379112,1.6902351320481392,0.3964852163860001,0.045815753311928435,-0.10159158475388089,-0.021420885939765023,0.7680919538556059,-0.11460433169912727,-0.006819863827437688,-0.6272907400737119,-0.09464964240209295,0.027109797078829358,0.4776833718343998,0.31958135439827695,0.10594496412004395
0.04710671066326132,1.0975372870905387,0.6871007641546467,0.04695457369499634,0.011519874477945911,-0.8295439529903532,0.5563446688504081,0.057042033516900285,0.03830384044385024,-0.3716062647783438,-1.3288716989160478,0.7398257726763566,-1.7469028619981959,0.5769863187624008,1.3420497669843816,0.003217813307062901,1.6889098667517584,0.40266366524645897,0.044109063935476214,-0.1076859040748198,-0.02504699432979072,0.7293407470827993,-0.10828764307418004,-0.006124386972239975,-0.6356804324936322,-0.09435045468937278,0.04248641248884639,0.454752796852938,0.3424818495781471,0.12961442322050196
0.048664964969759326,1.1077594550846084,0.6884332285812609,0.04836409053380032,0.012770057958206345,-0.8317152874475292,0.552944410400046,0.05980012497744649,0.03699129728011647,-0.39781144499457965,-1.333413087069854,0.7555292518008028,-1.7440762771970666,0.5759600064385886,1.3451359475933142,-0.0010527461693307818,1.6874855620542348,0.4065234941953248,0.03959193045550727,-0.11344004339650872,-0.028283807413090903,0.6955555286949145,-0.1017149820356831,-0.003681673326628855,-0.6413950751919567,-0.09271354447309378,0.061831327690698955,0.4350460100320068,0.346974465888105,0.15754937059223928
0.05014706415995597,1.117889233384929,0.6891500588660671,0.04951963143561525,0.014042260705792014,-0.8334277984617365,0.5502260678738994,0.062369847004380495,0.0360581527688321,-0.42121281551712336,-1.3380143589475821,0.7688803827242536,-1.7411112948372642,0.5740005970666746,1.3479903393628716,-0.004067177589952407,1.6858255392578494,0.408616110586608,0.032399869386544614,-0.11855373723024883,-0.03062051336572551,0.6665599241910664,-0.0950098336009108,-0.0016381229687016025,-0.6471930986869464,-0.09120334441123656,0.07747303408186007,0.42371675994976526,0.33511882307237045,0.18283758030953012
0.0513966741563922,1.1281068853090745,0.6894004279173953,0.050304977767287574,0.015431272878268424,-0.8347418958441124,0.5481215671288299,0.06468738239557897,0.03550236548005877,-0.44037394890172005,-1.3424594408375068,0.7791426010339434,-1.7379532019588462,0.5701442664152008,1.350880471328194,-0.005544594676813073,1.683432335899566,0.40929904532158434,0.022492671941090298,-0.1223427028848822,-0.03134245930276192,0.6425447566141737,-0.08854469861243894,-0.002236023374999398,-0.6558654025322924,-0.09063149479860723,0.08156827739108524,0.42674802297779874,0.3112302653457365,0.19891224744057487
0.052455434086349846,1.1385637391236332,0.6892645753445709,0.05065370220865023,0.016964685849371906,-0.8356597591176625,0.5466435482816915,0.06668243676303613,0.035311696767629915,-0.454821126271065,-1.3470081676162622,0.785663376133798,-1.7346566946358966,0.5639628230328817,1.353595901614714,-0.005290750270714365,1.6799378297027834,0.40836747423689224,0.010112572623415677,-0.12452388794510988,-0.02991187030868391,0.6225805511539525,-0.08057257981699555,-0.008861626272323387,-0.6681384366221352,-0.09188084937167865,0.06888925983881247,0.44709671860148203,0.27526743280912835,0.20384836271449028
0.053321179524917744,1.1492173701556359,0.6886924189940674,0.05059131279196989,0.01858621896242458,-0.8361479128259165,0.545849557489541,0.06833904164526766,0.03547994162443232,-0.46500975840471304,-1.351651624881633,0.7888798041266205,-1.7312171525407505,0.5560202825867051,1.356139126447281,-0.0034577053634460256,1.6755079684064755,0.4055455217824197,-0.0047206172170997955,-0.12521706016851086,-0.026656083860778276,0.6068171599439341,-0.07104457510029025,-0.01966027720589254,-0.6830279459615017,-0.09484086685409876,0.04329955565826001,0.4830018046402055,0.22731890936423663,0.20047940770554723
0.05394594955473486,1.1600667132934073,0.6877069592914934,0.050166410239752435,0.020270032488574695,-0.8362024820536581,0.5457452391673873,0.06967593370772908,0.03598733515294952,-0.47125507582563075,-1.3562276029424507,0.7898001951704418,-1.7272521410460555,0.5467177918422148,1.3586627250931957,-0.00035273659264252444,1.6704018190411347,0.4010337357003547,-0.022518554834475478,-0.12448065740211675,-0.02206882869444899,0.5975362557450333,-0.06380820250669485,-0.028701880655366992,-0.7002838564414735,-0.09883767610541902,0.012873950433397327,0.5322301374606966,0.17340805690692743,0.19068293195318572
0.05432205710949896,1.1709592294820192,0.6864382152277423,0.0494295048583182,0.021968123338481083,-0.8358203077056966,0.5463318943949728,0.07072940943770273,0.036818996219251096,-0.4736057863626072,-1.360713150203992,0.789315632948571,-1.722445471933929,0.5365703374072073,1.3611942014315972,0.003697812888524366,1.6649898767898244,0.3950630711892527,-0.043618444828006336,-0.1224048348394651,-0.01653820691079358,0.5973191226693497,-0.06364647063444923,-0.029831108679637654,-0.7195889467450741,-0.10255834091884646,-0.014015384653907666,0.5920193533093655,0.12147314742340945,0.17600147189936555
0.054548750828091144,1.1820185425556358,0.6831194159267133,0.04817662488944401,0.023951356492787772,-0.8349083640833842,0.5477530181751833,0.07142575143346584,0.037951005347867765,-0.4734255965626929,-1.3646764790122954,0.7883636767705084,-1.7159393186830039,0.5268929707004221,1.363860382134274,0.008714914405214956,1.6601556630076388,0.387563318080855,-0.0625334355694234,-0.11698877407667818,-0.008713982100780624,0.5955118830566567,-0.0402236029664506,-0.01693094501201979,-0.7445428315580559,-0.10505392252542084,-0.035717945314998244,0.6675111805658182,0.07280704793082912,0.15374545886742488
0.05454847983696223,1.193164451171509,0.6797511625448424,0.047037859785644495,0.025813466907011858,-0.8337285656139325,0.5495614465665871,0.0721381771712672,0.04015908760285873,-0.46797272198791756,-1.3684488089491451,0.7842939276163524,-1.709768640003367,0.5142304206040059,1.3665962961336398,0.015450729655279974,1.6532081776102086,0.3791392414594209,-0.09593451465093271,-0.11167937296207175,0.0011437749972094953,0.6260266849561933,-0.06758859085613926,0.006604962604811001,-0.7721317207843831,-0.10857377763144156,-0.05405986817151159,0.7549163418890377,0.024966133168691236,0.12161274760757447
0.05437093496990072,1.2044115843613685,0.6761783886493907,0.045615449203754994,0.02760850081641248,-0.8320326801285908,0.5521581482461725,0.07239596325709878,0.04256830566442512,-0.4590289113766796,-1.3719215353414265,0.7791873081582498,-1.7032354980497988,0.5010754604469311,1.3693797019907552,0.022267035995902004,1.6469103692448366,0.3688306803343394,-0.13016100131469718,-0.10556521538001348,0.00939161185500666,0.6607293712062114,-0.10108506351938039,0.029607559330484593,-0.7973225115927505,-0.11168377282685497,-0.06847776527597761,0.8440249941354543,-0.016045875940580698,0.0901700041594256
0.05412806298755311,1.2155725622849292,0.6724567381619241,0.04407985653851115,0.02911003926761495,-0.8298126004760413,0.5555363354026183,0.07228015090833165,0.04519465124197332,-0.44707646640864324,-1.3751375476280576,0.7734830527784903,-1.696080577772616,0.4887785587217039,1.3716779283349794,0.028306698527445356,1.6426889997620553,0.3578801065725678,-0.16385181426846243,-0.10023504317599793,0.01228325486946243,0.6957440039920129,-0.13603549888994562,0.04351924402638736,-0.8187000657226653,-0.1150178340395314,-0.0788946278269473,0.9317065687141604,-0.0521466346542285,0.06546176815206611
0.05385631122528553,1.226576470404571,0.6684885460828028,0.04237582777936612,0.03016207559901466,-0.8270908420487227,0.5596563922753905,0.07185199320551168,0.048077362162367146,-0.43219557812319265,-1.3780042068586298,0.7675161008496011,-1.6883669996862316,0.4780213707144934,1.3731653467678133,0.03338999327753288,1.641092274258713,0.3461124238961982,-0.19712696804763444,-0.09626541308326217,0.008388508006606055,0.7320722402057201,-0.1743357692656626,0.04437689146986345,-0.8363269745575931,-0.11728321222490613,-0.08461193665787385,1.018300898337568,-0.0840867499682973,0.050574758600166664
0.05351751492472749,1.2375237150970466,0.6641515636566793,0.040501187732533556,0.03089965860702019,-0.8239103171488659,0.5644259510209263,0.07115078466629925,0.05120713183727072,-0.41430331781975904,-1.3801908085217993,0.7608203112409813,-1.6802569305176125,0.4682907873623823,1.3739238680515413,0.0380963474073904,1.6415956412546302,0.3335044341217593,-0.2312256487882683,-0.09328718889438437,-0.00033124403535599685,0.7719394500432447,-0.21691522330333565,0.03749489280958689,-0.8515738345731911,-0.11779512066374236,-0.0866136111389927,1.1060819576781635,-0.11253167092246401,0.041832434670328746
0.05306386975239503,1.2484831624120472,0.6594930429712736,0.038666282150598634,0.03152357076740987,-0.8202425055504605,0.5698363056168194,0.07020415116422166,0.054498846037884005,-0.39371512168982375,-1.3813900364378373,0.7528210849435273,-1.67181741558415,0.4590186805619789,1.3742285192319588,0.04257205804377043,1.6441195025007862,0.3205937333056042,-0.26639289073558253,-0.09112332437991283,-0.011269593427737134,0.8134687965186748,-0.2596051343431622,0.027475199401821807,-0.863959380499073,-0.11740906177345213,-0.0870617967311406,1.1926371577127728,-0.13788623579615183,0.03657287165906459
0.05245328221516711,1.2596124884280968,0.6546664228821826,0.03706036784943878,0.03229095302725646,-0.8160339989150308,0.5759100069474391,0.06902714338258496,0.05778617499014687,-0.3710761911777911,-1.3812588084537443,0.7431598275782001,-1.6629536635297253,0.4494534315589674,1.3745280749959317,0.04688898776068654,1.6484380157066794,0.30793203553759807,-0.302775182132632,-0.08947809935911485,-0.022032743841402472,0.8540749888385724,-0.29772897313390534,0.0187992188094638,-0.8727735331401604,-0.11742840637817642,-0.08816807876120844,1.2744864383870085,-0.16076019535367184,0.031848731994424694
0.05158877459943742,1.2708877296203964,0.6499064711123405,0.03578005592651819,0.03340684239767652,-0.8111151758373816,0.5828344035875078,0.06765250943151352,0.06092068895180339,-0.34671762161231895,-1.379689272025056,0.7321902690490025,-1.6536739730029861,0.4397834972198522,1.375263308926395,0.050572227986775374,1.655246432627027,0.2959112900198692,-0.34190293208094685,-0.08830147844450041,-0.03287351395166544,0.8947561519150248,-0.32961118998008526,0.011358248893478216,-0.8782054981516407,-0.11826035143833315,-0.09051125632781072,1.3511199860685152,-0.1815490028664768,0.02717363917333113
0.050499992184376466,1.282044627291619,0.6454123751548739,0.03465658230106732,0.03473236048729563,-0.8054957107328803,0.5905668839590671,0.06608881215253445,0.06384396719031182,-0.319969653144943,-1.3769391981143173,0.7200100578383568,-1.6441874223081208,0.4303589873852142,1.3762433703241095,0.05359268188057084,1.66446821267706,0.28404243446411775,-0.38299689324190767,-0.08769086269592341,-0.044400177641308616,0.9359064580269727,-0.3568487300989418,0.003069303589058489,-0.8799909814048438,-0.11898806489137956,-0.09340401511436165,1.4234916965701472,-0.20033356699379098,0.024038101563866786
0.04934058432489343,1.2931105418342923,0.6414668576009318,0.03357695339042326,0.03596238396739674,-0.7994119810122359,0.5987652125453614,0.06430012704506684,0.0665028391065051,-0.29021271392026377,-1.3731245675640062,0.7059012847547208,-1.634577716891988,0.42022294183307735,1.3771196418598357,0.05678748172046327,1.674317289961054,0.271680520981245,-0.4223674780185155,-0.08748793706037285,-0.055230465778623346,0.9728996588456247,-0.3795523072066269,-0.004567734092414621,-0.8768902052213321,-0.11949520597097353,-0.09701738251160204,1.4899433186254654,-0.21721034788270752,0.02203980708813393
0.04824702951583721,1.3039724204371699,0.6380807466083139,0.03236462851747538,0.036721259155230376,-0.7931119798263704,0.6071058123613015,0.06299999224253523,0.06798094801008527,-0.25661694122932627,-1.368346037986972,0.6899018189490738,-1.625320047040225,0.4090419646509905,1.3774415200685195,0.06080675837196582,1.6831466057789155,0.25793677199142806,-0.45519339498444444,-0.08717101219845037,-0.06358763168089818,0.9997996774752111,-0.3974401971688392,-0.009521084400953395,-0.8671131651470783,-0.11980481530762659,-0.10143624119661321,1.5480775998382297,-0.23159016437064175,0.020699452806593986
0.04725633251729924,1.3145403778538765,0.6351903514708633,0.03099337615806497,0.036976973787637014,-0.7867176601118826,0.615424599209292,0.06133709573532947,0.06942064874050402,-0.21742979382707495,-1.362529810382499,0.6697661537050115,-1.615900441297773,0.3969218613300198,1.3769434685081496,0.06629229195272862,1.691824918699137,0.24399898674725762,-0.4813257313607244,-0.08699975630671544,-0.0698827573794434,1.0166791536630198,-0.4140638342654225,-0.011975964735856421,-0.8499354249010667,-0.12147000130307563,-0.10786744217534827,1.5981831169002323,-0.24608134560020734,0.019688125841144405
0.04619433754290252,1.3248804492558888,0.6328397669982362,0.029509573363254722,0.036860889063811526,-0.7801278964651974,0.6238356555168442,0.05929229124008951,0.07079472890300664,-0.17284916960787905,-1.3554055567821865,0.6463266928793792,-1.6072122869617091,0.3839381224247513,1.3759460840515216,0.07290551203260073,1.7004735920500984,0.22985814258065893,-0.5016850770571172,-0.08664527354011176,-0.07461611715356725,1.024104480536669,-0.42801163143114873,-0.012195857357846146,-0.8258874760300753,-0.12398164808748732,-0.11605387428731608,1.6404306591916549,-0.2598116364292525,0.01920670380884229
0.045066416292730616,1.3347611103797383,0.6310798326087552,0.02801146634809134,0.03633668854822303,-0.7734615806342597,0.6321805012028859,0.05680306760137637,0.07211201552210597,-0.12334596570812631,-1.3470048771198853,0.6192432978616936,-1.6014222867714047,0.3701393533440614,1.3743457207250773,0.08066534352725878,1.7090319407886303,0.2148858993325847,-0.5171441746533995,-0.08602304223435607,-0.07754827958425164,1.0239517913979672,-0.43876762809007824,-0.010845937910749268,-0.7963646423356903,-0.1260054618216226,-0.12423718193316773,1.6750261927253662,-0.2720942189147401,0.01871029702881929
0.04390680079958066,1.3442791625317907,0.6298690756410915,0.02662816017510541,0.03546350843469968,-0.7668757087986426,0.6402616089613454,0.05382230127453241,0.0733544611618812,-0.0703554027274554,-1.3372129985435053,0.588291136172553,-1.6002909388504607,0.35479995506419904,1.3721809412473271,0.08981481316990067,1.7168503079191493,0.19857049179586295,-0.5293694883770886,-0.08513764308259804,-0.07851886746109286,1.0187543386412452,-0.4457406996048224,-0.008647222284353837,-0.7638845226697574,-0.12628264862913613,-0.130614353494451,1.7024996784144188,-0.28265853757185033,0.017681018303809446
0.04297726910980201,1.3535206562864817,0.629203597854542,0.025392278618644657,0.03413005341150656,-0.7606309025808249,0.647789318899101,0.05032259321406709,0.0744656137601507,-0.01284166941291057,-1.3265861201255327,0.5521420224601824,-1.6044732423109866,0.3370025809044502,1.3689437498997956,0.10103563127210813,1.7234664817910212,0.1809739694785605,-0.5378694746165278,-0.08401420397980233,-0.07639833142365171,1.0081930332920916,-0.44955364032179307,-0.004973121877321793,-0.7288745871385807,-0.12500588465052426,-0.13423839528882545,1.7232389134195603,-0.292298723942825,0.015728056279264296
0.042029037294267414,1.3628881812777343,0.6288797883955483,0.024156988353973216,0.032583849992524616,-0.7546714682861713,0.654847850716581,0.04636724543865841,0.07537492714019063,0.04980515474413276,-1.3148806882996023,0.511105559061294,-1.613647416198217,0.316588050719503,1.3651958195574867,0.11447617762211701,1.7288329070422044,0.16263146907853465,-0.5340216952616101,-0.08136854241588148,-0.07120849972412177,0.9749666584751637,-0.4633220569561021,8.405245909233233e-05,-0.6914323882544376,-0.1225607396443798,-0.13643748445107715,1.737614235102826,-0.30150645895688033,0.013183377037086393
0.04124369677300715,1.3724983252063527,0.6290219443643734,0.02321792155343228,0.03080275964081262,-0.7486396034741054,0.6618541094738202,0.041967284537855885,0.07612308093909788,0.11563571701574372,-1.303513427219288,0.4668845109104129,-1.6269007554750723,0.294835795859512,1.3606728263349885,0.1294139822848421,1.733437965186721,0.14341320264473983,-0.540571637250313,-0.08051735653453583,-0.06638479886093525,0.9604971127740694,-0.4555628881214652,0.00529284514922745,-0.6524584596350689,-0.11917157315517712,-0.13656420593788537,1.7448880250257366,-0.30907436543293104,0.010662596833135753
0.040462775421211156,1.3824046433856059,0.6297251631651385,0.022521082707401652,0.029177981577269734,-0.7420015463709398,0.6693841583185975,0.037242100433201995,0.07670288600687143,0.1808112841014266,-1.2925096592518748,0.4224277078650634,-1.6421399753770372,0.27341741231245903,1.3563976929871158,0.14448121885411525,1.7381948389519386,0.12331100969691253,-0.547914112521137,-0.08035411242187539,-0.06355365304842175,0.9444880258832234,-0.4404506325166675,0.008618463584842473,-0.6132653442771528,-0.11420385769522136,-0.13584899044877197,1.7444874338845067,-0.3138291226301067,0.008842206932328116
0.03948626670966848,1.3923536310314126,0.6312193548805358,0.022102360236164395,0.027629099456239894,-0.734493699377679,0.6776924996705513,0.03228150434446235,0.07708725396364208,0.24332268730138562,-1.2821435148679279,0.37865312818379876,-1.6573143277912477,0.25313880629084273,1.3529571327876557,0.1589398507793407,1.7438678876355942,0.10157324184959901,-0.5564023350359251,-0.08118451437097246,-0.0630746349785406,0.9277312611695718,-0.416760258147121,0.009838073750530306,-0.5738022713412899,-0.10753174726417858,-0.13412917227377447,1.7358925079994096,-0.31538289829796806,0.007411712189569781
0.03832847435954943,1.4021669401161854,0.6334342759386,0.021878797952623305,0.02604049566827814,-0.7262309482822765,0.6866089283882962,0.027164376951193427,0.07721802442734432,0.3035231560762368,-1.272957799928992,0.3350346687735378,-1.6718292223687867,0.23365646478022184,1.350093095219573,0.17284054093217135,1.750307521538023,0.07808515820060426,-0.5644894359639918,-0.08279143932910062,-0.06382790771503691,0.9086716206072185,-0.38573888566588355,0.009860499357373822,-0.5337004264415148,-0.09946547901405321,-0.13108992379626333,1.7196039883857976,-0.3143818654294346,0.006128238787688442
0.036694388041741716,1.4119855716358567,0.636237596710535,0.021640499440097497,0.02456191471971419,-0.717266988099577,0.6960290718869768,0.021993022047744656,0.07706515430864838,0.3608209627200863,-1.2647409262112006,0.2921875427779785,-1.6855478315528436,0.21483798439484378,1.3483014983986308,0.18602976777968838,1.7565298985597242,0.05327482198337989,-0.5704934908997434,-0.08412639795466809,-0.06586997089930537,0.884793784591117,-0.34925148569132003,0.008618408819585937,-0.4935113269472742,-0.08956575568395628,-0.12734492676384035,1.6961597568443052,-0.31102581486911685,0.005866428098475199
0.03453537697476448,1.4217326145099323,0.6396516508923665,0.021189002031191572,0.023249790292985708,-0.7076536766845043,0.7058588720977854,0.016834220831540826,0.07664197425613585,0.4147247719115963,-1.257926814323652,0.25063223710372534,-1.6982021042324384,0.19731787835292472,1.3475871560743804,0.198231589474689,1.7621755001064623,0.027557100904403397,-0.5722285401350597,-0.08429872924242368,-0.06929988780349819,0.8531469388022571,-0.30882366824909296,0.005718125758231908,-0.45331893704662185,-0.07744564493484919,-0.12303459860942602,1.665580343349189,-0.3053499587635415,0.007571348306140172
0.03216954079167624,1.4314092361792583,0.6435297103747212,0.02047434783097993,0.022072709699104638,-0.6972361575096236,0.7162090038729272,0.011776720812082978,0.07594580383376973,0.46452830873804324,-1.2526997274358351,0.20993417762848657,-1.7091947639197906,0.18165047025514786,1.3477070759788643,0.20931849554859533,1.7670793603814112,0.0008999188765420082,-0.5685931987620655,-0.08342928023773238,-0.07528943849573494,0.8121510042360381,-0.2652360932563549,9.109333811086742e-05,-0.412792053473274,-0.06241571412101488,-0.11752813706464658,1.627042441703235,-0.2973827141633723,0.012242365868980885
0.029714777826804043,1.4412337332703098,0.647781994105298,0.019658351837130873,0.02101420795775474,-0.6861048221037893,0.7269333706419616,0.00692460986070907,0.074956849749596,0.5100465570656223,-1.2488081082163054,0.169750436800223,-1.718310410688789,0.16690625864801156,1.3487067643913622,0.21973973360410626,1.7711000373614545,-0.02660460494143715,-0.5610178128792174,-0.08198674667707749,-0.08356475584136562,0.7635475944711829,-0.21762770463594044,-0.007911317276030632,-0.37225251558756367,-0.04497940997883257,-0.11052148753243027,1.5809160859300107,-0.2875991532006504,0.019151465284065076
0.02723613519458503,1.451191893660102,0.6523826743247936,0.018883299026835564,0.020115135590802316,-0.6747347709246169,0.7375444334027149,0.002278586606926742,0.07367895953538749,0.5520442200385296,-1.2466109213501024,0.13056292593869015,-1.7262420987778775,0.15213121785340103,1.3500912807279524,0.23016663514800456,1.7746436173991873,-0.054276043053804186,-0.5509964429396442,-0.07989868781004714,-0.09189964795449668,0.7094665884590318,-0.1649880133617732,-0.016755250088630515,-0.33263511445957894,-0.027069631046684993,-0.10236256637889851,1.529541507929096,-0.2767569073054383,0.02648196293952081
0.024753721083683282,1.4611225210151562,0.6572709052548839,0.01830818200614654,0.01936215595990152,-0.6636314777480654,0.7475848976070432,-0.002215448919411794,0.07212874293326667,0.5910539795956784,-1.24662021784134,0.09314393049647154,-1.7335114628046466,0.13672177549789397,1.3511478144061155,0.24128092589792705,1.778356659926721,-0.08138374610716943,-0.53999925174585,-0.07724359990186193,-0.09793971531360854,0.6521428476612248,-0.10627642913094554,-0.02487629579090233,-0.2951597152762298,-0.010898151179477181,-0.09359777538863076,1.4760100931796316,-0.265613197661397,0.032407525704036426
0.02254710393742055,1.4712038793260174,0.6623256741429575,0.018161242128903764,0.018694898952720567,-0.6529345731915945,0.7569657278692298,-0.006533195937821554,0.0703239473935695,0.6265419392557635,-1.2495493258159256,0.05773035339366228,-1.7395213898329362,0.12009047359734192,1.350741667410045,0.25375394687454494,1.7824097263399985,-0.10804721297759878,-0.5289824144344889,-0.07435336291318669,-0.10028037265785691,0.5915267697665357,-0.03746079611318046,-0.028378274004560514,-0.2610147862996928,0.002845753555061386,-0.08337544751581663,1.421295210903316,-0.25403249005801376,0.03693958416727141
0.02049130467809151,1.4814259469064428,0.6674748708365392,0.01845725001346753,0.017954008630898615,-0.6425298123621482,0.7658279334954323,-0.010711296168481665,0.06826324714747528,0.6582704123520607,-1.254771325966203,0.024067258234156834,-1.7441669501795705,0.10274633605029788,1.3491718244097999,0.26753339592326353,1.7864555417500834,-0.13395571782452634,-0.5258825814654615,-0.07253274839357954,-0.10021660420330684,0.5385709461845793,0.04982234205469435,-0.029119285040143,-0.2292354604892431,0.014611484412027458,-0.07206677455661802,1.364146162839645,-0.2417353005967083,0.04093369178762265
0.01853362596536355,1.4916521749735956,0.6723733619501805,0.018877935316674116,0.01742268295544102,-0.6325305046787022,0.7741093167813702,-0.01475786202698285,0.06593181017791551,0.6872121106373972,-1.2612917190557682,-0.008130558895964684,-1.749072461353936,0.08533057186509611,1.347116664773467,0.2822536171777554,1.7909992330644915,-0.15836195802964517,-0.5194957578693393,-0.07023109054488812,-0.09890503480921364,0.48134335960200153,0.13399478195461162,-0.034546967569562395,-0.19958773939342112,0.024685544327565492,-0.0617704616663664,1.3062399986000075,-0.2300321490453334,0.04364185534273714
0.01645733211232245,1.5019339779157859,0.6766553714562513,0.01917186672625915,0.01727786845211919,-0.6230565284942203,0.7817509047572073,-0.018672790720369693,0.06334187778689535,0.7137220284761269,-1.267744653487671,-0.03890472482112379,-1.7551876943966571,0.06811165180667667,1.3456131005476248,0.2975807472300827,1.7959454424015544,-0.18043550058864577,-0.5116648501024305,-0.06734802612622554,-0.0999998079927092,0.42398340731177664,0.20883838169106886,-0.05318100616908357,-0.1721691278476462,0.0331905575051085,-0.05494593124653986,1.2499800633264921,-0.22045806762110332,0.04416858181643577
0.013924259025486295,1.5121079425191084,0.6799482989080985,0.018924787963274552,0.017971123991411864,-0.6140472955644988,0.788837632160735,-0.022440862299828283,0.06049508797053556,0.7387772928336915,-1.2725709261868112,-0.06936378476630749,-1.7636942370090665,0.05147883038912338,1.3460860802419203,0.31343935474998796,1.801968021274542,-0.20037201173596234,-0.49936308291907344,-0.0618716658207698,-0.10671851861421379,0.3603177157934471,0.2736791330615043,-0.09644353269000085,-0.14631879185300675,0.04175354702215324,-0.05326630192687769,1.1949913411035995,-0.213834237337474,0.04189217408555195
0.01100321387064366,1.522293576466821,0.682525230648621,0.018162632950069677,0.019504371587315404,-0.6054165050385065,0.795462477858173,-0.026017247384299315,0.05744846693989083,0.7617010583984298,-1.275950907454106,-0.09954198107714743,-1.7737269929309698,0.035233469351068816,1.3483645440963157,0.3297122044342061,1.8088422261714516,-0.21908287460638196,-0.4846855664455259,-0.05359143474077735,-0.11897256121283244,0.2904921845998757,0.3214285308955241,-0.15936969988761923,-0.12193017086786266,0.05124340934534876,-0.05544336507734954,1.139747224907875,-0.20910394663674128,0.03724988930399511
0.008360473528540337,1.5325506803075875,0.6847627530376568,0.017260035582818665,0.021335641303367587,-0.5972775493357345,0.8015649759323024,-0.029385492317086738,0.05433489330056115,0.7819892575924541,-1.2794123495330283,-0.12816917980336184,-1.7842906173224489,0.020132992935156576,1.3506349828009654,0.34575931395088644,1.816306794491449,-0.23758801597456355,-0.4789039384383518,-0.04460284038946843,-0.13149960296857782,0.24597093808479528,0.3484662024822236,-0.22232578345345083,-0.09967373743933688,0.060442167939933185,-0.05834118729979636,1.0855440470949822,-0.20476510316481253,0.03135207762874088
0.0061837142813721225,1.5429074723590779,0.6866510489504046,0.01695620265549766,0.02266730692693745,-0.5898493102502133,0.8070170206293873,-0.03253918067009922,0.05130751945137645,0.798729749838039,-1.2838410347817446,-0.15300362089667555,-1.7937909447450389,0.006432164950252816,1.351241464487371,0.3611726466497076,1.8234745553578233,-0.25372060719002226,-0.48641793934999444,-0.03911536030713707,-0.1405402361719987,0.2364372838825992,0.34999616550620555,-0.2642017719209661,-0.08073057941914541,0.06671893739658698,-0.06165842945212491,1.0351708708924778,-0.19962446806873038,0.02587187241477256
0.004661567077646008,1.5536089353998057,0.6883788348183145,0.017700715483254515,0.023230475978128738,-0.5832632863656746,0.8117579494129532,-0.03546044910022439,0.04848100893296886,0.8110470967743239,-1.289830345688521,-0.17346326518440586,-1.8016855831928216,-0.006803062631796477,1.3489800350610903,0.3765410083214439,1.8306430430579066,-0.2647116453973217,-0.4933397961986139,-0.03816762931261697,-0.14558812788001502,0.2322014063773444,0.347407684330217,-0.2681866868198253,-0.06598739743653531,0.06810457493956108,-0.0678684700612221,0.989144520491843,-0.19211874993799674,0.02100263976909077
0.0034547061644335008,1.564565916463239,0.689755278565702,0.01905499914780691,0.023466228667907246,-0.5775048382788606,0.8158274357265078,-0.03814895240230728,0.04591683230544036,0.8201547192698053,-1.296192384832182,-0.190502296378501,-1.8087800655674533,-0.019662961443653416,1.34503485017949,0.39215809343063174,1.8377324225655698,-0.2714940420460588,-0.4993901473111458,-0.03867923811416644,-0.15307715522400955,0.23230386435892716,0.33744804013323476,-0.26928043358360143,-0.055130438443127795,0.0664499159272094,-0.07739493973382297,0.9471406957151884,-0.18270126271097156,0.015986085422021606
0.0024010221738259355,1.5758013678685914,0.6906614290246376,0.020913640390494082,0.023383510704482944,-0.5724614121514143,0.8193312899373235,-0.04059533879184957,0.04365905181390956,0.8260583608448993,-1.3024543470307308,-0.20372535956540347,-1.8143294096684033,-0.03126757827491408,1.3401755590320588,0.40722485309184425,1.8436029152293414,-0.2744351441444467,-0.5036364509242084,-0.04087905846850278,-0.15773963410801442,0.23472787870451292,0.32377167550709746,-0.2597076379442036,-0.04801092311590991,0.0628032267826357,-0.08914565226975468,0.9095799847985152,-0.17299002583820383,0.011154178453333058
0.0015192015834209985,1.587074515944134,0.6911480063572594,0.023010217187339175,0.022969017825862317,-0.5680222856306455,0.8223707419114834,-0.042781110834840604,0.0417808759560217,0.8290796481901641,-1.3083766629941629,-0.21275124216446606,-1.8176163354693677,-0.03980593202101723,1.3353533024504975,0.42067328285964023,1.8473933592216427,-0.27545947233127155,-0.515521903992191,-0.04543182237154138,-0.15316627017300835,0.26049836585651487,0.2985735584822889,-0.23992140637478285,-0.04399902121477238,0.05838647219102257,-0.10014771141215492,0.8765464164549608,-0.16436406617081045,0.006744616965304803
0.0008232143677078933,1.5983591200683294,0.6912913666227726,0.02527090037271336,0.02223715292394475,-0.5641165818680256,0.8250087106726353,-0.044669751845851945,0.040368459707419625,0.8287348569989925,-1.3135903503090125,-0.2173511521146201,-1.818206755891642,-0.044707324322756106,1.3310451807833559,0.4321224208357146,1.8489278932811744,-0.2744537261809562,-0.536353810411413,-0.051175940842164744,-0.13709033003991256,0.31352872826342926,0.2592890680548341,-0.2132355206745908,-0.04306878799411178,0.053497350230224,-0.11018170403704908,0.8480268881620779,-0.15784134389234353,0.003094234681242596
0.0003043229396906157,1.609741795387168,0.691034133553428,0.02758463748071937,0.021361608416377284,-0.560770088960397,0.8272361674807687,-0.04625557605311199,0.03944710090384715,0.8252873276917548,-1.3178084578567495,-0.21819229409558832,-1.8166728230649485,-0.04668424989676581,1.3274576217421923,0.4418518458867338,1.848625783285306,-0.27104152674076004,-0.5609548475849089,-0.055508425591946076,-0.11289967995385543,0.38290611067723623,0.21003840130109294,-0.17782275039203435,-0.04528779155687392,0.048244230364001627,-0.12016920625676218,0.8238455547151857,-0.15313629360636374,-0.0003261301331429652
-8.384216592180847e-05,1.6212049066568313,0.6903521990030572,0.029749384244381366,0.020547163711744865,-0.5580497539235684,0.8290194571578686,-0.047564911453078326,0.03897846587298286,0.8197397227793347,-1.3210211881917417,-0.21604320157735027,-1.8135890332887374,-0.04625612314962356,1.3250898354101794,0.44989384189875237,1.8461990303865587,-0.26644175801984726,-0.5871589653090387,-0.056435163299640885,-0.08620524643672844,0.462850453350581,0.1555189717546532,-0.13948584436099967,-0.050410785816284345,0.04340187054634652,-0.1290840808856065,0.8038099398651568,-0.1492729604353602,-0.004706751178845352
-0.00027085873878678095,1.6328137651675445,0.6891810655448373,0.031773248792135445,0.019896646980779895,-0.5560825703411318,0.8302811325466303,-0.04863732211349595,0.03888649645806973,0.8129162118724724,-1.3238754793662753,-0.21138276524432265,-1.809455448764982,-0.044148471188050535,1.3238063233706017,0.45645231179578155,1.841348289923179,-0.26138048208532116,-0.6129343285120248,-0.05460673211168064,-0.06239295184201402,0.5467854811139793,0.10246804093283576,-0.1046162788098524,-0.058768685724292065,0.039026824870030154,-0.13598872197352802,0.7885740849786409,-0.1453443292398266,-0.011046050495308152
-0.0003556312842763306,1.6445638976475638,0.687554099614909,0.0338416845388966,0.019535035772770444,-0.5548717988017041,0.8310176951542533,-0.050044643548826775,0.03920869706664128,0.8040380560781141,-1.3266997686027482,-0.20326957045247923,-1.8031586550401502,-0.040788764510633006,1.3236631916683246,0.46164011497040996,1.8331569184895764,-0.2568094596674872,-0.6421454930557182,-0.050640995988962524,-0.03960936519336923,0.6408715933395898,0.04818898189862172,-0.07056360259623969,-0.07189948352371615,0.034951124995809726,-0.14015122336380084,0.7790973293325665,-0.13656967298409206,-0.022124557530691855
-0.00032861792107305747,1.6564935424934368,0.6854771856180221,0.03606074246194353,0.019116927081670267,-0.554546591496673,0.8311511558143134,-0.0510199047668522,0.039942762648139146,0.7933865733963046,-1.3300411752363337,-0.1922950109583936,-1.7956311333591428,-0.0361396735861451,1.324257989763448,0.4654104580026602,1.8219685306005207,-0.24993144396088982,-0.6686543847582116,-0.04658243517052827,-0.019190945300292812,0.7342934075507578,0.0013504314716650308,-0.04013422516620818,-0.08886013808696346,0.030069427986459257,-0.143700595157444,0.7749384672262803,-0.12370682819098348,-0.035668345357327005
-0.0002150448536401137,1.6683560060938039,0.682762977091287,0.03814465329846511,0.018620059150356826,-0.555133058942986,0.8306777748866162,-0.05163247398354597,0.04106943676808208,0.7823598435326323,-1.333649895277515,-0.1795360634921013,-1.788100739774985,-0.02968293144236527,1.3257602705421438,0.46830856190489295,1.8087232510298275,-0.2418477490478657,-0.6927584184702626,-0.042102301456716645,-0.0022870395061349684,0.8285527817498912,-0.041439071811876955,-0.013720053075889183,-0.10739106467937858,0.024932382785025263,-0.145175575454496,0.7746127545328687,-0.11397075422496722,-0.0484109131018351
0.00019709339107689859,1.680210821604209,0.6792845766903955,0.03990070009689666,0.01791420307466503,-0.5566430129442751,0.8295996453713658,-0.05192918168892241,0.04260817252948474,0.7719102658713091,-1.3375038118647498,-0.16605450634991156,-1.781764821803745,-0.02134642706793028,1.3278150767506927,0.47076716063535606,1.7943339891304475,-0.2327154457436884,-0.7122337798874229,-0.03838845269120449,0.00831328719319212,0.9191286686369263,-0.0802839762398034,0.004898245982480377,-0.12521469468318133,0.019749116328164517,-0.14361274390204024,0.7767485166403363,-0.11730732611105557,-0.0564599119537788
0.0007484332478366404,1.692041905303373,0.6752916947278854,0.04124451834409994,0.016763021342800034,-0.5590470680597913,0.827939772275601,-0.051939032285607256,0.043865796712530714,0.7625995129324108,-1.341138572665841,-0.15232836228389163,-1.7769871071929109,-0.010534064098320759,1.3306680475070511,0.4727187383120923,1.779041594622214,-0.22228173512726349,-0.7243593574299944,-0.03799420469783907,0.00998799312841052,1.0014298000453843,-0.11165337913889847,0.011491560758770126,-0.1394184515132526,0.014572156533808734,-0.13907561057906528,0.7784623301866203,-0.1402452464501919,-0.05826798330476041
0.0013629564711895887,1.7036562160144844,0.6702875354807037,0.042322371942742625,0.015374390760090936,-0.5622248128656067,0.8257576549691376,-0.05167525769990518,0.04661457368841672,0.7539554722448634,-1.3442741977487649,-0.1355248916337492,-1.7721446819705844,0.002646449033152202,1.3345989711732484,0.4738444104906317,1.7602500148705786,-0.2121168593292757,-0.734629313890317,-0.0401802321647487,0.006646115621418328,1.0860537839969848,-0.14550615621572113,0.009769912828138478,-0.15094728288744383,0.009100734309979364,-0.13120206084755962,0.7763295382003497,-0.16943316334620798,-0.05652439789770142
0.0020153326894045615,1.7150972338613013,0.6653287671210094,0.0430996526305663,0.013938289096537338,-0.5661529706029652,0.8230546506263259,-0.05118521678780794,0.04981448419094576,0.7440178860646871,-1.3471806101861947,-0.11815438018564606,-1.7677115878585439,0.01750431930174867,1.3394141477207904,0.4736687095591754,1.7416338102458448,-0.20033959501010368,-0.739005555552879,-0.04425300018011596,0.0006039300970758465,1.1639062643092208,-0.17390595679490053,0.0031881433845790375,-0.16665632995553012,0.004066225640703574,-0.12088717222905537,0.7866824156337773,-0.22806195025473802,-0.05182454132890056
0.0027816520449077562,1.7265293409680431,0.6603444887233547,0.04372603684140051,0.012814814461473754,-0.5708367029047016,0.8197983122996483,-0.05046979255541685,0.053258515128587945,0.732093880587937,-1.3497254193574475,-0.1000830393707644,-1.7638355429877428,0.0328567159876609,1.3445947680035757,0.47227789585807656,1.7237379636166767,-0.18763481252557268,-0.7398650354654098,-0.04630410189992816,-0.0033988998221113763,1.2372777732121296,-0.19951301771990484,-0.0018520767482096852,-0.1855715679099069,-1.925002938327467e-05,-0.10824863457562699,0.8001858412516848,-0.28317815812542024,-0.045303391490102235
0.003621471206701712,1.738037165760804,0.6553599007756111,0.0442158599437343,0.01201955464412722,-0.576312737872678,0.8159436967103125,-0.04954848569445644,0.05677242672907207,0.7178743885631764,-1.351673435298575,-0.08126855992574585,-1.7606516854271983,0.04838722730492478,1.350289177387042,0.46975951140990946,1.7066862509894252,-0.17389389899083002,-0.7376256839341961,-0.0440645606005091,-0.0038014249554475035,1.3070413710233248,-0.22322398295170623,-0.003644422037601309,-0.2101992614640499,-0.002823626764144199,-0.09144330591350573,0.8200964516091339,-0.3329329680334454,-0.03485578276202062
0.004453509333181778,1.7496496126415642,0.6503498058521189,0.04450068776392351,0.011458875772924027,-0.5825493521929682,0.8114953081898322,-0.048432112836889286,0.0602567082515941,0.7016470284721439,-1.3529441262086943,-0.06150742926058153,-1.757897126905117,0.0644920861430204,1.3565863530436826,0.4662263722539913,1.689798812023602,-0.15912098810308373,-0.731946518815079,-0.03857283203711857,-0.002496813044618946,1.3735047033257906,-0.2451603309812007,-0.004696942427839249,-0.23953783398513598,-0.004477175252106324,-0.0710297431144376,0.8461910963841875,-0.38075140472102864,-0.02064738078995192
0.005201648121907791,1.7612903354344718,0.645502941114156,0.04454478717793957,0.01115383606242735,-0.5893593717383928,0.8065648670878804,-0.04710569410603176,0.06361235464740433,0.6827834834400975,-1.3534204435315613,-0.040909711345772,-1.7547347549292058,0.08149074279842343,1.3633906020888438,0.46138674513011135,1.6733208072038799,-0.14348624427769727,-0.7223557710725671,-0.03137868043856337,-0.0014861079578462756,1.4349569296798304,-0.2649083246078563,-0.005388950705028573,-0.27097736426811997,-0.0051917679298996286,-0.05101401543836522,0.8743078876736999,-0.42445994174362506,-0.0070655501467119085
0.005920065286048651,1.7729976232114655,0.6410409545220664,0.04435820613480147,0.011167082564318911,-0.5965618445687608,0.8012625109289843,-0.04554134227031,0.06668336133544538,0.6604239284313406,-1.3532571520133239,-0.019525089166080156,-1.7501595844551285,0.09943380742723205,1.370157820313728,0.4550411376916156,1.6575670476746645,-0.12719507656882628,-0.7088918098724961,-0.024329193968669262,-0.0024581972483365623,1.489501215198336,-0.2822867661803425,-0.006162402667102127,-0.3021081157770529,-0.005489086344953389,-0.03569307119899053,0.9000881347553593,-0.4613985569938471,0.0014338843015728633
0.0066172324201465476,1.7845499265678917,0.6371586625199616,0.04386866475887345,0.01164849299236197,-0.6041569333776385,0.7955716515280108,-0.043723680573098556,0.06929874161731425,0.6343375480439709,-1.3523662482206427,0.002587274842427512,-1.7441368238531612,0.11893232224308202,1.3770342183010753,0.44686833439069906,1.6427463608782211,-0.11069873439522838,-0.6914000100733364,-0.017443288364177006,-0.0062843467981423175,1.5366999483056982,-0.29768144685854087,-0.0070426195093593455,-0.3325153897667581,-0.00522109054275844,-0.02705041443432846,0.922499304369284,-0.4902397306000398,0.0027173801731342137
0.007353042838352785,1.7958770509094917,0.6337601691340626,0.043124480228419644,0.012533315268598539,-0.6122428490939262,0.7893933676860716,-0.041648728401682746,0.0713478729154371,0.6050453996898295,-1.3510557771789542,0.025316786655462966,-1.7373162157706787,0.1400736763501579,1.3837328284658554,0.4372303430078398,1.6292197823370436,-0.09369129611068072,-0.6702879097040816,-0.010217615328246664,-0.012114668831580681,1.5774794251830875,-0.3113934029239383,-0.007987776054468605,-0.3632284108071925,-0.004416086610177582,-0.023177408224360773,0.9434204795127308,-0.5121509443412916,-0.0003589445721300132
0.008436782788845522,1.8070813847023341,0.6308467405631163,0.04230891622696627,0.013484416459716396,-0.6207028357897589,0.7827874013823876,-0.0392933236790515,0.07282530343416538,0.5729048840538997,-1.3501353736172137,0.048784618198146994,-1.729638016214164,0.16264696276176688,1.389058951327906,0.4265332828765193,1.617859339487176,-0.07551744155497321,-0.6459831847043056,-0.003773149495852451,-0.01863449393725402,1.6114604184290569,-0.32293193130371506,-0.009350474679620531,-0.3932668425605336,-0.004120858999913876,-0.02192668633225917,0.9619172350236791,-0.5281825569891343,-0.004882907191016082
0.009788133691646323,1.8182424653065183,0.6282808057597744,0.04174640489580816,0.014154321699092096,-0.629517892909224,0.7757345650173413,-0.03762228280530027,0.07338746651687159,0.5395586216912716,-1.349950778445416,0.07179434778443299,-1.72312241312299,0.18597636648159827,1.3921184762072567,0.41573776519912875,1.6094765763689796,-0.05615507081205424,-0.6190176376526814,0.0012997191007858558,-0.023905170035297685,1.6381979131422555,-0.33182427785346036,-0.01121652402547393,-0.406923788674314,-0.004951478445398542,-0.022360848930110092,0.9493505972485142,-0.5574812505402662,-0.007126035500396915
0.011179884680574636,1.8292621907427649,0.6263004359497817,0.04105467045539133,0.014537199359181588,-0.6380260250767773,0.7687821376653579,-0.0343551870409843,0.07399758177996733,0.5021358607990498,-1.3492434160552662,0.09974021678698616,-1.7125190025158012,0.21230222694963788,1.3936225112280707,0.4006878979005861,1.604428675948146,-0.03490090588718809,-0.5888171172537332,0.004367176383677127,-0.030105193882622835,1.65716500041359,-0.3394806812887244,-0.014886554839310142,-0.43533185630880994,-0.007293399835682811,-0.022020142335360284,0.9654008517956573,-0.5623694612519434,-0.008456412810891862
0.012810416585044183,1.8403789516044808,0.6248916388247034,0.040475052410216296,0.014851327730787858,-0.6467059858662086,0.761519911782901,-0.030797652573133084,0.0741216689588686,0.4628585765048451,-1.3491206018882425,0.127850572537143,-1.702620412099387,0.24056814440607704,1.3927929249233437,0.3841769304962703,1.6034045221085627,-0.012736175694273391,-0.55586666794092,0.006709887655385938,-0.0355446953786257,1.668672897185878,-0.34551756375352094,-0.019481108739203994,-0.4617746306668782,-0.010475577058848185,-0.022012304960784587,0.9765107034907408,-0.5618344697811979,-0.009368756296735928
0.014565716864481866,1.8513946897162872,0.6241273536135363,0.03992155406168857,0.015103352880919027,-0.6554095798835533,0.7540666023965772,-0.026916668126332373,0.07384160904713735,0.4218674495494223,-1.348975600953177,0.15764553247431098,-1.6926360575761272,0.2702738710924394,1.3903186174683455,0.3664367150061331,1.605432759410474,0.010012313542063713,-0.521162647563952,0.008065574283695625,-0.040918547769254916,1.673241521351308,-0.348737601229894,-0.023465611072560878,-0.4861735958035743,-0.014156561280390893,-0.022083527503127386,0.9831517820900398,-0.5561859338389131,-0.009692070957014777
0.016395728790758807,1.8622858658191528,0.6240216295616233,0.039349394749241796,0.015426510675705527,-0.6641257857405389,0.7464252063105532,-0.022720709793219558,0.07326834975301852,0.3794363182018379,-1.3486406609910102,0.18914264700240593,-1.6828150754067417,0.29943693236216773,1.3865148847004636,0.3489559100312062,1.6088095287303472,0.032965996594929124,-0.48670284484599496,0.008234464423554088,-0.04646045912750636,1.6719019231703858,-0.3479621084118177,-0.02525805215146906,-0.509033469278538,-0.017715235937001854,-0.02157055502615264,0.9858965137378526,-0.5445630927088538,-0.0091493566939313
0.01838040392304487,1.8731204502544128,0.6247632891005679,0.03865819331018165,0.01589682568142031,-0.672873785305907,0.738575455909108,-0.01826102379448571,0.07245630736332055,0.3352850424229002,-1.3484137424406983,0.22280196455751694,-1.6733767596390852,0.3267620497266043,1.3813250571300688,0.33233989858624635,1.6123651665705196,0.05623636817846257,-0.4530935514107633,0.0072714597846701675,-0.052392215073016855,1.6647987006782425,-0.3427267531322029,-0.024200171671330678,-0.5307419875559054,-0.02078535004015905,-0.020591923030903334,0.9853329341675989,-0.5258860082043655,-0.00799257035197519
0.020417654798440894,1.8839813684959636,0.6262040622166687,0.03791354487585725,0.016508175278438657,-0.6816116925155357,0.7305446898650548,-0.013593643694264369,0.07140998811820856,0.28943656029519327,-1.3481590637443268,0.258634048388637,-1.6644489956502824,0.3528985401383645,1.3748520300642149,0.31571224578214646,1.6165677668022056,0.0798135314645993,-0.42018156024629316,0.005357841171595453,-0.058757781717955704,1.6522148586111731,-0.33395154887278866,-0.021162516994939234,-0.5511575463538377,-0.02354954328297565,-0.019430086118125557,0.9810615407633805,-0.5009633608597134,-0.0062697962473803924
0.022473439659939917,1.894946555342813,0.6281996971437928,0.037354059518824846,0.017129586327017384,-0.6902616878754795,0.722391897629689,-0.00874869420467462,0.07019861438671834,0.242333085394402,-1.3478927280237138,0.2959169250253779,-1.6556946820212637,0.3783650632054768,1.3671513815878114,0.29852678573213964,1.6217127571410146,0.10320971162359109,-0.3883415375900243,0.002091122153840606,-0.0650291881969281,1.6345408455937538,-0.32223155999057007,-0.016861380198020786,-0.5695604965098742,-0.026488372054266723,-0.017507380229128407,0.9716552310106338,-0.47133135400433174,-0.0034799746792494547
0.024790676996416208,1.9059593988666386,0.630665573455562,0.03721044713821545,0.017594100969973513,-0.69876122634069,0.7141698529045364,-0.003738667983831344,0.06894959587218501,0.19475287087549273,-1.3479466803641589,0.3338038384441597,-1.6469199646448638,0.40356965339608136,1.3581722339208546,0.28030984468193154,1.6279949238406082,0.12594408055850315,-0.3578241839181705,-0.0031711391270766347,-0.07054127006845978,1.6120286225569864,-0.3081478736535731,-0.012075297214514075,-0.5849627377423525,-0.030268142030774894,-0.014084076070162413,0.9555691662339318,-0.4384295403215308,0.0008765011853074363
0.02742652499129579,1.916805858352412,0.6337823716723746,0.037519649707400675,0.017753808755028893,-0.7071666412755199,0.7058274715733467,0.0014425036959809581,0.06780266683786884,0.14678614073746016,-1.3484127488623265,0.3730151840356567,-1.63802617059286,0.428233968226114,1.348212687496103,0.2604963149223208,1.6345932254788345,0.14810669063298873,-0.3283242328517624,-0.011636288143275043,-0.07586410052041005,1.5839415657152465,-0.29096812997370264,-0.0055791723269594945,-0.5960993378856818,-0.03508928779144371,-0.008550510653508982,0.9312672391169263,-0.40260567687081183,0.007386290696924065
0.030206626127439906,1.92760496843053,0.6374063953821514,0.03820615961213409,0.01779973985667747,-0.7156597445937951,0.697176153204246,0.0048245173638659464,0.06716561742609276,0.09909084474444557,-1.3489809092641873,0.4115998247127535,-1.6309352515923619,0.4510407571729024,1.3375428465775892,0.24073924418004022,1.6402995322823404,0.17043434395183513,-0.30047886516536676,-0.022658525758214313,-0.08146876066342312,1.5512965140418686,-0.2720782801784589,0.0022378872750130102,-0.6043640039264697,-0.040495524497565716,-0.001331964871295917,0.900925598343649,-0.36476217190821664,0.015267725370194149
0.03280357241589608,1.9384891615289164,0.6413987640326307,0.03908243506656927,0.01786584757850152,-0.7235618555787418,0.6889206165524564,0.010751862755305205,0.06618866539854676,0.0492604266686991,-1.3495427643908389,0.45489037384377806,-1.6216907402967324,0.4738942149375939,1.327579576020123,0.2177022591196001,1.6478082305235702,0.19077094919145504,-0.27387879838852514,-0.03378537287958024,-0.08643500987632952,1.5142893147063186,-0.25103336791262354,0.009812467269133351,-0.6095644102559633,-0.045798487515522145,0.006792571402295023,0.8635978723883746,-0.3194672010381945,0.0249212158674267
0.0353474207227966,1.9495336049684773,0.6457096107224809,0.04012467306122872,0.018157446104798462,-0.7313224486426789,0.6806083997967972,0.01652799052527874,0.06530881164608177,0.0009149941118825864,-1.3501681305312947,0.4945234604606151,-1.6150012482869616,0.49472834518696507,1.3181023392875961,0.19647988530035945,1.655345602990002,0.2105641194478926,-0.24897984924547278,-0.0427666370921228,-0.08953982326235838,1.4746372471237588,-0.23183731080962047,0.013210258931680326,-0.6141841195675484,-0.05079468842377109,0.014975233462198898,0.823467926169555,-0.2703029194658008,0.03418236547829321
0.03780733680899495,1.9607512395568383,0.6502586035091433,0.04124155380419473,0.0186372708606964,-0.7386938453136762,0.6725200288990469,0.02215528209087821,0.06449358969098262,-0.046845036887512445,-1.3504575504047924,0.5334452429179498,-1.60968029085578,0.51419393990608,1.309852427799049,0.17531900680880436,1.6635509666420736,0.22907847294009315,-0.22513723781090678,-0.048604737793140354,-0.0899032686015999,1.4316129622208518,-0.2148172722763752,0.010176061996155618,-0.6171340676752226,-0.05547382704188332,0.023282728136424572,0.7786192039401406,-0.21483961832122858,0.04402895510299463
0.040101830593615204,1.9719659184947211,0.6549545459605113,0.042407854635869095,0.019236093797943866,-0.7457080101162916,0.6646435963800297,0.02764527337022891,0.06374795483628404,-0.09399586195417471,-1.3504070682636933,0.5725582408281885,-1.6056693730329301,0.5324582322016205,1.3028710590612531,0.15382914379939103,1.672240674070034,0.2463860754223011,-0.20188203779339958,-0.0525890991857697,-0.08808403115410289,1.3845734289691234,-0.19897985025891812,0.002678925158794799,-0.6178928294044026,-0.05979086426597142,0.03212486655719368,0.7286899640255872,-0.15381664518596527,0.05473974012522656
0.04239928183926864,1.9832079205592676,0.6596241698619378,0.04357168213044454,0.019949306973193612,-0.7523350280650501,0.6570354170164444,0.033007736688028914,0.06304832720596876,-0.13992638389906933,-1.3507813348159885,0.6104981083277896,-1.6025044011820333,0.5489558917779696,1.296717876453717,0.13324420576708332,1.6807853470571865,0.26229937187388713,-0.1798819510169803,-0.05606911103222022,-0.08500571045352184,1.3354539378005574,-0.18419469245526338,-0.005329428145131715,-0.6234060018039325,-0.06325661769778936,0.042246350576503146,0.6832288334826395,-0.0829787869594745,0.06509877341134078
0.04463844478396402,1.994630896999654,0.664046262776739,0.04479177211667267,0.020739535495424677,-0.7585537603342614,0.6497382253652884,0.03815575218637002,0.06230219512622296,-0.1836190250140979,-1.3518928945292035,0.6454416328211141,-1.6004394756149312,0.5630920344293363,1.2912889078191783,0.1147091261142994,1.6885699992407808,0.27641369727224757,-0.16014793916535355,-0.06015774718807385,-0.08164137480131042,1.286976347663923,-0.1706921953861785,-0.009570504820425008,-0.6281805265227894,-0.06600885480485853,0.05218032658181135,0.6372703818379855,-0.01151565682492565,0.07371454304303296
0.046849414934372405,2.0061316892492083,0.6682589680373949,0.04608304427537317,0.021514009800874607,-0.7643564188765339,0.6427851626592223,0.04304319192165044,0.06144525318692938,-0.22492318703019681,-1.3539364133790437,0.6770347995068209,-1.599534433148718,0.5748780287701358,1.286335653002392,0.09828002077471175,1.695484120936027,0.2884556895370158,-0.14264556294965924,-0.06525062226354854,-0.07826873604711056,1.2393812357735887,-0.15823991800347534,-0.008327375294349274,-0.6348316687012335,-0.06818420026455516,0.06180295591325635,0.5923411247829332,0.06834782084022546,0.0791523610081419
0.04892786402655535,2.0177238971098976,0.6722513037187446,0.047404777379360705,0.022344226776377027,-0.769748149349094,0.6361928239024901,0.047632897676419615,0.06046214297030662,-0.26439358430160864,-1.3564239436289875,0.7062205014745653,-1.5995647366319554,0.5843854696232269,1.281995476794273,0.08356528422514264,1.7016268039035845,0.29858086949557977,-0.1274982944227376,-0.07061334638874496,-0.07466852232484648,1.1923857810143914,-0.14693405897783382,-0.004022471448797188,-0.6436634357392752,-0.06979592259565359,0.07127683100808845,0.5486882941578068,0.15637071311209988,0.08282067394225615
0.050948858900941425,2.0294154454914093,0.6757346152167009,0.048696721019934615,0.02326352103467632,-0.7747198369065701,0.6299973113073055,0.05190568133396907,0.05939059144834805,-0.3013844868105197,-1.3595153780745175,0.7325689465332194,-1.6001039457380601,0.5917913567394103,1.2779647361138058,0.0709408363626795,1.7071366845515759,0.3072741792085059,-0.11469639953537816,-0.07573772400713336,-0.070975042671812,1.1468233919369522,-0.1368653771827494,0.0014191600174791544,-0.6541633637846834,-0.07097014254838849,0.08108491208054078,0.5093575111856348,0.23983547983320402,0.0877730148302297
0.05293190521092228,2.041097192850712,0.6786639584866789,0.04982152644114336,0.024264775459022492,-0.7792816493448732,0.624218829553653,0.055860897360028396,0.058331911076682064,-0.33455909350397994,-1.363352108007266,0.7552382359033236,-1.6011712704886012,0.596962492407636,1.274187072993167,0.060828799580813844,1.7117212096352568,0.3154563402543794,-0.10373140408932806,-0.08006569483253091,-0.06788738290674738,1.1029770369850511,-0.12737179948470842,0.00617015503573501,-0.6648676143134127,-0.07200595920450446,0.09128225249266914,0.47399890983183285,0.30096066683450107,0.09699772709298492
0.05471447457280332,2.0530351208519972,0.6812248326648446,0.050805576858088765,0.025354538723922435,-0.7834401171410622,0.6188679371079208,0.0594225756090913,0.057344415915183626,-0.3644627340129914,-1.3676530754673424,0.7742105214379725,-1.6030744312337786,0.5992431090534801,1.270821738767913,0.053451490662076745,1.7148666168971043,0.3226108622054242,-0.09441825933752829,-0.08345173764203671,-0.06487632433253589,1.0602029316096238,-0.11751975740044779,0.010101349371819505,-0.6722519307893313,-0.07205727289759234,0.10578216743184851,0.44247296542267234,0.3354068662604988,0.11238424763283418
0.05634528390811468,2.064912721728834,0.6832450713547481,0.0516822665766095,0.026396556418676536,-0.7871877087806568,0.6139769346444545,0.06259505978696203,0.05648037743492265,-0.39106626411178264,-1.3725428590223132,0.7895122685761935,-1.6057513784131479,0.5997607743171658,1.267404798954868,0.048272672473648116,1.7174579120030027,0.328538487136907,-0.08607768316669397,-0.0863340877321516,-0.06176915938931126,1.0180002894464881,-0.10708447953255115,0.014194078670748364,-0.6773596000498688,-0.07178342877726866,0.12352913138804876,0.414321661943054,0.34669712242547124,0.13159313093679906
0.05794402103786286,2.0765907448476666,0.6845295270486472,0.05243596601549648,0.02742842346335169,-0.7905092742170068,0.6095844801430224,0.06433620054073519,0.056064988887733626,-0.41366506728104935,-1.3779124093403614,0.8004753575319093,-1.6083414860478191,0.5985085617898037,1.2638667318031083,0.04544864037471005,1.719310850068449,0.3336680835410294,-0.07980984187712797,-0.0886842068972834,-0.058922189404507906,0.9785988665191983,-0.09780192937802994,0.018001345592881773,-0.6834728682573631,-0.07290619849754819,0.13570166363844713,0.395578960353197,0.3403752615804853,0.14934549070920747
0.05933412933277404,2.0883692649957193,0.685327281540513,0.05299441585220314,0.028588934882760757,-0.7933350419532048,0.605800112165606,0.06598014895266503,0.05575218051526593,-0.4318473549375259,-1.3833092445786261,0.8080917853665582,-1.6100678589753412,0.5942836890506304,1.2610676253852005,0.0449438846489262,1.7192308723897478,0.33723869605152873,-0.07588702514357135,-0.08982974544088808,-0.05583734457125764,0.9420782182820278,-0.08970495526608784,0.021789472823225516,-0.6921299594622782,-0.07559384595458227,0.1346391122713814,0.38934703558768347,0.32652792948009696,0.1643828464163391
0.06046638443474813,2.1004566703821053,0.6857780917709034,0.053280798743748525,0.029903875070713324,-0.7956561106756834,0.6026593302068997,0.06742277906152662,0.05560440969724037,-0.44502633724031065,-1.388655112492048,0.8113215925190946,-1.6112325348006167,0.5866617608801059,1.2591778313531792,0.04728648194610648,1.7168119730250508,0.3392106155585728,-0.07466543377571465,-0.08931107459417033,-0.05211329708978917,0.9091080830875099,-0.08334676546926995,0.024326112237487228,-0.7043525249850785,-0.08058064588125932,0.11246550716488271,0.39932690826830836,0.30812650228098837,0.17623437526996158
0.06138377124226367,2.1126938763417082,0.6858675483175609,0.053285050842906446,0.03133350548965687,-0.7974837916942035,0.6001654078464004,0.06861208931270704,0.05566387296323565,-0.453212254208502,-1.3940604798489589,0.810305361813149,-1.6122121051762066,0.5762302286147717,1.2580249782368025,0.05226722866501648,1.7125252670870699,0.3394212956507655,-0.07565130576867059,-0.08735641356305922,-0.04768425426537329,0.8791116106589809,-0.07832437534674051,0.02587870209158649,-0.7192315886335917,-0.08757043924494531,0.07309022087929913,0.42441102456877383,0.28430949594459043,0.18509081167529043
0.062171992118605926,2.1250949363582743,0.6855208045492407,0.05311701531969038,0.03293119633822863,-0.7988183928093596,0.5983170516546672,0.06952113733498598,0.05592262319583226,-0.4571371614538078,-1.3993573390622511,0.8061669920519186,-1.6122500694355473,0.5632767275542866,1.257631094005545,0.059412153837216285,1.7064493844299344,0.33808561294172906,-0.0794456196649662,-0.08471162807655097,-0.043545400572210666,0.8529745218962419,-0.07530758178446977,0.028176368333315414,-0.7374366832554122,-0.09580920562470112,0.027341033107535644,0.46385566376908344,0.2564879179973668,0.18820450870250152
0.06283650761676576,2.137676064174633,0.684798553477601,0.05289817378987746,0.03473778552415024,-0.7996738200014416,0.5970903206976957,0.07014489060286729,0.05633951481564506,-0.4572595214963717,-1.4042411029524446,0.7999592618451928,-1.6108411789622106,0.5480211758420755,1.258168181306714,0.06820012117092543,1.6985886268084123,0.335601889499434,-0.08650413315896854,-0.08206178533779974,-0.04099349699971191,0.8314200805634496,-0.07508462034271206,0.03316298613420598,-0.7593787578321585,-0.10408713723357058,-0.012664662515150072,0.5157308031693844,0.22686198930134052,0.18339679039558038
0.06331352893083197,2.150444974431124,0.6836799496772569,0.05272350326023235,0.03691988434812254,-0.8000779919614194,0.5964330315489526,0.07046171298758112,0.056843107651031274,-0.45344715865128815,-1.4084278212138013,0.7915475411151857,-1.6080260098765427,0.5301119750357346,1.2598916419787551,0.0787235667920748,1.6887461816675622,0.3321448742351243,-0.09796163565908277,-0.07926079507177486,-0.03991077913955371,0.8153083877302025,-0.07597735104592544,0.044499113341361654,-0.7865055618567776,-0.11186080519164332,-0.04288066803408827,0.5811073483104434,0.1951006243775154,0.16814588241544606
0.06369211917635863,2.163344741982505,0.6821254896414878,0.05257623493523741,0.03935545048817519,-0.8000218702406882,0.5963655717540212,0.07045916228923241,0.05739733980422015,-0.4454830238114042,-1.4122644383813243,0.7805247252692105,-1.6041091632892475,0.5097564893966198,1.2625964784411607,0.09090425508930419,1.6772020286008928,0.32764175059928435,-0.11319584099723262,-0.07626538850304805,-0.03990832624513453,0.8039805029005818,-0.07770884755517647,0.06061568961958012,-0.8179822906995012,-0.12042757099716374,-0.06710428450088365,0.6594846492893188,0.16041641701567605,0.14459482467812784
0.06385515084515167,2.1764191093754337,0.6798878103259686,0.052332845422698886,0.041709129604591506,-0.7994551456669632,0.596986676454515,0.07015091012430993,0.058031321252513424,-0.4339642868257596,-1.4156728247942967,0.7677859794573589,-1.599230983842155,0.4884443026178704,1.266167929380704,0.10378870500414406,1.6649705579734912,0.32190446048909555,-0.13040268672407246,-0.07355664706874808,-0.04210450560752194,0.7968038526819367,-0.08458434019811979,0.07526851678613984,-0.8510078561986567,-0.12963114475842785,-0.08571196072856142,0.74605522854969,0.12465295803782782,0.1184494580779259
0.06382592928131565,2.189387070755232,0.6770499544474728,0.051842137423661575,0.04358462993227599,-0.7983683784254273,0.5983483142379262,0.0695675898114663,0.05885132875561754,-0.419015810670314,-1.4189659543073094,0.7539440519625373,-1.5934457310841832,0.46785713991764555,1.270078234470434,0.11659329593970422,1.6532307574537966,0.31492987876356376,-0.14663479795332085,-0.07185281756251743,-0.04802571852144813,0.7917600714363556,-0.10148444364235172,0.08158699862384167,-0.8820308111501047,-0.13890675194454644,-0.09891278956744988,0.835200471397216,0.09021121069282416,0.09578452926910921
0.0637266724105461,2.2022170536190555,0.6721313290626588,0.05080563733373228,0.04499016427464798,-0.796668759601786,0.6005943388079904,0.06871832006191587,0.05998099854788673,-0.40160322746259985,-1.4220529621387261,0.73989467923478,-1.5856565327584082,0.4500953747020959,1.2737489245344296,0.12891058602177463,1.6432131892127735,0.3063602621577043,-0.15658629024906714,-0.07008814864580203,-0.059267017988565956,0.7756253253234776,-0.10833978248929906,0.07510045371522786,-0.912419849474816,-0.14675379607089684,-0.10608252361211912,0.9294406719602567,0.05679577977233094,0.07889798537899792
0.06354492225096724,2.2148150426393522,0.6672508857117708,0.04974930455767525,0.045863173940173904,-0.7947515698890848,0.6031513227466208,0.06700657729668197,0.06245280256043207,-0.3791773427913674,-1.4247436357801804,0.7223568157265723,-1.577637039283056,0.4306846638353515,1.277732321539591,0.14317041672213665,1.6309569553677477,0.2980623596373233,-0.17217293482978419,-0.07092528783977917,-0.07576880024599289,0.7795338057026863,-0.1657737659371705,0.05890008615410586,-0.9411321865742595,-0.15357844991769742,-0.10754055186829804,1.027278836376781,0.022704206789624634,0.06402557571673942
0.06331646319650162,2.227305161907343,0.6623925452896849,0.04857105981890469,0.0464873702093455,-0.7922152426834047,0.6065268220113282,0.06506705247523124,0.06533138263948647,-0.3542117439879204,-1.427204929239608,0.7048049680506568,-1.569033619578844,0.41180571138924915,1.2822564850978964,0.15643975035337554,1.6207269865281535,0.28747129579015174,-0.18750542747095716,-0.07126666681173441,-0.0916866605776779,0.7846964352298472,-0.22740758689880214,0.04055835545945824,-0.9659712208155352,-0.1579735739994613,-0.10545791720453644,1.1220077570101599,-0.005863008048493678,0.05287660936995758
0.06292397095210633,2.239776409158628,0.6575670332156053,0.04759719966573173,0.046897276795272946,-0.7890608237509884,0.6106702616261732,0.06370648644656593,0.06725979263098722,-0.32757336446234203,-1.4290813978217258,0.6876104995246497,-1.5604310028329968,0.3936412469623557,1.2873311690418776,0.16806482983309426,1.613911874070903,0.2751668988888915,-0.20511128820266358,-0.07142227400873218,-0.10441798273727279,0.7915838053488408,-0.2804517754520827,0.02628860183412959,-0.9861039053021199,-0.16186527654370875,-0.10278722850366148,1.2104858273464032,-0.028577309072684638,0.04366266856773954
0.06252311332830432,2.2522200624653665,0.6528022329733999,0.04696311964817335,0.0470478938145808,-0.7855160083089704,0.6152605641278043,0.062078305450189344,0.06945836338667473,-0.2988963464011066,-1.430733033701182,0.668030213695373,-1.5513591719876287,0.37431933602479667,1.292326963762294,0.1802590306688636,1.6079550756586038,0.2633693048243781,-0.2289647626942804,-0.07286080162748919,-0.1152868549782666,0.8070391723892166,-0.330023247189839,0.013941514538392437,-1.003606463862567,-0.16778704073866918,-0.10041203663347709,1.2969846451745644,-0.05123300356810746,0.0344416632391468
0.062088262100713894,2.2645841848414423,0.6481926732807824,0.04649280035457278,0.046917841702902405,-0.7814758440395491,0.620429400357369,0.06020557774609764,0.07188605663060182,-0.26808567006751227,-1.4322398783318424,0.647229079606266,-1.5417268709176417,0.354343795580238,1.2975174307976471,0.19239192130607244,1.6031831399201488,0.2510126262333938,-0.2573205225515348,-0.07520843129650227,-0.12474565759429754,0.8291639192133187,-0.3759788150689038,0.00220555502490019,-1.017976232427176,-0.17418019767318424,-0.0974451917494223,1.3813466661260303,-0.07293961284269246,0.02636586743746422
0.06158133888541818,2.2768812142875654,0.6439244652176938,0.04616194725181299,0.04661518643542481,-0.7769073967249541,0.6261876683020555,0.05809019534541957,0.07448266185125343,-0.2347461059358243,-1.4332748852746975,0.6252757623522097,-1.532283861270679,0.33395542750928325,1.3033077660797907,0.20427488094272422,1.5998650483020496,0.23756131510253842,-0.287802401748051,-0.07784918636992305,-0.13219214133462281,0.853555990374653,-0.41655579965305695,-0.007979062040603304,-1.0280159440723406,-0.17995384303507914,-0.09413642014002274,1.4610552451515424,-0.09336204493139072,0.01965861124099646
0.06081834780227219,2.2890777832773455,0.6403412446272251,0.0459208348116739,0.04626480198350166,-0.7718069732043702,0.6325067913791395,0.05571883637413149,0.07717937079640586,-0.1980707048497528,-1.433159877109718,0.601966911577893,-1.524298286627328,0.3134613084595116,1.3102997840575454,0.21574943030873683,1.598295913328167,0.2226195474463387,-0.31751485197611484,-0.0798768400024601,-0.13691984475715438,0.8748288508124025,-0.44964379218561756,-0.015422664246730505,-1.0321456354779484,-0.1840660369814897,-0.09118000674427834,1.532761298904986,-0.11237503672438624,0.014296372796501715
0.05990868171059743,2.3010669553920122,0.637447068282242,0.045861748454989866,0.045873870812232,-0.7660682108733685,0.6394777433927075,0.05308476427601769,0.07991825148595035,-0.1569234445195977,-1.4320787185871557,0.5768757624380637,-1.5178194954230098,0.2939359933297829,1.3182966577269282,0.22622684045127855,1.5996941911809948,0.206232487658486,-0.34601827430227905,-0.08125936706176577,-0.1382366777430756,0.8918932671108336,-0.47420422063090945,-0.01901119599747673,-1.029870456311341,-0.1871695219514528,-0.08884664561472114,1.5958727128259018,-0.1304969010483489,0.010008727351724702
0.05880264666077706,2.312575813080222,0.6353340634825289,0.04589079027807439,0.04539175895575019,-0.7596967737827263,0.6470660209674693,0.05016030214460962,0.08268787003803192,-0.11090090163257878,-1.4299856051205908,0.549966197942655,-1.5133289785989283,0.2756164384553502,1.3272895527070896,0.23562883115889297,1.6041881329165044,0.18850333715721862,-0.3736666944471654,-0.08201290459842182,-0.13679666258796305,0.9061147639305313,-0.4910090131235799,-0.01956854390063635,-1.0212059939908023,-0.18932863836893823,-0.08720694424366383,1.6512412001523946,-0.14767451592017494,0.006802569029311336
0.05749311681770224,2.3238887671594,0.6337679372298839,0.0458803443228399,0.04484590371902312,-0.7528736668430572,0.6550305952386729,0.04692856490400214,0.08540558749070562,-0.06194188206817884,-1.4265433452822038,0.5217557472128277,-1.5114558955753934,0.2568242681895966,1.3370513837590041,0.24501584134229656,1.6100833328191035,0.16926149819485653,-0.4002118035999155,-0.08193993213329272,-0.13367251065317604,0.9174494212329898,-0.5013750258628474,-0.019043747429146052,-1.0074977067888244,-0.18923218336798184,-0.08566757497439198,1.6992728329328082,-0.16344951674682592,0.005035363780882304
0.05596043851162497,2.335157330616587,0.6326138335624083,0.04557253474820673,0.04439251667574251,-0.7458854383207428,0.6630289295655885,0.04338966967890172,0.08793320431326902,-0.011475783728356533,-1.4211901150126915,0.49231159115947215,-1.5132309384677718,0.23588277810250202,1.3474270138475626,0.2558650138874136,1.615641527660772,0.14895791217950438,-0.41168715363578917,-0.07851072930846284,-0.12936407356045826,0.9001041471948652,-0.5234561613758828,-0.019796579898392654,-0.9896081298213486,-0.18546339379620252,-0.08419287919974451,1.7398339623984302,-0.17747528039647337,0.005129643695477257
0.05437481814705231,2.3463251977665176,0.6321102479944942,0.04525319412796933,0.04373826913023954,-0.7390303745277553,0.6707258886908063,0.03944473618380429,0.09024741816866257,0.04187875315728109,-1.4143967547058278,0.45965797504867,-1.520020186174772,0.21192998622346945,1.3578377883582697,0.26940100323133304,1.6205780517868102,0.12683548675707612,-0.43560003853784185,-0.0763932936876782,-0.12513796161657476,0.9070822662439422,-0.521742003140443,-0.021351110141619334,-0.967831621108369,-0.17677701411097693,-0.08064786530883213,1.7723409786803355,-0.1895643262620377,0.007250884195440887
0.05266486078179133,2.3574502812631803,0.6322478444462891,0.04493177725981049,0.04315272633520883,-0.7322060535952105,0.6782280388487639,0.035131550809628286,0.09221874915383972,0.09888300820433607,-1.406094029364441,0.4237066586506285,-1.5319019583558326,0.18562506302894585,1.3684849489296431,0.28516439840470664,1.6257728125294584,0.10419482574186828,-0.45757372758385767,-0.07317394873285342,-0.1205175091312878,0.9094240117222604,-0.5149949773402638,-0.023201700894662027,-0.9422351587997523,-0.16469930605010163,-0.07643825975621735,1.7972795243053559,-0.20023217500475074,0.01125512770849679
0.05092077227531885,2.36851439726573,0.6329731777562484,0.0446228388736344,0.04252120611241022,-0.72523715138498,0.6857345138846394,0.030465524882491424,0.09383614620976452,0.1579739582858889,-1.3970252843543374,0.3862856100780822,-1.547572217156312,0.15805306201205818,1.3786541860673642,0.302288577620825,1.6307107340775946,0.08109343402721539,-0.4769353045768138,-0.06949323626791097,-0.11617874143033248,0.9065216722361346,-0.5031916811185652,-0.02546228359849718,-0.9129646044400497,-0.15049002772421657,-0.07167974353923112,1.8145755665617942,-0.20922476773049167,0.01692048320429422
0.049214641508973644,2.37941929947596,0.6343572555346672,0.0444200112122719,0.04163908400942151,-0.7179217880438588,0.6934560948889744,0.025469076570626394,0.09513772350825678,0.21640018891939428,-1.3878059888077952,0.34971193861769134,-1.564516970672467,0.13021903250684433,1.3876783767926546,0.31983821968707415,1.6347432570935068,0.057832914002728296,-0.49327908194682657,-0.06639552908317484,-0.11299659920769396,0.8980524720992076,-0.4854107084500364,-0.028327718719483037,-0.8801047125506535,-0.13573210114451334,-0.06658895871408994,1.8237972233698947,-0.21620158292568106,0.024045042849338918
0.04743160301259514,2.390182794593734,0.6364137168450728,0.044362914333955755,0.040308722328307726,-0.7102591652935092,0.7013836730724667,0.02020477573517707,0.09614173536410835,0.27291071566369385,-1.3784249302823561,0.3146343811134044,-1.580819654283091,0.10176314109181113,1.3954187368997957,0.338101406188065,1.6375591418859992,0.034325366437421484,-0.5063303360336646,-0.06442454668333325,-0.11077853663005395,0.8840141604465426,-0.46108874193559,-0.03148964305756204,-0.8432144016338542,-0.12083826737341645,-0.060761400477182835,1.8244910330161588,-0.22146715361822522,0.033303483545608095
0.04546405779458363,2.400792365768972,0.6391566739509373,0.044427495998151066,0.03863667446961674,-0.7022986100240131,0.7094434912969476,0.014743965517036136,0.09683714921985782,0.3281502256018183,-1.3688037253606309,0.2801825644765842,-1.5968317759519752,0.07254552668431927,1.4021011574554976,0.35733789218622947,1.63970478087457,0.010458563789350825,-0.5161523031134395,-0.06309579150815976,-0.10925895602024588,0.8642603945332948,-0.4306001885041544,-0.03493515666436217,-0.8024793185504977,-0.1054035678362559,-0.05402932022391674,1.8167554470992082,-0.22514705806015137,0.044406678258043834
0.04336253331148435,2.411304351953449,0.6424759714056202,0.04453451041444091,0.03696064701066922,-0.693910600974548,0.7177316112655483,0.009157853749154126,0.09720047687851079,0.38155303889272124,-1.3590348865855824,0.24652520297708552,-1.6129899262814331,0.043521262316858295,1.40776623568539,0.3766119311221164,1.6415320132303206,-0.01335725755020451,-0.523203750925804,-0.0620166172421467,-0.10932428247700264,0.8386255528792407,-0.3946536514354362,-0.03920238016458521,-0.7595854482357468,-0.08974873021530727,-0.047251131559920986,1.8016050362440548,-0.22678414257295357,0.05567162773729828
0.041074656101846053,2.4216190128691366,0.6463092563861887,0.04459045582454577,0.035582637619690424,-0.6849504188521796,0.7263528693848526,0.003503349486284515,0.09719425340251557,0.4322108730822511,-1.3490425184844774,0.2139647594488564,-1.6295287154727058,0.01608955518120286,1.4127711832438692,0.3947059643845144,1.643573750575203,-0.03669164781216816,-0.5276721790582332,-0.06072953132818958,-0.11202660405387077,0.8067845379799047,-0.3538180159794657,-0.044869600535765976,-0.7162349768521014,-0.0740881354632149,-0.041628599785267735,1.7800404476314164,-0.2258368153768273,0.0653312644541407
0.038471702194121014,2.4319333438043325,0.6505015222103279,0.04465398631561564,0.03451287593430925,-0.6753117833984613,0.7353698920298933,-0.0020928622054912243,0.09674193366637007,0.4790924500918483,-1.3386122979931647,0.1821826987412868,-1.6457544206809713,-0.0101079547460175,1.4172006664523502,0.4117441422451509,1.6454516246915623,-0.05938377375971762,-0.5291481391903066,-0.059370242181891866,-0.11852602650912988,0.7675161335081433,-0.30836065508192634,-0.052769398653731696,-0.6731487523279904,-0.05842662736046806,-0.037358846244176576,1.7523695909100654,-0.2222607731857735,0.07264814367998243
0.03580551363812378,2.442485614608242,0.6549606579691636,0.04483116381995478,0.03356983269035572,-0.6651350602319428,0.7446197584901565,-0.00751728850165316,0.09580216120278114,0.5223209352152982,-1.3283198820309512,0.15083512142683272,-1.6610749923549848,-0.03582586313492391,1.4204728469777401,0.4285645718823655,1.6469936695307539,-0.08141633628994022,-0.5277824392273329,-0.058447031863050315,-0.12809547494850992,0.7212480898940316,-0.25799751141612826,-0.062453151651766944,-0.6300275788643889,-0.043007221836882555,-0.033472066987122455,1.7185783698856072,-0.21664668415660124,0.07836015463495107
0.03290134243493319,2.4530391112895527,0.6597129633243616,0.04499757765327375,0.032831768284598696,-0.6546596910174083,0.7538686768619816,-0.012764582211686522,0.09439805393004659,0.5626735983681114,-1.3180457521000741,0.12038592967221375,-1.6761104022725901,-0.06015283628844717,1.4231995271820328,0.4446875358268681,1.6487369244225034,-0.10257512808222788,-0.5245109972093007,-0.0573399314925002,-0.13916888964448382,0.6703119010250052,-0.20249577539203512,-0.07238391028961619,-0.5869117476182372,-0.02780055938434388,-0.03033104994114063,1.6792552677941788,-0.20940462029925597,0.08319052128848736
0.03003924425176902,2.4637198852347266,0.6645560519924338,0.04513277624961235,0.032401781740410085,-0.6441611081992946,0.7628693359491553,-0.017805705847980257,0.09258094796352691,0.6000848409853791,-1.3085598009804624,0.0915667608695774,-1.6907340285687116,-0.08269670601618129,1.4249443186993993,0.45979613335543673,1.6513214744409086,-0.12245630004415999,-0.5211433864308551,-0.05590305508960913,-0.15003615119959485,0.6177869714731293,-0.14210271333128474,-0.0811933788182402,-0.5452488527070719,-0.013305444925121257,-0.027791578995431474,1.6362783584478433,-0.20133465210121926,0.08779201109853309
0.02701415759325846,2.474434451332701,0.6696250352106161,0.04529424219774113,0.03229007562159921,-0.6336370681702025,0.771628050605182,-0.02264009984416171,0.09039693384790187,0.633801950600712,-1.2993824895222714,0.06464665024156702,-1.7045415295348176,-0.10324520868919781,1.426061850503443,0.4739706523359673,1.6549947066481063,-0.14079686431539995,-0.5238516768391851,-0.05487551750713825,-0.16077129009914187,0.5706117753281353,-0.06696425900045846,-0.08790230638673195,-0.5049325319728294,0.0008053137983046463,-0.026021359814729392,1.5887977143105037,-0.1920809912431864,0.09335056467760479
0.023889295300147637,2.4850465218448323,0.6747388947236282,0.04552112418352954,0.03252264721437899,-0.6230307812093134,0.7801940465915825,-0.027234091816453403,0.08785887683871907,0.6642238499015777,-1.2902987665210266,0.03902337984821248,-1.7178862319434012,-0.12176786176399089,1.4261624657589733,0.48742104177399326,1.660053128843508,-0.15763188682628246,-0.5250883065465246,-0.053304836790874485,-0.17123772358374892,0.5201232207340237,0.01470262036676321,-0.0934623315105801,-0.4657510202507851,0.014652788211616797,-0.024962055780624045,1.5367766679578998,-0.18183406048299677,0.09935689780031792
0.020750637646329787,2.495726627393562,0.6796251973548059,0.0457780165450551,0.03293948850238048,-0.6125324692980695,0.7884309337881225,-0.03155510287369505,0.08501877955043526,0.6919177719682524,-1.2814868667267434,0.015000453154986776,-1.7306288974810593,-0.13826083454352303,1.4252080029782526,0.49987162834160526,1.6659027805036375,-0.17324462621142056,-0.5266726862100208,-0.051637785762063064,-0.1817233195079029,0.4703216561004979,0.09658027943971478,-0.10008470751286323,-0.42817054247847797,0.027458679423884767,-0.02459542302591151,1.4823627789020257,-0.17179313417508743,0.10411540048238789
0.017572854943709262,2.5063024108657017,0.6839101472293004,0.04585536434196512,0.03340665955191779,-0.602360271657765,0.796205616525675,-0.03562935615350355,0.08193253830379968,0.7182208853524468,-1.272987512499077,-0.007365072580404882,-1.743203947166619,-0.15173953827410144,1.4237393270685328,0.5107683983354155,1.6724142345305923,-0.18786251687747646,-0.5277732104130705,-0.049590723204093135,-0.19278643126907807,0.4229944414513466,0.169615089603743,-0.1100450530985102,-0.39194866895527264,0.03865886029450906,-0.025379971311185766,1.427732402200278,-0.16312575142413505,0.1057781355552358
0.014286671826303537,2.51683603296846,0.6872626425433604,0.045566428244973645,0.03404974596132745,-0.5925397580544093,0.8035303046816501,-0.03942285230702227,0.0786651578057102,0.7434373782260559,-1.2644821251920864,-0.02828626022759874,-1.7558438794607412,-0.16214550947107897,1.4223496218977192,0.5201488388257127,1.6795520308278005,-0.20129015477064974,-0.5271281519155577,-0.04667985138906614,-0.20696126161774525,0.37496571301669257,0.2322038058603021,-0.12659998500393485,-0.35704900685825397,0.04884759031270281,-0.028070329113835134,1.3731783965067093,-0.15661277995984635,0.10323387782513688
0.010877822351679882,2.527214479983122,0.6900547740253671,0.04494739215060304,0.03488545016293441,-0.5829982269202394,0.8104787503159137,-0.04292873825498027,0.07528594595431942,0.766727298369642,-1.2558591810595414,-0.047744449389693154,-1.7680037671634126,-0.1694697013097769,1.4211582422823101,0.5280658754198059,1.6873438421381182,-0.2135118092349003,-0.5270631977161415,-0.04282393904072055,-0.22377284334947936,0.3272421758566414,0.2771090157988683,-0.14842201924271917,-0.3227905883906068,0.058525493192932466,-0.03256467846845291,1.3168731814708405,-0.15139196724102644,0.09761816859395173
0.007883321639119138,2.5376763166271346,0.692642815807273,0.04424877712713986,0.03576146364378116,-0.5738973928105455,0.8169485577232292,-0.04610497088402037,0.07191441294045792,0.7875042748905798,-1.2482718347449193,-0.06549794100456645,-1.7790384627747395,-0.17419810872339944,1.418961582259174,0.534553889748997,1.6956153859332046,-0.22523024461705857,-0.5261256896938709,-0.03754777702091649,-0.2388199089893513,0.2848501341249911,0.3117652823546871,-0.16964872012372134,-0.29023289972991695,0.06689190582643129,-0.03749117759533692,1.2604436853327983,-0.14675802213775213,0.09051400996562109
0.005165570830003158,2.5481411387503194,0.6946615438952592,0.04375670743459126,0.03634263369742104,-0.5655296073335992,0.8227641379882341,-0.04896472476254231,0.06864486681430583,0.8060990544175208,-1.2417798802580335,-0.0811831789174358,-1.7888921374291202,-0.17689848413272033,1.415763694889061,0.5398168679972495,1.7031823166103877,-0.23588911526923909,-0.5277558514528857,-0.03217920909094162,-0.24626280813251938,0.25690770665234264,0.3307410990181152,-0.18363641261827338,-0.2601372550758528,0.07275223228323524,-0.04284693452905741,1.2066340320282396,-0.1420100423907597,0.08389309572113893
0.0028719539503615915,2.5587834838678902,0.6962258709316564,0.04359180172329847,0.036526112145185204,-0.5581424313395538,0.82779382958104,-0.05150294305122373,0.0655833597249405,0.8220655221503557,-1.2373467198058568,-0.09467736548809882,-1.7972447273935592,-0.17852034254439428,1.4109829339412394,0.5447486082376145,1.7098571078325684,-0.2450816728523894,-0.5327668882464084,-0.02782552782559254,-0.24264400537664776,0.24652690672910535,0.3307155990291683,-0.18781826105472238,-0.23289777196673964,0.07498780458924889,-0.04913526497012902,1.1558590765540324,-0.13590507405056299,0.07832060165664433
0.000993579084093375,2.5698032268497837,0.6974645575622348,0.04368324195201109,0.03644540620758995,-0.5517490869435652,0.8320675764599088,-0.05371649964686071,0.06279099636059773,0.8351443855566633,-1.234865828450751,-0.10606218532175056,-1.8040242128754074,-0.17934258440225304,1.4049612560149902,0.5496620935526376,1.7154402215354907,-0.2524118451162324,-0.540373225564408,-0.024537062078698556,-0.2301929322299843,0.25066217881570896,0.31384890616723754,-0.18480392784549088,-0.20839395415767123,0.07428117678725445,-0.05690064165376721,1.1073731348022453,-0.12853116711105034,0.07310866401722199
-0.0007450165589436829,2.5809425839049043,0.6982433641747329,0.044021325354461856,0.036103868729460926,-0.5462011435358725,0.8357170241037979,-0.05563119471829416,0.06028177223866934,0.8450746159849284,-1.233553275629068,-0.1150696876757092,-1.8089545634835682,-0.1783008086676777,1.3985820283785437,0.553608582383205,1.7193799068558875,-0.25790509287862934,-0.5504422196794299,-0.02232009269961672,-0.21184837755426542,0.2679462306549084,0.28512559175858754,-0.1760701838974535,-0.18648280294143954,0.07193879344933854,-0.06533166100118516,1.0614340309596635,-0.12073974475972618,0.06800058476947593
-0.002276728434726834,2.5920896280772956,0.6985853033069195,0.04466919334128929,0.03553057610494922,-0.5413203834346622,0.8388769181507137,-0.05724677616209455,0.05807384515013994,0.8508682718760067,-1.2334156247113917,-0.12129002549102838,-1.8112451708704735,-0.17438726176914013,1.3920150353505916,0.5556540266084562,1.721468676527274,-0.2618348893758264,-0.5624595080584938,-0.021018457423737827,-0.1904418203784317,0.2957631685167636,0.25123725776714756,-0.16311354175601053,-0.16768806205716547,0.0688761659156033,-0.07295183624273593,1.0187798334966953,-0.11355523163362664,0.0625434383283327
-0.003587304691823519,2.6034377545262353,0.6985267353375307,0.045579142865991684,0.03472939455465502,-0.5370563843080727,0.8415977964345013,-0.058531288230053984,0.05620283112848959,0.8516256589176431,-1.2343167891628328,-0.12448711996436987,-1.8099602637736871,-0.16752546852773667,1.385596034841575,0.5554756940996153,1.7211742532583947,-0.26416174409677834,-0.5765347013567376,-0.019795404376530962,-0.16538261540525429,0.33435006550318286,0.21306058105563622,-0.1443941535571216,-0.15240767247776035,0.06505943293730698,-0.07993550062518075,0.9797922615633166,-0.10818542238727707,0.055660097160378286
-0.004804961141429301,2.6148899376676673,0.6981313897553757,0.046569752931258146,0.03372903571264521,-0.5335183986569414,0.8438315759417571,-0.0594987962065804,0.05468323743150824,0.8479826627027357,-1.2359754439190989,-0.12499263180612392,-1.8054679471232398,-0.15805804878251675,1.3800003675120558,0.5533993382653002,1.7184214749647424,-0.2649573726592104,-0.5924290236357097,-0.017225753605964608,-0.13651485088163673,0.38430222598935493,0.16864094183733544,-0.11984489238714029,-0.1400466950564065,0.06054968451399314,-0.08672930820397735,0.9438227456175168,-0.10429130193022297,0.04764762242137176
-0.005813076966695958,2.626463144830913,0.6973729745113647,0.047633381999281355,0.03268688127947914,-0.5307885909961625,0.8455330273737627,-0.06017600194437812,0.05351088013382507,0.84103679550668,-1.2386288367267104,-0.12333637602622576,-1.79900071415888,-0.14663816792677156,1.3752398517979432,0.5499201886597502,1.7135480943955776,-0.264545533557921,-0.6097644771933464,-0.012898467407499923,-0.10732916135907013,0.4432818948862516,0.12098113646766748,-0.09331591777780798,-0.13099017662704884,0.05596837218714019,-0.09214562130691265,0.9114092094442926,-0.10084662109720997,0.04010728141437742
-0.006665943160065842,2.638207532758971,0.6962816579301674,0.04881854974273831,0.03174642856377687,-0.5289241903492595,0.8466688339237723,-0.060594995317031386,0.05266283859427638,0.8316321052848593,-1.2422116317829628,-0.11984014184223231,-1.7916693249190512,-0.1341728936577629,1.37151794727652,0.5454816415119234,1.706595087586698,-0.2632232474589958,-0.628011136096547,-0.007358040371174546,-0.08151006565910772,0.5081129139435575,0.07492030746084208,-0.06872026894682237,-0.12562319184072715,0.05202730361132338,-0.09483344481409633,0.8829800166175069,-0.09619362842517419,0.03489434298597931
-0.007295449641181741,2.65014657194181,0.6947764344887897,0.05024623317012322,0.030913379429717683,-0.527896597603675,0.8472572580172512,-0.060771326052324826,0.0521325626375721,0.8198025219992398,-1.2469608975448414,-0.11426139687560828,-1.7835031168150823,-0.12055979674995981,1.3685825967147822,0.5398895579812667,1.697211551139567,-0.2610260714907731,-0.647950375192814,-0.001563563294174456,-0.0585757835704115,0.5798811642229644,0.032190061793190256,-0.045193455771913804,-0.12449288726477802,0.0487274099139364,-0.09368884715542329,0.8587664226109382,-0.08626140392455436,0.03536485414532686
-0.007878145098430727,2.6622721255181756,0.692827981427319,0.05186387634623374,0.03014601426379523,-0.5276897568195221,0.8473162790257853,-0.06071552618356995,0.05190941434597937,0.8053746518777846,-1.2526796175904147,-0.1066935993362077,-1.7742264427392618,-0.10571810590489338,1.366725951857867,0.53303925614601,1.6851818258771145,-0.2578882795649006,-0.6693731393081078,0.00483644555203514,-0.03745522547349813,0.6590015177391377,-0.008201263734974634,-0.021175654107057247,-0.1272139615575772,0.045966895105649344,-0.0892064349655534,0.838234875236514,-0.07094731649376963,0.03988718033027465
-0.008239855009771195,2.6744339683021425,0.6903586171923354,0.05354861510925548,0.02940642463214206,-0.5283475092465589,0.8468274425661888,-0.06045227099422447,0.051970994551092733,0.7896528256710151,-1.2595286220614816,-0.09807041542739246,-1.7651348537575529,-0.08970562240256177,1.3656818226079013,0.525403120906715,1.6717974622067369,-0.2538216688059383,-0.6906139849003855,0.011311682070151879,-0.02037643328608279,0.7420334821243468,-0.04587759117287813,7.2795287130722475e-06,-0.1326831350075006,0.043323965704768416,-0.08259432995886033,0.8213469464371018,-0.056514875742727184,0.042327773322329634
-0.008592619849804363,2.686602895023152,0.6873158646754012,0.05518585627092615,0.028720408395416213,-0.5298865017555394,0.8457836334822999,-0.06000052086144209,0.052283147201084845,0.7736453097308106,-1.2668136290434344,-0.08919025396076481,-1.757505429843965,-0.07340234976152557,1.3657411034277875,0.5175471065922344,1.6576882932889527,-0.24880513686543293,-0.7099906457616869,0.016937940875967637,-0.010252108274405331,0.8243684061749388,-0.0799999603027169,0.014261208207908946,-0.14016462930546766,0.04060023949426203,-0.07571532665859666,0.8085226350244749,-0.05159301555470354,0.03633702196240243
-0.008920001732107972,2.6988655406802615,0.6836942760067399,0.056886130906218954,0.028075580204699378,-0.532189578589729,0.8442452145835214,-0.05937152041424356,0.052794996993272864,0.7575681101005091,-1.2745974702281853,-0.0801398191591684,-1.7518963319442316,-0.05673142629188017,1.3664302482936825,0.5091164932902409,1.6428891759888362,-0.24321061583638834,-0.7276127408361661,0.019489724533561938,-0.008790717190906822,0.905254644536013,-0.11038089539494833,0.018715402519060276,-0.1497337323343596,0.037180356936639895,-0.06959637219458295,0.8001728162081194,-0.06126598514213835,0.014841928710353471
-0.008987998276175033,2.71139771924283,0.6793119916905715,0.05872073055017018,0.02746936003810631,-0.5352059508636393,0.842230313051542,-0.05858026936418784,0.05346818644738232,0.7413079725271879,-1.2831724873972612,-0.07061955381868353,-1.7481119773505929,-0.039353807964908824,1.3671908283937915,0.4998685791951484,1.6274609532220863,-0.2369532843096811,-0.7443903532515702,0.017915951755424223,-0.014010327872188325,0.9866057045214925,-0.13772266822950108,0.01472831565404039,-0.16209230939110522,0.033109325208086376,-0.06319248893054713,0.796854545561433,-0.08425561060556357,-0.018011698489370134
-0.008944431568703535,2.7238133306555827,0.6745235258953691,0.060409050968713976,0.02689292194298568,-0.5389664440117754,0.8397277472727271,-0.05763656998152391,0.05433880464498957,0.7246359561649939,-1.2917249682177043,-0.06041591856968757,-1.7455996484949123,-0.021121312922362835,1.3688530083348445,0.49016209809672273,1.6120640405762483,-0.22962518314328148,-0.7584172870427536,0.013684621338074104,-0.022820361189840425,1.0664828456244173,-0.16204688548120458,0.004849193052001186,-0.1760280354951073,0.02961994674017841,-0.054890470004483556,0.7970470001727507,-0.11766023815914242,-0.050885145342496316
-0.008919472103273915,2.7359818688292803,0.6695699065404138,0.06179229022668445,0.026352035584404673,-0.543527048188556,0.8366992476251751,-0.05654406685589398,0.0554773340340963,0.7072960261828511,-1.2996728468837697,-0.04935973442621523,-1.7438922793329772,-0.00260772998689934,1.3714268267656815,0.4808527411545116,1.5973040812654826,-0.22073736431216304,-0.768365229240095,0.008964242189224963,-0.03197041630396583,1.1426189101403808,-0.18335821353315537,-0.007801972682692588,-0.18964426178518087,0.02725387901574231,-0.04339125019928507,0.7947107213448229,-0.14795571262302615,-0.07164979749769049
-0.008871391773120373,2.7479263343731226,0.6646617244808819,0.06266247853329125,0.025868650936062346,-0.5486816753992938,0.8332782523046168,-0.05454857312099093,0.05797458716837858,0.688877807684288,-1.3065941437316333,-0.036700256808581896,-1.7424071858978323,0.01684625239504382,1.374887431979044,0.4712450406752796,1.5835701902429333,-0.21013505340945215,-0.7742859745398791,0.003940531217791592,-0.04197065691917553,1.215702971729586,-0.20277068989442404,-0.025191176089938046,-0.209333402865091,0.02636821828574698,-0.027343204851753053,0.8082645569233532,-0.21011858580649895,-0.07407284826033848
-0.008733509847631663,2.7598425842424255,0.6594507989650702,0.06323509434501466,0.025359492479250456,-0.5545275735994843,0.8293716833255401,-0.05249958966160594,0.06099118125059404,0.6705363525824747,-1.3127485093049343,-0.023941940094323832,-1.7429003637685376,0.037283532054897026,1.3783202240006485,0.4625094224086222,1.5720649997570688,-0.1979605336807083,-0.775779539835855,-0.0021940977071132064,-0.052674237605109045,1.2847863179563648,-0.2176592435547655,-0.045938565344557904,-0.23002687295645066,0.025820165734333395,-0.008268461422328078,0.8251498910145031,-0.2789886471826198,-0.06310652455887557
-0.00863010113106072,2.7718497702997684,0.6539614942094729,0.06357804116987446,0.025102806863867073,-0.5609993474928503,0.8249893416773053,-0.05037572559992411,0.06438709763156049,0.6509290410797209,-1.3179247229762827,-0.009827638876754054,-1.7438168035012276,0.057728282988952426,1.381775782415617,0.4538128060113282,1.5607102426507216,-0.18487511905151865,-0.773439415107266,-0.008076152452597822,-0.06289533930583571,1.349791725718551,-0.23046728642311648,-0.06784175200110053,-0.25295003096036783,0.02571149775955929,0.010460039653020682,0.8445576293735079,-0.3477562198764559,-0.0486736210005682
-0.00862322496720823,2.7840121797802366,0.6485524747353357,0.06378010973990525,0.025359452945255868,-0.5681467254065417,0.8200599332717743,-0.04817041838451464,0.06784917883735968,0.6284938975471135,-1.3223038782645897,0.0062009162229923484,-1.7436505193074452,0.07678692732137356,1.3850697821054654,0.44522636938415433,1.5478765012788058,-0.1712425771422737,-0.767495646773649,-0.011803460221751213,-0.07094895194649839,1.4093081224629782,-0.24301498901392912,-0.0870693386147282,-0.2786435960209461,0.0264341180732693,0.026148711152574916,0.8643095785137581,-0.407181470637183,-0.038874246311130636
-0.008638132535117174,2.7963043606259204,0.6436836377804992,0.06383412251552864,0.026416256179829622,-0.5760642714553138,0.8144797980089945,-0.045904690698368555,0.07102554085157448,0.6025476675972244,-1.3262097863615327,0.02413474321524486,-1.742099823621754,0.0935256354544413,1.3882555276621222,0.43718724124671193,1.5327162566385852,-0.157673001563172,-0.7582926536236096,-0.011647262332484191,-0.0766759732577213,1.4631259760855722,-0.25643700813507836,-0.10291855274558287,-0.30829198773769734,0.02890725451171098,0.03856689336343526,0.8843623346159135,-0.4536109515245469,-0.03559242389242028
-0.008512557939756997,2.8085079600551057,0.6394208666861508,0.06365804780306228,0.028074123429781137,-0.5848404191127128,0.808159130812502,-0.0444830041252426,0.07269431839120237,0.574713688673472,-1.32997850379573,0.04220381914329051,-1.7410367321228166,0.108892774479301,1.3910096786451622,0.4303795400283641,1.5171563098311023,-0.14325327761748918,-0.7454568913400079,-0.008408938847685475,-0.08090091960146908,1.5114711701336192,-0.26944030555448595,-0.1157604933651386,-0.34053195576516593,0.03262557081073552,0.048376131114465155,0.9042850150692147,-0.4885709336990724,-0.03456312183188221
-0.008169179125588105,2.8202712669407193,0.6357163689214528,0.06336541000937143,0.029769230341193772,-0.5941403474158556,0.8013088451476142,-0.04286217081596002,0.07422961279056946,0.544303508463542,-1.3333855234078682,0.06296302928411153,-1.7384437400815798,0.12449371370154809,1.3929563796241395,0.4230146876518538,1.5008614040478974,-0.12753342123250055,-0.7287467899282353,-0.0039021887889498386,-0.08334393476767273,1.5544237435485144,-0.2827811051408271,-0.12703789756441836,-0.37407243499632503,0.03638371768758648,0.05621581055779321,0.9253144240680271,-0.5182147768025009,-0.034286797550845294
-0.007521558878236732,2.8314829709116234,0.6326010843048397,0.06304294045958123,0.03099858924799197,-0.6037898046715625,0.7940419050009389,-0.04099339491608498,0.07563033562009916,0.5115354430168705,-1.3366432995534392,0.08595424456460124,-1.734187169388966,0.14155646247204087,1.3930601800252809,0.4147637475224113,1.4858508855002797,-0.10945083015323968,-0.7077161943096174,0.00023150295650554452,-0.08337528240479318,1.590434634195566,-0.29478230516039283,-0.1347920256184723,-0.40533908298618526,0.03849925927226665,0.0620623916108616,0.9436716218544179,-0.5416948550659964,-0.03378201214538452
-0.0064881708197041055,2.842495153834191,0.6300165260946715,0.06275382745517616,0.031643766568376426,-0.6137180674214334,0.7863909733062763,-0.03884680349089213,0.0768642185861213,0.4762797684408738,-1.3400718926259194,0.11183898724284015,-1.7276614389362621,0.16064284153342837,1.3904456708827206,0.40501981642368295,1.4722987985937541,-0.08907307880844587,-0.6822686050252939,0.004531496486636679,-0.07992646238602956,1.6192422333719938,-0.3059183737687567,-0.13841960384362023,-0.4338551495808885,0.03821522054040024,0.06565140174893905,0.9587779553624418,-0.5597032829529234,-0.033073330222560884
-0.005171788724456871,2.8536167120235842,0.6278140523072415,0.06260199047824178,0.031911702095893814,-0.6239168517270701,0.778325379380941,-0.036427886213802406,0.0778491021565248,0.4385029483297445,-1.3434894668688693,0.14068429481204478,-1.7194419814856756,0.18144899920135887,1.3853825886967106,0.3938239647899237,1.4603592452107397,-0.06747346665475369,-0.6531034660045255,0.009950435690536271,-0.073171305402856,1.6416660765038547,-0.3166625439804788,-0.13819621456274003,-0.4497342993815794,0.035113436326319365,0.06620879584829044,0.9500327509737543,-0.5866104635728061,-0.03176726586157895
-0.0038179240276514192,2.8647279928479246,0.6262681355419749,0.06217456147878941,0.032151370851521394,-0.6341396150903398,0.7700438700686886,-0.033668451894258225,0.07861636506295898,0.39779782758088833,-1.3459325288397685,0.17218705286091193,-1.7098816179280778,0.20368317769758731,1.3793114264110204,0.3812160967268976,1.4508428333488996,-0.04398212722467519,-0.6211950223342544,0.015234055315940676,-0.06696491498566633,1.6573504028723727,-0.32486701053558564,-0.1346831019653266,-0.47835336921592586,0.0326185321975835,0.06637865217170841,0.9656695369058854,-0.5890279032720457,-0.031206518055960315
-0.0026037048136296594,2.8759836880296556,0.6253916194601625,0.06168817189525832,0.03251740910516954,-0.6441662802630725,0.7617000662500589,-0.030565428264400354,0.07907956209934729,0.35335125928318184,-1.346795246912798,0.20606792160435933,-1.6999239452941597,0.2263232149010044,1.3727591094229237,0.3675221313146622,1.4448010192646061,-0.019860510034891195,-0.5890558157838865,0.019054107796746836,-0.062476730501353,1.6670850869087923,-0.32877755227879185,-0.12847252854928343,-0.5057692444178159,0.030296161590672062,0.06674778297612638,0.9774325992068891,-0.5850121488771567,-0.030095568383315452
-0.0013327016711692505,2.8869191787767488,0.6253697577361375,0.0610274873800167,0.032990185101516925,-0.6539610797845894,0.753340692912591,-0.027069287089632483,0.07915782359521127,0.3050793339501548,-1.3460686317379271,0.24308338905402951,-1.690643174679372,0.2499466498726149,1.365791974742461,0.35237380741734303,1.4432916777018199,0.005253047121070075,-0.5565245206183489,0.020812830929332695,-0.060579651064494734,1.6705672793057011,-0.3276482145854797,-0.11884919648770567,-0.531326014882229,0.02822013350103805,0.06702418578772357,0.98504804183168,-0.5741138652955412,-0.02862363840629727
-0.00022618080155921438,2.898061869453371,0.6261035190445464,0.060262783493487806,0.03366363629040708,-0.6635686021224564,0.7449240678046136,-0.023240986272807126,0.07875907201976207,0.25238366260042044,-1.3436086847524085,0.28364483926141093,-1.681406731674858,0.2737914795661096,1.3585565134226105,0.3357851811003879,1.444960635047162,0.031189003868831142,-0.524489153717098,0.021576269579164045,-0.060556847452524896,1.668742462807917,-0.3226747742867626,-0.10588258209417843,-0.5555276024149417,0.026333225130257983,0.06682277038091461,0.9884738850292212,-0.5567473328217682,-0.026928519426037602
0.001007484288488746,2.9089857943654365,0.6276190211663624,0.05945301146165258,0.034368524847915013,-0.6729002191479349,0.7365388238230076,-0.019028369858522253,0.0779406034100509,0.19775234916408377,-1.3405224476867874,0.3263675607411059,-1.6722585405343495,0.29908602729413947,1.3506875437440107,0.31779183362917063,1.4500088751933773,0.05733004804511685,-0.4921402029372123,0.021243331650908186,-0.06147666792950941,1.6609819650927606,-0.3137703001635168,-0.09123895315726635,-0.5767577676696817,0.024022362724123326,0.06664793510952186,0.986030673259013,-0.5339954784172244,-0.024420765736186057
0.002303543880544013,2.919652152542284,0.6298813859428228,0.05871061416547489,0.0350609957955927,-0.6819332533864074,0.7282107032198601,-0.014434702439724095,0.07683951218270249,0.14305820797219287,-1.3372409500187787,0.3696112655768499,-1.6630692556763649,0.32509612288183076,1.342528774127349,0.29897439402033965,1.4569504416432557,0.08309643849688265,-0.460217043463328,0.019822548459500097,-0.06285709210536217,1.6475287716288152,-0.30096449042719287,-0.0768672602582571,-0.5939813214891941,0.021024038958650695,0.06709580518205521,0.9761074298470861,-0.5070602851540886,-0.02034188051859824
0.0036974074839602757,2.930237116770296,0.6327684072477022,0.058005198267825624,0.035609065139712265,-0.69069198463576,0.7199388681087443,-0.009512778161510235,0.07559568387697249,0.08794114549978946,-1.3340908467880224,0.4141985117428981,-1.6533767065227047,0.35113661394961854,1.3341029159871092,0.2793364780087657,1.4645611045334306,0.10885747611553753,-0.4288936998912159,0.01647766296923664,-0.06508660341310696,1.6283032375116981,-0.2834443280033974,-0.06284265893826177,-0.6065855641232136,0.01705543392910596,0.06835889403138634,0.9582690862131282,-0.4766151862153028,-0.014404585287571426
0.005315523851316881,2.9405664585820817,0.6362619993613682,0.057279750567337,0.035993557007727356,-0.6989774913962401,0.7119367672415109,-0.0013128030395571436,0.07353454018762244,0.03087627993334471,-1.3315983608687783,0.46346392441305306,-1.6417953327726933,0.37829899279433754,1.325661994161794,0.2570647673227926,1.4744664981461086,0.13416530351141606,-0.39750934190374126,0.01143424884750498,-0.06810022822948868,1.602799506164839,-0.2603509031673034,-0.04762580179099393,-0.6146084502717782,0.012176827614346089,0.07017822962404553,0.9327792528232393,-0.4407311713081876,-0.006617432902838352
0.007036127399719103,2.9510354188210766,0.6401468478352441,0.05675727915555087,0.03654905281917557,-0.7073223061415481,0.70366038202778,0.0063951053672694595,0.07163358376322844,-0.02460695199381199,-1.3295179023588122,0.5091660663942343,-1.632981387072404,0.40342163170762174,1.3172086241728205,0.23633913067075618,1.483862446261512,0.15958558245523416,-0.3676678519931693,0.00607466168057369,-0.07077297087923569,1.5731367849304045,-0.236064995505405,-0.0334306681696746,-0.620636394891204,0.007027401642356573,0.07285191446849384,0.9022012626761664,-0.4016931399859052,0.002060968482211138
0.008824382491621284,2.961598516663073,0.6443486646213616,0.056527729421464765,0.03728078167522058,-0.715512359546601,0.6953105942384258,0.013675760811153776,0.0698724685428444,-0.07701323690197028,-1.3283943177102633,0.5510094491527667,-1.6265234621466242,0.4266283027183621,1.309066778714606,0.21642941536384463,1.4934530398139452,0.18368016351269936,-0.33925943874749304,0.0015358784435620387,-0.07156880874560845,1.5400112078027808,-0.2133519906600318,-0.020464106403006128,-0.6253829853095733,0.00184968684510127,0.07650806603695103,0.8671640312547898,-0.3580050239375348,0.01170342854848899
0.010680020734179941,2.972155940037664,0.6490249830577101,0.0565932984395753,0.03815068056596761,-0.7235246723162934,0.6869161322124281,0.0205306453148678,0.06824503425038164,-0.12616338980508135,-1.3284915353158109,0.5888048792278904,-1.6218025378881433,0.4475315445252923,1.3013124944519392,0.19716183042295954,1.502768297548049,0.20637547529295241,-0.31201050372215794,-0.0017198973770417357,-0.06964150252006716,1.5029068442248523,-0.1929230543177274,-0.008858566926361128,-0.6277870493713534,-0.0034835032619419193,0.08158146563139275,0.8259509355037907,-0.30909935537552075,0.02274438711200803
0.012575737194942685,2.982750181819214,0.6540032832952735,0.05688902614636372,0.0390652641049222,-0.7312722186678078,0.6785856512255412,0.026953708622789896,0.06673855739417721,-0.17329939951699833,-1.3297764960215757,0.6242891928684912,-1.6178843665401983,0.46649035794874655,1.2938767379250988,0.17798821318147334,1.5118439912202597,0.22780788500680507,-0.2857948929045827,-0.004646008459722392,-0.06567168779710446,1.4619626852777308,-0.17424448840791748,0.0016911400598724705,-0.6275694815211321,-0.009065685959519522,0.08801092525381457,0.778674493021549,-0.25536392782554773,0.03516978565166834
0.014406905100302205,2.993499535713183,0.6591388280657696,0.057416745109514604,0.0399889358130825,-0.7387055337761328,0.6703867068805016,0.03293601287675567,0.06531009154208821,-0.21815429131014397,-1.3322425596266287,0.6571234238989626,-1.615197011828184,0.4834761398310768,1.2869500354602084,0.1594114947501183,1.5207725730135433,0.24762830643636055,-0.260815691337885,-0.008401201577031173,-0.0608614223075479,1.4183000856517667,-0.15775384450991234,0.010808032210589399,-0.6262834795644727,-0.0146032602111979,0.09520834875415873,0.7281110315558608,-0.19715760842060134,0.04815613402258504
0.016239518877193413,3.004237325979949,0.6642639914327811,0.058149978373174226,0.04081040006453867,-0.7457662359133731,0.662409097637834,0.0384956440654806,0.06392155657662894,-0.2595930224672643,-1.3361175402346943,0.6864605205432353,-1.6145744721657063,0.4989336359789686,1.2804885231438403,0.141858276120385,1.529957152485652,0.2654739873892934,-0.23679049064079916,-0.0140881293364839,-0.05662518054701504,1.3729145458754697,-0.1438230194462967,0.01813464580008235,-0.6252565600191957,-0.019979852286717482,0.10259003013074988,0.6772840712500304,-0.13496216199275565,0.06095120393337283
0.01809194036651582,3.015042978663971,0.6694049487140284,0.059023941124750574,0.04157331796947572,-0.7524414051721658,0.6546905875218048,0.04368271587143222,0.06254179990874262,-0.29789341385283313,-1.34123802818395,0.7123041910224488,-1.6158916811138486,0.5124791854131724,1.274595361689876,0.12527940111059574,1.5390705913128098,0.2808210265011022,-0.21373554385838126,-0.021753485568137547,-0.0532965266337877,1.325627243351589,-0.13299668310557283,0.023378733773742895,-0.6329050257952293,-0.024052726848528272,0.11127993340891526,0.6360998654237562,-0.05541180737559728,0.07370789774203741
0.019865274254444534,3.0258735358097395,0.6744399659738481,0.06014075472417077,0.04227674209571463,-0.7587363924036563,0.6472363197019024,0.04844904356449729,0.0611466048406287,-0.33326777050524403,-1.3471965088044133,0.7348746356865895,-1.6190471255715175,0.5244676395553831,1.2692333021829127,0.10928194660394103,1.5484729476277712,0.293934751635183,-0.19176366489371752,-0.031154391831260553,-0.05065115080118385,1.2762706716327032,-0.12514878770258434,0.02669716807199367,-0.637880993651473,-0.028285192125976476,0.11973670574451144,0.5902053593695966,0.028815464809605937,0.08694443327121062
0.021616630211968593,3.036850323598342,0.6791724169365914,0.06135715767806262,0.0430187655981023,-0.7645784041144071,0.6401597839367529,0.05279870626790638,0.059750705355804686,-0.3658267466823291,-1.3539274897608535,0.7543534199828111,-1.623212382662751,0.5346442434195148,1.2644252408085535,0.09465971681801065,1.5576025435220617,0.305129213526947,-0.17152306884726304,-0.04173620430766568,-0.049119472396309205,1.2262017348866132,-0.11919865323379637,0.028459019630245858,-0.6431393012935643,-0.03215273444628054,0.12889672768413363,0.5453506500498684,0.11122274729889547,0.10132675573223428
0.023262654864841244,3.0478805737898185,0.6832803876740706,0.06250655224744082,0.04384021687265248,-0.7698896356540812,0.6335936515015922,0.05676098422205594,0.058396530242934064,-0.3949357544162258,-1.3610571811102217,0.7707252322929112,-1.628284649156424,0.5432334861998703,1.260517918602651,0.08196725447162842,1.5662007413914676,0.31468038881254634,-0.15337590112016508,-0.05274359993475779,-0.049257074929231634,1.1770202074174985,-0.11356100698051765,0.02921550735207769,-0.6485425216568381,-0.035469113042558,0.13888199341807017,0.5042067228272503,0.1817159723483546,0.11732633106346134
0.024817358378406918,3.0590239298007824,0.6868713558672096,0.06373063171979262,0.04473829876327714,-0.7747539623412502,0.6274497502118356,0.059014815366552675,0.05760102198313279,-0.4205002131005311,-1.3685054419501206,0.783143515651145,-1.6349610846448945,0.549403691280328,1.2573961893021346,0.07169981314790419,1.573225640430254,0.3231976353393524,-0.13794720064161367,-0.06456002908845565,-0.051492515202476184,1.1290438026563625,-0.107224590351644,0.02932735039106219,-0.6551581049104569,-0.038291572879456,0.1517235122165738,0.4651090143894289,0.23176736527007774,0.13629037726219764
0.026149335505831275,3.0703071816888974,0.6901113902704894,0.06501075877931582,0.04567089185982556,-0.7790924918213554,0.6218542112643889,0.06125725876294551,0.05677433461433746,-0.443125908707689,-1.3762654656774298,0.7930670781516687,-1.64303584310267,0.5535902500153645,1.2552787771719747,0.06250584014094017,1.5796616566478612,0.3289081759345197,-0.12384965241180246,-0.07683337863959779,-0.0545745878359583,1.079997143275846,-0.09935582586994686,0.02881021335096166,-0.6589283445841885,-0.04071995870920192,0.16841029748813577,0.42445821184029303,0.2720749569054288,0.15922337471789835
0.027204376267520113,3.0816701377220075,0.6929258867550763,0.06612435862302624,0.046609259108590984,-0.782889214697864,0.6168789376140196,0.063418804925432,0.05596091690435329,-0.46223700336900436,-1.3840847518982702,0.800080267690511,-1.6512887228229929,0.5558125416674161,1.2539522878190017,0.05547933564870874,1.5852603849942335,0.333082373788665,-0.11135721320878464,-0.08872823027701844,-0.05934236770724169,1.0315107646119823,-0.09125395641407694,0.027568704101912065,-0.662997782561244,-0.04383740092936012,0.1818986645712366,0.390671725237641,0.2991891127211345,0.18027253445448874
0.02809065970095927,3.092919889505336,0.695040832025523,0.06677031966811581,0.04760401978971106,-0.7860713859037296,0.6126723088035451,0.06543504244207576,0.055213013284411167,-0.47724382130538967,-1.3918726944072826,0.8044173325669636,-1.6583464976322702,0.5561777024876746,1.2532215189062819,0.051369389089279203,1.5900614643446112,0.3359160178692049,-0.10056513822216444,-0.09907531554481668,-0.06570633821563539,0.9852964928563379,-0.08421341396602447,0.025330298163791502,-0.670267247847105,-0.04731647247248854,0.1845470577006452,0.3734156461943407,0.3103378546410696,0.1936286838289262
0.02869300688050119,3.1042566131263065,0.6966411506783523,0.06683868277462289,0.04878387013049923,-0.7886289361927709,0.6092759026085807,0.06720993818296532,0.05457080563886272,-0.4880857415430761,-1.3990825523503438,0.8060122830771286,-1.66478230207168,0.553730979131202,1.253576191449312,0.05097481256495888,1.593327346799897,0.33733947983674173,-0.09183156477499438,-0.10747503487105131,-0.07421850091183918,0.9413105658553571,-0.07888418522204611,0.02156776939023951,-0.6814217252843086,-0.05080889170380992,0.1706831359638182,0.37589296426814867,0.30363682696707694,0.19690287928750835
0.028958065302558938,3.115918366473635,0.6978278995112497,0.06648970921466868,0.05016250835660031,-0.7906079097177914,0.6066316628857956,0.06867912025892742,0.05404597491562142,-0.4950764489402348,-1.4055932699507128,0.8048766669928442,-1.6711758162166155,0.5482719774978735,1.254988101696257,0.053948045319600776,1.5948511371016931,0.3370521602001205,-0.08544838071225686,-0.11425721269100785,-0.0844529077589415,0.8992260229967107,-0.07509515868825013,0.016615344060589912,-0.6956646583682431,-0.05428528090301168,0.14367979783985027,0.394913075355622,0.2811518718955487,0.1922611924485367
0.02902153604992193,3.1277185404888557,0.6986045956882113,0.06586686262384706,0.05165032501242692,-0.7920769274126606,0.6046552252273348,0.06983759832672257,0.05363524152101037,-0.4980470097900178,-1.411683655120611,0.8011981035874313,-1.6764595822070028,0.5401344895731917,1.2569814681822795,0.059562108863198696,1.5948599517586917,0.3352486586879139,-0.08147266187745525,-0.11939699556312008,-0.09490650322687538,0.8597291859726847,-0.072016988389093,0.011484721959465111,-0.7125842306321848,-0.05791110940770369,0.11057904318953803,0.42830318553384283,0.2480135953263181,0.18123043557370896
0.02890978204210975,3.139603892325089,0.6989414181652813,0.06517164848861075,0.053214403895426504,-0.7930882104195558,0.603267746481474,0.07067947026638645,0.05331486750891433,-0.4973098389484885,-1.4172944889514503,0.7953742128410132,-1.679549038025102,0.5291681717391525,1.259415767387284,0.06710020627106256,1.593270767355932,0.3322001513964392,-0.08074900320789766,-0.12292458595140507,-0.10387119520418238,0.8244513601578201,-0.0687673656045848,0.0072795437086700925,-0.7319816567258014,-0.0616733864833248,0.0788374157537653,0.47333090454861343,0.21071224314346787,0.16536954925473993
0.02870627850929102,3.151582467927801,0.6988451696941439,0.06449652255938439,0.054884630872905626,-0.7936738544240364,0.6024198607909461,0.07118181457621708,0.053047037044931154,-0.4927221208505207,-1.4225664356622199,0.7870458379688079,-1.6802551367890415,0.5146154493756435,1.2621555136440044,0.07680333557592493,1.5897038714464637,0.32795874227613153,-0.08385500185638536,-0.12525280629936855,-0.11131974139879146,0.7936352828521418,-0.06389727909647756,0.0030962572004394704,-0.7543764488185969,-0.06592822706712115,0.049925290049406844,0.5306262614825841,0.16977318164430005,0.14223587482111336
0.02840137107024202,3.1637645186490406,0.6983547858213982,0.06381241389030715,0.05662216290685661,-0.7938082570142783,0.6021547621643423,0.07133288544461679,0.052810365339379294,-0.48428721817042014,-1.4274902991518927,0.776193560186631,-1.6792444359856382,0.49651248151434724,1.2653446520281395,0.0887042109085865,1.5841508627032925,0.3225617218305531,-0.09047211054405102,-0.12668448327502804,-0.11781864557852366,0.7666957348950284,-0.05751718590769427,-0.0011917327742922224,-0.7791291626076302,-0.07166393177086597,0.021986142764454084,0.5997308390620949,0.12374702673661474,0.11219365513964889
0.02800182255402419,3.1760978035167815,0.6974465033291387,0.06311043805383998,0.058272498943861814,-0.7934707853903854,0.6025159758939637,0.07115174049393516,0.05262061127506087,-0.472479669333632,-1.432066845888779,0.7635962295927103,-1.6764846191577831,0.4762913315324152,1.2689543155706489,0.10181770358631749,1.5774130071911443,0.3162653828837786,-0.09960621427905139,-0.12721015319432105,-0.12235501418218718,0.7437711349560531,-0.051245801438198256,-0.0034033493958329666,-0.8044358254996682,-0.0790599361881116,-0.0031435326309381274,0.6765447161810688,0.0766141360273795,0.08085856245920027
0.027436683713955926,3.188541594324794,0.6960989826316033,0.06236390947127658,0.05972728256259587,-0.7926415775921569,0.6035418162690662,0.07067046032020083,0.052519384859710264,-0.4581522217524846,-1.4360870332502507,0.7501934604560841,-1.6717422038333882,0.45552287326660285,1.2730785086722591,0.11511326511958549,1.5704700745378604,0.30922867772421186,-0.11052513918749447,-0.12653759458490754,-0.12348309154556271,0.7257172221841555,-0.04723020884760501,-0.001171445526168834,-0.828567275945646,-0.0873869817655111,-0.023701164499940655,0.7562468821408802,0.0340632024379017,0.054305590813161775
0.02679891085836651,3.200975105226263,0.6942541434414167,0.06160878423065814,0.061005073141766966,-0.7913255695961633,0.605216144579683,0.06991074347154781,0.05253652281164455,-0.4413813190453844,-1.4395811345236256,0.7360062353543878,-1.664438365504306,0.4346633958792521,1.2776349896204366,0.1285883482505919,1.5637576632509111,0.30160497909123996,-0.12364753897247137,-0.12406209378064426,-0.11861473259747254,0.713413833270412,-0.04343130991320004,0.008052194461268501,-0.8518752945253621,-0.09610414613640494,-0.03960423323381588,0.8389257598322645,-0.0006492600446289312,0.03439388206512567
0.026049566849951022,3.2133750467372137,0.6918871837676216,0.0608367074596748,0.062185464905938063,-0.789537017153631,0.6075056884705241,0.06889032445103407,0.05268408948261537,-0.42190107677227984,-1.4423385329107357,0.7207274408328961,-1.6549343117794446,0.41327847253939504,1.2828184500167765,0.14247398617098855,1.557178264816668,0.2932603845178153,-0.13922837155232426,-0.11977865508230355,-0.10842387960856945,0.7067577833508837,-0.03927815378441997,0.022837267500938792,-0.8748376273890088,-0.10482863700755173,-0.05191252607929505,0.9257171835355861,-0.028672127522078414,0.018246321860611366
0.02514018585953856,3.2255670709354813,0.6889865001361836,0.059935583486944354,0.0631807922932829,-0.7872817860452564,0.6104124037719614,0.06761950547989133,0.053005818434493375,-0.3998029243583296,-1.4443889334807711,0.704529834137228,-1.6441184048653568,0.3919812071593994,1.288525264077064,0.15626651222026747,1.5511633944743755,0.28394431488661626,-0.15572166480801194,-0.11467151366095375,-0.09717977187703222,0.7046913991087457,-0.040148791166341985,0.03901557487625134,-0.8959746914184055,-0.11300237027934437,-0.06095769624006654,1.01405536421077,-0.052078958666416444,0.0046112211073173134
0.023977092624804287,3.237818310522932,0.6853211308853266,0.05882809263536018,0.06394771453012689,-0.7845460929662688,0.6139522565595977,0.06611935090278145,0.05355803704170212,-0.37617742619475836,-1.4456690992690169,0.6879667980773612,-1.6323769034939473,0.3712035034671596,1.2945853762968496,0.16939953731332244,1.546138355483604,0.2733504978860355,-0.17238717515401314,-0.11010156131215525,-0.09004162382012953,0.7070761622221405,-0.05388486363212578,0.051824340072585864,-0.9140929118659937,-0.11989758895964785,-0.06683199144036513,1.1006006091158194,-0.07354642985213311,-0.0073414242961299435
0.02269549764872243,3.2500392412074017,0.6802736050458991,0.05714139008564412,0.0644598217228335,-0.7813082801300161,0.6181724389867422,0.06440847235477838,0.05445264253688988,-0.35089651617913376,-1.4464428349362073,0.6712026039165016,-1.6188738922179675,0.35226328678001007,1.3005678779691165,0.1817812727527748,1.5429192394883477,0.2614339474621974,-0.18353267478643945,-0.10601157287847919,-0.0906691953166017,0.7032420859605477,-0.06803085505260134,0.05978570615403773,-0.9287564620841346,-0.124314103003614,-0.06941108106649457,1.1858906289336983,-0.09540003230097172,-0.017543245714341838
0.021405794822345024,3.2620074711368656,0.6752023975889967,0.05530572688158562,0.06452377364721495,-0.7777116236869561,0.6228503749622545,0.06251076478415865,0.05575660138483823,-0.3226232027912646,-1.4469278907233492,0.6531002151834493,-1.6044614319683308,0.3337032532009773,1.3065912011197347,0.19397571026349442,1.540510787575779,0.2484452697876726,-0.19922471964212168,-0.1029312928222727,-0.09487535438183718,0.7166653924147768,-0.12762910292998958,0.06581772173272701,-0.9387133754281118,-0.12628054925930804,-0.06831488933760986,1.2677964140184441,-0.11585596985655612,-0.0251163816316504
0.020154734867522082,3.273693061946775,0.6699985145489331,0.05350236157939601,0.06444467976333582,-0.7736587011523491,0.6280418733547062,0.060409152440995706,0.0574639930006713,-0.2925749180135066,-1.4469736486399893,0.6340903408566317,-1.5897172934773685,0.3154548259343864,1.3125207794878957,0.20572039809590142,1.5393964626870758,0.23475953418626064,-0.21558427816773693,-0.10078738883823764,-0.10249261893117256,0.7329265181633331,-0.19473537410221983,0.06900019966325636,-0.945330609916302,-0.12701029155560792,-0.06553872764964035,1.3468602043501499,-0.13501193966700228,-0.030178286847590854
0.018891853502534188,3.2854385702530724,0.6647650746697996,0.05220941275080928,0.06436051949073862,-0.7691715187429633,0.6336458596927317,0.05810085969921514,0.05946051004726439,-0.2618878785085514,-1.4463897663141325,0.6143007800358787,-1.5755812068359587,0.296069760274247,1.3183356572357856,0.21693668330608817,1.5391612520769162,0.220765292788054,-0.23528453000376254,-0.10016301879219335,-0.11134433008603253,0.7509140514014235,-0.25566783055023146,0.06855026217890632,-0.9493205038366592,-0.12837602408473955,-0.0624643764621693,1.4213508795279304,-0.15250521222278696,-0.033142300187700424
0.017653123271996578,3.2972326757726744,0.6596433260312282,0.05160288286789293,0.06426585730877568,-0.7642493478766217,0.6396326886067104,0.05558231192384383,0.0616514009711721,-0.23074029369932875,-1.4454754381565382,0.5937272085900867,-1.5622711588870404,0.2750881261058654,1.323743137560612,0.22753686618955396,1.539936176610832,0.20670085427881077,-0.2603744865817424,-0.10168792606676709,-0.12156990782662311,0.7725838994338463,-0.3075046594810992,0.06202493413421012,-0.9509870129056013,-0.13132177481758125,-0.05915695940097311,1.4913475005903198,-0.16821395245878473,-0.033664985941856594
0.016514043217771765,3.3089809386318936,0.6547438464517813,0.05145368998523505,0.0640760174801426,-0.758879204958016,0.6460256450428863,0.05285690579873339,0.06398571444967124,-0.19859994386044372,-1.4443377322463515,0.572399918964672,-1.5492716494624708,0.25288044681991717,1.3287053662635766,0.23765680436963615,1.5416064880264082,0.19229408800685263,-0.28989998981619874,-0.10502332142562801,-0.13324080351333595,0.7985595332123209,-0.35422578408564614,0.0502432337616214,-0.9498263993371747,-0.13490352210232556,-0.05522423134860104,1.5574138640944815,-0.18246978610218606,-0.031686627925812616
0.015356551016902732,3.3207710980942395,0.6502606914797341,0.05154112718988574,0.06377986135994312,-0.7530774162982217,0.652801690067127,0.0499209977415359,0.06639256654439782,-0.16474186247509923,-1.4424690623957612,0.5502347524607473,-1.5368225669102142,0.22975915999580815,1.3337182363682574,0.24754059899023378,1.5435335674045552,0.17723431941611628,-0.32123633096521276,-0.109003941672419,-0.14420168068185416,0.8254153589515795,-0.3954250490809178,0.037520086732619175,-0.944699491982602,-0.13826752331068104,-0.05142997773145955,1.6179622025749176,-0.1957128368561411,-0.028281719963856863
0.01407896519736902,3.3324631574604173,0.646316460488183,0.0516282980393197,0.06332508211483708,-0.7468751316942936,0.6599257461816015,0.04674421466774552,0.06881333492737823,-0.1278293856426572,-1.4394750145419066,0.5268034550164531,-1.5256087678217631,0.20667610187222277,1.3390655206968105,0.2574007846225662,1.5455655646648214,0.16126831524361934,-0.35101181910313145,-0.11238906890824725,-0.15207885586098885,0.8487240011935121,-0.4301871889922616,0.028406610683386443,-0.9341160041833336,-0.14078809937763517,-0.04857952158779837,1.671013803090306,-0.20853453685148354,-0.024797955393317153
0.012740286116946683,3.3437953812498007,0.6429622195498182,0.051661272990655566,0.0626779378019399,-0.740209017600301,0.6674527693021269,0.04329866378717742,0.07120648752751323,-0.08656622377248918,-1.4355548859518352,0.501459574627987,-1.5152088962131427,0.18451603953263884,1.3445317935677277,0.26704134330385765,1.548234474956235,0.14455693555254026,-0.37806508299770075,-0.11493801563812585,-0.15597574624232358,0.8668356945927567,-0.45788148734569045,0.02470707692816688,-0.9171404659675202,-0.14289628527713935,-0.046870626877843345,1.7159188265602465,-0.22168139188971306,-0.02165348735525868
0.011318257751676681,3.3546387598685916,0.640213771757493,0.051702717092643694,0.06184151662167314,-0.7330516874669546,0.6753796557263329,0.03956473324908598,0.07354632011690283,-0.041264540392589484,-1.430779241847281,0.47431632194834417,-1.506028209248135,0.16316598609154007,1.3500863168400274,0.2762549310663386,1.5519099247689667,0.12710109684801527,-0.4033676695697091,-0.11700257197558385,-0.1569890049700091,0.8811423350808701,-0.4788650169400404,0.02406831337714963,-0.894413620508191,-0.14477320610674463,-0.04602972673334207,1.7533713306526963,-0.23492627200358027,-0.018392129340713728
0.009633480294227236,3.365202646972129,0.637946473706721,0.05171396532073351,0.06088343812281786,-0.7255322146682315,0.6835363035214459,0.03553979151910125,0.07577599471307092,0.006491692875687944,-1.4246909355843407,0.44596759357794413,-1.4997786928185948,0.1416940129730178,1.356081453178375,0.28550758774585744,1.5559931189394411,0.1085968009986944,-0.42718759391570665,-0.11833804330753445,-0.15605317939000113,0.8921040327595958,-0.4938588083724992,0.02471998949605592,-0.867465780068923,-0.14560744786101532,-0.04597816343260364,1.7836243088920896,-0.24728836679803914,-0.015125022039909314
0.00774292028382627,3.3755807701931957,0.636200705472465,0.05157397478030468,0.05995320553771206,-0.7178328260070616,0.6917093119062583,0.031228941125130128,0.0778193091012358,0.05543782004430537,-1.417138524727545,0.41671846810082086,-1.49830893705215,0.11946252236063615,1.3625863927449997,0.29550868167576827,1.5602411300987002,0.08885019398899274,-0.43975300250151395,-0.11666913461408486,-0.15262753680915636,0.8803431593993075,-0.5162946258226595,0.023965449585904037,-0.837579759243281,-0.14444353466202903,-0.04664284300709804,1.806388807757154,-0.25765227965047593,-0.012063561657130833
0.0056618488374228166,3.3857703711144898,0.635205554540506,0.051513992169478565,0.058793523508539926,-0.7101022944663052,0.6997459264603849,0.02659914984475993,0.07964928597864923,0.10640265580057104,-1.4083936205678191,0.3852927681203681,-1.5027738365495122,0.09622918240715896,1.369517314262378,0.30684270152888926,1.5647307624150981,0.06768928156446945,-0.4624434796994842,-0.11633420572692303,-0.14898851621005002,0.8890304835211132,-0.5171422246640235,0.02377042509991948,-0.8047710517307967,-0.1413849147397041,-0.047064221804441295,1.8211909604429721,-0.2658818138679856,-0.00954009208180946
0.0034657217723935018,3.3959315220624515,0.634859739282444,0.051461431000051974,0.05762156337248765,-0.7022334270737455,0.70774267248358,0.021741396724952726,0.08115588699614742,0.15971550170054785,-1.3987257999165565,0.35168377179313753,-1.5121546297186996,0.07224422525359064,1.3766454831150157,0.3192832178913013,1.5697854938456262,0.0457732880327828,-0.48322194642275346,-0.1149547540670455,-0.14429146561036696,0.893300072743278,-0.5127698188177862,0.023910803489139473,-0.7691774810659382,-0.13708819117975554,-0.04789597055413792,1.8285691352241382,-0.27260524003319886,-0.007494729720090218
0.0013610453147713014,3.4061887340254917,0.635099593434965,0.05147647615758355,0.05638908044894519,-0.6941357125136861,0.7157835263692771,0.0167045787746285,0.08231519552487053,0.2135958642872501,-1.3888448914415032,0.31776678327715524,-1.5246319046984915,0.04796789711786967,1.383306343511664,0.3324843467085515,1.5748854526026796,0.023227128885485303,-0.5020347495301102,-0.11330631474667592,-0.13981937093014013,0.8929038095131907,-0.5029721237631269,0.023491531609215313,-0.7316499180437873,-0.1319050336713598,-0.04862411231723156,1.8287037958181176,-0.27722408657000647,-0.005241715393545641
-0.00040444271345168827,3.41670501845221,0.6358896069650858,0.05166581623626067,0.05504143770013915,-0.6857452014924009,0.7239161568846832,0.011554280393038744,0.08312535678874247,0.26530984885620473,-1.379311802455029,0.2857101814049976,-1.537559519382006,0.023717344113628774,1.3888171981947726,0.3461466555967786,1.5794368859360277,0.000491418441454499,-0.5191938031939053,-0.11253954015168535,-0.13699276111454897,0.8879203413032591,-0.4870039874877809,0.021612528138934422,-0.6933053453299295,-0.12633931103662863,-0.048893475789467365,1.8217454668646758,-0.279125227584319,-0.0019539209432746967
-0.002105421439129365,3.427158719991478,0.6374485793367424,0.05204898602318924,0.053362466152328265,-0.6770895973752434,0.7321154467611859,0.0063116320830008095,0.08359070034821316,0.3141253711786238,-1.3696231301436546,0.25625524340872397,-1.5501031381402817,-0.0001513221658990412,1.3935256274137509,0.36044584406293634,1.5835051507578295,-0.022542812058735685,-0.5342353438500967,-0.11309550411471522,-0.13604920672920195,0.8783135586111389,-0.4636854908338883,0.01829982210270764,-0.6532765565390373,-0.12073901256062072,-0.0487395539356246,1.8068017511907544,-0.27800753567842773,0.0029576701924047483
-0.0040229489578198115,3.4372754443474998,0.6397508966163409,0.052594634174038084,0.05142854279622167,-0.6682031348787131,0.7403333573331797,0.0010098992731949964,0.08370121511863582,0.36100670531812884,-1.359372951771023,0.22837871005193647,-1.563025135329973,-0.023456160306774755,1.3977086158700684,0.37546602506833754,1.5876722175122537,-0.04590681550283871,-0.546784384633573,-0.11429445835080913,-0.13644507724635804,0.8636973538355506,-0.43348500409789664,0.013927039846762608,-0.6114043234851965,-0.11489277975226452,-0.04833938631282331,1.7840330978063903,-0.27420128414663353,0.008999111332167551
-0.006233130136429291,3.4471233999108004,0.6426244825786933,0.05321860537532868,0.04963262817586734,-0.6590462897549425,0.7485735569885612,-0.004282699336420669,0.08346081876518033,0.40594439112266273,-1.3486310789218565,0.20145596454305248,-1.5763980267732418,-0.04589369826481803,1.401388911248119,0.39061479568398433,1.5920135501752208,-0.0690660601443845,-0.5567782737484337,-0.11523655308577561,-0.1385239976598642,0.8431642138172941,-0.3978397135867879,0.008201555932754657,-0.5692971922788856,-0.10803431157442013,-0.04810449610175585,1.7545943715062626,-0.2679095079639924,0.01534042158620655
-0.00877155088784816,3.456789959054192,0.6461109161742011,0.053794251581923636,0.04834797981406677,-0.6495622452994124,0.7568603179096037,-0.009491054373939023,0.08289243921348269,0.4484274841968692,-1.3376623863302053,0.17497532290272866,-1.5898310342489537,-0.06683994767748737,1.4048330546262242,0.40504647443118014,1.5967182375341564,-0.09156449449466197,-0.5638026651719485,-0.11495342855757201,-0.1427084568595903,0.8153625071836913,-0.3578698903641129,0.0007622056454177129,-0.5284136612149751,-0.09922803161579495,-0.04847801962755343,1.7193187651125559,-0.2593294182142997,0.02116771709360089
-0.011450964115189977,3.4665903656618697,0.6501256454432177,0.054407082396271844,0.04764070206259796,-0.639647808571339,0.7652587234929068,-0.014503789115592478,0.08199135942949122,0.4875017143807486,-1.326838549883838,0.14828185914195657,-1.6025393474414897,-0.08656994056468813,1.4077561399195586,0.41901120195143826,1.6018069186585129,-0.11340647401627714,-0.5675441111616241,-0.1135248761135374,-0.14990582302222477,0.778942006119423,-0.3137091908368794,-0.009256337706535934,-0.48956002545720295,-0.08832400161775648,-0.049344163420206776,1.6784607103771156,-0.24890174859933312,0.02559839128818026
-0.01418616760583779,3.4764887443572543,0.6545637285132362,0.05510639823556275,0.04727446712008801,-0.6294273597824654,0.773659879009692,-0.019289622308540547,0.08075553531391778,0.5235213142734929,-1.3162755722852533,0.12147183486331947,-1.6146448055289373,-0.10520318835465048,1.4101348222711048,0.4329661098937377,1.607237691224381,-0.1346470491077806,-0.5680546144535307,-0.11139260050857994,-0.1598123637435265,0.7346801968716733,-0.2647963568832044,-0.021517848986626776,-0.45185370497632815,-0.0758261201753046,-0.0502524851552315,1.6317608767008422,-0.23699749656609495,0.029114756558132726
-0.016939788432717717,3.486527307996577,0.6593043342297861,0.055846807180945444,0.04720026181841741,-0.6191910757136846,0.7818284218218843,-0.023835667898542728,0.07921892270474828,0.5570222368195327,-1.3063080779394054,0.09539736255324976,-1.626410189428218,-0.12267882385135015,1.4120298570085297,0.4465876011994583,1.6128145046327376,-0.15481524073576927,-0.5661550062722648,-0.10844472964205429,-0.1709164969752935,0.6846466106963309,-0.21142838049922694,-0.03457555190692546,-0.4153836081694508,-0.06205992433825769,-0.050697028347796436,1.5804432254699827,-0.22410378376346096,0.0330962146954805
-0.01968158473958458,3.4965932438058616,0.6642265259123936,0.05652402697330901,0.047359954850993445,-0.6092491734989336,0.7895425977375129,-0.02816426002068479,0.07744578190794438,0.588689959228573,-1.2973316181860195,0.07092198671159944,-1.6381932836812327,-0.1384627179296832,1.4135052717017422,0.4594305802364156,1.6186103312218867,-0.17346074048453203,-0.5625989761895555,-0.10459174692549489,-0.1815399363730694,0.6310825866816724,-0.15390081908083247,-0.04702000380006924,-0.38009803288836047,-0.04735091792288774,-0.050059424107661205,1.5258492314804504,-0.21053287086767833,0.0389706455602852
-0.022437147491693097,3.5066500438896195,0.6693054070139774,0.05716725982749167,0.04779060824060016,-0.5996674081581407,0.7967728420075002,-0.03226253001849506,0.07551598135902887,0.6183480188405434,-1.2892626308023383,0.04822680950730785,-1.6499125699254167,-0.15247563213555654,1.4146033165681215,0.4718198030511149,1.6247105730192486,-0.1904388443394807,-0.5575201406091396,-0.09981149887320497,-0.1914983022835028,0.5730799922907511,-0.0882127650338742,-0.058341090156717644,-0.34597218757165005,-0.03138373830637037,-0.047901666406352496,1.4674312478862692,-0.19551942877595962,0.04869189614972351
-0.025252807274062258,3.5166036499442472,0.674383041575631,0.05780356635386704,0.04853500614846306,-0.5903610387348317,0.80360247936332,-0.036113057985315944,0.07348016323959852,0.6460017847830845,-1.2817306334992795,0.02671893513466056,-1.6617084767333652,-0.16472252556257086,1.4153066462211616,0.48392079101270513,1.631264746196,-0.20599868643306204,-0.5508178089689393,-0.09405956594445823,-0.20147177282875042,0.5105579599807325,-0.015734348920699248,-0.06934874225248612,-0.3128858191947952,-0.01401950564453371,-0.04429401495450884,1.404843610178399,-0.17894756299108583,0.061199851646873527
-0.0281032491800458,3.5264433577476613,0.6791952523147322,0.058334732365843925,0.049538164465626505,-0.5815188695890791,0.8099252024557722,-0.04184982990293563,0.07010448274403658,0.6727741184366582,-1.2750594308676027,0.005064227211270013,-1.6751377215357257,-0.17525577704041065,1.4155443934276584,0.49564438937189476,1.6384411429350767,-0.219618741230334,-0.5406302947654701,-0.08698943535391994,-0.2116947203683558,0.44227217680016717,0.059536639716192996,-0.08127340206476434,-0.2805237451950621,0.004022810102668869,-0.03964066843323285,1.3392635526767385,-0.16119806813795962,0.07407064207009693
-0.031062248742715286,3.536329418298449,0.6831969351721012,0.05874989067233562,0.05086684940830048,-0.5729988196988921,0.8158635710711323,-0.04483212796440376,0.06809447169522051,0.6970758738562356,-1.2687523574891306,-0.013249662893620996,-1.6868049509690555,-0.1843172702241166,1.4154199037070632,0.5047200986178567,1.6450576182336802,-0.23336399692900528,-0.5368882474764057,-0.07948761675916766,-0.21899708643102211,0.389273570374666,0.11313918839776745,-0.09257365861579664,-0.25165987955611335,0.021886680078030765,-0.033766070336700225,1.2767772918974312,-0.1474642722810877,0.08141252469171141
-0.03419412814734473,3.546178604869844,0.6861510943665704,0.058732062781682075,0.0526055005620651,-0.565027717854815,0.8212958566605599,-0.04762241808560199,0.06592791707833216,0.7210281627219817,-1.2630577923443354,-0.03216880455810643,-1.7003712192863658,-0.19183133246121223,1.415450386059082,0.5124858348840537,1.6519217035496085,-0.24520249661569044,-0.5317996356754204,-0.07012923008530592,-0.22707671122576237,0.3363227776898543,0.15655037545271477,-0.10725200994980891,-0.22426879460467095,0.040939312589088624,-0.026894048765087913,1.2149702951918675,-0.1363251940129083,0.08379348387639461
-0.03744184051356285,3.5560091945565415,0.6888456480000564,0.058824388823966386,0.05424937343910287,-0.5575636387190015,0.8262684101061704,-0.05033051234435672,0.0635774395065252,0.74224864646968,-1.258492632832564,-0.04949185254879474,-1.713013857836397,-0.19792937949623127,1.415215562246798,0.5192323891389314,1.6579891245849419,-0.25272866904819374,-0.5421190106114697,-0.06530211914609506,-0.23453381998774978,0.30430308729903016,0.20052290899981667,-0.12518443239887475,-0.19723316257096912,0.059147276809170916,-0.020869664195744937,1.1510167365511381,-0.12672385254653712,0.08256407718227264
-0.04017933591115671,3.566105012446895,0.6911864338362737,0.05876639287799244,0.056279725174958266,-0.550685592366157,0.8307373122489897,-0.05279595233574917,0.06115152384942235,0.7615533022900806,-1.2555941086938123,-0.06553118452627602,-1.7258089290359708,-0.2024826306023656,1.4139855449840946,0.524546114642667,1.66460455458444,-0.2609657407056315,-0.5417192749307884,-0.05566135885866785,-0.23818641573159824,0.26292037084355535,0.22444475887355858,-0.13990592910171584,-0.17317680654080986,0.07638183757163515,-0.013546075655546642,1.0890602595166947,-0.11835704348681167,0.0793192721541046
-0.04253158302573006,3.576248286191452,0.6930490306445134,0.059011685925858766,0.057938194243388697,-0.544607555991581,0.8346037362298829,-0.0550312653061007,0.05878308602928676,0.777771481694196,-1.2539863748247202,-0.07836617791170436,-1.737185789908257,-0.20534501790456805,1.4121325906089657,0.5286239386192434,1.6704251536654604,-0.2689061530479634,-0.5498029341655591,-0.04806645571812882,-0.23305339350662038,0.2485297925209326,0.2245151752108346,-0.14735321886876693,-0.15155777319634195,0.08879726426594813,-0.00802601820183037,1.0307082048608307,-0.10946903436173214,0.07665914002326508
-0.04447303875941343,3.5867108185429437,0.6945115686038262,0.0598305680247616,0.059212410557964924,-0.539533980212834,0.83774535376894,-0.05702002177135415,0.056552679754446944,0.7900410845181863,-1.2544534918281018,-0.08755311087104078,-1.7464460991466002,-0.2076326526413165,1.4091032385597069,0.5322386711578202,1.675411817527223,-0.27470628784919676,-0.5595870130261766,-0.04194158273899341,-0.21754420339705044,0.24555656420190047,0.21008427662102833,-0.145082146100456,-0.13315896092241938,0.09485532049983118,-0.007520766989758488,0.9763803791738789,-0.09812111889197934,0.07585247374109536
-0.046088089098039714,3.597490635903832,0.6956144365616311,0.061047839277225284,0.060247999832329945,-0.5354588485482363,0.8401947163290082,-0.05877273996950632,0.054483312079582624,0.7987438527869353,-1.2567606003414837,-0.09364265560316402,-1.7539302186568002,-0.20930865515121325,1.4052710187852315,0.5354869697515431,1.6794988898446404,-0.277941598928979,-0.5675847203622669,-0.03632221983943079,-0.19388886728069873,0.24586345147924987,0.185956318038971,-0.13568126270366965,-0.11754026992502506,0.09639577147622173,-0.011717527138947243,0.9250049903534682,-0.08422390139961322,0.07581757303873751
-0.04749718868296454,3.6084590635360363,0.6962712275789389,0.06260874571142391,0.061007432251563874,-0.5322463255309854,0.8420641823099221,-0.06029191705581353,0.05259858416655346,0.8034202776581383,-1.2600660113858952,-0.09628511262282975,-1.7592394644044422,-0.20964538353217899,1.4012464803263425,0.5377816236082221,1.6818547866904876,-0.27870198850178285,-0.573295057047488,-0.03160479185973987,-0.16667717906913646,0.24806372662247653,0.15767924065718797,-0.1232336116870025,-0.10451937425676423,0.09493958670453437,-0.019227367364235737,0.8770901379312306,-0.06996464186722921,0.07533390233110372
-0.04879196661478186,3.619543266922653,0.696543201380259,0.06449447251109271,0.061461677853731474,-0.5296932862637761,0.8434974497045037,-0.06155779992834942,0.05092744089498077,0.802890876518497,-1.263465051077881,-0.0948082282100414,-1.7613730987119371,-0.20787405615276133,1.3975889327350808,0.5383486563315522,1.6816848177298969,-0.27726116682819896,-0.5765100971845943,-0.028206080879563746,-0.14071945306197917,0.2513095831010575,0.1320899801253813,-0.11175747500261302,-0.09415801733324576,0.09173792921675389,-0.0283933551921417,0.8333943292435647,-0.058084155784166286,0.07311546121303399
-0.04988903820385477,3.6307198538148535,0.6964829239245341,0.06669032293680863,0.061561644699137275,-0.5276674868535342,0.8445884133980273,-0.06252747455227539,0.04952986771356164,0.7960859994825146,-1.2664494975677538,-0.08846920816832654,-1.7594494186287657,-0.20323441194147254,1.3945005840363556,0.5364223687910493,1.6787479554826237,-0.27435458171238714,-0.5844604801735336,-0.026738337369302475,-0.11531244423064888,0.2709247248224201,0.10491129329356423,-0.10192621565299799,-0.08664263096193676,0.0865342381737247,-0.03899344097829432,0.7943951152298754,-0.05060804394086145,0.06895481476187174
-0.05080962239932738,3.6419915186825076,0.6960759538321363,0.06914629140382378,0.06137467893832585,-0.5261971455986514,0.8453215383119886,-0.06318248410481536,0.04842406042602967,0.7833193988384877,-1.268969715698223,-0.07751608946601349,-1.7536190331840806,-0.19611540000219213,1.3920839707068122,0.5321592211948406,1.673409165484442,-0.2698536332784206,-0.5967411721125684,-0.026163461511991785,-0.08924989628783317,0.3062603811423785,0.0748940997934806,-0.09173497490451744,-0.0820873152806294,0.07921048660007808,-0.051765031529692265,0.7599802684255325,-0.04707940489691839,0.06359762753073771
-0.05153304587761884,3.653382496031984,0.6953187928775422,0.0717151447046098,0.06100507647906014,-0.5253167841016079,0.8456817338721029,-0.0635319141427538,0.04759105007623035,0.7660598074342163,-1.271332237911595,-0.06309641043850987,-1.7448222600007053,-0.18729263792453837,1.3902580901446966,0.5262867135424432,1.6660202533941817,-0.2640637716072864,-0.6105655138148927,-0.025626828136851083,-0.06523439105489125,0.3508417279543243,0.04434920142773567,-0.08089433804660873,-0.08052059700657466,0.07093595346412677,-0.06496429139395211,0.7304781431394766,-0.04606069448878609,0.05687085811465097
-0.05207342553659286,3.6649366212969308,0.6941733569756313,0.07422077789566514,0.060546291714701585,-0.5250736489971854,0.8456495053016596,-0.0635985067521089,0.04700785319377671,0.7462423683762156,-1.273854837300845,-0.0465326178675191,-1.7343891863212284,-0.17767981031829932,1.3889415071594542,0.5196151255536507,1.6567979070881518,-0.25767282659870416,-0.6259733344454957,-0.025056522409158545,-0.04637386262150334,0.4036363308631533,0.013151135566423182,-0.06949747996058278,-0.08202942009897377,0.06296528048222455,-0.07606401942002954,0.7065651741162664,-0.045718414619749,0.04840992595876686
-0.05241677768747206,3.676532955091743,0.6926192803873533,0.076674917815189,0.059969852912125365,-0.5254321116063717,0.84524888039713,-0.06339682513584871,0.04666794010090199,0.7242706264549528,-1.2767585559113213,-0.027640107817633337,-1.7225567086404596,-0.16707865725258275,1.3880322366000204,0.5118501147963916,1.6454182155158408,-0.25107111804023513,-0.6438491041801704,-0.025211238266177115,-0.03413846747960447,0.46640308580369866,-0.019890522334426525,-0.056391811378921144,-0.08727472855389812,0.0552325442417176,-0.0839926655205749,0.6893806480817473,-0.04147341891151253,0.036724351390225
-0.05277476010833941,3.688123945960852,0.6905696741162993,0.07906094942540155,0.05935566818329367,-0.5261688122369733,0.8446139070365833,-0.06272469978709466,0.04649905712650771,0.698613575865013,-1.2794006225655172,-0.004605035030800479,-1.707405025022683,-0.1552037667440037,1.3879189455933263,0.5017149955534667,1.6312227367359011,-0.2451560657365734,-0.6668761184558373,-0.02550056384490811,-0.026868385913131013,0.5442776784799015,-0.05882530384788901,-0.041064936747864315,-0.09623818688439549,0.047529096952300245,-0.08935150548994443,0.678485892432931,-0.03294313865859228,0.020886610581255093
-0.052956496690396114,3.699761484028065,0.6880278794896462,0.08129804468221696,0.05869244743696557,-0.5277225898926311,0.8434777369093518,-0.06172924721916859,0.04672467501276042,0.6724389306413951,-1.2830982721969748,0.017965685214387045,-1.6936920584445465,-0.14278958378726667,1.3881864540675537,0.491985357262558,1.6162666944791215,-0.23783012053134778,-0.687522687393254,-0.026529811648325984,-0.02451828523765874,0.6223008342405323,-0.09434937005698256,-0.02855957351938144,-0.1071922530142293,0.03965758797110995,-0.09299505578055353,0.6721759930104545,-0.028253022308362172,0.005218937003129743
-0.052963300142425875,3.7118363902166642,0.6846902242651507,0.08329471674183037,0.05808272679577854,-0.5301702979892167,0.8417884782657048,-0.06091831168004962,0.04707428110138363,0.6478149938341685,-1.2877216878033657,0.03810154185897798,-1.6837244285836028,-0.13066445529686432,1.3885560251039628,0.4838592745558704,1.6017057065704272,-0.2288421683232546,-0.7043219386844092,-0.027899117585578007,-0.025520288061497934,0.6961553642159721,-0.12355241536179293,-0.02153291564175543,-0.11852326094312596,0.032149510145602335,-0.09488774445376992,0.6681970905008059,-0.03682177360185185,-0.007180581486954734
-0.05281813366963387,3.723925966486656,0.6806736291892418,0.0850118066623596,0.057393978634710865,-0.5331008943899831,0.8398109074935147,-0.05991474715055348,0.04766910151768759,0.6235611704320907,-1.2924227315840424,0.059122726533940906,-1.6746889368161548,-0.11743994777705823,1.3893942686848733,0.47509727650755595,1.5867720796372409,-0.22006250173995537,-0.7204854770309543,-0.02982362060553096,-0.029119828602199596,0.7733913301550762,-0.15219459160911228,-0.02018928761735333,-0.12752912390755317,0.02524390134418896,-0.09428165463247419,0.663191950501861,-0.06556477851220872,-0.018459661880075764
-0.05275449700351005,3.735744588169253,0.6761204926803545,0.08660157644378241,0.05654818035092518,-0.5364749453312928,0.8375542390127566,-0.05804138998513794,0.049088690644228425,0.5985273776077074,-1.2970329108459495,0.0822566164327998,-1.6655176839853887,-0.10316884196118321,1.3909355794380758,0.46508563155084737,1.5706172397872677,-0.21159759698949915,-0.7367584554090628,-0.03314358348082751,-0.03531651868863499,0.8557761104285886,-0.18223427079438603,-0.0241683904119021,-0.13262891085149264,0.018230177548478037,-0.0915545338248527,0.6517664644045499,-0.10127105989352445,-0.029706735071700057
-0.05271971674828151,3.7472655356690807,0.6717287044307936,0.08783941747515238,0.05587686242482067,-0.5405795547928514,0.8348267831850789,-0.05608342311435312,0.050860781320422155,0.5736566450936655,-1.3021804299968693,0.10339016195260729,-1.6587670418058893,-0.08859860193609316,1.392876857544062,0.45608243071248766,1.5552211661821158,-0.20166648245579938,-0.7485052444679113,-0.03691801692121275,-0.04328421173378453,0.93361554011881,-0.20712483993109815,-0.031281093492845684,-0.1432882690597081,0.012527480572952946,-0.08568572774640636,0.6527906086237374,-0.16683518207644157,-0.03744651925078877
-0.05258266376264744,3.758554325399622,0.6674061817428547,0.08869680153401661,0.05557137026100569,-0.5453389545563703,0.8316550515979056,-0.05401969710213394,0.05298828141569477,0.5486485868435172,-1.3072535347066938,0.1231938273798795,-1.6536985811561835,-0.07413405211598466,1.3949028579779241,0.4479553455471137,1.5404321302260613,-0.19147622704979375,-0.7569114088033567,-0.038613775712583946,-0.050075588843258786,1.0081203432746941,-0.22935490774199135,-0.03898981532600176,-0.15714490160117464,0.00828087427038052,-0.0768509069375397,0.6575236442210194,-0.22975525523455587,-0.04112290080705703
-0.05251168121799159,3.7695377065867315,0.6629905091972319,0.08895740506093343,0.0556565249541057,-0.5507061561611438,0.8280770863156864,-0.05185652353109366,0.05556182399568894,0.523530806582575,-1.3112772589232415,0.14166549525709063,-1.6508718959627215,-0.05969495416511095,1.3975746788823793,0.44077154574170707,1.526638893788819,-0.18086239276532892,-0.7619231768998733,-0.03722922096070235,-0.05586174171756693,1.0798650651793908,-0.24970283097913734,-0.0476204078351765,-0.17622277471750558,0.005929736969048174,-0.0644407641806977,0.6698314484164002,-0.2891771342534703,-0.03837261797505474
-0.05240747286410964,3.7808369417356333,0.6583493344020938,0.08877234548306329,0.05607764160156102,-0.5566582508586257,0.824079098473477,-0.04963080775448586,0.058544535017241564,0.49759115485116995,-1.3147060961174963,0.15925994586927508,-1.6495459677041082,-0.045809141875813884,1.4002497709569823,0.434624848228107,1.513180748049212,-0.16960181142310093,-0.7643224741189805,-0.03395697338716843,-0.061227565034537725,1.1496131653253454,-0.26846831473257704,-0.05811641192648382,-0.2008699424272845,0.004909230056970113,-0.04904542287089626,0.6904053398108418,-0.3489005361793514,-0.030816452979335968
-0.05253045783214273,3.7920683102692325,0.6536991705223175,0.08824978062781502,0.05685237681193067,-0.5632123678674,0.8196167471148783,-0.04733290317385675,0.06186313829618517,0.4711334749335304,-1.3173243494536981,0.17597471368422696,-1.6491033457027142,-0.0318740125744583,1.403364374073757,0.4290022425172917,1.499228930019166,-0.15791893456025016,-0.7630934193088551,-0.028418996845322723,-0.06565866670935988,1.2154409999866884,-0.2855962514490122,-0.06847301798161032,-0.22883113336625013,0.00532669393587715,-0.033234813176940534,0.7150962316932883,-0.4053664598479885,-0.022202403080252554
-0.05264495515550038,3.8035047798404817,0.6493241310379361,0.08774507182140515,0.05805522383826042,-0.5704792262943171,0.8145451772141213,-0.0449745741773145,0.06523446914606462,0.4435092856150733,-1.3204266211736775,0.19169074597435917,-1.6480209366433896,-0.01885097018571326,1.4057247352802897,0.4242276975139663,1.4835804897781406,-0.14580054718578028,-0.7586333249131224,-0.020712661599231227,-0.06791794500732669,1.275309605145097,-0.3010858444486933,-0.076612049254629,-0.25930438380325643,0.00655121769855299,-0.01933237422699531,0.7405900092047444,-0.4541549443823246,-0.016458186956984717
-0.05263582797619733,3.814869024987509,0.6454980538448369,0.08719861077289813,0.05993391646477028,-0.5786725092194418,0.8086670854005045,-0.04350392327527284,0.0671851365210799,0.41598727811543534,-1.3241900600459746,0.20467182324033056,-1.647507880525704,-0.006906050108193116,1.4074685141879153,0.42087259985142417,1.4662825087764315,-0.1334129694442587,-0.7506150930554397,-0.009272921736404519,-0.0677163152014097,1.3284336014776228,-0.3145571318330453,-0.08140191671585427,-0.29138603655917245,0.009100832573757715,-0.00852722489032852,0.7642270296462002,-0.4904716972219875,-0.014398360328954361
-0.052431564028128035,3.825895575393664,0.6420893733104093,0.08656253294427257,0.06228865661233078,-0.5876766039442972,0.8020369444883457,-0.041882078046207014,0.06911172305156134,0.387815918761771,-1.3284073460293666,0.21676232855304048,-1.6464979728346094,0.004021134085528838,1.408949155096025,0.41851960858991977,1.4461954772399184,-0.12110526705342399,-0.7395568645730781,0.00585517013309167,-0.06510910311715311,1.3770509499435606,-0.3280393269035273,-0.08453462462229869,-0.32752565677742373,0.01304603635315278,0.0008409582402587189,0.791917743258968,-0.5211680401980571,-0.013470072240389744
-0.051838508653087756,3.836538046265418,0.6390923828318905,0.08593415248894563,0.06453321601509175,-0.5972957017183553,0.7947884184961018,-0.04009345908475867,0.070944948034056,0.358465654654979,-1.333457474086791,0.2285521259567954,-1.6447878633592383,0.014882121953440835,1.4093376967078,0.41693079763113006,1.4257839508288712,-0.1073409156550054,-0.7247932049360327,0.02143438358817277,-0.061000096011405006,1.4197219518585096,-0.3400425196632912,-0.08607569143382254,-0.3640232829626366,0.016634000984330218,0.008736334376608637,0.8194733353284978,-0.545565599356429,-0.01327878387359172
-0.05089739241069575,3.8469837600735834,0.6365328434566319,0.0854440062354604,0.06613943678981343,-0.6071631842871302,0.7871961409622601,-0.03808899358540209,0.07264604792164152,0.32695211329319723,-1.3391310237466814,0.24187776179281167,-1.6416462669534448,0.026982812834522012,1.407950755243292,0.4150912391040997,1.4073238372345092,-0.09122185754282926,-0.7062463784081517,0.03434135173867404,-0.0563899343526116,1.4552747911791015,-0.3495957099432552,-0.08651647153641318,-0.39783259419392414,0.018292694892492925,0.0154050031222955,0.8436273542913866,-0.5656503799409066,-0.013323810994335888
-0.049623918165359875,3.8572798349674704,0.6343168078815826,0.0853306054689403,0.06681962656543658,-0.6171183831220268,0.7793707246803772,-0.03582118888574603,0.07418641764259772,0.2936067632241096,-1.3455234724648628,0.2574501163028093,-1.6373205528475716,0.04192795251914278,1.403877394894412,0.41188472501025175,1.3920445790865208,-0.07337353695180658,-0.6834648856845927,0.04410120792697759,-0.05021273632567575,1.4833969996645622,-0.35733192035853534,-0.0856106838699916,-0.41860624570850485,0.016843098564252895,0.020787275649805387,0.8448679050654633,-0.5936117802284752,-0.01372502970853129
-0.048249898115140445,3.867373573502831,0.632637632355471,0.08516580196972127,0.06714777975549129,-0.6271270815158627,0.7713297514540457,-0.03325490132864194,0.0755824075945356,0.25882904838472687,-1.351802517799009,0.2749239072127365,-1.6320720237236102,0.05967179037374286,1.397982126795316,0.40707706142518674,1.3795875645217275,-0.05397440966032127,-0.6567003337952778,0.052623381841801604,-0.04370030729913647,1.5042397812562025,-0.36336389805085584,-0.08322945458585652,-0.4485492637094508,0.014476706698292888,0.025763795443492738,0.8654164031315464,-0.6031512860964797,-0.015547293459141376
-0.04673847313878912,3.8774717738949245,0.6315212992406045,0.08498796758999826,0.06733323580801778,-0.6370727915324484,0.7631392658025123,-0.030398342911775955,0.07674856312950226,0.22202745517259548,-1.3576114911390074,0.294673591553911,-1.626118215017062,0.07911523088795853,1.3905485199374605,0.4011345460406989,1.3706414973643606,-0.0335157764399954,-0.6277475098504307,0.059592340936168206,-0.03774234321220272,1.5188790317815344,-0.36688801687930916,-0.08006841138716499,-0.4766556649270168,0.011446706948614308,0.03011967871118021,0.8825336441518152,-0.6074805468245982,-0.017155370537401408
-0.045290085654791486,3.887530541851619,0.6313705067936244,0.08451978374649474,0.06766451619631479,-0.6467865508955151,0.7549470689949388,-0.02723635961814055,0.07762786325116078,0.18269913979839597,-1.3618377557129255,0.3173010677676521,-1.61957920575387,0.09919498429005691,1.3829125744833504,0.39439298405566797,1.3653360771261174,-0.011762250076314588,-0.5980831637251338,0.0646595621320672,-0.03479433279661364,1.5276717969651745,-0.3664379329381975,-0.07688035410411631,-0.5027405673140356,0.008654016092928155,0.033432225311596536,0.8957878094200303,-0.6051621002988044,-0.01713963715710948
-0.04402096607074098,3.897524702669312,0.6319706332487998,0.08352378449125172,0.06832623224582365,-0.6561557225470307,0.7468701166736648,-0.021794715163137086,0.07842023213374175,0.13940582149794797,-1.363625602412709,0.34563730956686417,-1.6116754469389298,0.1200690127599096,1.3755281803908719,0.3864191549966885,1.3648226238230294,0.011492046388725124,-0.5685559647931333,0.06812478813861912,-0.0362130882396051,1.531632753717097,-0.3617434187460458,-0.07424063264766663,-0.5277084206235799,0.006813185205441813,0.0349705481828671,0.9068147815030096,-0.5950254172277714,-0.01513863649034661
-0.04275235504586303,3.907388553138334,0.6331405997737496,0.0821309485387692,0.0692678396458095,-0.6654081016095963,0.7387073385280791,-0.01640042913804073,0.0784154930900757,0.0942687014315098,-1.3633058696937845,0.37649541282285737,-1.605574754397632,0.14181522969012342,1.3678266460918103,0.3780994955679695,1.3686317047506915,0.036437752236929105,-0.5387849789950527,0.07023913848572994,-0.04092010303133287,1.5307143043291458,-0.3536512990844813,-0.0721149030216293,-0.550865667143441,0.00546267461038087,0.034982593502681895,0.9143925719360365,-0.5782741406817942,-0.012034129172100007
-0.041274328167309846,3.916787617063849,0.6347389715734714,0.08064726547492704,0.07019124091367863,-0.6742939148362278,0.7306825060758259,-0.0109174285740582,0.0777967901414916,0.049051495659020644,-1.3617429510216723,0.4092263360560028,-1.6004874928739938,0.16557519273549348,1.3592850001482255,0.36830525138548376,1.3758923992162573,0.061538122492361326,-0.5084215368808368,0.07052953653971765,-0.047360494634136684,1.5247220591332706,-0.34226639950431537,-0.06911738113926291,-0.5712470255007698,0.0036386613125494447,0.034617954181321776,0.9174123284502382,-0.557318498792964,-0.0077835439502559915
-0.03960047795513091,3.925940947972292,0.6367564661415569,0.07947663000960625,0.07087056078727598,-0.682733321058065,0.7228665445385055,-0.005356807776526896,0.07683143298107896,0.005359245846075167,-1.3597738136977673,0.4417640226813775,-1.596231614548287,0.19049491159928483,1.3499133106111885,0.356804350581423,1.384009774511258,0.08564887702971892,-0.47829813238969665,0.0683835137003704,-0.05416957566607145,1.514061680662246,-0.32807732404576023,-0.06412866459582266,-0.5881984344595151,0.00043651243442781925,0.03514853145341115,0.9143014665876237,-0.5343791326725944,-0.002185454633925261
-0.03779305493039305,3.9351081680839584,0.639188644577979,0.0786668007667408,0.07104154171259329,-0.6906974450671427,0.7153332602262711,0.00022548472920544405,0.07577257683046806,-0.03689273611376701,-1.3579006027133376,0.47463075056941983,-1.592273668996093,0.21625314711071597,1.339875817931394,0.3432070044242501,1.3915968607422244,0.1090515829510646,-0.4482175264485373,0.06292849006488387,-0.06166581428642382,1.4986394705911665,-0.3113011942716479,-0.056069211725746526,-0.6008480117313115,-0.004903122695626091,0.0365998240603224,0.9044096463418678,-0.5102111179492298,0.0051392126353967645
-0.03579879672734985,3.944170793249702,0.6420482309707225,0.07808177311170501,0.07080063463570296,-0.6982757018062439,0.7080265186487812,0.005807388770861925,0.07474755197333757,-0.07787864012436545,-1.3563602333906373,0.5083635837016097,-1.5891213363407841,0.24304714394448726,1.3294080381320434,0.3276463033804112,1.3997767514622603,0.1322542661489727,-0.4177140183791227,0.054603324510165786,-0.07034326426804446,1.4782092808493719,-0.29192915782251844,-0.04569123039270644,-0.6097102359812768,-0.011946293095092785,0.03858255242602492,0.8888118423524637,-0.4836969871189579,0.014010005383849802
-0.03352678174659832,3.9525809446042053,0.6453904698193836,0.07781189077224722,0.07042744815869578,-0.7056064218082596,0.7007887425631549,0.011399594826553679,0.07381751700694866,-0.11560355458992247,-1.3553679256962203,0.5404901193051936,-1.5883520294874736,0.2707715196872379,1.3187398759689066,0.31063066388270244,1.409485072281718,0.1545916365381914,-0.38697219723382736,0.04471559771797366,-0.07906607480242125,1.4529699554100661,-0.2700581118308636,-0.034619785557953836,-0.615868551529915,-0.019768934973319503,0.041703254993636515,0.8683347892651255,-0.45413153214392404,0.02390305426982176
-0.03129712801315404,3.961422746079943,0.648904245056841,0.07801926101089751,0.07038679456250496,-0.7127527048566328,0.6935000185883804,0.016778808012715526,0.07287872941850204,-0.15087831060168094,-1.3545123907068508,0.569440342611483,-1.5896268015334298,0.29629868714707186,1.3086162850658898,0.293430087197461,1.4188714081337572,0.17506089718002252,-0.35924840678102665,0.03463076331759495,-0.08677398505961711,1.42594957262431,-0.24745854866107633,-0.02452955979563419,-0.6224280263462344,-0.027059916567761893,0.04664301188002972,0.8447229395495475,-0.4214204804462467,0.034295182515070285
-0.028951997340810286,3.9705428471163633,0.6526476229549543,0.07872731798595128,0.07058589545831861,-0.7197081177972517,0.6861777218343833,0.02188528081388683,0.0718407150146667,-0.1825951614627676,-1.3544448953223842,0.5944674850561606,-1.5931919127070688,0.320137393973805,1.2987666423131612,0.2757825462934527,1.428248089684306,0.19353428809526813,-0.3338249943128186,0.024080245888798625,-0.09282756541629324,1.396239601079487,-0.22279486953562438,-0.014364770578422467,-0.6286928869346643,-0.0339681916346706,0.053799379691653236,0.8168491109239051,-0.38513367004239685,0.045251941965799757
-0.026555102541872655,3.9796307304743013,0.656626520047325,0.07981482597154342,0.07084110817454843,-0.7263983421824732,0.6789378317801195,0.026720381797923135,0.07068678018176164,-0.210925531378511,-1.3549895661457578,0.6166271305332188,-1.5986885948559435,0.34311875168173717,1.289376366203041,0.2571175136245649,1.4377546008634798,0.21034797074225564,-0.3096690548594351,0.012661913518291355,-0.09791536233188043,1.3631435691638047,-0.19567513873462306,-0.0036496566026823743,-0.6335037807440688,-0.040842299891016086,0.06273942334198594,0.7842921600346806,-0.3454691542280389,0.056985910234629136
-0.02421906595092867,3.9885877173760185,0.6608367012336857,0.08113872831020687,0.07114413410874539,-0.7328474991527906,0.6717808883375747,0.03125714741297364,0.06946225123020015,-0.2356643841734669,-1.3558976874011963,0.6358488877226918,-1.6061041958446205,0.36494308786495666,1.2809133853056809,0.23805659551249422,1.4473235771797193,0.22559068486616396,-0.28605998312472997,0.0007519270631038147,-0.10254900053932092,1.326752010943339,-0.1684933072788445,0.004873929463742785,-0.6374519249103389,-0.047362909271099284,0.07286445813544433,0.7489405825914762,-0.3026363078385428,0.06913669386684904
-0.021926951102522005,3.9975177700488373,0.6650741633870806,0.0825475110100674,0.07146757182488314,-0.739065367177503,0.6647260169741225,0.035442767521817,0.06825103169162387,-0.25666285446130005,-1.3571662229814203,0.6520243281039159,-1.6152522253244628,0.3852190286587403,1.273649519637414,0.2193567072690933,1.4567642372713183,0.23930706611600064,-0.26238565483178494,-0.011388257867885606,-0.10733350145449908,1.2876170569168803,-0.14456228689206208,0.008350904668935073,-0.6415435800210184,-0.053305096439527584,0.08362222394814546,0.7132769826007869,-0.25721339534685944,0.0813497753086571
-0.01966522433317258,4.006498014098763,0.6692556865171793,0.08400691339843526,0.07179252316640639,-0.7450801638724807,0.6577569623519215,0.039237275572065244,0.06713589853174352,-0.27365551499131996,-1.3587095176652912,0.6648748702608975,-1.6263802464405512,0.40374413158468714,1.2677940708558029,0.20101569156654742,1.4660050509155451,0.25133614434244295,-0.23784348188593052,-0.024063840757853092,-0.11305670390555697,1.2447120119382933,-0.12549414536002879,0.004021421647002006,-0.6461415539512007,-0.0585583712462735,0.09502230073551415,0.6777883987548098,-0.2081435939161727,0.09294358851583115
-0.017422738777261245,4.015480959988504,0.6733610342546174,0.08556798526758878,0.07212295070585335,-0.7508532569017612,0.650919185827815,0.042632586284804895,0.06615757731412104,-0.2868224140822199,-1.3604837503482454,0.674583218387158,-1.63931387061349,0.42073890406940484,1.2632190531258845,0.18277661959501645,1.475052116207653,0.2616736177120178,-0.2126339844715278,-0.03733018444585103,-0.11970011746305315,1.197768343906134,-0.11030734118055925,-0.005994067153145933,-0.6507840082880759,-0.06323002637358127,0.10730105410365547,0.6414683440852169,-0.15570136348659172,0.1043339180047215
-0.015216698677208805,4.0245062900354345,0.6772390869154152,0.08720267511343102,0.07249202240070025,-0.7563064630501092,0.6443144683226916,0.04563078381920674,0.06532275864682785,-0.29684228393278084,-1.3624259348384997,0.6817365345536448,-1.6532326503664954,0.4361917600271473,1.2598057225908923,0.16518110216361695,1.4836123162196957,0.2705940213131185,-0.1879842685888358,-0.05040042283761426,-0.12651676220866415,1.1489019193548127,-0.09804899893128963,-0.017172754545026616,-0.6553695282290078,-0.06739628713980654,0.1203351564388952,0.604644319982602,-0.10262347874068962,0.11691022388300425
-0.013051637678313792,4.033612580063929,0.6808033778816812,0.08887898173877384,0.07292648184205659,-0.7613696480512677,0.6380427210442168,0.0482477805912988,0.0646120808873491,-0.3043669689406919,-1.364640341564997,0.6868853174856708,-1.6672642367788741,0.44988173942710313,1.25742355231625,0.14880079024771997,1.4911506214081591,0.27840860110028826,-0.16517144733873576,-0.0624758519671853,-0.1324551420665434,1.1005426375968033,-0.08745863568745188,-0.024973310903650476,-0.6596859780385911,-0.07126916528937251,0.1340749267536561,0.5675256338283429,-0.05159392272674042,0.13214413443169987
-0.01091932522367039,4.042824716685493,0.6839530151411685,0.090682343291787,0.07339809397652057,-0.7660630813699886,0.6320892245384693,0.050492715596012684,0.06399409556538939,-0.30936747856130714,-1.3673140032177706,0.6899198412243549,-1.6816584408324982,0.4616818885707699,1.2559068445330344,0.13361822221027056,1.4974437162783334,0.2848422030796932,-0.14454226587891242,-0.07395246421238579,-0.1371856975855995,1.0532252587663307,-0.07817101911242168,-0.028069596974719283,-0.6632337265586215,-0.07477911802706212,0.15083834247011013,0.5275010621951671,0.00020795662235390455,0.1528783113008219
-0.008855325035829828,4.0520474611000346,0.6866776757073476,0.09258201447269669,0.07387135267349773,-0.7704118362095318,0.6264480796351949,0.052381945780709,0.06347692160116462,-0.31157164921008584,-1.3704609379783896,0.6906747566237253,-1.6966069173963048,0.4716825384788655,1.2552833823070448,0.11941954474492354,1.5026949920865993,0.28991034100532653,-0.1254775854338167,-0.08496795516003106,-0.14118414428024106,1.0060156025441054,-0.07024229305877375,-0.02874328492173618,-0.6661008276765383,-0.07820067664660367,0.17031120135236175,0.48534312786742306,0.052823851431779124,0.1779153381223275
-0.006839595821778567,4.061227391626351,0.6888553934975411,0.09442252837662513,0.07436751625403559,-0.7743522063086126,0.6212346732484886,0.05394096945655225,0.06308967672750361,-0.311597921201557,-1.373999407882799,0.6896994421496023,-1.7109551158323901,0.480026209129192,1.2555277870410197,0.1065043505920873,1.507138698774694,0.2941771902029996,-0.10819772414462993,-0.09460551008876064,-0.14410581647984888,0.9599351958977507,-0.06314863658223256,-0.02807864259043835,-0.6694946751881229,-0.08211547662899557,0.18810220757814552,0.44687332272178787,0.09905893699030785,0.20237813896414453
-0.004977599788515983,4.070602968532504,0.6908252058389023,0.0956872825328988,0.07531411286771593,-0.7777988938290473,0.6166040943123308,0.05478175792631524,0.0629741924061441,-0.31088889308345397,-1.3773779612193502,0.6882674829810649,-1.7221703485738937,0.48520404781424215,1.2574983723968,0.09630553472073271,1.509182013377878,0.2962869295491332,-0.09327935450903982,-0.10049216645722123,-0.14364545670503617,0.9159443794353487,-0.056264954734246225,-0.027255795907223598,-0.693383959669864,-0.08020121643667329,0.2051769523843145,0.442792756227295,0.14474266953770737,0.22370445997043148
-0.003392675081040939,4.080016558153329,0.6922301966415428,0.09693142097611952,0.0762530181731888,-0.7808038072975749,0.6124828090294797,0.055504730756659446,0.06293739612599383,-0.30841714432401435,-1.3803125912050633,0.685285347436398,-1.7332995918361909,0.4890963596315845,1.2606163506637613,0.0871363381548406,1.5111548437826947,0.29866137522414743,-0.08021969283963193,-0.10405635032692,-0.14078292531811665,0.8739262747299847,-0.048117643013561515,-0.026273217392527828,-0.7054893364137612,-0.08256513079474528,0.2090623788830485,0.43055568848869064,0.16554282718422259,0.23731892257871642
-0.0020364609643921646,4.089581937013008,0.6930836148064886,0.0980022324828217,0.07733709368572239,-0.7834067607501143,0.6088418379018009,0.05607371178584212,0.06301225463878468,-0.3043762675204188,-1.3829799421149056,0.6809244551276867,-1.743545475740628,0.4908674881857508,1.2647997177577472,0.07969788647411896,1.5120245509314312,0.3002886868042866,-0.06908992843129617,-0.10535989132199398,-0.13498791336386945,0.8337149449405633,-0.038976266048210334,-0.024877042116745556,-0.7166562356663911,-0.08550206960173795,0.20440814374678082,0.4241885677706373,0.16862795642148296,0.24573138554090307
-0.0008870309420641103,4.0992901650665745,0.6935060865241747,0.09891179537740787,0.07864015115344418,-0.785570719155058,0.6057316473224648,0.056476367540277475,0.0631847650180425,-0.29905800543790595,-1.3854205859935484,0.6755577730310358,-1.7520259284895308,0.4902350777316548,1.2701097977273654,0.07419556746365687,1.511695196219175,0.30096830562551674,-0.06033475570123706,-0.10505055497609875,-0.12730817150284357,0.7959223261215431,-0.029119127570683183,-0.02351804428064691,-0.7301482863820649,-0.08799556747624274,0.19340434252922228,0.42832557339575206,0.1596024972135788,0.2482207148680717
3.3646363050556526e-05,4.109225255674558,0.6935680669321014,0.09970440614369787,0.08022661876336759,-0.7872537497660808,0.6032033276736588,0.05670593460515461,0.06340065505143265,-0.2930317772525029,-1.387548049986499,0.6696808924838076,-1.7578085689885175,0.48700527512443426,1.276537342399829,0.07072043990297895,1.5101836439161278,0.3005568093487372,-0.054787461491592616,-0.10379037324345845,-0.11895428662361182,0.7619063103060132,-0.01911687064945942,-0.02257927571225946,-0.7478842485470873,-0.08966947207141765,0.17804364497602881,0.4460563923596718,0.14379807271553227,0.2437443806755793
0.0007331725881454842,4.119331047305786,0.6932632977493697,0.10041220555999827,0.08210055743183478,-0.7884368042514416,0.6012855337905053,0.05675838077624404,0.06360952702407437,-0.2862093804467455,-1.3894665689855212,0.6633078543200477,-1.760768946055805,0.48127425851928574,1.2839067991084836,0.06930580008217045,1.5077880572567282,0.2989051579841451,-0.052672720692555075,-0.10154875580676122,-0.10979495774915903,0.7318853508033131,-0.00820582807631469,-0.02327290135571517,-0.7709920687194092,-0.09116543580789299,0.1572480724087627,0.48016265545749026,0.122159435210453,0.2301033827702901
0.0013139622424768625,4.1295920372773125,0.6925484704377758,0.10107296320990349,0.08417125174556658,-0.7891634012148786,0.5999338152417473,0.05662619937697653,0.06378536738387891,-0.27845268114524685,-1.3914530711548474,0.6562128633695468,-1.761254663601432,0.4732742441768089,1.2918860533053902,0.06973532107782339,1.5045552612974324,0.2961926350183917,-0.05357868438128037,-0.09848417806463294,-0.099393856700983,0.7053192200207744,0.0038026246799661148,-0.025023560182088563,-0.7983823536086045,-0.09374871961945674,0.1310999094450453,0.5288320048401164,0.09413872475952531,0.20815165994043822
0.0018217209061806444,4.13995138710483,0.6914342146238991,0.10170735349581966,0.08631546002642303,-0.7894999909478763,0.5990784755761195,0.056310552689987074,0.06392192368081062,-0.26981140283528865,-1.393634094349804,0.6483207080079628,-1.7592380095047224,0.4634921510673037,1.3002427770521816,0.07158071108834964,1.5005363629546313,0.2929061068001812,-0.056959375725407026,-0.0953195845496847,-0.08873932688509008,0.6821527868482803,0.015333884200219378,-0.02537986279394857,-0.8280138112947709,-0.09781389911715666,0.10365171225608785,0.5875810953188392,0.06254105360823,0.1816301617968255
0.002294512073510392,4.1503206259801875,0.6899014197340401,0.10231498121893152,0.08844907519086576,-0.7895204841244262,0.5986366267310935,0.05581631508875743,0.06402534715597319,-0.2604324488799607,-1.3960398675778105,0.6395537799554015,-1.7546038888837985,0.45247922891336134,1.3087186013452567,0.07447615667758416,1.4958819183559589,0.28944596074204226,-0.06241643078068586,-0.09262944631121285,-0.07892756812843678,0.6626991418831143,0.024060000430074134,-0.021872237948824685,-0.8580547532520211,-0.10272912403893088,0.07943724918566138,0.6518104219520378,0.03105427370445571,0.15469148904401334
0.0026556089291610695,4.160788825997717,0.6879580392436365,0.10297048165574182,0.09073114165486484,-0.7892432256680508,0.5985483026278501,0.05515049851786554,0.06404970977521425,-0.25058772140786983,-1.3983342714030191,0.6295745059049206,-1.7469631388257696,0.4397722339140858,1.3175072393075937,0.07871803416425781,1.4904680333181273,0.28592332392649056,-0.07155599660042752,-0.09030542195214106,-0.06985634723430433,0.6483157649130856,0.03191295801100277,-0.011699681808096305,-0.8891829334213812,-0.10772146635285453,0.059441695306823236,0.7215038217777827,0.000983833059293655,0.1266679767115681
0.002922109399775019,4.171310441804068,0.6855775727067156,0.10365910207584483,0.09313372422746657,-0.7886625499310035,0.5988257528736387,0.05432357134108643,0.06397371663366239,-0.24008754510390098,-1.400634392639176,0.6183743197710218,-1.7364972731065238,0.42545223808669735,1.3265128673797801,0.0843328564208192,1.4844598051017794,0.2822878822784499,-0.0841820601683151,-0.08792615648169773,-0.061152798006390265,0.6387217952488919,0.03940312877471169,0.003470496204887509,-0.9216854413644671,-0.11312169230473636,0.04224508254908677,0.7977402611264096,-0.02871401204440214,0.09613867613259987
0.0030528409963444234,4.181893314497378,0.6826111136703881,0.10423555348341153,0.09538745984672109,-0.7877917487610889,0.5995167574621608,0.05335003813270039,0.06387074990985336,-0.22888839451071177,-1.403004621666579,0.606666722525697,-1.7240365425068784,0.4106071250818382,1.3355247999696251,0.09055233604151305,1.4782465326771626,0.2785345004569848,-0.09780816974266254,-0.08535434780794915,-0.05379746699488776,0.632595816430215,0.04025387684538446,0.019011039473893716,-0.9535872157536248,-0.11884048716365449,0.028163460973297492,0.8775701415027828,-0.05778373595065259,0.06652263230290441
0.0029714410676629503,4.192664659859323,0.6788183882644967,0.10455139812883839,0.09721373747086284,-0.786653334533614,0.60066215601068,0.052255260250968605,0.06389359113085494,-0.21705213991922317,-1.405424313788443,0.5952084343320219,-1.7103200770617735,0.3964977037455801,1.3443064230311468,0.09663596298513949,1.4724153174066639,0.2746719388570943,-0.10968858689035661,-0.08275377100228216,-0.049221784897796446,0.6285007382961095,0.02603847080252533,0.030032974551706452,-0.9826930628311842,-0.12444249377819927,0.017650668108280157,0.957326907019884,-0.08579878341740609,0.041764974775312234
0.002699074052923458,4.203277784485868,0.6744020401447476,0.10433101893423405,0.0985617466969332,-0.7853226047752067,0.6022200818681488,0.05105329938355614,0.06423666941793792,-0.20348611230067587,-1.4079632876234196,0.5834438282582408,-1.6952559961336504,0.3839111753835382,1.352803083610732,0.10270606239712136,1.4676922394336513,0.2710363453698909,-0.11695969424475279,-0.07970904099490574,-0.04813135709716742,0.6243014236864711,-0.010872861188236063,0.03536120091862196,-1.007651305565407,-0.12902062887407562,0.01048162263038784,1.036234895142411,-0.11272917987904423,0.023407857816979384
0.002478353332781516,4.213589266490776,0.6686468391671262,0.10364492946187168,0.09959681713793503,-0.7837417754544831,0.6042243225990596,0.04975383222782449,0.06501299317209935,-0.1883103085236384,-1.4105616160349637,0.5712347957864357,-1.678653990626886,0.37337910552420595,1.3607072264940439,0.10888571447765585,1.4648588842691883,0.2674278391289137,-0.1202653757753514,-0.07648889968925263,-0.05010536898646477,0.6164203719453405,-0.05922341240943959,0.037370050895162855,-1.0303328936203904,-0.13230750612433617,0.0062615396116883,1.11703611702896,-0.13936605839473856,0.009766928285168171
0.0023590812948512635,4.223491963177156,0.6630303855994498,0.10304717592844642,0.10016589490774097,-0.7819533644158821,0.6065451416911912,0.04836587766719465,0.06625315829897298,-0.172400408615713,-1.4136239008435336,0.5589799708480475,-1.661582667041208,0.3623987023119957,1.3681601183164525,0.11520490752654099,1.4615689762306627,0.2637637483339306,-0.1256391295870709,-0.07440906716850076,-0.05381209866821549,0.6178195367123532,-0.13397237184365907,0.03715518533585251,-1.0486443780733485,-0.13513991079734133,0.0047769456294004895,1.1943511825789528,-0.16338833529946573,-0.00022140301936824378
0.0022297353510252246,4.233103957235101,0.657516915934601,0.10282156199991846,0.1002954264936474,-0.7797955199815564,0.6093336531236806,0.046893992415022574,0.06793127203852381,-0.15705092230209353,-1.416874286607783,0.5480580331765538,-1.6449155207789736,0.35102425070439786,1.3749745068847583,0.12103210632025518,1.4574078831889452,0.2597498181765669,-0.132813734338751,-0.0742637140510207,-0.0599099526040454,0.6209826941980618,-0.20583433692081757,0.0344389642968743,-1.0635029956383086,-0.1384486871187414,0.005352775508516009,1.2676971879614718,-0.1849815097992323,-0.007619647707457253
0.002170470970392394,4.242486199531094,0.6521804322691511,0.10304687149782338,0.09977425006086753,-0.7772189820354011,0.6126639333787806,0.04535940812272569,0.07008191787799363,-0.14277367894191823,-1.4207370919461206,0.5389718206818342,-1.6285696312109263,0.3392709295459287,1.3805831382415914,0.12610360591075626,1.452597684299822,0.25529548531892177,-0.1430548739266238,-0.07684215405753707,-0.06961239473373819,0.6271886736383243,-0.27103742282704,0.02682029917915036,-1.0747507060879156,-0.1424014351099288,0.008773746640569964,1.3371763534077796,-0.20392256042698728,-0.011853111920597086
0.0022107358676322947,4.2516781111602855,0.6470195639701402,0.10355168129782333,0.09867648884587124,-0.7742530645836818,0.6164999528241859,0.04378002746609656,0.07272850839072545,-0.12911674173022725,-1.4249901094313995,0.5313365846712652,-1.6120364444389883,0.3272635931231132,1.3850668518967315,0.13063032518919138,1.4474013686571388,0.2504197761239487,-0.15586291298138868,-0.08144781942245988,-0.08223635281211998,0.6369600353443302,-0.33359827934827985,0.01473351313177087,-1.0824043413609652,-0.14622746423821842,0.014707666598748918,1.4035684917879976,-0.22057761000363768,-0.012382277188037808
0.0022490524407564735,4.260881391613854,0.6422535915911022,0.10438064024512593,0.09736638925781686,-0.7709377703999386,0.6207088064106117,0.04215416621136456,0.07573543031800715,-0.11589981416425707,-1.428881953115421,0.5248288791194964,-1.5954267096884456,0.31411320465166664,1.3890487481254985,0.13493363583118667,1.4406957475199422,0.24497283853800336,-0.17100786119913491,-0.08705933716586668,-0.0947442804584634,0.6486709911864325,-0.39192596581258604,0.002183880510109508,-1.0865752493777607,-0.14986874901138034,0.02121825304486689,1.4650404135977129,-0.2354405814488181,-0.01068439839174271
0.0023008824056297648,4.270081955236035,0.6381545650923902,0.10558245045992112,0.0961711851824755,-0.767318546706297,0.6251605371230773,0.04045447085121,0.07885162027935241,-0.10261751667167023,-1.4319355299848313,0.5189866534642226,-1.5789952836053582,0.2991594302360928,1.392918650161671,0.13937989627825834,1.431434040441951,0.2388198324930868,-0.1877190968820526,-0.09286714039128233,-0.10409657790571535,0.6598146619583362,-0.44317282011388354,-0.0066285300861615775,-1.0872608549310767,-0.15382090815435948,0.02637860442461491,1.5194633318595168,-0.24938255818161392,-0.00877067537428659
0.0023667049302385193,4.279007862373185,0.6347045599258413,0.10734572258927357,0.09519378060671388,-0.7632775799389171,0.629938390589254,0.03865659237347819,0.08178605225609085,-0.08897418159786834,-1.434128674292533,0.513952425378976,-1.562255736651551,0.28249636638694703,1.3966926815340046,0.14390183346059396,1.4189954231673911,0.232366829760854,-0.2064045226227589,-0.09929696121440175,-0.10991199728886733,0.6700609048398477,-0.4854951781554529,-0.010380297023370543,-1.084721054614684,-0.1592736910213466,0.02970157351221968,1.56678976511861,-0.2635385238070244,-0.007154026917515603
0.002241419530397213,4.2875860675857815,0.6317524928081134,0.10954638105864489,0.09427570436626434,-0.758792861472789,0.6350945404749877,0.036754502171707906,0.08434393740292245,-0.07513280197886438,-1.435222112301033,0.510013780213056,-1.5455553433830076,0.26432628503591105,1.4005936503671519,0.14828513946281888,1.4038794234986363,0.22547907462760874,-0.22692477705162728,-0.10643681234872891,-0.11349240514331484,0.6803033096114486,-0.5203389771547364,-0.011376907225637846,-1.078949588706941,-0.1657651244476488,0.031694809002678764,1.6079782395932498,-0.27800207501704277,-0.005124137472380548
0.0019036893360050405,4.295753294364254,0.6293059065807203,0.11176288836338762,0.09328509779564816,-0.7541162509473283,0.6404027071859358,0.034719649711846316,0.08646635326255026,-0.06065349613289887,-1.434916795831663,0.5064927090785549,-1.5307091483459692,0.24498120055249245,1.4047405307154126,0.15281273549230612,1.3874232467331868,0.2173232608677617,-0.24703496566672073,-0.11320227243562037,-0.11470992325727364,0.6891480160493333,-0.5493533120682356,-0.010919579066216972,-1.0695569009342512,-0.1716590465533199,0.032490784980215924,1.642635567797012,-0.2919433772402325,-0.0030625155798546595
0.0012673451986839543,4.303493435707808,0.6272808393865663,0.11357669790616318,0.09210549366196669,-0.7495580913555349,0.6455846802809566,0.032520969664495546,0.08821197093084077,-0.04466208865687353,-1.4325394594948027,0.502407300571521,-1.520119160473645,0.22534187616499357,1.4093572870373943,0.15790380989201297,1.3714939111103315,0.20718708641171024,-0.2645073714014317,-0.11836350041668216,-0.11345492365025654,0.695284231135162,-0.5742676966843545,-0.010127223296357485,-1.0564203951944937,-0.17527409974861755,0.0321545005221762,1.6704986562384934,-0.3046635122824272,-0.0014338736205866858
0.000516341578137882,4.310952486348996,0.625635769754022,0.11489073648690341,0.0906728542308423,-0.7452647347863359,0.6505067465130411,0.030150724000614314,0.08963295253342175,-0.026475945425159537,-1.4279330498442837,0.4969963326517573,-1.5150477935331768,0.20584737976885706,1.4141870831700498,0.1639280962704899,1.356847253245894,0.19506786334257187,-0.2782159208331156,-0.12162632499737329,-0.10933081425878065,0.6971686732932448,-0.5958547151584102,-0.008814408483492353,-1.0394985034021367,-0.17585039439795488,0.031307736660010396,1.6914081954063729,-0.3159154485146038,-4.387699757546997e-05
-0.000317811545842953,4.318137717326318,0.6244869316693241,0.11593004501196545,0.08905926452916545,-0.7411603812877451,0.6552174915815759,0.02761184967499534,0.09074270377394154,-0.005991374110109816,-1.4211875542767816,0.4903026602062058,-1.5148684237264571,0.18659063636745024,1.41904946273506,0.17091621287490408,1.343098225270634,0.1816202619863026,-0.2890144114624198,-0.12358259719889307,-0.10283045425167577,0.6950019717803673,-0.6133349271733833,-0.006467874110019327,-1.0190280267664038,-0.17445365312611683,0.029962518398552043,1.7054189921630742,-0.3259165617541696,0.0011976361838660146
-0.0011251784488516907,4.325135656542968,0.6237337485344104,0.1166891592465333,0.08748725687098649,-0.7371657918760968,0.659784976554646,0.02492420120671522,0.09156621365786635,0.015861546306888283,-1.4127027204508267,0.4827425401953453,-1.5180467323109728,0.16751188985088833,1.4236387672141446,0.17891167288390833,1.3302626583041905,0.16711889319285797,-0.28993559891756854,-0.12356686053665186,-0.09543220502468233,0.6723589754948083,-0.6368990008901192,-0.004274203589579337,-0.9961872869180908,-0.17247548775025184,0.027481996316847092,1.7132384113209949,-0.3349600583148756,0.0014528686946796718
-0.0019339304736539816,4.331858973572117,0.6235836871834728,0.1176970756451405,0.08567354302809214,-0.7332959025462092,0.6641419740676962,0.02206899122552931,0.09216999528391197,0.038061277270805674,-1.403666796863103,0.4746119788139915,-1.522828881063138,0.1484906263627999,1.4272283582589864,0.18791132170380828,1.3181635672825658,0.15183849826099463,-0.30261712242341215,-0.12527899583307486,-0.08759764944976801,0.6756159935994618,-0.6410219417554474,-0.0020206134513476967,-0.9717720270881712,-0.17213992122377816,0.024704258935371783,1.7147359430670774,-0.34318059620621383,7.215621069003799e-05
-0.0026928584081937833,4.338283300640419,0.6239761956172453,0.11886962633750102,0.08369335745872925,-0.7295139677989979,0.6683373434410431,0.019099785538373926,0.09255994782194739,0.05980039329910239,-1.3945100508798465,0.4663672173970941,-1.5287875590942892,0.12952497274746505,1.429546717258938,0.19808210491157957,1.3076580700332687,0.1357675737841567,-0.3158865782151372,-0.12755580620584048,-0.07951041070857966,0.6804608221199068,-0.6394012923945277,4.290610764687476e-05,-0.9459719223642042,-0.17379733632131383,0.02139378296341483,1.7101209983291,-0.3508562349740708,-0.002388869019490865
-0.0034211499920914243,4.344222996357794,0.6249209157648039,0.12009383431389209,0.08152776284724546,-0.7258507866452015,0.6723624992304768,0.016028366773383904,0.09275527599544875,0.08157571310991653,-1.3851459513255506,0.457701024472805,-1.5363600595670854,0.11087593164767821,1.4307727435676,0.2094174208672887,1.2987619673918618,0.11877838328951215,-0.32830019846835895,-0.12991275634317123,-0.07074415230483656,0.6847584374384003,-0.6325221960466479,0.002230428919850216,-0.9182847225329627,-0.17672450356402583,0.01760004951783929,1.6992381869781248,-0.35799034171086636,-0.005737631489969138
-0.00431204447604966,4.3498623864652055,0.6263280773410457,0.12121912779976371,0.07944795920696895,-0.7222623269480262,0.676262579110315,0.012894434801038345,0.09275461740620938,0.10313581013388352,-1.3751648369670058,0.4484599875849725,-1.5441973619723106,0.09231719431599737,1.4315217299167864,0.22159536916707964,1.2899522235470435,0.10152537895336033,-0.3394379822785323,-0.13138101716551576,-0.062331700090203265,0.686933925529986,-0.6220826554306266,0.003722063171252077,-0.8895553903807468,-0.18093561907620972,0.012109723387264692,1.6828006303416132,-0.36496588052149187,-0.011396751114223676
-0.005446933498764698,4.35543368943567,0.6281921391338345,0.12220181207544165,0.07781624476133768,-0.7185433100955266,0.6802255954414579,0.011489384552940643,0.09263941338431371,0.12144139972109397,-1.3652568523840252,0.44081883793316784,-1.548295641696707,0.0757369862335751,1.4322189398124057,0.23181236287046791,1.2830158998562873,0.08424730403866679,-0.3488351223073351,-0.13131676887317129,-0.055898199464293336,0.6850302810157138,-0.6115654091712273,0.0036486094783576306,-0.8620953778468099,-0.18603552045826507,0.004707219338288563,1.663162877211036,-0.3721883032096507,-0.018856159298153416
-0.00682918787803237,4.360759959830618,0.6303770948068762,0.12265490779878432,0.07642151486715296,-0.7148473837247084,0.6841847291778889,0.009908653044827355,0.09240387373016415,0.14097611476614463,-1.3545055698575756,0.43083742116730556,-1.5518236943220927,0.05852898586432297,1.4330836406937573,0.24428238256489085,1.272849526559297,0.06704837716528286,-0.35652307843163894,-0.12892872736682487,-0.050649157360487945,0.6803477676470012,-0.5980391382902726,0.001417790907250215,-0.8327192661153731,-0.19311988026661883,-0.006863545515550713,1.6377562974729845,-0.38106538309210425,-0.03180232375396927
-0.008351337516699501,4.365886090616152,0.6329310021389551,0.12275918678083196,0.07525071788348223,-0.7111031273951361,0.6881859150896555,0.008185097196580327,0.09202586501819746,0.16026590045825584,-1.3435070786150505,0.41977483281237904,-1.5542891077586012,0.04090743035343784,1.43412218689268,0.25771636847625407,1.2607257088228097,0.04969483762418769,-0.3624503312854245,-0.1250146657907645,-0.046791644241083674,0.672746738857468,-0.5818912513677035,-0.002772952560316177,-0.8019122022975235,-0.20167197652635532,-0.02194765001914388,1.606900420774866,-0.3916435721229329,-0.048752236798455945
-0.010136027654487682,4.370866476019543,0.6358174251126478,0.12268910303007803,0.07436332529670325,-0.707404107092403,0.6920960259366413,0.00634368343217531,0.09150103113357351,0.17888747278026093,-1.3324948131575118,0.4079735067204731,-1.5555762298157996,0.02304688812353537,1.4354884511765535,0.27125513844599075,1.247247999561878,0.032710550092928434,-0.36677170676624504,-0.11992059535937673,-0.043787630680207495,0.6619409398588207,-0.563808499736105,-0.0077890073445710025,-0.7704455091627406,-0.21005292931419695,-0.03919458126441233,1.5714161483105198,-0.4030770883964161,-0.06729745600829325
-0.011979627658243322,4.375734320040816,0.6389724926738326,0.1226353054225316,0.07377302171685396,-0.7038651944420291,0.6957671386202225,0.004393402666898624,0.09083814961364335,0.19660129297595555,-1.322373301918098,0.39549503725744356,-1.5555276734649028,0.00514101566301782,1.436724527747174,0.28423244323339086,1.2329673738051554,0.016596326071011278,-0.3695392016527487,-0.114220287360207,-0.04092236330026776,0.6475731913473226,-0.5445095390690072,-0.012535629014197875,-0.7392934330123997,-0.21691621839831995,-0.05651262006115268,1.53215285955674,-0.41386837319052516,-0.08520042758049741
-0.013924373521576114,4.380380813497522,0.6423385654535211,0.12254307083912308,0.07352274048751406,-0.7005167710888571,0.699180846307853,0.0023368586487577734,0.09004675152198982,0.21349478697720425,-1.3132394688356304,0.38215306074940847,-1.5538948186600734,-0.012550284450156244,1.4380331908001664,0.2965652140161702,1.2179533408476817,0.0012005914112428948,-0.3703668969872873,-0.10759978748689744,-0.0379570762068109,0.629167039063201,-0.5240644282601903,-0.017033077984983193,-0.7085935990018695,-0.22209502296201591,-0.07405479253442358,1.4890677355120443,-0.42362498812100446,-0.10352333896796732
-0.01590469705093897,4.384900499921078,0.6458335324277802,0.12236600412495412,0.07359083041514158,-0.6973173971432638,0.7023954714793125,0.00020214679453134246,0.08912585490262875,0.22910986311110917,-1.305169493368632,0.3680702457947166,-1.550264726016375,-0.030248474793055844,1.4394115763320439,0.30849588354351243,1.2020455639194483,-0.01371804833871878,-0.3694726986381918,-0.10002604795881744,-0.03511781919773049,0.6072644188231163,-0.502439892882477,-0.021687608045051647,-0.6782761084367928,-0.2258542842594398,-0.09227716541091259,1.442237620723349,-0.4327802240641086,-0.12258869336096967
-0.017871713335900097,4.389446965897588,0.6493695617449239,0.12223836009128758,0.07387358786842944,-0.6942934160027419,0.7053772953766532,-0.001981255141824481,0.08807010610073007,0.24291772817143986,-1.2983225953537998,0.35377949456045626,-1.5447406838846383,-0.04811532245425739,1.4408270040220885,0.319777294369677,1.1854466407864457,-0.027784923688392,-0.36761952866293585,-0.09221574369539012,-0.03240400550462682,0.5830765926741994,-0.4801158506133706,-0.025776229397890753,-0.648602141803132,-0.22748925756872782,-0.10983532815509581,1.3923102919692145,-0.44041940492759685,-0.13891680859837718
-0.0196718052166114,4.394128550592243,0.6528711869519661,0.12230253645736247,0.07424281281693176,-0.6914750214081906,0.7080906644559497,-0.0041934503650214346,0.08686598952055946,0.2545179674412349,-1.2929774191248578,0.3398636319927764,-1.5375169990918485,-0.0660976130474277,1.4420465244215315,0.3300711441929263,1.1685782365458846,-0.04065780938419837,-0.3655966231394295,-0.08501669077090199,-0.029744629630510024,0.5579057794688078,-0.45764768522763666,-0.02836394185624656,-0.6199279056360067,-0.22638945254638831,-0.12477838636961912,1.3399728206038963,-0.44462393426156227,-0.14853066856068387
-0.02146601126409519,4.398730353284567,0.6562882453883628,0.12252311970766418,0.07474541001538762,-0.6888972407237011,0.7105081284137462,-0.006443413557373751,0.08549666099918661,0.2643150818688097,-1.2887690271329333,0.3262139878270639,-1.5288897701665443,-0.08374500831541991,1.44346481628158,0.33899949732571527,1.1516374462059173,-0.05228529717737953,-0.3631324140856962,-0.07819583982468188,-0.027003911398044894,0.5314211408662848,-0.43487249146348306,-0.028921826905548318,-0.5925281557260185,-0.22172768593763065,-0.135809080108855,1.2850686171739716,-0.44336229230725055,-0.15139742822604832
-0.0233001118629544,4.403188117288332,0.659561659680166,0.12285136735842948,0.07541925144475597,-0.6865540633026739,0.7126450702925442,-0.008718756853777742,0.08395560515553462,0.2723839233582429,-1.2855719446499783,0.3127316382211779,-1.5187952082901497,-0.10109411017475742,1.4450679968031417,0.34669198486546626,1.1345273638311442,-0.0628926274072952,-0.36011941096590283,-0.07150269797438982,-0.024084739762622046,0.5035680286627267,-0.41186959259993383,-0.02782370751074918,-0.566508954377885,-0.21419717501285704,-0.14320723205163038,1.2275148167340337,-0.43660087957459653,-0.149171554362122
-0.025106047511012586,4.4076302283527635,0.6625875153404166,0.12334396639371316,0.07612692382322772,-0.6844127726901729,0.7145418910057193,-0.01098537299683636,0.08224012366317349,0.2783822486384513,-1.2834420591878726,0.299976089242467,-1.50729613386112,-0.11842497815026759,1.4465145854247592,0.3535764189536729,1.117292554302228,-0.07251575478023933,-0.35732739613886155,-0.06546705152167309,-0.02108727975773252,0.4759023513258812,-0.3894876609368251,-0.02539868125279096,-0.5412950617122907,-0.20552505102809862,-0.14813653156323273,1.1677168849121418,-0.42543698189201967,-0.14022639420260866
-0.02679108605814449,4.4121389477443795,0.665228377221432,0.12405703024063038,0.07671244483812527,-0.6824236447933655,0.7162562551781114,-0.013216417684779963,0.08034321592741342,0.28222483004094534,-1.282308283965467,0.2885746619101528,-1.4946763972906887,-0.13568890025963845,1.4474767936672124,0.360087528919394,1.1002109131648021,-0.08118290476352141,-0.35574173807377735,-0.060615977318713446,-0.018264016306884488,0.4504889512012425,-0.36879663227971055,-0.021986068633169063,-0.515773598487537,-0.19727141487752567,-0.1522122537806409,1.1057678767500911,-0.4110430203582665,-0.1220437374215341
-0.028485551005967974,4.416721002616691,0.6674794481594882,0.12501641225144128,0.07714862054584147,-0.6805667348214085,0.7178077085614075,-0.015370352092289982,0.07827052484367299,0.28410307307726257,-1.2818862869830352,0.2786353000453871,-1.4811044008361123,-0.15274025296636143,1.4480194938478428,0.3661827490659315,1.0833280758134964,-0.08880731033812495,-0.3555239935899273,-0.05694719488040169,-0.01582609987246577,0.42762910105097574,-0.3502000340834413,-0.016878377228093905,-0.4886003761074858,-0.18988379383846657,-0.15628345895725212,1.0398097225454297,-0.39120761836692397,-0.08979227256840853
-0.03004170828973897,4.421236466106873,0.6692939502220581,0.12619468156185423,0.07747697539049733,-0.6788497426964338,0.7191906892270148,-0.01745722978610337,0.0760042911249226,0.2844488992300262,-1.2822327014015542,0.2698412658520204,-1.466721573739241,-0.16928225305921385,1.4478804634306301,0.3717505063264451,1.0668287577730389,-0.09534059481567743,-0.35634454332648735,-0.05433249954322935,-0.013739738845386821,0.4067619854367739,-0.3333988704728105,-0.010134540360716536,-0.45967374923925985,-0.182655449967356,-0.1593433032459105,0.9690230067260627,-0.3649816418938565,-0.04498670456775053
-0.03136106925577818,4.425862901737164,0.6705397086840034,0.1275679579991246,0.07773344436377289,-0.6771772293346328,0.720496306576202,-0.019452754107784187,0.07356610552430604,0.2828492087260619,-1.2828857777271425,0.262732379323304,-1.451751620862249,-0.18548002862284063,1.4470733134074738,0.37679953008934686,1.0509103970998308,-0.10102807758080366,-0.35874283915588784,-0.05261467497923656,-0.012053282281099465,0.388529059925773,-0.31852597517183634,-0.003268148955828977,-0.43063604948572964,-0.17508964542577957,-0.1607772850894798,0.8960121937704306,-0.33708070461485384,0.003868720503828235
-0.03254783668141849,4.430573058512938,0.6713442185411037,0.12887195510358365,0.07796533596373369,-0.6757259497832886,0.7216009051860419,-0.023645046804450943,0.06798029775323804,0.2786445833881641,-1.283567160719187,0.2563538511404308,-1.433083501486738,-0.20324970342945223,1.4466037657560655,0.38308683577012187,1.0310613836923417,-0.10572448353355111,-0.3607758846802115,-0.051114475992350715,-0.010639442123594075,0.3699049974222603,-0.30232998859163007,0.0030211617190732086,-0.3963035454318205,-0.1658354275928343,-0.1616014341024563,0.811899749889913,-0.30702319311991816,0.05528819720932971
-0.03381157628569086,4.435377863104666,0.6720812074010285,0.13048267844196496,0.0783329639844771,-0.6742734353866079,0.7226296089366666,-0.02705831506370503,0.06294173422229109,0.2728256759379718,-1.283429294504943,0.2530226115281206,-1.4180279877052533,-0.21976613974446466,1.4458310234831016,0.3882082555591839,1.0161364445649144,-0.10930678145775173,-0.36688054146649574,-0.05006064968680141,-0.010083715813695836,0.35736195570420637,-0.2908531669380724,0.005574819403066574,-0.3738029274088839,-0.16092070101978545,-0.16280540026570686,0.7426444104844703,-0.30297180086219366,0.08701966347264621
-0.03504330233689153,4.440145230586277,0.6727762069998454,0.13225913953561408,0.07870451529584653,-0.6728873825113695,0.7235576616540959,-0.029834894491055773,0.05834885276112139,0.2657033285521422,-1.2828987436468036,0.2512960506933423,-1.4037993680309966,-0.2353236631512336,1.444369427548722,0.3929652492392632,1.0030654116247617,-0.11226301192865783,-0.374038942627678,-0.04936719537125107,-0.009870623773246212,0.3463170739718992,-0.28047650919489786,0.006593294951592444,-0.35258808495857225,-0.15458851746060145,-0.16028433458971655,0.6781306531656522,-0.3133189762123338,0.11332113732625983
-0.036198796813792594,4.444883090139219,0.6732865497412992,0.13411392762501087,0.07906216137959533,-0.6715563966897327,0.7244133040744649,-0.03205952127615217,0.05423661505182798,0.257274376652164,-1.2817175969516346,0.25151723719148494,-1.38951046652762,-0.2500196606947825,1.4425072289526457,0.39730427842332594,0.9909651722023884,-0.11473967024142419,-0.3826871071862085,-0.04893430590234819,-0.009828925913563446,0.3378794957883131,-0.27117232471512537,0.006404749711178894,-0.332826126418275,-0.14918344877076467,-0.15766321790178983,0.6159986644415402,-0.32580992835643036,0.13336772598080146
-0.03732151703570706,4.449670528753939,0.6736127443645082,0.13593388511346596,0.07944445864704898,-0.6702355304789365,0.725255052069171,-0.03379608360641002,0.050706351642694526,0.24720806534557174,-1.279555123444022,0.2542410578499345,-1.374070835375286,-0.26383809821651866,1.4407793214466948,0.4009407727640899,0.9790427797349598,-0.11704383899779948,-0.3935391076634206,-0.04844146536936783,-0.009722926636518477,0.3335435781267748,-0.2631227036535392,0.005299752279732482,-0.31582097157970995,-0.144421899750028,-0.15569722398038902,0.5591165937924586,-0.3363153260223763,0.14693715006591793
-0.038413445102580386,4.454447014815542,0.6737590579550771,0.13772644485289653,0.07987577247170678,-0.6688949663989168,0.7261066115154325,-0.035098174988515536,0.04787208860561964,0.235325429277982,-1.276254505512299,0.25960392700041096,-1.3579922202649588,-0.276601306344992,1.4393043308754916,0.4036698712913784,0.9678210587107283,-0.11896902250524294,-0.4074144594459731,-0.04796413153288968,-0.00977139648409278,0.33466091500180317,-0.25670858715442363,0.002642852859170133,-0.30339330101806783,-0.1402209667098266,-0.1545971164429493,0.511215932647549,-0.3443891098746323,0.1527067791649664
-0.03954113794294312,4.459128024647051,0.6737463913810193,0.1395044112043396,0.08038812310240641,-0.6675417499543124,0.7269554876239247,-0.03600646838572672,0.045786207037079626,0.22169788342298666,-1.2718235783419427,0.26736371672356524,-1.3416361622409292,-0.2882921707777002,1.43804346451112,0.4054789212557306,0.9574929595491406,-0.12043618650520443,-0.42415252859297325,-0.04744561668313264,-0.010081084507727024,0.34094010835149785,-0.25210892872676444,-0.0015855675315264888,-0.29577264652828955,-0.13658192217870607,-0.1539744870274741,0.4724953835247796,-0.3520845266058641,0.1514281221772093
-0.040751035761862855,4.46377579475052,0.6735968260762555,0.14119277012187886,0.08100288644623475,-0.6662062475495149,0.7277859367827082,-0.03655715832651728,0.044437773801303336,0.2065347130978792,-1.266550941366453,0.27735808159563524,-1.3236982881098027,-0.29901476015202605,1.437058317313259,0.40645358065063464,0.946924003736577,-0.12195548102417617,-0.4428259193277433,-0.04648048776951667,-0.010169980798543504,0.35109086999822237,-0.2490738244831087,-0.006175182261520539,-0.29148417210699284,-0.133176204174628,-0.1535133854037266,0.4402201192136024,-0.3592288845521887,0.146474086083275
-0.04192194701878214,4.468437627576227,0.6734380272089378,0.14272295675551722,0.0816790141631327,-0.6649449926287577,0.7285649271260892,-0.03679880519772314,0.043763093655401056,0.19015656241282153,-1.26119130701892,0.28932394190392424,-1.302729971548754,-0.3087388444631602,1.436274620313581,0.40677174882897654,0.9350716502046392,-0.12406283292779889,-0.46210141627060475,-0.044841733534950516,-0.009482276230670734,0.3632458836940794,-0.2469622058003937,-0.009853572661464204,-0.2881999361347611,-0.1296664062638685,-0.1531197481630983,0.41009270293706135,-0.3648777619853614,0.141415976661376
-0.043030765965107874,4.473046873465694,0.6732738156578825,0.14419325671860184,0.0823832503386721,-0.6637824886171186,0.7292558622224334,-0.0367655026831258,0.04371099041255331,0.1723539324408784,-1.2560088176893394,0.3034445974537156,-1.2783776912110456,-0.31759993387475643,1.4358860891081322,0.40624781526860604,0.921727295037651,-0.12673842969111565,-0.48216238919732324,-0.04274178639178594,-0.007804260892075433,0.37750790742002693,-0.24561843638839573,-0.012448373679450508,-0.28536695658882094,-0.12581368599288179,-0.1538823531978303,0.3805840227996597,-0.3689761294222006,0.13730460356439037
-0.044178538507626854,4.477628722152695,0.6729100574318446,0.14581600075283,0.08283965696552978,-0.6628048369721665,0.7297705346508482,-0.03646246773293674,0.04427553438727829,0.1530963238104445,-1.2511723161815358,0.31953888705611827,-1.2514104803735213,-0.32608743609070595,1.435904165146635,0.4053968636048647,0.9067651140282721,-0.12933578742737592,-0.5035046427163152,-0.041066220502066805,-0.005193097041066422,0.3947136750154737,-0.24536527799106486,-0.014542459729429325,-0.2757004743862423,-0.12071161771511943,-0.15860743752894332,0.3383362992163222,-0.3805592770284343,0.13253679226120327
-0.04526371347602466,4.481912836262929,0.6727134565330589,0.14688881522245978,0.08366424548085626,-0.6619247219718849,0.7302599759216609,-0.03595832638585535,0.04542699028369537,0.13329115051604798,-1.2465841020915105,0.3367196772362597,-1.222062707253928,-0.3329078795378077,1.4365111106688873,0.40402030220895424,0.8910576721161574,-0.13252177126486053,-0.5241118423793462,-0.03759024019157342,-0.0022975738105694647,0.4125455905828019,-0.24562429344741402,-0.016147446412894655,-0.2766481368146276,-0.11580548876808325,-0.16015313659430966,0.31725330117762507,-0.37800198405403457,0.12813900455472557
-0.04636337194372672,4.4858854283832885,0.6730411696801112,0.1473928996434483,0.08447426452880456,-0.661328938178649,0.7306048639959328,-0.0352980558032558,0.04715612501789145,0.11414030468377637,-1.2425847915578871,0.3539889371191417,-1.190851186843248,-0.33820200828768154,1.4377496861206653,0.4033252598263779,0.8738828430890361,-0.13605198675192998,-0.5420523698877654,-0.03277556919897426,0.0010677972774630268,0.42887785843322535,-0.24554143704452533,-0.01692971961820315,-0.277113766079207,-0.10999303791574486,-0.15939651286906048,0.2978087430087533,-0.3731694703612817,0.12320510864755832
-0.047498434612538276,4.489391284347217,0.6735862923832142,0.14701574672133524,0.08505451902957854,-0.6610976372807587,0.7308228328332489,-0.03449754338617589,0.04969011869573686,0.09702202824647728,-1.2386692323697845,0.37147424134707374,-1.1581927664478908,-0.3410831615486963,1.4397982316845426,0.4032968960860454,0.8552456744509509,-0.13925967106428647,-0.5564448271103986,-0.026791874519811163,0.0036351277437469674,0.44395953355369616,-0.24542586033536926,-0.01742364437769258,-0.2832793050798669,-0.10430293467927684,-0.1556816292353249,0.2953418685592404,-0.37328385592373975,0.11670590337648802
-0.048705468701885093,4.492671987328303,0.674218576874749,0.1459781810113981,0.08552776989172263,-0.6611601987410436,0.730918985145862,-0.033565223196446115,0.0530562156019008,0.0810057650056647,-1.2347950279068043,0.3894913978570221,-1.1238737782363288,-0.3423236447675897,1.4426800867982934,0.4037588130704615,0.8349776942920789,-0.1428300087348608,-0.5684645527556353,-0.01945483939657436,0.006271389935374334,0.458634811455832,-0.24563697700058318,-0.017500469945199104,-0.288166412014987,-0.09715280254492085,-0.150335122784567,0.29393351855414757,-0.3715522091867912,0.10929379980067046
-0.04987992092685642,4.495902118388282,0.674948013752508,0.14475573517211787,0.08603081099791408,-0.6615360629945465,0.7307629670772167,-0.03254802710227833,0.05694116140182422,0.0659203092073848,-1.231912666463601,0.40658678151813604,-1.0886319799048498,-0.34329278507235567,1.4457190418428656,0.4056201241681722,0.8130123079524496,-0.14635266998429203,-0.5792677918339086,-0.011427777750923273,0.010393404696006836,0.4725796067636624,-0.24592454850855552,-0.0158604538783839,-0.2926139288059147,-0.0895352320949304,-0.144239510252606,0.2924819987111269,-0.36824063226262854,0.10317872108498748
-0.05094771618716235,4.499253422707644,0.6758055364885369,0.1438407194464141,0.08667862513143622,-0.6621442654379857,0.7303161199932898,-0.031501094063381065,0.060783126132459335,0.051352265722577256,-1.2310332158434236,0.4218003941643036,-1.0530242625470354,-0.3452945538979916,1.4480568092810917,0.4093932747692741,0.7892512487931306,-0.14953838162421523,-0.5902884307695552,-0.0033849638924670794,0.017253487463741998,0.48591410279974906,-0.2461738831780949,-0.011213278713038522,-0.29850065696331746,-0.08264822822036107,-0.1381886400633843,0.29165867711008675,-0.3643277475114256,0.100397648295181
-0.05176433968714964,4.502751183038051,0.676768503752908,0.14348578493690226,0.08756813720636544,-0.6630903271498096,0.7294209134015883,-0.03050295432750512,0.06404274547830113,0.03751530232318782,-1.232771208780201,0.43475088351512436,-1.0170385206379977,-0.34922566098422586,1.4493307120107584,0.41573833499902774,0.7630338515723509,-0.15232923944217028,-0.602447620527813,0.004612406849945219,0.02747720462633718,0.49891265809904295,-0.24638840749624671,-0.0015924848456677315,-0.30685724777299334,-0.07697365837048173,-0.1316137337844325,0.2913338775901214,-0.359185252818648,0.10206516710456943
-0.052344435476784815,4.506247457966586,0.6777631216306567,0.14344082117626583,0.08853711988112926,-0.6643578725220595,0.7281583113866085,-0.029589282790816882,0.06653454089298357,0.02452266133848307,-1.236865238943744,0.44606498836136543,-0.9802055852058335,-0.3543490455889314,1.4497993660280266,0.42428246030542704,0.7344930884455062,-0.15491409545964785,-0.6148021577920841,0.012745253276333964,0.04037514783570612,0.511503648077003,-0.2467512546335126,0.011948131650506007,-0.3163924828368295,-0.07208411881759191,-0.12421472457954577,0.29100896328087594,-0.3524102244074523,0.10681963052635146
-0.05269670242178164,4.509766554313542,0.6787190152116942,0.14347216082831174,0.0893294109301479,-0.6658463369642648,0.7266943311746689,-0.028761789861277757,0.0682881338468901,0.012126726424810705,-1.243315870425018,0.4556049254757367,-0.9423728628301246,-0.35979810550563257,1.4494449609470539,0.4345254534498504,0.7046395204215933,-0.15690823507450588,-0.625712475959133,0.020473219317023013,0.05524659971408947,0.522613283417689,-0.2471957424218459,0.02607385062233372,-0.3256923028903198,-0.06805307342976331,-0.11714565786546811,0.29058466359659507,-0.3452068233004428,0.1129379939720901
-0.05286311560846772,4.513129485647534,0.6796039469845047,0.14330520306794428,0.089697457915444,-0.6674736477476496,0.7251875029119089,-0.028006403040804154,0.06951939679688321,0.0007678547203219424,-1.2519276245991853,0.46294592010635993,-0.903963786407396,-0.3641106925248702,1.4483064845944749,0.4458854777038578,0.6749921991171968,-0.15790569635952012,-0.6334197460427792,0.02726833308222253,0.0713927640150559,0.531267315639633,-0.24755477704749268,0.037348107729405236,-0.3331869129988495,-0.06496322131751149,-0.11158191011198322,0.28994365434723013,-0.3387681388495418,0.11876061516883855
-0.05297596616694027,4.516302613330894,0.6804315049836702,0.14286253216843672,0.08963944872005654,-0.6692580207094501,0.7236357977958643,-0.02732754869250919,0.07037870905030878,-0.00913696000008772,-1.2626486297254031,0.46757464180875513,-0.8642641839767639,-0.36708867974360565,1.4464029937254463,0.45879499459719675,0.6452073988019281,-0.15753777337075145,-0.6372505011106233,0.03325021716501268,0.09015695760404908,0.53680216001067,-0.2477740161308794,0.04490514607447363,-0.3383959024457954,-0.06291113249152695,-0.10817161436150137,0.2887546513299915,-0.33323999821186306,0.12479309147005212
-0.052952402922014356,4.5192957737798505,0.6813653263222164,0.14240781689827717,0.08912049040806495,-0.6712733065361755,0.7219208404026605,-0.026723861973763138,0.07092604163928433,-0.017627563481781117,-1.2758448163398872,0.4697658733029172,-0.8232303924669023,-0.3693724424932208,1.4434852211940812,0.47358452770724146,0.6146728024855584,-0.15488841326243968,-0.645086868712412,0.03797079305641097,0.11785164949205645,0.554212679758176,-0.23900004244378345,0.04935627007481421,-0.341819549105245,-0.0627914335184391,-0.10710500959909373,0.28691076082666017,-0.32806152117860754,0.13174025042902654
-0.05292019904613922,4.522103988404768,0.6822345807364335,0.14166564213522254,0.08840468461531112,-0.6734571214903795,0.7201187145814055,-0.026193314783471963,0.07120339206923543,-0.02485335697513515,-1.2899393336183853,0.4703632837404222,-0.7834242791999773,-0.37073404975393237,1.440352647801608,0.4887145519057498,0.5846839581038692,-0.15242249430816407,-0.6454769483144444,0.042336951968876886,0.14262164824215023,0.5606956573805181,-0.2364771288953375,0.05269583148698831,-0.3441335486003109,-0.06261465071305787,-0.10584944156811674,0.28494615026674674,-0.3231920139743335,0.13808581345495102
-0.052870268240492097,4.52480994135295,0.683009581276039,0.14069408916318155,0.08746557290771484,-0.675768483013874,0.7182561550001477,-0.02571576148913543,0.07132303372797753,-0.03126243162665238,-1.3039833502536826,0.47021421226115634,-0.7469666618817641,-0.37105458985149326,1.4373816246752227,0.5029338971806067,0.5563249816980073,-0.15003354551099635,-0.6436199906633969,0.045808428126888096,0.1631952626533206,0.5652466167309389,-0.2353563311130925,0.05506906311604828,-0.34569595465713804,-0.06228723284540055,-0.10405816343007024,0.28330582203029775,-0.31876664524494525,0.1423116262246225
-0.0528632154999664,4.527480402288257,0.6836876842742665,0.13943593190425857,0.08636178550431874,-0.6781356889197783,0.7164015984849526,-0.025272635305182103,0.071413371548133,-0.03653929831998576,-1.3173797561289258,0.46859319707505087,-0.7150985398395342,-0.36989113068221585,1.434672245627997,0.5164073663923175,0.5299703481983599,-0.14774456037957578,-0.6405970336174498,0.04838783897762463,0.17849333054445235,0.5697013420425558,-0.23449215932823578,0.05628927680374667,-0.3464294331146422,-0.06150109843483073,-0.10186093517939972,0.2819374504775849,-0.31474997127316284,0.14347714308985346
-0.05283682947122822,4.530014828595788,0.6843944647701612,0.13807327036569222,0.08496991025890874,-0.6806258250886683,0.7144678947184999,-0.02484379215019748,0.07155264592111125,-0.040125667209170296,-1.330502939269397,0.4650917843596677,-0.687106209979796,-0.3672156016969044,1.431800981784869,0.5297632065743165,0.5051983764033094,-0.1434616956651627,-0.6395574585092767,0.05226860365425219,0.19297224425716392,0.5894090457142327,-0.2664237417127201,0.05721962211125672,-0.34583830305564367,-0.06160718488339088,-0.10122911552200241,0.28059543774860846,-0.3112885958837609,0.14258228869806547
-0.052750950744897815,4.532453160401254,0.6849608820554198,0.1364198095154416,0.0835877574887419,-0.6833089551272546,0.7123844427082009,-0.024442892605163323,0.07175116639467842,-0.042383851845679464,-1.342398324395422,0.4614191054273599,-0.6624763184153016,-0.36343112716917186,1.4292001694744856,0.5416968182206306,0.48235814631979157,-0.1402332667539282,-0.6345471439106712,0.05394815581492076,0.20232250968380505,0.5983122944112149,-0.2767276869047209,0.05669946364689738,-0.34494988830237816,-0.06075688342767411,-0.09916727048929563,0.2794327697534054,-0.30787865591476693,0.14074916595254156
-0.05263260241988873,4.534920107543202,0.6854360327995878,0.13468832496716546,0.08218324283476493,-0.6862762446047924,0.7100210460302179,-0.02406483612715741,0.07194286398689548,-0.04434409849549794,-1.3527461489095982,0.45956081108810376,-0.6398976979573902,-0.35939105095680324,1.4272453980742794,0.551236161576566,0.4609600265547436,-0.13691961935963462,-0.6283883369012854,0.05474471638244505,0.2093723891747683,0.6045666115187186,-0.280599345823144,0.055872757623857024,-0.3441929845237401,-0.05972486140001484,-0.096341220250266,0.2786296063528115,-0.3045973919410815,0.1393776748013129
-0.05249345309532497,4.5374387008762636,0.6858149105547908,0.1329418417202122,0.08077656900141689,-0.6895714532199164,0.7073138083796823,-0.02369437825740363,0.07206095791515578,-0.04639890573923672,-1.361403396586621,0.4601396673983999,-0.6192933921822492,-0.35529133122613993,1.4260524535439871,0.5582099556439926,0.44107342415118,-0.1333779598365665,-0.6219094443041755,0.05511400629338618,0.21429541868020882,0.6104651934920693,-0.2829286636455702,0.05488583112486922,-0.34382176848806595,-0.058600624426232796,-0.09272436795062498,0.27824443774909774,-0.30140401487983576,0.13883847581656047
-0.052280869256654115,4.539875773152351,0.6861017005060968,0.1311057878120246,0.07936142249760161,-0.6931170925605894,0.7043448963552591,-0.02331643838745736,0.07209456024451517,-0.04822617752002362,-1.3685427729253425,0.46226342425641864,-0.6010137330835381,-0.35050687006102094,1.4253680003098101,0.5629959012923689,0.42306852538165274,-0.12960077360029615,-0.6149967940303025,0.05506579325909011,0.21678840584120865,0.6165035922515483,-0.2851217925685572,0.053457757495205975,-0.343540017732282,-0.05735782484041709,-0.08856810806871086,0.2783849270390615,-0.29846510561201406,0.13838321406880377
-0.05205564091216495,4.542201677163082,0.6862786297884603,0.12910336838086026,0.07792268156443012,-0.6968179895488747,0.7012168462120604,-0.02291421068666757,0.07205430587292048,-0.0496876078722518,-1.37415106229986,0.4656225539056446,-0.5844812946869316,-0.3448693341924813,1.4251749951719177,0.5656028261977127,0.4065962463851919,-0.12553413439352912,-0.60756914569937,0.054955101078002555,0.21774682608242724,0.6230104419970082,-0.28777812399669345,0.05176913990362419,-0.3433004065475746,-0.05596024703796204,-0.08412986360986147,0.2796231695521569,-0.29620112710569907,0.13773239357749834
-0.051787843874570146,4.5444279033773824,0.6863944436411434,0.12694371832290638,0.07636387189358923,-0.700548098516684,0.6980588894301342,-0.022474412832573794,0.07194649440033625,-0.050831985171232934,-1.3786823620142956,0.4700462514857561,-0.5688552608715305,-0.3382121796628202,1.4250990056969528,0.5659784872089842,0.3914662192147608,-0.1214056561767757,-0.5990191738304467,0.054777297484864595,0.2186614936078879,0.6292536726324774,-0.2908271335416399,0.05011900866470344,-0.3424231062838587,-0.0545897469907388,-0.07950175835238375,0.2809737665735284,-0.29417517005823923,0.1367448202746291
-0.05146879348392547,4.546489480832917,0.6864181256149277,0.12460050171815361,0.07457887585097216,-0.7043162212087903,0.6948750727940671,-0.021989037447274182,0.07178071376865738,-0.05153390627258355,-1.3821675456672298,0.4763596788690797,-0.554180841838723,-0.3303048669410596,1.4251219217387372,0.5636511073622839,0.3777815004905002,-0.11728001395472169,-0.5890524985816913,0.05450508718361668,0.21980363527480237,0.635334751951979,-0.29450687007482373,0.048278421265776604,-0.3407546389772393,-0.05337855670492469,-0.07453930099790694,0.2825642287443723,-0.29241830261297735,0.13540506741085861
-0.05114889426455135,4.548515524331888,0.6863317628145116,0.12211213742849095,0.07261435063068514,-0.7081383108425467,0.6916327889076646,-0.02145442932386765,0.07155335170952186,-0.05216083884200473,-1.3845923026783118,0.4845751799792796,-0.5404917537604668,-0.32148542036787653,1.4253660876467595,0.5587965221895789,0.36540112123566704,-0.11316249865998101,-0.5780257259620696,0.05417796207294082,0.22070944193003494,0.6413750963677755,-0.2987930743027518,0.046224174369369875,-0.3386461414857332,-0.05223181784020923,-0.06920534598656783,0.2845655232634966,-0.29097522918099306,0.1338485604682764
-0.050880329319490034,4.55040621071616,0.6862147452877733,0.11951502961378609,0.07057714482532276,-0.7119266565500774,0.6884006537025875,-0.020868841041963168,0.07127816338556969,-0.05253368392399226,-1.386289754976452,0.49295509682376026,-0.5277141928074291,-0.3115778367909685,1.4255866214009647,0.5521287361957476,0.354512114719333,-0.1090258935295948,-0.5659826975426149,0.05388440520254614,0.22167670498819977,0.6469967251310544,-0.30331639779912156,0.044483903814350176,-0.3360142910858105,-0.051009196351281906,-0.06387507919022571,0.2866227386004097,-0.2898058910963645,0.1320958731419917
-0.0505910892564379,4.552175003691627,0.6860496361020524,0.11686280673284476,0.06857330169857664,-0.7156157463489864,0.685226159945796,-0.020240160974382738,0.07097137996960057,-0.05267349505536201,-1.3877799843184333,0.4996953238797727,-0.5154585153866089,-0.3009322672292823,1.4254148119446537,0.5446177974146154,0.34488180201721813,-0.10481356364454218,-0.5533410225812058,0.05368696199490261,0.22323117713564208,0.6521527619024458,-0.30782890798765755,0.04353737898425588,-0.3329745636577478,-0.04969492948904657,-0.05890174440701889,0.28854940257007505,-0.28901298720428875,0.13011747426026093
-0.050280888619307997,4.553816970085936,0.6858507821798644,0.11412968777387325,0.06658061327386997,-0.719237968778135,0.6820837049604813,-0.01957752467296294,0.07064806535577306,-0.05251364070041449,-1.389179446068702,0.50447441997672,-0.5036303168887333,-0.28962046057848884,1.4249289307518522,0.5360009077853984,0.33640857926757695,-0.1005339293090857,-0.5400344067642403,0.0535929197725268,0.22541559102898767,0.6569698319783733,-0.31225886514507295,0.043874378822747355,-0.32940829362946705,-0.04824093531245225,-0.054168318633360475,0.2902944407073212,-0.28866276744067426,0.12780751921619474
-0.05000206258053524,4.555378997620186,0.6856393389813858,0.11130852818042304,0.0645340835277389,-0.7228226060479519,0.6789501040603726,-0.01888241530636017,0.0703139251823475,-0.05219031274380322,-1.39038736641314,0.5081614176599175,-0.49217645471052823,-0.2776834456714664,1.4243312358536608,0.5260556237698025,0.3289920263803449,-0.09602232004449282,-0.5259621149722211,0.053455513268642646,0.22794107959595283,0.6614158016488181,-0.3166171461369081,0.045125461203981865,-0.3268596317145628,-0.0468558497664164,-0.049607978074338116,0.29510163678433615,-0.29020825572985853,0.12517342748001978
-0.049645645662279254,4.556839017758864,0.6854005292686469,0.10848787634938187,0.06247584673171267,-0.7263030855666144,0.6758779306626104,-0.018157569937576404,0.06996339539620168,-0.051708026429310855,-1.3916261478953953,0.5106241552252062,-0.48117172466902547,-0.2652174032617244,1.423378818184156,0.5157373047173126,0.32253026485150854,-0.09112975484681762,-0.511196508816457,0.05309680533562048,0.23107762764971557,0.6649114847795862,-0.3208368849421162,0.04642553279718418,-0.326184191531776,-0.04583162254369043,-0.04559165089006193,0.30425772612945584,-0.29418198332084594,0.12235698429099533
-0.04933443922476741,4.55832215505626,0.6851827102436143,0.10575812501254223,0.06049715655371527,-0.7295605740954523,0.6729759889983158,-0.017395737561873778,0.06955027203950026,-0.051461060912513325,-1.3928642111025007,0.511968429818418,-0.4705037174165082,-0.25267987670287095,1.4223075837172459,0.5058082069883173,0.31634164031477924,-0.08618305254187246,-0.4958694463663035,0.05281511169930072,0.23544059210055696,0.6667001733549176,-0.3248178215860133,0.04695523880644151,-0.3251135892742622,-0.0449287306959699,-0.04232858459866738,0.3123807364805769,-0.29778659193794327,0.11960102306024524
-0.049035443469195535,4.559671938031492,0.6849756467537951,0.10311896156715986,0.058587936348527894,-0.7326193504847508,0.6702259475542809,-0.01660733936010786,0.06905548240201073,-0.05092407723517059,-1.39426602721387,0.5110314451798609,-0.4605809258081336,-0.2398231735886798,1.4209814975387047,0.49620355905733554,0.31078193336882115,-0.08093920666325893,-0.4797103836032356,0.05243188288354743,0.24126601010173043,0.6665708057724125,-0.3287637798521051,0.04659603823314519,-0.3233953083717134,-0.04428189674143172,-0.04010092755288946,0.31926136547531236,-0.3009879469054496,0.1168661334214916
-0.04870395879999633,4.5610483899420196,0.684780008790898,0.10055486925815989,0.05672192357777435,-0.7355140216510669,0.6676005284665265,-0.015799243084295537,0.0684537489751613,-0.05049906113656694,-1.3959245068029338,0.5082123553111298,-0.4509239369373248,-0.22701179405395536,1.4194754345083054,0.48669357833935567,0.30550670710869887,-0.075495755089253,-0.46290109805388463,0.05191785452637332,0.2484480293012918,0.6648483303883244,-0.33276797955210186,0.04569838081174666,-0.32104320291915456,-0.04382466983424788,-0.038671759431199215,0.32483934555631694,-0.3037870154398808,0.11407415332173935
-0.048386645882447704,4.562347320712513,0.6845979876052385,0.0980575771956812,0.05487751570010528,-0.7382650198226541,0.6650849046034304,-0.01496963595477929,0.06773647819793513,-0.05013419285013054,-1.3977369896206826,0.5052845672865586,-0.44157684665156294,-0.21418127074672186,1.4178961674934227,0.4779372451926653,0.30031865999657775,-0.07007076579447308,-0.44540066300791636,0.051305362491062705,0.25690693937103554,0.6614353494083585,-0.33657630633367447,0.04414327885881339,-0.31835660987068665,-0.04347128747611217,-0.03759880967334203,0.32971335897450854,-0.3061900222980245,0.1113385697703242
-0.04807261557318348,4.563518564904391,0.6844257928336716,0.09564040942763768,0.05305013276204018,-0.740885852670336,0.662666393301632,-0.014117908813647707,0.0668916966733415,-0.050114959045828966,-1.399687742807707,0.5040917439794184,-0.4322604798202396,-0.20168082487495279,1.4162453292479602,0.4707208197447898,0.29471417626050644,-0.0649240029013996,-0.4274419879326029,0.05060683542491745,0.2665853244997426,0.6563141480266531,-0.3399515012118309,0.04175375690593125,-0.3156468357019636,-0.043164885165596245,-0.036413722437193485,0.33432228105834805,-0.30814919453466894,0.10877053455978036
-0.04774672241131039,4.5647049826081005,0.6842240186635159,0.09333792353389114,0.05126959517430777,-0.7433614441160251,0.6603584057485616,-0.01324765362501272,0.06587393051961593,-0.05092627672101593,-1.401724902186948,0.5051283064062617,-0.4226076172121421,-0.1900610116840887,1.4145720748112192,0.4654678712980372,0.2880004278626414,-0.06024801204783723,-0.4094320058876417,0.04997662449177717,0.27777652190085705,0.6499124304504592,-0.34310983852559573,0.03860959870979579,-0.3133018413665745,-0.042880772188230803,-0.03497808087183494,0.33892782510723857,-0.30965785109945076,0.10645853590813537
-0.04744769584618563,4.565882746184801,0.6840075028160629,0.09113396590082988,0.049554284138370056,-0.745682361587147,0.658176867415238,-0.012363887922929808,0.06466460017864534,-0.052331655928379045,-1.403789820450965,0.5074791110104452,-0.41283056008503405,-0.17906782220274442,1.412911768227998,0.4616538101902251,0.28053557752093483,-0.05590014082607885,-0.39118914024828877,0.049358014446574554,0.29040020525478727,0.6420698884284243,-0.34606539099985056,0.03473466655389791,-0.3110988175595993,-0.0426020596065662,-0.03353469720901378,0.3432579758873023,-0.3107378721706177,0.10432842865823883
-0.04712847867747944,4.56696697587677,0.6837872820350163,0.08898967225599509,0.04788819556559311,-0.747883890932492,0.6560924055656479,-0.011471828623581048,0.06329823866787244,-0.053981264392801875,-1.405962849640722,0.5109389218058823,-0.40313866231925344,-0.16838642534555953,1.4111627806514964,0.45881302584746086,0.27287633611578893,-0.05162411551029825,-0.3725206112064068,0.048418154583896006,0.30375160880646546,0.6321355719895122,-0.3484299715029631,0.029826323700429806,-0.3087370176879744,-0.04235738010801647,-0.03218184661731634,0.34719806800307385,-0.3115781665344421,0.1022521163304424
-0.04676261291109888,4.568082707323051,0.6834632323794952,0.08668948828606528,0.04655543157212243,-0.749964134252478,0.6541187367342144,-0.010615458550325172,0.06186914895946283,-0.05597699689298762,-1.4078621773037658,0.5154598997656966,-0.39340345310281544,-0.157987250377186,1.4096828417643497,0.4563676706356172,0.26546445304735794,-0.04711402326624896,-0.34206774920936334,0.04394409815829036,0.3175453996191061,0.5988911119094479,-0.3048551658139411,0.023455378619243173,-0.3062993529809571,-0.04138356239219466,-0.03130628619119792,0.3509579598497745,-0.3125210032003648,0.10004489852497843
-0.04641428047745185,4.568987816639518,0.6832405615376961,0.08453075101626925,0.04498889758005271,-0.7520101062143795,0.652158992407982,-0.009725337011896769,0.06039233822400561,-0.057594510290027434,-1.4099986365483426,0.5211738068223921,-0.38412320964093516,-0.147545310899248,1.4081199756993783,0.4548390847500915,0.25803162144510644,-0.04246433203131663,-0.3236562504185133,0.042021727278322166,0.33059064876980643,0.5845446309332,-0.3052230975975181,0.015303846027671823,-0.3028342839316544,-0.041027889129191704,-0.03032173537156638,0.35346306520717163,-0.3131354607992875,0.0979347088894372
-0.04606686543974523,4.569742784582412,0.6827487899695798,0.08186628859763906,0.04417676173114491,-0.753908403298683,0.6503602416736648,-0.008962687417509479,0.0590436929987917,-0.05938351776186944,-1.4111327437559573,0.5282790849545409,-0.3750756762805892,-0.13711305481569402,1.4072353781315536,0.45384607019949436,0.25125575297034264,-0.03757630671653609,-0.28095135004789024,0.032096192231834395,0.3547670845035758,0.5205132987095435,-0.3329645638849967,0.003187652781317272,-0.29930582295788793,-0.03869697334830385,-0.030266102506216308,0.35607771735975907,-0.3139846122342283,0.09565438386639723
-0.04575599456000501,4.570585650919987,0.6825147075390177,0.07971413897992682,0.042850484081700946,-0.7557655431317503,0.6485583519433105,-0.008131120355002703,0.05764487985693885,-0.06134026827118488,-1.4128609543316841,0.5357913945071661,-0.3661546392504119,-0.12747733650257917,1.4061846458558094,0.45347817607691593,0.24351988514970413,-0.03296442618377258,-0.26381176272882473,0.029878853467742845,0.36571504580582226,0.5020425547134615,-0.3324627316690854,-0.006839391139473994,-0.2953499154326497,-0.03787507046828864,-0.02934959096881094,0.357450148320614,-0.31419008002120136,0.0934288699100065
-0.04545190702217562,4.571384146531671,0.6822928191496632,0.0777037311257682,0.041590030283056065,-0.7575003710806508,0.6468582436383298,-0.007277268907462828,0.05626199720477904,-0.06303271706612813,-1.4146601699265775,0.5429238528215419,-0.357955974596519,-0.11777483293508059,1.405036951297373,0.45262846319674654,0.2366103333458387,-0.028053304121950187,-0.2481339884804506,0.027284633257546455,0.37428096889999335,0.48371463673342713,-0.3306495929367994,-0.01524494543622478,-0.291518781248502,-0.037253560846879315,-0.028793986601656912,0.3586859388678332,-0.3143532331944557,0.09090746423338789
-0.04511922886303643,4.5720630274983005,0.6821040349268108,0.07582682587830787,0.040410849775778274,-0.7591404150763217,0.6452310329605744,-0.0064190196244825175,0.054941701893145234,-0.064230654996907,-1.416455266924594,0.5491469745958499,-0.35079868836907463,-0.10795898836216172,1.403848443575682,0.45160455966849233,0.23051241622417135,-0.022820628848455926,-0.2337694960745349,0.024295353069512193,0.3803732034378112,0.46473752462536855,-0.327050305319844,-0.022219263007556726,-0.28794299173732596,-0.03680732372995701,-0.028417551489746343,0.3600753308794277,-0.3145514162940398,0.08788464897104951
-0.04476814401072025,4.57271568222036,0.6819376763158294,0.0740582196185624,0.03933492842999187,-0.7607455423781594,0.6436104126442452,-0.005573475610703023,0.0537069231526215,-0.06502174871962822,-1.418032760498174,0.5547249643678723,-0.3446122803798464,-0.09841963116802412,1.402812426053244,0.45084644623387843,0.22474722700411193,-0.017150698564815412,-0.22034528250551128,0.021031921969055543,0.3846211382839369,0.44473921706435027,-0.32195752116576376,-0.028413808577438273,-0.2844961813265594,-0.0364250885542928,-0.028217894465855445,0.36132779577718055,-0.31471457464698666,0.08450092963179787
-0.044415840232821156,4.5733631851941015,0.6818065629316971,0.0723559073672011,0.038346597972144826,-0.7621687837898503,0.6421782510404191,-0.004720978007110066,0.05256627895401926,-0.0660002835195876,-1.4195653547398894,0.560938909806331,-0.33865340289844403,-0.0888456628327349,1.401903203551115,0.4491090589299259,0.2196829891506768,-0.011546770049904325,-0.20801263581534685,0.01782458390843701,0.38705138221222757,0.42532627554221536,-0.3164447687041905,-0.03362295121242907,-0.28103024510452945,-0.036033711697942124,-0.02837658545293805,0.36222851218309193,-0.3146782026354004,0.08103387153622475
-0.044154265601213015,4.573818451820951,0.6816933154836142,0.07067156994206791,0.037453366807103074,-0.7634114635893581,0.6409412701465633,-0.0038537240092115644,0.05154497173295154,-0.06703959375430234,-1.4208813210222382,0.5682918053756282,-0.33289893038572416,-0.0789381024920238,1.4012377840742167,0.4456144045363707,0.21580550768867046,-0.006059629952704583,-0.1968329471545612,0.015067211881140446,0.38772924260740205,0.40819111479613973,-0.3116450814607189,-0.03759824469738481,-0.27727455143791885,-0.03551754061372434,-0.029058004365654665,0.3625819208798141,-0.31431904205900124,0.07779711598203336
-0.04389400712310734,4.574263000019267,0.6815671159811418,0.06904536903122009,0.036689568995214326,-0.7644948520800444,0.6398704819613099,-0.0029698585207138936,0.05065392521036444,-0.06869749447072443,-1.4221053663453154,0.5770374903518914,-0.3268013739355624,-0.06921979740350158,1.4007585231313158,0.43987984913585737,0.21282401181428426,-0.0006069031143361525,-0.18743762038657655,0.012859233049849,0.38617272157968807,0.39431205821064813,-0.3080893200103632,-0.03988842069452826,-0.2732920545623146,-0.03492235915004069,-0.030332268200924297,0.3621145142405371,-0.3137011741895697,0.07522657189400678
-0.04365893310755969,4.57479293249331,0.6813984605783943,0.06748658795389104,0.03604919911176324,-0.7654207712749176,0.6389656161255097,-0.0020690564734999837,0.04989533897137066,-0.07089247371701736,-1.4232106193908314,0.5868819359535397,-0.32053306753970684,-0.05967601705544924,1.4005368376600034,0.4324322773530501,0.2105574351224687,0.004821886028622335,-0.1797422355779082,0.011131558538912584,0.3825474200903519,0.382910594491984,-0.30532676237953943,-0.040719373369474406,-0.26929568455717784,-0.03425208254640335,-0.032088224348378235,0.36112962080679756,-0.31295703698286104,0.07308845530276385
-0.04343585430038964,4.575376033115261,0.6812179386336694,0.06599569566016675,0.035507129805077406,-0.7661838493688542,0.6382367279103115,-0.00115294387533081,0.04925377373606727,-0.07339038420094213,-1.4242500721487816,0.5974358913754696,-0.3142264082209363,-0.05011875558610318,1.400547851877714,0.4242130962336725,0.20904920312832048,0.010146083822702745,-0.1731965665710028,0.009762959599504276,0.37790747980149575,0.3730705769020654,-0.30296681517560103,-0.040984639872986325,-0.26564856992418895,-0.033540134788546214,-0.03421557373738801,0.3603368471645991,-0.312065532560716,0.07059031052693907
-0.0432976065081679,4.575923533496671,0.6810279322907362,0.06456240504856929,0.03504992748158397,-0.7667981855929695,0.6376705583678848,-0.00022494704927594902,0.0486984822758948,-0.07591279728584716,-1.4250801314205084,0.6082618608945222,-0.3081420684757474,-0.0404517286591409,1.4008772633067443,0.4163372178479885,0.20820687311387817,0.015345041211715848,-0.16716785932605724,0.008702322042906257,0.37331317365179917,0.36383394595883584,-0.30062931006993415,-0.04157865605826897,-0.2626620639986477,-0.03273966493349499,-0.03660229217681538,0.3604308072328516,-0.31102123479555366,0.06694341260288818
-0.04312902964051002,4.5765669578194546,0.6808058897747933,0.06325204698674995,0.03471433986884455,-0.7672723895654641,0.6372496946801617,0.0007156028676298244,0.048184897843369545,-0.07888966177147276,-1.4258530884890717,0.6196530920795538,-0.30179099346199284,-0.031032363685153035,1.40140227264772,0.40899047771316105,0.20779857056798176,0.020513283978455282,-0.1620722729420916,0.00791485246912465,0.368856915993518,0.3554676241307594,-0.2983720896276721,-0.04270686682340127,-0.26105824787055887,-0.031936969863605016,-0.039181121102764054,0.3622040125048077,-0.30975142533917216,0.061240576745411175
-0.04299253441178385,4.576942049905462,0.6805742909963995,0.062014665572708086,0.03446247191894796,-0.7676101689596365,0.6369781376098395,0.0016718897623699924,0.047727238345000915,-0.08163493369920652,-1.4264546240910687,0.6315564462224521,-0.2958486475185991,-0.021111237780912638,1.402074409895599,0.40157252645816227,0.20859692306263208,0.02566094291884031,-0.15764565152312332,0.00737605440323751,0.3640612321700264,0.3481165290530467,-0.2962164666849289,-0.04388341071792729,-0.2601491748110301,-0.03114617159877185,-0.0420494534076602,0.365096180834623,-0.3082692856351127,0.05409934513984699
-0.04288981187769324,4.577448477184776,0.6802893540279845,0.06082875232189281,0.034287078038364394,-0.7678118101892,0.6368589194668919,0.002642896220877052,0.04730208595368087,-0.08481761677054955,-1.4269561446898238,0.6434303494195832,-0.2898050744746733,-0.011679117317831842,1.4030238794524106,0.3944084230272428,0.2095022291023764,0.030610278190594184,-0.1538382998778072,0.007088260068081889,0.3591041716097923,0.3414677758848268,-0.2942707045054207,-0.04516182371399073,-0.2594965869320001,-0.03032531498922608,-0.045276437681826896,0.36805680319529394,-0.30691343973632446,0.04702459385259071
-0.04278928560189164,4.578008651008004,0.6799700534676258,0.059605784703185616,0.03409447811567417,-0.7678896728549304,0.636891016826808,0.0036166725896040926,0.04692658589575157,-0.08772385689273614,-1.4275676564651305,0.6544130520818888,-0.28418964405647545,-0.002343344432592668,1.4041000252653837,0.38765698866322,0.21079175590045665,0.035232535879369926,-0.14984909591307707,0.006848814420475758,0.35413972061442817,0.33469227486288416,-0.29231484247408956,-0.04655699481224944,-0.25805390571528236,-0.029546275807926934,-0.04893971772423412,0.3698773384029564,-0.3059135845100695,0.04149778395786612
-0.042706596232553636,4.578514389250756,0.6796220299749318,0.05828198908015895,0.03386546165260081,-0.7678409492699836,0.6370844660483312,0.004582641251410214,0.04662839427244187,-0.09001758172260885,-1.428236751055136,0.6642564831918739,-0.2792569125785563,0.007168434250656205,1.4053139201346267,0.3812317625827235,0.21267988729477286,0.03958412115654015,-0.14538908005294154,0.00672957543287963,0.3490654272867616,0.327663938100941,-0.2903845568408989,-0.04819238694048661,-0.2552244564491993,-0.028752503615501652,-0.05322781389046404,0.36992130011960034,-0.3053510686743862,0.03804080746301921
-0.04277065286332365,4.578760765309505,0.6792682824654934,0.05687662182245863,0.033624700067649275,-0.7676685501485436,0.6374318995377144,0.005534386304867737,0.04643302864696015,-0.09150964058804488,-1.428737394849107,0.6732851111786721,-0.2752890766196906,0.017061301837568977,1.4067713693644461,0.3750493061434609,0.2153885722700131,0.04373702388561172,-0.14054548072679643,0.006850514823667418,0.3438386815026005,0.3206042161535213,-0.28843954220672274,-0.049927750282684084,-0.25129892735531895,-0.027845571720722273,-0.058045880273910166,0.3687492686225932,-0.3049746360615162,0.03587012424967672
-0.042781922145687316,4.579108282189599,0.6789448241495415,0.05551417716079749,0.033391251694411435,-0.7673902859742546,0.6378991687067729,0.006463582439834755,0.046310858596140196,-0.09317024869193052,-1.429482905075018,0.6817311321685601,-0.2713563582934835,0.026249997254459756,1.4082884608034636,0.3694758514797705,0.21796988615800453,0.047543702946995496,-0.13595305499064672,0.006993273062237249,0.33870741273984367,0.3138309056017504,-0.2864393552573411,-0.051518668236521806,-0.24726368987644223,-0.02703001306375708,-0.06298470088794382,0.367150374680795,-0.30461724044900074,0.03443658445583867
-0.04272016411839896,4.579534077887445,0.6786615042855414,0.054230489149573936,0.03313827065758854,-0.7670327523388759,0.6384525557188029,0.0073593805395700375,0.0462513193223121,-0.09473790989756477,-1.4304538702058178,0.6895977648672242,-0.2677710321416167,0.03482841742204299,1.4098693842894696,0.3646744107387734,0.22047014153087657,0.050886943178568386,-0.13172392866320978,0.007033354588226864,0.33392871324343243,0.3075238983343554,-0.2842558615039788,-0.05270216446336536,-0.2436653012515913,-0.02638972804070472,-0.06766505421243615,0.3659349427800509,-0.3041168799005986,0.0332182718605974
-0.04267835524642563,4.579836596133883,0.6784288595752628,0.05301852917811739,0.032827262069223276,-0.7666044330017988,0.639084540362868,0.008215795694856805,0.046278172686903866,-0.09586666507615017,-1.4315372717270585,0.6970400480740473,-0.26488532021966105,0.043143570237919135,1.4115283875133529,0.36080729256745114,0.22323371878324977,0.05364134635284932,-0.12760207989273625,0.006916856600327033,0.3297406267612486,0.3015500078185457,-0.2816849203310615,-0.05332220093825202,-0.24039369592771082,-0.025940256800141264,-0.07191909455628215,0.36524316173254917,-0.303558703347855,0.03231077902491179
-0.04263412124675619,4.580143391497617,0.6782131516082259,0.05187340841968857,0.03248888692035431,-0.7660876683814407,0.6398150561525481,0.009031761484998697,0.04638380100240226,-0.09699170579844214,-1.4328216800023623,0.7040601457026822,-0.26225359952256594,0.05087076954398115,1.4132282777476493,0.35775961071935686,0.2259438893345786,0.05589200571985225,-0.12369103543256645,0.0067136566815880405,0.32595981432265647,0.295917851993425,-0.2788920999307611,-0.053570864578306475,-0.23733617796230838,-0.025643745657106518,-0.07596132958676914,0.3647571855602367,-0.3030485692405636,0.03191562849296311
-0.04255494158384785,4.580476143125878,0.6780332392721021,0.05081940501976142,0.03218477560001516,-0.7655339193777896,0.6405773540916773,0.009468148589393207,0.04645922856810393,-0.09784860722070031,-1.4341263387699617,0.7093697962048049,-0.26051466134505435,0.05753708015570687,1.4150374850114724,0.35563851732729457,0.22801190270849256,0.057743717346499204,-0.12059000481117793,0.00666810702053536,0.32267493293729954,0.2915594311239641,-0.276551992472551,-0.05360882777918054,-0.23484839201877694,-0.025384772220844638,-0.07954619219873058,0.3647172303950188,-0.30241130445284226,0.03168401714507494
-0.04250452508038792,4.580795452817719,0.67784922361,0.049770908764831936,0.031898214239650065,-0.7648252575033038,0.6415198251449827,0.009932983930612014,0.0465406941865348,-0.09864131944923786,-1.4355240256468507,0.7141679476618575,-0.25909715063808064,0.06408348735966121,1.4171743772661098,0.3533380879884556,0.23037600382246257,0.059568603990643405,-0.11770434195328987,0.0066761051479991215,0.3187627358802159,0.2874424349614707,-0.27409497029586893,-0.053524056227029236,-0.23235884542167914,-0.02515157783133213,-0.0837009383008597,0.3646660464736514,-0.3013282427276717,0.031280649783323775
-0.0424730028685811,4.581129547148126,0.6776427848150857,0.04876463281214951,0.03168327357533149,-0.7639830390430746,0.6426103771468017,0.010408747525894527,0.046592718953950854,-0.09933472451124181,-1.4369633954113221,0.7175086703439495,-0.2583580642657773,0.07010557150579379,1.4196402008450173,0.3514913462637445,0.23258195396333792,0.061358487868536316,-0.11558932038439818,0.006890728231647064,0.3143879715107202,0.284347733164791,-0.27191014642183686,-0.05319445246906512,-0.23028854968890683,-0.024920180138515484,-0.088201129704637,0.3649299120672475,-0.29959943667314415,0.030753188949687826
-0.04250448033954327,4.581414482977554,0.677426419924479,0.04780257481542016,0.03151186928791837,-0.7630328361352133,0.64381892401082,0.010883966029855538,0.04659789957245687,-0.09974046278549685,-1.4383614734421848,0.7194580837144834,-0.2584399327947061,0.07558551739629188,1.422472007558862,0.3502263609430454,0.23459436567706923,0.06304497127378887,-0.11413301245279887,0.007295117028455001,0.3097662482501714,0.2822597828376551,-0.2699663622274803,-0.05258575404073667,-0.2285456869961967,-0.0246895705156145,-0.09290921565366889,0.3655140985233972,-0.29739419556419366,0.03023867341308594
-0.0425165134425313,4.5817175937260295,0.6771918700599264,0.04686743609828944,0.031363558152284775,-0.7620365387603549,0.64507370450805,0.011347748032476047,0.04655449689644704,-0.09990470097383149,-1.4397347499883204,0.7203077681753646,-0.2591126524449809,0.08033775073605885,1.42559505998607,0.34889723783937365,0.23642382496984438,0.06458446161320802,-0.11308343927616517,0.007829931328283985,0.30512246503225404,0.2808471946986521,-0.26830769227327983,-0.05203248232854853,-0.22694126678254964,-0.024438313644336723,-0.09763142624101055,0.3661714925225243,-0.29514490977817875,0.02952925039368822
-0.042536248512806955,4.582040515509474,0.6769293575880714,0.04590974608253636,0.031216543251394675,-0.761053086360896,0.6463095406866787,0.011792152370101401,0.04648458319412117,-0.099612212391279,-1.440856906411677,0.720378401302977,-0.2604370690312721,0.08454501065363268,1.4291257577780638,0.3466420095062717,0.23835465490748137,0.06588081222255458,-0.11276767682286286,0.00876412345520707,0.30072462217566287,0.281218975309304,-0.2676328735857632,-0.05182317530842651,-0.22517492618738336,-0.024018477193432933,-0.10213705336600087,0.36662076181507885,-0.29327092006316546,0.02840569224229905
-0.042611692404800894,4.582305196670537,0.6766364571596635,0.04492597405712045,0.031061902798417418,-0.7600761337526788,0.6475346214289555,0.0122111838586258,0.04641869365332497,-0.0986355829302404,-1.4416032614059142,0.7196948929104099,-0.26268642402553977,0.08853687380784989,1.4331038292633744,0.34287904193168056,0.24076403852040024,0.06694447709174586,-0.11238532762351364,0.009913617023744839,0.2965539689200508,0.2818324963835285,-0.2672986217419246,-0.05218227974625523,-0.22310837288020582,-0.023368155652805037,-0.10647199440316449,0.36678816921237356,-0.291894470093738,0.02659969440151049
-0.0426983108718999,4.582507792291434,0.67632995728878,0.04394600361221744,0.030903553357186177,-0.7590595655341635,0.6488006590066793,0.01259861614099599,0.04637201100221791,-0.09713847807604215,-1.4421100987331363,0.7182047082870711,-0.2657818625830271,0.09230555223816003,1.4374087307695937,0.33796228877559087,0.24365533830828673,0.06775175835851233,-0.11191615644613649,0.011149504001602592,0.2925067133325076,0.2824634793160493,-0.2670739388953706,-0.05296833621422274,-0.22089305333295736,-0.02259355723786696,-0.11071475042802488,0.3667949015755262,-0.2908042567978395,0.024224433669919544
-0.042889596150547486,4.582681743596278,0.6760160291424182,0.042960458954127236,0.030753269733708687,-0.7580197974609911,0.6500881648086929,0.012948776807591798,0.04634625115537486,-0.09525195812328925,-1.4422740966559071,0.716041100817138,-0.269613465321235,0.09564750992263105,1.4420866884421564,0.3324998046016934,0.2467781390373556,0.06831495247718043,-0.11138456585667346,0.01249620957155604,0.28864949839918447,0.28313465658680476,-0.26695259190468307,-0.05381048122382316,-0.21852520278207846,-0.021670314812406097,-0.11478373373531527,0.36658574293837265,-0.2899229529769625,0.021742451100879263
-0.04305600556594202,4.582849843410019,0.6757049575285794,0.0420054606737005,0.030580124109329643,-0.7569668643197685,0.651384343997417,0.013255323039024398,0.04633203974550873,-0.09322369855988076,-1.4424262785595476,0.7133211199379117,-0.2736958349799229,0.09839012169469129,1.4467557898021688,0.32713610509751606,0.25001022047990784,0.0686121852017484,-0.11082986862536928,0.013758858952240787,0.2850525412562847,0.2838677551097786,-0.2669220743856506,-0.05444100508145838,-0.21601935242194897,-0.020787470134623516,-0.1185751255923394,0.36610127256407127,-0.2891791792474814,0.019534562865019558
-0.04320518387352612,4.582987207167905,0.6754062654856143,0.041078480431246615,0.030388962206475335,-0.7559283723499666,0.6526571575473628,0.013514182507073664,0.04632117564790574,-0.09096794251574085,-1.4424948179890247,0.7099399965910724,-0.27813824672342485,0.10060085133063636,1.4514769785303994,0.32174121871942263,0.2536716608197515,0.06868425663150603,-0.11024187230385553,0.014931216428189552,0.28177932741812706,0.2846909383119033,-0.2669599853618133,-0.05473651948902808,-0.21330376864143782,-0.019940825204761675,-0.12201805759868291,0.36523016409315556,-0.2885706237477395,0.017740836266368597
-0.043362070579662536,4.583095263019125,0.6751179344157389,0.04018587126892944,0.030178168131140045,-0.7549011979242477,0.6539102043026559,0.013723454115933434,0.04631185728465857,-0.08844889651097368,-1.4424001288169304,0.7058740621998914,-0.2830423751946165,0.10234118044041034,1.4563023710967664,0.31613601470549374,0.2577691914288852,0.06855534083635573,-0.10961163548243155,0.016048405361176306,0.27878107497109805,0.2855486291835249,-0.2670489644341794,-0.054840494546802405,-0.21038994470001135,-0.0190912255890102,-0.12517578684068104,0.36399399937718424,-0.28811169670573905,0.01617863008158012
-0.04351381758578972,4.583201232728286,0.6748521947232752,0.03931769406603008,0.029960878046734415,-0.7538542909318614,0.6551794965989236,0.013882886462439827,0.04630369686090044,-0.08582788186590634,-1.4421976012387319,0.7012701077924148,-0.28814358195957046,0.10352544721341324,1.4610541170609603,0.3109283163834457,0.26164651401698813,0.06820965641755446,-0.10895835239953909,0.017106799036202307,0.2759557995690399,0.28642210807556767,-0.26718026225943475,-0.05479146707892174,-0.2074261275316238,-0.018267152828986503,-0.1281457896156592,0.3626252440683621,-0.2877514086887258,0.014828087439950838
-0.04365028661650705,4.583304163022948,0.674595280141404,0.03846856172548268,0.029735213631561452,-0.752760214923063,0.6564967979038755,0.01399256796248211,0.046299777801521835,-0.08322249859051864,-1.4419319041809313,0.6962891242455974,-0.29317204449482054,0.10407541332442899,1.4654734025507234,0.30680325682365944,0.2645802839278364,0.06764838607754517,-0.10830540860722311,0.018088678148334814,0.2731993609235439,0.2873156404776855,-0.26733340819358403,-0.05460949508031949,-0.2045845637976396,-0.017526560443852937,-0.13103539912421044,0.3614503542223395,-0.28746970749972567,0.013683819863261676
-0.0437741818541033,4.583386971135008,0.6743448868049228,0.037662652106832284,0.02949387239939315,-0.7516169177549552,0.6578629379070605,0.014054822796547762,0.0463072954557236,-0.08067877282327464,-1.441585045281363,0.6911515404610107,-0.29806731871701203,0.10392108012589349,1.4694604450923134,0.3039821628243535,0.2665705787263668,0.06686469426838193,-0.10767123738664898,0.018924380600792007,0.27051935250124737,0.28826320960036494,-0.26753386679058216,-0.05423896545389179,-0.20196488622920347,-0.016959607750467398,-0.13383655200964809,0.36062996688810517,-0.28731864733812496,0.01278493008560295
-0.04390764605930763,4.583463787414904,0.6741004806732401,0.03690726179367373,0.029228121750211125,-0.7504383842562388,0.6592615583823569,0.014071410366976117,0.04633040742601118,-0.07815428930983716,-1.4411233977722906,0.6857331707863472,-0.30293369356486494,0.1030648848103094,1.4730737153520164,0.30216573532550056,0.26782991645702603,0.06580843215898166,-0.10785625504610245,0.019877079304207356,0.2679970296884944,0.29094979317547287,-0.2685407883315342,-0.0536907200928538,-0.19952059219499982,-0.016521983683946185,-0.13645430858323981,0.3600521131435033,-0.2873231006767448,0.012123344594468911
-0.04405373270692844,4.5835169974007695,0.6738710553047262,0.03617719327685173,0.02895524017418079,-0.7492315912766393,0.6606851196948058,0.014040682734651633,0.046367440655269154,-0.07552937969616207,-1.4405953941901382,0.6796868345999401,-0.3078703177814813,0.10167240050100688,1.4762731272164016,0.30129257032722956,0.26812440930842485,0.06459353953039265,-0.10817971590091131,0.020824888609905615,0.2655299951594149,0.29394375603297584,-0.26976480879935544,-0.053066594227604534,-0.19716026160383562,-0.01612840889498309,-0.1389855823844354,0.35962229011098523,-0.2874335398938727,0.011623755748310892
-0.04419167617417643,4.583531799861792,0.6736408526419363,0.035427317939246486,0.028698203737094547,-0.748014703810178,0.662114281019272,0.013958753636002467,0.0464161517929878,-0.07265925949140886,-1.4400628205447077,0.6725747342828802,-0.31297018763752343,0.09991035298608936,1.4789535847769482,0.3013690839739516,0.2671705063596795,0.06330142419780287,-0.10846486637849764,0.021803050176032412,0.2630601014930503,0.296981562376913,-0.2710671595046244,-0.05248020792430862,-0.19476750942601084,-0.01569625573018471,-0.14148314475396706,0.359232090395771,-0.28760842391945407,0.011216584224335819
-0.04432849740522093,4.5835669819520115,0.6734150158304838,0.03468167556693332,0.028438028020445524,-0.7468001243188759,0.6635345011824856,0.01382430098380954,0.046480891497355424,-0.06944674639904992,-1.439495903995718,0.6638104869649984,-0.3183983824128645,0.09776940187854799,1.4810954829851666,0.30186519703095865,0.26464774853748235,0.06202147214322274,-0.10873349180740262,0.022770876085525624,0.2605035566771575,0.3000021001854509,-0.27240210928304504,-0.05197618025671193,-0.19236832360302658,-0.015260382150289699,-0.14399299231545518,0.35888134403500244,-0.2878751347836868,0.010920050480240433
-0.044453394333825266,4.5835436607612925,0.6731897952269201,0.03394525691372884,0.02815611043669961,-0.7455868037223584,0.6649475701837061,0.013636958217989515,0.04657167583528212,-0.06573644393973029,-1.438890756192436,0.6536212087042833,-0.3242822294991731,0.09541793696703837,1.4826283407703893,0.30291792764825903,0.2609726356122823,0.06072185111437931,-0.10892849654594315,0.023670700273013944,0.25791211143732,0.3030499489895469,-0.27378149640862304,-0.05149577445928713,-0.18992051148919223,-0.01488801927360271,-0.1464825708844817,0.35861617692278847,-0.28825255351314183,0.0107550533685594
-0.044597831401915755,4.5834787846199205,0.6729809839671193,0.033213726360404955,0.02787411144754972,-0.7443661366002929,0.6663624666613659,0.01339962859615806,0.046681410342512594,-0.061822014175134506,-1.4382278996160685,0.6429481113207048,-0.3303338046746966,0.09282332894504962,1.48357847412908,0.30566709981533424,0.2565973045822301,0.059320357822694764,-0.10907840068372711,0.024569970111303577,0.25539163412268995,0.3060771502562291,-0.2751611787006687,-0.05101958841829091,-0.18749583963918917,-0.014502171292086181,-0.1488932203056533,0.3584049943852677,-0.28864817031834034,0.010641828344788455
-0.0447297189471649,4.583463222921958,0.6727743881926309,0.03248749059979524,0.027612306274190142,-0.7431695073342888,0.6677433690163156,0.01311348753631087,0.0467854117937978,-0.05811032293031814,-1.4375991549116938,0.6326969475100642,-0.33601457256344375,0.08979475737106281,1.4839309353822312,0.31153902993768523,0.25186672773542385,0.05784270916695124,-0.1092285525019721,0.02550377413808933,0.2530658011041532,0.30901711978269747,-0.27652401062233306,-0.050573301717337,-0.1852182941442128,-0.014055086094689542,-0.15115250893505355,0.35825247328755444,-0.2890225159370287,0.010465107375881825
-0.04482652984706265,4.583446523598134,0.6725836957778688,0.031767232312123646,0.02737813201242502,-0.7420138235228082,0.6690715705661101,0.012778578767033135,0.046859823854436135,-0.05459091980681372,-1.437056460205639,0.6229267642979108,-0.3412463399193875,0.08637987247327457,1.4836071526855976,0.3212998771044677,0.2468040322151088,0.05633971546538137,-0.10942617026302377,0.02646284816853065,0.25095749999683503,0.31196030370668365,-0.27787046049622793,-0.05010962448414281,-0.1831285206873747,-0.013572261323670164,-0.15324877586040053,0.35822150642118705,-0.28933711386958366,0.010170577188403808
-0.044945645834679956,4.583431216732141,0.6724039600893362,0.031071527888277647,0.027152146693077757,-0.7408762267962901,0.6703728348111506,0.012401895105664902,0.04689023038334607,-0.05126224314442966,-1.436535567847097,0.6133403778271016,-0.3461244052274479,0.08262824479555762,1.4826645788758825,0.33426000805198536,0.24125831211687832,0.05477696701555228,-0.10964540766378508,0.02743975423497039,0.2490111662313167,0.31487563125375617,-0.27919704341701135,-0.04962838038563034,-0.1811789017964656,-0.013057214886581781,-0.1552162236455869,0.3582813161455463,-0.28962964978374023,0.009818201987088866
-0.04508120964493189,4.583444094823839,0.6722143757211843,0.030378134677694207,0.026915782254218163,-0.7397875481198565,0.6716152866380866,0.011991905138338834,0.04687455478597877,-0.048106207137827296,-1.436058109908348,0.6041027116227431,-0.35057581232334695,0.07872172487542035,1.4811808687538546,0.34971693239114926,0.2356918625830095,0.05319509788506375,-0.1097627329160524,0.028398023116927136,0.2472513585905601,0.31765366845863185,-0.28050459213697543,-0.049205236797137064,-0.17931497206685656,-0.012537298678618181,-0.1570078357136542,0.35843461876241073,-0.28995387775328224,0.009458710545746664
-0.045211843333514426,4.583458061016219,0.6720213944196619,0.029672175906362383,0.026626761736559854,-0.7387579248107633,0.6727906851805407,0.011561471987942128,0.04682289319355488,-0.04506751894796388,-1.43564307888309,0.5954890486884885,-0.35454422445150857,0.075056280204391,1.4792405368227248,0.3668782711254479,0.23081492418842248,0.051574081841492335,-0.10952283218645438,0.029285145180484994,0.24569756676239518,0.3200588326052882,-0.281716428493333,-0.04894159893538703,-0.17736250754946314,-0.012031287382618059,-0.1585917193214891,0.3585828736936897,-0.2903148966890533,0.00911126142269054
-0.04535989155463784,4.583456804550517,0.6718273579121824,0.028914175921795023,0.026255516747236106,-0.7377482657532106,0.6739451866800665,0.011122299441516006,0.04674302403224522,-0.04220423576464575,-1.435272094884916,0.5877365048920562,-0.35785514802511176,0.07190780600414912,1.4769358008441884,0.3865270910410553,0.2266855524017213,0.049773977736080104,-0.10876057020793342,0.03017499040464323,0.2443672383183283,0.32201857124089883,-0.282800127141782,-0.04892405961723672,-0.1751481285986398,-0.01145225433752975,-0.15995674190210915,0.3586176063187298,-0.2906723110221227,0.008772397687395316
-0.04553433497968411,4.583426139453226,0.6716284074474729,0.02810613156107881,0.02583613326722082,-0.7367671321419218,0.675067946640809,0.010681371996933949,0.0466392586428494,-0.03949579887648098,-1.4349525025130492,0.580673236458822,-0.36058245222947966,0.06915090030349412,1.474263308680214,0.40877030096694333,0.2231658273934409,0.04784630658710961,-0.10755882090174665,0.03107632551863547,0.24326267382462305,0.32357733107442715,-0.28376528976591187,-0.049084695655375044,-0.172738208831748,-0.010797462105352429,-0.16111362771376567,0.3585726821801002,-0.2910207086677903,0.00844812728014081
-0.04570101254265866,4.583384389974443,0.6714368991856982,0.0273293478414399,0.02539695992490087,-0.7358778489720865,0.6760857139189898,0.01024561264063331,0.046521883367239274,-0.03694854875319161,-1.43469422034727,0.5740478866699967,-0.3628729210172109,0.06650094496998277,1.4712262875149342,0.4315951039364929,0.22065359484933372,0.046000998685599606,-0.10613409902557888,0.03184683790052139,0.24235366137814549,0.3247570867532726,-0.2845965583159485,-0.049310011402654834,-0.17035550350256698,-0.010215146612133427,-0.16208104115157437,0.35850893138466383,-0.29136690580813623,0.008148182639624474
-0.045829426880560686,4.583352025797628,0.6712606166342933,0.026682954452184,0.02495596754900428,-0.7351086348804874,0.6769641900053077,0.009821276092296622,0.046405510583189896,-0.0346162423134826,-1.4344867979602343,0.5677009038854838,-0.3648570311010878,0.06380009478528081,1.4678870141270417,0.45264137873444704,0.21970350305949796,0.04437216802319894,-0.10470392302607466,0.03232569238891051,0.2415876688048034,0.3255487295319722,-0.28525621671578216,-0.049472091243083896,-0.1682683384777986,-0.009871442653300611,-0.16290774810121142,0.358550482218576,-0.2917445817237679,0.007881121475068606
-0.045925984708603665,4.5833340801914435,0.6711024187752833,0.026164332678480517,0.024546856910559238,-0.734463773694965,0.677698933628388,0.00941200693993502,0.04630389963959506,-0.032550325699451044,-1.4342944660844674,0.5615944885067294,-0.36654486179514195,0.06097183577940258,1.4643109801751513,0.470703987259549,0.22081611477871865,0.04292897696058454,-0.10333141598873472,0.03252867583932031,0.2409758264800196,0.32595825567446346,-0.28574510991327096,-0.04952085567332572,-0.16655475719346663,-0.00975850989415535,-0.16358693873268226,0.3587335149433034,-0.29215557179991847,0.007676843482195347
-0.0459731598283095,4.583244356794761,0.6709611461422342,0.02572402796340246,0.024142915286705497,-0.7338853677164708,0.6783565884388961,0.009017536388813046,0.04622411848214731,-0.030713703053660054,-1.4341723771432657,0.5559249655377017,-0.36785951668443284,0.05827342870007583,1.4604398210319947,0.48675023584669264,0.22379590026402102,0.041503740148232854,-0.10181091925362931,0.0325114684778769,0.24052066133569544,0.3259521147795548,-0.2860593702094684,-0.049518417509521184,-0.16501480968898885,-0.009814391331830395,-0.16412241376612643,0.3590184635162346,-0.2925867901536089,0.007499852884244112
-0.04604291340682033,4.583149042993624,0.6708327344839061,0.02533569821519538,0.02375381950119251,-0.7333385720053448,0.6789759916699675,0.00863834777877327,0.04616077817804957,-0.029257142923191475,-1.4340268040465738,0.5509044287975433,-0.3687377083453688,0.055642608499834385,1.4564466231481152,0.5019347319833775,0.22763407856304999,0.040093150886608184,-0.10025862125689071,0.03240907401773331,0.24015645197657146,0.32570402154866096,-0.2862534604525959,-0.04946943863897428,-0.16359614914039594,-0.009914733242047108,-0.16456362336686198,0.35930899709517494,-0.2930162514182808,0.007373372727911676
-0.046115122578649616,4.583115368184851,0.6707100182720007,0.02498723525942798,0.023356795688377757,-0.7327876727436466,0.6795971783668706,0.008275677399710359,0.046101230003476566,-0.028250871874788565,-1.4339663699351601,0.5467371064328044,-0.36906802681172,0.0531136728881427,1.452371536232586,0.5173973957947547,0.23138995147918598,0.03869785780090323,-0.09872523645806942,0.032246799082158356,0.23980406253210096,0.325350366149994,-0.28638963077004,-0.04942009147870739,-0.1622363798741921,-0.010053457269062356,-0.1649660353343729,0.35954796218605384,-0.29344489227140785,0.007275747884799121
-0.046173358654926645,4.5829414177537515,0.6705830184571998,0.024607640181204437,0.02293223458286908,-0.7322246937036196,0.6802320005647996,0.007931856035245148,0.04604166009617999,-0.027342234910021575,-1.433990510735861,0.5435872353795818,-0.3690221493902032,0.051022832016635586,1.448213036179557,0.5339739815257759,0.2349925578735168,0.03735393371976757,-0.0969864106242679,0.032060085757843124,0.23940561942368796,0.3249385925144247,-0.28645972019971455,-0.04935668912631259,-0.16061602498424302,-0.01019329271957416,-0.16537285695064594,0.35963968126280943,-0.2938104166260023,0.007208678557825808
-0.04627445356101694,4.582835374526813,0.6704696258815318,0.024255932261645567,0.022514036526429825,-0.7316897942036594,0.6808339099718903,0.007609216868251334,0.0459687841443993,-0.02693547507883094,-1.4339918394732076,0.5413234816611708,-0.3683678939238719,0.04871311195090288,1.4441778721446785,0.5512205430186674,0.23828417246574268,0.036120205910176215,-0.09526044229628759,0.031868791842551536,0.23900346752718357,0.3243936027566059,-0.28646589837832576,-0.04927747008159718,-0.1589942011122018,-0.01030323069266482,-0.16575385118897087,0.3595680670243733,-0.29413936891370135,0.007206227713097129
-0.04637875778785339,4.582795773866038,0.6703619029120621,0.023944979000547123,0.022111442469602668,-0.73120690519305,0.6813766828198476,0.007308196588460542,0.04588702822232435,-0.026802924055590132,-1.4340803491684437,0.5395059443603111,-0.36734583999058584,0.046260744924722465,1.4401892761744897,0.5679617507869058,0.24151292036887617,0.03497873365922046,-0.09360420949356334,0.03162288126531755,0.23868544932820193,0.32375644826582967,-0.2864318257334198,-0.04917303165709643,-0.15752941705041995,-0.010451321958276092,-0.1660505453993055,0.3595198169651453,-0.2944671593233944,0.007229556146888497
-0.04645053866201589,4.5827675323471935,0.670270657080282,0.023707139501207338,0.02173032991483598,-0.7307956736534855,0.6818382855691014,0.007027054002569746,0.04581216854562608,-0.026708046275112713,-1.4342761806234652,0.5377018049285944,-0.3663103984983225,0.04377853608619186,1.4362491990480035,0.5829317685548869,0.2449949691586011,0.03389901734530893,-0.0920608465576842,0.031273254593001065,0.23852921416179287,0.32304290440002387,-0.28635129517419317,-0.04904104506708256,-0.15636793722647213,-0.010711612131100723,-0.1662183771735887,0.3596768054501093,-0.2948314322636179,0.007233182709544263
-0.04652141664567173,4.582679522920569,0.67018367278482,0.023535487433559824,0.021367534446282487,-0.7304613156014946,0.6822138782762236,0.00676210102636425,0.04576296807881107,-0.026509160223145135,-1.4345021136533598,0.5357261407689772,-0.3654557900429259,0.04128174141600439,1.4323982705223843,0.5957241801826196,0.24881636131649257,0.03281915242793996,-0.09055053122265425,0.030843271189657906,0.2386204739536268,0.3222463788042379,-0.2862437085008868,-0.048835385896217616,-0.15550248122749688,-0.011067492527960337,-0.1661961234389276,0.3601136297196001,-0.2952559081103142,0.007222767306009101
-0.046546480116576916,4.582611913369211,0.6701107060542543,0.02342838189511518,0.021026032722669015,-0.7301773386121869,0.6825321025760959,0.006510035987940471,0.04574200533046602,-0.026498206113239442,-1.4348512264698388,0.5338577754651839,-0.3644642192626865,0.03861152960452835,1.4286021692290678,0.6068633382747262,0.2527641424677509,0.031714955051368975,-0.08912668595046803,0.030311305277466283,0.23890716309444135,0.32136159333677655,-0.2861054606567928,-0.048589948158265166,-0.1549479803455325,-0.011529558893816811,-0.1660110974769361,0.3607764073682939,-0.2957412350157013,0.007191745921910264
-0.04656149378883598,4.582528626279132,0.6700524658047514,0.02336768104606308,0.020710241032927935,-0.7299276166420838,0.6828108902632524,0.006270133813372857,0.045746970772935436,-0.026603977351038054,-1.4352424115304108,0.5322338265312601,-0.363399648343177,0.035946130136557494,1.424974091182721,0.6164392640825234,0.2567109183238677,0.030666575314680405,-0.08778437592491688,0.02974291003211218,0.23925677390378114,0.32041852954457267,-0.2859173519949235,-0.048345035214318086,-0.1545694496679798,-0.01203047037679969,-0.16578027788102248,0.36154061783553215,-0.2962424749683047,0.007157662891021536
-0.04659581219852635,4.582419241216371,0.6699946047221772,0.02333164888971888,0.020441045424617325,-0.7296921128346905,0.6830718983305357,0.006043759183663008,0.04576740386107373,-0.026852847775135733,-1.4356333246961823,0.5310238213187872,-0.36232725792594245,0.03338526791149312,1.4215774672938413,0.624490586860488,0.2604858461905851,0.02975330461648958,-0.08660300243866854,0.02921815532449895,0.2395252439417018,0.31952776205206923,-0.28570279245958374,-0.04814562351668116,-0.15429488725130214,-0.012500780457789223,-0.1656254487721497,0.3623146360243698,-0.29672976480059327,0.007137381371378736
-0.046649354187136144,4.5823262161489415,0.6699409224296801,0.02334989554996015,0.020222573258603844,-0.7294689411079611,0.6833161009865324,0.005831044665693161,0.04578799391184267,-0.027355894116362082,-1.4360330786904039,0.5303130830957159,-0.3611212436908087,0.03083873756537165,1.4184196603371955,0.6310663047914392,0.26397686613336757,0.029013130979470964,-0.08569712232841749,0.028744246281830976,0.23967115352511648,0.3187273057407686,-0.2854606522615112,-0.04806756058213576,-0.1541908355826948,-0.012937612821279289,-0.1655844156842123,0.36307724763118926,-0.297201052433962,0.007114196625480512
-0.0466956064601878,4.582256153265592,0.6699020014488765,0.023404220599803714,0.02006406179634755,-0.7292747596168194,0.6835261522927846,0.00563140751121482,0.04580174493717153,-0.02807454740806064,-1.4364785315148478,0.5300179077867264,-0.35978212522052105,0.028277812579516802,1.4154700040553068,0.6361552699333644,0.26725293567450764,0.028426285729616346,-0.0850046063374891,0.02829426529168914,0.23975505125715915,0.31795431565533633,-0.28518888312178486,-0.04807234632521273,-0.15427103638387468,-0.013363031555259941,-0.1656050790026679,0.363846406092465,-0.29763655474229006,0.007096929491314345
-0.04673450382495326,4.582187552217669,0.6698598335760473,0.023477599308261786,0.01992322490997202,-0.7290973841338567,0.683716953050804,0.005445015695423943,0.04580981832620652,-0.028888112123604204,-1.436952297872979,0.5300359853009834,-0.3584361425489285,0.025819836760760245,1.4127465946823412,0.6396998432346287,0.2703715626362275,0.027929836659952946,-0.08442807759060657,0.027855478254638695,0.23979830598440896,0.31726832429672974,-0.28493242441316324,-0.04806902147435277,-0.15441996173323327,-0.013793040578389728,-0.1656679531361058,0.3646439924759963,-0.29808221182879846,0.00708123153180088
-0.046768662361070114,4.5821273120886,0.6698215453323151,0.023552858971207884,0.01977164937258038,-0.7289249341136346,0.683902613785621,0.005271706837258765,0.04582078403749247,-0.02972907758833025,-1.4374481121976899,0.5303090310501595,-0.35718882079936326,0.023539990537323995,1.4102999719486589,0.6416295365639396,0.27336052963197327,0.02745974613874353,-0.08388345058464182,0.02741590363303342,0.23981729425790607,0.3167289171841221,-0.28476740037343984,-0.04795257306199888,-0.1545164309241933,-0.014239789818524048,-0.1657540865958933,0.36540696301874737,-0.2985380052029238,0.00708420255368557
-0.04680737722629135,4.582038615373428,0.6697894740735143,0.023604289444932654,0.01959764211370198,-0.7287658648149155,0.6840753498145888,0.005111264250837437,0.045847083193992416,-0.03043644711831839,-1.4379338011300453,0.5307697021705862,-0.35615319183068467,0.021526654871703924,1.4081601698484525,0.6415287347116051,0.2760991593179454,0.02700823219783634,-0.08329138436132405,0.02700440294445814,0.23984434645448494,0.31639067730409953,-0.28474824374978835,-0.04763026109792172,-0.15445717132810027,-0.014668895078223668,-0.16584995946995665,0.36608921427760377,-0.2989707164740825,0.007101269208969765
-0.04685531125387163,4.581938674936555,0.6697423137596042,0.02364684628780915,0.019419952660751756,-0.7286189670098602,0.6842354075994459,0.004962790868518213,0.04589432026972077,-0.031079072208985314,-1.4383964858104767,0.5314782795023533,-0.3552977526254025,0.019722049263408762,1.4063362056679758,0.6395052601076139,0.2785968083956203,0.026586902904216,-0.08272367423596506,0.026625841986009823,0.23987055875612703,0.31622132883825704,-0.2848518734241608,-0.047157515693715,-0.1543296926574343,-0.01508260156180892,-0.16595733387206177,0.36673041022767955,-0.2994063296775011,0.007136373791091374
-0.04691322948265077,4.581824843091083,0.6697000044595535,0.023687781361781683,0.01924930425506294,-0.7284642848819765,0.6844034913347856,0.004824604328254213,0.04596145549256147,-0.03174738685540137,-1.4388569528963187,0.5324895079831087,-0.3546131599288131,0.018055072965676416,1.4047905501206737,0.6363644295837302,0.2810715888989286,0.026191651000633524,-0.08222078005551284,0.026262381401306968,0.23984530155397127,0.3161450214507771,-0.28497554828813665,-0.046652139093037,-0.15419560721986036,-0.015494189779166381,-0.16610617658486357,0.367374692712192,-0.2998495531699376,0.007199545309298671
-0.04695706263218204,4.581668194287512,0.6696564251460924,0.023744052388548615,0.01907773237957497,-0.7283068105172513,0.6845739184760201,0.004692388059672455,0.04604144837058933,-0.03244970839709959,-1.439324381006904,0.5337615612141076,-0.35414121801192255,0.016382318094726123,1.4035281749770772,0.6331118278908048,0.28372341356696745,0.02588164501211559,-0.08174755872289012,0.025868254466868468,0.23971372108938702,0.3160093235383445,-0.28499588372833723,-0.04626321690571683,-0.15409932655330594,-0.01594771019718532,-0.1663186859347636,0.36809676868501695,-0.3003382079422967,0.007285011320389405
-0.04698421836221643,4.581578425039824,0.6696153560741865,0.02380790929856327,0.01894483645450261,-0.7282776684348067,0.6846063936932713,0.0045499178388194155,0.046114989458164266,-0.033177151049923,-1.4396778013551323,0.5349040367652926,-0.3539388335295291,0.01410902414664989,1.4027833634386526,0.6302938956551987,0.28616068556642676,0.026074191810367527,-0.08144069289582878,0.02546990019144612,0.23945226925233246,0.31580908686802167,-0.28487693532636743,-0.04602255876057675,-0.15421729134907647,-0.016433157137099173,-0.1666172288273627,0.36902545226120453,-0.3009440694736022,0.007447449944251873
-0.04704301118265943,4.581482175108803,0.6695793748496387,0.0239317279530378,0.01882852923477952,-0.728000105432717,0.6849004346428689,0.004440066634635956,0.046189773272348335,-0.034450217634176196,-1.4401799135667073,0.5371359472093555,-0.3536650094557051,0.012432126611252252,1.4019980187676704,0.6259754103206749,0.2892590192471315,0.025677909449843682,-0.08128980018101782,0.024995776154125834,0.2390540484981925,0.3155584981395257,-0.28464122443255635,-0.04587836268409742,-0.15451571701649272,-0.01701553750605412,-0.1670183649658852,0.37011843641499803,-0.30165699668701373,0.007654828010110354
-0.04704068327121584,4.581415078964221,0.669537126334224,0.024061440734686083,0.018714088582555775,-0.7278450359312116,0.685063817194128,0.004326335623160495,0.04626010737043803,-0.035590021438507737,-1.4406895128555521,0.5392672587991725,-0.3536091307642741,0.010476795596522964,1.4014023172876504,0.6221616327511494,0.292293741484926,0.025659211076063733,-0.08120334865323546,0.024483320763179772,0.23860619673955077,0.31532614733977177,-0.2843862084891306,-0.04581860810926877,-0.1548710822927625,-0.017641399621298324,-0.16742592220671604,0.3712322559445616,-0.3023789141995886,0.007864659273745194
-0.04706926354596048,4.58136037509258,0.6695098201170895,0.024158762073226404,0.01861502327216686,-0.7275997003250612,0.6853236543492045,0.004225684229331361,0.04633038432771694,-0.0368836614721135,-1.4411618326759446,0.5419176675929986,-0.3536013347066023,0.00871058611781075,1.4010786910592354,0.618639471289905,0.29526974442804893,0.025380887584490145,-0.08112023622779999,0.024086762703079988,0.2381177696335748,0.3151579835363271,-0.2841976747496473,-0.045802606874937465,-0.15506895579059546,-0.018125700963087205,-0.16783541903049834,0.3720506797526198,-0.30293715826413886,0.008059101941395645
-0.04710894885516093,4.581286233393885,0.6694925548346752,0.024192153754832562,0.018513568443228406,-0.7274060927622055,0.6855307168118894,0.004123336242319945,0.04640597313067405,-0.03794398494418964,-1.441528988390723,0.5447244654650604,-0.35388496532702346,0.006922419030828668,1.4010291566818271,0.6162552743481341,0.29807356504510873,0.02534337236830306,-0.08093890014173521,0.023831452557694456,0.2374870399413265,0.3150816638342055,-0.28412991798207715,-0.04588399966754618,-0.15484472778690805,-0.018433676691470464,-0.16831201143792152,0.3723268591220661,-0.3032535895658255,0.00823479425417653
-0.047165003713407004,4.581213815843738,0.6694809593822632,0.024177034132196577,0.01842194649158804,-0.7272122299369204,0.6857393641451568,0.004023603178304559,0.04648972037749978,-0.03895393437861524,-1.4418235420507546,0.5478575479717289,-0.354382715705219,0.005163223553127667,1.4012136639440054,0.6145370608376101,0.3007998142772141,0.025392130583306676,-0.0807328672945177,0.02369168613017901,0.23672030807318747,0.3150784035589361,-0.28414392508865394,-0.04606063586442342,-0.15430749938838698,-0.018595403777323844,-0.16886239764640562,0.372146083670778,-0.30336305522589313,0.008407433473674902
-0.047213354944882165,4.581163108080546,0.6694607366168353,0.02419114402017232,0.018361599564278373,-0.7270248935560083,0.6859390966859316,0.003925694550541889,0.04658364028831093,-0.039965236482314696,-1.4420942504349454,0.5510137861539831,-0.3550676086427686,0.0033341764450238905,1.401566885902319,0.6131744679630268,0.3034068733130479,0.025310358820186826,-0.08067704619071922,0.023561577287309992,0.2361025016480799,0.31514332937740264,-0.28418960051177294,-0.04621994822278411,-0.15395786772781714,-0.018743158601530155,-0.16926845419103886,0.3719783638372393,-0.30339062900460134,0.008549188800304834
-0.04724627928243865,4.581136099028902,0.6694504419109975,0.02429848998428775,0.01835926956446037,-0.7268264485501886,0.6861456363582469,0.003830807619864539,0.04668776568444793,-0.0410827825642943,-1.4423914248268814,0.5539928432473669,-0.3558697629242299,0.001347416584994065,1.4021000965869326,0.6118135353654978,0.3057879146261907,0.024790001285481617,-0.08087943033430846,0.023358281090916182,0.23593822855793042,0.31522806496616307,-0.2842061663812427,-0.04623679320108284,-0.15427555521769626,-0.01897703940417497,-0.16928863778180572,0.37230064250372297,-0.3034505046531206,0.008632309197548647
-0.04716516693403451,4.581371800756117,0.669454847833281,0.024586561543033552,0.018468211013390943,-0.7266521040732711,0.6863170883923438,0.0037312956837620564,0.04679498708503628,-0.04271101562415254,-1.4428609231929168,0.5565766253876305,-0.3565003094461342,-0.0013651240328198546,1.4027514863492412,0.610644870242135,0.30761502893563913,0.023649341238644237,-0.08169439012478098,0.02294499696399759,0.23653407594157533,0.3153146871174446,-0.28418244477585725,-0.04606374133459591,-0.15594569992879062,-0.01944283721784006,-0.16863035286138645,0.3735327959941594,-0.3036532666456762,0.00861971313962642
-0.04712580889304546,4.581413259278338,0.669470172026434,0.024958205960604055,0.01861498101090899,-0.7265318001173199,0.6864270637551226,0.0036246575005921336,0.04692436500166598,-0.043831254756732774,-1.4431528674996668,0.5586813549448795,-0.35784612689217365,-0.0039057590879980294,1.4036406662523147,0.6097630937670978,0.3094546174490595,0.022151098283766373,-0.0825988797414198,0.022484325455803415,0.2377138510518061,0.315432731968935,-0.2840876867759894,-0.04568707364901372,-0.15826915503357544,-0.019980963790275735,-0.16745144715241733,0.37546981290371956,-0.30389333898599774,0.00854254477417048
-0.0469745982182302,4.581538994307011,0.6695031291204053,0.025421085995722927,0.01880056694996098,-0.7265585941891182,0.6863766577318108,0.0034984267674832885,0.047069858608209225,-0.04483009239423256,-1.4433503693291836,0.5600199374061592,-0.35949732032048304,-0.006660014150396753,1.4042605093329015,0.6093966060324358,0.31127964571608785,0.02100240467201781,-0.08374322748003978,0.02188627729520614,0.23901769564430017,0.31553816151002034,-0.2839875642168381,-0.04529418324594912,-0.16096173614937614,-0.02065533027004674,-0.16616758815707355,0.3775730483590569,-0.3042120220055471,0.008408179250590482
-0.046971603182668104,4.581564485993982,0.6695124345361465,0.02571408746691005,0.018904535211947793,-0.7263405721202361,0.6865936043586581,0.0033958142324317015,0.047207330460534457,-0.04616002686220976,-1.4436883077953586,0.5623193775495469,-0.360719735002775,-0.008812588189647462,1.405529564155475,0.6079628696054692,0.31285187033217426,0.01955469260407869,-0.08451522168013208,0.02153698763893959,0.2399033418706228,0.3157314646882568,-0.2839204066753218,-0.044901049168633904,-0.1628591892269073,-0.021094908028044125,-0.16531421362419427,0.37928328036037007,-0.30450218751909985,0.008336245881832858
-0.046993475119171596,4.581547359689174,0.6695120403251147,0.025885007563474838,0.01894427555896088,-0.7261723141727443,0.6867640431297981,0.0032943764589441413,0.0473243785481356,-0.04726766270743382,-1.4441306634181927,0.564417458982957,-0.361835945878968,-0.010663765332347272,1.4069871393928934,0.6062748015937842,0.31420226218676045,0.018821119604293206,-0.08505180594217927,0.021311788369905334,0.24019529491697403,0.3160427574888337,-0.28392473222256337,-0.0445666027522406,-0.16384213147548118,-0.021413232177282124,-0.1650700966638901,0.3802617373721168,-0.3047293851165533,0.00829609005678702
-0.04702741036349154,4.581546774598265,0.6695021957631638,0.02598440673693538,0.01894219897659391,-0.7259927079693449,0.6869502104809337,0.003200591443070293,0.0474148040496236,-0.04835247160243289,-1.444625059007501,0.5665127571177238,-0.36284106912652236,-0.012213659551131947,1.4086525445887625,0.6042772865105286,0.3154298356089866,0.018422361002426012,-0.08548275016212432,0.02116932204936469,0.24008854730036505,0.3164346651351762,-0.283977466303469,-0.04425603721951257,-0.16425077565985233,-0.02164717157019283,-0.16524773730505568,0.38073244109756144,-0.304906754346979,0.008268484174112096
-0.047041982190311776,4.581624210671501,0.6694895236884428,0.02604794676765273,0.01894505921619829,-0.7258175451659814,0.6871327967210662,0.0031126560882327203,0.04747861941386183,-0.04941661419981446,-1.4451170151652912,0.5685437790604433,-0.3637437417598438,-0.013684689107031068,1.4104573100673725,0.6021458861288425,0.3165385681585605,0.01819682255878518,-0.08593669252448248,0.02107645987932793,0.2398126506984551,0.31683308198924676,-0.2840408779251995,-0.0439960093464694,-0.16448618068338006,-0.021826270346261705,-0.16559331193585577,0.3809614921343383,-0.30503267304122195,0.008273449401981764
-0.04703362353225624,4.581685812875362,0.6694874811478396,0.026126652805488745,0.018961241087139483,-0.7256736211548597,0.6872813578947209,0.00302806573896692,0.04752801156640889,-0.050229878254595094,-1.4455041463422813,0.5704166274069733,-0.36478896285016527,-0.015002659952789125,1.4122227175438584,0.6000047965653672,0.3178096853562421,0.018022249031459246,-0.08638937470471013,0.020962348118742626,0.23959598472423843,0.3171343661050244,-0.2840502459069482,-0.04380685896848901,-0.1648046363068082,-0.022011996787567076,-0.16585365772043886,0.3812008108583987,-0.30509871597982885,0.008321565941322892
-0.04700958872888857,4.5817322012066715,0.6694893589307791,0.02622487107823853,0.019017077175725455,-0.7255512370642919,0.6874052729701011,0.002946098720310121,0.04756677907024571,-0.05091545105959516,-1.4457907097333909,0.5721722863348211,-0.36593659305298487,-0.016313640988594155,1.4139150889449312,0.5975678603358638,0.31925663146983,0.017827753058667562,-0.08686041101090437,0.020837570582017746,0.2395224861340002,0.31727825414323146,-0.2839834108612448,-0.04372379830806558,-0.1653011799540245,-0.022187395251359956,-0.16593611497986138,0.38149611160962116,-0.30510326545214367,0.008469718967952258
-0.04699467539682697,4.581786353130495,0.6694981116604849,0.026325285126404467,0.019089082735657504,-0.7254166792034472,0.6875414371634404,0.0028675725231581324,0.047590574643471516,-0.051607913251731516,-1.4460174135553756,0.5739441161541249,-0.3670463627525738,-0.017635382880378244,1.4156989434482812,0.5947711479896922,0.3207019321565605,0.017603077172406584,-0.08731956477110416,0.020742448511704106,0.23949184697822284,0.3173005570290373,-0.28385392719592234,-0.043734662506893125,-0.16583617288670396,-0.022317759789373667,-0.1659584831919754,0.3817522758994348,-0.30505643540818395,0.008696983655398382
-0.04698789600629889,4.581847861245508,0.669519444308074,0.02640278694159553,0.01915845353949198,-0.725273239093149,0.687687847177064,0.002789196052968293,0.047600104901250766,-0.05227943798242889,-1.4462290852795594,0.5757157275738221,-0.3680552676160597,-0.018966157021415794,1.4176075001044786,0.5922550337792944,0.32192225077547837,0.01734314706053312,-0.08772848419875671,0.02068486293572999,0.2394585979955527,0.3172933371406955,-0.2837052167790025,-0.04376931538801168,-0.16634193669067296,-0.022403417208473594,-0.16597346477886046,0.3820172679823229,-0.3050024417687261,0.008921030801472368
-0.04697183248297588,4.581918743592573,0.669528356908184,0.026479446050281793,0.01922056981072419,-0.7251561434174041,0.6878066416493953,0.0027073070083272746,0.04760785695401616,-0.052814115597587676,-1.4464186181487892,0.5772768808271952,-0.36900541449282703,-0.020147520083888894,1.4193207361104003,0.5908754398870293,0.323029784826214,0.017142778776291227,-0.08813189658608059,0.02060338737055765,0.23938397519448149,0.31731444783666723,-0.28357632227534635,-0.04375477714942128,-0.16688035472377485,-0.022525545603838647,-0.16601975228271879,0.3823908785033633,-0.30502469240673025,0.009055891167829844
-0.04693477245380269,4.581976423855028,0.6695287307824234,0.026486916289528945,0.01924962907352759,-0.7250277828712025,0.687940847101604,0.0026235485926092155,0.04761639378843465,-0.05327988294693558,-1.4466610291094895,0.5787460998733114,-0.3697294603502904,-0.021284456568987874,1.4212115462850508,0.5907572110013675,0.3236999036270852,0.01689418919189352,-0.08843027520212417,0.020589464230983647,0.23921275737792083,0.3174877296134727,-0.2835173623749618,-0.04365740471044415,-0.1672938782136376,-0.022605006051770356,-0.16615199565387828,0.3829010144725119,-0.3051455133437581,0.00902665900687935
-0.04691050047130688,4.582045121678528,0.6695261409894134,0.026467910985045116,0.019282426907014504,-0.7249381315663894,0.6880351321710952,0.002536389128731144,0.047632873611112306,-0.05360310634759462,-1.4468497672515908,0.5799404517658757,-0.37041100763619544,-0.02240691694877006,1.4231574404991818,0.5917459171778335,0.3240527796057876,0.01675029513141083,-0.08873451020763418,0.02061203493164025,0.23898642040605989,0.31773392745470297,-0.2834976782887433,-0.04348828858448443,-0.16771322220977072,-0.022662856034389084,-0.16632685452212717,0.38350745306412337,-0.3053352149416472,0.008912191513855694
-0.04688561211994231,4.582132862985877,0.669520593573447,0.026443717794704984,0.019298872120460206,-0.7248689480104505,0.688108488201022,0.002449481965011543,0.047657966514474376,-0.05385492061884889,-1.44702742041565,0.5810515914821603,-0.37097859060334515,-0.023444976617264697,1.4249942274076963,0.5936185525641883,0.3242401217373493,0.01664798066297039,-0.08899211436616063,0.020618709465430745,0.23876020597784253,0.31795123597111463,-0.2834827584239579,-0.04331175203316413,-0.1681245760280518,-0.02273354211466664,-0.1664998652236351,0.38415049457132483,-0.3055582441377735,0.00876237007304174
-0.046846488903394705,4.582206416184876,0.6695055532319989,0.02639443994441748,0.019297768003753706,-0.7248357228126752,0.6881454095063932,0.0023616498522184915,0.04768150203562837,-0.05401298739172259,-1.4472127772484482,0.582149548124778,-0.37136977601990956,-0.024525907423982106,1.4268620416013784,0.5962710025300275,0.3241240273920797,0.016611757728692236,-0.08911797780387459,0.02062010076490761,0.2385973749755187,0.3180461660565558,-0.28342296054355776,-0.04317112907149468,-0.16848578948846032,-0.02279568667995444,-0.16662741251713034,0.384800139499663,-0.3057589903413905,0.008644296734948187
-0.04680658604400454,4.582263650526536,0.66949869447367,0.026364760236775815,0.019293484672093728,-0.7247901415111376,0.6881946756806037,0.0022793625678472077,0.04770218784247664,-0.05416064379171891,-1.4473773439258235,0.583513411294728,-0.37161122125972335,-0.025347003214389183,1.4284360936165488,0.5999394975888803,0.32405652422883785,0.016491180140660915,-0.08914660274790459,0.02053592994022019,0.23852795356574238,0.3178899781537458,-0.2832532760192926,-0.043092645545324555,-0.16887944577394134,-0.02290817603315795,-0.16668833484436654,0.38542309841654737,-0.3059145607599398,0.008594447369086211
-0.046748074278019976,4.582374331548036,0.6694926133845939,0.026320792429806682,0.01926579983272353,-0.7248000477568299,0.6881867011315828,0.002196416038929815,0.04770674735759758,-0.05435049634997871,-1.4475679715939256,0.5848978650661775,-0.37154729877558185,-0.026321508247636002,1.430024808817601,0.6048910087254549,0.3236106009935662,0.016483141666315385,-0.08905250828808736,0.020418082328807968,0.23852559231272785,0.3175511261706005,-0.2830155506825779,-0.04306955088703736,-0.16926370896287302,-0.023030727487275103,-0.1667000755876943,0.38604348200415306,-0.30605663599351374,0.008572396836737816
-0.046686862545538416,4.582459466989479,0.6694884539318264,0.02627253954355386,0.019228379812454413,-0.7248168250335537,0.6881719212696783,0.0021201430562778805,0.047702943297953646,-0.05445117135277107,-1.4477573314123082,0.586199791363837,-0.371371068772919,-0.027131526629966367,1.4314713008369357,0.6099127444436554,0.3231338234172544,0.0164802283864989,-0.0888876737009712,0.020287039945701437,0.23855728085999856,0.31715228170816384,-0.28274615990145235,-0.043043775289955524,-0.1695933152557572,-0.02315417261977167,-0.166684845191221,0.38663139869148244,-0.30617309668218984,0.008565883668612004
-0.0466172601754317,4.582570928377123,0.6694867680408694,0.02618270033620546,0.019199120003120934,-0.7248874475306797,0.6881017718380527,0.0020463802185622286,0.047692013040755044,-0.05452506130790581,-1.4479562105934851,0.5871163671280929,-0.37101231711712906,-0.028171061084039908,1.4329629152722243,0.6141429799659287,0.32232408435747995,0.016640037580098216,-0.08867959981563175,0.020210755840656163,0.23860304311372033,0.3167746439642032,-0.28250197227217666,-0.04296156083615953,-0.16982783487620517,-0.023216331880439967,-0.1666557463211593,0.38711317977768356,-0.30623081630822285,0.008573976492651026
-0.04656739170919237,4.582703099242386,0.6694845852130462,0.026141460000001813,0.01918801011974949,-0.7248713568770639,0.6881206001246569,0.001989920459883827,0.04769757201814475,-0.054681045751717096,-1.4481209059204372,0.5879600671914501,-0.3705639434465776,-0.028878378064290652,1.4339807670693965,0.616675151866812,0.32189720003087496,0.016568159412175328,-0.08861017267824192,0.020134230762773618,0.23867497324159012,0.31648915136551625,-0.282309963888632,-0.04279139344066835,-0.17013577595877535,-0.02328109060694448,-0.1665845977646763,0.3875444500090367,-0.30626201032749767,0.00856958946970552
-0.04651100161510991,4.582725177871851,0.669480418112134,0.02603001163849453,0.019148238844609818,-0.7249204744544454,0.6880741887035092,0.001932425929209237,0.04771544103989948,-0.054525345738947496,-1.4482781230558313,0.5884307917389032,-0.3701059862122534,-0.029640363157123192,1.4350703858948537,0.6185946601394791,0.3212872964106972,0.016658286551409312,-0.08834751403736978,0.02012678978161037,0.2387991003525209,0.316258385758151,-0.28212654456177977,-0.04253942403740081,-0.17019209589935308,-0.0232758717585557,-0.16646586947225098,0.3878997717964977,-0.3062163220472891,0.008556820830395244
-0.04642916263234609,4.582776817505549,0.669466277443397,0.02591935262089256,0.019117701582307346,-0.7249504494110752,0.6880476339212314,0.0018776331491342595,0.04774104897612445,-0.05452648198059701,-1.4484686420768174,0.5887900702664585,-0.3693990172427111,-0.030529955863895918,1.436078680921464,0.6197174450408727,0.32043477837952705,0.016730047800640368,-0.08811098163300969,0.020124047879145335,0.2388858841595305,0.31603441964453854,-0.2819760770073782,-0.0422990043990899,-0.17021409886108474,-0.023261129055883498,-0.1663860042673436,0.3881494096720911,-0.3061551773546096,0.008551214121419433
-0.046360557488053886,4.582863681331679,0.6694473561560458,0.02581003811556788,0.019096089911168776,-0.7249722940233022,0.6880293265415139,0.0018262889946052995,0.04777149035264441,-0.05451464019872149,-1.448607302050012,0.5890367197447862,-0.3686587961913915,-0.031244801923987424,1.4368232052986294,0.6201732762973998,0.31965233960509837,0.016859858773567195,-0.08792060184801005,0.020111738379248907,0.23886477838764578,0.3158164664974437,-0.2818575331964355,-0.04211328166290136,-0.17019579991963477,-0.023258484148744856,-0.166416365943843,0.3883195445228426,-0.30612770074909074,0.00859865886821721
-0.04627989020433422,4.582975689844153,0.6694219241426567,0.025695192388885367,0.019045089264999645,-0.725024578885959,0.6879799427848354,0.0017759433856188184,0.0478014999504687,-0.05437767580037344,-1.4487499277740805,0.5891042257448088,-0.36788659361108855,-0.03173874249137363,1.437251610522638,0.6200720307217029,0.31892131115169065,0.01718982860915219,-0.08769472629180146,0.020045529272745007,0.23868484288004477,0.3155693712730097,-0.28173756831287067,-0.04202233897171344,-0.1700621202920914,-0.023311593056823097,-0.16660562297538523,0.38841973605211677,-0.3061586075633402,0.00870951528717208
-0.046217762211651546,4.583055625463865,0.6694018844528012,0.025557152897028132,0.01895513790403832,-0.7251244286006638,0.6878823284031934,0.001725408337412837,0.047828936488158766,-0.05399628054129081,-1.4488428107359104,0.5889324265904294,-0.36716654773662244,-0.03197718003819351,1.4374615502304682,0.6194958202546731,0.3182563872083537,0.017746242964583662,-0.08733115107327567,0.019955373849576862,0.23838777836873185,0.3152425757421917,-0.28156933083147195,-0.04198106002677238,-0.16973061523974564,-0.023383966620944836,-0.16692017510626625,0.3884187605347847,-0.3061957080780137,0.008882345472778452
-0.04614521404775253,4.583058066037629,0.6693883389869921,0.025392290468997273,0.018876314252587057,-0.7252048380576085,0.6878058295789697,0.0016787133965924506,0.04785596924870765,-0.05352360997296711,-1.4489411814367588,0.5885486299904747,-0.3664785698417049,-0.03203392566715647,1.4375592712208247,0.6181737468803443,0.3178026536914362,0.018305421786315487,-0.08684498278492661,0.01989206274869979,0.23801960749428444,0.31479270282165256,-0.28135860631224086,-0.04197214744653958,-0.16923682293926623,-0.023409023600964713,-0.1673165938902113,0.38826697546109695,-0.30617793306326424,0.009044777671908675
-0.04608791877552794,4.583106165537637,0.6693840303057573,0.025218122925624916,0.018825161275499307,-0.7252537425330382,0.6877620726100577,0.0015973145975244044,0.047891341831237846,-0.05321019808225243,-1.4490031598703401,0.5879505418553226,-0.36564490852262216,-0.032226068357361574,1.4376454585591043,0.6161328910223883,0.317383776912339,0.018818399297363998,-0.08646045940364698,0.019907658272016907,0.2375974304271251,0.3144192244867511,-0.28115527887948194,-0.04197753201239076,-0.1686596708999413,-0.023347341358458836,-0.16777371749734857,0.3878584195873682,-0.3060459340665839,0.009166605780958598
-0.04605600252838221,4.583198906444481,0.6693933826603423,0.025054455693382303,0.018803742838288853,-0.7252654793940095,0.6877562634426231,0.0015323150679902816,0.04789919043389314,-0.052959792644820626,-1.4489859011060942,0.587123589186849,-0.36493959084498734,-0.03245632682718936,1.4376790642766952,0.6131079367150463,0.3174273077048487,0.01920221364868548,-0.08627080064400452,0.020045414294994224,0.2372225966352693,0.31424629217018896,-0.2810466583271045,-0.04201864844025051,-0.16813323828118487,-0.023179099071900924,-0.16817349647464666,0.38731994322594815,-0.3058124861693858,0.009152415503463672
-0.04602953308142071,4.583313079116428,0.6694022166304007,0.024880336569705973,0.018812770677947885,-0.7252214596186701,0.687808754684152,0.0014802514654792761,0.04788320012449426,-0.05271462229997315,-1.4489284096908683,0.5861623522694079,-0.3642831096123104,-0.03257284577209685,1.437566262951151,0.6089816026857235,0.3179013242033937,0.019447951850089542,-0.086191801452884,0.020270227556666767,0.23682166390164228,0.31418418999844683,-0.2809954344508949,-0.04209362322986296,-0.16757177438505477,-0.022926601607646414,-0.16859883284574023,0.3866183613393958,-0.30550071581249755,0.009065559207877986
-0.04597089645145849,4.583358154677566,0.6693981927092046,0.024679411777690854,0.01878681710651271,-0.725254821343211,0.6877815250904477,0.0014188552216677528,0.04784070299707736,-0.052151848936154904,-1.4488716508423527,0.5848308592284974,-0.3638776388922519,-0.03265187780993598,1.4373243487277019,0.6055858932838791,0.3183532605682843,0.019928979569759246,-0.08602452483957626,0.0204660717865634,0.23641996368436213,0.3142016834158871,-0.2809697249126368,-0.04216009342334051,-0.1668583527505172,-0.0227120300816177,-0.16902766214317655,0.3858880486272105,-0.30517868125120867,0.008953025849310979
-0.04594818431395342,4.583405790277451,0.6694005013140952,0.024507635565554915,0.018794874389031612,-0.7251169628011028,0.6879327865088217,0.001379025569346032,0.04780323877943027,-0.051904106036814425,-1.4487705745624853,0.5839912917333592,-0.3634342368829618,-0.03242229732758345,1.4369234996567162,0.6027802249587131,0.3187483491058706,0.019914811233528364,-0.08598849803679436,0.020701190858912272,0.2360346765187195,0.3142917518300309,-0.28095903117790777,-0.04217792503617449,-0.16624754481093892,-0.022460728479932305,-0.16945032403502056,0.3851539034683966,-0.30482947802884924,0.008876125088757868
-0.04591119162329369,4.583495033629092,0.6693934032384431,0.024295850753817756,0.018735242633832132,-0.7250245828048142,0.6880392842333252,0.0013554241659019944,0.04776371658361631,-0.05165893225621,-1.4487817518522539,0.5833729446390578,-0.36296214172705543,-0.0324243910080938,1.436597641544233,0.602490038321892,0.3182118305662014,0.02002307749965791,-0.08586952081721198,0.020888970843524746,0.2356940030430444,0.31449428079353686,-0.28097070696863624,-0.04212997081220511,-0.16560798025205625,-0.022274255609500585,-0.16982693184669398,0.3846157428773727,-0.3045599128731433,0.0088466428651373
-0.045898001624612245,4.583553933280495,0.669392562488525,0.024148760890584594,0.01870151396329588,-0.7249881710467555,0.6880837467672173,0.0013235684079865916,0.047731156811581445,-0.0511083987106377,-1.4486150818293144,0.5821451925742257,-0.36295277588697655,-0.03223697965097754,1.4359820708257582,0.6033284635593246,0.31763409913720075,0.020342868454532464,-0.08589920324938927,0.021022190177884446,0.23532144419746195,0.3147589469143785,-0.2809888469156113,-0.04202259677567881,-0.1650265246964815,-0.02213754032303045,-0.1702371249671445,0.38398865987237046,-0.30423862569685756,0.00884631464864214
-0.04587352551441685,4.583640459540715,0.6693849117803313,0.023985598197529018,0.01863361286528542,-0.7249433506800175,0.6881385164743535,0.001291142988512294,0.04769463760110628,-0.05060866345453852,-1.4485003736170268,0.5809731294061371,-0.362904303190502,-0.032049219793090625,1.4352666535421927,0.6049488525127329,0.31694385581382334,0.020613480169930955,-0.08591264696969404,0.02114514041530518,0.2349756209927273,0.3150887278184068,-0.28101720275473785,-0.04190834522549228,-0.16440633439602406,-0.022020887360170684,-0.17062411896254956,0.38337615404479547,-0.3039152446961063,0.008849991253063122
-0.045839698209414526,4.583738754566621,0.6693867795816639,0.023861962320357685,0.018577943679980235,-0.7249793262859913,0.6881064185289636,0.001253730100997545,0.0476662343796434,-0.049904177320257495,-1.448285702324715,0.5794144260096431,-0.3630861416657274,-0.031825468991025556,1.4343136760026725,0.6069210615359306,0.31661116902132025,0.02104129710511087,-0.08596307771160108,0.02120996792023023,0.23470648327523716,0.31534148500289827,-0.281023791600784,-0.04181559759570024,-0.1638897375900803,-0.021952307493790544,-0.17093985830721334,0.38276155500613174,-0.303586471979193,0.00887262351576315
-0.045818221128907356,4.583829446431462,0.6693929681867198,0.023713876298071482,0.01852626669353961,-0.7249259469451869,0.688169165946096,0.001226123764191313,0.04764578228143502,-0.049330811670285794,-1.4481130183421962,0.5780000605696505,-0.3631105118879836,-0.03151068698880848,1.4333977120195696,0.6085007403612264,0.3165995395799184,0.021099551238065867,-0.08594302694381734,0.021346053952633007,0.2345401857405774,0.3155644124207296,-0.2810460760377659,-0.04178238177867009,-0.16333943715991958,-0.02181339147736328,-0.17117915243270582,0.38210631225623803,-0.3032292506598019,0.008908503106410984
-0.045797369660867095,4.583922077989657,0.6694021290381201,0.023551260303588877,0.018487034008586457,-0.7248325297261115,0.6882741979491352,0.0012032808416410391,0.04763287346322941,-0.048837473969843496,-1.4479734785514726,0.57664704048744,-0.36302288457759424,-0.03126065678884866,1.4325267416753247,0.6101387127411145,0.31662918133975576,0.02094871575870613,-0.08590137279649088,0.021522750762409032,0.23446939126532887,0.3157680040720779,-0.28107478336808145,-0.04178470228550443,-0.1627840191485636,-0.021628601247352802,-0.1713439329481935,0.3814056679391402,-0.30283892284093533,0.008961725845274259
-0.04575860916702275,4.583999882838399,0.6694141636528547,0.02344315456036876,0.018451225392035902,-0.7248055328900457,0.6883072789661384,0.0011758075657320875,0.04763636394544059,-0.04814002283359316,-1.4477339039816581,0.5750052126153731,-0.3632308982870128,-0.030922320114899957,1.4313879058938224,0.6120612701528364,0.3169275687652407,0.02095775320322491,-0.08591299352901458,0.021607661667434823,0.23443672008514033,0.31592459230192593,-0.28107659037628924,-0.04178208945885223,-0.16233206485908533,-0.021527612359974396,-0.17145871902685023,0.38071452645062465,-0.30244062811606676,0.009011408218708423
-0.04573871500661242,4.584093225981066,0.6694290430868733,0.023317199097613917,0.018410560042141186,-0.7247123287914677,0.6884107785347541,0.0011565887080451317,0.04764493747316429,-0.04765281008890361,-1.4475240054942382,0.5737053338976262,-0.3633675607020298,-0.03054337374644193,1.4304092181423302,0.6136202508405565,0.3171046502344911,0.02081137804190814,-0.08594335660964689,0.021722161151682164,0.23435118140741953,0.3161591272751275,-0.28109324004046027,-0.04172392363508387,-0.16182560201987634,-0.021397386421617395,-0.17159471295767129,0.37998121470710694,-0.30202432335476076,0.00906152652895476
-0.04571308638055083,4.5841859992027985,0.6694435202769206,0.02320885158692832,0.01835671848191774,-0.7246299452194226,0.6885025944656198,0.0011392683001110247,0.04765334096102693,-0.04720404612163776,-1.447332091742329,0.5725169330787034,-0.36357603876620387,-0.030150727563795072,1.4294872364155948,0.6152318337535199,0.3171033920855292,0.020756612295416064,-0.08603389141053096,0.02178179065966816,0.23419087348004788,0.31644756811096536,-0.2810796210697186,-0.04156976759736837,-0.16132477683663324,-0.021320459334612536,-0.1717440385543981,0.37923259396654263,-0.30158418572132006,0.009083376679503838
-0.04569278489717824,4.584301938141822,0.6694573512872215,0.02307334533774346,0.01830697689127013,-0.7244597795591637,0.6886875221267749,0.0011328887057428427,0.047652214965689436,-0.0470784729364699,-1.4472285626878845,0.5717321248172118,-0.36355184715692934,-0.029824740618060164,1.4287986376864832,0.6165796613226787,0.3167615626814499,0.020474818213312842,-0.08615600470034392,0.021880489691429163,0.23397524008859258,0.3168284282384691,-0.28108838648949125,-0.041357804357154485,-0.16076937568601896,-0.021203685007580585,-0.17190459734948174,0.3784117303192565,-0.30110138469638786,0.00909500720571416
-0.045651618375336274,4.58439718245633,0.6694810619800736,0.022997404173647443,0.018247850652816113,-0.7244695427865125,0.6886813609518769,0.0011149199959766512,0.047653426470360846,-0.0465238713047135,-1.4470173498711305,0.5704080939941548,-0.363989562487536,-0.029528125885513814,1.4279951402985187,0.6182533426647345,0.316556656290312,0.020706959557779073,-0.08631207161900437,0.02185396060833605,0.23377109688638598,0.317143817964198,-0.2810554448330191,-0.0411224925345732,-0.16029046087443757,-0.02120341784223908,-0.17204743460101243,0.3776086336377701,-0.30062462539028634,0.009114879234700403
-0.045614691681512866,4.584499410256634,0.6694957086782353,0.02292381716043638,0.018199382997683856,-0.7244226326375395,0.6887344411221181,0.0011060658715857893,0.04766302487683127,-0.046124424682998225,-1.4468221248093176,0.5692675853986783,-0.3643975797464502,-0.029115826285207966,1.4272538239323311,0.6189329846477342,0.31654148179458036,0.0207587919514984,-0.08645472118815882,0.021837255482054795,0.23357655836669375,0.3174071974571461,-0.2810329576619953,-0.040944984330406324,-0.1598369790480871,-0.02119521061929572,-0.17222244628935396,0.3768295463891727,-0.3001875630792011,0.009175413254636366
-0.04557279587388446,4.5846126802249465,0.6695191219301864,0.022867951002460814,0.018162587797347782,-0.7243916587223358,0.6887698468973196,0.001102019845895359,0.04768941243541965,-0.045704798025092086,-1.4466272771313906,0.5681334673711189,-0.36489937878094875,-0.028713014549002092,1.4266062710985252,0.6183846914346645,0.31667322762507033,0.020802181772415187,-0.08658514393298848,0.021799254128496072,0.23343169244268833,0.31756634307699655,-0.28100013046346123,-0.04086627973729137,-0.15943453799564308,-0.021206527803486246,-0.17241829616669402,0.37605109495547134,-0.29976870174246734,0.009306535327714164
-0.045543337893362706,4.584688280195054,0.6695388982930502,0.0228250563586507,0.018130045081204457,-0.7243536489269413,0.6888121003247581,0.0011007199295394844,0.04778222249843249,-0.0451639388349002,-1.4463779120237406,0.5669321852245541,-0.36569263942466906,-0.02815264376210448,1.4260185173065063,0.6166272419916496,0.3170600519886319,0.020809019602621937,-0.08669716612515431,0.021751576503812996,0.23329220534868758,0.3176900058023929,-0.2809642499711079,-0.04084817640548167,-0.1589712834286511,-0.02122050233597856,-0.17266237047555416,0.3751663650469233,-0.29929665810959066,0.009515511444970438
-0.04553292081058671,4.584740411668809,0.6695658517346246,0.022799587197506993,0.01810811286339394,-0.7242516043823183,0.6889208144785506,0.0011112021803386233,0.04791101017232755,-0.04473840108210264,-1.4461330702071449,0.566094365537767,-0.3664205500633792,-0.027386489008670294,1.4254110657999697,0.6143938458388386,0.31771535583648897,0.020600660976427286,-0.08677267003801213,0.02169709645115565,0.2331948019917406,0.3177077796066237,-0.28089917980809226,-0.040848534284129843,-0.15858427842125955,-0.02123265752818201,-0.17285984969754314,0.37436573424452,-0.2988878405763268,0.009710763217083834
-0.0455179459208606,4.584803435250433,0.6695946721847156,0.022756950467352547,0.01807352215766812,-0.7241327237550204,0.6890480878642503,0.0011273467993318962,0.04804878160410153,-0.044396101577743055,-1.445941352651396,0.5653419616055566,-0.36698075341125436,-0.026625446053377917,1.4248689237333287,0.6126112133036035,0.318329653856264,0.020336647728231762,-0.08677429194476508,0.021639565403090907,0.233105813072908,0.3176753286749854,-0.2808142591009851,-0.040808334260787435,-0.15812482226865562,-0.021225078887107934,-0.17299347257845057,0.3735009165004187,-0.29844449337520423,0.00985905678775928
-0.045492281433023536,4.584864605655193,0.66961795428154,0.022676315934391063,0.018028157425885913,-0.7240117211619858,0.6891790753175343,0.001139834725420883,0.04811862337096247,-0.044090047125276415,-1.4458101124320748,0.5646395840238406,-0.36734629265596047,-0.025894534966533066,1.4244721140662966,0.6115267257246231,0.3187935329889044,0.020051891004320522,-0.0866766557278883,0.02160003259373204,0.23303595950618114,0.31763565530544063,-0.28075400569138265,-0.040710442339431545,-0.15759348098290427,-0.021180485780726968,-0.17301563689576926,0.37264739801172536,-0.29802831153444437,0.0099359944368485
-0.04548082718716344,4.58491006022516,0.6696346605140888,0.02256543472439154,0.01795155465874636,-0.7238958152262317,0.689306456910846,0.0011543577571493404,0.04818506537546455,-0.04372243933159887,-1.445663266616525,0.5638741275630289,-0.36771379519842134,-0.02514870664943772,1.4242613376567135,0.610662567954872,0.31921779908426173,0.01976622181408303,-0.08642562684454926,0.021575356245589785,0.23297261356386673,0.3175260918854315,-0.28067235009229047,-0.040569960342354834,-0.15685905228545902,-0.021082263011350917,-0.17297570406121696,0.3716026058117055,-0.29750811050999504,0.009983570314347755
-0.0454578253120436,4.58497351611785,0.6696520586583503,0.022475049318815814,0.01789200181708004,-0.7237644102004591,0.6894489299116195,0.0011727021447703054,0.0482529081762079,-0.04344421071666734,-1.4455557751101542,0.5631321307556508,-0.3680173683630024,-0.024402142422921456,1.4240853856392062,0.6099429817762274,0.3196665853190149,0.019432624780965385,-0.08622392491444116,0.021533454038083537,0.23291872193907384,0.31738021730870736,-0.2805755548279952,-0.040422793274180656,-0.15617928523274102,-0.02099272686893018,-0.17292166044599216,0.3705366523151987,-0.2969771267714313,0.01001500010736863
-0.04542501779060715,4.585030513862947,0.6696760399486765,0.022395302964882513,0.017847433063092687,-0.7236290152180571,0.6895947852708253,0.001194530144875044,0.04832224221365533,-0.04320210718251134,-1.4454733524994483,0.5626023536468994,-0.3682848621608639,-0.023668885255798112,1.4239724941508656,0.6095942642454887,0.3200861536458734,0.01908861552438189,-0.08603842230442994,0.021462900612870515,0.23287011023888662,0.31717961067698686,-0.28044260411542804,-0.04028596272259098,-0.15561616164482994,-0.02095020950677072,-0.1729127894011661,0.369622579252104,-0.2964838368600209,0.010063376002989226
-0.04539216067653104,4.585116554507845,0.669699760366642,0.022367003607706635,0.017826626560803544,-0.7234650277627617,0.6897682814824863,0.0012204176810551625,0.0483909684675534,-0.04313554692056061,-1.4454047551382045,0.5623779072708095,-0.36845470101085953,-0.0231056697387673,1.423917932951795,0.6096155503379524,0.3203288658093083,0.018662465543646787,-0.0859979527335273,0.021344042676199097,0.2328355777030382,0.31694742284498456,-0.2802612516010287,-0.040172713561826376,-0.15535789561427138,-0.02099453737188047,-0.1729631598234259,0.3690138358139251,-0.2960955779512879,0.010135476296401541
-0.04535231500891886,4.58518716526756,0.6697331697662341,0.022336788699122614,0.01778327440786329,-0.7233717076280844,0.6898682451201649,0.0012422597415529348,0.04846041833117091,-0.04296863611296339,-1.4453582505792164,0.5621860456314448,-0.36862213199703553,-0.02255880523953278,1.423905122175924,0.6104859740226181,0.3204971564284932,0.018465426908929793,-0.08586323739464465,0.02117880540514745,0.23278427238720445,0.3166073321487123,-0.2800097944222728,-0.04007415032657657,-0.15509229917684036,-0.021095423662136393,-0.17307565052527463,0.36849973372855155,-0.29574291145963144,0.010220139258328601
-0.045309153270273364,4.585260970686095,0.6697597210496757,0.022321764304098053,0.017745985380623552,-0.7233009191006079,0.6899439102343322,0.0012632507497173592,0.048526096636311924,-0.04283718010454647,-1.4453391032003513,0.561996111327451,-0.3687511476919246,-0.022119655351850082,1.4239267657571415,0.6116933966735426,0.32057149917749345,0.018330546034250578,-0.0857524307347914,0.020979273952900064,0.23274263106118984,0.3162339341510057,-0.2797354640262792,-0.03997491955811582,-0.1549363095336941,-0.02124040427920647,-0.17319418682922066,0.36811570430246837,-0.2954385137014875,0.010315294227606972
